row,Number_of_Priors,risk_change_from_min,run,feature_set
790,0.0,0.0,holdout,race_aware
1489,0.0,0.0,holdout,race_aware
4093,0.0,0.0,holdout,race_aware
5632,0.0,0.0,holdout,race_aware
1352,0.0,0.0,holdout,race_aware
4429,0.0,0.0,holdout,race_aware
5095,0.0,0.0,holdout,race_aware
4032,0.0,0.0,holdout,race_aware
4065,0.0,0.0,holdout,race_aware
4797,0.0,0.0,holdout,race_aware
6123,0.0,0.0,holdout,race_aware
3446,0.0,0.0,holdout,race_aware
4971,0.0,0.0,holdout,race_aware
4245,0.0,0.0,holdout,race_aware
3343,0.0,0.0,holdout,race_aware
5621,0.0,0.0,holdout,race_aware
3470,0.0,0.0,holdout,race_aware
1157,0.0,0.0,holdout,race_aware
3104,0.0,0.0,holdout,race_aware
4619,0.0,0.0,holdout,race_aware
2652,0.0,0.0,holdout,race_aware
2662,0.0,0.0,holdout,race_aware
612,0.0,0.0,holdout,race_aware
2761,0.0,0.0,holdout,race_aware
1900,0.0,0.0,holdout,race_aware
4463,0.0,0.0,holdout,race_aware
1893,0.0,0.0,holdout,race_aware
1296,0.0,0.0,holdout,race_aware
5574,0.0,0.0,holdout,race_aware
5177,0.0,0.0,holdout,race_aware
5195,0.0,0.0,holdout,race_aware
5769,0.0,0.0,holdout,race_aware
3033,0.0,0.0,holdout,race_aware
3665,0.0,0.0,holdout,race_aware
4729,0.0,0.0,holdout,race_aware
3341,0.0,0.0,holdout,race_aware
5904,0.0,0.0,holdout,race_aware
6127,0.0,0.0,holdout,race_aware
3636,0.0,0.0,holdout,race_aware
1151,0.0,0.0,holdout,race_aware
1731,0.0,0.0,holdout,race_aware
355,0.0,0.0,holdout,race_aware
1246,0.0,0.0,holdout,race_aware
1635,0.0,0.0,holdout,race_aware
4426,0.0,0.0,holdout,race_aware
994,0.0,0.0,holdout,race_aware
5939,0.0,0.0,holdout,race_aware
649,0.0,0.0,holdout,race_aware
3939,0.0,0.0,holdout,race_aware
1410,0.0,0.0,holdout,race_aware
5520,0.0,0.0,holdout,race_aware
4342,0.0,0.0,holdout,race_aware
4468,0.0,0.0,holdout,race_aware
1551,0.0,0.0,holdout,race_aware
3687,0.0,0.0,holdout,race_aware
5611,0.0,0.0,holdout,race_aware
4332,0.0,0.0,holdout,race_aware
5243,0.0,0.0,holdout,race_aware
3401,0.0,0.0,holdout,race_aware
214,0.0,0.0,holdout,race_aware
4927,0.0,0.0,holdout,race_aware
1154,0.0,0.0,holdout,race_aware
2524,0.0,0.0,holdout,race_aware
1013,0.0,0.0,holdout,race_aware
803,0.0,0.0,holdout,race_aware
566,0.0,0.0,holdout,race_aware
3204,0.0,0.0,holdout,race_aware
101,0.0,0.0,holdout,race_aware
3077,0.0,0.0,holdout,race_aware
4774,0.0,0.0,holdout,race_aware
2439,0.0,0.0,holdout,race_aware
902,0.0,0.0,holdout,race_aware
1935,0.0,0.0,holdout,race_aware
2181,0.0,0.0,holdout,race_aware
3141,0.0,0.0,holdout,race_aware
351,0.0,0.0,holdout,race_aware
2054,0.0,0.0,holdout,race_aware
5313,0.0,0.0,holdout,race_aware
5957,0.0,0.0,holdout,race_aware
1568,0.0,0.0,holdout,race_aware
3587,0.0,0.0,holdout,race_aware
2320,0.0,0.0,holdout,race_aware
3479,0.0,0.0,holdout,race_aware
5242,0.0,0.0,holdout,race_aware
1375,0.0,0.0,holdout,race_aware
4964,0.0,0.0,holdout,race_aware
782,0.0,0.0,holdout,race_aware
2029,0.0,0.0,holdout,race_aware
4491,0.0,0.0,holdout,race_aware
1391,0.0,0.0,holdout,race_aware
2487,0.0,0.0,holdout,race_aware
2086,0.0,0.0,holdout,race_aware
2826,0.0,0.0,holdout,race_aware
4411,0.0,0.0,holdout,race_aware
1965,0.0,0.0,holdout,race_aware
3091,0.0,0.0,holdout,race_aware
677,0.0,0.0,holdout,race_aware
1136,0.0,0.0,holdout,race_aware
426,0.0,0.0,holdout,race_aware
2846,0.0,0.0,holdout,race_aware
790,0.767894736842104,0.0587337,holdout,race_aware
1489,0.767894736842104,0.044106483,holdout,race_aware
4093,0.767894736842104,0.044106483,holdout,race_aware
5632,0.767894736842104,0.05990751,holdout,race_aware
1352,0.767894736842104,0.08479455,holdout,race_aware
4429,0.767894736842104,0.07025379,holdout,race_aware
5095,0.767894736842104,0.10370782,holdout,race_aware
4032,0.767894736842104,0.040549606,holdout,race_aware
4065,0.767894736842104,0.06465006,holdout,race_aware
4797,0.767894736842104,0.07138413,holdout,race_aware
6123,0.767894736842104,0.07987887,holdout,race_aware
3446,0.767894736842104,0.07138413,holdout,race_aware
4971,0.767894736842104,0.0587337,holdout,race_aware
4245,0.767894736842104,0.07025379,holdout,race_aware
3343,0.767894736842104,0.0388788,holdout,race_aware
5621,0.767894736842104,0.037840515,holdout,race_aware
3470,0.767894736842104,0.061600894,holdout,race_aware
1157,0.767894736842104,0.05990751,holdout,race_aware
3104,0.767894736842104,0.10419297,holdout,race_aware
4619,0.767894736842104,0.103153676,holdout,race_aware
2652,0.767894736842104,0.040549606,holdout,race_aware
2662,0.767894736842104,0.0388788,holdout,race_aware
612,0.767894736842104,0.10419297,holdout,race_aware
2761,0.767894736842104,0.0986861,holdout,race_aware
1900,0.767894736842104,0.042414173,holdout,race_aware
4463,0.767894736842104,0.07025379,holdout,race_aware
1893,0.767894736842104,0.0388788,holdout,race_aware
1296,0.767894736842104,0.07123788,holdout,race_aware
5574,0.767894736842104,0.048222363,holdout,race_aware
5177,0.767894736842104,0.1330395,holdout,race_aware
5195,0.767894736842104,0.07987887,holdout,race_aware
5769,0.767894736842104,0.07987887,holdout,race_aware
3033,0.767894736842104,0.042414173,holdout,race_aware
3665,0.767894736842104,0.11465746,holdout,race_aware
4729,0.767894736842104,0.103153676,holdout,race_aware
3341,0.767894736842104,0.07025379,holdout,race_aware
5904,0.767894736842104,0.07025379,holdout,race_aware
6127,0.767894736842104,0.061600894,holdout,race_aware
3636,0.767894736842104,0.10419297,holdout,race_aware
1151,0.767894736842104,0.09075734,holdout,race_aware
1731,0.767894736842104,0.07987887,holdout,race_aware
355,0.767894736842104,0.042414173,holdout,race_aware
1246,0.767894736842104,0.11465746,holdout,race_aware
1635,0.767894736842104,0.043197453,holdout,race_aware
4426,0.767894736842104,0.07025379,holdout,race_aware
994,0.767894736842104,0.06465006,holdout,race_aware
5939,0.767894736842104,0.07025379,holdout,race_aware
649,0.767894736842104,0.07987887,holdout,race_aware
3939,0.767894736842104,0.0587337,holdout,race_aware
1410,0.767894736842104,0.0388788,holdout,race_aware
5520,0.767894736842104,0.040549606,holdout,race_aware
4342,0.767894736842104,0.10370782,holdout,race_aware
4468,0.767894736842104,0.11465746,holdout,race_aware
1551,0.767894736842104,0.0388788,holdout,race_aware
3687,0.767894736842104,0.11465746,holdout,race_aware
5611,0.767894736842104,0.103153676,holdout,race_aware
4332,0.767894736842104,0.043197453,holdout,race_aware
5243,0.767894736842104,0.040549606,holdout,race_aware
3401,0.767894736842104,0.07138413,holdout,race_aware
214,0.767894736842104,0.07339953,holdout,race_aware
4927,0.767894736842104,0.11465746,holdout,race_aware
1154,0.767894736842104,0.044106483,holdout,race_aware
2524,0.767894736842104,0.09829572,holdout,race_aware
1013,0.767894736842104,0.044106483,holdout,race_aware
803,0.767894736842104,0.0587337,holdout,race_aware
566,0.767894736842104,0.06991793,holdout,race_aware
3204,0.767894736842104,0.05990751,holdout,race_aware
101,0.767894736842104,0.07987887,holdout,race_aware
3077,0.767894736842104,0.0587337,holdout,race_aware
4774,0.767894736842104,0.06558533,holdout,race_aware
2439,0.767894736842104,0.09707406,holdout,race_aware
902,0.767894736842104,0.040549606,holdout,race_aware
1935,0.767894736842104,0.1330395,holdout,race_aware
2181,0.767894736842104,0.07987887,holdout,race_aware
3141,0.767894736842104,0.0388788,holdout,race_aware
351,0.767894736842104,0.07987887,holdout,race_aware
2054,0.767894736842104,0.07987887,holdout,race_aware
5313,0.767894736842104,0.061600894,holdout,race_aware
5957,0.767894736842104,0.05990751,holdout,race_aware
1568,0.767894736842104,0.0587337,holdout,race_aware
3587,0.767894736842104,0.040549606,holdout,race_aware
2320,0.767894736842104,0.11465746,holdout,race_aware
3479,0.767894736842104,0.11465746,holdout,race_aware
5242,0.767894736842104,0.11465746,holdout,race_aware
1375,0.767894736842104,0.07025379,holdout,race_aware
4964,0.767894736842104,0.11465746,holdout,race_aware
782,0.767894736842104,0.0587337,holdout,race_aware
2029,0.767894736842104,0.037840515,holdout,race_aware
4491,0.767894736842104,0.040549606,holdout,race_aware
1391,0.767894736842104,0.0388788,holdout,race_aware
2487,0.767894736842104,0.07987887,holdout,race_aware
2086,0.767894736842104,0.10370782,holdout,race_aware
2826,0.767894736842104,0.07987887,holdout,race_aware
4411,0.767894736842104,0.07123788,holdout,race_aware
1965,0.767894736842104,0.07987887,holdout,race_aware
3091,0.767894736842104,0.057184458,holdout,race_aware
677,0.767894736842104,0.10419297,holdout,race_aware
1136,0.767894736842104,0.040549606,holdout,race_aware
426,0.767894736842104,0.0388788,holdout,race_aware
2846,0.767894736842104,0.0358197,holdout,race_aware
790,1.535789473684208,0.10707015,holdout,race_aware
1489,1.535789473684208,0.08644882,holdout,race_aware
4093,1.535789473684208,0.08644882,holdout,race_aware
5632,1.535789473684208,0.1185772,holdout,race_aware
1352,1.535789473684208,0.16713431,holdout,race_aware
4429,1.535789473684208,0.13461661,holdout,race_aware
5095,1.535789473684208,0.1615769,holdout,race_aware
4032,1.535789473684208,0.07329948,holdout,race_aware
4065,1.535789473684208,0.114568174,holdout,race_aware
4797,1.535789473684208,0.1370798,holdout,race_aware
6123,1.535789473684208,0.15886146,holdout,race_aware
3446,1.535789473684208,0.1370798,holdout,race_aware
4971,1.535789473684208,0.10707015,holdout,race_aware
4245,1.535789473684208,0.13461661,holdout,race_aware
3343,1.535789473684208,0.07172486,holdout,race_aware
5621,1.535789473684208,0.07114662,holdout,race_aware
3470,1.535789473684208,0.12119463,holdout,race_aware
1157,1.535789473684208,0.1185772,holdout,race_aware
3104,1.535789473684208,0.18343037,holdout,race_aware
4619,1.535789473684208,0.19573846,holdout,race_aware
2652,1.535789473684208,0.07329948,holdout,race_aware
2662,1.535789473684208,0.07172486,holdout,race_aware
612,1.535789473684208,0.18343037,holdout,race_aware
2761,1.535789473684208,0.1742943,holdout,race_aware
1900,1.535789473684208,0.070671916,holdout,race_aware
4463,1.535789473684208,0.13461661,holdout,race_aware
1893,1.535789473684208,0.07172486,holdout,race_aware
1296,1.535789473684208,0.1411451,holdout,race_aware
5574,1.535789473684208,0.096627295,holdout,race_aware
5177,1.535789473684208,0.21508947,holdout,race_aware
5195,1.535789473684208,0.15886146,holdout,race_aware
5769,1.535789473684208,0.15886146,holdout,race_aware
3033,1.535789473684208,0.070671916,holdout,race_aware
3665,1.535789473684208,0.19447082,holdout,race_aware
4729,1.535789473684208,0.19573846,holdout,race_aware
3341,1.535789473684208,0.13461661,holdout,race_aware
5904,1.535789473684208,0.13461661,holdout,race_aware
6127,1.535789473684208,0.12119463,holdout,race_aware
3636,1.535789473684208,0.18343037,holdout,race_aware
1151,1.535789473684208,0.17637101,holdout,race_aware
1731,1.535789473684208,0.15886146,holdout,race_aware
355,1.535789473684208,0.070671916,holdout,race_aware
1246,1.535789473684208,0.19447082,holdout,race_aware
1635,1.535789473684208,0.08435984,holdout,race_aware
4426,1.535789473684208,0.13461661,holdout,race_aware
994,1.535789473684208,0.114568174,holdout,race_aware
5939,1.535789473684208,0.13461661,holdout,race_aware
649,1.535789473684208,0.15886146,holdout,race_aware
3939,1.535789473684208,0.10707015,holdout,race_aware
1410,1.535789473684208,0.07172486,holdout,race_aware
5520,1.535789473684208,0.07329948,holdout,race_aware
4342,1.535789473684208,0.1615769,holdout,race_aware
4468,1.535789473684208,0.19447082,holdout,race_aware
1551,1.535789473684208,0.07172486,holdout,race_aware
3687,1.535789473684208,0.19447082,holdout,race_aware
5611,1.535789473684208,0.19573846,holdout,race_aware
4332,1.535789473684208,0.08435984,holdout,race_aware
5243,1.535789473684208,0.07329948,holdout,race_aware
3401,1.535789473684208,0.1370798,holdout,race_aware
214,1.535789473684208,0.14407904,holdout,race_aware
4927,1.535789473684208,0.19447082,holdout,race_aware
1154,1.535789473684208,0.08644882,holdout,race_aware
2524,1.535789473684208,0.15797225,holdout,race_aware
1013,1.535789473684208,0.08644882,holdout,race_aware
803,1.535789473684208,0.10707015,holdout,race_aware
566,1.535789473684208,0.13524146,holdout,race_aware
3204,1.535789473684208,0.1185772,holdout,race_aware
101,1.535789473684208,0.15886146,holdout,race_aware
3077,1.535789473684208,0.10707015,holdout,race_aware
4774,1.535789473684208,0.12290262,holdout,race_aware
2439,1.535789473684208,0.16659978,holdout,race_aware
902,1.535789473684208,0.07329948,holdout,race_aware
1935,1.535789473684208,0.21508947,holdout,race_aware
2181,1.535789473684208,0.15886146,holdout,race_aware
3141,1.535789473684208,0.07172486,holdout,race_aware
351,1.535789473684208,0.15886146,holdout,race_aware
2054,1.535789473684208,0.15886146,holdout,race_aware
5313,1.535789473684208,0.12119463,holdout,race_aware
5957,1.535789473684208,0.1185772,holdout,race_aware
1568,1.535789473684208,0.10707015,holdout,race_aware
3587,1.535789473684208,0.07329948,holdout,race_aware
2320,1.535789473684208,0.19447082,holdout,race_aware
3479,1.535789473684208,0.19447082,holdout,race_aware
5242,1.535789473684208,0.19447082,holdout,race_aware
1375,1.535789473684208,0.13461661,holdout,race_aware
4964,1.535789473684208,0.19447082,holdout,race_aware
782,1.535789473684208,0.10707015,holdout,race_aware
2029,1.535789473684208,0.07114662,holdout,race_aware
4491,1.535789473684208,0.07329948,holdout,race_aware
1391,1.535789473684208,0.07172486,holdout,race_aware
2487,1.535789473684208,0.15886146,holdout,race_aware
2086,1.535789473684208,0.1615769,holdout,race_aware
2826,1.535789473684208,0.15886146,holdout,race_aware
4411,1.535789473684208,0.1411451,holdout,race_aware
1965,1.535789473684208,0.15886146,holdout,race_aware
3091,1.535789473684208,0.112145245,holdout,race_aware
677,1.535789473684208,0.18343037,holdout,race_aware
1136,1.535789473684208,0.07329948,holdout,race_aware
426,1.535789473684208,0.07172486,holdout,race_aware
2846,1.535789473684208,0.06471897,holdout,race_aware
790,2.303684210526312,0.18474364,holdout,race_aware
1489,2.303684210526312,0.14283293,holdout,race_aware
4093,2.303684210526312,0.14283293,holdout,race_aware
5632,2.303684210526312,0.19626836,holdout,race_aware
1352,2.303684210526312,0.25939274,holdout,race_aware
4429,2.303684210526312,0.22063756,holdout,race_aware
5095,2.303684210526312,0.22516856,holdout,race_aware
4032,2.303684210526312,0.1276023,holdout,race_aware
4065,2.303684210526312,0.18578404,holdout,race_aware
4797,2.303684210526312,0.21414447,holdout,race_aware
6123,2.303684210526312,0.25228584,holdout,race_aware
3446,2.303684210526312,0.21414447,holdout,race_aware
4971,2.303684210526312,0.18474364,holdout,race_aware
4245,2.303684210526312,0.22063756,holdout,race_aware
3343,2.303684210526312,0.11742626,holdout,race_aware
5621,2.303684210526312,0.11152363,holdout,race_aware
3470,2.303684210526312,0.19401336,holdout,race_aware
1157,2.303684210526312,0.19626836,holdout,race_aware
3104,2.303684210526312,0.25511873,holdout,race_aware
4619,2.303684210526312,0.27648827,holdout,race_aware
2652,2.303684210526312,0.1276023,holdout,race_aware
2662,2.303684210526312,0.11742626,holdout,race_aware
612,2.303684210526312,0.25511873,holdout,race_aware
2761,2.303684210526312,0.25649917,holdout,race_aware
1900,2.303684210526312,0.108699664,holdout,race_aware
4463,2.303684210526312,0.22063756,holdout,race_aware
1893,2.303684210526312,0.11742626,holdout,race_aware
1296,2.303684210526312,0.21932606,holdout,race_aware
5574,2.303684210526312,0.15759245,holdout,race_aware
5177,2.303684210526312,0.28317115,holdout,race_aware
5195,2.303684210526312,0.25228584,holdout,race_aware
5769,2.303684210526312,0.25228584,holdout,race_aware
3033,2.303684210526312,0.108699664,holdout,race_aware
3665,2.303684210526312,0.2606976,holdout,race_aware
4729,2.303684210526312,0.27648827,holdout,race_aware
3341,2.303684210526312,0.22063756,holdout,race_aware
5904,2.303684210526312,0.22063756,holdout,race_aware
6127,2.303684210526312,0.19401336,holdout,race_aware
3636,2.303684210526312,0.25511873,holdout,race_aware
1151,2.303684210526312,0.26533446,holdout,race_aware
1731,2.303684210526312,0.25228584,holdout,race_aware
355,2.303684210526312,0.108699664,holdout,race_aware
1246,2.303684210526312,0.2606976,holdout,race_aware
1635,2.303684210526312,0.13432884,holdout,race_aware
4426,2.303684210526312,0.22063756,holdout,race_aware
994,2.303684210526312,0.18578404,holdout,race_aware
5939,2.303684210526312,0.22063756,holdout,race_aware
649,2.303684210526312,0.25228584,holdout,race_aware
3939,2.303684210526312,0.18474364,holdout,race_aware
1410,2.303684210526312,0.11742626,holdout,race_aware
5520,2.303684210526312,0.1276023,holdout,race_aware
4342,2.303684210526312,0.22516856,holdout,race_aware
4468,2.303684210526312,0.2606976,holdout,race_aware
1551,2.303684210526312,0.11742626,holdout,race_aware
3687,2.303684210526312,0.2606976,holdout,race_aware
5611,2.303684210526312,0.27648827,holdout,race_aware
4332,2.303684210526312,0.13432884,holdout,race_aware
5243,2.303684210526312,0.1276023,holdout,race_aware
3401,2.303684210526312,0.21414447,holdout,race_aware
214,2.303684210526312,0.23011987,holdout,race_aware
4927,2.303684210526312,0.2606976,holdout,race_aware
1154,2.303684210526312,0.14283293,holdout,race_aware
2524,2.303684210526312,0.21132657,holdout,race_aware
1013,2.303684210526312,0.14283293,holdout,race_aware
803,2.303684210526312,0.18474364,holdout,race_aware
566,2.303684210526312,0.21896558,holdout,race_aware
3204,2.303684210526312,0.19626836,holdout,race_aware
101,2.303684210526312,0.25228584,holdout,race_aware
3077,2.303684210526312,0.18474364,holdout,race_aware
4774,2.303684210526312,0.18495865,holdout,race_aware
2439,2.303684210526312,0.24094576,holdout,race_aware
902,2.303684210526312,0.1276023,holdout,race_aware
1935,2.303684210526312,0.28317115,holdout,race_aware
2181,2.303684210526312,0.25228584,holdout,race_aware
3141,2.303684210526312,0.11742626,holdout,race_aware
351,2.303684210526312,0.25228584,holdout,race_aware
2054,2.303684210526312,0.25228584,holdout,race_aware
5313,2.303684210526312,0.19401336,holdout,race_aware
5957,2.303684210526312,0.19626836,holdout,race_aware
1568,2.303684210526312,0.18474364,holdout,race_aware
3587,2.303684210526312,0.1276023,holdout,race_aware
2320,2.303684210526312,0.2606976,holdout,race_aware
3479,2.303684210526312,0.2606976,holdout,race_aware
5242,2.303684210526312,0.2606976,holdout,race_aware
1375,2.303684210526312,0.22063756,holdout,race_aware
4964,2.303684210526312,0.2606976,holdout,race_aware
782,2.303684210526312,0.18474364,holdout,race_aware
2029,2.303684210526312,0.11152363,holdout,race_aware
4491,2.303684210526312,0.1276023,holdout,race_aware
1391,2.303684210526312,0.11742626,holdout,race_aware
2487,2.303684210526312,0.25228584,holdout,race_aware
2086,2.303684210526312,0.22516856,holdout,race_aware
2826,2.303684210526312,0.25228584,holdout,race_aware
4411,2.303684210526312,0.21932606,holdout,race_aware
1965,2.303684210526312,0.25228584,holdout,race_aware
3091,2.303684210526312,0.17907965,holdout,race_aware
677,2.303684210526312,0.25511873,holdout,race_aware
1136,2.303684210526312,0.1276023,holdout,race_aware
426,2.303684210526312,0.11742626,holdout,race_aware
2846,2.303684210526312,0.09683203,holdout,race_aware
790,3.071578947368416,0.25391775,holdout,race_aware
1489,3.071578947368416,0.19502905,holdout,race_aware
4093,3.071578947368416,0.19502905,holdout,race_aware
5632,3.071578947368416,0.24643998,holdout,race_aware
1352,3.071578947368416,0.31732088,holdout,race_aware
4429,3.071578947368416,0.28114069,holdout,race_aware
5095,3.071578947368416,0.26123753,holdout,race_aware
4032,3.071578947368416,0.17243154,holdout,race_aware
4065,3.071578947368416,0.24754491,holdout,race_aware
4797,3.071578947368416,0.26405647,holdout,race_aware
6123,3.071578947368416,0.30925512,holdout,race_aware
3446,3.071578947368416,0.26405647,holdout,race_aware
4971,3.071578947368416,0.25391775,holdout,race_aware
4245,3.071578947368416,0.28114069,holdout,race_aware
3343,3.071578947368416,0.15810256,holdout,race_aware
5621,3.071578947368416,0.1444653,holdout,race_aware
3470,3.071578947368416,0.24837044,holdout,race_aware
1157,3.071578947368416,0.24643998,holdout,race_aware
3104,3.071578947368416,0.30208683,holdout,race_aware
4619,3.071578947368416,0.32194707,holdout,race_aware
2652,3.071578947368416,0.17243154,holdout,race_aware
2662,3.071578947368416,0.15810256,holdout,race_aware
612,3.071578947368416,0.30208683,holdout,race_aware
2761,3.071578947368416,0.30092287,holdout,race_aware
1900,3.071578947368416,0.14460723,holdout,race_aware
4463,3.071578947368416,0.28114069,holdout,race_aware
1893,3.071578947368416,0.15810256,holdout,race_aware
1296,3.071578947368416,0.2739452,holdout,race_aware
5574,3.071578947368416,0.20874,holdout,race_aware
5177,3.071578947368416,0.31950012,holdout,race_aware
5195,3.071578947368416,0.30925512,holdout,race_aware
5769,3.071578947368416,0.30925512,holdout,race_aware
3033,3.071578947368416,0.14460723,holdout,race_aware
3665,3.071578947368416,0.29410857,holdout,race_aware
4729,3.071578947368416,0.32194707,holdout,race_aware
3341,3.071578947368416,0.28114069,holdout,race_aware
5904,3.071578947368416,0.28114069,holdout,race_aware
6127,3.071578947368416,0.24837044,holdout,race_aware
3636,3.071578947368416,0.30208683,holdout,race_aware
1151,3.071578947368416,0.30855682,holdout,race_aware
1731,3.071578947368416,0.30925512,holdout,race_aware
355,3.071578947368416,0.14460723,holdout,race_aware
1246,3.071578947368416,0.29410857,holdout,race_aware
1635,3.071578947368416,0.18014437,holdout,race_aware
4426,3.071578947368416,0.28114069,holdout,race_aware
994,3.071578947368416,0.24754491,holdout,race_aware
5939,3.071578947368416,0.28114069,holdout,race_aware
649,3.071578947368416,0.30925512,holdout,race_aware
3939,3.071578947368416,0.25391775,holdout,race_aware
1410,3.071578947368416,0.15810256,holdout,race_aware
5520,3.071578947368416,0.17243154,holdout,race_aware
4342,3.071578947368416,0.26123753,holdout,race_aware
4468,3.071578947368416,0.29410857,holdout,race_aware
1551,3.071578947368416,0.15810256,holdout,race_aware
3687,3.071578947368416,0.29410857,holdout,race_aware
5611,3.071578947368416,0.32194707,holdout,race_aware
4332,3.071578947368416,0.18014437,holdout,race_aware
5243,3.071578947368416,0.17243154,holdout,race_aware
3401,3.071578947368416,0.26405647,holdout,race_aware
214,3.071578947368416,0.28527182,holdout,race_aware
4927,3.071578947368416,0.29410857,holdout,race_aware
1154,3.071578947368416,0.19502905,holdout,race_aware
2524,3.071578947368416,0.24457797,holdout,race_aware
1013,3.071578947368416,0.19502905,holdout,race_aware
803,3.071578947368416,0.25391775,holdout,race_aware
566,3.071578947368416,0.27583826,holdout,race_aware
3204,3.071578947368416,0.24643998,holdout,race_aware
101,3.071578947368416,0.30925512,holdout,race_aware
3077,3.071578947368416,0.25391775,holdout,race_aware
4774,3.071578947368416,0.23570429,holdout,race_aware
2439,3.071578947368416,0.28318763,holdout,race_aware
902,3.071578947368416,0.17243154,holdout,race_aware
1935,3.071578947368416,0.31950012,holdout,race_aware
2181,3.071578947368416,0.30925512,holdout,race_aware
3141,3.071578947368416,0.15810256,holdout,race_aware
351,3.071578947368416,0.30925512,holdout,race_aware
2054,3.071578947368416,0.30925512,holdout,race_aware
5313,3.071578947368416,0.24837044,holdout,race_aware
5957,3.071578947368416,0.24643998,holdout,race_aware
1568,3.071578947368416,0.25391775,holdout,race_aware
3587,3.071578947368416,0.17243154,holdout,race_aware
2320,3.071578947368416,0.29410857,holdout,race_aware
3479,3.071578947368416,0.29410857,holdout,race_aware
5242,3.071578947368416,0.29410857,holdout,race_aware
1375,3.071578947368416,0.28114069,holdout,race_aware
4964,3.071578947368416,0.29410857,holdout,race_aware
782,3.071578947368416,0.25391775,holdout,race_aware
2029,3.071578947368416,0.1444653,holdout,race_aware
4491,3.071578947368416,0.17243154,holdout,race_aware
1391,3.071578947368416,0.15810256,holdout,race_aware
2487,3.071578947368416,0.30925512,holdout,race_aware
2086,3.071578947368416,0.26123753,holdout,race_aware
2826,3.071578947368416,0.30925512,holdout,race_aware
4411,3.071578947368416,0.2739452,holdout,race_aware
1965,3.071578947368416,0.30925512,holdout,race_aware
3091,3.071578947368416,0.23560187,holdout,race_aware
677,3.071578947368416,0.30208683,holdout,race_aware
1136,3.071578947368416,0.17243154,holdout,race_aware
426,3.071578947368416,0.15810256,holdout,race_aware
2846,3.071578947368416,0.1242303,holdout,race_aware
790,3.8394736842105197,0.30026403,holdout,race_aware
1489,3.8394736842105197,0.24165294,holdout,race_aware
4093,3.8394736842105197,0.24165294,holdout,race_aware
5632,3.8394736842105197,0.2893024,holdout,race_aware
1352,3.8394736842105197,0.35625798,holdout,race_aware
4429,3.8394736842105197,0.32136625,holdout,race_aware
5095,3.8394736842105197,0.28568515,holdout,race_aware
4032,3.8394736842105197,0.21458109,holdout,race_aware
4065,3.8394736842105197,0.29713544,holdout,race_aware
4797,3.8394736842105197,0.30273607,holdout,race_aware
6123,3.8394736842105197,0.34448332,holdout,race_aware
3446,3.8394736842105197,0.30273607,holdout,race_aware
4971,3.8394736842105197,0.30026403,holdout,race_aware
4245,3.8394736842105197,0.32136625,holdout,race_aware
3343,3.8394736842105197,0.19768368,holdout,race_aware
5621,3.8394736842105197,0.1777367,holdout,race_aware
3470,3.8394736842105197,0.2942428,holdout,race_aware
1157,3.8394736842105197,0.2893024,holdout,race_aware
3104,3.8394736842105197,0.3310423,holdout,race_aware
4619,3.8394736842105197,0.35064635,holdout,race_aware
2652,3.8394736842105197,0.21458109,holdout,race_aware
2662,3.8394736842105197,0.19768368,holdout,race_aware
612,3.8394736842105197,0.3310423,holdout,race_aware
2761,3.8394736842105197,0.33742613,holdout,race_aware
1900,3.8394736842105197,0.17753409,holdout,race_aware
4463,3.8394736842105197,0.32136625,holdout,race_aware
1893,3.8394736842105197,0.19768368,holdout,race_aware
1296,3.8394736842105197,0.31717855,holdout,race_aware
5574,3.8394736842105197,0.25113383,holdout,race_aware
5177,3.8394736842105197,0.3433607,holdout,race_aware
5195,3.8394736842105197,0.34448332,holdout,race_aware
5769,3.8394736842105197,0.34448332,holdout,race_aware
3033,3.8394736842105197,0.17753409,holdout,race_aware
3665,3.8394736842105197,0.319699,holdout,race_aware
4729,3.8394736842105197,0.35064635,holdout,race_aware
3341,3.8394736842105197,0.32136625,holdout,race_aware
5904,3.8394736842105197,0.32136625,holdout,race_aware
6127,3.8394736842105197,0.2942428,holdout,race_aware
3636,3.8394736842105197,0.3310423,holdout,race_aware
1151,3.8394736842105197,0.34307948,holdout,race_aware
1731,3.8394736842105197,0.34448332,holdout,race_aware
355,3.8394736842105197,0.17753409,holdout,race_aware
1246,3.8394736842105197,0.319699,holdout,race_aware
1635,3.8394736842105197,0.22044617,holdout,race_aware
4426,3.8394736842105197,0.32136625,holdout,race_aware
994,3.8394736842105197,0.29713544,holdout,race_aware
5939,3.8394736842105197,0.32136625,holdout,race_aware
649,3.8394736842105197,0.34448332,holdout,race_aware
3939,3.8394736842105197,0.30026403,holdout,race_aware
1410,3.8394736842105197,0.19768368,holdout,race_aware
5520,3.8394736842105197,0.21458109,holdout,race_aware
4342,3.8394736842105197,0.28568515,holdout,race_aware
4468,3.8394736842105197,0.319699,holdout,race_aware
1551,3.8394736842105197,0.19768368,holdout,race_aware
3687,3.8394736842105197,0.319699,holdout,race_aware
5611,3.8394736842105197,0.35064635,holdout,race_aware
4332,3.8394736842105197,0.22044617,holdout,race_aware
5243,3.8394736842105197,0.21458109,holdout,race_aware
3401,3.8394736842105197,0.30273607,holdout,race_aware
214,3.8394736842105197,0.3290574,holdout,race_aware
4927,3.8394736842105197,0.319699,holdout,race_aware
1154,3.8394736842105197,0.24165294,holdout,race_aware
2524,3.8394736842105197,0.2687231,holdout,race_aware
1013,3.8394736842105197,0.24165294,holdout,race_aware
803,3.8394736842105197,0.30026403,holdout,race_aware
566,3.8394736842105197,0.31879187,holdout,race_aware
3204,3.8394736842105197,0.2893024,holdout,race_aware
101,3.8394736842105197,0.34448332,holdout,race_aware
3077,3.8394736842105197,0.30026403,holdout,race_aware
4774,3.8394736842105197,0.27597904,holdout,race_aware
2439,3.8394736842105197,0.31876874,holdout,race_aware
902,3.8394736842105197,0.21458109,holdout,race_aware
1935,3.8394736842105197,0.3433607,holdout,race_aware
2181,3.8394736842105197,0.34448332,holdout,race_aware
3141,3.8394736842105197,0.19768368,holdout,race_aware
351,3.8394736842105197,0.34448332,holdout,race_aware
2054,3.8394736842105197,0.34448332,holdout,race_aware
5313,3.8394736842105197,0.2942428,holdout,race_aware
5957,3.8394736842105197,0.2893024,holdout,race_aware
1568,3.8394736842105197,0.30026403,holdout,race_aware
3587,3.8394736842105197,0.21458109,holdout,race_aware
2320,3.8394736842105197,0.319699,holdout,race_aware
3479,3.8394736842105197,0.319699,holdout,race_aware
5242,3.8394736842105197,0.319699,holdout,race_aware
1375,3.8394736842105197,0.32136625,holdout,race_aware
4964,3.8394736842105197,0.319699,holdout,race_aware
782,3.8394736842105197,0.30026403,holdout,race_aware
2029,3.8394736842105197,0.1777367,holdout,race_aware
4491,3.8394736842105197,0.21458109,holdout,race_aware
1391,3.8394736842105197,0.19768368,holdout,race_aware
2487,3.8394736842105197,0.34448332,holdout,race_aware
2086,3.8394736842105197,0.28568515,holdout,race_aware
2826,3.8394736842105197,0.34448332,holdout,race_aware
4411,3.8394736842105197,0.31717855,holdout,race_aware
1965,3.8394736842105197,0.34448332,holdout,race_aware
3091,3.8394736842105197,0.28673518,holdout,race_aware
677,3.8394736842105197,0.3310423,holdout,race_aware
1136,3.8394736842105197,0.21458109,holdout,race_aware
426,3.8394736842105197,0.19768368,holdout,race_aware
2846,3.8394736842105197,0.15045246,holdout,race_aware
790,4.607368421052624,0.34249195,holdout,race_aware
1489,4.607368421052624,0.28520018,holdout,race_aware
4093,4.607368421052624,0.28520018,holdout,race_aware
5632,4.607368421052624,0.3248607,holdout,race_aware
1352,4.607368421052624,0.388929,holdout,race_aware
4429,4.607368421052624,0.35341787,holdout,race_aware
5095,4.607368421052624,0.30458292,holdout,race_aware
4032,4.607368421052624,0.2539311,holdout,race_aware
4065,4.607368421052624,0.34086666,holdout,race_aware
4797,4.607368421052624,0.3348694,holdout,race_aware
6123,4.607368421052624,0.37266856,holdout,race_aware
3446,4.607368421052624,0.3348694,holdout,race_aware
4971,4.607368421052624,0.34249195,holdout,race_aware
4245,4.607368421052624,0.35341787,holdout,race_aware
3343,4.607368421052624,0.23649825,holdout,race_aware
5621,4.607368421052624,0.21265054,holdout,race_aware
3470,4.607368421052624,0.32934806,holdout,race_aware
1157,4.607368421052624,0.3248607,holdout,race_aware
3104,4.607368421052624,0.3547665,holdout,race_aware
4619,4.607368421052624,0.37417802,holdout,race_aware
2652,4.607368421052624,0.2539311,holdout,race_aware
2662,4.607368421052624,0.23649825,holdout,race_aware
612,4.607368421052624,0.3547665,holdout,race_aware
2761,4.607368421052624,0.36510384,holdout,race_aware
1900,4.607368421052624,0.21606444,holdout,race_aware
4463,4.607368421052624,0.35341787,holdout,race_aware
1893,4.607368421052624,0.23649825,holdout,race_aware
1296,4.607368421052624,0.34904087,holdout,race_aware
5574,4.607368421052624,0.28756863,holdout,race_aware
5177,4.607368421052624,0.36049584,holdout,race_aware
5195,4.607368421052624,0.37266856,holdout,race_aware
5769,4.607368421052624,0.37266856,holdout,race_aware
3033,4.607368421052624,0.21606444,holdout,race_aware
3665,4.607368421052624,0.33576745,holdout,race_aware
4729,4.607368421052624,0.37417802,holdout,race_aware
3341,4.607368421052624,0.35341787,holdout,race_aware
5904,4.607368421052624,0.35341787,holdout,race_aware
6127,4.607368421052624,0.32934806,holdout,race_aware
3636,4.607368421052624,0.3547665,holdout,race_aware
1151,4.607368421052624,0.36724064,holdout,race_aware
1731,4.607368421052624,0.37266856,holdout,race_aware
355,4.607368421052624,0.21606444,holdout,race_aware
1246,4.607368421052624,0.33576745,holdout,race_aware
1635,4.607368421052624,0.25628302,holdout,race_aware
4426,4.607368421052624,0.35341787,holdout,race_aware
994,4.607368421052624,0.34086666,holdout,race_aware
5939,4.607368421052624,0.35341787,holdout,race_aware
649,4.607368421052624,0.37266856,holdout,race_aware
3939,4.607368421052624,0.34249195,holdout,race_aware
1410,4.607368421052624,0.23649825,holdout,race_aware
5520,4.607368421052624,0.2539311,holdout,race_aware
4342,4.607368421052624,0.30458292,holdout,race_aware
4468,4.607368421052624,0.33576745,holdout,race_aware
1551,4.607368421052624,0.23649825,holdout,race_aware
3687,4.607368421052624,0.33576745,holdout,race_aware
5611,4.607368421052624,0.37417802,holdout,race_aware
4332,4.607368421052624,0.25628302,holdout,race_aware
5243,4.607368421052624,0.2539311,holdout,race_aware
3401,4.607368421052624,0.3348694,holdout,race_aware
214,4.607368421052624,0.36254138,holdout,race_aware
4927,4.607368421052624,0.33576745,holdout,race_aware
1154,4.607368421052624,0.28520018,holdout,race_aware
2524,4.607368421052624,0.28809765,holdout,race_aware
1013,4.607368421052624,0.28520018,holdout,race_aware
803,4.607368421052624,0.34249195,holdout,race_aware
566,4.607368421052624,0.35734016,holdout,race_aware
3204,4.607368421052624,0.3248607,holdout,race_aware
101,4.607368421052624,0.37266856,holdout,race_aware
3077,4.607368421052624,0.34249195,holdout,race_aware
4774,4.607368421052624,0.31344634,holdout,race_aware
2439,4.607368421052624,0.34406418,holdout,race_aware
902,4.607368421052624,0.2539311,holdout,race_aware
1935,4.607368421052624,0.36049584,holdout,race_aware
2181,4.607368421052624,0.37266856,holdout,race_aware
3141,4.607368421052624,0.23649825,holdout,race_aware
351,4.607368421052624,0.37266856,holdout,race_aware
2054,4.607368421052624,0.37266856,holdout,race_aware
5313,4.607368421052624,0.32934806,holdout,race_aware
5957,4.607368421052624,0.3248607,holdout,race_aware
1568,4.607368421052624,0.34249195,holdout,race_aware
3587,4.607368421052624,0.2539311,holdout,race_aware
2320,4.607368421052624,0.33576745,holdout,race_aware
3479,4.607368421052624,0.33576745,holdout,race_aware
5242,4.607368421052624,0.33576745,holdout,race_aware
1375,4.607368421052624,0.35341787,holdout,race_aware
4964,4.607368421052624,0.33576745,holdout,race_aware
782,4.607368421052624,0.34249195,holdout,race_aware
2029,4.607368421052624,0.21265054,holdout,race_aware
4491,4.607368421052624,0.2539311,holdout,race_aware
1391,4.607368421052624,0.23649825,holdout,race_aware
2487,4.607368421052624,0.37266856,holdout,race_aware
2086,4.607368421052624,0.30458292,holdout,race_aware
2826,4.607368421052624,0.37266856,holdout,race_aware
4411,4.607368421052624,0.34904087,holdout,race_aware
1965,4.607368421052624,0.37266856,holdout,race_aware
3091,4.607368421052624,0.3269034,holdout,race_aware
677,4.607368421052624,0.3547665,holdout,race_aware
1136,4.607368421052624,0.2539311,holdout,race_aware
426,4.607368421052624,0.23649825,holdout,race_aware
2846,4.607368421052624,0.17782983,holdout,race_aware
790,5.375263157894728,0.37723574,holdout,race_aware
1489,5.375263157894728,0.3178905,holdout,race_aware
4093,5.375263157894728,0.3178905,holdout,race_aware
5632,5.375263157894728,0.3589083,holdout,race_aware
1352,5.375263157894728,0.41241896,holdout,race_aware
4429,5.375263157894728,0.3827883,holdout,race_aware
5095,5.375263157894728,0.32519165,holdout,race_aware
4032,5.375263157894728,0.2893986,holdout,race_aware
4065,5.375263157894728,0.37426415,holdout,race_aware
4797,5.375263157894728,0.3658088,holdout,race_aware
6123,5.375263157894728,0.3988214,holdout,race_aware
3446,5.375263157894728,0.3658088,holdout,race_aware
4971,5.375263157894728,0.37723574,holdout,race_aware
4245,5.375263157894728,0.3827883,holdout,race_aware
3343,5.375263157894728,0.2726001,holdout,race_aware
5621,5.375263157894728,0.24701795,holdout,race_aware
3470,5.375263157894728,0.3623053,holdout,race_aware
1157,5.375263157894728,0.3589083,holdout,race_aware
3104,5.375263157894728,0.3724047,holdout,race_aware
4619,5.375263157894728,0.39641443,holdout,race_aware
2652,5.375263157894728,0.2893986,holdout,race_aware
2662,5.375263157894728,0.2726001,holdout,race_aware
612,5.375263157894728,0.3724047,holdout,race_aware
2761,5.375263157894728,0.38753998,holdout,race_aware
1900,5.375263157894728,0.25385588,holdout,race_aware
4463,5.375263157894728,0.3827883,holdout,race_aware
1893,5.375263157894728,0.2726001,holdout,race_aware
1296,5.375263157894728,0.37537873,holdout,race_aware
5574,5.375263157894728,0.31693164,holdout,race_aware
5177,5.375263157894728,0.3769398,holdout,race_aware
5195,5.375263157894728,0.3988214,holdout,race_aware
5769,5.375263157894728,0.3988214,holdout,race_aware
3033,5.375263157894728,0.25385588,holdout,race_aware
3665,5.375263157894728,0.3517872,holdout,race_aware
4729,5.375263157894728,0.39641443,holdout,race_aware
3341,5.375263157894728,0.3827883,holdout,race_aware
5904,5.375263157894728,0.3827883,holdout,race_aware
6127,5.375263157894728,0.3623053,holdout,race_aware
3636,5.375263157894728,0.3724047,holdout,race_aware
1151,5.375263157894728,0.39188632,holdout,race_aware
1731,5.375263157894728,0.3988214,holdout,race_aware
355,5.375263157894728,0.25385588,holdout,race_aware
1246,5.375263157894728,0.3517872,holdout,race_aware
1635,5.375263157894728,0.28759313,holdout,race_aware
4426,5.375263157894728,0.3827883,holdout,race_aware
994,5.375263157894728,0.37426415,holdout,race_aware
5939,5.375263157894728,0.3827883,holdout,race_aware
649,5.375263157894728,0.3988214,holdout,race_aware
3939,5.375263157894728,0.37723574,holdout,race_aware
1410,5.375263157894728,0.2726001,holdout,race_aware
5520,5.375263157894728,0.2893986,holdout,race_aware
4342,5.375263157894728,0.32519165,holdout,race_aware
4468,5.375263157894728,0.3517872,holdout,race_aware
1551,5.375263157894728,0.2726001,holdout,race_aware
3687,5.375263157894728,0.3517872,holdout,race_aware
5611,5.375263157894728,0.39641443,holdout,race_aware
4332,5.375263157894728,0.28759313,holdout,race_aware
5243,5.375263157894728,0.2893986,holdout,race_aware
3401,5.375263157894728,0.3658088,holdout,race_aware
214,5.375263157894728,0.39208955,holdout,race_aware
4927,5.375263157894728,0.3517872,holdout,race_aware
1154,5.375263157894728,0.3178905,holdout,race_aware
2524,5.375263157894728,0.30834886,holdout,race_aware
1013,5.375263157894728,0.3178905,holdout,race_aware
803,5.375263157894728,0.37723574,holdout,race_aware
566,5.375263157894728,0.3856387,holdout,race_aware
3204,5.375263157894728,0.3589083,holdout,race_aware
101,5.375263157894728,0.3988214,holdout,race_aware
3077,5.375263157894728,0.37723574,holdout,race_aware
4774,5.375263157894728,0.34666383,holdout,race_aware
2439,5.375263157894728,0.3639322,holdout,race_aware
902,5.375263157894728,0.2893986,holdout,race_aware
1935,5.375263157894728,0.3769398,holdout,race_aware
2181,5.375263157894728,0.3988214,holdout,race_aware
3141,5.375263157894728,0.2726001,holdout,race_aware
351,5.375263157894728,0.3988214,holdout,race_aware
2054,5.375263157894728,0.3988214,holdout,race_aware
5313,5.375263157894728,0.3623053,holdout,race_aware
5957,5.375263157894728,0.3589083,holdout,race_aware
1568,5.375263157894728,0.37723574,holdout,race_aware
3587,5.375263157894728,0.2893986,holdout,race_aware
2320,5.375263157894728,0.3517872,holdout,race_aware
3479,5.375263157894728,0.3517872,holdout,race_aware
5242,5.375263157894728,0.3517872,holdout,race_aware
1375,5.375263157894728,0.3827883,holdout,race_aware
4964,5.375263157894728,0.3517872,holdout,race_aware
782,5.375263157894728,0.37723574,holdout,race_aware
2029,5.375263157894728,0.24701795,holdout,race_aware
4491,5.375263157894728,0.2893986,holdout,race_aware
1391,5.375263157894728,0.2726001,holdout,race_aware
2487,5.375263157894728,0.3988214,holdout,race_aware
2086,5.375263157894728,0.32519165,holdout,race_aware
2826,5.375263157894728,0.3988214,holdout,race_aware
4411,5.375263157894728,0.37537873,holdout,race_aware
1965,5.375263157894728,0.3988214,holdout,race_aware
3091,5.375263157894728,0.36088008,holdout,race_aware
677,5.375263157894728,0.3724047,holdout,race_aware
1136,5.375263157894728,0.2893986,holdout,race_aware
426,5.375263157894728,0.2726001,holdout,race_aware
2846,5.375263157894728,0.20793635,holdout,race_aware
790,6.143157894736832,0.4050319,holdout,race_aware
1489,6.143157894736832,0.34571946,holdout,race_aware
4093,6.143157894736832,0.34571946,holdout,race_aware
5632,6.143157894736832,0.38724858,holdout,race_aware
1352,6.143157894736832,0.43533027,holdout,race_aware
4429,6.143157894736832,0.405477,holdout,race_aware
5095,6.143157894736832,0.33802584,holdout,race_aware
4032,6.143157894736832,0.31590456,holdout,race_aware
4065,6.143157894736832,0.40235934,holdout,race_aware
4797,6.143157894736832,0.38943812,holdout,race_aware
6123,6.143157894736832,0.42057693,holdout,race_aware
3446,6.143157894736832,0.38943812,holdout,race_aware
4971,6.143157894736832,0.4050319,holdout,race_aware
4245,6.143157894736832,0.405477,holdout,race_aware
3343,6.143157894736832,0.30342662,holdout,race_aware
5621,6.143157894736832,0.28104043,holdout,race_aware
3470,6.143157894736832,0.39016673,holdout,race_aware
1157,6.143157894736832,0.38724858,holdout,race_aware
3104,6.143157894736832,0.38656098,holdout,race_aware
4619,6.143157894736832,0.41154113,holdout,race_aware
2652,6.143157894736832,0.31590456,holdout,race_aware
2662,6.143157894736832,0.30342662,holdout,race_aware
612,6.143157894736832,0.38656098,holdout,race_aware
2761,6.143157894736832,0.40898138,holdout,race_aware
1900,6.143157894736832,0.28839177,holdout,race_aware
4463,6.143157894736832,0.405477,holdout,race_aware
1893,6.143157894736832,0.30342662,holdout,race_aware
1296,6.143157894736832,0.39834154,holdout,race_aware
5574,6.143157894736832,0.34306428,holdout,race_aware
5177,6.143157894736832,0.39040276,holdout,race_aware
5195,6.143157894736832,0.42057693,holdout,race_aware
5769,6.143157894736832,0.42057693,holdout,race_aware
3033,6.143157894736832,0.28839177,holdout,race_aware
3665,6.143157894736832,0.3657474,holdout,race_aware
4729,6.143157894736832,0.41154113,holdout,race_aware
3341,6.143157894736832,0.405477,holdout,race_aware
5904,6.143157894736832,0.405477,holdout,race_aware
6127,6.143157894736832,0.39016673,holdout,race_aware
3636,6.143157894736832,0.38656098,holdout,race_aware
1151,6.143157894736832,0.41169003,holdout,race_aware
1731,6.143157894736832,0.42057693,holdout,race_aware
355,6.143157894736832,0.28839177,holdout,race_aware
1246,6.143157894736832,0.3657474,holdout,race_aware
1635,6.143157894736832,0.31407717,holdout,race_aware
4426,6.143157894736832,0.405477,holdout,race_aware
994,6.143157894736832,0.40235934,holdout,race_aware
5939,6.143157894736832,0.405477,holdout,race_aware
649,6.143157894736832,0.42057693,holdout,race_aware
3939,6.143157894736832,0.4050319,holdout,race_aware
1410,6.143157894736832,0.30342662,holdout,race_aware
5520,6.143157894736832,0.31590456,holdout,race_aware
4342,6.143157894736832,0.33802584,holdout,race_aware
4468,6.143157894736832,0.3657474,holdout,race_aware
1551,6.143157894736832,0.30342662,holdout,race_aware
3687,6.143157894736832,0.3657474,holdout,race_aware
5611,6.143157894736832,0.41154113,holdout,race_aware
4332,6.143157894736832,0.31407717,holdout,race_aware
5243,6.143157894736832,0.31590456,holdout,race_aware
3401,6.143157894736832,0.38943812,holdout,race_aware
214,6.143157894736832,0.41681123,holdout,race_aware
4927,6.143157894736832,0.3657474,holdout,race_aware
1154,6.143157894736832,0.34571946,holdout,race_aware
2524,6.143157894736832,0.32272914,holdout,race_aware
1013,6.143157894736832,0.34571946,holdout,race_aware
803,6.143157894736832,0.4050319,holdout,race_aware
566,6.143157894736832,0.4085101,holdout,race_aware
3204,6.143157894736832,0.38724858,holdout,race_aware
101,6.143157894736832,0.42057693,holdout,race_aware
3077,6.143157894736832,0.4050319,holdout,race_aware
4774,6.143157894736832,0.37571818,holdout,race_aware
2439,6.143157894736832,0.3846681,holdout,race_aware
902,6.143157894736832,0.31590456,holdout,race_aware
1935,6.143157894736832,0.39040276,holdout,race_aware
2181,6.143157894736832,0.42057693,holdout,race_aware
3141,6.143157894736832,0.30342662,holdout,race_aware
351,6.143157894736832,0.42057693,holdout,race_aware
2054,6.143157894736832,0.42057693,holdout,race_aware
5313,6.143157894736832,0.39016673,holdout,race_aware
5957,6.143157894736832,0.38724858,holdout,race_aware
1568,6.143157894736832,0.4050319,holdout,race_aware
3587,6.143157894736832,0.31590456,holdout,race_aware
2320,6.143157894736832,0.3657474,holdout,race_aware
3479,6.143157894736832,0.3657474,holdout,race_aware
5242,6.143157894736832,0.3657474,holdout,race_aware
1375,6.143157894736832,0.405477,holdout,race_aware
4964,6.143157894736832,0.3657474,holdout,race_aware
782,6.143157894736832,0.4050319,holdout,race_aware
2029,6.143157894736832,0.28104043,holdout,race_aware
4491,6.143157894736832,0.31590456,holdout,race_aware
1391,6.143157894736832,0.30342662,holdout,race_aware
2487,6.143157894736832,0.42057693,holdout,race_aware
2086,6.143157894736832,0.33802584,holdout,race_aware
2826,6.143157894736832,0.42057693,holdout,race_aware
4411,6.143157894736832,0.39834154,holdout,race_aware
1965,6.143157894736832,0.42057693,holdout,race_aware
3091,6.143157894736832,0.39424998,holdout,race_aware
677,6.143157894736832,0.38656098,holdout,race_aware
1136,6.143157894736832,0.31590456,holdout,race_aware
426,6.143157894736832,0.30342662,holdout,race_aware
2846,6.143157894736832,0.23894921,holdout,race_aware
790,6.911052631578936,0.42948094,holdout,race_aware
1489,6.911052631578936,0.36785787,holdout,race_aware
4093,6.911052631578936,0.36785787,holdout,race_aware
5632,6.911052631578936,0.41347557,holdout,race_aware
1352,6.911052631578936,0.45527697,holdout,race_aware
4429,6.911052631578936,0.42778862,holdout,race_aware
5095,6.911052631578936,0.3539141,holdout,race_aware
4032,6.911052631578936,0.34111655,holdout,race_aware
4065,6.911052631578936,0.42316517,holdout,race_aware
4797,6.911052631578936,0.4147412,holdout,race_aware
6123,6.911052631578936,0.438915,holdout,race_aware
3446,6.911052631578936,0.4147412,holdout,race_aware
4971,6.911052631578936,0.42948094,holdout,race_aware
4245,6.911052631578936,0.42778862,holdout,race_aware
3343,6.911052631578936,0.3278497,holdout,race_aware
5621,6.911052631578936,0.31356096,holdout,race_aware
3470,6.911052631578936,0.4102907,holdout,race_aware
1157,6.911052631578936,0.41347557,holdout,race_aware
3104,6.911052631578936,0.39930874,holdout,race_aware
4619,6.911052631578936,0.4268981,holdout,race_aware
2652,6.911052631578936,0.34111655,holdout,race_aware
2662,6.911052631578936,0.3278497,holdout,race_aware
612,6.911052631578936,0.39930874,holdout,race_aware
2761,6.911052631578936,0.41970074,holdout,race_aware
1900,6.911052631578936,0.31769258,holdout,race_aware
4463,6.911052631578936,0.42778862,holdout,race_aware
1893,6.911052631578936,0.3278497,holdout,race_aware
1296,6.911052631578936,0.41757005,holdout,race_aware
5574,6.911052631578936,0.36487994,holdout,race_aware
5177,6.911052631578936,0.40599373,holdout,race_aware
5195,6.911052631578936,0.438915,holdout,race_aware
5769,6.911052631578936,0.438915,holdout,race_aware
3033,6.911052631578936,0.31769258,holdout,race_aware
3665,6.911052631578936,0.3774888,holdout,race_aware
4729,6.911052631578936,0.4268981,holdout,race_aware
3341,6.911052631578936,0.42778862,holdout,race_aware
5904,6.911052631578936,0.42778862,holdout,race_aware
6127,6.911052631578936,0.4102907,holdout,race_aware
3636,6.911052631578936,0.39930874,holdout,race_aware
1151,6.911052631578936,0.42911717,holdout,race_aware
1731,6.911052631578936,0.438915,holdout,race_aware
355,6.911052631578936,0.31769258,holdout,race_aware
1246,6.911052631578936,0.3774888,holdout,race_aware
1635,6.911052631578936,0.33527747,holdout,race_aware
4426,6.911052631578936,0.42778862,holdout,race_aware
994,6.911052631578936,0.42316517,holdout,race_aware
5939,6.911052631578936,0.42778862,holdout,race_aware
649,6.911052631578936,0.438915,holdout,race_aware
3939,6.911052631578936,0.42948094,holdout,race_aware
1410,6.911052631578936,0.3278497,holdout,race_aware
5520,6.911052631578936,0.34111655,holdout,race_aware
4342,6.911052631578936,0.3539141,holdout,race_aware
4468,6.911052631578936,0.3774888,holdout,race_aware
1551,6.911052631578936,0.3278497,holdout,race_aware
3687,6.911052631578936,0.3774888,holdout,race_aware
5611,6.911052631578936,0.4268981,holdout,race_aware
4332,6.911052631578936,0.33527747,holdout,race_aware
5243,6.911052631578936,0.34111655,holdout,race_aware
3401,6.911052631578936,0.4147412,holdout,race_aware
214,6.911052631578936,0.4358654,holdout,race_aware
4927,6.911052631578936,0.3774888,holdout,race_aware
1154,6.911052631578936,0.36785787,holdout,race_aware
2524,6.911052631578936,0.33309105,holdout,race_aware
1013,6.911052631578936,0.36785787,holdout,race_aware
803,6.911052631578936,0.42948094,holdout,race_aware
566,6.911052631578936,0.4290964,holdout,race_aware
3204,6.911052631578936,0.41347557,holdout,race_aware
101,6.911052631578936,0.438915,holdout,race_aware
3077,6.911052631578936,0.42948094,holdout,race_aware
4774,6.911052631578936,0.40113246,holdout,race_aware
2439,6.911052631578936,0.4041893,holdout,race_aware
902,6.911052631578936,0.34111655,holdout,race_aware
1935,6.911052631578936,0.40599373,holdout,race_aware
2181,6.911052631578936,0.438915,holdout,race_aware
3141,6.911052631578936,0.3278497,holdout,race_aware
351,6.911052631578936,0.438915,holdout,race_aware
2054,6.911052631578936,0.438915,holdout,race_aware
5313,6.911052631578936,0.4102907,holdout,race_aware
5957,6.911052631578936,0.41347557,holdout,race_aware
1568,6.911052631578936,0.42948094,holdout,race_aware
3587,6.911052631578936,0.34111655,holdout,race_aware
2320,6.911052631578936,0.3774888,holdout,race_aware
3479,6.911052631578936,0.3774888,holdout,race_aware
5242,6.911052631578936,0.3774888,holdout,race_aware
1375,6.911052631578936,0.42778862,holdout,race_aware
4964,6.911052631578936,0.3774888,holdout,race_aware
782,6.911052631578936,0.42948094,holdout,race_aware
2029,6.911052631578936,0.31356096,holdout,race_aware
4491,6.911052631578936,0.34111655,holdout,race_aware
1391,6.911052631578936,0.3278497,holdout,race_aware
2487,6.911052631578936,0.438915,holdout,race_aware
2086,6.911052631578936,0.3539141,holdout,race_aware
2826,6.911052631578936,0.438915,holdout,race_aware
4411,6.911052631578936,0.41757005,holdout,race_aware
1965,6.911052631578936,0.438915,holdout,race_aware
3091,6.911052631578936,0.4193254,holdout,race_aware
677,6.911052631578936,0.39930874,holdout,race_aware
1136,6.911052631578936,0.34111655,holdout,race_aware
426,6.911052631578936,0.3278497,holdout,race_aware
2846,6.911052631578936,0.26736644,holdout,race_aware
790,7.678947368421039,0.45027563,holdout,race_aware
1489,7.678947368421039,0.38642937,holdout,race_aware
4093,7.678947368421039,0.38642937,holdout,race_aware
5632,7.678947368421039,0.43351537,holdout,race_aware
1352,7.678947368421039,0.47032744,holdout,race_aware
4429,7.678947368421039,0.44262272,holdout,race_aware
5095,7.678947368421039,0.36472556,holdout,race_aware
4032,7.678947368421039,0.36114025,holdout,race_aware
4065,7.678947368421039,0.4445946,holdout,race_aware
4797,7.678947368421039,0.43415186,holdout,race_aware
6123,7.678947368421039,0.45667893,holdout,race_aware
3446,7.678947368421039,0.43415186,holdout,race_aware
4971,7.678947368421039,0.45027563,holdout,race_aware
4245,7.678947368421039,0.44262272,holdout,race_aware
3343,7.678947368421039,0.35198575,holdout,race_aware
5621,7.678947368421039,0.34263697,holdout,race_aware
3470,7.678947368421039,0.4294351,holdout,race_aware
1157,7.678947368421039,0.43351537,holdout,race_aware
3104,7.678947368421039,0.4094848,holdout,race_aware
4619,7.678947368421039,0.43840984,holdout,race_aware
2652,7.678947368421039,0.36114025,holdout,race_aware
2662,7.678947368421039,0.35198575,holdout,race_aware
612,7.678947368421039,0.4094848,holdout,race_aware
2761,7.678947368421039,0.43601316,holdout,race_aware
1900,7.678947368421039,0.34233415,holdout,race_aware
4463,7.678947368421039,0.44262272,holdout,race_aware
1893,7.678947368421039,0.35198575,holdout,race_aware
1296,7.678947368421039,0.43483818,holdout,race_aware
5574,7.678947368421039,0.3846155,holdout,race_aware
5177,7.678947368421039,0.4173644,holdout,race_aware
5195,7.678947368421039,0.45667893,holdout,race_aware
5769,7.678947368421039,0.45667893,holdout,race_aware
3033,7.678947368421039,0.34233415,holdout,race_aware
3665,7.678947368421039,0.38658953,holdout,race_aware
4729,7.678947368421039,0.43840984,holdout,race_aware
3341,7.678947368421039,0.44262272,holdout,race_aware
5904,7.678947368421039,0.44262272,holdout,race_aware
6127,7.678947368421039,0.4294351,holdout,race_aware
3636,7.678947368421039,0.4094848,holdout,race_aware
1151,7.678947368421039,0.44708034,holdout,race_aware
1731,7.678947368421039,0.45667893,holdout,race_aware
355,7.678947368421039,0.34233415,holdout,race_aware
1246,7.678947368421039,0.38658953,holdout,race_aware
1635,7.678947368421039,0.3564821,holdout,race_aware
4426,7.678947368421039,0.44262272,holdout,race_aware
994,7.678947368421039,0.4445946,holdout,race_aware
5939,7.678947368421039,0.44262272,holdout,race_aware
649,7.678947368421039,0.45667893,holdout,race_aware
3939,7.678947368421039,0.45027563,holdout,race_aware
1410,7.678947368421039,0.35198575,holdout,race_aware
5520,7.678947368421039,0.36114025,holdout,race_aware
4342,7.678947368421039,0.36472556,holdout,race_aware
4468,7.678947368421039,0.38658953,holdout,race_aware
1551,7.678947368421039,0.35198575,holdout,race_aware
3687,7.678947368421039,0.38658953,holdout,race_aware
5611,7.678947368421039,0.43840984,holdout,race_aware
4332,7.678947368421039,0.3564821,holdout,race_aware
5243,7.678947368421039,0.36114025,holdout,race_aware
3401,7.678947368421039,0.43415186,holdout,race_aware
214,7.678947368421039,0.45092374,holdout,race_aware
4927,7.678947368421039,0.38658953,holdout,race_aware
1154,7.678947368421039,0.38642937,holdout,race_aware
2524,7.678947368421039,0.3436959,holdout,race_aware
1013,7.678947368421039,0.38642937,holdout,race_aware
803,7.678947368421039,0.45027563,holdout,race_aware
566,7.678947368421039,0.44451094,holdout,race_aware
3204,7.678947368421039,0.43351537,holdout,race_aware
101,7.678947368421039,0.45667893,holdout,race_aware
3077,7.678947368421039,0.45027563,holdout,race_aware
4774,7.678947368421039,0.42106235,holdout,race_aware
2439,7.678947368421039,0.42012912,holdout,race_aware
902,7.678947368421039,0.36114025,holdout,race_aware
1935,7.678947368421039,0.4173644,holdout,race_aware
2181,7.678947368421039,0.45667893,holdout,race_aware
3141,7.678947368421039,0.35198575,holdout,race_aware
351,7.678947368421039,0.45667893,holdout,race_aware
2054,7.678947368421039,0.45667893,holdout,race_aware
5313,7.678947368421039,0.4294351,holdout,race_aware
5957,7.678947368421039,0.43351537,holdout,race_aware
1568,7.678947368421039,0.45027563,holdout,race_aware
3587,7.678947368421039,0.36114025,holdout,race_aware
2320,7.678947368421039,0.38658953,holdout,race_aware
3479,7.678947368421039,0.38658953,holdout,race_aware
5242,7.678947368421039,0.38658953,holdout,race_aware
1375,7.678947368421039,0.44262272,holdout,race_aware
4964,7.678947368421039,0.38658953,holdout,race_aware
782,7.678947368421039,0.45027563,holdout,race_aware
2029,7.678947368421039,0.34263697,holdout,race_aware
4491,7.678947368421039,0.36114025,holdout,race_aware
1391,7.678947368421039,0.35198575,holdout,race_aware
2487,7.678947368421039,0.45667893,holdout,race_aware
2086,7.678947368421039,0.36472556,holdout,race_aware
2826,7.678947368421039,0.45667893,holdout,race_aware
4411,7.678947368421039,0.43483818,holdout,race_aware
1965,7.678947368421039,0.45667893,holdout,race_aware
3091,7.678947368421039,0.44000655,holdout,race_aware
677,7.678947368421039,0.4094848,holdout,race_aware
1136,7.678947368421039,0.36114025,holdout,race_aware
426,7.678947368421039,0.35198575,holdout,race_aware
2846,7.678947368421039,0.29753032,holdout,race_aware
790,8.446842105263144,0.4662082,holdout,race_aware
1489,8.446842105263144,0.40359032,holdout,race_aware
4093,8.446842105263144,0.40359032,holdout,race_aware
5632,8.446842105263144,0.45205826,holdout,race_aware
1352,8.446842105263144,0.48522615,holdout,race_aware
4429,8.446842105263144,0.4575212,holdout,race_aware
5095,8.446842105263144,0.37525406,holdout,race_aware
4032,8.446842105263144,0.37936586,holdout,race_aware
4065,8.446842105263144,0.46145502,holdout,race_aware
4797,8.446842105263144,0.4516165,holdout,race_aware
6123,8.446842105263144,0.472301,holdout,race_aware
3446,8.446842105263144,0.4516165,holdout,race_aware
4971,8.446842105263144,0.4662082,holdout,race_aware
4245,8.446842105263144,0.4575212,holdout,race_aware
3343,8.446842105263144,0.37227267,holdout,race_aware
5621,8.446842105263144,0.36917925,holdout,race_aware
3470,8.446842105263144,0.4447492,holdout,race_aware
1157,8.446842105263144,0.45205826,holdout,race_aware
3104,8.446842105263144,0.41808474,holdout,race_aware
4619,8.446842105263144,0.45224866,holdout,race_aware
2652,8.446842105263144,0.37936586,holdout,race_aware
2662,8.446842105263144,0.37227267,holdout,race_aware
612,8.446842105263144,0.41808474,holdout,race_aware
2761,8.446842105263144,0.44551963,holdout,race_aware
1900,8.446842105263144,0.36009955,holdout,race_aware
4463,8.446842105263144,0.4575212,holdout,race_aware
1893,8.446842105263144,0.37227267,holdout,race_aware
1296,8.446842105263144,0.4472795,holdout,race_aware
5574,8.446842105263144,0.402523,holdout,race_aware
5177,8.446842105263144,0.42662922,holdout,race_aware
5195,8.446842105263144,0.472301,holdout,race_aware
5769,8.446842105263144,0.472301,holdout,race_aware
3033,8.446842105263144,0.36009955,holdout,race_aware
3665,8.446842105263144,0.39444596,holdout,race_aware
4729,8.446842105263144,0.45224866,holdout,race_aware
3341,8.446842105263144,0.4575212,holdout,race_aware
5904,8.446842105263144,0.4575212,holdout,race_aware
6127,8.446842105263144,0.4447492,holdout,race_aware
3636,8.446842105263144,0.41808474,holdout,race_aware
1151,8.446842105263144,0.45798722,holdout,race_aware
1731,8.446842105263144,0.472301,holdout,race_aware
355,8.446842105263144,0.36009955,holdout,race_aware
1246,8.446842105263144,0.39444596,holdout,race_aware
1635,8.446842105263144,0.37205306,holdout,race_aware
4426,8.446842105263144,0.4575212,holdout,race_aware
994,8.446842105263144,0.46145502,holdout,race_aware
5939,8.446842105263144,0.4575212,holdout,race_aware
649,8.446842105263144,0.472301,holdout,race_aware
3939,8.446842105263144,0.4662082,holdout,race_aware
1410,8.446842105263144,0.37227267,holdout,race_aware
5520,8.446842105263144,0.37936586,holdout,race_aware
4342,8.446842105263144,0.37525406,holdout,race_aware
4468,8.446842105263144,0.39444596,holdout,race_aware
1551,8.446842105263144,0.37227267,holdout,race_aware
3687,8.446842105263144,0.39444596,holdout,race_aware
5611,8.446842105263144,0.45224866,holdout,race_aware
4332,8.446842105263144,0.37205306,holdout,race_aware
5243,8.446842105263144,0.37936586,holdout,race_aware
3401,8.446842105263144,0.4516165,holdout,race_aware
214,8.446842105263144,0.465878,holdout,race_aware
4927,8.446842105263144,0.39444596,holdout,race_aware
1154,8.446842105263144,0.40359032,holdout,race_aware
2524,8.446842105263144,0.35444906,holdout,race_aware
1013,8.446842105263144,0.40359032,holdout,race_aware
803,8.446842105263144,0.4662082,holdout,race_aware
566,8.446842105263144,0.45985746,holdout,race_aware
3204,8.446842105263144,0.45205826,holdout,race_aware
101,8.446842105263144,0.472301,holdout,race_aware
3077,8.446842105263144,0.4662082,holdout,race_aware
4774,8.446842105263144,0.44423324,holdout,race_aware
2439,8.446842105263144,0.43648827,holdout,race_aware
902,8.446842105263144,0.37936586,holdout,race_aware
1935,8.446842105263144,0.42662922,holdout,race_aware
2181,8.446842105263144,0.472301,holdout,race_aware
3141,8.446842105263144,0.37227267,holdout,race_aware
351,8.446842105263144,0.472301,holdout,race_aware
2054,8.446842105263144,0.472301,holdout,race_aware
5313,8.446842105263144,0.4447492,holdout,race_aware
5957,8.446842105263144,0.45205826,holdout,race_aware
1568,8.446842105263144,0.4662082,holdout,race_aware
3587,8.446842105263144,0.37936586,holdout,race_aware
2320,8.446842105263144,0.39444596,holdout,race_aware
3479,8.446842105263144,0.39444596,holdout,race_aware
5242,8.446842105263144,0.39444596,holdout,race_aware
1375,8.446842105263144,0.4575212,holdout,race_aware
4964,8.446842105263144,0.39444596,holdout,race_aware
782,8.446842105263144,0.4662082,holdout,race_aware
2029,8.446842105263144,0.36917925,holdout,race_aware
4491,8.446842105263144,0.37936586,holdout,race_aware
1391,8.446842105263144,0.37227267,holdout,race_aware
2487,8.446842105263144,0.472301,holdout,race_aware
2086,8.446842105263144,0.37525406,holdout,race_aware
2826,8.446842105263144,0.472301,holdout,race_aware
4411,8.446842105263144,0.4472795,holdout,race_aware
1965,8.446842105263144,0.472301,holdout,race_aware
3091,8.446842105263144,0.45791012,holdout,race_aware
677,8.446842105263144,0.41808474,holdout,race_aware
1136,8.446842105263144,0.37936586,holdout,race_aware
426,8.446842105263144,0.37227267,holdout,race_aware
2846,8.446842105263144,0.32549334,holdout,race_aware
790,9.214736842105248,0.48508826,holdout,race_aware
1489,9.214736842105248,0.42224395,holdout,race_aware
4093,9.214736842105248,0.42224395,holdout,race_aware
5632,9.214736842105248,0.46818298,holdout,race_aware
1352,9.214736842105248,0.4946708,holdout,race_aware
4429,9.214736842105248,0.47189385,holdout,race_aware
5095,9.214736842105248,0.38472494,holdout,race_aware
4032,9.214736842105248,0.39471793,holdout,race_aware
4065,9.214736842105248,0.47968617,holdout,race_aware
4797,9.214736842105248,0.46851888,holdout,race_aware
6123,9.214736842105248,0.48858094,holdout,race_aware
3446,9.214736842105248,0.46851888,holdout,race_aware
4971,9.214736842105248,0.48508826,holdout,race_aware
4245,9.214736842105248,0.47189385,holdout,race_aware
3343,9.214736842105248,0.38993406,holdout,race_aware
5621,9.214736842105248,0.39774144,holdout,race_aware
3470,9.214736842105248,0.4576408,holdout,race_aware
1157,9.214736842105248,0.46818298,holdout,race_aware
3104,9.214736842105248,0.42577428,holdout,race_aware
4619,9.214736842105248,0.46353325,holdout,race_aware
2652,9.214736842105248,0.39471793,holdout,race_aware
2662,9.214736842105248,0.38993406,holdout,race_aware
612,9.214736842105248,0.42577428,holdout,race_aware
2761,9.214736842105248,0.45439398,holdout,race_aware
1900,9.214736842105248,0.37743634,holdout,race_aware
4463,9.214736842105248,0.47189385,holdout,race_aware
1893,9.214736842105248,0.38993406,holdout,race_aware
1296,9.214736842105248,0.46141636,holdout,race_aware
5574,9.214736842105248,0.41814765,holdout,race_aware
5177,9.214736842105248,0.43495736,holdout,race_aware
5195,9.214736842105248,0.48858094,holdout,race_aware
5769,9.214736842105248,0.48858094,holdout,race_aware
3033,9.214736842105248,0.37743634,holdout,race_aware
3665,9.214736842105248,0.4015286,holdout,race_aware
4729,9.214736842105248,0.46353325,holdout,race_aware
3341,9.214736842105248,0.47189385,holdout,race_aware
5904,9.214736842105248,0.47189385,holdout,race_aware
6127,9.214736842105248,0.4576408,holdout,race_aware
3636,9.214736842105248,0.42577428,holdout,race_aware
1151,9.214736842105248,0.4699084,holdout,race_aware
1731,9.214736842105248,0.48858094,holdout,race_aware
355,9.214736842105248,0.37743634,holdout,race_aware
1246,9.214736842105248,0.4015286,holdout,race_aware
1635,9.214736842105248,0.38962653,holdout,race_aware
4426,9.214736842105248,0.47189385,holdout,race_aware
994,9.214736842105248,0.47968617,holdout,race_aware
5939,9.214736842105248,0.47189385,holdout,race_aware
649,9.214736842105248,0.48858094,holdout,race_aware
3939,9.214736842105248,0.48508826,holdout,race_aware
1410,9.214736842105248,0.38993406,holdout,race_aware
5520,9.214736842105248,0.39471793,holdout,race_aware
4342,9.214736842105248,0.38472494,holdout,race_aware
4468,9.214736842105248,0.4015286,holdout,race_aware
1551,9.214736842105248,0.38993406,holdout,race_aware
3687,9.214736842105248,0.4015286,holdout,race_aware
5611,9.214736842105248,0.46353325,holdout,race_aware
4332,9.214736842105248,0.38962653,holdout,race_aware
5243,9.214736842105248,0.39471793,holdout,race_aware
3401,9.214736842105248,0.46851888,holdout,race_aware
214,9.214736842105248,0.48071867,holdout,race_aware
4927,9.214736842105248,0.4015286,holdout,race_aware
1154,9.214736842105248,0.42224395,holdout,race_aware
2524,9.214736842105248,0.3619797,holdout,race_aware
1013,9.214736842105248,0.42224395,holdout,race_aware
803,9.214736842105248,0.48508826,holdout,race_aware
566,9.214736842105248,0.47471458,holdout,race_aware
3204,9.214736842105248,0.46818298,holdout,race_aware
101,9.214736842105248,0.48858094,holdout,race_aware
3077,9.214736842105248,0.48508826,holdout,race_aware
4774,9.214736842105248,0.46559882,holdout,race_aware
2439,9.214736842105248,0.44673228,holdout,race_aware
902,9.214736842105248,0.39471793,holdout,race_aware
1935,9.214736842105248,0.43495736,holdout,race_aware
2181,9.214736842105248,0.48858094,holdout,race_aware
3141,9.214736842105248,0.38993406,holdout,race_aware
351,9.214736842105248,0.48858094,holdout,race_aware
2054,9.214736842105248,0.48858094,holdout,race_aware
5313,9.214736842105248,0.4576408,holdout,race_aware
5957,9.214736842105248,0.46818298,holdout,race_aware
1568,9.214736842105248,0.48508826,holdout,race_aware
3587,9.214736842105248,0.39471793,holdout,race_aware
2320,9.214736842105248,0.4015286,holdout,race_aware
3479,9.214736842105248,0.4015286,holdout,race_aware
5242,9.214736842105248,0.4015286,holdout,race_aware
1375,9.214736842105248,0.47189385,holdout,race_aware
4964,9.214736842105248,0.4015286,holdout,race_aware
782,9.214736842105248,0.48508826,holdout,race_aware
2029,9.214736842105248,0.39774144,holdout,race_aware
4491,9.214736842105248,0.39471793,holdout,race_aware
1391,9.214736842105248,0.38993406,holdout,race_aware
2487,9.214736842105248,0.48858094,holdout,race_aware
2086,9.214736842105248,0.38472494,holdout,race_aware
2826,9.214736842105248,0.48858094,holdout,race_aware
4411,9.214736842105248,0.46141636,holdout,race_aware
1965,9.214736842105248,0.48858094,holdout,race_aware
3091,9.214736842105248,0.47625965,holdout,race_aware
677,9.214736842105248,0.42577428,holdout,race_aware
1136,9.214736842105248,0.39471793,holdout,race_aware
426,9.214736842105248,0.38993406,holdout,race_aware
2846,9.214736842105248,0.3542787,holdout,race_aware
790,9.982631578947352,0.50062084,holdout,race_aware
1489,9.982631578947352,0.43752915,holdout,race_aware
4093,9.982631578947352,0.43752915,holdout,race_aware
5632,9.982631578947352,0.48233938,holdout,race_aware
1352,9.982631578947352,0.50573146,holdout,race_aware
4429,9.982631578947352,0.48424286,holdout,race_aware
5095,9.982631578947352,0.39391336,holdout,race_aware
4032,9.982631578947352,0.40798283,holdout,race_aware
4065,9.982631578947352,0.49308935,holdout,race_aware
4797,9.982631578947352,0.4813139,holdout,race_aware
6123,9.982631578947352,0.502575,holdout,race_aware
3446,9.982631578947352,0.4813139,holdout,race_aware
4971,9.982631578947352,0.50062084,holdout,race_aware
4245,9.982631578947352,0.48424286,holdout,race_aware
3343,9.982631578947352,0.40436685,holdout,race_aware
5621,9.982631578947352,0.42279422,holdout,race_aware
3470,9.982631578947352,0.47384855,holdout,race_aware
1157,9.982631578947352,0.48233938,holdout,race_aware
3104,9.982631578947352,0.43330872,holdout,race_aware
4619,9.982631578947352,0.47458032,holdout,race_aware
2652,9.982631578947352,0.40798283,holdout,race_aware
2662,9.982631578947352,0.40436685,holdout,race_aware
612,9.982631578947352,0.43330872,holdout,race_aware
2761,9.982631578947352,0.46497923,holdout,race_aware
1900,9.982631578947352,0.39142942,holdout,race_aware
4463,9.982631578947352,0.48424286,holdout,race_aware
1893,9.982631578947352,0.40436685,holdout,race_aware
1296,9.982631578947352,0.47229105,holdout,race_aware
5574,9.982631578947352,0.4321371,holdout,race_aware
5177,9.982631578947352,0.44179282,holdout,race_aware
5195,9.982631578947352,0.502575,holdout,race_aware
5769,9.982631578947352,0.502575,holdout,race_aware
3033,9.982631578947352,0.39142942,holdout,race_aware
3665,9.982631578947352,0.40571672,holdout,race_aware
4729,9.982631578947352,0.47458032,holdout,race_aware
3341,9.982631578947352,0.48424286,holdout,race_aware
5904,9.982631578947352,0.48424286,holdout,race_aware
6127,9.982631578947352,0.47384855,holdout,race_aware
3636,9.982631578947352,0.43330872,holdout,race_aware
1151,9.982631578947352,0.47971085,holdout,race_aware
1731,9.982631578947352,0.502575,holdout,race_aware
355,9.982631578947352,0.39142942,holdout,race_aware
1246,9.982631578947352,0.40571672,holdout,race_aware
1635,9.982631578947352,0.4035658,holdout,race_aware
4426,9.982631578947352,0.48424286,holdout,race_aware
994,9.982631578947352,0.49308935,holdout,race_aware
5939,9.982631578947352,0.48424286,holdout,race_aware
649,9.982631578947352,0.502575,holdout,race_aware
3939,9.982631578947352,0.50062084,holdout,race_aware
1410,9.982631578947352,0.40436685,holdout,race_aware
5520,9.982631578947352,0.40798283,holdout,race_aware
4342,9.982631578947352,0.39391336,holdout,race_aware
4468,9.982631578947352,0.40571672,holdout,race_aware
1551,9.982631578947352,0.40436685,holdout,race_aware
3687,9.982631578947352,0.40571672,holdout,race_aware
5611,9.982631578947352,0.47458032,holdout,race_aware
4332,9.982631578947352,0.4035658,holdout,race_aware
5243,9.982631578947352,0.40798283,holdout,race_aware
3401,9.982631578947352,0.4813139,holdout,race_aware
214,9.982631578947352,0.49282694,holdout,race_aware
4927,9.982631578947352,0.40571672,holdout,race_aware
1154,9.982631578947352,0.43752915,holdout,race_aware
2524,9.982631578947352,0.3677443,holdout,race_aware
1013,9.982631578947352,0.43752915,holdout,race_aware
803,9.982631578947352,0.50062084,holdout,race_aware
566,9.982631578947352,0.48565692,holdout,race_aware
3204,9.982631578947352,0.48233938,holdout,race_aware
101,9.982631578947352,0.502575,holdout,race_aware
3077,9.982631578947352,0.50062084,holdout,race_aware
4774,9.982631578947352,0.48148584,holdout,race_aware
2439,9.982631578947352,0.45893574,holdout,race_aware
902,9.982631578947352,0.40798283,holdout,race_aware
1935,9.982631578947352,0.44179282,holdout,race_aware
2181,9.982631578947352,0.502575,holdout,race_aware
3141,9.982631578947352,0.40436685,holdout,race_aware
351,9.982631578947352,0.502575,holdout,race_aware
2054,9.982631578947352,0.502575,holdout,race_aware
5313,9.982631578947352,0.47384855,holdout,race_aware
5957,9.982631578947352,0.48233938,holdout,race_aware
1568,9.982631578947352,0.50062084,holdout,race_aware
3587,9.982631578947352,0.40798283,holdout,race_aware
2320,9.982631578947352,0.40571672,holdout,race_aware
3479,9.982631578947352,0.40571672,holdout,race_aware
5242,9.982631578947352,0.40571672,holdout,race_aware
1375,9.982631578947352,0.48424286,holdout,race_aware
4964,9.982631578947352,0.40571672,holdout,race_aware
782,9.982631578947352,0.50062084,holdout,race_aware
2029,9.982631578947352,0.42279422,holdout,race_aware
4491,9.982631578947352,0.40798283,holdout,race_aware
1391,9.982631578947352,0.40436685,holdout,race_aware
2487,9.982631578947352,0.502575,holdout,race_aware
2086,9.982631578947352,0.39391336,holdout,race_aware
2826,9.982631578947352,0.502575,holdout,race_aware
4411,9.982631578947352,0.47229105,holdout,race_aware
1965,9.982631578947352,0.502575,holdout,race_aware
3091,9.982631578947352,0.4915762,holdout,race_aware
677,9.982631578947352,0.43330872,holdout,race_aware
1136,9.982631578947352,0.40798283,holdout,race_aware
426,9.982631578947352,0.40436685,holdout,race_aware
2846,9.982631578947352,0.37914997,holdout,race_aware
790,10.750526315789456,0.5165713,holdout,race_aware
1489,10.750526315789456,0.45164174,holdout,race_aware
4093,10.750526315789456,0.45164174,holdout,race_aware
5632,10.750526315789456,0.49419302,holdout,race_aware
1352,10.750526315789456,0.5163896,holdout,race_aware
4429,10.750526315789456,0.49538082,holdout,race_aware
5095,10.750526315789456,0.40190563,holdout,race_aware
4032,10.750526315789456,0.4179718,holdout,race_aware
4065,10.750526315789456,0.50589156,holdout,race_aware
4797,10.750526315789456,0.49177292,holdout,race_aware
6123,10.750526315789456,0.5125687,holdout,race_aware
3446,10.750526315789456,0.49177292,holdout,race_aware
4971,10.750526315789456,0.5165713,holdout,race_aware
4245,10.750526315789456,0.49538082,holdout,race_aware
3343,10.750526315789456,0.41596586,holdout,race_aware
5621,10.750526315789456,0.4426316,holdout,race_aware
3470,10.750526315789456,0.4844075,holdout,race_aware
1157,10.750526315789456,0.49419302,holdout,race_aware
3104,10.750526315789456,0.43861014,holdout,race_aware
4619,10.750526315789456,0.4855629,holdout,race_aware
2652,10.750526315789456,0.4179718,holdout,race_aware
2662,10.750526315789456,0.41596586,holdout,race_aware
612,10.750526315789456,0.43861014,holdout,race_aware
2761,10.750526315789456,0.47053933,holdout,race_aware
1900,10.750526315789456,0.40587902,holdout,race_aware
4463,10.750526315789456,0.49538082,holdout,race_aware
1893,10.750526315789456,0.41596586,holdout,race_aware
1296,10.750526315789456,0.4831472,holdout,race_aware
5574,10.750526315789456,0.44542244,holdout,race_aware
5177,10.750526315789456,0.44688728,holdout,race_aware
5195,10.750526315789456,0.5125687,holdout,race_aware
5769,10.750526315789456,0.5125687,holdout,race_aware
3033,10.750526315789456,0.40587902,holdout,race_aware
3665,10.750526315789456,0.40957105,holdout,race_aware
4729,10.750526315789456,0.4855629,holdout,race_aware
3341,10.750526315789456,0.49538082,holdout,race_aware
5904,10.750526315789456,0.49538082,holdout,race_aware
6127,10.750526315789456,0.4844075,holdout,race_aware
3636,10.750526315789456,0.43861014,holdout,race_aware
1151,10.750526315789456,0.49475518,holdout,race_aware
1731,10.750526315789456,0.5125687,holdout,race_aware
355,10.750526315789456,0.40587902,holdout,race_aware
1246,10.750526315789456,0.40957105,holdout,race_aware
1635,10.750526315789456,0.4178941,holdout,race_aware
4426,10.750526315789456,0.49538082,holdout,race_aware
994,10.750526315789456,0.50589156,holdout,race_aware
5939,10.750526315789456,0.49538082,holdout,race_aware
649,10.750526315789456,0.5125687,holdout,race_aware
3939,10.750526315789456,0.5165713,holdout,race_aware
1410,10.750526315789456,0.41596586,holdout,race_aware
5520,10.750526315789456,0.4179718,holdout,race_aware
4342,10.750526315789456,0.40190563,holdout,race_aware
4468,10.750526315789456,0.40957105,holdout,race_aware
1551,10.750526315789456,0.41596586,holdout,race_aware
3687,10.750526315789456,0.40957105,holdout,race_aware
5611,10.750526315789456,0.4855629,holdout,race_aware
4332,10.750526315789456,0.4178941,holdout,race_aware
5243,10.750526315789456,0.4179718,holdout,race_aware
3401,10.750526315789456,0.49177292,holdout,race_aware
214,10.750526315789456,0.5020545,holdout,race_aware
4927,10.750526315789456,0.40957105,holdout,race_aware
1154,10.750526315789456,0.45164174,holdout,race_aware
2524,10.750526315789456,0.37360194,holdout,race_aware
1013,10.750526315789456,0.45164174,holdout,race_aware
803,10.750526315789456,0.5165713,holdout,race_aware
566,10.750526315789456,0.495036,holdout,race_aware
3204,10.750526315789456,0.49419302,holdout,race_aware
101,10.750526315789456,0.5125687,holdout,race_aware
3077,10.750526315789456,0.5165713,holdout,race_aware
4774,10.750526315789456,0.49522567,holdout,race_aware
2439,10.750526315789456,0.46784163,holdout,race_aware
902,10.750526315789456,0.4179718,holdout,race_aware
1935,10.750526315789456,0.44688728,holdout,race_aware
2181,10.750526315789456,0.5125687,holdout,race_aware
3141,10.750526315789456,0.41596586,holdout,race_aware
351,10.750526315789456,0.5125687,holdout,race_aware
2054,10.750526315789456,0.5125687,holdout,race_aware
5313,10.750526315789456,0.4844075,holdout,race_aware
5957,10.750526315789456,0.49419302,holdout,race_aware
1568,10.750526315789456,0.5165713,holdout,race_aware
3587,10.750526315789456,0.4179718,holdout,race_aware
2320,10.750526315789456,0.40957105,holdout,race_aware
3479,10.750526315789456,0.40957105,holdout,race_aware
5242,10.750526315789456,0.40957105,holdout,race_aware
1375,10.750526315789456,0.49538082,holdout,race_aware
4964,10.750526315789456,0.40957105,holdout,race_aware
782,10.750526315789456,0.5165713,holdout,race_aware
2029,10.750526315789456,0.4426316,holdout,race_aware
4491,10.750526315789456,0.4179718,holdout,race_aware
1391,10.750526315789456,0.41596586,holdout,race_aware
2487,10.750526315789456,0.5125687,holdout,race_aware
2086,10.750526315789456,0.40190563,holdout,race_aware
2826,10.750526315789456,0.5125687,holdout,race_aware
4411,10.750526315789456,0.4831472,holdout,race_aware
1965,10.750526315789456,0.5125687,holdout,race_aware
3091,10.750526315789456,0.50439185,holdout,race_aware
677,10.750526315789456,0.43861014,holdout,race_aware
1136,10.750526315789456,0.4179718,holdout,race_aware
426,10.750526315789456,0.41596586,holdout,race_aware
2846,10.750526315789456,0.40180123,holdout,race_aware
790,11.51842105263156,0.5284177,holdout,race_aware
1489,11.51842105263156,0.46361732,holdout,race_aware
4093,11.51842105263156,0.46361732,holdout,race_aware
5632,11.51842105263156,0.5053256,holdout,race_aware
1352,11.51842105263156,0.5269645,holdout,race_aware
4429,11.51842105263156,0.5044201,holdout,race_aware
5095,11.51842105263156,0.40930536,holdout,race_aware
4032,11.51842105263156,0.4312263,holdout,race_aware
4065,11.51842105263156,0.5162604,holdout,race_aware
4797,11.51842105263156,0.50096464,holdout,race_aware
6123,11.51842105263156,0.52474535,holdout,race_aware
3446,11.51842105263156,0.50096464,holdout,race_aware
4971,11.51842105263156,0.5284177,holdout,race_aware
4245,11.51842105263156,0.5044201,holdout,race_aware
3343,11.51842105263156,0.4306807,holdout,race_aware
5621,11.51842105263156,0.4592473,holdout,race_aware
3470,11.51842105263156,0.49160466,holdout,race_aware
1157,11.51842105263156,0.5053256,holdout,race_aware
3104,11.51842105263156,0.44466746,holdout,race_aware
4619,11.51842105263156,0.49586734,holdout,race_aware
2652,11.51842105263156,0.4312263,holdout,race_aware
2662,11.51842105263156,0.4306807,holdout,race_aware
612,11.51842105263156,0.44466746,holdout,race_aware
2761,11.51842105263156,0.47824323,holdout,race_aware
1900,11.51842105263156,0.41485095,holdout,race_aware
4463,11.51842105263156,0.5044201,holdout,race_aware
1893,11.51842105263156,0.4306807,holdout,race_aware
1296,11.51842105263156,0.49164206,holdout,race_aware
5574,11.51842105263156,0.45594832,holdout,race_aware
5177,11.51842105263156,0.45078596,holdout,race_aware
5195,11.51842105263156,0.52474535,holdout,race_aware
5769,11.51842105263156,0.52474535,holdout,race_aware
3033,11.51842105263156,0.41485095,holdout,race_aware
3665,11.51842105263156,0.41301864,holdout,race_aware
4729,11.51842105263156,0.49586734,holdout,race_aware
3341,11.51842105263156,0.5044201,holdout,race_aware
5904,11.51842105263156,0.5044201,holdout,race_aware
6127,11.51842105263156,0.49160466,holdout,race_aware
3636,11.51842105263156,0.44466746,holdout,race_aware
1151,11.51842105263156,0.5034604,holdout,race_aware
1731,11.51842105263156,0.52474535,holdout,race_aware
355,11.51842105263156,0.41485095,holdout,race_aware
1246,11.51842105263156,0.41301864,holdout,race_aware
1635,11.51842105263156,0.43118498,holdout,race_aware
4426,11.51842105263156,0.5044201,holdout,race_aware
994,11.51842105263156,0.5162604,holdout,race_aware
5939,11.51842105263156,0.5044201,holdout,race_aware
649,11.51842105263156,0.52474535,holdout,race_aware
3939,11.51842105263156,0.5284177,holdout,race_aware
1410,11.51842105263156,0.4306807,holdout,race_aware
5520,11.51842105263156,0.4312263,holdout,race_aware
4342,11.51842105263156,0.40930536,holdout,race_aware
4468,11.51842105263156,0.41301864,holdout,race_aware
1551,11.51842105263156,0.4306807,holdout,race_aware
3687,11.51842105263156,0.41301864,holdout,race_aware
5611,11.51842105263156,0.49586734,holdout,race_aware
4332,11.51842105263156,0.43118498,holdout,race_aware
5243,11.51842105263156,0.4312263,holdout,race_aware
3401,11.51842105263156,0.50096464,holdout,race_aware
214,11.51842105263156,0.511712,holdout,race_aware
4927,11.51842105263156,0.41301864,holdout,race_aware
1154,11.51842105263156,0.46361732,holdout,race_aware
2524,11.51842105263156,0.3794081,holdout,race_aware
1013,11.51842105263156,0.46361732,holdout,race_aware
803,11.51842105263156,0.5284177,holdout,race_aware
566,11.51842105263156,0.50324374,holdout,race_aware
3204,11.51842105263156,0.5053256,holdout,race_aware
101,11.51842105263156,0.52474535,holdout,race_aware
3077,11.51842105263156,0.5284177,holdout,race_aware
4774,11.51842105263156,0.5073988,holdout,race_aware
2439,11.51842105263156,0.47971773,holdout,race_aware
902,11.51842105263156,0.4312263,holdout,race_aware
1935,11.51842105263156,0.45078596,holdout,race_aware
2181,11.51842105263156,0.52474535,holdout,race_aware
3141,11.51842105263156,0.4306807,holdout,race_aware
351,11.51842105263156,0.52474535,holdout,race_aware
2054,11.51842105263156,0.52474535,holdout,race_aware
5313,11.51842105263156,0.49160466,holdout,race_aware
5957,11.51842105263156,0.5053256,holdout,race_aware
1568,11.51842105263156,0.5284177,holdout,race_aware
3587,11.51842105263156,0.4312263,holdout,race_aware
2320,11.51842105263156,0.41301864,holdout,race_aware
3479,11.51842105263156,0.41301864,holdout,race_aware
5242,11.51842105263156,0.41301864,holdout,race_aware
1375,11.51842105263156,0.5044201,holdout,race_aware
4964,11.51842105263156,0.41301864,holdout,race_aware
782,11.51842105263156,0.5284177,holdout,race_aware
2029,11.51842105263156,0.4592473,holdout,race_aware
4491,11.51842105263156,0.4312263,holdout,race_aware
1391,11.51842105263156,0.4306807,holdout,race_aware
2487,11.51842105263156,0.52474535,holdout,race_aware
2086,11.51842105263156,0.40930536,holdout,race_aware
2826,11.51842105263156,0.52474535,holdout,race_aware
4411,11.51842105263156,0.49164206,holdout,race_aware
1965,11.51842105263156,0.52474535,holdout,race_aware
3091,11.51842105263156,0.5141146,holdout,race_aware
677,11.51842105263156,0.44466746,holdout,race_aware
1136,11.51842105263156,0.4312263,holdout,race_aware
426,11.51842105263156,0.4306807,holdout,race_aware
2846,11.51842105263156,0.42353934,holdout,race_aware
790,12.286315789473663,0.5385648,holdout,race_aware
1489,12.286315789473663,0.47609144,holdout,race_aware
4093,12.286315789473663,0.47609144,holdout,race_aware
5632,12.286315789473663,0.5158888,holdout,race_aware
1352,12.286315789473663,0.53701496,holdout,race_aware
4429,12.286315789473663,0.5139528,holdout,race_aware
5095,12.286315789473663,0.41602966,holdout,race_aware
4032,12.286315789473663,0.4457382,holdout,race_aware
4065,12.286315789473663,0.52637374,holdout,race_aware
4797,12.286315789473663,0.5101224,holdout,race_aware
6123,12.286315789473663,0.5341413,holdout,race_aware
3446,12.286315789473663,0.5101224,holdout,race_aware
4971,12.286315789473663,0.5385648,holdout,race_aware
4245,12.286315789473663,0.5139528,holdout,race_aware
3343,12.286315789473663,0.4440506,holdout,race_aware
5621,12.286315789473663,0.47538203,holdout,race_aware
3470,12.286315789473663,0.5008472,holdout,race_aware
1157,12.286315789473663,0.5158888,holdout,race_aware
3104,12.286315789473663,0.4508742,holdout,race_aware
4619,12.286315789473663,0.50559723,holdout,race_aware
2652,12.286315789473663,0.4457382,holdout,race_aware
2662,12.286315789473663,0.4440506,holdout,race_aware
612,12.286315789473663,0.4508742,holdout,race_aware
2761,12.286315789473663,0.48533028,holdout,race_aware
1900,12.286315789473663,0.42372352,holdout,race_aware
4463,12.286315789473663,0.5139528,holdout,race_aware
1893,12.286315789473663,0.4440506,holdout,race_aware
1296,12.286315789473663,0.5017102,holdout,race_aware
5574,12.286315789473663,0.46664342,holdout,race_aware
5177,12.286315789473663,0.45671383,holdout,race_aware
5195,12.286315789473663,0.5341413,holdout,race_aware
5769,12.286315789473663,0.5341413,holdout,race_aware
3033,12.286315789473663,0.42372352,holdout,race_aware
3665,12.286315789473663,0.41751152,holdout,race_aware
4729,12.286315789473663,0.50559723,holdout,race_aware
3341,12.286315789473663,0.5139528,holdout,race_aware
5904,12.286315789473663,0.5139528,holdout,race_aware
6127,12.286315789473663,0.5008472,holdout,race_aware
3636,12.286315789473663,0.4508742,holdout,race_aware
1151,12.286315789473663,0.5150342,holdout,race_aware
1731,12.286315789473663,0.5341413,holdout,race_aware
355,12.286315789473663,0.42372352,holdout,race_aware
1246,12.286315789473663,0.41751152,holdout,race_aware
1635,12.286315789473663,0.44260302,holdout,race_aware
4426,12.286315789473663,0.5139528,holdout,race_aware
994,12.286315789473663,0.52637374,holdout,race_aware
5939,12.286315789473663,0.5139528,holdout,race_aware
649,12.286315789473663,0.5341413,holdout,race_aware
3939,12.286315789473663,0.5385648,holdout,race_aware
1410,12.286315789473663,0.4440506,holdout,race_aware
5520,12.286315789473663,0.4457382,holdout,race_aware
4342,12.286315789473663,0.41602966,holdout,race_aware
4468,12.286315789473663,0.41751152,holdout,race_aware
1551,12.286315789473663,0.4440506,holdout,race_aware
3687,12.286315789473663,0.41751152,holdout,race_aware
5611,12.286315789473663,0.50559723,holdout,race_aware
4332,12.286315789473663,0.44260302,holdout,race_aware
5243,12.286315789473663,0.4457382,holdout,race_aware
3401,12.286315789473663,0.5101224,holdout,race_aware
214,12.286315789473663,0.5209098,holdout,race_aware
4927,12.286315789473663,0.41751152,holdout,race_aware
1154,12.286315789473663,0.47609144,holdout,race_aware
2524,12.286315789473663,0.3854958,holdout,race_aware
1013,12.286315789473663,0.47609144,holdout,race_aware
803,12.286315789473663,0.5385648,holdout,race_aware
566,12.286315789473663,0.512777,holdout,race_aware
3204,12.286315789473663,0.5158888,holdout,race_aware
101,12.286315789473663,0.5341413,holdout,race_aware
3077,12.286315789473663,0.5385648,holdout,race_aware
4774,12.286315789473663,0.51858467,holdout,race_aware
2439,12.286315789473663,0.4870801,holdout,race_aware
902,12.286315789473663,0.4457382,holdout,race_aware
1935,12.286315789473663,0.45671383,holdout,race_aware
2181,12.286315789473663,0.5341413,holdout,race_aware
3141,12.286315789473663,0.4440506,holdout,race_aware
351,12.286315789473663,0.5341413,holdout,race_aware
2054,12.286315789473663,0.5341413,holdout,race_aware
5313,12.286315789473663,0.5008472,holdout,race_aware
5957,12.286315789473663,0.5158888,holdout,race_aware
1568,12.286315789473663,0.5385648,holdout,race_aware
3587,12.286315789473663,0.4457382,holdout,race_aware
2320,12.286315789473663,0.41751152,holdout,race_aware
3479,12.286315789473663,0.41751152,holdout,race_aware
5242,12.286315789473663,0.41751152,holdout,race_aware
1375,12.286315789473663,0.5139528,holdout,race_aware
4964,12.286315789473663,0.41751152,holdout,race_aware
782,12.286315789473663,0.5385648,holdout,race_aware
2029,12.286315789473663,0.47538203,holdout,race_aware
4491,12.286315789473663,0.4457382,holdout,race_aware
1391,12.286315789473663,0.4440506,holdout,race_aware
2487,12.286315789473663,0.5341413,holdout,race_aware
2086,12.286315789473663,0.41602966,holdout,race_aware
2826,12.286315789473663,0.5341413,holdout,race_aware
4411,12.286315789473663,0.5017102,holdout,race_aware
1965,12.286315789473663,0.5341413,holdout,race_aware
3091,12.286315789473663,0.5253602,holdout,race_aware
677,12.286315789473663,0.4508742,holdout,race_aware
1136,12.286315789473663,0.4457382,holdout,race_aware
426,12.286315789473663,0.4440506,holdout,race_aware
2846,12.286315789473663,0.4441144,holdout,race_aware
790,13.054210526315767,0.55135,holdout,race_aware
1489,13.054210526315767,0.48994488,holdout,race_aware
4093,13.054210526315767,0.48994488,holdout,race_aware
5632,13.054210526315767,0.52771366,holdout,race_aware
1352,13.054210526315767,0.5463262,holdout,race_aware
4429,13.054210526315767,0.52362365,holdout,race_aware
5095,13.054210526315767,0.4246336,holdout,race_aware
4032,13.054210526315767,0.45964402,holdout,race_aware
4065,13.054210526315767,0.5342189,holdout,race_aware
4797,13.054210526315767,0.51874137,holdout,race_aware
6123,13.054210526315767,0.54578,holdout,race_aware
3446,13.054210526315767,0.51874137,holdout,race_aware
4971,13.054210526315767,0.55135,holdout,race_aware
4245,13.054210526315767,0.52362365,holdout,race_aware
3343,13.054210526315767,0.4560756,holdout,race_aware
5621,13.054210526315767,0.48928994,holdout,race_aware
3470,13.054210526315767,0.5130385,holdout,race_aware
1157,13.054210526315767,0.52771366,holdout,race_aware
3104,13.054210526315767,0.45649344,holdout,race_aware
4619,13.054210526315767,0.5142616,holdout,race_aware
2652,13.054210526315767,0.45964402,holdout,race_aware
2662,13.054210526315767,0.4560756,holdout,race_aware
612,13.054210526315767,0.45649344,holdout,race_aware
2761,13.054210526315767,0.4932689,holdout,race_aware
1900,13.054210526315767,0.43603963,holdout,race_aware
4463,13.054210526315767,0.52362365,holdout,race_aware
1893,13.054210526315767,0.4560756,holdout,race_aware
1296,13.054210526315767,0.5103158,holdout,race_aware
5574,13.054210526315767,0.47727534,holdout,race_aware
5177,13.054210526315767,0.4631224,holdout,race_aware
5195,13.054210526315767,0.54578,holdout,race_aware
5769,13.054210526315767,0.54578,holdout,race_aware
3033,13.054210526315767,0.43603963,holdout,race_aware
3665,13.054210526315767,0.42217815,holdout,race_aware
4729,13.054210526315767,0.5142616,holdout,race_aware
3341,13.054210526315767,0.52362365,holdout,race_aware
5904,13.054210526315767,0.52362365,holdout,race_aware
6127,13.054210526315767,0.5130385,holdout,race_aware
3636,13.054210526315767,0.45649344,holdout,race_aware
1151,13.054210526315767,0.5247793,holdout,race_aware
1731,13.054210526315767,0.54578,holdout,race_aware
355,13.054210526315767,0.43603963,holdout,race_aware
1246,13.054210526315767,0.42217815,holdout,race_aware
1635,13.054210526315767,0.45094463,holdout,race_aware
4426,13.054210526315767,0.52362365,holdout,race_aware
994,13.054210526315767,0.5342189,holdout,race_aware
5939,13.054210526315767,0.52362365,holdout,race_aware
649,13.054210526315767,0.54578,holdout,race_aware
3939,13.054210526315767,0.55135,holdout,race_aware
1410,13.054210526315767,0.4560756,holdout,race_aware
5520,13.054210526315767,0.45964402,holdout,race_aware
4342,13.054210526315767,0.4246336,holdout,race_aware
4468,13.054210526315767,0.42217815,holdout,race_aware
1551,13.054210526315767,0.4560756,holdout,race_aware
3687,13.054210526315767,0.42217815,holdout,race_aware
5611,13.054210526315767,0.5142616,holdout,race_aware
4332,13.054210526315767,0.45094463,holdout,race_aware
5243,13.054210526315767,0.45964402,holdout,race_aware
3401,13.054210526315767,0.51874137,holdout,race_aware
214,13.054210526315767,0.5306092,holdout,race_aware
4927,13.054210526315767,0.42217815,holdout,race_aware
1154,13.054210526315767,0.48994488,holdout,race_aware
2524,13.054210526315767,0.39207974,holdout,race_aware
1013,13.054210526315767,0.48994488,holdout,race_aware
803,13.054210526315767,0.55135,holdout,race_aware
566,13.054210526315767,0.52109754,holdout,race_aware
3204,13.054210526315767,0.52771366,holdout,race_aware
101,13.054210526315767,0.54578,holdout,race_aware
3077,13.054210526315767,0.55135,holdout,race_aware
4774,13.054210526315767,0.5290945,holdout,race_aware
2439,13.054210526315767,0.49224138,holdout,race_aware
902,13.054210526315767,0.45964402,holdout,race_aware
1935,13.054210526315767,0.4631224,holdout,race_aware
2181,13.054210526315767,0.54578,holdout,race_aware
3141,13.054210526315767,0.4560756,holdout,race_aware
351,13.054210526315767,0.54578,holdout,race_aware
2054,13.054210526315767,0.54578,holdout,race_aware
5313,13.054210526315767,0.5130385,holdout,race_aware
5957,13.054210526315767,0.52771366,holdout,race_aware
1568,13.054210526315767,0.55135,holdout,race_aware
3587,13.054210526315767,0.45964402,holdout,race_aware
2320,13.054210526315767,0.42217815,holdout,race_aware
3479,13.054210526315767,0.42217815,holdout,race_aware
5242,13.054210526315767,0.42217815,holdout,race_aware
1375,13.054210526315767,0.52362365,holdout,race_aware
4964,13.054210526315767,0.42217815,holdout,race_aware
782,13.054210526315767,0.55135,holdout,race_aware
2029,13.054210526315767,0.48928994,holdout,race_aware
4491,13.054210526315767,0.45964402,holdout,race_aware
1391,13.054210526315767,0.4560756,holdout,race_aware
2487,13.054210526315767,0.54578,holdout,race_aware
2086,13.054210526315767,0.4246336,holdout,race_aware
2826,13.054210526315767,0.54578,holdout,race_aware
4411,13.054210526315767,0.5103158,holdout,race_aware
1965,13.054210526315767,0.54578,holdout,race_aware
3091,13.054210526315767,0.53675354,holdout,race_aware
677,13.054210526315767,0.45649344,holdout,race_aware
1136,13.054210526315767,0.45964402,holdout,race_aware
426,13.054210526315767,0.4560756,holdout,race_aware
2846,13.054210526315767,0.46147954,holdout,race_aware
790,13.822105263157871,0.5596508,holdout,race_aware
1489,13.822105263157871,0.50262624,holdout,race_aware
4093,13.822105263157871,0.50262624,holdout,race_aware
5632,13.822105263157871,0.53944176,holdout,race_aware
1352,13.822105263157871,0.5558254,holdout,race_aware
4429,13.822105263157871,0.5334671,holdout,race_aware
5095,13.822105263157871,0.43232378,holdout,race_aware
4032,13.822105263157871,0.47238737,holdout,race_aware
4065,13.822105263157871,0.54548573,holdout,race_aware
4797,13.822105263157871,0.5253613,holdout,race_aware
6123,13.822105263157871,0.55524844,holdout,race_aware
3446,13.822105263157871,0.5253613,holdout,race_aware
4971,13.822105263157871,0.5596508,holdout,race_aware
4245,13.822105263157871,0.5334671,holdout,race_aware
3343,13.822105263157871,0.4715798,holdout,race_aware
5621,13.822105263157871,0.5017927,holdout,race_aware
3470,13.822105263157871,0.52116454,holdout,race_aware
1157,13.822105263157871,0.53944176,holdout,race_aware
3104,13.822105263157871,0.46314567,holdout,race_aware
4619,13.822105263157871,0.52577055,holdout,race_aware
2652,13.822105263157871,0.47238737,holdout,race_aware
2662,13.822105263157871,0.4715798,holdout,race_aware
612,13.822105263157871,0.46314567,holdout,race_aware
2761,13.822105263157871,0.49993318,holdout,race_aware
1900,13.822105263157871,0.44707263,holdout,race_aware
4463,13.822105263157871,0.5334671,holdout,race_aware
1893,13.822105263157871,0.4715798,holdout,race_aware
1296,13.822105263157871,0.5202244,holdout,race_aware
5574,13.822105263157871,0.48650172,holdout,race_aware
5177,13.822105263157871,0.46929392,holdout,race_aware
5195,13.822105263157871,0.55524844,holdout,race_aware
5769,13.822105263157871,0.55524844,holdout,race_aware
3033,13.822105263157871,0.44707263,holdout,race_aware
3665,13.822105263157871,0.4273439,holdout,race_aware
4729,13.822105263157871,0.52577055,holdout,race_aware
3341,13.822105263157871,0.5334671,holdout,race_aware
5904,13.822105263157871,0.5334671,holdout,race_aware
6127,13.822105263157871,0.52116454,holdout,race_aware
3636,13.822105263157871,0.46314567,holdout,race_aware
1151,13.822105263157871,0.53632784,holdout,race_aware
1731,13.822105263157871,0.55524844,holdout,race_aware
355,13.822105263157871,0.44707263,holdout,race_aware
1246,13.822105263157871,0.4273439,holdout,race_aware
1635,13.822105263157871,0.4619836,holdout,race_aware
4426,13.822105263157871,0.5334671,holdout,race_aware
994,13.822105263157871,0.54548573,holdout,race_aware
5939,13.822105263157871,0.5334671,holdout,race_aware
649,13.822105263157871,0.55524844,holdout,race_aware
3939,13.822105263157871,0.5596508,holdout,race_aware
1410,13.822105263157871,0.4715798,holdout,race_aware
5520,13.822105263157871,0.47238737,holdout,race_aware
4342,13.822105263157871,0.43232378,holdout,race_aware
4468,13.822105263157871,0.4273439,holdout,race_aware
1551,13.822105263157871,0.4715798,holdout,race_aware
3687,13.822105263157871,0.4273439,holdout,race_aware
5611,13.822105263157871,0.52577055,holdout,race_aware
4332,13.822105263157871,0.4619836,holdout,race_aware
5243,13.822105263157871,0.47238737,holdout,race_aware
3401,13.822105263157871,0.5253613,holdout,race_aware
214,13.822105263157871,0.5401689,holdout,race_aware
4927,13.822105263157871,0.4273439,holdout,race_aware
1154,13.822105263157871,0.50262624,holdout,race_aware
2524,13.822105263157871,0.39786384,holdout,race_aware
1013,13.822105263157871,0.50262624,holdout,race_aware
803,13.822105263157871,0.5596508,holdout,race_aware
566,13.822105263157871,0.53006303,holdout,race_aware
3204,13.822105263157871,0.53944176,holdout,race_aware
101,13.822105263157871,0.55524844,holdout,race_aware
3077,13.822105263157871,0.5596508,holdout,race_aware
4774,13.822105263157871,0.5419317,holdout,race_aware
2439,13.822105263157871,0.5036384,holdout,race_aware
902,13.822105263157871,0.47238737,holdout,race_aware
1935,13.822105263157871,0.46929392,holdout,race_aware
2181,13.822105263157871,0.55524844,holdout,race_aware
3141,13.822105263157871,0.4715798,holdout,race_aware
351,13.822105263157871,0.55524844,holdout,race_aware
2054,13.822105263157871,0.55524844,holdout,race_aware
5313,13.822105263157871,0.52116454,holdout,race_aware
5957,13.822105263157871,0.53944176,holdout,race_aware
1568,13.822105263157871,0.5596508,holdout,race_aware
3587,13.822105263157871,0.47238737,holdout,race_aware
2320,13.822105263157871,0.4273439,holdout,race_aware
3479,13.822105263157871,0.4273439,holdout,race_aware
5242,13.822105263157871,0.4273439,holdout,race_aware
1375,13.822105263157871,0.5334671,holdout,race_aware
4964,13.822105263157871,0.4273439,holdout,race_aware
782,13.822105263157871,0.5596508,holdout,race_aware
2029,13.822105263157871,0.5017927,holdout,race_aware
4491,13.822105263157871,0.47238737,holdout,race_aware
1391,13.822105263157871,0.4715798,holdout,race_aware
2487,13.822105263157871,0.55524844,holdout,race_aware
2086,13.822105263157871,0.43232378,holdout,race_aware
2826,13.822105263157871,0.55524844,holdout,race_aware
4411,13.822105263157871,0.5202244,holdout,race_aware
1965,13.822105263157871,0.55524844,holdout,race_aware
3091,13.822105263157871,0.5473316,holdout,race_aware
677,13.822105263157871,0.46314567,holdout,race_aware
1136,13.822105263157871,0.47238737,holdout,race_aware
426,13.822105263157871,0.4715798,holdout,race_aware
2846,13.822105263157871,0.47471076,holdout,race_aware
790,14.589999999999975,0.5720991,holdout,race_aware
1489,14.589999999999975,0.51627934,holdout,race_aware
4093,14.589999999999975,0.51627934,holdout,race_aware
5632,14.589999999999975,0.5518227,holdout,race_aware
1352,14.589999999999975,0.56538826,holdout,race_aware
4429,14.589999999999975,0.5428535,holdout,race_aware
5095,14.589999999999975,0.44157252,holdout,race_aware
4032,14.589999999999975,0.4842983,holdout,race_aware
4065,14.589999999999975,0.55550647,holdout,race_aware
4797,14.589999999999975,0.5341722,holdout,race_aware
6123,14.589999999999975,0.565827,holdout,race_aware
3446,14.589999999999975,0.5341722,holdout,race_aware
4971,14.589999999999975,0.5720991,holdout,race_aware
4245,14.589999999999975,0.5428535,holdout,race_aware
3343,14.589999999999975,0.4823373,holdout,race_aware
5621,14.589999999999975,0.51316595,holdout,race_aware
3470,14.589999999999975,0.5324125,holdout,race_aware
1157,14.589999999999975,0.5518227,holdout,race_aware
3104,14.589999999999975,0.46836644,holdout,race_aware
4619,14.589999999999975,0.5353017,holdout,race_aware
2652,14.589999999999975,0.4842983,holdout,race_aware
2662,14.589999999999975,0.4823373,holdout,race_aware
612,14.589999999999975,0.46836644,holdout,race_aware
2761,14.589999999999975,0.50771683,holdout,race_aware
1900,14.589999999999975,0.45916706,holdout,race_aware
4463,14.589999999999975,0.5428535,holdout,race_aware
1893,14.589999999999975,0.4823373,holdout,race_aware
1296,14.589999999999975,0.5308471,holdout,race_aware
5574,14.589999999999975,0.49584755,holdout,race_aware
5177,14.589999999999975,0.4745148,holdout,race_aware
5195,14.589999999999975,0.565827,holdout,race_aware
5769,14.589999999999975,0.565827,holdout,race_aware
3033,14.589999999999975,0.45916706,holdout,race_aware
3665,14.589999999999975,0.4304201,holdout,race_aware
4729,14.589999999999975,0.5353017,holdout,race_aware
3341,14.589999999999975,0.5428535,holdout,race_aware
5904,14.589999999999975,0.5428535,holdout,race_aware
6127,14.589999999999975,0.5324125,holdout,race_aware
3636,14.589999999999975,0.46836644,holdout,race_aware
1151,14.589999999999975,0.54411197,holdout,race_aware
1731,14.589999999999975,0.565827,holdout,race_aware
355,14.589999999999975,0.45916706,holdout,race_aware
1246,14.589999999999975,0.4304201,holdout,race_aware
1635,14.589999999999975,0.47304913,holdout,race_aware
4426,14.589999999999975,0.5428535,holdout,race_aware
994,14.589999999999975,0.55550647,holdout,race_aware
5939,14.589999999999975,0.5428535,holdout,race_aware
649,14.589999999999975,0.565827,holdout,race_aware
3939,14.589999999999975,0.5720991,holdout,race_aware
1410,14.589999999999975,0.4823373,holdout,race_aware
5520,14.589999999999975,0.4842983,holdout,race_aware
4342,14.589999999999975,0.44157252,holdout,race_aware
4468,14.589999999999975,0.4304201,holdout,race_aware
1551,14.589999999999975,0.4823373,holdout,race_aware
3687,14.589999999999975,0.4304201,holdout,race_aware
5611,14.589999999999975,0.5353017,holdout,race_aware
4332,14.589999999999975,0.47304913,holdout,race_aware
5243,14.589999999999975,0.4842983,holdout,race_aware
3401,14.589999999999975,0.5341722,holdout,race_aware
214,14.589999999999975,0.5510158,holdout,race_aware
4927,14.589999999999975,0.4304201,holdout,race_aware
1154,14.589999999999975,0.51627934,holdout,race_aware
2524,14.589999999999975,0.4038767,holdout,race_aware
1013,14.589999999999975,0.51627934,holdout,race_aware
803,14.589999999999975,0.5720991,holdout,race_aware
566,14.589999999999975,0.53934103,holdout,race_aware
3204,14.589999999999975,0.5518227,holdout,race_aware
101,14.589999999999975,0.565827,holdout,race_aware
3077,14.589999999999975,0.5720991,holdout,race_aware
4774,14.589999999999975,0.55076104,holdout,race_aware
2439,14.589999999999975,0.5137738,holdout,race_aware
902,14.589999999999975,0.4842983,holdout,race_aware
1935,14.589999999999975,0.4745148,holdout,race_aware
2181,14.589999999999975,0.565827,holdout,race_aware
3141,14.589999999999975,0.4823373,holdout,race_aware
351,14.589999999999975,0.565827,holdout,race_aware
2054,14.589999999999975,0.565827,holdout,race_aware
5313,14.589999999999975,0.5324125,holdout,race_aware
5957,14.589999999999975,0.5518227,holdout,race_aware
1568,14.589999999999975,0.5720991,holdout,race_aware
3587,14.589999999999975,0.4842983,holdout,race_aware
2320,14.589999999999975,0.4304201,holdout,race_aware
3479,14.589999999999975,0.4304201,holdout,race_aware
5242,14.589999999999975,0.4304201,holdout,race_aware
1375,14.589999999999975,0.5428535,holdout,race_aware
4964,14.589999999999975,0.4304201,holdout,race_aware
782,14.589999999999975,0.5720991,holdout,race_aware
2029,14.589999999999975,0.51316595,holdout,race_aware
4491,14.589999999999975,0.4842983,holdout,race_aware
1391,14.589999999999975,0.4823373,holdout,race_aware
2487,14.589999999999975,0.565827,holdout,race_aware
2086,14.589999999999975,0.44157252,holdout,race_aware
2826,14.589999999999975,0.565827,holdout,race_aware
4411,14.589999999999975,0.5308471,holdout,race_aware
1965,14.589999999999975,0.565827,holdout,race_aware
3091,14.589999999999975,0.5567295,holdout,race_aware
677,14.589999999999975,0.46836644,holdout,race_aware
1136,14.589999999999975,0.4842983,holdout,race_aware
426,14.589999999999975,0.4823373,holdout,race_aware
2846,14.589999999999975,0.48830152,holdout,race_aware
3791,0.0,0.0,X1+X2_to_X3,race_aware
2963,0.0,0.0,X1+X2_to_X3,race_aware
2798,0.0,0.0,X1+X2_to_X3,race_aware
647,0.0,0.0,X1+X2_to_X3,race_aware
971,0.0,0.0,X1+X2_to_X3,race_aware
2190,0.0,0.0,X1+X2_to_X3,race_aware
1629,0.0,0.0,X1+X2_to_X3,race_aware
5022,0.0,0.0,X1+X2_to_X3,race_aware
2136,0.0,0.0,X1+X2_to_X3,race_aware
5313,0.0,0.0,X1+X2_to_X3,race_aware
5845,0.0,0.0,X1+X2_to_X3,race_aware
1458,0.0,0.0,X1+X2_to_X3,race_aware
3885,0.0,0.0,X1+X2_to_X3,race_aware
5669,0.0,0.0,X1+X2_to_X3,race_aware
2141,0.0,0.0,X1+X2_to_X3,race_aware
2475,0.0,0.0,X1+X2_to_X3,race_aware
3068,0.0,0.0,X1+X2_to_X3,race_aware
924,0.0,0.0,X1+X2_to_X3,race_aware
1724,0.0,0.0,X1+X2_to_X3,race_aware
4759,0.0,0.0,X1+X2_to_X3,race_aware
2540,0.0,0.0,X1+X2_to_X3,race_aware
4633,0.0,0.0,X1+X2_to_X3,race_aware
5419,0.0,0.0,X1+X2_to_X3,race_aware
745,0.0,0.0,X1+X2_to_X3,race_aware
598,0.0,0.0,X1+X2_to_X3,race_aware
5671,0.0,0.0,X1+X2_to_X3,race_aware
226,0.0,0.0,X1+X2_to_X3,race_aware
5836,0.0,0.0,X1+X2_to_X3,race_aware
1694,0.0,0.0,X1+X2_to_X3,race_aware
3077,0.0,0.0,X1+X2_to_X3,race_aware
3012,0.0,0.0,X1+X2_to_X3,race_aware
3196,0.0,0.0,X1+X2_to_X3,race_aware
6021,0.0,0.0,X1+X2_to_X3,race_aware
2718,0.0,0.0,X1+X2_to_X3,race_aware
3018,0.0,0.0,X1+X2_to_X3,race_aware
1203,0.0,0.0,X1+X2_to_X3,race_aware
4651,0.0,0.0,X1+X2_to_X3,race_aware
1073,0.0,0.0,X1+X2_to_X3,race_aware
3746,0.0,0.0,X1+X2_to_X3,race_aware
4984,0.0,0.0,X1+X2_to_X3,race_aware
1269,0.0,0.0,X1+X2_to_X3,race_aware
4432,0.0,0.0,X1+X2_to_X3,race_aware
5482,0.0,0.0,X1+X2_to_X3,race_aware
3638,0.0,0.0,X1+X2_to_X3,race_aware
1602,0.0,0.0,X1+X2_to_X3,race_aware
557,0.0,0.0,X1+X2_to_X3,race_aware
2279,0.0,0.0,X1+X2_to_X3,race_aware
443,0.0,0.0,X1+X2_to_X3,race_aware
6133,0.0,0.0,X1+X2_to_X3,race_aware
261,0.0,0.0,X1+X2_to_X3,race_aware
4770,0.0,0.0,X1+X2_to_X3,race_aware
3704,0.0,0.0,X1+X2_to_X3,race_aware
1304,0.0,0.0,X1+X2_to_X3,race_aware
4439,0.0,0.0,X1+X2_to_X3,race_aware
5513,0.0,0.0,X1+X2_to_X3,race_aware
4774,0.0,0.0,X1+X2_to_X3,race_aware
1977,0.0,0.0,X1+X2_to_X3,race_aware
3871,0.0,0.0,X1+X2_to_X3,race_aware
332,0.0,0.0,X1+X2_to_X3,race_aware
1685,0.0,0.0,X1+X2_to_X3,race_aware
229,0.0,0.0,X1+X2_to_X3,race_aware
4805,0.0,0.0,X1+X2_to_X3,race_aware
5527,0.0,0.0,X1+X2_to_X3,race_aware
2516,0.0,0.0,X1+X2_to_X3,race_aware
2933,0.0,0.0,X1+X2_to_X3,race_aware
1360,0.0,0.0,X1+X2_to_X3,race_aware
2698,0.0,0.0,X1+X2_to_X3,race_aware
1499,0.0,0.0,X1+X2_to_X3,race_aware
5005,0.0,0.0,X1+X2_to_X3,race_aware
719,0.0,0.0,X1+X2_to_X3,race_aware
433,0.0,0.0,X1+X2_to_X3,race_aware
1192,0.0,0.0,X1+X2_to_X3,race_aware
5570,0.0,0.0,X1+X2_to_X3,race_aware
2767,0.0,0.0,X1+X2_to_X3,race_aware
1527,0.0,0.0,X1+X2_to_X3,race_aware
3550,0.0,0.0,X1+X2_to_X3,race_aware
6147,0.0,0.0,X1+X2_to_X3,race_aware
4360,0.0,0.0,X1+X2_to_X3,race_aware
1884,0.0,0.0,X1+X2_to_X3,race_aware
4116,0.0,0.0,X1+X2_to_X3,race_aware
3797,0.0,0.0,X1+X2_to_X3,race_aware
1407,0.0,0.0,X1+X2_to_X3,race_aware
4630,0.0,0.0,X1+X2_to_X3,race_aware
4858,0.0,0.0,X1+X2_to_X3,race_aware
2985,0.0,0.0,X1+X2_to_X3,race_aware
6131,0.0,0.0,X1+X2_to_X3,race_aware
1280,0.0,0.0,X1+X2_to_X3,race_aware
398,0.0,0.0,X1+X2_to_X3,race_aware
2892,0.0,0.0,X1+X2_to_X3,race_aware
121,0.0,0.0,X1+X2_to_X3,race_aware
860,0.0,0.0,X1+X2_to_X3,race_aware
3589,0.0,0.0,X1+X2_to_X3,race_aware
320,0.0,0.0,X1+X2_to_X3,race_aware
2231,0.0,0.0,X1+X2_to_X3,race_aware
5049,0.0,0.0,X1+X2_to_X3,race_aware
5334,0.0,0.0,X1+X2_to_X3,race_aware
1780,0.0,0.0,X1+X2_to_X3,race_aware
3192,0.0,0.0,X1+X2_to_X3,race_aware
448,0.0,0.0,X1+X2_to_X3,race_aware
5640,0.0,0.0,X1+X2_to_X3,race_aware
3791,0.6626315789473671,0.050657064,X1+X2_to_X3,race_aware
2963,0.6626315789473671,0.04249449,X1+X2_to_X3,race_aware
2798,0.6626315789473671,0.043019906,X1+X2_to_X3,race_aware
647,0.6626315789473671,0.03981425,X1+X2_to_X3,race_aware
971,0.6626315789473671,0.09656215,X1+X2_to_X3,race_aware
2190,0.6626315789473671,0.050657064,X1+X2_to_X3,race_aware
1629,0.6626315789473671,0.04506278,X1+X2_to_X3,race_aware
5022,0.6626315789473671,0.04536797,X1+X2_to_X3,race_aware
2136,0.6626315789473671,0.050657064,X1+X2_to_X3,race_aware
5313,0.6626315789473671,0.054767743,X1+X2_to_X3,race_aware
5845,0.6626315789473671,0.051049173,X1+X2_to_X3,race_aware
1458,0.6626315789473671,0.037252314,X1+X2_to_X3,race_aware
3885,0.6626315789473671,0.084496796,X1+X2_to_X3,race_aware
5669,0.6626315789473671,0.050657064,X1+X2_to_X3,race_aware
2141,0.6626315789473671,0.05431974,X1+X2_to_X3,race_aware
2475,0.6626315789473671,0.051049173,X1+X2_to_X3,race_aware
3068,0.6626315789473671,0.04300803,X1+X2_to_X3,race_aware
924,0.6626315789473671,0.087889165,X1+X2_to_X3,race_aware
1724,0.6626315789473671,0.05625227,X1+X2_to_X3,race_aware
4759,0.6626315789473671,0.050657064,X1+X2_to_X3,race_aware
2540,0.6626315789473671,0.051100373,X1+X2_to_X3,race_aware
4633,0.6626315789473671,0.089825064,X1+X2_to_X3,race_aware
5419,0.6626315789473671,0.051049173,X1+X2_to_X3,race_aware
745,0.6626315789473671,0.089825064,X1+X2_to_X3,race_aware
598,0.6626315789473671,0.050657064,X1+X2_to_X3,race_aware
5671,0.6626315789473671,0.089825064,X1+X2_to_X3,race_aware
226,0.6626315789473671,0.07979074,X1+X2_to_X3,race_aware
5836,0.6626315789473671,0.04249449,X1+X2_to_X3,race_aware
1694,0.6626315789473671,0.043019906,X1+X2_to_X3,race_aware
3077,0.6626315789473671,0.04506278,X1+X2_to_X3,race_aware
3012,0.6626315789473671,0.087889165,X1+X2_to_X3,race_aware
3196,0.6626315789473671,0.050657064,X1+X2_to_X3,race_aware
6021,0.6626315789473671,0.039246276,X1+X2_to_X3,race_aware
2718,0.6626315789473671,0.050418004,X1+X2_to_X3,race_aware
3018,0.6626315789473671,0.04506278,X1+X2_to_X3,race_aware
1203,0.6626315789473671,0.089825064,X1+X2_to_X3,race_aware
4651,0.6626315789473671,0.050657064,X1+X2_to_X3,race_aware
1073,0.6626315789473671,0.04506278,X1+X2_to_X3,race_aware
3746,0.6626315789473671,0.051100373,X1+X2_to_X3,race_aware
4984,0.6626315789473671,0.05421987,X1+X2_to_X3,race_aware
1269,0.6626315789473671,0.069740236,X1+X2_to_X3,race_aware
4432,0.6626315789473671,0.089825064,X1+X2_to_X3,race_aware
5482,0.6626315789473671,0.051049173,X1+X2_to_X3,race_aware
3638,0.6626315789473671,0.07545823,X1+X2_to_X3,race_aware
1602,0.6626315789473671,0.08367875,X1+X2_to_X3,race_aware
557,0.6626315789473671,0.04506278,X1+X2_to_X3,race_aware
2279,0.6626315789473671,0.037252314,X1+X2_to_X3,race_aware
443,0.6626315789473671,0.051100373,X1+X2_to_X3,race_aware
6133,0.6626315789473671,0.089825064,X1+X2_to_X3,race_aware
261,0.6626315789473671,0.051049173,X1+X2_to_X3,race_aware
4770,0.6626315789473671,0.03981425,X1+X2_to_X3,race_aware
3704,0.6626315789473671,0.050657064,X1+X2_to_X3,race_aware
1304,0.6626315789473671,0.04506278,X1+X2_to_X3,race_aware
4439,0.6626315789473671,0.04536797,X1+X2_to_X3,race_aware
5513,0.6626315789473671,0.051100373,X1+X2_to_X3,race_aware
4774,0.6626315789473671,0.052834973,X1+X2_to_X3,race_aware
1977,0.6626315789473671,0.089825064,X1+X2_to_X3,race_aware
3871,0.6626315789473671,0.050657064,X1+X2_to_X3,race_aware
332,0.6626315789473671,0.050657064,X1+X2_to_X3,race_aware
1685,0.6626315789473671,0.04414001,X1+X2_to_X3,race_aware
229,0.6626315789473671,0.03981425,X1+X2_to_X3,race_aware
4805,0.6626315789473671,0.050657064,X1+X2_to_X3,race_aware
5527,0.6626315789473671,0.044921026,X1+X2_to_X3,race_aware
2516,0.6626315789473671,0.051100373,X1+X2_to_X3,race_aware
2933,0.6626315789473671,0.0817759,X1+X2_to_X3,race_aware
1360,0.6626315789473671,0.084496796,X1+X2_to_X3,race_aware
2698,0.6626315789473671,0.050657064,X1+X2_to_X3,race_aware
1499,0.6626315789473671,0.087889165,X1+X2_to_X3,race_aware
5005,0.6626315789473671,0.04414001,X1+X2_to_X3,race_aware
719,0.6626315789473671,0.04249449,X1+X2_to_X3,race_aware
433,0.6626315789473671,0.05431974,X1+X2_to_X3,race_aware
1192,0.6626315789473671,0.04249449,X1+X2_to_X3,race_aware
5570,0.6626315789473671,0.050657064,X1+X2_to_X3,race_aware
2767,0.6626315789473671,0.050657064,X1+X2_to_X3,race_aware
1527,0.6626315789473671,0.050657064,X1+X2_to_X3,race_aware
3550,0.6626315789473671,0.044921026,X1+X2_to_X3,race_aware
6147,0.6626315789473671,0.04249449,X1+X2_to_X3,race_aware
4360,0.6626315789473671,0.044921026,X1+X2_to_X3,race_aware
1884,0.6626315789473671,0.05038683,X1+X2_to_X3,race_aware
4116,0.6626315789473671,0.04506278,X1+X2_to_X3,race_aware
3797,0.6626315789473671,0.04249449,X1+X2_to_X3,race_aware
1407,0.6626315789473671,0.043019906,X1+X2_to_X3,race_aware
4630,0.6626315789473671,0.04414001,X1+X2_to_X3,race_aware
4858,0.6626315789473671,0.04506278,X1+X2_to_X3,race_aware
2985,0.6626315789473671,0.087889165,X1+X2_to_X3,race_aware
6131,0.6626315789473671,0.051049173,X1+X2_to_X3,race_aware
1280,0.6626315789473671,0.04414001,X1+X2_to_X3,race_aware
398,0.6626315789473671,0.04506278,X1+X2_to_X3,race_aware
2892,0.6626315789473671,0.050657064,X1+X2_to_X3,race_aware
121,0.6626315789473671,0.052834973,X1+X2_to_X3,race_aware
860,0.6626315789473671,0.050657064,X1+X2_to_X3,race_aware
3589,0.6626315789473671,0.09656215,X1+X2_to_X3,race_aware
320,0.6626315789473671,0.07208213,X1+X2_to_X3,race_aware
2231,0.6626315789473671,0.04506232,X1+X2_to_X3,race_aware
5049,0.6626315789473671,0.089825064,X1+X2_to_X3,race_aware
5334,0.6626315789473671,0.050657064,X1+X2_to_X3,race_aware
1780,0.6626315789473671,0.050657064,X1+X2_to_X3,race_aware
3192,0.6626315789473671,0.076925576,X1+X2_to_X3,race_aware
448,0.6626315789473671,0.050657064,X1+X2_to_X3,race_aware
5640,0.6626315789473671,0.051049173,X1+X2_to_X3,race_aware
3791,1.3252631578947343,0.12188485,X1+X2_to_X3,race_aware
2963,1.3252631578947343,0.09073387,X1+X2_to_X3,race_aware
2798,1.3252631578947343,0.08502655,X1+X2_to_X3,race_aware
647,1.3252631578947343,0.08466856,X1+X2_to_X3,race_aware
971,1.3252631578947343,0.2191048,X1+X2_to_X3,race_aware
2190,1.3252631578947343,0.12188485,X1+X2_to_X3,race_aware
1629,1.3252631578947343,0.10944852,X1+X2_to_X3,race_aware
5022,1.3252631578947343,0.10611895,X1+X2_to_X3,race_aware
2136,1.3252631578947343,0.12188485,X1+X2_to_X3,race_aware
5313,1.3252631578947343,0.11683665,X1+X2_to_X3,race_aware
5845,1.3252631578947343,0.10919461,X1+X2_to_X3,race_aware
1458,1.3252631578947343,0.07928022,X1+X2_to_X3,race_aware
3885,1.3252631578947343,0.18568575,X1+X2_to_X3,race_aware
5669,1.3252631578947343,0.12188485,X1+X2_to_X3,race_aware
2141,1.3252631578947343,0.11941242,X1+X2_to_X3,race_aware
2475,1.3252631578947343,0.10919461,X1+X2_to_X3,race_aware
3068,1.3252631578947343,0.08764097,X1+X2_to_X3,race_aware
924,1.3252631578947343,0.20367017,X1+X2_to_X3,race_aware
1724,1.3252631578947343,0.12201178,X1+X2_to_X3,race_aware
4759,1.3252631578947343,0.12188485,X1+X2_to_X3,race_aware
2540,1.3252631578947343,0.11876485,X1+X2_to_X3,race_aware
4633,1.3252631578947343,0.19819954,X1+X2_to_X3,race_aware
5419,1.3252631578947343,0.10919461,X1+X2_to_X3,race_aware
745,1.3252631578947343,0.19819954,X1+X2_to_X3,race_aware
598,1.3252631578947343,0.12188485,X1+X2_to_X3,race_aware
5671,1.3252631578947343,0.19819954,X1+X2_to_X3,race_aware
226,1.3252631578947343,0.17296669,X1+X2_to_X3,race_aware
5836,1.3252631578947343,0.09073387,X1+X2_to_X3,race_aware
1694,1.3252631578947343,0.08502655,X1+X2_to_X3,race_aware
3077,1.3252631578947343,0.10944852,X1+X2_to_X3,race_aware
3012,1.3252631578947343,0.20367017,X1+X2_to_X3,race_aware
3196,1.3252631578947343,0.12188485,X1+X2_to_X3,race_aware
6021,1.3252631578947343,0.08417027,X1+X2_to_X3,race_aware
2718,1.3252631578947343,0.12356429,X1+X2_to_X3,race_aware
3018,1.3252631578947343,0.10944852,X1+X2_to_X3,race_aware
1203,1.3252631578947343,0.19819954,X1+X2_to_X3,race_aware
4651,1.3252631578947343,0.12188485,X1+X2_to_X3,race_aware
1073,1.3252631578947343,0.10944852,X1+X2_to_X3,race_aware
3746,1.3252631578947343,0.11876485,X1+X2_to_X3,race_aware
4984,1.3252631578947343,0.1298143,X1+X2_to_X3,race_aware
1269,1.3252631578947343,0.16753104,X1+X2_to_X3,race_aware
4432,1.3252631578947343,0.19819954,X1+X2_to_X3,race_aware
5482,1.3252631578947343,0.10919461,X1+X2_to_X3,race_aware
3638,1.3252631578947343,0.18629593,X1+X2_to_X3,race_aware
1602,1.3252631578947343,0.18151322,X1+X2_to_X3,race_aware
557,1.3252631578947343,0.10944852,X1+X2_to_X3,race_aware
2279,1.3252631578947343,0.07928022,X1+X2_to_X3,race_aware
443,1.3252631578947343,0.11876485,X1+X2_to_X3,race_aware
6133,1.3252631578947343,0.19819954,X1+X2_to_X3,race_aware
261,1.3252631578947343,0.10919461,X1+X2_to_X3,race_aware
4770,1.3252631578947343,0.08466856,X1+X2_to_X3,race_aware
3704,1.3252631578947343,0.12188485,X1+X2_to_X3,race_aware
1304,1.3252631578947343,0.10944852,X1+X2_to_X3,race_aware
4439,1.3252631578947343,0.10611895,X1+X2_to_X3,race_aware
5513,1.3252631578947343,0.11876485,X1+X2_to_X3,race_aware
4774,1.3252631578947343,0.122631416,X1+X2_to_X3,race_aware
1977,1.3252631578947343,0.19819954,X1+X2_to_X3,race_aware
3871,1.3252631578947343,0.12188485,X1+X2_to_X3,race_aware
332,1.3252631578947343,0.12188485,X1+X2_to_X3,race_aware
1685,1.3252631578947343,0.09068322,X1+X2_to_X3,race_aware
229,1.3252631578947343,0.08466856,X1+X2_to_X3,race_aware
4805,1.3252631578947343,0.12188485,X1+X2_to_X3,race_aware
5527,1.3252631578947343,0.08807826,X1+X2_to_X3,race_aware
2516,1.3252631578947343,0.11876485,X1+X2_to_X3,race_aware
2933,1.3252631578947343,0.17354813,X1+X2_to_X3,race_aware
1360,1.3252631578947343,0.18568575,X1+X2_to_X3,race_aware
2698,1.3252631578947343,0.12188485,X1+X2_to_X3,race_aware
1499,1.3252631578947343,0.20367017,X1+X2_to_X3,race_aware
5005,1.3252631578947343,0.09068322,X1+X2_to_X3,race_aware
719,1.3252631578947343,0.09073387,X1+X2_to_X3,race_aware
433,1.3252631578947343,0.11941242,X1+X2_to_X3,race_aware
1192,1.3252631578947343,0.09073387,X1+X2_to_X3,race_aware
5570,1.3252631578947343,0.12188485,X1+X2_to_X3,race_aware
2767,1.3252631578947343,0.12188485,X1+X2_to_X3,race_aware
1527,1.3252631578947343,0.12188485,X1+X2_to_X3,race_aware
3550,1.3252631578947343,0.08807826,X1+X2_to_X3,race_aware
6147,1.3252631578947343,0.09073387,X1+X2_to_X3,race_aware
4360,1.3252631578947343,0.08807826,X1+X2_to_X3,race_aware
1884,1.3252631578947343,0.121336445,X1+X2_to_X3,race_aware
4116,1.3252631578947343,0.10944852,X1+X2_to_X3,race_aware
3797,1.3252631578947343,0.09073387,X1+X2_to_X3,race_aware
1407,1.3252631578947343,0.08502655,X1+X2_to_X3,race_aware
4630,1.3252631578947343,0.09068322,X1+X2_to_X3,race_aware
4858,1.3252631578947343,0.10944852,X1+X2_to_X3,race_aware
2985,1.3252631578947343,0.20367017,X1+X2_to_X3,race_aware
6131,1.3252631578947343,0.10919461,X1+X2_to_X3,race_aware
1280,1.3252631578947343,0.09068322,X1+X2_to_X3,race_aware
398,1.3252631578947343,0.10944852,X1+X2_to_X3,race_aware
2892,1.3252631578947343,0.12188485,X1+X2_to_X3,race_aware
121,1.3252631578947343,0.122631416,X1+X2_to_X3,race_aware
860,1.3252631578947343,0.12188485,X1+X2_to_X3,race_aware
3589,1.3252631578947343,0.2191048,X1+X2_to_X3,race_aware
320,1.3252631578947343,0.1765633,X1+X2_to_X3,race_aware
2231,1.3252631578947343,0.094753504,X1+X2_to_X3,race_aware
5049,1.3252631578947343,0.19819954,X1+X2_to_X3,race_aware
5334,1.3252631578947343,0.12188485,X1+X2_to_X3,race_aware
1780,1.3252631578947343,0.12188485,X1+X2_to_X3,race_aware
3192,1.3252631578947343,0.17191967,X1+X2_to_X3,race_aware
448,1.3252631578947343,0.12188485,X1+X2_to_X3,race_aware
5640,1.3252631578947343,0.10919461,X1+X2_to_X3,race_aware
3791,1.9878947368421014,0.18740368,X1+X2_to_X3,race_aware
2963,1.9878947368421014,0.13216239,X1+X2_to_X3,race_aware
2798,1.9878947368421014,0.12682228,X1+X2_to_X3,race_aware
647,1.9878947368421014,0.1232294,X1+X2_to_X3,race_aware
971,1.9878947368421014,0.30188224,X1+X2_to_X3,race_aware
2190,1.9878947368421014,0.18740368,X1+X2_to_X3,race_aware
1629,1.9878947368421014,0.15817708,X1+X2_to_X3,race_aware
5022,1.9878947368421014,0.16554564,X1+X2_to_X3,race_aware
2136,1.9878947368421014,0.18740368,X1+X2_to_X3,race_aware
5313,1.9878947368421014,0.16937177,X1+X2_to_X3,race_aware
5845,1.9878947368421014,0.16104725,X1+X2_to_X3,race_aware
1458,1.9878947368421014,0.11678179,X1+X2_to_X3,race_aware
3885,1.9878947368421014,0.2577864,X1+X2_to_X3,race_aware
5669,1.9878947368421014,0.18740368,X1+X2_to_X3,race_aware
2141,1.9878947368421014,0.1708318,X1+X2_to_X3,race_aware
2475,1.9878947368421014,0.16104725,X1+X2_to_X3,race_aware
3068,1.9878947368421014,0.13002259,X1+X2_to_X3,race_aware
924,1.9878947368421014,0.27175137,X1+X2_to_X3,race_aware
1724,1.9878947368421014,0.17937124,X1+X2_to_X3,race_aware
4759,1.9878947368421014,0.18740368,X1+X2_to_X3,race_aware
2540,1.9878947368421014,0.17508548,X1+X2_to_X3,race_aware
4633,1.9878947368421014,0.26717082,X1+X2_to_X3,race_aware
5419,1.9878947368421014,0.16104725,X1+X2_to_X3,race_aware
745,1.9878947368421014,0.26717082,X1+X2_to_X3,race_aware
598,1.9878947368421014,0.18740368,X1+X2_to_X3,race_aware
5671,1.9878947368421014,0.26717082,X1+X2_to_X3,race_aware
226,1.9878947368421014,0.2410138,X1+X2_to_X3,race_aware
5836,1.9878947368421014,0.13216239,X1+X2_to_X3,race_aware
1694,1.9878947368421014,0.12682228,X1+X2_to_X3,race_aware
3077,1.9878947368421014,0.15817708,X1+X2_to_X3,race_aware
3012,1.9878947368421014,0.27175137,X1+X2_to_X3,race_aware
3196,1.9878947368421014,0.18740368,X1+X2_to_X3,race_aware
6021,1.9878947368421014,0.123589054,X1+X2_to_X3,race_aware
2718,1.9878947368421014,0.19074424,X1+X2_to_X3,race_aware
3018,1.9878947368421014,0.15817708,X1+X2_to_X3,race_aware
1203,1.9878947368421014,0.26717082,X1+X2_to_X3,race_aware
4651,1.9878947368421014,0.18740368,X1+X2_to_X3,race_aware
1073,1.9878947368421014,0.15817708,X1+X2_to_X3,race_aware
3746,1.9878947368421014,0.17508548,X1+X2_to_X3,race_aware
4984,1.9878947368421014,0.19952425,X1+X2_to_X3,race_aware
1269,1.9878947368421014,0.26497373,X1+X2_to_X3,race_aware
4432,1.9878947368421014,0.26717082,X1+X2_to_X3,race_aware
5482,1.9878947368421014,0.16104725,X1+X2_to_X3,race_aware
3638,1.9878947368421014,0.28392148,X1+X2_to_X3,race_aware
1602,1.9878947368421014,0.24330357,X1+X2_to_X3,race_aware
557,1.9878947368421014,0.15817708,X1+X2_to_X3,race_aware
2279,1.9878947368421014,0.11678179,X1+X2_to_X3,race_aware
443,1.9878947368421014,0.17508548,X1+X2_to_X3,race_aware
6133,1.9878947368421014,0.26717082,X1+X2_to_X3,race_aware
261,1.9878947368421014,0.16104725,X1+X2_to_X3,race_aware
4770,1.9878947368421014,0.1232294,X1+X2_to_X3,race_aware
3704,1.9878947368421014,0.18740368,X1+X2_to_X3,race_aware
1304,1.9878947368421014,0.15817708,X1+X2_to_X3,race_aware
4439,1.9878947368421014,0.16554564,X1+X2_to_X3,race_aware
5513,1.9878947368421014,0.17508548,X1+X2_to_X3,race_aware
4774,1.9878947368421014,0.18802108,X1+X2_to_X3,race_aware
1977,1.9878947368421014,0.26717082,X1+X2_to_X3,race_aware
3871,1.9878947368421014,0.18740368,X1+X2_to_X3,race_aware
332,1.9878947368421014,0.18740368,X1+X2_to_X3,race_aware
1685,1.9878947368421014,0.13094208,X1+X2_to_X3,race_aware
229,1.9878947368421014,0.1232294,X1+X2_to_X3,race_aware
4805,1.9878947368421014,0.18740368,X1+X2_to_X3,race_aware
5527,1.9878947368421014,0.123307556,X1+X2_to_X3,race_aware
2516,1.9878947368421014,0.17508548,X1+X2_to_X3,race_aware
2933,1.9878947368421014,0.24241695,X1+X2_to_X3,race_aware
1360,1.9878947368421014,0.2577864,X1+X2_to_X3,race_aware
2698,1.9878947368421014,0.18740368,X1+X2_to_X3,race_aware
1499,1.9878947368421014,0.27175137,X1+X2_to_X3,race_aware
5005,1.9878947368421014,0.13094208,X1+X2_to_X3,race_aware
719,1.9878947368421014,0.13216239,X1+X2_to_X3,race_aware
433,1.9878947368421014,0.1708318,X1+X2_to_X3,race_aware
1192,1.9878947368421014,0.13216239,X1+X2_to_X3,race_aware
5570,1.9878947368421014,0.18740368,X1+X2_to_X3,race_aware
2767,1.9878947368421014,0.18740368,X1+X2_to_X3,race_aware
1527,1.9878947368421014,0.18740368,X1+X2_to_X3,race_aware
3550,1.9878947368421014,0.123307556,X1+X2_to_X3,race_aware
6147,1.9878947368421014,0.13216239,X1+X2_to_X3,race_aware
4360,1.9878947368421014,0.123307556,X1+X2_to_X3,race_aware
1884,1.9878947368421014,0.19490473,X1+X2_to_X3,race_aware
4116,1.9878947368421014,0.15817708,X1+X2_to_X3,race_aware
3797,1.9878947368421014,0.13216239,X1+X2_to_X3,race_aware
1407,1.9878947368421014,0.12682228,X1+X2_to_X3,race_aware
4630,1.9878947368421014,0.13094208,X1+X2_to_X3,race_aware
4858,1.9878947368421014,0.15817708,X1+X2_to_X3,race_aware
2985,1.9878947368421014,0.27175137,X1+X2_to_X3,race_aware
6131,1.9878947368421014,0.16104725,X1+X2_to_X3,race_aware
1280,1.9878947368421014,0.13094208,X1+X2_to_X3,race_aware
398,1.9878947368421014,0.15817708,X1+X2_to_X3,race_aware
2892,1.9878947368421014,0.18740368,X1+X2_to_X3,race_aware
121,1.9878947368421014,0.18802108,X1+X2_to_X3,race_aware
860,1.9878947368421014,0.18740368,X1+X2_to_X3,race_aware
3589,1.9878947368421014,0.30188224,X1+X2_to_X3,race_aware
320,1.9878947368421014,0.25420615,X1+X2_to_X3,race_aware
2231,1.9878947368421014,0.13768244,X1+X2_to_X3,race_aware
5049,1.9878947368421014,0.26717082,X1+X2_to_X3,race_aware
5334,1.9878947368421014,0.18740368,X1+X2_to_X3,race_aware
1780,1.9878947368421014,0.18740368,X1+X2_to_X3,race_aware
3192,1.9878947368421014,0.24859318,X1+X2_to_X3,race_aware
448,1.9878947368421014,0.18740368,X1+X2_to_X3,race_aware
5640,1.9878947368421014,0.16104725,X1+X2_to_X3,race_aware
3791,2.6505263157894685,0.2614372,X1+X2_to_X3,race_aware
2963,2.6505263157894685,0.1785613,X1+X2_to_X3,race_aware
2798,2.6505263157894685,0.17373501,X1+X2_to_X3,race_aware
647,2.6505263157894685,0.16517274,X1+X2_to_X3,race_aware
971,2.6505263157894685,0.37101325,X1+X2_to_X3,race_aware
2190,2.6505263157894685,0.2614372,X1+X2_to_X3,race_aware
1629,2.6505263157894685,0.23425475,X1+X2_to_X3,race_aware
5022,2.6505263157894685,0.23698696,X1+X2_to_X3,race_aware
2136,2.6505263157894685,0.2614372,X1+X2_to_X3,race_aware
5313,2.6505263157894685,0.23294176,X1+X2_to_X3,race_aware
5845,2.6505263157894685,0.22672361,X1+X2_to_X3,race_aware
1458,2.6505263157894685,0.16236818,X1+X2_to_X3,race_aware
3885,2.6505263157894685,0.3211767,X1+X2_to_X3,race_aware
5669,2.6505263157894685,0.2614372,X1+X2_to_X3,race_aware
2141,2.6505263157894685,0.23354375,X1+X2_to_X3,race_aware
2475,2.6505263157894685,0.22672361,X1+X2_to_X3,race_aware
3068,2.6505263157894685,0.17805839,X1+X2_to_X3,race_aware
924,2.6505263157894685,0.32432154,X1+X2_to_X3,race_aware
1724,2.6505263157894685,0.24189895,X1+X2_to_X3,race_aware
4759,2.6505263157894685,0.2614372,X1+X2_to_X3,race_aware
2540,2.6505263157894685,0.24220493,X1+X2_to_X3,race_aware
4633,2.6505263157894685,0.3148192,X1+X2_to_X3,race_aware
5419,2.6505263157894685,0.22672361,X1+X2_to_X3,race_aware
745,2.6505263157894685,0.3148192,X1+X2_to_X3,race_aware
598,2.6505263157894685,0.2614372,X1+X2_to_X3,race_aware
5671,2.6505263157894685,0.3148192,X1+X2_to_X3,race_aware
226,2.6505263157894685,0.29989716,X1+X2_to_X3,race_aware
5836,2.6505263157894685,0.1785613,X1+X2_to_X3,race_aware
1694,2.6505263157894685,0.17373501,X1+X2_to_X3,race_aware
3077,2.6505263157894685,0.23425475,X1+X2_to_X3,race_aware
3012,2.6505263157894685,0.32432154,X1+X2_to_X3,race_aware
3196,2.6505263157894685,0.2614372,X1+X2_to_X3,race_aware
6021,2.6505263157894685,0.16877075,X1+X2_to_X3,race_aware
2718,2.6505263157894685,0.26682222,X1+X2_to_X3,race_aware
3018,2.6505263157894685,0.23425475,X1+X2_to_X3,race_aware
1203,2.6505263157894685,0.3148192,X1+X2_to_X3,race_aware
4651,2.6505263157894685,0.2614372,X1+X2_to_X3,race_aware
1073,2.6505263157894685,0.23425475,X1+X2_to_X3,race_aware
3746,2.6505263157894685,0.24220493,X1+X2_to_X3,race_aware
4984,2.6505263157894685,0.2713131,X1+X2_to_X3,race_aware
1269,2.6505263157894685,0.3480393,X1+X2_to_X3,race_aware
4432,2.6505263157894685,0.3148192,X1+X2_to_X3,race_aware
5482,2.6505263157894685,0.22672361,X1+X2_to_X3,race_aware
3638,2.6505263157894685,0.36145622,X1+X2_to_X3,race_aware
1602,2.6505263157894685,0.29321745,X1+X2_to_X3,race_aware
557,2.6505263157894685,0.23425475,X1+X2_to_X3,race_aware
2279,2.6505263157894685,0.16236818,X1+X2_to_X3,race_aware
443,2.6505263157894685,0.24220493,X1+X2_to_X3,race_aware
6133,2.6505263157894685,0.3148192,X1+X2_to_X3,race_aware
261,2.6505263157894685,0.22672361,X1+X2_to_X3,race_aware
4770,2.6505263157894685,0.16517274,X1+X2_to_X3,race_aware
3704,2.6505263157894685,0.2614372,X1+X2_to_X3,race_aware
1304,2.6505263157894685,0.23425475,X1+X2_to_X3,race_aware
4439,2.6505263157894685,0.23698696,X1+X2_to_X3,race_aware
5513,2.6505263157894685,0.24220493,X1+X2_to_X3,race_aware
4774,2.6505263157894685,0.25794065,X1+X2_to_X3,race_aware
1977,2.6505263157894685,0.3148192,X1+X2_to_X3,race_aware
3871,2.6505263157894685,0.2614372,X1+X2_to_X3,race_aware
332,2.6505263157894685,0.2614372,X1+X2_to_X3,race_aware
1685,2.6505263157894685,0.17573029,X1+X2_to_X3,race_aware
229,2.6505263157894685,0.16517274,X1+X2_to_X3,race_aware
4805,2.6505263157894685,0.2614372,X1+X2_to_X3,race_aware
5527,2.6505263157894685,0.16754296,X1+X2_to_X3,race_aware
2516,2.6505263157894685,0.24220493,X1+X2_to_X3,race_aware
2933,2.6505263157894685,0.30584893,X1+X2_to_X3,race_aware
1360,2.6505263157894685,0.3211767,X1+X2_to_X3,race_aware
2698,2.6505263157894685,0.2614372,X1+X2_to_X3,race_aware
1499,2.6505263157894685,0.32432154,X1+X2_to_X3,race_aware
5005,2.6505263157894685,0.17573029,X1+X2_to_X3,race_aware
719,2.6505263157894685,0.1785613,X1+X2_to_X3,race_aware
433,2.6505263157894685,0.23354375,X1+X2_to_X3,race_aware
1192,2.6505263157894685,0.1785613,X1+X2_to_X3,race_aware
5570,2.6505263157894685,0.2614372,X1+X2_to_X3,race_aware
2767,2.6505263157894685,0.2614372,X1+X2_to_X3,race_aware
1527,2.6505263157894685,0.2614372,X1+X2_to_X3,race_aware
3550,2.6505263157894685,0.16754296,X1+X2_to_X3,race_aware
6147,2.6505263157894685,0.1785613,X1+X2_to_X3,race_aware
4360,2.6505263157894685,0.16754296,X1+X2_to_X3,race_aware
1884,2.6505263157894685,0.26723373,X1+X2_to_X3,race_aware
4116,2.6505263157894685,0.23425475,X1+X2_to_X3,race_aware
3797,2.6505263157894685,0.1785613,X1+X2_to_X3,race_aware
1407,2.6505263157894685,0.17373501,X1+X2_to_X3,race_aware
4630,2.6505263157894685,0.17573029,X1+X2_to_X3,race_aware
4858,2.6505263157894685,0.23425475,X1+X2_to_X3,race_aware
2985,2.6505263157894685,0.32432154,X1+X2_to_X3,race_aware
6131,2.6505263157894685,0.22672361,X1+X2_to_X3,race_aware
1280,2.6505263157894685,0.17573029,X1+X2_to_X3,race_aware
398,2.6505263157894685,0.23425475,X1+X2_to_X3,race_aware
2892,2.6505263157894685,0.2614372,X1+X2_to_X3,race_aware
121,2.6505263157894685,0.25794065,X1+X2_to_X3,race_aware
860,2.6505263157894685,0.2614372,X1+X2_to_X3,race_aware
3589,2.6505263157894685,0.37101325,X1+X2_to_X3,race_aware
320,2.6505263157894685,0.32072785,X1+X2_to_X3,race_aware
2231,2.6505263157894685,0.18357497,X1+X2_to_X3,race_aware
5049,2.6505263157894685,0.3148192,X1+X2_to_X3,race_aware
5334,2.6505263157894685,0.2614372,X1+X2_to_X3,race_aware
1780,2.6505263157894685,0.2614372,X1+X2_to_X3,race_aware
3192,2.6505263157894685,0.3090618,X1+X2_to_X3,race_aware
448,2.6505263157894685,0.2614372,X1+X2_to_X3,race_aware
5640,2.6505263157894685,0.22672361,X1+X2_to_X3,race_aware
3791,3.3131578947368356,0.3141254,X1+X2_to_X3,race_aware
2963,3.3131578947368356,0.22415578,X1+X2_to_X3,race_aware
2798,3.3131578947368356,0.21752854,X1+X2_to_X3,race_aware
647,3.3131578947368356,0.204875,X1+X2_to_X3,race_aware
971,3.3131578947368356,0.40961984,X1+X2_to_X3,race_aware
2190,3.3131578947368356,0.3141254,X1+X2_to_X3,race_aware
1629,3.3131578947368356,0.29289514,X1+X2_to_X3,race_aware
5022,3.3131578947368356,0.29841453,X1+X2_to_X3,race_aware
2136,3.3131578947368356,0.3141254,X1+X2_to_X3,race_aware
5313,3.3131578947368356,0.28535354,X1+X2_to_X3,race_aware
5845,3.3131578947368356,0.28576714,X1+X2_to_X3,race_aware
1458,3.3131578947368356,0.20177847,X1+X2_to_X3,race_aware
3885,3.3131578947368356,0.35488468,X1+X2_to_X3,race_aware
5669,3.3131578947368356,0.3141254,X1+X2_to_X3,race_aware
2141,3.3131578947368356,0.2922609,X1+X2_to_X3,race_aware
2475,3.3131578947368356,0.28576714,X1+X2_to_X3,race_aware
3068,3.3131578947368356,0.2194629,X1+X2_to_X3,race_aware
924,3.3131578947368356,0.3598499,X1+X2_to_X3,race_aware
1724,3.3131578947368356,0.2922944,X1+X2_to_X3,race_aware
4759,3.3131578947368356,0.3141254,X1+X2_to_X3,race_aware
2540,3.3131578947368356,0.29728326,X1+X2_to_X3,race_aware
4633,3.3131578947368356,0.34830335,X1+X2_to_X3,race_aware
5419,3.3131578947368356,0.28576714,X1+X2_to_X3,race_aware
745,3.3131578947368356,0.34830335,X1+X2_to_X3,race_aware
598,3.3131578947368356,0.3141254,X1+X2_to_X3,race_aware
5671,3.3131578947368356,0.34830335,X1+X2_to_X3,race_aware
226,3.3131578947368356,0.33335224,X1+X2_to_X3,race_aware
5836,3.3131578947368356,0.22415578,X1+X2_to_X3,race_aware
1694,3.3131578947368356,0.21752854,X1+X2_to_X3,race_aware
3077,3.3131578947368356,0.29289514,X1+X2_to_X3,race_aware
3012,3.3131578947368356,0.3598499,X1+X2_to_X3,race_aware
3196,3.3131578947368356,0.3141254,X1+X2_to_X3,race_aware
6021,3.3131578947368356,0.21167599,X1+X2_to_X3,race_aware
2718,3.3131578947368356,0.3231308,X1+X2_to_X3,race_aware
3018,3.3131578947368356,0.29289514,X1+X2_to_X3,race_aware
1203,3.3131578947368356,0.34830335,X1+X2_to_X3,race_aware
4651,3.3131578947368356,0.3141254,X1+X2_to_X3,race_aware
1073,3.3131578947368356,0.29289514,X1+X2_to_X3,race_aware
3746,3.3131578947368356,0.29728326,X1+X2_to_X3,race_aware
4984,3.3131578947368356,0.32278755,X1+X2_to_X3,race_aware
1269,3.3131578947368356,0.4116178,X1+X2_to_X3,race_aware
4432,3.3131578947368356,0.34830335,X1+X2_to_X3,race_aware
5482,3.3131578947368356,0.28576714,X1+X2_to_X3,race_aware
3638,3.3131578947368356,0.41791332,X1+X2_to_X3,race_aware
1602,3.3131578947368356,0.3299342,X1+X2_to_X3,race_aware
557,3.3131578947368356,0.29289514,X1+X2_to_X3,race_aware
2279,3.3131578947368356,0.20177847,X1+X2_to_X3,race_aware
443,3.3131578947368356,0.29728326,X1+X2_to_X3,race_aware
6133,3.3131578947368356,0.34830335,X1+X2_to_X3,race_aware
261,3.3131578947368356,0.28576714,X1+X2_to_X3,race_aware
4770,3.3131578947368356,0.204875,X1+X2_to_X3,race_aware
3704,3.3131578947368356,0.3141254,X1+X2_to_X3,race_aware
1304,3.3131578947368356,0.29289514,X1+X2_to_X3,race_aware
4439,3.3131578947368356,0.29841453,X1+X2_to_X3,race_aware
5513,3.3131578947368356,0.29728326,X1+X2_to_X3,race_aware
4774,3.3131578947368356,0.31611806,X1+X2_to_X3,race_aware
1977,3.3131578947368356,0.34830335,X1+X2_to_X3,race_aware
3871,3.3131578947368356,0.3141254,X1+X2_to_X3,race_aware
332,3.3131578947368356,0.3141254,X1+X2_to_X3,race_aware
1685,3.3131578947368356,0.21781111,X1+X2_to_X3,race_aware
229,3.3131578947368356,0.204875,X1+X2_to_X3,race_aware
4805,3.3131578947368356,0.3141254,X1+X2_to_X3,race_aware
5527,3.3131578947368356,0.20868558,X1+X2_to_X3,race_aware
2516,3.3131578947368356,0.29728326,X1+X2_to_X3,race_aware
2933,3.3131578947368356,0.34839818,X1+X2_to_X3,race_aware
1360,3.3131578947368356,0.35488468,X1+X2_to_X3,race_aware
2698,3.3131578947368356,0.3141254,X1+X2_to_X3,race_aware
1499,3.3131578947368356,0.3598499,X1+X2_to_X3,race_aware
5005,3.3131578947368356,0.21781111,X1+X2_to_X3,race_aware
719,3.3131578947368356,0.22415578,X1+X2_to_X3,race_aware
433,3.3131578947368356,0.2922609,X1+X2_to_X3,race_aware
1192,3.3131578947368356,0.22415578,X1+X2_to_X3,race_aware
5570,3.3131578947368356,0.3141254,X1+X2_to_X3,race_aware
2767,3.3131578947368356,0.3141254,X1+X2_to_X3,race_aware
1527,3.3131578947368356,0.3141254,X1+X2_to_X3,race_aware
3550,3.3131578947368356,0.20868558,X1+X2_to_X3,race_aware
6147,3.3131578947368356,0.22415578,X1+X2_to_X3,race_aware
4360,3.3131578947368356,0.20868558,X1+X2_to_X3,race_aware
1884,3.3131578947368356,0.32498693,X1+X2_to_X3,race_aware
4116,3.3131578947368356,0.29289514,X1+X2_to_X3,race_aware
3797,3.3131578947368356,0.22415578,X1+X2_to_X3,race_aware
1407,3.3131578947368356,0.21752854,X1+X2_to_X3,race_aware
4630,3.3131578947368356,0.21781111,X1+X2_to_X3,race_aware
4858,3.3131578947368356,0.29289514,X1+X2_to_X3,race_aware
2985,3.3131578947368356,0.3598499,X1+X2_to_X3,race_aware
6131,3.3131578947368356,0.28576714,X1+X2_to_X3,race_aware
1280,3.3131578947368356,0.21781111,X1+X2_to_X3,race_aware
398,3.3131578947368356,0.29289514,X1+X2_to_X3,race_aware
2892,3.3131578947368356,0.3141254,X1+X2_to_X3,race_aware
121,3.3131578947368356,0.31611806,X1+X2_to_X3,race_aware
860,3.3131578947368356,0.3141254,X1+X2_to_X3,race_aware
3589,3.3131578947368356,0.40961984,X1+X2_to_X3,race_aware
320,3.3131578947368356,0.35661158,X1+X2_to_X3,race_aware
2231,3.3131578947368356,0.2303552,X1+X2_to_X3,race_aware
5049,3.3131578947368356,0.34830335,X1+X2_to_X3,race_aware
5334,3.3131578947368356,0.3141254,X1+X2_to_X3,race_aware
1780,3.3131578947368356,0.3141254,X1+X2_to_X3,race_aware
3192,3.3131578947368356,0.34923735,X1+X2_to_X3,race_aware
448,3.3131578947368356,0.3141254,X1+X2_to_X3,race_aware
5640,3.3131578947368356,0.28576714,X1+X2_to_X3,race_aware
3791,3.9757894736842028,0.3461409,X1+X2_to_X3,race_aware
2963,3.9757894736842028,0.25855225,X1+X2_to_X3,race_aware
2798,3.9757894736842028,0.2470514,X1+X2_to_X3,race_aware
647,3.9757894736842028,0.23449771,X1+X2_to_X3,race_aware
971,3.9757894736842028,0.4320291,X1+X2_to_X3,race_aware
2190,3.9757894736842028,0.3461409,X1+X2_to_X3,race_aware
1629,3.9757894736842028,0.3238209,X1+X2_to_X3,race_aware
5022,3.9757894736842028,0.33742753,X1+X2_to_X3,race_aware
2136,3.9757894736842028,0.3461409,X1+X2_to_X3,race_aware
5313,3.9757894736842028,0.31701446,X1+X2_to_X3,race_aware
5845,3.9757894736842028,0.31968546,X1+X2_to_X3,race_aware
1458,3.9757894736842028,0.23376226,X1+X2_to_X3,race_aware
3885,3.9757894736842028,0.37397557,X1+X2_to_X3,race_aware
5669,3.9757894736842028,0.3461409,X1+X2_to_X3,race_aware
2141,3.9757894736842028,0.3238706,X1+X2_to_X3,race_aware
2475,3.9757894736842028,0.31968546,X1+X2_to_X3,race_aware
3068,3.9757894736842028,0.24915853,X1+X2_to_X3,race_aware
924,3.9757894736842028,0.37278804,X1+X2_to_X3,race_aware
1724,3.9757894736842028,0.3290414,X1+X2_to_X3,race_aware
4759,3.9757894736842028,0.3461409,X1+X2_to_X3,race_aware
2540,3.9757894736842028,0.3314496,X1+X2_to_X3,race_aware
4633,3.9757894736842028,0.36409518,X1+X2_to_X3,race_aware
5419,3.9757894736842028,0.31968546,X1+X2_to_X3,race_aware
745,3.9757894736842028,0.36409518,X1+X2_to_X3,race_aware
598,3.9757894736842028,0.3461409,X1+X2_to_X3,race_aware
5671,3.9757894736842028,0.36409518,X1+X2_to_X3,race_aware
226,3.9757894736842028,0.354602,X1+X2_to_X3,race_aware
5836,3.9757894736842028,0.25855225,X1+X2_to_X3,race_aware
1694,3.9757894736842028,0.2470514,X1+X2_to_X3,race_aware
3077,3.9757894736842028,0.3238209,X1+X2_to_X3,race_aware
3012,3.9757894736842028,0.37278804,X1+X2_to_X3,race_aware
3196,3.9757894736842028,0.3461409,X1+X2_to_X3,race_aware
6021,3.9757894736842028,0.24603747,X1+X2_to_X3,race_aware
2718,3.9757894736842028,0.35854667,X1+X2_to_X3,race_aware
3018,3.9757894736842028,0.3238209,X1+X2_to_X3,race_aware
1203,3.9757894736842028,0.36409518,X1+X2_to_X3,race_aware
4651,3.9757894736842028,0.3461409,X1+X2_to_X3,race_aware
1073,3.9757894736842028,0.3238209,X1+X2_to_X3,race_aware
3746,3.9757894736842028,0.3314496,X1+X2_to_X3,race_aware
4984,3.9757894736842028,0.35879603,X1+X2_to_X3,race_aware
1269,3.9757894736842028,0.4446573,X1+X2_to_X3,race_aware
4432,3.9757894736842028,0.36409518,X1+X2_to_X3,race_aware
5482,3.9757894736842028,0.31968546,X1+X2_to_X3,race_aware
3638,3.9757894736842028,0.45237416,X1+X2_to_X3,race_aware
1602,3.9757894736842028,0.3537285,X1+X2_to_X3,race_aware
557,3.9757894736842028,0.3238209,X1+X2_to_X3,race_aware
2279,3.9757894736842028,0.23376226,X1+X2_to_X3,race_aware
443,3.9757894736842028,0.3314496,X1+X2_to_X3,race_aware
6133,3.9757894736842028,0.36409518,X1+X2_to_X3,race_aware
261,3.9757894736842028,0.31968546,X1+X2_to_X3,race_aware
4770,3.9757894736842028,0.23449771,X1+X2_to_X3,race_aware
3704,3.9757894736842028,0.3461409,X1+X2_to_X3,race_aware
1304,3.9757894736842028,0.3238209,X1+X2_to_X3,race_aware
4439,3.9757894736842028,0.33742753,X1+X2_to_X3,race_aware
5513,3.9757894736842028,0.3314496,X1+X2_to_X3,race_aware
4774,3.9757894736842028,0.3486845,X1+X2_to_X3,race_aware
1977,3.9757894736842028,0.36409518,X1+X2_to_X3,race_aware
3871,3.9757894736842028,0.3461409,X1+X2_to_X3,race_aware
332,3.9757894736842028,0.3461409,X1+X2_to_X3,race_aware
1685,3.9757894736842028,0.24982452,X1+X2_to_X3,race_aware
229,3.9757894736842028,0.23449771,X1+X2_to_X3,race_aware
4805,3.9757894736842028,0.3461409,X1+X2_to_X3,race_aware
5527,3.9757894736842028,0.23982605,X1+X2_to_X3,race_aware
2516,3.9757894736842028,0.3314496,X1+X2_to_X3,race_aware
2933,3.9757894736842028,0.36937526,X1+X2_to_X3,race_aware
1360,3.9757894736842028,0.37397557,X1+X2_to_X3,race_aware
2698,3.9757894736842028,0.3461409,X1+X2_to_X3,race_aware
1499,3.9757894736842028,0.37278804,X1+X2_to_X3,race_aware
5005,3.9757894736842028,0.24982452,X1+X2_to_X3,race_aware
719,3.9757894736842028,0.25855225,X1+X2_to_X3,race_aware
433,3.9757894736842028,0.3238706,X1+X2_to_X3,race_aware
1192,3.9757894736842028,0.25855225,X1+X2_to_X3,race_aware
5570,3.9757894736842028,0.3461409,X1+X2_to_X3,race_aware
2767,3.9757894736842028,0.3461409,X1+X2_to_X3,race_aware
1527,3.9757894736842028,0.3461409,X1+X2_to_X3,race_aware
3550,3.9757894736842028,0.23982605,X1+X2_to_X3,race_aware
6147,3.9757894736842028,0.25855225,X1+X2_to_X3,race_aware
4360,3.9757894736842028,0.23982605,X1+X2_to_X3,race_aware
1884,3.9757894736842028,0.365072,X1+X2_to_X3,race_aware
4116,3.9757894736842028,0.3238209,X1+X2_to_X3,race_aware
3797,3.9757894736842028,0.25855225,X1+X2_to_X3,race_aware
1407,3.9757894736842028,0.2470514,X1+X2_to_X3,race_aware
4630,3.9757894736842028,0.24982452,X1+X2_to_X3,race_aware
4858,3.9757894736842028,0.3238209,X1+X2_to_X3,race_aware
2985,3.9757894736842028,0.37278804,X1+X2_to_X3,race_aware
6131,3.9757894736842028,0.31968546,X1+X2_to_X3,race_aware
1280,3.9757894736842028,0.24982452,X1+X2_to_X3,race_aware
398,3.9757894736842028,0.3238209,X1+X2_to_X3,race_aware
2892,3.9757894736842028,0.3461409,X1+X2_to_X3,race_aware
121,3.9757894736842028,0.3486845,X1+X2_to_X3,race_aware
860,3.9757894736842028,0.3461409,X1+X2_to_X3,race_aware
3589,3.9757894736842028,0.4320291,X1+X2_to_X3,race_aware
320,3.9757894736842028,0.3784434,X1+X2_to_X3,race_aware
2231,3.9757894736842028,0.26290062,X1+X2_to_X3,race_aware
5049,3.9757894736842028,0.36409518,X1+X2_to_X3,race_aware
5334,3.9757894736842028,0.3461409,X1+X2_to_X3,race_aware
1780,3.9757894736842028,0.3461409,X1+X2_to_X3,race_aware
3192,3.9757894736842028,0.37112197,X1+X2_to_X3,race_aware
448,3.9757894736842028,0.3461409,X1+X2_to_X3,race_aware
5640,3.9757894736842028,0.31968546,X1+X2_to_X3,race_aware
3791,4.6384210526315695,0.3704959,X1+X2_to_X3,race_aware
2963,4.6384210526315695,0.2901684,X1+X2_to_X3,race_aware
2798,4.6384210526315695,0.2772069,X1+X2_to_X3,race_aware
647,4.6384210526315695,0.26082897,X1+X2_to_X3,race_aware
971,4.6384210526315695,0.44538596,X1+X2_to_X3,race_aware
2190,4.6384210526315695,0.3704959,X1+X2_to_X3,race_aware
1629,4.6384210526315695,0.3523991,X1+X2_to_X3,race_aware
5022,4.6384210526315695,0.3691682,X1+X2_to_X3,race_aware
2136,4.6384210526315695,0.3704959,X1+X2_to_X3,race_aware
5313,4.6384210526315695,0.34771836,X1+X2_to_X3,race_aware
5845,4.6384210526315695,0.35007107,X1+X2_to_X3,race_aware
1458,4.6384210526315695,0.2640809,X1+X2_to_X3,race_aware
3885,4.6384210526315695,0.38609266,X1+X2_to_X3,race_aware
5669,4.6384210526315695,0.3704959,X1+X2_to_X3,race_aware
2141,4.6384210526315695,0.35555583,X1+X2_to_X3,race_aware
2475,4.6384210526315695,0.35007107,X1+X2_to_X3,race_aware
3068,4.6384210526315695,0.27678108,X1+X2_to_X3,race_aware
924,4.6384210526315695,0.38622633,X1+X2_to_X3,race_aware
1724,4.6384210526315695,0.3545874,X1+X2_to_X3,race_aware
4759,4.6384210526315695,0.3704959,X1+X2_to_X3,race_aware
2540,4.6384210526315695,0.35674444,X1+X2_to_X3,race_aware
4633,4.6384210526315695,0.3752227,X1+X2_to_X3,race_aware
5419,4.6384210526315695,0.35007107,X1+X2_to_X3,race_aware
745,4.6384210526315695,0.3752227,X1+X2_to_X3,race_aware
598,4.6384210526315695,0.3704959,X1+X2_to_X3,race_aware
5671,4.6384210526315695,0.3752227,X1+X2_to_X3,race_aware
226,4.6384210526315695,0.36756703,X1+X2_to_X3,race_aware
5836,4.6384210526315695,0.2901684,X1+X2_to_X3,race_aware
1694,4.6384210526315695,0.2772069,X1+X2_to_X3,race_aware
3077,4.6384210526315695,0.3523991,X1+X2_to_X3,race_aware
3012,4.6384210526315695,0.38622633,X1+X2_to_X3,race_aware
3196,4.6384210526315695,0.3704959,X1+X2_to_X3,race_aware
6021,4.6384210526315695,0.27807194,X1+X2_to_X3,race_aware
2718,4.6384210526315695,0.39134955,X1+X2_to_X3,race_aware
3018,4.6384210526315695,0.3523991,X1+X2_to_X3,race_aware
1203,4.6384210526315695,0.3752227,X1+X2_to_X3,race_aware
4651,4.6384210526315695,0.3704959,X1+X2_to_X3,race_aware
1073,4.6384210526315695,0.3523991,X1+X2_to_X3,race_aware
3746,4.6384210526315695,0.35674444,X1+X2_to_X3,race_aware
4984,4.6384210526315695,0.39417043,X1+X2_to_X3,race_aware
1269,4.6384210526315695,0.46659717,X1+X2_to_X3,race_aware
4432,4.6384210526315695,0.3752227,X1+X2_to_X3,race_aware
5482,4.6384210526315695,0.35007107,X1+X2_to_X3,race_aware
3638,4.6384210526315695,0.46862918,X1+X2_to_X3,race_aware
1602,4.6384210526315695,0.36755338,X1+X2_to_X3,race_aware
557,4.6384210526315695,0.3523991,X1+X2_to_X3,race_aware
2279,4.6384210526315695,0.2640809,X1+X2_to_X3,race_aware
443,4.6384210526315695,0.35674444,X1+X2_to_X3,race_aware
6133,4.6384210526315695,0.3752227,X1+X2_to_X3,race_aware
261,4.6384210526315695,0.35007107,X1+X2_to_X3,race_aware
4770,4.6384210526315695,0.26082897,X1+X2_to_X3,race_aware
3704,4.6384210526315695,0.3704959,X1+X2_to_X3,race_aware
1304,4.6384210526315695,0.3523991,X1+X2_to_X3,race_aware
4439,4.6384210526315695,0.3691682,X1+X2_to_X3,race_aware
5513,4.6384210526315695,0.35674444,X1+X2_to_X3,race_aware
4774,4.6384210526315695,0.38042814,X1+X2_to_X3,race_aware
1977,4.6384210526315695,0.3752227,X1+X2_to_X3,race_aware
3871,4.6384210526315695,0.3704959,X1+X2_to_X3,race_aware
332,4.6384210526315695,0.3704959,X1+X2_to_X3,race_aware
1685,4.6384210526315695,0.278089,X1+X2_to_X3,race_aware
229,4.6384210526315695,0.26082897,X1+X2_to_X3,race_aware
4805,4.6384210526315695,0.3704959,X1+X2_to_X3,race_aware
5527,4.6384210526315695,0.2690461,X1+X2_to_X3,race_aware
2516,4.6384210526315695,0.35674444,X1+X2_to_X3,race_aware
2933,4.6384210526315695,0.3851616,X1+X2_to_X3,race_aware
1360,4.6384210526315695,0.38609266,X1+X2_to_X3,race_aware
2698,4.6384210526315695,0.3704959,X1+X2_to_X3,race_aware
1499,4.6384210526315695,0.38622633,X1+X2_to_X3,race_aware
5005,4.6384210526315695,0.278089,X1+X2_to_X3,race_aware
719,4.6384210526315695,0.2901684,X1+X2_to_X3,race_aware
433,4.6384210526315695,0.35555583,X1+X2_to_X3,race_aware
1192,4.6384210526315695,0.2901684,X1+X2_to_X3,race_aware
5570,4.6384210526315695,0.3704959,X1+X2_to_X3,race_aware
2767,4.6384210526315695,0.3704959,X1+X2_to_X3,race_aware
1527,4.6384210526315695,0.3704959,X1+X2_to_X3,race_aware
3550,4.6384210526315695,0.2690461,X1+X2_to_X3,race_aware
6147,4.6384210526315695,0.2901684,X1+X2_to_X3,race_aware
4360,4.6384210526315695,0.2690461,X1+X2_to_X3,race_aware
1884,4.6384210526315695,0.39725822,X1+X2_to_X3,race_aware
4116,4.6384210526315695,0.3523991,X1+X2_to_X3,race_aware
3797,4.6384210526315695,0.2901684,X1+X2_to_X3,race_aware
1407,4.6384210526315695,0.2772069,X1+X2_to_X3,race_aware
4630,4.6384210526315695,0.278089,X1+X2_to_X3,race_aware
4858,4.6384210526315695,0.3523991,X1+X2_to_X3,race_aware
2985,4.6384210526315695,0.38622633,X1+X2_to_X3,race_aware
6131,4.6384210526315695,0.35007107,X1+X2_to_X3,race_aware
1280,4.6384210526315695,0.278089,X1+X2_to_X3,race_aware
398,4.6384210526315695,0.3523991,X1+X2_to_X3,race_aware
2892,4.6384210526315695,0.3704959,X1+X2_to_X3,race_aware
121,4.6384210526315695,0.38042814,X1+X2_to_X3,race_aware
860,4.6384210526315695,0.3704959,X1+X2_to_X3,race_aware
3589,4.6384210526315695,0.44538596,X1+X2_to_X3,race_aware
320,4.6384210526315695,0.39475557,X1+X2_to_X3,race_aware
2231,4.6384210526315695,0.29352972,X1+X2_to_X3,race_aware
5049,4.6384210526315695,0.3752227,X1+X2_to_X3,race_aware
5334,4.6384210526315695,0.3704959,X1+X2_to_X3,race_aware
1780,4.6384210526315695,0.3704959,X1+X2_to_X3,race_aware
3192,4.6384210526315695,0.38805452,X1+X2_to_X3,race_aware
448,4.6384210526315695,0.3704959,X1+X2_to_X3,race_aware
5640,4.6384210526315695,0.35007107,X1+X2_to_X3,race_aware
3791,5.301052631578937,0.3952141,X1+X2_to_X3,race_aware
2963,5.301052631578937,0.31864905,X1+X2_to_X3,race_aware
2798,5.301052631578937,0.30952698,X1+X2_to_X3,race_aware
647,5.301052631578937,0.29067028,X1+X2_to_X3,race_aware
971,5.301052631578937,0.45426926,X1+X2_to_X3,race_aware
2190,5.301052631578937,0.3952141,X1+X2_to_X3,race_aware
1629,5.301052631578937,0.3814478,X1+X2_to_X3,race_aware
5022,5.301052631578937,0.40184966,X1+X2_to_X3,race_aware
2136,5.301052631578937,0.3952141,X1+X2_to_X3,race_aware
5313,5.301052631578937,0.37301487,X1+X2_to_X3,race_aware
5845,5.301052631578937,0.37914664,X1+X2_to_X3,race_aware
1458,5.301052631578937,0.28966144,X1+X2_to_X3,race_aware
3885,5.301052631578937,0.39764118,X1+X2_to_X3,race_aware
5669,5.301052631578937,0.3952141,X1+X2_to_X3,race_aware
2141,5.301052631578937,0.38216937,X1+X2_to_X3,race_aware
2475,5.301052631578937,0.37914664,X1+X2_to_X3,race_aware
3068,5.301052631578937,0.3029172,X1+X2_to_X3,race_aware
924,5.301052631578937,0.3954325,X1+X2_to_X3,race_aware
1724,5.301052631578937,0.3808547,X1+X2_to_X3,race_aware
4759,5.301052631578937,0.3952141,X1+X2_to_X3,race_aware
2540,5.301052631578937,0.38226143,X1+X2_to_X3,race_aware
4633,5.301052631578937,0.38639143,X1+X2_to_X3,race_aware
5419,5.301052631578937,0.37914664,X1+X2_to_X3,race_aware
745,5.301052631578937,0.38639143,X1+X2_to_X3,race_aware
598,5.301052631578937,0.3952141,X1+X2_to_X3,race_aware
5671,5.301052631578937,0.38639143,X1+X2_to_X3,race_aware
226,5.301052631578937,0.3779703,X1+X2_to_X3,race_aware
5836,5.301052631578937,0.31864905,X1+X2_to_X3,race_aware
1694,5.301052631578937,0.30952698,X1+X2_to_X3,race_aware
3077,5.301052631578937,0.3814478,X1+X2_to_X3,race_aware
3012,5.301052631578937,0.3954325,X1+X2_to_X3,race_aware
3196,5.301052631578937,0.3952141,X1+X2_to_X3,race_aware
6021,5.301052631578937,0.3102191,X1+X2_to_X3,race_aware
2718,5.301052631578937,0.42063677,X1+X2_to_X3,race_aware
3018,5.301052631578937,0.3814478,X1+X2_to_X3,race_aware
1203,5.301052631578937,0.38639143,X1+X2_to_X3,race_aware
4651,5.301052631578937,0.3952141,X1+X2_to_X3,race_aware
1073,5.301052631578937,0.3814478,X1+X2_to_X3,race_aware
3746,5.301052631578937,0.38226143,X1+X2_to_X3,race_aware
4984,5.301052631578937,0.42272052,X1+X2_to_X3,race_aware
1269,5.301052631578937,0.48267606,X1+X2_to_X3,race_aware
4432,5.301052631578937,0.38639143,X1+X2_to_X3,race_aware
5482,5.301052631578937,0.37914664,X1+X2_to_X3,race_aware
3638,5.301052631578937,0.48306614,X1+X2_to_X3,race_aware
1602,5.301052631578937,0.38035735,X1+X2_to_X3,race_aware
557,5.301052631578937,0.3814478,X1+X2_to_X3,race_aware
2279,5.301052631578937,0.28966144,X1+X2_to_X3,race_aware
443,5.301052631578937,0.38226143,X1+X2_to_X3,race_aware
6133,5.301052631578937,0.38639143,X1+X2_to_X3,race_aware
261,5.301052631578937,0.37914664,X1+X2_to_X3,race_aware
4770,5.301052631578937,0.29067028,X1+X2_to_X3,race_aware
3704,5.301052631578937,0.3952141,X1+X2_to_X3,race_aware
1304,5.301052631578937,0.3814478,X1+X2_to_X3,race_aware
4439,5.301052631578937,0.40184966,X1+X2_to_X3,race_aware
5513,5.301052631578937,0.38226143,X1+X2_to_X3,race_aware
4774,5.301052631578937,0.41066164,X1+X2_to_X3,race_aware
1977,5.301052631578937,0.38639143,X1+X2_to_X3,race_aware
3871,5.301052631578937,0.3952141,X1+X2_to_X3,race_aware
332,5.301052631578937,0.3952141,X1+X2_to_X3,race_aware
1685,5.301052631578937,0.30896184,X1+X2_to_X3,race_aware
229,5.301052631578937,0.29067028,X1+X2_to_X3,race_aware
4805,5.301052631578937,0.3952141,X1+X2_to_X3,race_aware
5527,5.301052631578937,0.29804844,X1+X2_to_X3,race_aware
2516,5.301052631578937,0.38226143,X1+X2_to_X3,race_aware
2933,5.301052631578937,0.3981413,X1+X2_to_X3,race_aware
1360,5.301052631578937,0.39764118,X1+X2_to_X3,race_aware
2698,5.301052631578937,0.3952141,X1+X2_to_X3,race_aware
1499,5.301052631578937,0.3954325,X1+X2_to_X3,race_aware
5005,5.301052631578937,0.30896184,X1+X2_to_X3,race_aware
719,5.301052631578937,0.31864905,X1+X2_to_X3,race_aware
433,5.301052631578937,0.38216937,X1+X2_to_X3,race_aware
1192,5.301052631578937,0.31864905,X1+X2_to_X3,race_aware
5570,5.301052631578937,0.3952141,X1+X2_to_X3,race_aware
2767,5.301052631578937,0.3952141,X1+X2_to_X3,race_aware
1527,5.301052631578937,0.3952141,X1+X2_to_X3,race_aware
3550,5.301052631578937,0.29804844,X1+X2_to_X3,race_aware
6147,5.301052631578937,0.31864905,X1+X2_to_X3,race_aware
4360,5.301052631578937,0.29804844,X1+X2_to_X3,race_aware
1884,5.301052631578937,0.42498803,X1+X2_to_X3,race_aware
4116,5.301052631578937,0.3814478,X1+X2_to_X3,race_aware
3797,5.301052631578937,0.31864905,X1+X2_to_X3,race_aware
1407,5.301052631578937,0.30952698,X1+X2_to_X3,race_aware
4630,5.301052631578937,0.30896184,X1+X2_to_X3,race_aware
4858,5.301052631578937,0.3814478,X1+X2_to_X3,race_aware
2985,5.301052631578937,0.3954325,X1+X2_to_X3,race_aware
6131,5.301052631578937,0.37914664,X1+X2_to_X3,race_aware
1280,5.301052631578937,0.30896184,X1+X2_to_X3,race_aware
398,5.301052631578937,0.3814478,X1+X2_to_X3,race_aware
2892,5.301052631578937,0.3952141,X1+X2_to_X3,race_aware
121,5.301052631578937,0.41066164,X1+X2_to_X3,race_aware
860,5.301052631578937,0.3952141,X1+X2_to_X3,race_aware
3589,5.301052631578937,0.45426926,X1+X2_to_X3,race_aware
320,5.301052631578937,0.40528777,X1+X2_to_X3,race_aware
2231,5.301052631578937,0.32009527,X1+X2_to_X3,race_aware
5049,5.301052631578937,0.38639143,X1+X2_to_X3,race_aware
5334,5.301052631578937,0.3952141,X1+X2_to_X3,race_aware
1780,5.301052631578937,0.3952141,X1+X2_to_X3,race_aware
3192,5.301052631578937,0.3982195,X1+X2_to_X3,race_aware
448,5.301052631578937,0.3952141,X1+X2_to_X3,race_aware
5640,5.301052631578937,0.37914664,X1+X2_to_X3,race_aware
3791,5.963684210526305,0.41760698,X1+X2_to_X3,race_aware
2963,5.963684210526305,0.34396392,X1+X2_to_X3,race_aware
2798,5.963684210526305,0.33462006,X1+X2_to_X3,race_aware
647,5.963684210526305,0.31804383,X1+X2_to_X3,race_aware
971,5.963684210526305,0.4656711,X1+X2_to_X3,race_aware
2190,5.963684210526305,0.41760698,X1+X2_to_X3,race_aware
1629,5.963684210526305,0.40431428,X1+X2_to_X3,race_aware
5022,5.963684210526305,0.42662135,X1+X2_to_X3,race_aware
2136,5.963684210526305,0.41760698,X1+X2_to_X3,race_aware
5313,5.963684210526305,0.3967405,X1+X2_to_X3,race_aware
5845,5.963684210526305,0.40210462,X1+X2_to_X3,race_aware
1458,5.963684210526305,0.3145985,X1+X2_to_X3,race_aware
3885,5.963684210526305,0.4079615,X1+X2_to_X3,race_aware
5669,5.963684210526305,0.41760698,X1+X2_to_X3,race_aware
2141,5.963684210526305,0.40107828,X1+X2_to_X3,race_aware
2475,5.963684210526305,0.40210462,X1+X2_to_X3,race_aware
3068,5.963684210526305,0.3263581,X1+X2_to_X3,race_aware
924,5.963684210526305,0.40847316,X1+X2_to_X3,race_aware
1724,5.963684210526305,0.40446886,X1+X2_to_X3,race_aware
4759,5.963684210526305,0.41760698,X1+X2_to_X3,race_aware
2540,5.963684210526305,0.40699312,X1+X2_to_X3,race_aware
4633,5.963684210526305,0.39722738,X1+X2_to_X3,race_aware
5419,5.963684210526305,0.40210462,X1+X2_to_X3,race_aware
745,5.963684210526305,0.39722738,X1+X2_to_X3,race_aware
598,5.963684210526305,0.41760698,X1+X2_to_X3,race_aware
5671,5.963684210526305,0.39722738,X1+X2_to_X3,race_aware
226,5.963684210526305,0.3899605,X1+X2_to_X3,race_aware
5836,5.963684210526305,0.34396392,X1+X2_to_X3,race_aware
1694,5.963684210526305,0.33462006,X1+X2_to_X3,race_aware
3077,5.963684210526305,0.40431428,X1+X2_to_X3,race_aware
3012,5.963684210526305,0.40847316,X1+X2_to_X3,race_aware
3196,5.963684210526305,0.41760698,X1+X2_to_X3,race_aware
6021,5.963684210526305,0.33623612,X1+X2_to_X3,race_aware
2718,5.963684210526305,0.44186348,X1+X2_to_X3,race_aware
3018,5.963684210526305,0.40431428,X1+X2_to_X3,race_aware
1203,5.963684210526305,0.39722738,X1+X2_to_X3,race_aware
4651,5.963684210526305,0.41760698,X1+X2_to_X3,race_aware
1073,5.963684210526305,0.40431428,X1+X2_to_X3,race_aware
3746,5.963684210526305,0.40699312,X1+X2_to_X3,race_aware
4984,5.963684210526305,0.4452946,X1+X2_to_X3,race_aware
1269,5.963684210526305,0.5007936,X1+X2_to_X3,race_aware
4432,5.963684210526305,0.39722738,X1+X2_to_X3,race_aware
5482,5.963684210526305,0.40210462,X1+X2_to_X3,race_aware
3638,5.963684210526305,0.4974913,X1+X2_to_X3,race_aware
1602,5.963684210526305,0.39536718,X1+X2_to_X3,race_aware
557,5.963684210526305,0.40431428,X1+X2_to_X3,race_aware
2279,5.963684210526305,0.3145985,X1+X2_to_X3,race_aware
443,5.963684210526305,0.40699312,X1+X2_to_X3,race_aware
6133,5.963684210526305,0.39722738,X1+X2_to_X3,race_aware
261,5.963684210526305,0.40210462,X1+X2_to_X3,race_aware
4770,5.963684210526305,0.31804383,X1+X2_to_X3,race_aware
3704,5.963684210526305,0.41760698,X1+X2_to_X3,race_aware
1304,5.963684210526305,0.40431428,X1+X2_to_X3,race_aware
4439,5.963684210526305,0.42662135,X1+X2_to_X3,race_aware
5513,5.963684210526305,0.40699312,X1+X2_to_X3,race_aware
4774,5.963684210526305,0.43206644,X1+X2_to_X3,race_aware
1977,5.963684210526305,0.39722738,X1+X2_to_X3,race_aware
3871,5.963684210526305,0.41760698,X1+X2_to_X3,race_aware
332,5.963684210526305,0.41760698,X1+X2_to_X3,race_aware
1685,5.963684210526305,0.33221284,X1+X2_to_X3,race_aware
229,5.963684210526305,0.31804383,X1+X2_to_X3,race_aware
4805,5.963684210526305,0.41760698,X1+X2_to_X3,race_aware
5527,5.963684210526305,0.32359484,X1+X2_to_X3,race_aware
2516,5.963684210526305,0.40699312,X1+X2_to_X3,race_aware
2933,5.963684210526305,0.41458353,X1+X2_to_X3,race_aware
1360,5.963684210526305,0.4079615,X1+X2_to_X3,race_aware
2698,5.963684210526305,0.41760698,X1+X2_to_X3,race_aware
1499,5.963684210526305,0.40847316,X1+X2_to_X3,race_aware
5005,5.963684210526305,0.33221284,X1+X2_to_X3,race_aware
719,5.963684210526305,0.34396392,X1+X2_to_X3,race_aware
433,5.963684210526305,0.40107828,X1+X2_to_X3,race_aware
1192,5.963684210526305,0.34396392,X1+X2_to_X3,race_aware
5570,5.963684210526305,0.41760698,X1+X2_to_X3,race_aware
2767,5.963684210526305,0.41760698,X1+X2_to_X3,race_aware
1527,5.963684210526305,0.41760698,X1+X2_to_X3,race_aware
3550,5.963684210526305,0.32359484,X1+X2_to_X3,race_aware
6147,5.963684210526305,0.34396392,X1+X2_to_X3,race_aware
4360,5.963684210526305,0.32359484,X1+X2_to_X3,race_aware
1884,5.963684210526305,0.44897592,X1+X2_to_X3,race_aware
4116,5.963684210526305,0.40431428,X1+X2_to_X3,race_aware
3797,5.963684210526305,0.34396392,X1+X2_to_X3,race_aware
1407,5.963684210526305,0.33462006,X1+X2_to_X3,race_aware
4630,5.963684210526305,0.33221284,X1+X2_to_X3,race_aware
4858,5.963684210526305,0.40431428,X1+X2_to_X3,race_aware
2985,5.963684210526305,0.40847316,X1+X2_to_X3,race_aware
6131,5.963684210526305,0.40210462,X1+X2_to_X3,race_aware
1280,5.963684210526305,0.33221284,X1+X2_to_X3,race_aware
398,5.963684210526305,0.40431428,X1+X2_to_X3,race_aware
2892,5.963684210526305,0.41760698,X1+X2_to_X3,race_aware
121,5.963684210526305,0.43206644,X1+X2_to_X3,race_aware
860,5.963684210526305,0.41760698,X1+X2_to_X3,race_aware
3589,5.963684210526305,0.4656711,X1+X2_to_X3,race_aware
320,5.963684210526305,0.41774812,X1+X2_to_X3,race_aware
2231,5.963684210526305,0.34507868,X1+X2_to_X3,race_aware
5049,5.963684210526305,0.39722738,X1+X2_to_X3,race_aware
5334,5.963684210526305,0.41760698,X1+X2_to_X3,race_aware
1780,5.963684210526305,0.41760698,X1+X2_to_X3,race_aware
3192,5.963684210526305,0.41178098,X1+X2_to_X3,race_aware
448,5.963684210526305,0.41760698,X1+X2_to_X3,race_aware
5640,5.963684210526305,0.40210462,X1+X2_to_X3,race_aware
3791,6.626315789473671,0.43438265,X1+X2_to_X3,race_aware
2963,6.626315789473671,0.36718768,X1+X2_to_X3,race_aware
2798,6.626315789473671,0.3599558,X1+X2_to_X3,race_aware
647,6.626315789473671,0.34026927,X1+X2_to_X3,race_aware
971,6.626315789473671,0.47552046,X1+X2_to_X3,race_aware
2190,6.626315789473671,0.43438265,X1+X2_to_X3,race_aware
1629,6.626315789473671,0.4260986,X1+X2_to_X3,race_aware
5022,6.626315789473671,0.44766012,X1+X2_to_X3,race_aware
2136,6.626315789473671,0.43438265,X1+X2_to_X3,race_aware
5313,6.626315789473671,0.4171756,X1+X2_to_X3,race_aware
5845,6.626315789473671,0.42040813,X1+X2_to_X3,race_aware
1458,6.626315789473671,0.33946422,X1+X2_to_X3,race_aware
3885,6.626315789473671,0.41669792,X1+X2_to_X3,race_aware
5669,6.626315789473671,0.43438265,X1+X2_to_X3,race_aware
2141,6.626315789473671,0.42266524,X1+X2_to_X3,race_aware
2475,6.626315789473671,0.42040813,X1+X2_to_X3,race_aware
3068,6.626315789473671,0.34818566,X1+X2_to_X3,race_aware
924,6.626315789473671,0.4139789,X1+X2_to_X3,race_aware
1724,6.626315789473671,0.42459694,X1+X2_to_X3,race_aware
4759,6.626315789473671,0.43438265,X1+X2_to_X3,race_aware
2540,6.626315789473671,0.42404684,X1+X2_to_X3,race_aware
4633,6.626315789473671,0.4049597,X1+X2_to_X3,race_aware
5419,6.626315789473671,0.42040813,X1+X2_to_X3,race_aware
745,6.626315789473671,0.4049597,X1+X2_to_X3,race_aware
598,6.626315789473671,0.43438265,X1+X2_to_X3,race_aware
5671,6.626315789473671,0.4049597,X1+X2_to_X3,race_aware
226,6.626315789473671,0.39995638,X1+X2_to_X3,race_aware
5836,6.626315789473671,0.36718768,X1+X2_to_X3,race_aware
1694,6.626315789473671,0.3599558,X1+X2_to_X3,race_aware
3077,6.626315789473671,0.4260986,X1+X2_to_X3,race_aware
3012,6.626315789473671,0.4139789,X1+X2_to_X3,race_aware
3196,6.626315789473671,0.43438265,X1+X2_to_X3,race_aware
6021,6.626315789473671,0.36530107,X1+X2_to_X3,race_aware
2718,6.626315789473671,0.46532267,X1+X2_to_X3,race_aware
3018,6.626315789473671,0.4260986,X1+X2_to_X3,race_aware
1203,6.626315789473671,0.4049597,X1+X2_to_X3,race_aware
4651,6.626315789473671,0.43438265,X1+X2_to_X3,race_aware
1073,6.626315789473671,0.4260986,X1+X2_to_X3,race_aware
3746,6.626315789473671,0.42404684,X1+X2_to_X3,race_aware
4984,6.626315789473671,0.46443012,X1+X2_to_X3,race_aware
1269,6.626315789473671,0.5171213,X1+X2_to_X3,race_aware
4432,6.626315789473671,0.4049597,X1+X2_to_X3,race_aware
5482,6.626315789473671,0.42040813,X1+X2_to_X3,race_aware
3638,6.626315789473671,0.5100305,X1+X2_to_X3,race_aware
1602,6.626315789473671,0.40390065,X1+X2_to_X3,race_aware
557,6.626315789473671,0.4260986,X1+X2_to_X3,race_aware
2279,6.626315789473671,0.33946422,X1+X2_to_X3,race_aware
443,6.626315789473671,0.42404684,X1+X2_to_X3,race_aware
6133,6.626315789473671,0.4049597,X1+X2_to_X3,race_aware
261,6.626315789473671,0.42040813,X1+X2_to_X3,race_aware
4770,6.626315789473671,0.34026927,X1+X2_to_X3,race_aware
3704,6.626315789473671,0.43438265,X1+X2_to_X3,race_aware
1304,6.626315789473671,0.4260986,X1+X2_to_X3,race_aware
4439,6.626315789473671,0.44766012,X1+X2_to_X3,race_aware
5513,6.626315789473671,0.42404684,X1+X2_to_X3,race_aware
4774,6.626315789473671,0.44829446,X1+X2_to_X3,race_aware
1977,6.626315789473671,0.4049597,X1+X2_to_X3,race_aware
3871,6.626315789473671,0.43438265,X1+X2_to_X3,race_aware
332,6.626315789473671,0.43438265,X1+X2_to_X3,race_aware
1685,6.626315789473671,0.35575983,X1+X2_to_X3,race_aware
229,6.626315789473671,0.34026927,X1+X2_to_X3,race_aware
4805,6.626315789473671,0.43438265,X1+X2_to_X3,race_aware
5527,6.626315789473671,0.34798616,X1+X2_to_X3,race_aware
2516,6.626315789473671,0.42404684,X1+X2_to_X3,race_aware
2933,6.626315789473671,0.423848,X1+X2_to_X3,race_aware
1360,6.626315789473671,0.41669792,X1+X2_to_X3,race_aware
2698,6.626315789473671,0.43438265,X1+X2_to_X3,race_aware
1499,6.626315789473671,0.4139789,X1+X2_to_X3,race_aware
5005,6.626315789473671,0.35575983,X1+X2_to_X3,race_aware
719,6.626315789473671,0.36718768,X1+X2_to_X3,race_aware
433,6.626315789473671,0.42266524,X1+X2_to_X3,race_aware
1192,6.626315789473671,0.36718768,X1+X2_to_X3,race_aware
5570,6.626315789473671,0.43438265,X1+X2_to_X3,race_aware
2767,6.626315789473671,0.43438265,X1+X2_to_X3,race_aware
1527,6.626315789473671,0.43438265,X1+X2_to_X3,race_aware
3550,6.626315789473671,0.34798616,X1+X2_to_X3,race_aware
6147,6.626315789473671,0.36718768,X1+X2_to_X3,race_aware
4360,6.626315789473671,0.34798616,X1+X2_to_X3,race_aware
1884,6.626315789473671,0.4673494,X1+X2_to_X3,race_aware
4116,6.626315789473671,0.4260986,X1+X2_to_X3,race_aware
3797,6.626315789473671,0.36718768,X1+X2_to_X3,race_aware
1407,6.626315789473671,0.3599558,X1+X2_to_X3,race_aware
4630,6.626315789473671,0.35575983,X1+X2_to_X3,race_aware
4858,6.626315789473671,0.4260986,X1+X2_to_X3,race_aware
2985,6.626315789473671,0.4139789,X1+X2_to_X3,race_aware
6131,6.626315789473671,0.42040813,X1+X2_to_X3,race_aware
1280,6.626315789473671,0.35575983,X1+X2_to_X3,race_aware
398,6.626315789473671,0.4260986,X1+X2_to_X3,race_aware
2892,6.626315789473671,0.43438265,X1+X2_to_X3,race_aware
121,6.626315789473671,0.44829446,X1+X2_to_X3,race_aware
860,6.626315789473671,0.43438265,X1+X2_to_X3,race_aware
3589,6.626315789473671,0.47552046,X1+X2_to_X3,race_aware
320,6.626315789473671,0.42820898,X1+X2_to_X3,race_aware
2231,6.626315789473671,0.36458436,X1+X2_to_X3,race_aware
5049,6.626315789473671,0.4049597,X1+X2_to_X3,race_aware
5334,6.626315789473671,0.43438265,X1+X2_to_X3,race_aware
1780,6.626315789473671,0.43438265,X1+X2_to_X3,race_aware
3192,6.626315789473671,0.42473945,X1+X2_to_X3,race_aware
448,6.626315789473671,0.43438265,X1+X2_to_X3,race_aware
5640,6.626315789473671,0.42040813,X1+X2_to_X3,race_aware
3791,7.288947368421038,0.45266727,X1+X2_to_X3,race_aware
2963,7.288947368421038,0.38920474,X1+X2_to_X3,race_aware
2798,7.288947368421038,0.37963253,X1+X2_to_X3,race_aware
647,7.288947368421038,0.36819535,X1+X2_to_X3,race_aware
971,7.288947368421038,0.48279193,X1+X2_to_X3,race_aware
2190,7.288947368421038,0.45266727,X1+X2_to_X3,race_aware
1629,7.288947368421038,0.44467437,X1+X2_to_X3,race_aware
5022,7.288947368421038,0.46927944,X1+X2_to_X3,race_aware
2136,7.288947368421038,0.45266727,X1+X2_to_X3,race_aware
5313,7.288947368421038,0.43389827,X1+X2_to_X3,race_aware
5845,7.288947368421038,0.43640316,X1+X2_to_X3,race_aware
1458,7.288947368421038,0.36591595,X1+X2_to_X3,race_aware
3885,7.288947368421038,0.42380196,X1+X2_to_X3,race_aware
5669,7.288947368421038,0.45266727,X1+X2_to_X3,race_aware
2141,7.288947368421038,0.4400677,X1+X2_to_X3,race_aware
2475,7.288947368421038,0.43640316,X1+X2_to_X3,race_aware
3068,7.288947368421038,0.37130085,X1+X2_to_X3,race_aware
924,7.288947368421038,0.42315933,X1+X2_to_X3,race_aware
1724,7.288947368421038,0.44176254,X1+X2_to_X3,race_aware
4759,7.288947368421038,0.45266727,X1+X2_to_X3,race_aware
2540,7.288947368421038,0.44277766,X1+X2_to_X3,race_aware
4633,7.288947368421038,0.41400096,X1+X2_to_X3,race_aware
5419,7.288947368421038,0.43640316,X1+X2_to_X3,race_aware
745,7.288947368421038,0.41400096,X1+X2_to_X3,race_aware
598,7.288947368421038,0.45266727,X1+X2_to_X3,race_aware
5671,7.288947368421038,0.41400096,X1+X2_to_X3,race_aware
226,7.288947368421038,0.40825805,X1+X2_to_X3,race_aware
5836,7.288947368421038,0.38920474,X1+X2_to_X3,race_aware
1694,7.288947368421038,0.37963253,X1+X2_to_X3,race_aware
3077,7.288947368421038,0.44467437,X1+X2_to_X3,race_aware
3012,7.288947368421038,0.42315933,X1+X2_to_X3,race_aware
3196,7.288947368421038,0.45266727,X1+X2_to_X3,race_aware
6021,7.288947368421038,0.38875395,X1+X2_to_X3,race_aware
2718,7.288947368421038,0.48424947,X1+X2_to_X3,race_aware
3018,7.288947368421038,0.44467437,X1+X2_to_X3,race_aware
1203,7.288947368421038,0.41400096,X1+X2_to_X3,race_aware
4651,7.288947368421038,0.45266727,X1+X2_to_X3,race_aware
1073,7.288947368421038,0.44467437,X1+X2_to_X3,race_aware
3746,7.288947368421038,0.44277766,X1+X2_to_X3,race_aware
4984,7.288947368421038,0.48194,X1+X2_to_X3,race_aware
1269,7.288947368421038,0.5302317,X1+X2_to_X3,race_aware
4432,7.288947368421038,0.41400096,X1+X2_to_X3,race_aware
5482,7.288947368421038,0.43640316,X1+X2_to_X3,race_aware
3638,7.288947368421038,0.52136976,X1+X2_to_X3,race_aware
1602,7.288947368421038,0.41467634,X1+X2_to_X3,race_aware
557,7.288947368421038,0.44467437,X1+X2_to_X3,race_aware
2279,7.288947368421038,0.36591595,X1+X2_to_X3,race_aware
443,7.288947368421038,0.44277766,X1+X2_to_X3,race_aware
6133,7.288947368421038,0.41400096,X1+X2_to_X3,race_aware
261,7.288947368421038,0.43640316,X1+X2_to_X3,race_aware
4770,7.288947368421038,0.36819535,X1+X2_to_X3,race_aware
3704,7.288947368421038,0.45266727,X1+X2_to_X3,race_aware
1304,7.288947368421038,0.44467437,X1+X2_to_X3,race_aware
4439,7.288947368421038,0.46927944,X1+X2_to_X3,race_aware
5513,7.288947368421038,0.44277766,X1+X2_to_X3,race_aware
4774,7.288947368421038,0.46932918,X1+X2_to_X3,race_aware
1977,7.288947368421038,0.41400096,X1+X2_to_X3,race_aware
3871,7.288947368421038,0.45266727,X1+X2_to_X3,race_aware
332,7.288947368421038,0.45266727,X1+X2_to_X3,race_aware
1685,7.288947368421038,0.37928036,X1+X2_to_X3,race_aware
229,7.288947368421038,0.36819535,X1+X2_to_X3,race_aware
4805,7.288947368421038,0.45266727,X1+X2_to_X3,race_aware
5527,7.288947368421038,0.37170523,X1+X2_to_X3,race_aware
2516,7.288947368421038,0.44277766,X1+X2_to_X3,race_aware
2933,7.288947368421038,0.4347016,X1+X2_to_X3,race_aware
1360,7.288947368421038,0.42380196,X1+X2_to_X3,race_aware
2698,7.288947368421038,0.45266727,X1+X2_to_X3,race_aware
1499,7.288947368421038,0.42315933,X1+X2_to_X3,race_aware
5005,7.288947368421038,0.37928036,X1+X2_to_X3,race_aware
719,7.288947368421038,0.38920474,X1+X2_to_X3,race_aware
433,7.288947368421038,0.4400677,X1+X2_to_X3,race_aware
1192,7.288947368421038,0.38920474,X1+X2_to_X3,race_aware
5570,7.288947368421038,0.45266727,X1+X2_to_X3,race_aware
2767,7.288947368421038,0.45266727,X1+X2_to_X3,race_aware
1527,7.288947368421038,0.45266727,X1+X2_to_X3,race_aware
3550,7.288947368421038,0.37170523,X1+X2_to_X3,race_aware
6147,7.288947368421038,0.38920474,X1+X2_to_X3,race_aware
4360,7.288947368421038,0.37170523,X1+X2_to_X3,race_aware
1884,7.288947368421038,0.48937184,X1+X2_to_X3,race_aware
4116,7.288947368421038,0.44467437,X1+X2_to_X3,race_aware
3797,7.288947368421038,0.38920474,X1+X2_to_X3,race_aware
1407,7.288947368421038,0.37963253,X1+X2_to_X3,race_aware
4630,7.288947368421038,0.37928036,X1+X2_to_X3,race_aware
4858,7.288947368421038,0.44467437,X1+X2_to_X3,race_aware
2985,7.288947368421038,0.42315933,X1+X2_to_X3,race_aware
6131,7.288947368421038,0.43640316,X1+X2_to_X3,race_aware
1280,7.288947368421038,0.37928036,X1+X2_to_X3,race_aware
398,7.288947368421038,0.44467437,X1+X2_to_X3,race_aware
2892,7.288947368421038,0.45266727,X1+X2_to_X3,race_aware
121,7.288947368421038,0.46932918,X1+X2_to_X3,race_aware
860,7.288947368421038,0.45266727,X1+X2_to_X3,race_aware
3589,7.288947368421038,0.48279193,X1+X2_to_X3,race_aware
320,7.288947368421038,0.4355395,X1+X2_to_X3,race_aware
2231,7.288947368421038,0.38815358,X1+X2_to_X3,race_aware
5049,7.288947368421038,0.41400096,X1+X2_to_X3,race_aware
5334,7.288947368421038,0.45266727,X1+X2_to_X3,race_aware
1780,7.288947368421038,0.45266727,X1+X2_to_X3,race_aware
3192,7.288947368421038,0.4338412,X1+X2_to_X3,race_aware
448,7.288947368421038,0.45266727,X1+X2_to_X3,race_aware
5640,7.288947368421038,0.43640316,X1+X2_to_X3,race_aware
3791,7.9515789473684055,0.46913156,X1+X2_to_X3,race_aware
2963,7.9515789473684055,0.40879565,X1+X2_to_X3,race_aware
2798,7.9515789473684055,0.40295202,X1+X2_to_X3,race_aware
647,7.9515789473684055,0.38939083,X1+X2_to_X3,race_aware
971,7.9515789473684055,0.49111077,X1+X2_to_X3,race_aware
2190,7.9515789473684055,0.46913156,X1+X2_to_X3,race_aware
1629,7.9515789473684055,0.46110255,X1+X2_to_X3,race_aware
5022,7.9515789473684055,0.48735097,X1+X2_to_X3,race_aware
2136,7.9515789473684055,0.46913156,X1+X2_to_X3,race_aware
5313,7.9515789473684055,0.45021802,X1+X2_to_X3,race_aware
5845,7.9515789473684055,0.45485735,X1+X2_to_X3,race_aware
1458,7.9515789473684055,0.38947508,X1+X2_to_X3,race_aware
3885,7.9515789473684055,0.43365425,X1+X2_to_X3,race_aware
5669,7.9515789473684055,0.46913156,X1+X2_to_X3,race_aware
2141,7.9515789473684055,0.45638996,X1+X2_to_X3,race_aware
2475,7.9515789473684055,0.45485735,X1+X2_to_X3,race_aware
3068,7.9515789473684055,0.39135155,X1+X2_to_X3,race_aware
924,7.9515789473684055,0.43078265,X1+X2_to_X3,race_aware
1724,7.9515789473684055,0.45660362,X1+X2_to_X3,race_aware
4759,7.9515789473684055,0.46913156,X1+X2_to_X3,race_aware
2540,7.9515789473684055,0.45923153,X1+X2_to_X3,race_aware
4633,7.9515789473684055,0.41985932,X1+X2_to_X3,race_aware
5419,7.9515789473684055,0.45485735,X1+X2_to_X3,race_aware
745,7.9515789473684055,0.41985932,X1+X2_to_X3,race_aware
598,7.9515789473684055,0.46913156,X1+X2_to_X3,race_aware
5671,7.9515789473684055,0.41985932,X1+X2_to_X3,race_aware
226,7.9515789473684055,0.41724667,X1+X2_to_X3,race_aware
5836,7.9515789473684055,0.40879565,X1+X2_to_X3,race_aware
1694,7.9515789473684055,0.40295202,X1+X2_to_X3,race_aware
3077,7.9515789473684055,0.46110255,X1+X2_to_X3,race_aware
3012,7.9515789473684055,0.43078265,X1+X2_to_X3,race_aware
3196,7.9515789473684055,0.46913156,X1+X2_to_X3,race_aware
6021,7.9515789473684055,0.41344827,X1+X2_to_X3,race_aware
2718,7.9515789473684055,0.49972004,X1+X2_to_X3,race_aware
3018,7.9515789473684055,0.46110255,X1+X2_to_X3,race_aware
1203,7.9515789473684055,0.41985932,X1+X2_to_X3,race_aware
4651,7.9515789473684055,0.46913156,X1+X2_to_X3,race_aware
1073,7.9515789473684055,0.46110255,X1+X2_to_X3,race_aware
3746,7.9515789473684055,0.45923153,X1+X2_to_X3,race_aware
4984,7.9515789473684055,0.49858466,X1+X2_to_X3,race_aware
1269,7.9515789473684055,0.5403558,X1+X2_to_X3,race_aware
4432,7.9515789473684055,0.41985932,X1+X2_to_X3,race_aware
5482,7.9515789473684055,0.45485735,X1+X2_to_X3,race_aware
3638,7.9515789473684055,0.5316881,X1+X2_to_X3,race_aware
1602,7.9515789473684055,0.42150936,X1+X2_to_X3,race_aware
557,7.9515789473684055,0.46110255,X1+X2_to_X3,race_aware
2279,7.9515789473684055,0.38947508,X1+X2_to_X3,race_aware
443,7.9515789473684055,0.45923153,X1+X2_to_X3,race_aware
6133,7.9515789473684055,0.41985932,X1+X2_to_X3,race_aware
261,7.9515789473684055,0.45485735,X1+X2_to_X3,race_aware
4770,7.9515789473684055,0.38939083,X1+X2_to_X3,race_aware
3704,7.9515789473684055,0.46913156,X1+X2_to_X3,race_aware
1304,7.9515789473684055,0.46110255,X1+X2_to_X3,race_aware
4439,7.9515789473684055,0.48735097,X1+X2_to_X3,race_aware
5513,7.9515789473684055,0.45923153,X1+X2_to_X3,race_aware
4774,7.9515789473684055,0.485461,X1+X2_to_X3,race_aware
1977,7.9515789473684055,0.41985932,X1+X2_to_X3,race_aware
3871,7.9515789473684055,0.46913156,X1+X2_to_X3,race_aware
332,7.9515789473684055,0.46913156,X1+X2_to_X3,race_aware
1685,7.9515789473684055,0.40013012,X1+X2_to_X3,race_aware
229,7.9515789473684055,0.38939083,X1+X2_to_X3,race_aware
4805,7.9515789473684055,0.46913156,X1+X2_to_X3,race_aware
5527,7.9515789473684055,0.39414585,X1+X2_to_X3,race_aware
2516,7.9515789473684055,0.45923153,X1+X2_to_X3,race_aware
2933,7.9515789473684055,0.44290438,X1+X2_to_X3,race_aware
1360,7.9515789473684055,0.43365425,X1+X2_to_X3,race_aware
2698,7.9515789473684055,0.46913156,X1+X2_to_X3,race_aware
1499,7.9515789473684055,0.43078265,X1+X2_to_X3,race_aware
5005,7.9515789473684055,0.40013012,X1+X2_to_X3,race_aware
719,7.9515789473684055,0.40879565,X1+X2_to_X3,race_aware
433,7.9515789473684055,0.45638996,X1+X2_to_X3,race_aware
1192,7.9515789473684055,0.40879565,X1+X2_to_X3,race_aware
5570,7.9515789473684055,0.46913156,X1+X2_to_X3,race_aware
2767,7.9515789473684055,0.46913156,X1+X2_to_X3,race_aware
1527,7.9515789473684055,0.46913156,X1+X2_to_X3,race_aware
3550,7.9515789473684055,0.39414585,X1+X2_to_X3,race_aware
6147,7.9515789473684055,0.40879565,X1+X2_to_X3,race_aware
4360,7.9515789473684055,0.39414585,X1+X2_to_X3,race_aware
1884,7.9515789473684055,0.50513816,X1+X2_to_X3,race_aware
4116,7.9515789473684055,0.46110255,X1+X2_to_X3,race_aware
3797,7.9515789473684055,0.40879565,X1+X2_to_X3,race_aware
1407,7.9515789473684055,0.40295202,X1+X2_to_X3,race_aware
4630,7.9515789473684055,0.40013012,X1+X2_to_X3,race_aware
4858,7.9515789473684055,0.46110255,X1+X2_to_X3,race_aware
2985,7.9515789473684055,0.43078265,X1+X2_to_X3,race_aware
6131,7.9515789473684055,0.45485735,X1+X2_to_X3,race_aware
1280,7.9515789473684055,0.40013012,X1+X2_to_X3,race_aware
398,7.9515789473684055,0.46110255,X1+X2_to_X3,race_aware
2892,7.9515789473684055,0.46913156,X1+X2_to_X3,race_aware
121,7.9515789473684055,0.485461,X1+X2_to_X3,race_aware
860,7.9515789473684055,0.46913156,X1+X2_to_X3,race_aware
3589,7.9515789473684055,0.49111077,X1+X2_to_X3,race_aware
320,7.9515789473684055,0.4431124,X1+X2_to_X3,race_aware
2231,7.9515789473684055,0.40829757,X1+X2_to_X3,race_aware
5049,7.9515789473684055,0.41985932,X1+X2_to_X3,race_aware
5334,7.9515789473684055,0.46913156,X1+X2_to_X3,race_aware
1780,7.9515789473684055,0.46913156,X1+X2_to_X3,race_aware
3192,7.9515789473684055,0.44271204,X1+X2_to_X3,race_aware
448,7.9515789473684055,0.46913156,X1+X2_to_X3,race_aware
5640,7.9515789473684055,0.45485735,X1+X2_to_X3,race_aware
3791,8.614210526315773,0.48374048,X1+X2_to_X3,race_aware
2963,8.614210526315773,0.42910933,X1+X2_to_X3,race_aware
2798,8.614210526315773,0.4211852,X1+X2_to_X3,race_aware
647,8.614210526315773,0.41260946,X1+X2_to_X3,race_aware
971,8.614210526315773,0.500141,X1+X2_to_X3,race_aware
2190,8.614210526315773,0.48374048,X1+X2_to_X3,race_aware
1629,8.614210526315773,0.4763456,X1+X2_to_X3,race_aware
5022,8.614210526315773,0.5057812,X1+X2_to_X3,race_aware
2136,8.614210526315773,0.48374048,X1+X2_to_X3,race_aware
5313,8.614210526315773,0.46485537,X1+X2_to_X3,race_aware
5845,8.614210526315773,0.47129786,X1+X2_to_X3,race_aware
1458,8.614210526315773,0.41022035,X1+X2_to_X3,race_aware
3885,8.614210526315773,0.43922114,X1+X2_to_X3,race_aware
5669,8.614210526315773,0.48374048,X1+X2_to_X3,race_aware
2141,8.614210526315773,0.4701001,X1+X2_to_X3,race_aware
2475,8.614210526315773,0.47129786,X1+X2_to_X3,race_aware
3068,8.614210526315773,0.40918687,X1+X2_to_X3,race_aware
924,8.614210526315773,0.43819305,X1+X2_to_X3,race_aware
1724,8.614210526315773,0.47134617,X1+X2_to_X3,race_aware
4759,8.614210526315773,0.48374048,X1+X2_to_X3,race_aware
2540,8.614210526315773,0.47120634,X1+X2_to_X3,race_aware
4633,8.614210526315773,0.42584148,X1+X2_to_X3,race_aware
5419,8.614210526315773,0.47129786,X1+X2_to_X3,race_aware
745,8.614210526315773,0.42584148,X1+X2_to_X3,race_aware
598,8.614210526315773,0.48374048,X1+X2_to_X3,race_aware
5671,8.614210526315773,0.42584148,X1+X2_to_X3,race_aware
226,8.614210526315773,0.42368773,X1+X2_to_X3,race_aware
5836,8.614210526315773,0.42910933,X1+X2_to_X3,race_aware
1694,8.614210526315773,0.4211852,X1+X2_to_X3,race_aware
3077,8.614210526315773,0.4763456,X1+X2_to_X3,race_aware
3012,8.614210526315773,0.43819305,X1+X2_to_X3,race_aware
3196,8.614210526315773,0.48374048,X1+X2_to_X3,race_aware
6021,8.614210526315773,0.43506634,X1+X2_to_X3,race_aware
2718,8.614210526315773,0.51278406,X1+X2_to_X3,race_aware
3018,8.614210526315773,0.4763456,X1+X2_to_X3,race_aware
1203,8.614210526315773,0.42584148,X1+X2_to_X3,race_aware
4651,8.614210526315773,0.48374048,X1+X2_to_X3,race_aware
1073,8.614210526315773,0.4763456,X1+X2_to_X3,race_aware
3746,8.614210526315773,0.47120634,X1+X2_to_X3,race_aware
4984,8.614210526315773,0.51413155,X1+X2_to_X3,race_aware
1269,8.614210526315773,0.55244315,X1+X2_to_X3,race_aware
4432,8.614210526315773,0.42584148,X1+X2_to_X3,race_aware
5482,8.614210526315773,0.47129786,X1+X2_to_X3,race_aware
3638,8.614210526315773,0.5417224,X1+X2_to_X3,race_aware
1602,8.614210526315773,0.4290633,X1+X2_to_X3,race_aware
557,8.614210526315773,0.4763456,X1+X2_to_X3,race_aware
2279,8.614210526315773,0.41022035,X1+X2_to_X3,race_aware
443,8.614210526315773,0.47120634,X1+X2_to_X3,race_aware
6133,8.614210526315773,0.42584148,X1+X2_to_X3,race_aware
261,8.614210526315773,0.47129786,X1+X2_to_X3,race_aware
4770,8.614210526315773,0.41260946,X1+X2_to_X3,race_aware
3704,8.614210526315773,0.48374048,X1+X2_to_X3,race_aware
1304,8.614210526315773,0.4763456,X1+X2_to_X3,race_aware
4439,8.614210526315773,0.5057812,X1+X2_to_X3,race_aware
5513,8.614210526315773,0.47120634,X1+X2_to_X3,race_aware
4774,8.614210526315773,0.5009025,X1+X2_to_X3,race_aware
1977,8.614210526315773,0.42584148,X1+X2_to_X3,race_aware
3871,8.614210526315773,0.48374048,X1+X2_to_X3,race_aware
332,8.614210526315773,0.48374048,X1+X2_to_X3,race_aware
1685,8.614210526315773,0.4208646,X1+X2_to_X3,race_aware
229,8.614210526315773,0.41260946,X1+X2_to_X3,race_aware
4805,8.614210526315773,0.48374048,X1+X2_to_X3,race_aware
5527,8.614210526315773,0.41208023,X1+X2_to_X3,race_aware
2516,8.614210526315773,0.47120634,X1+X2_to_X3,race_aware
2933,8.614210526315773,0.45314398,X1+X2_to_X3,race_aware
1360,8.614210526315773,0.43922114,X1+X2_to_X3,race_aware
2698,8.614210526315773,0.48374048,X1+X2_to_X3,race_aware
1499,8.614210526315773,0.43819305,X1+X2_to_X3,race_aware
5005,8.614210526315773,0.4208646,X1+X2_to_X3,race_aware
719,8.614210526315773,0.42910933,X1+X2_to_X3,race_aware
433,8.614210526315773,0.4701001,X1+X2_to_X3,race_aware
1192,8.614210526315773,0.42910933,X1+X2_to_X3,race_aware
5570,8.614210526315773,0.48374048,X1+X2_to_X3,race_aware
2767,8.614210526315773,0.48374048,X1+X2_to_X3,race_aware
1527,8.614210526315773,0.48374048,X1+X2_to_X3,race_aware
3550,8.614210526315773,0.41208023,X1+X2_to_X3,race_aware
6147,8.614210526315773,0.42910933,X1+X2_to_X3,race_aware
4360,8.614210526315773,0.41208023,X1+X2_to_X3,race_aware
1884,8.614210526315773,0.51977843,X1+X2_to_X3,race_aware
4116,8.614210526315773,0.4763456,X1+X2_to_X3,race_aware
3797,8.614210526315773,0.42910933,X1+X2_to_X3,race_aware
1407,8.614210526315773,0.4211852,X1+X2_to_X3,race_aware
4630,8.614210526315773,0.4208646,X1+X2_to_X3,race_aware
4858,8.614210526315773,0.4763456,X1+X2_to_X3,race_aware
2985,8.614210526315773,0.43819305,X1+X2_to_X3,race_aware
6131,8.614210526315773,0.47129786,X1+X2_to_X3,race_aware
1280,8.614210526315773,0.4208646,X1+X2_to_X3,race_aware
398,8.614210526315773,0.4763456,X1+X2_to_X3,race_aware
2892,8.614210526315773,0.48374048,X1+X2_to_X3,race_aware
121,8.614210526315773,0.5009025,X1+X2_to_X3,race_aware
860,8.614210526315773,0.48374048,X1+X2_to_X3,race_aware
3589,8.614210526315773,0.500141,X1+X2_to_X3,race_aware
320,8.614210526315773,0.4525785,X1+X2_to_X3,race_aware
2231,8.614210526315773,0.4249514,X1+X2_to_X3,race_aware
5049,8.614210526315773,0.42584148,X1+X2_to_X3,race_aware
5334,8.614210526315773,0.48374048,X1+X2_to_X3,race_aware
1780,8.614210526315773,0.48374048,X1+X2_to_X3,race_aware
3192,8.614210526315773,0.45167825,X1+X2_to_X3,race_aware
448,8.614210526315773,0.48374048,X1+X2_to_X3,race_aware
5640,8.614210526315773,0.47129786,X1+X2_to_X3,race_aware
3791,9.276842105263139,0.49671045,X1+X2_to_X3,race_aware
2963,9.276842105263139,0.44668365,X1+X2_to_X3,race_aware
2798,9.276842105263139,0.43930507,X1+X2_to_X3,race_aware
647,9.276842105263139,0.43351096,X1+X2_to_X3,race_aware
971,9.276842105263139,0.50938976,X1+X2_to_X3,race_aware
2190,9.276842105263139,0.49671045,X1+X2_to_X3,race_aware
1629,9.276842105263139,0.49343085,X1+X2_to_X3,race_aware
5022,9.276842105263139,0.51895344,X1+X2_to_X3,race_aware
2136,9.276842105263139,0.49671045,X1+X2_to_X3,race_aware
5313,9.276842105263139,0.47810227,X1+X2_to_X3,race_aware
5845,9.276842105263139,0.4858371,X1+X2_to_X3,race_aware
1458,9.276842105263139,0.43204692,X1+X2_to_X3,race_aware
3885,9.276842105263139,0.44773716,X1+X2_to_X3,race_aware
5669,9.276842105263139,0.49671045,X1+X2_to_X3,race_aware
2141,9.276842105263139,0.48631722,X1+X2_to_X3,race_aware
2475,9.276842105263139,0.4858371,X1+X2_to_X3,race_aware
3068,9.276842105263139,0.4263635,X1+X2_to_X3,race_aware
924,9.276842105263139,0.4432461,X1+X2_to_X3,race_aware
1724,9.276842105263139,0.48459974,X1+X2_to_X3,race_aware
4759,9.276842105263139,0.49671045,X1+X2_to_X3,race_aware
2540,9.276842105263139,0.48652217,X1+X2_to_X3,race_aware
4633,9.276842105263139,0.43033943,X1+X2_to_X3,race_aware
5419,9.276842105263139,0.4858371,X1+X2_to_X3,race_aware
745,9.276842105263139,0.43033943,X1+X2_to_X3,race_aware
598,9.276842105263139,0.49671045,X1+X2_to_X3,race_aware
5671,9.276842105263139,0.43033943,X1+X2_to_X3,race_aware
226,9.276842105263139,0.43220982,X1+X2_to_X3,race_aware
5836,9.276842105263139,0.44668365,X1+X2_to_X3,race_aware
1694,9.276842105263139,0.43930507,X1+X2_to_X3,race_aware
3077,9.276842105263139,0.49343085,X1+X2_to_X3,race_aware
3012,9.276842105263139,0.4432461,X1+X2_to_X3,race_aware
3196,9.276842105263139,0.49671045,X1+X2_to_X3,race_aware
6021,9.276842105263139,0.45397472,X1+X2_to_X3,race_aware
2718,9.276842105263139,0.5295636,X1+X2_to_X3,race_aware
3018,9.276842105263139,0.49343085,X1+X2_to_X3,race_aware
1203,9.276842105263139,0.43033943,X1+X2_to_X3,race_aware
4651,9.276842105263139,0.49671045,X1+X2_to_X3,race_aware
1073,9.276842105263139,0.49343085,X1+X2_to_X3,race_aware
3746,9.276842105263139,0.48652217,X1+X2_to_X3,race_aware
4984,9.276842105263139,0.52769756,X1+X2_to_X3,race_aware
1269,9.276842105263139,0.56459606,X1+X2_to_X3,race_aware
4432,9.276842105263139,0.43033943,X1+X2_to_X3,race_aware
5482,9.276842105263139,0.4858371,X1+X2_to_X3,race_aware
3638,9.276842105263139,0.55256253,X1+X2_to_X3,race_aware
1602,9.276842105263139,0.43863824,X1+X2_to_X3,race_aware
557,9.276842105263139,0.49343085,X1+X2_to_X3,race_aware
2279,9.276842105263139,0.43204692,X1+X2_to_X3,race_aware
443,9.276842105263139,0.48652217,X1+X2_to_X3,race_aware
6133,9.276842105263139,0.43033943,X1+X2_to_X3,race_aware
261,9.276842105263139,0.4858371,X1+X2_to_X3,race_aware
4770,9.276842105263139,0.43351096,X1+X2_to_X3,race_aware
3704,9.276842105263139,0.49671045,X1+X2_to_X3,race_aware
1304,9.276842105263139,0.49343085,X1+X2_to_X3,race_aware
4439,9.276842105263139,0.51895344,X1+X2_to_X3,race_aware
5513,9.276842105263139,0.48652217,X1+X2_to_X3,race_aware
4774,9.276842105263139,0.5156332,X1+X2_to_X3,race_aware
1977,9.276842105263139,0.43033943,X1+X2_to_X3,race_aware
3871,9.276842105263139,0.49671045,X1+X2_to_X3,race_aware
332,9.276842105263139,0.49671045,X1+X2_to_X3,race_aware
1685,9.276842105263139,0.43816122,X1+X2_to_X3,race_aware
229,9.276842105263139,0.43351096,X1+X2_to_X3,race_aware
4805,9.276842105263139,0.49671045,X1+X2_to_X3,race_aware
5527,9.276842105263139,0.43084013,X1+X2_to_X3,race_aware
2516,9.276842105263139,0.48652217,X1+X2_to_X3,race_aware
2933,9.276842105263139,0.4603273,X1+X2_to_X3,race_aware
1360,9.276842105263139,0.44773716,X1+X2_to_X3,race_aware
2698,9.276842105263139,0.49671045,X1+X2_to_X3,race_aware
1499,9.276842105263139,0.4432461,X1+X2_to_X3,race_aware
5005,9.276842105263139,0.43816122,X1+X2_to_X3,race_aware
719,9.276842105263139,0.44668365,X1+X2_to_X3,race_aware
433,9.276842105263139,0.48631722,X1+X2_to_X3,race_aware
1192,9.276842105263139,0.44668365,X1+X2_to_X3,race_aware
5570,9.276842105263139,0.49671045,X1+X2_to_X3,race_aware
2767,9.276842105263139,0.49671045,X1+X2_to_X3,race_aware
1527,9.276842105263139,0.49671045,X1+X2_to_X3,race_aware
3550,9.276842105263139,0.43084013,X1+X2_to_X3,race_aware
6147,9.276842105263139,0.44668365,X1+X2_to_X3,race_aware
4360,9.276842105263139,0.43084013,X1+X2_to_X3,race_aware
1884,9.276842105263139,0.5343973,X1+X2_to_X3,race_aware
4116,9.276842105263139,0.49343085,X1+X2_to_X3,race_aware
3797,9.276842105263139,0.44668365,X1+X2_to_X3,race_aware
1407,9.276842105263139,0.43930507,X1+X2_to_X3,race_aware
4630,9.276842105263139,0.43816122,X1+X2_to_X3,race_aware
4858,9.276842105263139,0.49343085,X1+X2_to_X3,race_aware
2985,9.276842105263139,0.4432461,X1+X2_to_X3,race_aware
6131,9.276842105263139,0.4858371,X1+X2_to_X3,race_aware
1280,9.276842105263139,0.43816122,X1+X2_to_X3,race_aware
398,9.276842105263139,0.49343085,X1+X2_to_X3,race_aware
2892,9.276842105263139,0.49671045,X1+X2_to_X3,race_aware
121,9.276842105263139,0.5156332,X1+X2_to_X3,race_aware
860,9.276842105263139,0.49671045,X1+X2_to_X3,race_aware
3589,9.276842105263139,0.50938976,X1+X2_to_X3,race_aware
320,9.276842105263139,0.46148673,X1+X2_to_X3,race_aware
2231,9.276842105263139,0.44162992,X1+X2_to_X3,race_aware
5049,9.276842105263139,0.43033943,X1+X2_to_X3,race_aware
5334,9.276842105263139,0.49671045,X1+X2_to_X3,race_aware
1780,9.276842105263139,0.49671045,X1+X2_to_X3,race_aware
3192,9.276842105263139,0.45986965,X1+X2_to_X3,race_aware
448,9.276842105263139,0.49671045,X1+X2_to_X3,race_aware
5640,9.276842105263139,0.4858371,X1+X2_to_X3,race_aware
3791,9.939473684210506,0.50861526,X1+X2_to_X3,race_aware
2963,9.939473684210506,0.46476567,X1+X2_to_X3,race_aware
2798,9.939473684210506,0.4558974,X1+X2_to_X3,race_aware
647,9.939473684210506,0.45278686,X1+X2_to_X3,race_aware
971,9.939473684210506,0.5163951,X1+X2_to_X3,race_aware
2190,9.939473684210506,0.50861526,X1+X2_to_X3,race_aware
1629,9.939473684210506,0.50360614,X1+X2_to_X3,race_aware
5022,9.939473684210506,0.5318924,X1+X2_to_X3,race_aware
2136,9.939473684210506,0.50861526,X1+X2_to_X3,race_aware
5313,9.939473684210506,0.49157465,X1+X2_to_X3,race_aware
5845,9.939473684210506,0.49713236,X1+X2_to_X3,race_aware
1458,9.939473684210506,0.44996205,X1+X2_to_X3,race_aware
3885,9.939473684210506,0.4514317,X1+X2_to_X3,race_aware
5669,9.939473684210506,0.50861526,X1+X2_to_X3,race_aware
2141,9.939473684210506,0.5002628,X1+X2_to_X3,race_aware
2475,9.939473684210506,0.49713236,X1+X2_to_X3,race_aware
3068,9.939473684210506,0.44129947,X1+X2_to_X3,race_aware
924,9.939473684210506,0.44811663,X1+X2_to_X3,race_aware
1724,9.939473684210506,0.49542984,X1+X2_to_X3,race_aware
4759,9.939473684210506,0.50861526,X1+X2_to_X3,race_aware
2540,9.939473684210506,0.49723014,X1+X2_to_X3,race_aware
4633,9.939473684210506,0.43503168,X1+X2_to_X3,race_aware
5419,9.939473684210506,0.49713236,X1+X2_to_X3,race_aware
745,9.939473684210506,0.43503168,X1+X2_to_X3,race_aware
598,9.939473684210506,0.50861526,X1+X2_to_X3,race_aware
5671,9.939473684210506,0.43503168,X1+X2_to_X3,race_aware
226,9.939473684210506,0.43753114,X1+X2_to_X3,race_aware
5836,9.939473684210506,0.46476567,X1+X2_to_X3,race_aware
1694,9.939473684210506,0.4558974,X1+X2_to_X3,race_aware
3077,9.939473684210506,0.50360614,X1+X2_to_X3,race_aware
3012,9.939473684210506,0.44811663,X1+X2_to_X3,race_aware
3196,9.939473684210506,0.50861526,X1+X2_to_X3,race_aware
6021,9.939473684210506,0.47147143,X1+X2_to_X3,race_aware
2718,9.939473684210506,0.5398274,X1+X2_to_X3,race_aware
3018,9.939473684210506,0.50360614,X1+X2_to_X3,race_aware
1203,9.939473684210506,0.43503168,X1+X2_to_X3,race_aware
4651,9.939473684210506,0.50861526,X1+X2_to_X3,race_aware
1073,9.939473684210506,0.50360614,X1+X2_to_X3,race_aware
3746,9.939473684210506,0.49723014,X1+X2_to_X3,race_aware
4984,9.939473684210506,0.5409566,X1+X2_to_X3,race_aware
1269,9.939473684210506,0.57454646,X1+X2_to_X3,race_aware
4432,9.939473684210506,0.43503168,X1+X2_to_X3,race_aware
5482,9.939473684210506,0.49713236,X1+X2_to_X3,race_aware
3638,9.939473684210506,0.5595917,X1+X2_to_X3,race_aware
1602,9.939473684210506,0.4449611,X1+X2_to_X3,race_aware
557,9.939473684210506,0.50360614,X1+X2_to_X3,race_aware
2279,9.939473684210506,0.44996205,X1+X2_to_X3,race_aware
443,9.939473684210506,0.49723014,X1+X2_to_X3,race_aware
6133,9.939473684210506,0.43503168,X1+X2_to_X3,race_aware
261,9.939473684210506,0.49713236,X1+X2_to_X3,race_aware
4770,9.939473684210506,0.45278686,X1+X2_to_X3,race_aware
3704,9.939473684210506,0.50861526,X1+X2_to_X3,race_aware
1304,9.939473684210506,0.50360614,X1+X2_to_X3,race_aware
4439,9.939473684210506,0.5318924,X1+X2_to_X3,race_aware
5513,9.939473684210506,0.49723014,X1+X2_to_X3,race_aware
4774,9.939473684210506,0.5299241,X1+X2_to_X3,race_aware
1977,9.939473684210506,0.43503168,X1+X2_to_X3,race_aware
3871,9.939473684210506,0.50861526,X1+X2_to_X3,race_aware
332,9.939473684210506,0.50861526,X1+X2_to_X3,race_aware
1685,9.939473684210506,0.4538457,X1+X2_to_X3,race_aware
229,9.939473684210506,0.45278686,X1+X2_to_X3,race_aware
4805,9.939473684210506,0.50861526,X1+X2_to_X3,race_aware
5527,9.939473684210506,0.44783592,X1+X2_to_X3,race_aware
2516,9.939473684210506,0.49723014,X1+X2_to_X3,race_aware
2933,9.939473684210506,0.4700378,X1+X2_to_X3,race_aware
1360,9.939473684210506,0.4514317,X1+X2_to_X3,race_aware
2698,9.939473684210506,0.50861526,X1+X2_to_X3,race_aware
1499,9.939473684210506,0.44811663,X1+X2_to_X3,race_aware
5005,9.939473684210506,0.4538457,X1+X2_to_X3,race_aware
719,9.939473684210506,0.46476567,X1+X2_to_X3,race_aware
433,9.939473684210506,0.5002628,X1+X2_to_X3,race_aware
1192,9.939473684210506,0.46476567,X1+X2_to_X3,race_aware
5570,9.939473684210506,0.50861526,X1+X2_to_X3,race_aware
2767,9.939473684210506,0.50861526,X1+X2_to_X3,race_aware
1527,9.939473684210506,0.50861526,X1+X2_to_X3,race_aware
3550,9.939473684210506,0.44783592,X1+X2_to_X3,race_aware
6147,9.939473684210506,0.46476567,X1+X2_to_X3,race_aware
4360,9.939473684210506,0.44783592,X1+X2_to_X3,race_aware
1884,9.939473684210506,0.5471638,X1+X2_to_X3,race_aware
4116,9.939473684210506,0.50360614,X1+X2_to_X3,race_aware
3797,9.939473684210506,0.46476567,X1+X2_to_X3,race_aware
1407,9.939473684210506,0.4558974,X1+X2_to_X3,race_aware
4630,9.939473684210506,0.4538457,X1+X2_to_X3,race_aware
4858,9.939473684210506,0.50360614,X1+X2_to_X3,race_aware
2985,9.939473684210506,0.44811663,X1+X2_to_X3,race_aware
6131,9.939473684210506,0.49713236,X1+X2_to_X3,race_aware
1280,9.939473684210506,0.4538457,X1+X2_to_X3,race_aware
398,9.939473684210506,0.50360614,X1+X2_to_X3,race_aware
2892,9.939473684210506,0.50861526,X1+X2_to_X3,race_aware
121,9.939473684210506,0.5299241,X1+X2_to_X3,race_aware
860,9.939473684210506,0.50861526,X1+X2_to_X3,race_aware
3589,9.939473684210506,0.5163951,X1+X2_to_X3,race_aware
320,9.939473684210506,0.46820775,X1+X2_to_X3,race_aware
2231,9.939473684210506,0.45778528,X1+X2_to_X3,race_aware
5049,9.939473684210506,0.43503168,X1+X2_to_X3,race_aware
5334,9.939473684210506,0.50861526,X1+X2_to_X3,race_aware
1780,9.939473684210506,0.50861526,X1+X2_to_X3,race_aware
3192,9.939473684210506,0.4691281,X1+X2_to_X3,race_aware
448,9.939473684210506,0.50861526,X1+X2_to_X3,race_aware
5640,9.939473684210506,0.49713236,X1+X2_to_X3,race_aware
3791,10.602105263157874,0.52070284,X1+X2_to_X3,race_aware
2963,10.602105263157874,0.47797704,X1+X2_to_X3,race_aware
2798,10.602105263157874,0.47020918,X1+X2_to_X3,race_aware
647,10.602105263157874,0.4693187,X1+X2_to_X3,race_aware
971,10.602105263157874,0.5241704,X1+X2_to_X3,race_aware
2190,10.602105263157874,0.52070284,X1+X2_to_X3,race_aware
1629,10.602105263157874,0.51845175,X1+X2_to_X3,race_aware
5022,10.602105263157874,0.5435817,X1+X2_to_X3,race_aware
2136,10.602105263157874,0.52070284,X1+X2_to_X3,race_aware
5313,10.602105263157874,0.50242686,X1+X2_to_X3,race_aware
5845,10.602105263157874,0.5078339,X1+X2_to_X3,race_aware
1458,10.602105263157874,0.4645581,X1+X2_to_X3,race_aware
3885,10.602105263157874,0.45849633,X1+X2_to_X3,race_aware
5669,10.602105263157874,0.52070284,X1+X2_to_X3,race_aware
2141,10.602105263157874,0.5095525,X1+X2_to_X3,race_aware
2475,10.602105263157874,0.5078339,X1+X2_to_X3,race_aware
3068,10.602105263157874,0.45580664,X1+X2_to_X3,race_aware
924,10.602105263157874,0.453186,X1+X2_to_X3,race_aware
1724,10.602105263157874,0.50782263,X1+X2_to_X3,race_aware
4759,10.602105263157874,0.52070284,X1+X2_to_X3,race_aware
2540,10.602105263157874,0.5085871,X1+X2_to_X3,race_aware
4633,10.602105263157874,0.4387127,X1+X2_to_X3,race_aware
5419,10.602105263157874,0.5078339,X1+X2_to_X3,race_aware
745,10.602105263157874,0.4387127,X1+X2_to_X3,race_aware
598,10.602105263157874,0.52070284,X1+X2_to_X3,race_aware
5671,10.602105263157874,0.4387127,X1+X2_to_X3,race_aware
226,10.602105263157874,0.44219372,X1+X2_to_X3,race_aware
5836,10.602105263157874,0.47797704,X1+X2_to_X3,race_aware
1694,10.602105263157874,0.47020918,X1+X2_to_X3,race_aware
3077,10.602105263157874,0.51845175,X1+X2_to_X3,race_aware
3012,10.602105263157874,0.453186,X1+X2_to_X3,race_aware
3196,10.602105263157874,0.52070284,X1+X2_to_X3,race_aware
6021,10.602105263157874,0.4871819,X1+X2_to_X3,race_aware
2718,10.602105263157874,0.5491811,X1+X2_to_X3,race_aware
3018,10.602105263157874,0.51845175,X1+X2_to_X3,race_aware
1203,10.602105263157874,0.4387127,X1+X2_to_X3,race_aware
4651,10.602105263157874,0.52070284,X1+X2_to_X3,race_aware
1073,10.602105263157874,0.51845175,X1+X2_to_X3,race_aware
3746,10.602105263157874,0.5085871,X1+X2_to_X3,race_aware
4984,10.602105263157874,0.54928744,X1+X2_to_X3,race_aware
1269,10.602105263157874,0.582901,X1+X2_to_X3,race_aware
4432,10.602105263157874,0.4387127,X1+X2_to_X3,race_aware
5482,10.602105263157874,0.5078339,X1+X2_to_X3,race_aware
3638,10.602105263157874,0.5672391,X1+X2_to_X3,race_aware
1602,10.602105263157874,0.44935432,X1+X2_to_X3,race_aware
557,10.602105263157874,0.51845175,X1+X2_to_X3,race_aware
2279,10.602105263157874,0.4645581,X1+X2_to_X3,race_aware
443,10.602105263157874,0.5085871,X1+X2_to_X3,race_aware
6133,10.602105263157874,0.4387127,X1+X2_to_X3,race_aware
261,10.602105263157874,0.5078339,X1+X2_to_X3,race_aware
4770,10.602105263157874,0.4693187,X1+X2_to_X3,race_aware
3704,10.602105263157874,0.52070284,X1+X2_to_X3,race_aware
1304,10.602105263157874,0.51845175,X1+X2_to_X3,race_aware
4439,10.602105263157874,0.5435817,X1+X2_to_X3,race_aware
5513,10.602105263157874,0.5085871,X1+X2_to_X3,race_aware
4774,10.602105263157874,0.5412819,X1+X2_to_X3,race_aware
1977,10.602105263157874,0.4387127,X1+X2_to_X3,race_aware
3871,10.602105263157874,0.52070284,X1+X2_to_X3,race_aware
332,10.602105263157874,0.52070284,X1+X2_to_X3,race_aware
1685,10.602105263157874,0.46854135,X1+X2_to_X3,race_aware
229,10.602105263157874,0.4693187,X1+X2_to_X3,race_aware
4805,10.602105263157874,0.52070284,X1+X2_to_X3,race_aware
5527,10.602105263157874,0.46223414,X1+X2_to_X3,race_aware
2516,10.602105263157874,0.5085871,X1+X2_to_X3,race_aware
2933,10.602105263157874,0.47500554,X1+X2_to_X3,race_aware
1360,10.602105263157874,0.45849633,X1+X2_to_X3,race_aware
2698,10.602105263157874,0.52070284,X1+X2_to_X3,race_aware
1499,10.602105263157874,0.453186,X1+X2_to_X3,race_aware
5005,10.602105263157874,0.46854135,X1+X2_to_X3,race_aware
719,10.602105263157874,0.47797704,X1+X2_to_X3,race_aware
433,10.602105263157874,0.5095525,X1+X2_to_X3,race_aware
1192,10.602105263157874,0.47797704,X1+X2_to_X3,race_aware
5570,10.602105263157874,0.52070284,X1+X2_to_X3,race_aware
2767,10.602105263157874,0.52070284,X1+X2_to_X3,race_aware
1527,10.602105263157874,0.52070284,X1+X2_to_X3,race_aware
3550,10.602105263157874,0.46223414,X1+X2_to_X3,race_aware
6147,10.602105263157874,0.47797704,X1+X2_to_X3,race_aware
4360,10.602105263157874,0.46223414,X1+X2_to_X3,race_aware
1884,10.602105263157874,0.5562919,X1+X2_to_X3,race_aware
4116,10.602105263157874,0.51845175,X1+X2_to_X3,race_aware
3797,10.602105263157874,0.47797704,X1+X2_to_X3,race_aware
1407,10.602105263157874,0.47020918,X1+X2_to_X3,race_aware
4630,10.602105263157874,0.46854135,X1+X2_to_X3,race_aware
4858,10.602105263157874,0.51845175,X1+X2_to_X3,race_aware
2985,10.602105263157874,0.453186,X1+X2_to_X3,race_aware
6131,10.602105263157874,0.5078339,X1+X2_to_X3,race_aware
1280,10.602105263157874,0.46854135,X1+X2_to_X3,race_aware
398,10.602105263157874,0.51845175,X1+X2_to_X3,race_aware
2892,10.602105263157874,0.52070284,X1+X2_to_X3,race_aware
121,10.602105263157874,0.5412819,X1+X2_to_X3,race_aware
860,10.602105263157874,0.52070284,X1+X2_to_X3,race_aware
3589,10.602105263157874,0.5241704,X1+X2_to_X3,race_aware
320,10.602105263157874,0.47373512,X1+X2_to_X3,race_aware
2231,10.602105263157874,0.4711418,X1+X2_to_X3,race_aware
5049,10.602105263157874,0.4387127,X1+X2_to_X3,race_aware
5334,10.602105263157874,0.52070284,X1+X2_to_X3,race_aware
1780,10.602105263157874,0.52070284,X1+X2_to_X3,race_aware
3192,10.602105263157874,0.47339615,X1+X2_to_X3,race_aware
448,10.602105263157874,0.52070284,X1+X2_to_X3,race_aware
5640,10.602105263157874,0.5078339,X1+X2_to_X3,race_aware
3791,11.264736842105242,0.53177893,X1+X2_to_X3,race_aware
2963,11.264736842105242,0.4912113,X1+X2_to_X3,race_aware
2798,11.264736842105242,0.4832037,X1+X2_to_X3,race_aware
647,11.264736842105242,0.4863026,X1+X2_to_X3,race_aware
971,11.264736842105242,0.5313145,X1+X2_to_X3,race_aware
2190,11.264736842105242,0.53177893,X1+X2_to_X3,race_aware
1629,11.264736842105242,0.5294887,X1+X2_to_X3,race_aware
5022,11.264736842105242,0.55375814,X1+X2_to_X3,race_aware
2136,11.264736842105242,0.53177893,X1+X2_to_X3,race_aware
5313,11.264736842105242,0.51075166,X1+X2_to_X3,race_aware
5845,11.264736842105242,0.5189739,X1+X2_to_X3,race_aware
1458,11.264736842105242,0.47813985,X1+X2_to_X3,race_aware
3885,11.264736842105242,0.46158785,X1+X2_to_X3,race_aware
5669,11.264736842105242,0.53177893,X1+X2_to_X3,race_aware
2141,11.264736842105242,0.5191726,X1+X2_to_X3,race_aware
2475,11.264736842105242,0.5189739,X1+X2_to_X3,race_aware
3068,11.264736842105242,0.4680318,X1+X2_to_X3,race_aware
924,11.264736842105242,0.46026704,X1+X2_to_X3,race_aware
1724,11.264736842105242,0.51644576,X1+X2_to_X3,race_aware
4759,11.264736842105242,0.53177893,X1+X2_to_X3,race_aware
2540,11.264736842105242,0.5159317,X1+X2_to_X3,race_aware
4633,11.264736842105242,0.44354555,X1+X2_to_X3,race_aware
5419,11.264736842105242,0.5189739,X1+X2_to_X3,race_aware
745,11.264736842105242,0.44354555,X1+X2_to_X3,race_aware
598,11.264736842105242,0.53177893,X1+X2_to_X3,race_aware
5671,11.264736842105242,0.44354555,X1+X2_to_X3,race_aware
226,11.264736842105242,0.44810548,X1+X2_to_X3,race_aware
5836,11.264736842105242,0.4912113,X1+X2_to_X3,race_aware
1694,11.264736842105242,0.4832037,X1+X2_to_X3,race_aware
3077,11.264736842105242,0.5294887,X1+X2_to_X3,race_aware
3012,11.264736842105242,0.46026704,X1+X2_to_X3,race_aware
3196,11.264736842105242,0.53177893,X1+X2_to_X3,race_aware
6021,11.264736842105242,0.50127167,X1+X2_to_X3,race_aware
2718,11.264736842105242,0.5581864,X1+X2_to_X3,race_aware
3018,11.264736842105242,0.5294887,X1+X2_to_X3,race_aware
1203,11.264736842105242,0.44354555,X1+X2_to_X3,race_aware
4651,11.264736842105242,0.53177893,X1+X2_to_X3,race_aware
1073,11.264736842105242,0.5294887,X1+X2_to_X3,race_aware
3746,11.264736842105242,0.5159317,X1+X2_to_X3,race_aware
4984,11.264736842105242,0.5591867,X1+X2_to_X3,race_aware
1269,11.264736842105242,0.58933234,X1+X2_to_X3,race_aware
4432,11.264736842105242,0.44354555,X1+X2_to_X3,race_aware
5482,11.264736842105242,0.5189739,X1+X2_to_X3,race_aware
3638,11.264736842105242,0.5732182,X1+X2_to_X3,race_aware
1602,11.264736842105242,0.45333228,X1+X2_to_X3,race_aware
557,11.264736842105242,0.5294887,X1+X2_to_X3,race_aware
2279,11.264736842105242,0.47813985,X1+X2_to_X3,race_aware
443,11.264736842105242,0.5159317,X1+X2_to_X3,race_aware
6133,11.264736842105242,0.44354555,X1+X2_to_X3,race_aware
261,11.264736842105242,0.5189739,X1+X2_to_X3,race_aware
4770,11.264736842105242,0.4863026,X1+X2_to_X3,race_aware
3704,11.264736842105242,0.53177893,X1+X2_to_X3,race_aware
1304,11.264736842105242,0.5294887,X1+X2_to_X3,race_aware
4439,11.264736842105242,0.55375814,X1+X2_to_X3,race_aware
5513,11.264736842105242,0.5159317,X1+X2_to_X3,race_aware
4774,11.264736842105242,0.55019945,X1+X2_to_X3,race_aware
1977,11.264736842105242,0.44354555,X1+X2_to_X3,race_aware
3871,11.264736842105242,0.53177893,X1+X2_to_X3,race_aware
332,11.264736842105242,0.53177893,X1+X2_to_X3,race_aware
1685,11.264736842105242,0.48067716,X1+X2_to_X3,race_aware
229,11.264736842105242,0.4863026,X1+X2_to_X3,race_aware
4805,11.264736842105242,0.53177893,X1+X2_to_X3,race_aware
5527,11.264736842105242,0.47562212,X1+X2_to_X3,race_aware
2516,11.264736842105242,0.5159317,X1+X2_to_X3,race_aware
2933,11.264736842105242,0.4814733,X1+X2_to_X3,race_aware
1360,11.264736842105242,0.46158785,X1+X2_to_X3,race_aware
2698,11.264736842105242,0.53177893,X1+X2_to_X3,race_aware
1499,11.264736842105242,0.46026704,X1+X2_to_X3,race_aware
5005,11.264736842105242,0.48067716,X1+X2_to_X3,race_aware
719,11.264736842105242,0.4912113,X1+X2_to_X3,race_aware
433,11.264736842105242,0.5191726,X1+X2_to_X3,race_aware
1192,11.264736842105242,0.4912113,X1+X2_to_X3,race_aware
5570,11.264736842105242,0.53177893,X1+X2_to_X3,race_aware
2767,11.264736842105242,0.53177893,X1+X2_to_X3,race_aware
1527,11.264736842105242,0.53177893,X1+X2_to_X3,race_aware
3550,11.264736842105242,0.47562212,X1+X2_to_X3,race_aware
6147,11.264736842105242,0.4912113,X1+X2_to_X3,race_aware
4360,11.264736842105242,0.47562212,X1+X2_to_X3,race_aware
1884,11.264736842105242,0.5672459,X1+X2_to_X3,race_aware
4116,11.264736842105242,0.5294887,X1+X2_to_X3,race_aware
3797,11.264736842105242,0.4912113,X1+X2_to_X3,race_aware
1407,11.264736842105242,0.4832037,X1+X2_to_X3,race_aware
4630,11.264736842105242,0.48067716,X1+X2_to_X3,race_aware
4858,11.264736842105242,0.5294887,X1+X2_to_X3,race_aware
2985,11.264736842105242,0.46026704,X1+X2_to_X3,race_aware
6131,11.264736842105242,0.5189739,X1+X2_to_X3,race_aware
1280,11.264736842105242,0.48067716,X1+X2_to_X3,race_aware
398,11.264736842105242,0.5294887,X1+X2_to_X3,race_aware
2892,11.264736842105242,0.53177893,X1+X2_to_X3,race_aware
121,11.264736842105242,0.55019945,X1+X2_to_X3,race_aware
860,11.264736842105242,0.53177893,X1+X2_to_X3,race_aware
3589,11.264736842105242,0.5313145,X1+X2_to_X3,race_aware
320,11.264736842105242,0.48165813,X1+X2_to_X3,race_aware
2231,11.264736842105242,0.48191157,X1+X2_to_X3,race_aware
5049,11.264736842105242,0.44354555,X1+X2_to_X3,race_aware
5334,11.264736842105242,0.53177893,X1+X2_to_X3,race_aware
1780,11.264736842105242,0.53177893,X1+X2_to_X3,race_aware
3192,11.264736842105242,0.47954872,X1+X2_to_X3,race_aware
448,11.264736842105242,0.53177893,X1+X2_to_X3,race_aware
5640,11.264736842105242,0.5189739,X1+X2_to_X3,race_aware
3791,11.92736842105261,0.5398817,X1+X2_to_X3,race_aware
2963,11.92736842105261,0.50319344,X1+X2_to_X3,race_aware
2798,11.92736842105261,0.49697363,X1+X2_to_X3,race_aware
647,11.92736842105261,0.49877423,X1+X2_to_X3,race_aware
971,11.92736842105261,0.53675747,X1+X2_to_X3,race_aware
2190,11.92736842105261,0.5398817,X1+X2_to_X3,race_aware
1629,11.92736842105261,0.5377973,X1+X2_to_X3,race_aware
5022,11.92736842105261,0.564026,X1+X2_to_X3,race_aware
2136,11.92736842105261,0.5398817,X1+X2_to_X3,race_aware
5313,11.92736842105261,0.521781,X1+X2_to_X3,race_aware
5845,11.92736842105261,0.5292991,X1+X2_to_X3,race_aware
1458,11.92736842105261,0.49040422,X1+X2_to_X3,race_aware
3885,11.92736842105261,0.46719635,X1+X2_to_X3,race_aware
5669,11.92736842105261,0.5398817,X1+X2_to_X3,race_aware
2141,11.92736842105261,0.52966386,X1+X2_to_X3,race_aware
2475,11.92736842105261,0.5292991,X1+X2_to_X3,race_aware
3068,11.92736842105261,0.48000637,X1+X2_to_X3,race_aware
924,11.92736842105261,0.4641815,X1+X2_to_X3,race_aware
1724,11.92736842105261,0.525666,X1+X2_to_X3,race_aware
4759,11.92736842105261,0.5398817,X1+X2_to_X3,race_aware
2540,11.92736842105261,0.526168,X1+X2_to_X3,race_aware
4633,11.92736842105261,0.44599977,X1+X2_to_X3,race_aware
5419,11.92736842105261,0.5292991,X1+X2_to_X3,race_aware
745,11.92736842105261,0.44599977,X1+X2_to_X3,race_aware
598,11.92736842105261,0.5398817,X1+X2_to_X3,race_aware
5671,11.92736842105261,0.44599977,X1+X2_to_X3,race_aware
226,11.92736842105261,0.45297465,X1+X2_to_X3,race_aware
5836,11.92736842105261,0.50319344,X1+X2_to_X3,race_aware
1694,11.92736842105261,0.49697363,X1+X2_to_X3,race_aware
3077,11.92736842105261,0.5377973,X1+X2_to_X3,race_aware
3012,11.92736842105261,0.4641815,X1+X2_to_X3,race_aware
3196,11.92736842105261,0.5398817,X1+X2_to_X3,race_aware
6021,11.92736842105261,0.51063824,X1+X2_to_X3,race_aware
2718,11.92736842105261,0.5664164,X1+X2_to_X3,race_aware
3018,11.92736842105261,0.5377973,X1+X2_to_X3,race_aware
1203,11.92736842105261,0.44599977,X1+X2_to_X3,race_aware
4651,11.92736842105261,0.5398817,X1+X2_to_X3,race_aware
1073,11.92736842105261,0.5377973,X1+X2_to_X3,race_aware
3746,11.92736842105261,0.526168,X1+X2_to_X3,race_aware
4984,11.92736842105261,0.5664815,X1+X2_to_X3,race_aware
1269,11.92736842105261,0.59651566,X1+X2_to_X3,race_aware
4432,11.92736842105261,0.44599977,X1+X2_to_X3,race_aware
5482,11.92736842105261,0.5292991,X1+X2_to_X3,race_aware
3638,11.92736842105261,0.5785607,X1+X2_to_X3,race_aware
1602,11.92736842105261,0.4562572,X1+X2_to_X3,race_aware
557,11.92736842105261,0.5377973,X1+X2_to_X3,race_aware
2279,11.92736842105261,0.49040422,X1+X2_to_X3,race_aware
443,11.92736842105261,0.526168,X1+X2_to_X3,race_aware
6133,11.92736842105261,0.44599977,X1+X2_to_X3,race_aware
261,11.92736842105261,0.5292991,X1+X2_to_X3,race_aware
4770,11.92736842105261,0.49877423,X1+X2_to_X3,race_aware
3704,11.92736842105261,0.5398817,X1+X2_to_X3,race_aware
1304,11.92736842105261,0.5377973,X1+X2_to_X3,race_aware
4439,11.92736842105261,0.564026,X1+X2_to_X3,race_aware
5513,11.92736842105261,0.526168,X1+X2_to_X3,race_aware
4774,11.92736842105261,0.5601311,X1+X2_to_X3,race_aware
1977,11.92736842105261,0.44599977,X1+X2_to_X3,race_aware
3871,11.92736842105261,0.5398817,X1+X2_to_X3,race_aware
332,11.92736842105261,0.5398817,X1+X2_to_X3,race_aware
1685,11.92736842105261,0.4932501,X1+X2_to_X3,race_aware
229,11.92736842105261,0.49877423,X1+X2_to_X3,race_aware
4805,11.92736842105261,0.5398817,X1+X2_to_X3,race_aware
5527,11.92736842105261,0.48728853,X1+X2_to_X3,race_aware
2516,11.92736842105261,0.526168,X1+X2_to_X3,race_aware
2933,11.92736842105261,0.48661807,X1+X2_to_X3,race_aware
1360,11.92736842105261,0.46719635,X1+X2_to_X3,race_aware
2698,11.92736842105261,0.5398817,X1+X2_to_X3,race_aware
1499,11.92736842105261,0.4641815,X1+X2_to_X3,race_aware
5005,11.92736842105261,0.4932501,X1+X2_to_X3,race_aware
719,11.92736842105261,0.50319344,X1+X2_to_X3,race_aware
433,11.92736842105261,0.52966386,X1+X2_to_X3,race_aware
1192,11.92736842105261,0.50319344,X1+X2_to_X3,race_aware
5570,11.92736842105261,0.5398817,X1+X2_to_X3,race_aware
2767,11.92736842105261,0.5398817,X1+X2_to_X3,race_aware
1527,11.92736842105261,0.5398817,X1+X2_to_X3,race_aware
3550,11.92736842105261,0.48728853,X1+X2_to_X3,race_aware
6147,11.92736842105261,0.50319344,X1+X2_to_X3,race_aware
4360,11.92736842105261,0.48728853,X1+X2_to_X3,race_aware
1884,11.92736842105261,0.57246274,X1+X2_to_X3,race_aware
4116,11.92736842105261,0.5377973,X1+X2_to_X3,race_aware
3797,11.92736842105261,0.50319344,X1+X2_to_X3,race_aware
1407,11.92736842105261,0.49697363,X1+X2_to_X3,race_aware
4630,11.92736842105261,0.4932501,X1+X2_to_X3,race_aware
4858,11.92736842105261,0.5377973,X1+X2_to_X3,race_aware
2985,11.92736842105261,0.4641815,X1+X2_to_X3,race_aware
6131,11.92736842105261,0.5292991,X1+X2_to_X3,race_aware
1280,11.92736842105261,0.4932501,X1+X2_to_X3,race_aware
398,11.92736842105261,0.5377973,X1+X2_to_X3,race_aware
2892,11.92736842105261,0.5398817,X1+X2_to_X3,race_aware
121,11.92736842105261,0.5601311,X1+X2_to_X3,race_aware
860,11.92736842105261,0.5398817,X1+X2_to_X3,race_aware
3589,11.92736842105261,0.53675747,X1+X2_to_X3,race_aware
320,11.92736842105261,0.48342803,X1+X2_to_X3,race_aware
2231,11.92736842105261,0.49350163,X1+X2_to_X3,race_aware
5049,11.92736842105261,0.44599977,X1+X2_to_X3,race_aware
5334,11.92736842105261,0.5398817,X1+X2_to_X3,race_aware
1780,11.92736842105261,0.5398817,X1+X2_to_X3,race_aware
3192,11.92736842105261,0.4846696,X1+X2_to_X3,race_aware
448,11.92736842105261,0.5398817,X1+X2_to_X3,race_aware
5640,11.92736842105261,0.5292991,X1+X2_to_X3,race_aware
3791,12.589999999999975,0.54790246,X1+X2_to_X3,race_aware
2963,12.589999999999975,0.5150791,X1+X2_to_X3,race_aware
2798,12.589999999999975,0.50786245,X1+X2_to_X3,race_aware
647,12.589999999999975,0.51080793,X1+X2_to_X3,race_aware
971,12.589999999999975,0.54295564,X1+X2_to_X3,race_aware
2190,12.589999999999975,0.54790246,X1+X2_to_X3,race_aware
1629,12.589999999999975,0.5459816,X1+X2_to_X3,race_aware
5022,12.589999999999975,0.57333064,X1+X2_to_X3,race_aware
2136,12.589999999999975,0.54790246,X1+X2_to_X3,race_aware
5313,12.589999999999975,0.53241706,X1+X2_to_X3,race_aware
5845,12.589999999999975,0.5363954,X1+X2_to_X3,race_aware
1458,12.589999999999975,0.50143325,X1+X2_to_X3,race_aware
3885,12.589999999999975,0.47082877,X1+X2_to_X3,race_aware
5669,12.589999999999975,0.54790246,X1+X2_to_X3,race_aware
2141,12.589999999999975,0.53964174,X1+X2_to_X3,race_aware
2475,12.589999999999975,0.5363954,X1+X2_to_X3,race_aware
3068,12.589999999999975,0.49084023,X1+X2_to_X3,race_aware
924,12.589999999999975,0.46680328,X1+X2_to_X3,race_aware
1724,12.589999999999975,0.5336852,X1+X2_to_X3,race_aware
4759,12.589999999999975,0.54790246,X1+X2_to_X3,race_aware
2540,12.589999999999975,0.5365281,X1+X2_to_X3,race_aware
4633,12.589999999999975,0.44852135,X1+X2_to_X3,race_aware
5419,12.589999999999975,0.5363954,X1+X2_to_X3,race_aware
745,12.589999999999975,0.44852135,X1+X2_to_X3,race_aware
598,12.589999999999975,0.54790246,X1+X2_to_X3,race_aware
5671,12.589999999999975,0.44852135,X1+X2_to_X3,race_aware
226,12.589999999999975,0.45813105,X1+X2_to_X3,race_aware
5836,12.589999999999975,0.5150791,X1+X2_to_X3,race_aware
1694,12.589999999999975,0.50786245,X1+X2_to_X3,race_aware
3077,12.589999999999975,0.5459816,X1+X2_to_X3,race_aware
3012,12.589999999999975,0.46680328,X1+X2_to_X3,race_aware
3196,12.589999999999975,0.54790246,X1+X2_to_X3,race_aware
6021,12.589999999999975,0.5224006,X1+X2_to_X3,race_aware
2718,12.589999999999975,0.57644206,X1+X2_to_X3,race_aware
3018,12.589999999999975,0.5459816,X1+X2_to_X3,race_aware
1203,12.589999999999975,0.44852135,X1+X2_to_X3,race_aware
4651,12.589999999999975,0.54790246,X1+X2_to_X3,race_aware
1073,12.589999999999975,0.5459816,X1+X2_to_X3,race_aware
3746,12.589999999999975,0.5365281,X1+X2_to_X3,race_aware
4984,12.589999999999975,0.5728476,X1+X2_to_X3,race_aware
1269,12.589999999999975,0.6041795,X1+X2_to_X3,race_aware
4432,12.589999999999975,0.44852135,X1+X2_to_X3,race_aware
5482,12.589999999999975,0.5363954,X1+X2_to_X3,race_aware
3638,12.589999999999975,0.5847739,X1+X2_to_X3,race_aware
1602,12.589999999999975,0.46192363,X1+X2_to_X3,race_aware
557,12.589999999999975,0.5459816,X1+X2_to_X3,race_aware
2279,12.589999999999975,0.50143325,X1+X2_to_X3,race_aware
443,12.589999999999975,0.5365281,X1+X2_to_X3,race_aware
6133,12.589999999999975,0.44852135,X1+X2_to_X3,race_aware
261,12.589999999999975,0.5363954,X1+X2_to_X3,race_aware
4770,12.589999999999975,0.51080793,X1+X2_to_X3,race_aware
3704,12.589999999999975,0.54790246,X1+X2_to_X3,race_aware
1304,12.589999999999975,0.5459816,X1+X2_to_X3,race_aware
4439,12.589999999999975,0.57333064,X1+X2_to_X3,race_aware
5513,12.589999999999975,0.5365281,X1+X2_to_X3,race_aware
4774,12.589999999999975,0.5689955,X1+X2_to_X3,race_aware
1977,12.589999999999975,0.44852135,X1+X2_to_X3,race_aware
3871,12.589999999999975,0.54790246,X1+X2_to_X3,race_aware
332,12.589999999999975,0.54790246,X1+X2_to_X3,race_aware
1685,12.589999999999975,0.5053251,X1+X2_to_X3,race_aware
229,12.589999999999975,0.51080793,X1+X2_to_X3,race_aware
4805,12.589999999999975,0.54790246,X1+X2_to_X3,race_aware
5527,12.589999999999975,0.49918282,X1+X2_to_X3,race_aware
2516,12.589999999999975,0.5365281,X1+X2_to_X3,race_aware
2933,12.589999999999975,0.48961774,X1+X2_to_X3,race_aware
1360,12.589999999999975,0.47082877,X1+X2_to_X3,race_aware
2698,12.589999999999975,0.54790246,X1+X2_to_X3,race_aware
1499,12.589999999999975,0.46680328,X1+X2_to_X3,race_aware
5005,12.589999999999975,0.5053251,X1+X2_to_X3,race_aware
719,12.589999999999975,0.5150791,X1+X2_to_X3,race_aware
433,12.589999999999975,0.53964174,X1+X2_to_X3,race_aware
1192,12.589999999999975,0.5150791,X1+X2_to_X3,race_aware
5570,12.589999999999975,0.54790246,X1+X2_to_X3,race_aware
2767,12.589999999999975,0.54790246,X1+X2_to_X3,race_aware
1527,12.589999999999975,0.54790246,X1+X2_to_X3,race_aware
3550,12.589999999999975,0.49918282,X1+X2_to_X3,race_aware
6147,12.589999999999975,0.5150791,X1+X2_to_X3,race_aware
4360,12.589999999999975,0.49918282,X1+X2_to_X3,race_aware
1884,12.589999999999975,0.5797247,X1+X2_to_X3,race_aware
4116,12.589999999999975,0.5459816,X1+X2_to_X3,race_aware
3797,12.589999999999975,0.5150791,X1+X2_to_X3,race_aware
1407,12.589999999999975,0.50786245,X1+X2_to_X3,race_aware
4630,12.589999999999975,0.5053251,X1+X2_to_X3,race_aware
4858,12.589999999999975,0.5459816,X1+X2_to_X3,race_aware
2985,12.589999999999975,0.46680328,X1+X2_to_X3,race_aware
6131,12.589999999999975,0.5363954,X1+X2_to_X3,race_aware
1280,12.589999999999975,0.5053251,X1+X2_to_X3,race_aware
398,12.589999999999975,0.5459816,X1+X2_to_X3,race_aware
2892,12.589999999999975,0.54790246,X1+X2_to_X3,race_aware
121,12.589999999999975,0.5689955,X1+X2_to_X3,race_aware
860,12.589999999999975,0.54790246,X1+X2_to_X3,race_aware
3589,12.589999999999975,0.54295564,X1+X2_to_X3,race_aware
320,12.589999999999975,0.48914114,X1+X2_to_X3,race_aware
2231,12.589999999999975,0.50618196,X1+X2_to_X3,race_aware
5049,12.589999999999975,0.44852135,X1+X2_to_X3,race_aware
5334,12.589999999999975,0.54790246,X1+X2_to_X3,race_aware
1780,12.589999999999975,0.54790246,X1+X2_to_X3,race_aware
3192,12.589999999999975,0.48860356,X1+X2_to_X3,race_aware
448,12.589999999999975,0.54790246,X1+X2_to_X3,race_aware
5640,12.589999999999975,0.5363954,X1+X2_to_X3,race_aware
3791,0.0,0.0,X1_to_X3,race_aware
2963,0.0,0.0,X1_to_X3,race_aware
2798,0.0,0.0,X1_to_X3,race_aware
647,0.0,0.0,X1_to_X3,race_aware
971,0.0,0.0,X1_to_X3,race_aware
2190,0.0,0.0,X1_to_X3,race_aware
1629,0.0,0.0,X1_to_X3,race_aware
5022,0.0,0.0,X1_to_X3,race_aware
2136,0.0,0.0,X1_to_X3,race_aware
5313,0.0,0.0,X1_to_X3,race_aware
5845,0.0,0.0,X1_to_X3,race_aware
1458,0.0,0.0,X1_to_X3,race_aware
3885,0.0,0.0,X1_to_X3,race_aware
5669,0.0,0.0,X1_to_X3,race_aware
2141,0.0,0.0,X1_to_X3,race_aware
2475,0.0,0.0,X1_to_X3,race_aware
3068,0.0,0.0,X1_to_X3,race_aware
924,0.0,0.0,X1_to_X3,race_aware
1724,0.0,0.0,X1_to_X3,race_aware
4759,0.0,0.0,X1_to_X3,race_aware
2540,0.0,0.0,X1_to_X3,race_aware
4633,0.0,0.0,X1_to_X3,race_aware
5419,0.0,0.0,X1_to_X3,race_aware
745,0.0,0.0,X1_to_X3,race_aware
598,0.0,0.0,X1_to_X3,race_aware
5671,0.0,0.0,X1_to_X3,race_aware
226,0.0,0.0,X1_to_X3,race_aware
5836,0.0,0.0,X1_to_X3,race_aware
1694,0.0,0.0,X1_to_X3,race_aware
3077,0.0,0.0,X1_to_X3,race_aware
3012,0.0,0.0,X1_to_X3,race_aware
3196,0.0,0.0,X1_to_X3,race_aware
6021,0.0,0.0,X1_to_X3,race_aware
2718,0.0,0.0,X1_to_X3,race_aware
3018,0.0,0.0,X1_to_X3,race_aware
1203,0.0,0.0,X1_to_X3,race_aware
4651,0.0,0.0,X1_to_X3,race_aware
1073,0.0,0.0,X1_to_X3,race_aware
3746,0.0,0.0,X1_to_X3,race_aware
4984,0.0,0.0,X1_to_X3,race_aware
1269,0.0,0.0,X1_to_X3,race_aware
4432,0.0,0.0,X1_to_X3,race_aware
5482,0.0,0.0,X1_to_X3,race_aware
3638,0.0,0.0,X1_to_X3,race_aware
1602,0.0,0.0,X1_to_X3,race_aware
557,0.0,0.0,X1_to_X3,race_aware
2279,0.0,0.0,X1_to_X3,race_aware
443,0.0,0.0,X1_to_X3,race_aware
6133,0.0,0.0,X1_to_X3,race_aware
261,0.0,0.0,X1_to_X3,race_aware
4770,0.0,0.0,X1_to_X3,race_aware
3704,0.0,0.0,X1_to_X3,race_aware
1304,0.0,0.0,X1_to_X3,race_aware
4439,0.0,0.0,X1_to_X3,race_aware
5513,0.0,0.0,X1_to_X3,race_aware
4774,0.0,0.0,X1_to_X3,race_aware
1977,0.0,0.0,X1_to_X3,race_aware
3871,0.0,0.0,X1_to_X3,race_aware
332,0.0,0.0,X1_to_X3,race_aware
1685,0.0,0.0,X1_to_X3,race_aware
229,0.0,0.0,X1_to_X3,race_aware
4805,0.0,0.0,X1_to_X3,race_aware
5527,0.0,0.0,X1_to_X3,race_aware
2516,0.0,0.0,X1_to_X3,race_aware
2933,0.0,0.0,X1_to_X3,race_aware
1360,0.0,0.0,X1_to_X3,race_aware
2698,0.0,0.0,X1_to_X3,race_aware
1499,0.0,0.0,X1_to_X3,race_aware
5005,0.0,0.0,X1_to_X3,race_aware
719,0.0,0.0,X1_to_X3,race_aware
433,0.0,0.0,X1_to_X3,race_aware
1192,0.0,0.0,X1_to_X3,race_aware
5570,0.0,0.0,X1_to_X3,race_aware
2767,0.0,0.0,X1_to_X3,race_aware
1527,0.0,0.0,X1_to_X3,race_aware
3550,0.0,0.0,X1_to_X3,race_aware
6147,0.0,0.0,X1_to_X3,race_aware
4360,0.0,0.0,X1_to_X3,race_aware
1884,0.0,0.0,X1_to_X3,race_aware
4116,0.0,0.0,X1_to_X3,race_aware
3797,0.0,0.0,X1_to_X3,race_aware
1407,0.0,0.0,X1_to_X3,race_aware
4630,0.0,0.0,X1_to_X3,race_aware
4858,0.0,0.0,X1_to_X3,race_aware
2985,0.0,0.0,X1_to_X3,race_aware
6131,0.0,0.0,X1_to_X3,race_aware
1280,0.0,0.0,X1_to_X3,race_aware
398,0.0,0.0,X1_to_X3,race_aware
2892,0.0,0.0,X1_to_X3,race_aware
121,0.0,0.0,X1_to_X3,race_aware
860,0.0,0.0,X1_to_X3,race_aware
3589,0.0,0.0,X1_to_X3,race_aware
320,0.0,0.0,X1_to_X3,race_aware
2231,0.0,0.0,X1_to_X3,race_aware
5049,0.0,0.0,X1_to_X3,race_aware
5334,0.0,0.0,X1_to_X3,race_aware
1780,0.0,0.0,X1_to_X3,race_aware
3192,0.0,0.0,X1_to_X3,race_aware
448,0.0,0.0,X1_to_X3,race_aware
5640,0.0,0.0,X1_to_X3,race_aware
3791,0.6626315789473671,0.060779035,X1_to_X3,race_aware
2963,0.6626315789473671,0.04635887,X1_to_X3,race_aware
2798,0.6626315789473671,0.03532079,X1_to_X3,race_aware
647,0.6626315789473671,0.04839754,X1_to_X3,race_aware
971,0.6626315789473671,0.10212752,X1_to_X3,race_aware
2190,0.6626315789473671,0.060779035,X1_to_X3,race_aware
1629,0.6626315789473671,0.07150006,X1_to_X3,race_aware
5022,0.6626315789473671,0.06367348,X1_to_X3,race_aware
2136,0.6626315789473671,0.060779035,X1_to_X3,race_aware
5313,0.6626315789473671,0.06262514,X1_to_X3,race_aware
5845,0.6626315789473671,0.07414998,X1_to_X3,race_aware
1458,0.6626315789473671,0.04952538,X1_to_X3,race_aware
3885,0.6626315789473671,0.1226902,X1_to_X3,race_aware
5669,0.6626315789473671,0.060779035,X1_to_X3,race_aware
2141,0.6626315789473671,0.07306054,X1_to_X3,race_aware
2475,0.6626315789473671,0.07414998,X1_to_X3,race_aware
3068,0.6626315789473671,0.04715985,X1_to_X3,race_aware
924,0.6626315789473671,0.1164501,X1_to_X3,race_aware
1724,0.6626315789473671,0.06911604,X1_to_X3,race_aware
4759,0.6626315789473671,0.060779035,X1_to_X3,race_aware
2540,0.6626315789473671,0.07508467,X1_to_X3,race_aware
4633,0.6626315789473671,0.12203643,X1_to_X3,race_aware
5419,0.6626315789473671,0.07414998,X1_to_X3,race_aware
745,0.6626315789473671,0.12203643,X1_to_X3,race_aware
598,0.6626315789473671,0.060779035,X1_to_X3,race_aware
5671,0.6626315789473671,0.12203643,X1_to_X3,race_aware
226,0.6626315789473671,0.1238572,X1_to_X3,race_aware
5836,0.6626315789473671,0.04635887,X1_to_X3,race_aware
1694,0.6626315789473671,0.03532079,X1_to_X3,race_aware
3077,0.6626315789473671,0.07150006,X1_to_X3,race_aware
3012,0.6626315789473671,0.1164501,X1_to_X3,race_aware
3196,0.6626315789473671,0.060779035,X1_to_X3,race_aware
6021,0.6626315789473671,0.048937768,X1_to_X3,race_aware
2718,0.6626315789473671,0.06563175,X1_to_X3,race_aware
3018,0.6626315789473671,0.07150006,X1_to_X3,race_aware
1203,0.6626315789473671,0.12203643,X1_to_X3,race_aware
4651,0.6626315789473671,0.060779035,X1_to_X3,race_aware
1073,0.6626315789473671,0.07150006,X1_to_X3,race_aware
3746,0.6626315789473671,0.07508467,X1_to_X3,race_aware
4984,0.6626315789473671,0.06321627,X1_to_X3,race_aware
1269,0.6626315789473671,0.10194859,X1_to_X3,race_aware
4432,0.6626315789473671,0.12203643,X1_to_X3,race_aware
5482,0.6626315789473671,0.07414998,X1_to_X3,race_aware
3638,0.6626315789473671,0.09870216,X1_to_X3,race_aware
1602,0.6626315789473671,0.10748723,X1_to_X3,race_aware
557,0.6626315789473671,0.07150006,X1_to_X3,race_aware
2279,0.6626315789473671,0.04952538,X1_to_X3,race_aware
443,0.6626315789473671,0.07508467,X1_to_X3,race_aware
6133,0.6626315789473671,0.12203643,X1_to_X3,race_aware
261,0.6626315789473671,0.07414998,X1_to_X3,race_aware
4770,0.6626315789473671,0.04839754,X1_to_X3,race_aware
3704,0.6626315789473671,0.060779035,X1_to_X3,race_aware
1304,0.6626315789473671,0.07150006,X1_to_X3,race_aware
4439,0.6626315789473671,0.06367348,X1_to_X3,race_aware
5513,0.6626315789473671,0.07508467,X1_to_X3,race_aware
4774,0.6626315789473671,0.06695549,X1_to_X3,race_aware
1977,0.6626315789473671,0.12203643,X1_to_X3,race_aware
3871,0.6626315789473671,0.060779035,X1_to_X3,race_aware
332,0.6626315789473671,0.060779035,X1_to_X3,race_aware
1685,0.6626315789473671,0.05418066,X1_to_X3,race_aware
229,0.6626315789473671,0.04839754,X1_to_X3,race_aware
4805,0.6626315789473671,0.060779035,X1_to_X3,race_aware
5527,0.6626315789473671,0.043941796,X1_to_X3,race_aware
2516,0.6626315789473671,0.07508467,X1_to_X3,race_aware
2933,0.6626315789473671,0.106022656,X1_to_X3,race_aware
1360,0.6626315789473671,0.1226902,X1_to_X3,race_aware
2698,0.6626315789473671,0.060779035,X1_to_X3,race_aware
1499,0.6626315789473671,0.1164501,X1_to_X3,race_aware
5005,0.6626315789473671,0.05418066,X1_to_X3,race_aware
719,0.6626315789473671,0.04635887,X1_to_X3,race_aware
433,0.6626315789473671,0.07306054,X1_to_X3,race_aware
1192,0.6626315789473671,0.04635887,X1_to_X3,race_aware
5570,0.6626315789473671,0.060779035,X1_to_X3,race_aware
2767,0.6626315789473671,0.060779035,X1_to_X3,race_aware
1527,0.6626315789473671,0.060779035,X1_to_X3,race_aware
3550,0.6626315789473671,0.043941796,X1_to_X3,race_aware
6147,0.6626315789473671,0.04635887,X1_to_X3,race_aware
4360,0.6626315789473671,0.043941796,X1_to_X3,race_aware
1884,0.6626315789473671,0.059417516,X1_to_X3,race_aware
4116,0.6626315789473671,0.07150006,X1_to_X3,race_aware
3797,0.6626315789473671,0.04635887,X1_to_X3,race_aware
1407,0.6626315789473671,0.03532079,X1_to_X3,race_aware
4630,0.6626315789473671,0.05418066,X1_to_X3,race_aware
4858,0.6626315789473671,0.07150006,X1_to_X3,race_aware
2985,0.6626315789473671,0.1164501,X1_to_X3,race_aware
6131,0.6626315789473671,0.07414998,X1_to_X3,race_aware
1280,0.6626315789473671,0.05418066,X1_to_X3,race_aware
398,0.6626315789473671,0.07150006,X1_to_X3,race_aware
2892,0.6626315789473671,0.060779035,X1_to_X3,race_aware
121,0.6626315789473671,0.06695549,X1_to_X3,race_aware
860,0.6626315789473671,0.060779035,X1_to_X3,race_aware
3589,0.6626315789473671,0.10212752,X1_to_X3,race_aware
320,0.6626315789473671,0.10269341,X1_to_X3,race_aware
2231,0.6626315789473671,0.04081446,X1_to_X3,race_aware
5049,0.6626315789473671,0.12203643,X1_to_X3,race_aware
5334,0.6626315789473671,0.060779035,X1_to_X3,race_aware
1780,0.6626315789473671,0.060779035,X1_to_X3,race_aware
3192,0.6626315789473671,0.12273434,X1_to_X3,race_aware
448,0.6626315789473671,0.060779035,X1_to_X3,race_aware
5640,0.6626315789473671,0.07414998,X1_to_X3,race_aware
3791,1.3252631578947343,0.15256861,X1_to_X3,race_aware
2963,1.3252631578947343,0.09515464,X1_to_X3,race_aware
2798,1.3252631578947343,0.08615586,X1_to_X3,race_aware
647,1.3252631578947343,0.0947195,X1_to_X3,race_aware
971,1.3252631578947343,0.23462564,X1_to_X3,race_aware
2190,1.3252631578947343,0.15256861,X1_to_X3,race_aware
1629,1.3252631578947343,0.14930654,X1_to_X3,race_aware
5022,1.3252631578947343,0.13241298,X1_to_X3,race_aware
2136,1.3252631578947343,0.15256861,X1_to_X3,race_aware
5313,1.3252631578947343,0.1507296,X1_to_X3,race_aware
5845,1.3252631578947343,0.15827532,X1_to_X3,race_aware
1458,1.3252631578947343,0.09456858,X1_to_X3,race_aware
3885,1.3252631578947343,0.23832065,X1_to_X3,race_aware
5669,1.3252631578947343,0.15256861,X1_to_X3,race_aware
2141,1.3252631578947343,0.15881291,X1_to_X3,race_aware
2475,1.3252631578947343,0.15827532,X1_to_X3,race_aware
3068,1.3252631578947343,0.10696608,X1_to_X3,race_aware
924,1.3252631578947343,0.22337326,X1_to_X3,race_aware
1724,1.3252631578947343,0.15637155,X1_to_X3,race_aware
4759,1.3252631578947343,0.15256861,X1_to_X3,race_aware
2540,1.3252631578947343,0.16764297,X1_to_X3,race_aware
4633,1.3252631578947343,0.24183443,X1_to_X3,race_aware
5419,1.3252631578947343,0.15827532,X1_to_X3,race_aware
745,1.3252631578947343,0.24183443,X1_to_X3,race_aware
598,1.3252631578947343,0.15256861,X1_to_X3,race_aware
5671,1.3252631578947343,0.24183443,X1_to_X3,race_aware
226,1.3252631578947343,0.23499703,X1_to_X3,race_aware
5836,1.3252631578947343,0.09515464,X1_to_X3,race_aware
1694,1.3252631578947343,0.08615586,X1_to_X3,race_aware
3077,1.3252631578947343,0.14930654,X1_to_X3,race_aware
3012,1.3252631578947343,0.22337326,X1_to_X3,race_aware
3196,1.3252631578947343,0.15256861,X1_to_X3,race_aware
6021,1.3252631578947343,0.106558055,X1_to_X3,race_aware
2718,1.3252631578947343,0.14472389,X1_to_X3,race_aware
3018,1.3252631578947343,0.14930654,X1_to_X3,race_aware
1203,1.3252631578947343,0.24183443,X1_to_X3,race_aware
4651,1.3252631578947343,0.15256861,X1_to_X3,race_aware
1073,1.3252631578947343,0.14930654,X1_to_X3,race_aware
3746,1.3252631578947343,0.16764297,X1_to_X3,race_aware
4984,1.3252631578947343,0.14536929,X1_to_X3,race_aware
1269,1.3252631578947343,0.1956839,X1_to_X3,race_aware
4432,1.3252631578947343,0.24183443,X1_to_X3,race_aware
5482,1.3252631578947343,0.15827532,X1_to_X3,race_aware
3638,1.3252631578947343,0.21690309,X1_to_X3,race_aware
1602,1.3252631578947343,0.21909693,X1_to_X3,race_aware
557,1.3252631578947343,0.14930654,X1_to_X3,race_aware
2279,1.3252631578947343,0.09456858,X1_to_X3,race_aware
443,1.3252631578947343,0.16764297,X1_to_X3,race_aware
6133,1.3252631578947343,0.24183443,X1_to_X3,race_aware
261,1.3252631578947343,0.15827532,X1_to_X3,race_aware
4770,1.3252631578947343,0.0947195,X1_to_X3,race_aware
3704,1.3252631578947343,0.15256861,X1_to_X3,race_aware
1304,1.3252631578947343,0.14930654,X1_to_X3,race_aware
4439,1.3252631578947343,0.13241298,X1_to_X3,race_aware
5513,1.3252631578947343,0.16764297,X1_to_X3,race_aware
4774,1.3252631578947343,0.1473587,X1_to_X3,race_aware
1977,1.3252631578947343,0.24183443,X1_to_X3,race_aware
3871,1.3252631578947343,0.15256861,X1_to_X3,race_aware
332,1.3252631578947343,0.15256861,X1_to_X3,race_aware
1685,1.3252631578947343,0.10833848,X1_to_X3,race_aware
229,1.3252631578947343,0.0947195,X1_to_X3,race_aware
4805,1.3252631578947343,0.15256861,X1_to_X3,race_aware
5527,1.3252631578947343,0.099797785,X1_to_X3,race_aware
2516,1.3252631578947343,0.16764297,X1_to_X3,race_aware
2933,1.3252631578947343,0.22608742,X1_to_X3,race_aware
1360,1.3252631578947343,0.23832065,X1_to_X3,race_aware
2698,1.3252631578947343,0.15256861,X1_to_X3,race_aware
1499,1.3252631578947343,0.22337326,X1_to_X3,race_aware
5005,1.3252631578947343,0.10833848,X1_to_X3,race_aware
719,1.3252631578947343,0.09515464,X1_to_X3,race_aware
433,1.3252631578947343,0.15881291,X1_to_X3,race_aware
1192,1.3252631578947343,0.09515464,X1_to_X3,race_aware
5570,1.3252631578947343,0.15256861,X1_to_X3,race_aware
2767,1.3252631578947343,0.15256861,X1_to_X3,race_aware
1527,1.3252631578947343,0.15256861,X1_to_X3,race_aware
3550,1.3252631578947343,0.099797785,X1_to_X3,race_aware
6147,1.3252631578947343,0.09515464,X1_to_X3,race_aware
4360,1.3252631578947343,0.099797785,X1_to_X3,race_aware
1884,1.3252631578947343,0.14168417,X1_to_X3,race_aware
4116,1.3252631578947343,0.14930654,X1_to_X3,race_aware
3797,1.3252631578947343,0.09515464,X1_to_X3,race_aware
1407,1.3252631578947343,0.08615586,X1_to_X3,race_aware
4630,1.3252631578947343,0.10833848,X1_to_X3,race_aware
4858,1.3252631578947343,0.14930654,X1_to_X3,race_aware
2985,1.3252631578947343,0.22337326,X1_to_X3,race_aware
6131,1.3252631578947343,0.15827532,X1_to_X3,race_aware
1280,1.3252631578947343,0.10833848,X1_to_X3,race_aware
398,1.3252631578947343,0.14930654,X1_to_X3,race_aware
2892,1.3252631578947343,0.15256861,X1_to_X3,race_aware
121,1.3252631578947343,0.1473587,X1_to_X3,race_aware
860,1.3252631578947343,0.15256861,X1_to_X3,race_aware
3589,1.3252631578947343,0.23462564,X1_to_X3,race_aware
320,1.3252631578947343,0.22483665,X1_to_X3,race_aware
2231,1.3252631578947343,0.09655419,X1_to_X3,race_aware
5049,1.3252631578947343,0.24183443,X1_to_X3,race_aware
5334,1.3252631578947343,0.15256861,X1_to_X3,race_aware
1780,1.3252631578947343,0.15256861,X1_to_X3,race_aware
3192,1.3252631578947343,0.22639471,X1_to_X3,race_aware
448,1.3252631578947343,0.15256861,X1_to_X3,race_aware
5640,1.3252631578947343,0.15827532,X1_to_X3,race_aware
3791,1.9878947368421014,0.21864012,X1_to_X3,race_aware
2963,1.9878947368421014,0.14513612,X1_to_X3,race_aware
2798,1.9878947368421014,0.13385046,X1_to_X3,race_aware
647,1.9878947368421014,0.14689486,X1_to_X3,race_aware
971,1.9878947368421014,0.30827278,X1_to_X3,race_aware
2190,1.9878947368421014,0.21864012,X1_to_X3,race_aware
1629,1.9878947368421014,0.20553589,X1_to_X3,race_aware
5022,1.9878947368421014,0.19264866,X1_to_X3,race_aware
2136,1.9878947368421014,0.21864012,X1_to_X3,race_aware
5313,1.9878947368421014,0.21310604,X1_to_X3,race_aware
5845,1.9878947368421014,0.22252302,X1_to_X3,race_aware
1458,1.9878947368421014,0.15012607,X1_to_X3,race_aware
3885,1.9878947368421014,0.30542922,X1_to_X3,race_aware
5669,1.9878947368421014,0.21864012,X1_to_X3,race_aware
2141,1.9878947368421014,0.22572094,X1_to_X3,race_aware
2475,1.9878947368421014,0.22252302,X1_to_X3,race_aware
3068,1.9878947368421014,0.14452022,X1_to_X3,race_aware
924,1.9878947368421014,0.29186454,X1_to_X3,race_aware
1724,1.9878947368421014,0.21805407,X1_to_X3,race_aware
4759,1.9878947368421014,0.21864012,X1_to_X3,race_aware
2540,1.9878947368421014,0.23603313,X1_to_X3,race_aware
4633,1.9878947368421014,0.29285952,X1_to_X3,race_aware
5419,1.9878947368421014,0.22252302,X1_to_X3,race_aware
745,1.9878947368421014,0.29285952,X1_to_X3,race_aware
598,1.9878947368421014,0.21864012,X1_to_X3,race_aware
5671,1.9878947368421014,0.29285952,X1_to_X3,race_aware
226,1.9878947368421014,0.29524058,X1_to_X3,race_aware
5836,1.9878947368421014,0.14513612,X1_to_X3,race_aware
1694,1.9878947368421014,0.13385046,X1_to_X3,race_aware
3077,1.9878947368421014,0.20553589,X1_to_X3,race_aware
3012,1.9878947368421014,0.29186454,X1_to_X3,race_aware
3196,1.9878947368421014,0.21864012,X1_to_X3,race_aware
6021,1.9878947368421014,0.1431112,X1_to_X3,race_aware
2718,1.9878947368421014,0.20901966,X1_to_X3,race_aware
3018,1.9878947368421014,0.20553589,X1_to_X3,race_aware
1203,1.9878947368421014,0.29285952,X1_to_X3,race_aware
4651,1.9878947368421014,0.21864012,X1_to_X3,race_aware
1073,1.9878947368421014,0.20553589,X1_to_X3,race_aware
3746,1.9878947368421014,0.23603313,X1_to_X3,race_aware
4984,1.9878947368421014,0.21792758,X1_to_X3,race_aware
1269,1.9878947368421014,0.27767938,X1_to_X3,race_aware
4432,1.9878947368421014,0.29285952,X1_to_X3,race_aware
5482,1.9878947368421014,0.22252302,X1_to_X3,race_aware
3638,1.9878947368421014,0.3027041,X1_to_X3,race_aware
1602,1.9878947368421014,0.27374622,X1_to_X3,race_aware
557,1.9878947368421014,0.20553589,X1_to_X3,race_aware
2279,1.9878947368421014,0.15012607,X1_to_X3,race_aware
443,1.9878947368421014,0.23603313,X1_to_X3,race_aware
6133,1.9878947368421014,0.29285952,X1_to_X3,race_aware
261,1.9878947368421014,0.22252302,X1_to_X3,race_aware
4770,1.9878947368421014,0.14689486,X1_to_X3,race_aware
3704,1.9878947368421014,0.21864012,X1_to_X3,race_aware
1304,1.9878947368421014,0.20553589,X1_to_X3,race_aware
4439,1.9878947368421014,0.19264866,X1_to_X3,race_aware
5513,1.9878947368421014,0.23603313,X1_to_X3,race_aware
4774,1.9878947368421014,0.2112823,X1_to_X3,race_aware
1977,1.9878947368421014,0.29285952,X1_to_X3,race_aware
3871,1.9878947368421014,0.21864012,X1_to_X3,race_aware
332,1.9878947368421014,0.21864012,X1_to_X3,race_aware
1685,1.9878947368421014,0.1541068,X1_to_X3,race_aware
229,1.9878947368421014,0.14689486,X1_to_X3,race_aware
4805,1.9878947368421014,0.21864012,X1_to_X3,race_aware
5527,1.9878947368421014,0.13320994,X1_to_X3,race_aware
2516,1.9878947368421014,0.23603313,X1_to_X3,race_aware
2933,1.9878947368421014,0.28383115,X1_to_X3,race_aware
1360,1.9878947368421014,0.30542922,X1_to_X3,race_aware
2698,1.9878947368421014,0.21864012,X1_to_X3,race_aware
1499,1.9878947368421014,0.29186454,X1_to_X3,race_aware
5005,1.9878947368421014,0.1541068,X1_to_X3,race_aware
719,1.9878947368421014,0.14513612,X1_to_X3,race_aware
433,1.9878947368421014,0.22572094,X1_to_X3,race_aware
1192,1.9878947368421014,0.14513612,X1_to_X3,race_aware
5570,1.9878947368421014,0.21864012,X1_to_X3,race_aware
2767,1.9878947368421014,0.21864012,X1_to_X3,race_aware
1527,1.9878947368421014,0.21864012,X1_to_X3,race_aware
3550,1.9878947368421014,0.13320994,X1_to_X3,race_aware
6147,1.9878947368421014,0.14513612,X1_to_X3,race_aware
4360,1.9878947368421014,0.13320994,X1_to_X3,race_aware
1884,1.9878947368421014,0.20432764,X1_to_X3,race_aware
4116,1.9878947368421014,0.20553589,X1_to_X3,race_aware
3797,1.9878947368421014,0.14513612,X1_to_X3,race_aware
1407,1.9878947368421014,0.13385046,X1_to_X3,race_aware
4630,1.9878947368421014,0.1541068,X1_to_X3,race_aware
4858,1.9878947368421014,0.20553589,X1_to_X3,race_aware
2985,1.9878947368421014,0.29186454,X1_to_X3,race_aware
6131,1.9878947368421014,0.22252302,X1_to_X3,race_aware
1280,1.9878947368421014,0.1541068,X1_to_X3,race_aware
398,1.9878947368421014,0.20553589,X1_to_X3,race_aware
2892,1.9878947368421014,0.21864012,X1_to_X3,race_aware
121,1.9878947368421014,0.2112823,X1_to_X3,race_aware
860,1.9878947368421014,0.21864012,X1_to_X3,race_aware
3589,1.9878947368421014,0.30827278,X1_to_X3,race_aware
320,1.9878947368421014,0.30640632,X1_to_X3,race_aware
2231,1.9878947368421014,0.15050486,X1_to_X3,race_aware
5049,1.9878947368421014,0.29285952,X1_to_X3,race_aware
5334,1.9878947368421014,0.21864012,X1_to_X3,race_aware
1780,1.9878947368421014,0.21864012,X1_to_X3,race_aware
3192,1.9878947368421014,0.30848968,X1_to_X3,race_aware
448,1.9878947368421014,0.21864012,X1_to_X3,race_aware
5640,1.9878947368421014,0.22252302,X1_to_X3,race_aware
3791,2.6505263157894685,0.28098541,X1_to_X3,race_aware
2963,2.6505263157894685,0.19551662,X1_to_X3,race_aware
2798,2.6505263157894685,0.17774394,X1_to_X3,race_aware
647,2.6505263157894685,0.18908994,X1_to_X3,race_aware
971,2.6505263157894685,0.35940427,X1_to_X3,race_aware
2190,2.6505263157894685,0.28098541,X1_to_X3,race_aware
1629,2.6505263157894685,0.27967495,X1_to_X3,race_aware
5022,2.6505263157894685,0.25461727,X1_to_X3,race_aware
2136,2.6505263157894685,0.28098541,X1_to_X3,race_aware
5313,2.6505263157894685,0.27306506,X1_to_X3,race_aware
5845,2.6505263157894685,0.28544128,X1_to_X3,race_aware
1458,2.6505263157894685,0.18547139,X1_to_X3,race_aware
3885,2.6505263157894685,0.35361195,X1_to_X3,race_aware
5669,2.6505263157894685,0.28098541,X1_to_X3,race_aware
2141,2.6505263157894685,0.27887556,X1_to_X3,race_aware
2475,2.6505263157894685,0.28544128,X1_to_X3,race_aware
3068,2.6505263157894685,0.18733603,X1_to_X3,race_aware
924,2.6505263157894685,0.3359441,X1_to_X3,race_aware
1724,2.6505263157894685,0.28151536,X1_to_X3,race_aware
4759,2.6505263157894685,0.28098541,X1_to_X3,race_aware
2540,2.6505263157894685,0.29621667,X1_to_X3,race_aware
4633,2.6505263157894685,0.33750507,X1_to_X3,race_aware
5419,2.6505263157894685,0.28544128,X1_to_X3,race_aware
745,2.6505263157894685,0.33750507,X1_to_X3,race_aware
598,2.6505263157894685,0.28098541,X1_to_X3,race_aware
5671,2.6505263157894685,0.33750507,X1_to_X3,race_aware
226,2.6505263157894685,0.3417107,X1_to_X3,race_aware
5836,2.6505263157894685,0.19551662,X1_to_X3,race_aware
1694,2.6505263157894685,0.17774394,X1_to_X3,race_aware
3077,2.6505263157894685,0.27967495,X1_to_X3,race_aware
3012,2.6505263157894685,0.3359441,X1_to_X3,race_aware
3196,2.6505263157894685,0.28098541,X1_to_X3,race_aware
6021,2.6505263157894685,0.20569813,X1_to_X3,race_aware
2718,2.6505263157894685,0.27872998,X1_to_X3,race_aware
3018,2.6505263157894685,0.27967495,X1_to_X3,race_aware
1203,2.6505263157894685,0.33750507,X1_to_X3,race_aware
4651,2.6505263157894685,0.28098541,X1_to_X3,race_aware
1073,2.6505263157894685,0.27967495,X1_to_X3,race_aware
3746,2.6505263157894685,0.29621667,X1_to_X3,race_aware
4984,2.6505263157894685,0.27425572,X1_to_X3,race_aware
1269,2.6505263157894685,0.34741408,X1_to_X3,race_aware
4432,2.6505263157894685,0.33750507,X1_to_X3,race_aware
5482,2.6505263157894685,0.28544128,X1_to_X3,race_aware
3638,2.6505263157894685,0.3577451,X1_to_X3,race_aware
1602,2.6505263157894685,0.3168448,X1_to_X3,race_aware
557,2.6505263157894685,0.27967495,X1_to_X3,race_aware
2279,2.6505263157894685,0.18547139,X1_to_X3,race_aware
443,2.6505263157894685,0.29621667,X1_to_X3,race_aware
6133,2.6505263157894685,0.33750507,X1_to_X3,race_aware
261,2.6505263157894685,0.28544128,X1_to_X3,race_aware
4770,2.6505263157894685,0.18908994,X1_to_X3,race_aware
3704,2.6505263157894685,0.28098541,X1_to_X3,race_aware
1304,2.6505263157894685,0.27967495,X1_to_X3,race_aware
4439,2.6505263157894685,0.25461727,X1_to_X3,race_aware
5513,2.6505263157894685,0.29621667,X1_to_X3,race_aware
4774,2.6505263157894685,0.2781514,X1_to_X3,race_aware
1977,2.6505263157894685,0.33750507,X1_to_X3,race_aware
3871,2.6505263157894685,0.28098541,X1_to_X3,race_aware
332,2.6505263157894685,0.28098541,X1_to_X3,race_aware
1685,2.6505263157894685,0.19756144,X1_to_X3,race_aware
229,2.6505263157894685,0.18908994,X1_to_X3,race_aware
4805,2.6505263157894685,0.28098541,X1_to_X3,race_aware
5527,2.6505263157894685,0.18779323,X1_to_X3,race_aware
2516,2.6505263157894685,0.29621667,X1_to_X3,race_aware
2933,2.6505263157894685,0.3252364,X1_to_X3,race_aware
1360,2.6505263157894685,0.35361195,X1_to_X3,race_aware
2698,2.6505263157894685,0.28098541,X1_to_X3,race_aware
1499,2.6505263157894685,0.3359441,X1_to_X3,race_aware
5005,2.6505263157894685,0.19756144,X1_to_X3,race_aware
719,2.6505263157894685,0.19551662,X1_to_X3,race_aware
433,2.6505263157894685,0.27887556,X1_to_X3,race_aware
1192,2.6505263157894685,0.19551662,X1_to_X3,race_aware
5570,2.6505263157894685,0.28098541,X1_to_X3,race_aware
2767,2.6505263157894685,0.28098541,X1_to_X3,race_aware
1527,2.6505263157894685,0.28098541,X1_to_X3,race_aware
3550,2.6505263157894685,0.18779323,X1_to_X3,race_aware
6147,2.6505263157894685,0.19551662,X1_to_X3,race_aware
4360,2.6505263157894685,0.18779323,X1_to_X3,race_aware
1884,2.6505263157894685,0.26584354,X1_to_X3,race_aware
4116,2.6505263157894685,0.27967495,X1_to_X3,race_aware
3797,2.6505263157894685,0.19551662,X1_to_X3,race_aware
1407,2.6505263157894685,0.17774394,X1_to_X3,race_aware
4630,2.6505263157894685,0.19756144,X1_to_X3,race_aware
4858,2.6505263157894685,0.27967495,X1_to_X3,race_aware
2985,2.6505263157894685,0.3359441,X1_to_X3,race_aware
6131,2.6505263157894685,0.28544128,X1_to_X3,race_aware
1280,2.6505263157894685,0.19756144,X1_to_X3,race_aware
398,2.6505263157894685,0.27967495,X1_to_X3,race_aware
2892,2.6505263157894685,0.28098541,X1_to_X3,race_aware
121,2.6505263157894685,0.2781514,X1_to_X3,race_aware
860,2.6505263157894685,0.28098541,X1_to_X3,race_aware
3589,2.6505263157894685,0.35940427,X1_to_X3,race_aware
320,2.6505263157894685,0.35236186,X1_to_X3,race_aware
2231,2.6505263157894685,0.19708654,X1_to_X3,race_aware
5049,2.6505263157894685,0.33750507,X1_to_X3,race_aware
5334,2.6505263157894685,0.28098541,X1_to_X3,race_aware
1780,2.6505263157894685,0.28098541,X1_to_X3,race_aware
3192,2.6505263157894685,0.3577733,X1_to_X3,race_aware
448,2.6505263157894685,0.28098541,X1_to_X3,race_aware
5640,2.6505263157894685,0.28544128,X1_to_X3,race_aware
3791,3.3131578947368356,0.3358016,X1_to_X3,race_aware
2963,3.3131578947368356,0.24981573,X1_to_X3,race_aware
2798,3.3131578947368356,0.21443924,X1_to_X3,race_aware
647,3.3131578947368356,0.22441952,X1_to_X3,race_aware
971,3.3131578947368356,0.3855189,X1_to_X3,race_aware
2190,3.3131578947368356,0.3358016,X1_to_X3,race_aware
1629,3.3131578947368356,0.3375079,X1_to_X3,race_aware
5022,3.3131578947368356,0.31266415,X1_to_X3,race_aware
2136,3.3131578947368356,0.3358016,X1_to_X3,race_aware
5313,3.3131578947368356,0.3159175,X1_to_X3,race_aware
5845,3.3131578947368356,0.34435385,X1_to_X3,race_aware
1458,3.3131578947368356,0.21046,X1_to_X3,race_aware
3885,3.3131578947368356,0.38621068,X1_to_X3,race_aware
5669,3.3131578947368356,0.3358016,X1_to_X3,race_aware
2141,3.3131578947368356,0.3329659,X1_to_X3,race_aware
2475,3.3131578947368356,0.34435385,X1_to_X3,race_aware
3068,3.3131578947368356,0.23190999,X1_to_X3,race_aware
924,3.3131578947368356,0.3623987,X1_to_X3,race_aware
1724,3.3131578947368356,0.32192242,X1_to_X3,race_aware
4759,3.3131578947368356,0.3358016,X1_to_X3,race_aware
2540,3.3131578947368356,0.34706116,X1_to_X3,race_aware
4633,3.3131578947368356,0.36295876,X1_to_X3,race_aware
5419,3.3131578947368356,0.34435385,X1_to_X3,race_aware
745,3.3131578947368356,0.36295876,X1_to_X3,race_aware
598,3.3131578947368356,0.3358016,X1_to_X3,race_aware
5671,3.3131578947368356,0.36295876,X1_to_X3,race_aware
226,3.3131578947368356,0.37021607,X1_to_X3,race_aware
5836,3.3131578947368356,0.24981573,X1_to_X3,race_aware
1694,3.3131578947368356,0.21443924,X1_to_X3,race_aware
3077,3.3131578947368356,0.3375079,X1_to_X3,race_aware
3012,3.3131578947368356,0.3623987,X1_to_X3,race_aware
3196,3.3131578947368356,0.3358016,X1_to_X3,race_aware
6021,3.3131578947368356,0.24100775,X1_to_X3,race_aware
2718,3.3131578947368356,0.33044806,X1_to_X3,race_aware
3018,3.3131578947368356,0.3375079,X1_to_X3,race_aware
1203,3.3131578947368356,0.36295876,X1_to_X3,race_aware
4651,3.3131578947368356,0.3358016,X1_to_X3,race_aware
1073,3.3131578947368356,0.3375079,X1_to_X3,race_aware
3746,3.3131578947368356,0.34706116,X1_to_X3,race_aware
4984,3.3131578947368356,0.3240079,X1_to_X3,race_aware
1269,3.3131578947368356,0.38998872,X1_to_X3,race_aware
4432,3.3131578947368356,0.36295876,X1_to_X3,race_aware
5482,3.3131578947368356,0.34435385,X1_to_X3,race_aware
3638,3.3131578947368356,0.39717788,X1_to_X3,race_aware
1602,3.3131578947368356,0.35438702,X1_to_X3,race_aware
557,3.3131578947368356,0.3375079,X1_to_X3,race_aware
2279,3.3131578947368356,0.21046,X1_to_X3,race_aware
443,3.3131578947368356,0.34706116,X1_to_X3,race_aware
6133,3.3131578947368356,0.36295876,X1_to_X3,race_aware
261,3.3131578947368356,0.34435385,X1_to_X3,race_aware
4770,3.3131578947368356,0.22441952,X1_to_X3,race_aware
3704,3.3131578947368356,0.3358016,X1_to_X3,race_aware
1304,3.3131578947368356,0.3375079,X1_to_X3,race_aware
4439,3.3131578947368356,0.31266415,X1_to_X3,race_aware
5513,3.3131578947368356,0.34706116,X1_to_X3,race_aware
4774,3.3131578947368356,0.32272017,X1_to_X3,race_aware
1977,3.3131578947368356,0.36295876,X1_to_X3,race_aware
3871,3.3131578947368356,0.3358016,X1_to_X3,race_aware
332,3.3131578947368356,0.3358016,X1_to_X3,race_aware
1685,3.3131578947368356,0.2479578,X1_to_X3,race_aware
229,3.3131578947368356,0.22441952,X1_to_X3,race_aware
4805,3.3131578947368356,0.3358016,X1_to_X3,race_aware
5527,3.3131578947368356,0.22471938,X1_to_X3,race_aware
2516,3.3131578947368356,0.34706116,X1_to_X3,race_aware
2933,3.3131578947368356,0.36870852,X1_to_X3,race_aware
1360,3.3131578947368356,0.38621068,X1_to_X3,race_aware
2698,3.3131578947368356,0.3358016,X1_to_X3,race_aware
1499,3.3131578947368356,0.3623987,X1_to_X3,race_aware
5005,3.3131578947368356,0.2479578,X1_to_X3,race_aware
719,3.3131578947368356,0.24981573,X1_to_X3,race_aware
433,3.3131578947368356,0.3329659,X1_to_X3,race_aware
1192,3.3131578947368356,0.24981573,X1_to_X3,race_aware
5570,3.3131578947368356,0.3358016,X1_to_X3,race_aware
2767,3.3131578947368356,0.3358016,X1_to_X3,race_aware
1527,3.3131578947368356,0.3358016,X1_to_X3,race_aware
3550,3.3131578947368356,0.22471938,X1_to_X3,race_aware
6147,3.3131578947368356,0.24981573,X1_to_X3,race_aware
4360,3.3131578947368356,0.22471938,X1_to_X3,race_aware
1884,3.3131578947368356,0.32681486,X1_to_X3,race_aware
4116,3.3131578947368356,0.3375079,X1_to_X3,race_aware
3797,3.3131578947368356,0.24981573,X1_to_X3,race_aware
1407,3.3131578947368356,0.21443924,X1_to_X3,race_aware
4630,3.3131578947368356,0.2479578,X1_to_X3,race_aware
4858,3.3131578947368356,0.3375079,X1_to_X3,race_aware
2985,3.3131578947368356,0.3623987,X1_to_X3,race_aware
6131,3.3131578947368356,0.34435385,X1_to_X3,race_aware
1280,3.3131578947368356,0.2479578,X1_to_X3,race_aware
398,3.3131578947368356,0.3375079,X1_to_X3,race_aware
2892,3.3131578947368356,0.3358016,X1_to_X3,race_aware
121,3.3131578947368356,0.32272017,X1_to_X3,race_aware
860,3.3131578947368356,0.3358016,X1_to_X3,race_aware
3589,3.3131578947368356,0.3855189,X1_to_X3,race_aware
320,3.3131578947368356,0.3887108,X1_to_X3,race_aware
2231,3.3131578947368356,0.23918146,X1_to_X3,race_aware
5049,3.3131578947368356,0.36295876,X1_to_X3,race_aware
5334,3.3131578947368356,0.3358016,X1_to_X3,race_aware
1780,3.3131578947368356,0.3358016,X1_to_X3,race_aware
3192,3.3131578947368356,0.38798988,X1_to_X3,race_aware
448,3.3131578947368356,0.3358016,X1_to_X3,race_aware
5640,3.3131578947368356,0.34435385,X1_to_X3,race_aware
3791,3.9757894736842028,0.36836517,X1_to_X3,race_aware
2963,3.9757894736842028,0.27341655,X1_to_X3,race_aware
2798,3.9757894736842028,0.24628419,X1_to_X3,race_aware
647,3.9757894736842028,0.24864738,X1_to_X3,race_aware
971,3.9757894736842028,0.40362763,X1_to_X3,race_aware
2190,3.9757894736842028,0.36836517,X1_to_X3,race_aware
1629,3.9757894736842028,0.37006593,X1_to_X3,race_aware
5022,3.9757894736842028,0.34878707,X1_to_X3,race_aware
2136,3.9757894736842028,0.36836517,X1_to_X3,race_aware
5313,3.9757894736842028,0.34762,X1_to_X3,race_aware
5845,3.9757894736842028,0.37595505,X1_to_X3,race_aware
1458,3.9757894736842028,0.24914122,X1_to_X3,race_aware
3885,3.9757894736842028,0.40129542,X1_to_X3,race_aware
5669,3.9757894736842028,0.36836517,X1_to_X3,race_aware
2141,3.9757894736842028,0.37147975,X1_to_X3,race_aware
2475,3.9757894736842028,0.37595505,X1_to_X3,race_aware
3068,3.9757894736842028,0.25735456,X1_to_X3,race_aware
924,3.9757894736842028,0.3799837,X1_to_X3,race_aware
1724,3.9757894736842028,0.36318952,X1_to_X3,race_aware
4759,3.9757894736842028,0.36836517,X1_to_X3,race_aware
2540,3.9757894736842028,0.38373834,X1_to_X3,race_aware
4633,3.9757894736842028,0.38077763,X1_to_X3,race_aware
5419,3.9757894736842028,0.37595505,X1_to_X3,race_aware
745,3.9757894736842028,0.38077763,X1_to_X3,race_aware
598,3.9757894736842028,0.36836517,X1_to_X3,race_aware
5671,3.9757894736842028,0.38077763,X1_to_X3,race_aware
226,3.9757894736842028,0.39104873,X1_to_X3,race_aware
5836,3.9757894736842028,0.27341655,X1_to_X3,race_aware
1694,3.9757894736842028,0.24628419,X1_to_X3,race_aware
3077,3.9757894736842028,0.37006593,X1_to_X3,race_aware
3012,3.9757894736842028,0.3799837,X1_to_X3,race_aware
3196,3.9757894736842028,0.36836517,X1_to_X3,race_aware
6021,3.9757894736842028,0.27649882,X1_to_X3,race_aware
2718,3.9757894736842028,0.36375764,X1_to_X3,race_aware
3018,3.9757894736842028,0.37006593,X1_to_X3,race_aware
1203,3.9757894736842028,0.38077763,X1_to_X3,race_aware
4651,3.9757894736842028,0.36836517,X1_to_X3,race_aware
1073,3.9757894736842028,0.37006593,X1_to_X3,race_aware
3746,3.9757894736842028,0.38373834,X1_to_X3,race_aware
4984,3.9757894736842028,0.36468962,X1_to_X3,race_aware
1269,3.9757894736842028,0.42721158,X1_to_X3,race_aware
4432,3.9757894736842028,0.38077763,X1_to_X3,race_aware
5482,3.9757894736842028,0.37595505,X1_to_X3,race_aware
3638,3.9757894736842028,0.418032,X1_to_X3,race_aware
1602,3.9757894736842028,0.3701485,X1_to_X3,race_aware
557,3.9757894736842028,0.37006593,X1_to_X3,race_aware
2279,3.9757894736842028,0.24914122,X1_to_X3,race_aware
443,3.9757894736842028,0.38373834,X1_to_X3,race_aware
6133,3.9757894736842028,0.38077763,X1_to_X3,race_aware
261,3.9757894736842028,0.37595505,X1_to_X3,race_aware
4770,3.9757894736842028,0.24864738,X1_to_X3,race_aware
3704,3.9757894736842028,0.36836517,X1_to_X3,race_aware
1304,3.9757894736842028,0.37006593,X1_to_X3,race_aware
4439,3.9757894736842028,0.34878707,X1_to_X3,race_aware
5513,3.9757894736842028,0.38373834,X1_to_X3,race_aware
4774,3.9757894736842028,0.3585301,X1_to_X3,race_aware
1977,3.9757894736842028,0.38077763,X1_to_X3,race_aware
3871,3.9757894736842028,0.36836517,X1_to_X3,race_aware
332,3.9757894736842028,0.36836517,X1_to_X3,race_aware
1685,3.9757894736842028,0.26027805,X1_to_X3,race_aware
229,3.9757894736842028,0.24864738,X1_to_X3,race_aware
4805,3.9757894736842028,0.36836517,X1_to_X3,race_aware
5527,3.9757894736842028,0.25063723,X1_to_X3,race_aware
2516,3.9757894736842028,0.38373834,X1_to_X3,race_aware
2933,3.9757894736842028,0.38893083,X1_to_X3,race_aware
1360,3.9757894736842028,0.40129542,X1_to_X3,race_aware
2698,3.9757894736842028,0.36836517,X1_to_X3,race_aware
1499,3.9757894736842028,0.3799837,X1_to_X3,race_aware
5005,3.9757894736842028,0.26027805,X1_to_X3,race_aware
719,3.9757894736842028,0.27341655,X1_to_X3,race_aware
433,3.9757894736842028,0.37147975,X1_to_X3,race_aware
1192,3.9757894736842028,0.27341655,X1_to_X3,race_aware
5570,3.9757894736842028,0.36836517,X1_to_X3,race_aware
2767,3.9757894736842028,0.36836517,X1_to_X3,race_aware
1527,3.9757894736842028,0.36836517,X1_to_X3,race_aware
3550,3.9757894736842028,0.25063723,X1_to_X3,race_aware
6147,3.9757894736842028,0.27341655,X1_to_X3,race_aware
4360,3.9757894736842028,0.25063723,X1_to_X3,race_aware
1884,3.9757894736842028,0.3592765,X1_to_X3,race_aware
4116,3.9757894736842028,0.37006593,X1_to_X3,race_aware
3797,3.9757894736842028,0.27341655,X1_to_X3,race_aware
1407,3.9757894736842028,0.24628419,X1_to_X3,race_aware
4630,3.9757894736842028,0.26027805,X1_to_X3,race_aware
4858,3.9757894736842028,0.37006593,X1_to_X3,race_aware
2985,3.9757894736842028,0.3799837,X1_to_X3,race_aware
6131,3.9757894736842028,0.37595505,X1_to_X3,race_aware
1280,3.9757894736842028,0.26027805,X1_to_X3,race_aware
398,3.9757894736842028,0.37006593,X1_to_X3,race_aware
2892,3.9757894736842028,0.36836517,X1_to_X3,race_aware
121,3.9757894736842028,0.3585301,X1_to_X3,race_aware
860,3.9757894736842028,0.36836517,X1_to_X3,race_aware
3589,3.9757894736842028,0.40362763,X1_to_X3,race_aware
320,3.9757894736842028,0.4117226,X1_to_X3,race_aware
2231,3.9757894736842028,0.2628577,X1_to_X3,race_aware
5049,3.9757894736842028,0.38077763,X1_to_X3,race_aware
5334,3.9757894736842028,0.36836517,X1_to_X3,race_aware
1780,3.9757894736842028,0.36836517,X1_to_X3,race_aware
3192,3.9757894736842028,0.41037458,X1_to_X3,race_aware
448,3.9757894736842028,0.36836517,X1_to_X3,race_aware
5640,3.9757894736842028,0.37595505,X1_to_X3,race_aware
3791,4.6384210526315695,0.3867088,X1_to_X3,race_aware
2963,4.6384210526315695,0.30257508,X1_to_X3,race_aware
2798,4.6384210526315695,0.28760368,X1_to_X3,race_aware
647,4.6384210526315695,0.28443652,X1_to_X3,race_aware
971,4.6384210526315695,0.41963643,X1_to_X3,race_aware
2190,4.6384210526315695,0.3867088,X1_to_X3,race_aware
1629,4.6384210526315695,0.39469635,X1_to_X3,race_aware
5022,4.6384210526315695,0.37305325,X1_to_X3,race_aware
2136,4.6384210526315695,0.3867088,X1_to_X3,race_aware
5313,4.6384210526315695,0.37859976,X1_to_X3,race_aware
5845,4.6384210526315695,0.39946413,X1_to_X3,race_aware
1458,4.6384210526315695,0.27501422,X1_to_X3,race_aware
3885,4.6384210526315695,0.41349232,X1_to_X3,race_aware
5669,4.6384210526315695,0.3867088,X1_to_X3,race_aware
2141,4.6384210526315695,0.39116478,X1_to_X3,race_aware
2475,4.6384210526315695,0.39946413,X1_to_X3,race_aware
3068,4.6384210526315695,0.28064916,X1_to_X3,race_aware
924,4.6384210526315695,0.38986412,X1_to_X3,race_aware
1724,4.6384210526315695,0.39187652,X1_to_X3,race_aware
4759,4.6384210526315695,0.3867088,X1_to_X3,race_aware
2540,4.6384210526315695,0.41165817,X1_to_X3,race_aware
4633,4.6384210526315695,0.39413366,X1_to_X3,race_aware
5419,4.6384210526315695,0.39946413,X1_to_X3,race_aware
745,4.6384210526315695,0.39413366,X1_to_X3,race_aware
598,4.6384210526315695,0.3867088,X1_to_X3,race_aware
5671,4.6384210526315695,0.39413366,X1_to_X3,race_aware
226,4.6384210526315695,0.40200412,X1_to_X3,race_aware
5836,4.6384210526315695,0.30257508,X1_to_X3,race_aware
1694,4.6384210526315695,0.28760368,X1_to_X3,race_aware
3077,4.6384210526315695,0.39469635,X1_to_X3,race_aware
3012,4.6384210526315695,0.38986412,X1_to_X3,race_aware
3196,4.6384210526315695,0.3867088,X1_to_X3,race_aware
6021,4.6384210526315695,0.280837,X1_to_X3,race_aware
2718,4.6384210526315695,0.38662562,X1_to_X3,race_aware
3018,4.6384210526315695,0.39469635,X1_to_X3,race_aware
1203,4.6384210526315695,0.39413366,X1_to_X3,race_aware
4651,4.6384210526315695,0.3867088,X1_to_X3,race_aware
1073,4.6384210526315695,0.39469635,X1_to_X3,race_aware
3746,4.6384210526315695,0.41165817,X1_to_X3,race_aware
4984,4.6384210526315695,0.38859847,X1_to_X3,race_aware
1269,4.6384210526315695,0.4467476,X1_to_X3,race_aware
4432,4.6384210526315695,0.39413366,X1_to_X3,race_aware
5482,4.6384210526315695,0.39946413,X1_to_X3,race_aware
3638,4.6384210526315695,0.42596,X1_to_X3,race_aware
1602,4.6384210526315695,0.37898532,X1_to_X3,race_aware
557,4.6384210526315695,0.39469635,X1_to_X3,race_aware
2279,4.6384210526315695,0.27501422,X1_to_X3,race_aware
443,4.6384210526315695,0.41165817,X1_to_X3,race_aware
6133,4.6384210526315695,0.39413366,X1_to_X3,race_aware
261,4.6384210526315695,0.39946413,X1_to_X3,race_aware
4770,4.6384210526315695,0.28443652,X1_to_X3,race_aware
3704,4.6384210526315695,0.3867088,X1_to_X3,race_aware
1304,4.6384210526315695,0.39469635,X1_to_X3,race_aware
4439,4.6384210526315695,0.37305325,X1_to_X3,race_aware
5513,4.6384210526315695,0.41165817,X1_to_X3,race_aware
4774,4.6384210526315695,0.3905217,X1_to_X3,race_aware
1977,4.6384210526315695,0.39413366,X1_to_X3,race_aware
3871,4.6384210526315695,0.3867088,X1_to_X3,race_aware
332,4.6384210526315695,0.3867088,X1_to_X3,race_aware
1685,4.6384210526315695,0.3035045,X1_to_X3,race_aware
229,4.6384210526315695,0.28443652,X1_to_X3,race_aware
4805,4.6384210526315695,0.3867088,X1_to_X3,race_aware
5527,4.6384210526315695,0.2773062,X1_to_X3,race_aware
2516,4.6384210526315695,0.41165817,X1_to_X3,race_aware
2933,4.6384210526315695,0.4030271,X1_to_X3,race_aware
1360,4.6384210526315695,0.41349232,X1_to_X3,race_aware
2698,4.6384210526315695,0.3867088,X1_to_X3,race_aware
1499,4.6384210526315695,0.38986412,X1_to_X3,race_aware
5005,4.6384210526315695,0.3035045,X1_to_X3,race_aware
719,4.6384210526315695,0.30257508,X1_to_X3,race_aware
433,4.6384210526315695,0.39116478,X1_to_X3,race_aware
1192,4.6384210526315695,0.30257508,X1_to_X3,race_aware
5570,4.6384210526315695,0.3867088,X1_to_X3,race_aware
2767,4.6384210526315695,0.3867088,X1_to_X3,race_aware
1527,4.6384210526315695,0.3867088,X1_to_X3,race_aware
3550,4.6384210526315695,0.2773062,X1_to_X3,race_aware
6147,4.6384210526315695,0.30257508,X1_to_X3,race_aware
4360,4.6384210526315695,0.2773062,X1_to_X3,race_aware
1884,4.6384210526315695,0.3897179,X1_to_X3,race_aware
4116,4.6384210526315695,0.39469635,X1_to_X3,race_aware
3797,4.6384210526315695,0.30257508,X1_to_X3,race_aware
1407,4.6384210526315695,0.28760368,X1_to_X3,race_aware
4630,4.6384210526315695,0.3035045,X1_to_X3,race_aware
4858,4.6384210526315695,0.39469635,X1_to_X3,race_aware
2985,4.6384210526315695,0.38986412,X1_to_X3,race_aware
6131,4.6384210526315695,0.39946413,X1_to_X3,race_aware
1280,4.6384210526315695,0.3035045,X1_to_X3,race_aware
398,4.6384210526315695,0.39469635,X1_to_X3,race_aware
2892,4.6384210526315695,0.3867088,X1_to_X3,race_aware
121,4.6384210526315695,0.3905217,X1_to_X3,race_aware
860,4.6384210526315695,0.3867088,X1_to_X3,race_aware
3589,4.6384210526315695,0.41963643,X1_to_X3,race_aware
320,4.6384210526315695,0.4158674,X1_to_X3,race_aware
2231,4.6384210526315695,0.28844538,X1_to_X3,race_aware
5049,4.6384210526315695,0.39413366,X1_to_X3,race_aware
5334,4.6384210526315695,0.3867088,X1_to_X3,race_aware
1780,4.6384210526315695,0.3867088,X1_to_X3,race_aware
3192,4.6384210526315695,0.42272884,X1_to_X3,race_aware
448,4.6384210526315695,0.3867088,X1_to_X3,race_aware
5640,4.6384210526315695,0.39946413,X1_to_X3,race_aware
3791,5.301052631578937,0.4098273,X1_to_X3,race_aware
2963,5.301052631578937,0.32384312,X1_to_X3,race_aware
2798,5.301052631578937,0.29199955,X1_to_X3,race_aware
647,5.301052631578937,0.30411023,X1_to_X3,race_aware
971,5.301052631578937,0.42854542,X1_to_X3,race_aware
2190,5.301052631578937,0.4098273,X1_to_X3,race_aware
1629,5.301052631578937,0.4155656,X1_to_X3,race_aware
5022,5.301052631578937,0.40645355,X1_to_X3,race_aware
2136,5.301052631578937,0.4098273,X1_to_X3,race_aware
5313,5.301052631578937,0.4073031,X1_to_X3,race_aware
5845,5.301052631578937,0.41763544,X1_to_X3,race_aware
1458,5.301052631578937,0.2934627,X1_to_X3,race_aware
3885,5.301052631578937,0.42345196,X1_to_X3,race_aware
5669,5.301052631578937,0.4098273,X1_to_X3,race_aware
2141,5.301052631578937,0.40833384,X1_to_X3,race_aware
2475,5.301052631578937,0.41763544,X1_to_X3,race_aware
3068,5.301052631578937,0.28975686,X1_to_X3,race_aware
924,5.301052631578937,0.39732662,X1_to_X3,race_aware
1724,5.301052631578937,0.4067409,X1_to_X3,race_aware
4759,5.301052631578937,0.4098273,X1_to_X3,race_aware
2540,5.301052631578937,0.42851406,X1_to_X3,race_aware
4633,5.301052631578937,0.3963137,X1_to_X3,race_aware
5419,5.301052631578937,0.41763544,X1_to_X3,race_aware
745,5.301052631578937,0.3963137,X1_to_X3,race_aware
598,5.301052631578937,0.4098273,X1_to_X3,race_aware
5671,5.301052631578937,0.3963137,X1_to_X3,race_aware
226,5.301052631578937,0.41128922,X1_to_X3,race_aware
5836,5.301052631578937,0.32384312,X1_to_X3,race_aware
1694,5.301052631578937,0.29199955,X1_to_X3,race_aware
3077,5.301052631578937,0.4155656,X1_to_X3,race_aware
3012,5.301052631578937,0.39732662,X1_to_X3,race_aware
3196,5.301052631578937,0.4098273,X1_to_X3,race_aware
6021,5.301052631578937,0.32229424,X1_to_X3,race_aware
2718,5.301052631578937,0.41507754,X1_to_X3,race_aware
3018,5.301052631578937,0.4155656,X1_to_X3,race_aware
1203,5.301052631578937,0.3963137,X1_to_X3,race_aware
4651,5.301052631578937,0.4098273,X1_to_X3,race_aware
1073,5.301052631578937,0.4155656,X1_to_X3,race_aware
3746,5.301052631578937,0.42851406,X1_to_X3,race_aware
4984,5.301052631578937,0.40778443,X1_to_X3,race_aware
1269,5.301052631578937,0.46158427,X1_to_X3,race_aware
4432,5.301052631578937,0.3963137,X1_to_X3,race_aware
5482,5.301052631578937,0.41763544,X1_to_X3,race_aware
3638,5.301052631578937,0.44605792,X1_to_X3,race_aware
1602,5.301052631578937,0.3894566,X1_to_X3,race_aware
557,5.301052631578937,0.4155656,X1_to_X3,race_aware
2279,5.301052631578937,0.2934627,X1_to_X3,race_aware
443,5.301052631578937,0.42851406,X1_to_X3,race_aware
6133,5.301052631578937,0.3963137,X1_to_X3,race_aware
261,5.301052631578937,0.41763544,X1_to_X3,race_aware
4770,5.301052631578937,0.30411023,X1_to_X3,race_aware
3704,5.301052631578937,0.4098273,X1_to_X3,race_aware
1304,5.301052631578937,0.4155656,X1_to_X3,race_aware
4439,5.301052631578937,0.40645355,X1_to_X3,race_aware
5513,5.301052631578937,0.42851406,X1_to_X3,race_aware
4774,5.301052631578937,0.41010582,X1_to_X3,race_aware
1977,5.301052631578937,0.3963137,X1_to_X3,race_aware
3871,5.301052631578937,0.4098273,X1_to_X3,race_aware
332,5.301052631578937,0.4098273,X1_to_X3,race_aware
1685,5.301052631578937,0.320884,X1_to_X3,race_aware
229,5.301052631578937,0.30411023,X1_to_X3,race_aware
4805,5.301052631578937,0.4098273,X1_to_X3,race_aware
5527,5.301052631578937,0.3050469,X1_to_X3,race_aware
2516,5.301052631578937,0.42851406,X1_to_X3,race_aware
2933,5.301052631578937,0.41458222,X1_to_X3,race_aware
1360,5.301052631578937,0.42345196,X1_to_X3,race_aware
2698,5.301052631578937,0.4098273,X1_to_X3,race_aware
1499,5.301052631578937,0.39732662,X1_to_X3,race_aware
5005,5.301052631578937,0.320884,X1_to_X3,race_aware
719,5.301052631578937,0.32384312,X1_to_X3,race_aware
433,5.301052631578937,0.40833384,X1_to_X3,race_aware
1192,5.301052631578937,0.32384312,X1_to_X3,race_aware
5570,5.301052631578937,0.4098273,X1_to_X3,race_aware
2767,5.301052631578937,0.4098273,X1_to_X3,race_aware
1527,5.301052631578937,0.4098273,X1_to_X3,race_aware
3550,5.301052631578937,0.3050469,X1_to_X3,race_aware
6147,5.301052631578937,0.32384312,X1_to_X3,race_aware
4360,5.301052631578937,0.3050469,X1_to_X3,race_aware
1884,5.301052631578937,0.4159688,X1_to_X3,race_aware
4116,5.301052631578937,0.4155656,X1_to_X3,race_aware
3797,5.301052631578937,0.32384312,X1_to_X3,race_aware
1407,5.301052631578937,0.29199955,X1_to_X3,race_aware
4630,5.301052631578937,0.320884,X1_to_X3,race_aware
4858,5.301052631578937,0.4155656,X1_to_X3,race_aware
2985,5.301052631578937,0.39732662,X1_to_X3,race_aware
6131,5.301052631578937,0.41763544,X1_to_X3,race_aware
1280,5.301052631578937,0.320884,X1_to_X3,race_aware
398,5.301052631578937,0.4155656,X1_to_X3,race_aware
2892,5.301052631578937,0.4098273,X1_to_X3,race_aware
121,5.301052631578937,0.41010582,X1_to_X3,race_aware
860,5.301052631578937,0.4098273,X1_to_X3,race_aware
3589,5.301052631578937,0.42854542,X1_to_X3,race_aware
320,5.301052631578937,0.4238701,X1_to_X3,race_aware
2231,5.301052631578937,0.31456766,X1_to_X3,race_aware
5049,5.301052631578937,0.3963137,X1_to_X3,race_aware
5334,5.301052631578937,0.4098273,X1_to_X3,race_aware
1780,5.301052631578937,0.4098273,X1_to_X3,race_aware
3192,5.301052631578937,0.4384383,X1_to_X3,race_aware
448,5.301052631578937,0.4098273,X1_to_X3,race_aware
5640,5.301052631578937,0.41763544,X1_to_X3,race_aware
3791,5.963684210526305,0.4261598,X1_to_X3,race_aware
2963,5.963684210526305,0.3379527,X1_to_X3,race_aware
2798,5.963684210526305,0.33941135,X1_to_X3,race_aware
647,5.963684210526305,0.3133508,X1_to_X3,race_aware
971,5.963684210526305,0.44044036,X1_to_X3,race_aware
2190,5.963684210526305,0.4261598,X1_to_X3,race_aware
1629,5.963684210526305,0.43233836,X1_to_X3,race_aware
5022,5.963684210526305,0.41850042,X1_to_X3,race_aware
2136,5.963684210526305,0.4261598,X1_to_X3,race_aware
5313,5.963684210526305,0.42438513,X1_to_X3,race_aware
5845,5.963684210526305,0.43755728,X1_to_X3,race_aware
1458,5.963684210526305,0.32062614,X1_to_X3,race_aware
3885,5.963684210526305,0.43106484,X1_to_X3,race_aware
5669,5.963684210526305,0.4261598,X1_to_X3,race_aware
2141,5.963684210526305,0.4341067,X1_to_X3,race_aware
2475,5.963684210526305,0.43755728,X1_to_X3,race_aware
3068,5.963684210526305,0.3186931,X1_to_X3,race_aware
924,5.963684210526305,0.40976182,X1_to_X3,race_aware
1724,5.963684210526305,0.42892385,X1_to_X3,race_aware
4759,5.963684210526305,0.4261598,X1_to_X3,race_aware
2540,5.963684210526305,0.4465056,X1_to_X3,race_aware
4633,5.963684210526305,0.41081706,X1_to_X3,race_aware
5419,5.963684210526305,0.43755728,X1_to_X3,race_aware
745,5.963684210526305,0.41081706,X1_to_X3,race_aware
598,5.963684210526305,0.4261598,X1_to_X3,race_aware
5671,5.963684210526305,0.41081706,X1_to_X3,race_aware
226,5.963684210526305,0.41944242,X1_to_X3,race_aware
5836,5.963684210526305,0.3379527,X1_to_X3,race_aware
1694,5.963684210526305,0.33941135,X1_to_X3,race_aware
3077,5.963684210526305,0.43233836,X1_to_X3,race_aware
3012,5.963684210526305,0.40976182,X1_to_X3,race_aware
3196,5.963684210526305,0.4261598,X1_to_X3,race_aware
6021,5.963684210526305,0.3253558,X1_to_X3,race_aware
2718,5.963684210526305,0.4291856,X1_to_X3,race_aware
3018,5.963684210526305,0.43233836,X1_to_X3,race_aware
1203,5.963684210526305,0.41081706,X1_to_X3,race_aware
4651,5.963684210526305,0.4261598,X1_to_X3,race_aware
1073,5.963684210526305,0.43233836,X1_to_X3,race_aware
3746,5.963684210526305,0.4465056,X1_to_X3,race_aware
4984,5.963684210526305,0.4311777,X1_to_X3,race_aware
1269,5.963684210526305,0.47978795,X1_to_X3,race_aware
4432,5.963684210526305,0.41081706,X1_to_X3,race_aware
5482,5.963684210526305,0.43755728,X1_to_X3,race_aware
3638,5.963684210526305,0.45361245,X1_to_X3,race_aware
1602,5.963684210526305,0.40484068,X1_to_X3,race_aware
557,5.963684210526305,0.43233836,X1_to_X3,race_aware
2279,5.963684210526305,0.32062614,X1_to_X3,race_aware
443,5.963684210526305,0.4465056,X1_to_X3,race_aware
6133,5.963684210526305,0.41081706,X1_to_X3,race_aware
261,5.963684210526305,0.43755728,X1_to_X3,race_aware
4770,5.963684210526305,0.3133508,X1_to_X3,race_aware
3704,5.963684210526305,0.4261598,X1_to_X3,race_aware
1304,5.963684210526305,0.43233836,X1_to_X3,race_aware
4439,5.963684210526305,0.41850042,X1_to_X3,race_aware
5513,5.963684210526305,0.4465056,X1_to_X3,race_aware
4774,5.963684210526305,0.4316604,X1_to_X3,race_aware
1977,5.963684210526305,0.41081706,X1_to_X3,race_aware
3871,5.963684210526305,0.4261598,X1_to_X3,race_aware
332,5.963684210526305,0.4261598,X1_to_X3,race_aware
1685,5.963684210526305,0.33766478,X1_to_X3,race_aware
229,5.963684210526305,0.3133508,X1_to_X3,race_aware
4805,5.963684210526305,0.4261598,X1_to_X3,race_aware
5527,5.963684210526305,0.31465805,X1_to_X3,race_aware
2516,5.963684210526305,0.4465056,X1_to_X3,race_aware
2933,5.963684210526305,0.42881605,X1_to_X3,race_aware
1360,5.963684210526305,0.43106484,X1_to_X3,race_aware
2698,5.963684210526305,0.4261598,X1_to_X3,race_aware
1499,5.963684210526305,0.40976182,X1_to_X3,race_aware
5005,5.963684210526305,0.33766478,X1_to_X3,race_aware
719,5.963684210526305,0.3379527,X1_to_X3,race_aware
433,5.963684210526305,0.4341067,X1_to_X3,race_aware
1192,5.963684210526305,0.3379527,X1_to_X3,race_aware
5570,5.963684210526305,0.4261598,X1_to_X3,race_aware
2767,5.963684210526305,0.4261598,X1_to_X3,race_aware
1527,5.963684210526305,0.4261598,X1_to_X3,race_aware
3550,5.963684210526305,0.31465805,X1_to_X3,race_aware
6147,5.963684210526305,0.3379527,X1_to_X3,race_aware
4360,5.963684210526305,0.31465805,X1_to_X3,race_aware
1884,5.963684210526305,0.4327577,X1_to_X3,race_aware
4116,5.963684210526305,0.43233836,X1_to_X3,race_aware
3797,5.963684210526305,0.3379527,X1_to_X3,race_aware
1407,5.963684210526305,0.33941135,X1_to_X3,race_aware
4630,5.963684210526305,0.33766478,X1_to_X3,race_aware
4858,5.963684210526305,0.43233836,X1_to_X3,race_aware
2985,5.963684210526305,0.40976182,X1_to_X3,race_aware
6131,5.963684210526305,0.43755728,X1_to_X3,race_aware
1280,5.963684210526305,0.33766478,X1_to_X3,race_aware
398,5.963684210526305,0.43233836,X1_to_X3,race_aware
2892,5.963684210526305,0.4261598,X1_to_X3,race_aware
121,5.963684210526305,0.4316604,X1_to_X3,race_aware
860,5.963684210526305,0.4261598,X1_to_X3,race_aware
3589,5.963684210526305,0.44044036,X1_to_X3,race_aware
320,5.963684210526305,0.43379742,X1_to_X3,race_aware
2231,5.963684210526305,0.34533384,X1_to_X3,race_aware
5049,5.963684210526305,0.41081706,X1_to_X3,race_aware
5334,5.963684210526305,0.4261598,X1_to_X3,race_aware
1780,5.963684210526305,0.4261598,X1_to_X3,race_aware
3192,5.963684210526305,0.45195526,X1_to_X3,race_aware
448,5.963684210526305,0.4261598,X1_to_X3,race_aware
5640,5.963684210526305,0.43755728,X1_to_X3,race_aware
3791,6.626315789473671,0.44012725,X1_to_X3,race_aware
2963,6.626315789473671,0.36114573,X1_to_X3,race_aware
2798,6.626315789473671,0.3388256,X1_to_X3,race_aware
647,6.626315789473671,0.34186852,X1_to_X3,race_aware
971,6.626315789473671,0.4504602,X1_to_X3,race_aware
2190,6.626315789473671,0.44012725,X1_to_X3,race_aware
1629,6.626315789473671,0.4454658,X1_to_X3,race_aware
5022,6.626315789473671,0.436615,X1_to_X3,race_aware
2136,6.626315789473671,0.44012725,X1_to_X3,race_aware
5313,6.626315789473671,0.43221325,X1_to_X3,race_aware
5845,6.626315789473671,0.45136625,X1_to_X3,race_aware
1458,6.626315789473671,0.33478838,X1_to_X3,race_aware
3885,6.626315789473671,0.4370135,X1_to_X3,race_aware
5669,6.626315789473671,0.44012725,X1_to_X3,race_aware
2141,6.626315789473671,0.44598287,X1_to_X3,race_aware
2475,6.626315789473671,0.45136625,X1_to_X3,race_aware
3068,6.626315789473671,0.33195305,X1_to_X3,race_aware
924,6.626315789473671,0.41621587,X1_to_X3,race_aware
1724,6.626315789473671,0.4403907,X1_to_X3,race_aware
4759,6.626315789473671,0.44012725,X1_to_X3,race_aware
2540,6.626315789473671,0.45742607,X1_to_X3,race_aware
4633,6.626315789473671,0.41798154,X1_to_X3,race_aware
5419,6.626315789473671,0.45136625,X1_to_X3,race_aware
745,6.626315789473671,0.41798154,X1_to_X3,race_aware
598,6.626315789473671,0.44012725,X1_to_X3,race_aware
5671,6.626315789473671,0.41798154,X1_to_X3,race_aware
226,6.626315789473671,0.42847615,X1_to_X3,race_aware
5836,6.626315789473671,0.36114573,X1_to_X3,race_aware
1694,6.626315789473671,0.3388256,X1_to_X3,race_aware
3077,6.626315789473671,0.4454658,X1_to_X3,race_aware
3012,6.626315789473671,0.41621587,X1_to_X3,race_aware
3196,6.626315789473671,0.44012725,X1_to_X3,race_aware
6021,6.626315789473671,0.35117298,X1_to_X3,race_aware
2718,6.626315789473671,0.44411704,X1_to_X3,race_aware
3018,6.626315789473671,0.4454658,X1_to_X3,race_aware
1203,6.626315789473671,0.41798154,X1_to_X3,race_aware
4651,6.626315789473671,0.44012725,X1_to_X3,race_aware
1073,6.626315789473671,0.4454658,X1_to_X3,race_aware
3746,6.626315789473671,0.45742607,X1_to_X3,race_aware
4984,6.626315789473671,0.4484525,X1_to_X3,race_aware
1269,6.626315789473671,0.49246818,X1_to_X3,race_aware
4432,6.626315789473671,0.41798154,X1_to_X3,race_aware
5482,6.626315789473671,0.45136625,X1_to_X3,race_aware
3638,6.626315789473671,0.46367943,X1_to_X3,race_aware
1602,6.626315789473671,0.41656312,X1_to_X3,race_aware
557,6.626315789473671,0.4454658,X1_to_X3,race_aware
2279,6.626315789473671,0.33478838,X1_to_X3,race_aware
443,6.626315789473671,0.45742607,X1_to_X3,race_aware
6133,6.626315789473671,0.41798154,X1_to_X3,race_aware
261,6.626315789473671,0.45136625,X1_to_X3,race_aware
4770,6.626315789473671,0.34186852,X1_to_X3,race_aware
3704,6.626315789473671,0.44012725,X1_to_X3,race_aware
1304,6.626315789473671,0.4454658,X1_to_X3,race_aware
4439,6.626315789473671,0.436615,X1_to_X3,race_aware
5513,6.626315789473671,0.45742607,X1_to_X3,race_aware
4774,6.626315789473671,0.4478525,X1_to_X3,race_aware
1977,6.626315789473671,0.41798154,X1_to_X3,race_aware
3871,6.626315789473671,0.44012725,X1_to_X3,race_aware
332,6.626315789473671,0.44012725,X1_to_X3,race_aware
1685,6.626315789473671,0.35527068,X1_to_X3,race_aware
229,6.626315789473671,0.34186852,X1_to_X3,race_aware
4805,6.626315789473671,0.44012725,X1_to_X3,race_aware
5527,6.626315789473671,0.34289703,X1_to_X3,race_aware
2516,6.626315789473671,0.45742607,X1_to_X3,race_aware
2933,6.626315789473671,0.4424415,X1_to_X3,race_aware
1360,6.626315789473671,0.4370135,X1_to_X3,race_aware
2698,6.626315789473671,0.44012725,X1_to_X3,race_aware
1499,6.626315789473671,0.41621587,X1_to_X3,race_aware
5005,6.626315789473671,0.35527068,X1_to_X3,race_aware
719,6.626315789473671,0.36114573,X1_to_X3,race_aware
433,6.626315789473671,0.44598287,X1_to_X3,race_aware
1192,6.626315789473671,0.36114573,X1_to_X3,race_aware
5570,6.626315789473671,0.44012725,X1_to_X3,race_aware
2767,6.626315789473671,0.44012725,X1_to_X3,race_aware
1527,6.626315789473671,0.44012725,X1_to_X3,race_aware
3550,6.626315789473671,0.34289703,X1_to_X3,race_aware
6147,6.626315789473671,0.36114573,X1_to_X3,race_aware
4360,6.626315789473671,0.34289703,X1_to_X3,race_aware
1884,6.626315789473671,0.45276657,X1_to_X3,race_aware
4116,6.626315789473671,0.4454658,X1_to_X3,race_aware
3797,6.626315789473671,0.36114573,X1_to_X3,race_aware
1407,6.626315789473671,0.3388256,X1_to_X3,race_aware
4630,6.626315789473671,0.35527068,X1_to_X3,race_aware
4858,6.626315789473671,0.4454658,X1_to_X3,race_aware
2985,6.626315789473671,0.41621587,X1_to_X3,race_aware
6131,6.626315789473671,0.45136625,X1_to_X3,race_aware
1280,6.626315789473671,0.35527068,X1_to_X3,race_aware
398,6.626315789473671,0.4454658,X1_to_X3,race_aware
2892,6.626315789473671,0.44012725,X1_to_X3,race_aware
121,6.626315789473671,0.4478525,X1_to_X3,race_aware
860,6.626315789473671,0.44012725,X1_to_X3,race_aware
3589,6.626315789473671,0.4504602,X1_to_X3,race_aware
320,6.626315789473671,0.4425919,X1_to_X3,race_aware
2231,6.626315789473671,0.34574565,X1_to_X3,race_aware
5049,6.626315789473671,0.41798154,X1_to_X3,race_aware
5334,6.626315789473671,0.44012725,X1_to_X3,race_aware
1780,6.626315789473671,0.44012725,X1_to_X3,race_aware
3192,6.626315789473671,0.4581498,X1_to_X3,race_aware
448,6.626315789473671,0.44012725,X1_to_X3,race_aware
5640,6.626315789473671,0.45136625,X1_to_X3,race_aware
3791,7.288947368421038,0.4470119,X1_to_X3,race_aware
2963,7.288947368421038,0.37139213,X1_to_X3,race_aware
2798,7.288947368421038,0.3432347,X1_to_X3,race_aware
647,7.288947368421038,0.3551733,X1_to_X3,race_aware
971,7.288947368421038,0.45388007,X1_to_X3,race_aware
2190,7.288947368421038,0.4470119,X1_to_X3,race_aware
1629,7.288947368421038,0.4618417,X1_to_X3,race_aware
5022,7.288947368421038,0.44890326,X1_to_X3,race_aware
2136,7.288947368421038,0.4470119,X1_to_X3,race_aware
5313,7.288947368421038,0.44777215,X1_to_X3,race_aware
5845,7.288947368421038,0.46922863,X1_to_X3,race_aware
1458,7.288947368421038,0.3471693,X1_to_X3,race_aware
3885,7.288947368421038,0.44566047,X1_to_X3,race_aware
5669,7.288947368421038,0.4470119,X1_to_X3,race_aware
2141,7.288947368421038,0.4644196,X1_to_X3,race_aware
2475,7.288947368421038,0.46922863,X1_to_X3,race_aware
3068,7.288947368421038,0.34838152,X1_to_X3,race_aware
924,7.288947368421038,0.4277248,X1_to_X3,race_aware
1724,7.288947368421038,0.450162,X1_to_X3,race_aware
4759,7.288947368421038,0.4470119,X1_to_X3,race_aware
2540,7.288947368421038,0.46495825,X1_to_X3,race_aware
4633,7.288947368421038,0.4228256,X1_to_X3,race_aware
5419,7.288947368421038,0.46922863,X1_to_X3,race_aware
745,7.288947368421038,0.4228256,X1_to_X3,race_aware
598,7.288947368421038,0.4470119,X1_to_X3,race_aware
5671,7.288947368421038,0.4228256,X1_to_X3,race_aware
226,7.288947368421038,0.43636698,X1_to_X3,race_aware
5836,7.288947368421038,0.37139213,X1_to_X3,race_aware
1694,7.288947368421038,0.3432347,X1_to_X3,race_aware
3077,7.288947368421038,0.4618417,X1_to_X3,race_aware
3012,7.288947368421038,0.4277248,X1_to_X3,race_aware
3196,7.288947368421038,0.4470119,X1_to_X3,race_aware
6021,7.288947368421038,0.3657612,X1_to_X3,race_aware
2718,7.288947368421038,0.45923296,X1_to_X3,race_aware
3018,7.288947368421038,0.4618417,X1_to_X3,race_aware
1203,7.288947368421038,0.4228256,X1_to_X3,race_aware
4651,7.288947368421038,0.4470119,X1_to_X3,race_aware
1073,7.288947368421038,0.4618417,X1_to_X3,race_aware
3746,7.288947368421038,0.46495825,X1_to_X3,race_aware
4984,7.288947368421038,0.4607472,X1_to_X3,race_aware
1269,7.288947368421038,0.49577248,X1_to_X3,race_aware
4432,7.288947368421038,0.4228256,X1_to_X3,race_aware
5482,7.288947368421038,0.46922863,X1_to_X3,race_aware
3638,7.288947368421038,0.47348392,X1_to_X3,race_aware
1602,7.288947368421038,0.42027298,X1_to_X3,race_aware
557,7.288947368421038,0.4618417,X1_to_X3,race_aware
2279,7.288947368421038,0.3471693,X1_to_X3,race_aware
443,7.288947368421038,0.46495825,X1_to_X3,race_aware
6133,7.288947368421038,0.4228256,X1_to_X3,race_aware
261,7.288947368421038,0.46922863,X1_to_X3,race_aware
4770,7.288947368421038,0.3551733,X1_to_X3,race_aware
3704,7.288947368421038,0.4470119,X1_to_X3,race_aware
1304,7.288947368421038,0.4618417,X1_to_X3,race_aware
4439,7.288947368421038,0.44890326,X1_to_X3,race_aware
5513,7.288947368421038,0.46495825,X1_to_X3,race_aware
4774,7.288947368421038,0.4574632,X1_to_X3,race_aware
1977,7.288947368421038,0.4228256,X1_to_X3,race_aware
3871,7.288947368421038,0.4470119,X1_to_X3,race_aware
332,7.288947368421038,0.4470119,X1_to_X3,race_aware
1685,7.288947368421038,0.37613913,X1_to_X3,race_aware
229,7.288947368421038,0.3551733,X1_to_X3,race_aware
4805,7.288947368421038,0.4470119,X1_to_X3,race_aware
5527,7.288947368421038,0.36108297,X1_to_X3,race_aware
2516,7.288947368421038,0.46495825,X1_to_X3,race_aware
2933,7.288947368421038,0.44786015,X1_to_X3,race_aware
1360,7.288947368421038,0.44566047,X1_to_X3,race_aware
2698,7.288947368421038,0.4470119,X1_to_X3,race_aware
1499,7.288947368421038,0.4277248,X1_to_X3,race_aware
5005,7.288947368421038,0.37613913,X1_to_X3,race_aware
719,7.288947368421038,0.37139213,X1_to_X3,race_aware
433,7.288947368421038,0.4644196,X1_to_X3,race_aware
1192,7.288947368421038,0.37139213,X1_to_X3,race_aware
5570,7.288947368421038,0.4470119,X1_to_X3,race_aware
2767,7.288947368421038,0.4470119,X1_to_X3,race_aware
1527,7.288947368421038,0.4470119,X1_to_X3,race_aware
3550,7.288947368421038,0.36108297,X1_to_X3,race_aware
6147,7.288947368421038,0.37139213,X1_to_X3,race_aware
4360,7.288947368421038,0.36108297,X1_to_X3,race_aware
1884,7.288947368421038,0.46319893,X1_to_X3,race_aware
4116,7.288947368421038,0.4618417,X1_to_X3,race_aware
3797,7.288947368421038,0.37139213,X1_to_X3,race_aware
1407,7.288947368421038,0.3432347,X1_to_X3,race_aware
4630,7.288947368421038,0.37613913,X1_to_X3,race_aware
4858,7.288947368421038,0.4618417,X1_to_X3,race_aware
2985,7.288947368421038,0.4277248,X1_to_X3,race_aware
6131,7.288947368421038,0.46922863,X1_to_X3,race_aware
1280,7.288947368421038,0.37613913,X1_to_X3,race_aware
398,7.288947368421038,0.4618417,X1_to_X3,race_aware
2892,7.288947368421038,0.4470119,X1_to_X3,race_aware
121,7.288947368421038,0.4574632,X1_to_X3,race_aware
860,7.288947368421038,0.4470119,X1_to_X3,race_aware
3589,7.288947368421038,0.45388007,X1_to_X3,race_aware
320,7.288947368421038,0.45464742,X1_to_X3,race_aware
2231,7.288947368421038,0.35613096,X1_to_X3,race_aware
5049,7.288947368421038,0.4228256,X1_to_X3,race_aware
5334,7.288947368421038,0.4470119,X1_to_X3,race_aware
1780,7.288947368421038,0.4470119,X1_to_X3,race_aware
3192,7.288947368421038,0.4634146,X1_to_X3,race_aware
448,7.288947368421038,0.4470119,X1_to_X3,race_aware
5640,7.288947368421038,0.46922863,X1_to_X3,race_aware
3791,7.9515789473684055,0.45421094,X1_to_X3,race_aware
2963,7.9515789473684055,0.4037336,X1_to_X3,race_aware
2798,7.9515789473684055,0.37833527,X1_to_X3,race_aware
647,7.9515789473684055,0.3732366,X1_to_X3,race_aware
971,7.9515789473684055,0.4637373,X1_to_X3,race_aware
2190,7.9515789473684055,0.45421094,X1_to_X3,race_aware
1629,7.9515789473684055,0.4669633,X1_to_X3,race_aware
5022,7.9515789473684055,0.46320087,X1_to_X3,race_aware
2136,7.9515789473684055,0.45421094,X1_to_X3,race_aware
5313,7.9515789473684055,0.46002376,X1_to_X3,race_aware
5845,7.9515789473684055,0.47143704,X1_to_X3,race_aware
1458,7.9515789473684055,0.36311615,X1_to_X3,race_aware
3885,7.9515789473684055,0.451607,X1_to_X3,race_aware
5669,7.9515789473684055,0.45421094,X1_to_X3,race_aware
2141,7.9515789473684055,0.47393543,X1_to_X3,race_aware
2475,7.9515789473684055,0.47143704,X1_to_X3,race_aware
3068,7.9515789473684055,0.36661944,X1_to_X3,race_aware
924,7.9515789473684055,0.43135807,X1_to_X3,race_aware
1724,7.9515789473684055,0.46178526,X1_to_X3,race_aware
4759,7.9515789473684055,0.45421094,X1_to_X3,race_aware
2540,7.9515789473684055,0.47555447,X1_to_X3,race_aware
4633,7.9515789473684055,0.42527965,X1_to_X3,race_aware
5419,7.9515789473684055,0.47143704,X1_to_X3,race_aware
745,7.9515789473684055,0.42527965,X1_to_X3,race_aware
598,7.9515789473684055,0.45421094,X1_to_X3,race_aware
5671,7.9515789473684055,0.42527965,X1_to_X3,race_aware
226,7.9515789473684055,0.4393636,X1_to_X3,race_aware
5836,7.9515789473684055,0.4037336,X1_to_X3,race_aware
1694,7.9515789473684055,0.37833527,X1_to_X3,race_aware
3077,7.9515789473684055,0.4669633,X1_to_X3,race_aware
3012,7.9515789473684055,0.43135807,X1_to_X3,race_aware
3196,7.9515789473684055,0.45421094,X1_to_X3,race_aware
6021,7.9515789473684055,0.38651744,X1_to_X3,race_aware
2718,7.9515789473684055,0.47437605,X1_to_X3,race_aware
3018,7.9515789473684055,0.4669633,X1_to_X3,race_aware
1203,7.9515789473684055,0.42527965,X1_to_X3,race_aware
4651,7.9515789473684055,0.45421094,X1_to_X3,race_aware
1073,7.9515789473684055,0.4669633,X1_to_X3,race_aware
3746,7.9515789473684055,0.47555447,X1_to_X3,race_aware
4984,7.9515789473684055,0.4691371,X1_to_X3,race_aware
1269,7.9515789473684055,0.518035,X1_to_X3,race_aware
4432,7.9515789473684055,0.42527965,X1_to_X3,race_aware
5482,7.9515789473684055,0.47143704,X1_to_X3,race_aware
3638,7.9515789473684055,0.480847,X1_to_X3,race_aware
1602,7.9515789473684055,0.42713752,X1_to_X3,race_aware
557,7.9515789473684055,0.4669633,X1_to_X3,race_aware
2279,7.9515789473684055,0.36311615,X1_to_X3,race_aware
443,7.9515789473684055,0.47555447,X1_to_X3,race_aware
6133,7.9515789473684055,0.42527965,X1_to_X3,race_aware
261,7.9515789473684055,0.47143704,X1_to_X3,race_aware
4770,7.9515789473684055,0.3732366,X1_to_X3,race_aware
3704,7.9515789473684055,0.45421094,X1_to_X3,race_aware
1304,7.9515789473684055,0.4669633,X1_to_X3,race_aware
4439,7.9515789473684055,0.46320087,X1_to_X3,race_aware
5513,7.9515789473684055,0.47555447,X1_to_X3,race_aware
4774,7.9515789473684055,0.47216856,X1_to_X3,race_aware
1977,7.9515789473684055,0.42527965,X1_to_X3,race_aware
3871,7.9515789473684055,0.45421094,X1_to_X3,race_aware
332,7.9515789473684055,0.45421094,X1_to_X3,race_aware
1685,7.9515789473684055,0.38678643,X1_to_X3,race_aware
229,7.9515789473684055,0.3732366,X1_to_X3,race_aware
4805,7.9515789473684055,0.45421094,X1_to_X3,race_aware
5527,7.9515789473684055,0.3676902,X1_to_X3,race_aware
2516,7.9515789473684055,0.47555447,X1_to_X3,race_aware
2933,7.9515789473684055,0.45835575,X1_to_X3,race_aware
1360,7.9515789473684055,0.451607,X1_to_X3,race_aware
2698,7.9515789473684055,0.45421094,X1_to_X3,race_aware
1499,7.9515789473684055,0.43135807,X1_to_X3,race_aware
5005,7.9515789473684055,0.38678643,X1_to_X3,race_aware
719,7.9515789473684055,0.4037336,X1_to_X3,race_aware
433,7.9515789473684055,0.47393543,X1_to_X3,race_aware
1192,7.9515789473684055,0.4037336,X1_to_X3,race_aware
5570,7.9515789473684055,0.45421094,X1_to_X3,race_aware
2767,7.9515789473684055,0.45421094,X1_to_X3,race_aware
1527,7.9515789473684055,0.45421094,X1_to_X3,race_aware
3550,7.9515789473684055,0.3676902,X1_to_X3,race_aware
6147,7.9515789473684055,0.4037336,X1_to_X3,race_aware
4360,7.9515789473684055,0.3676902,X1_to_X3,race_aware
1884,7.9515789473684055,0.47354504,X1_to_X3,race_aware
4116,7.9515789473684055,0.4669633,X1_to_X3,race_aware
3797,7.9515789473684055,0.4037336,X1_to_X3,race_aware
1407,7.9515789473684055,0.37833527,X1_to_X3,race_aware
4630,7.9515789473684055,0.38678643,X1_to_X3,race_aware
4858,7.9515789473684055,0.4669633,X1_to_X3,race_aware
2985,7.9515789473684055,0.43135807,X1_to_X3,race_aware
6131,7.9515789473684055,0.47143704,X1_to_X3,race_aware
1280,7.9515789473684055,0.38678643,X1_to_X3,race_aware
398,7.9515789473684055,0.4669633,X1_to_X3,race_aware
2892,7.9515789473684055,0.45421094,X1_to_X3,race_aware
121,7.9515789473684055,0.47216856,X1_to_X3,race_aware
860,7.9515789473684055,0.45421094,X1_to_X3,race_aware
3589,7.9515789473684055,0.4637373,X1_to_X3,race_aware
320,7.9515789473684055,0.45827943,X1_to_X3,race_aware
2231,7.9515789473684055,0.38287678,X1_to_X3,race_aware
5049,7.9515789473684055,0.42527965,X1_to_X3,race_aware
5334,7.9515789473684055,0.45421094,X1_to_X3,race_aware
1780,7.9515789473684055,0.45421094,X1_to_X3,race_aware
3192,7.9515789473684055,0.47413123,X1_to_X3,race_aware
448,7.9515789473684055,0.45421094,X1_to_X3,race_aware
5640,7.9515789473684055,0.47143704,X1_to_X3,race_aware
3791,8.614210526315773,0.4675728,X1_to_X3,race_aware
2963,8.614210526315773,0.4163686,X1_to_X3,race_aware
2798,8.614210526315773,0.37755397,X1_to_X3,race_aware
647,8.614210526315773,0.3936956,X1_to_X3,race_aware
971,8.614210526315773,0.46400505,X1_to_X3,race_aware
2190,8.614210526315773,0.4675728,X1_to_X3,race_aware
1629,8.614210526315773,0.48258257,X1_to_X3,race_aware
5022,8.614210526315773,0.48013115,X1_to_X3,race_aware
2136,8.614210526315773,0.4675728,X1_to_X3,race_aware
5313,8.614210526315773,0.4685676,X1_to_X3,race_aware
5845,8.614210526315773,0.48330355,X1_to_X3,race_aware
1458,8.614210526315773,0.38483936,X1_to_X3,race_aware
3885,8.614210526315773,0.4565482,X1_to_X3,race_aware
5669,8.614210526315773,0.4675728,X1_to_X3,race_aware
2141,8.614210526315773,0.48318255,X1_to_X3,race_aware
2475,8.614210526315773,0.48330355,X1_to_X3,race_aware
3068,8.614210526315773,0.38538226,X1_to_X3,race_aware
924,8.614210526315773,0.43913075,X1_to_X3,race_aware
1724,8.614210526315773,0.47131586,X1_to_X3,race_aware
4759,8.614210526315773,0.4675728,X1_to_X3,race_aware
2540,8.614210526315773,0.4917832,X1_to_X3,race_aware
4633,8.614210526315773,0.4312913,X1_to_X3,race_aware
5419,8.614210526315773,0.48330355,X1_to_X3,race_aware
745,8.614210526315773,0.4312913,X1_to_X3,race_aware
598,8.614210526315773,0.4675728,X1_to_X3,race_aware
5671,8.614210526315773,0.4312913,X1_to_X3,race_aware
226,8.614210526315773,0.4455822,X1_to_X3,race_aware
5836,8.614210526315773,0.4163686,X1_to_X3,race_aware
1694,8.614210526315773,0.37755397,X1_to_X3,race_aware
3077,8.614210526315773,0.48258257,X1_to_X3,race_aware
3012,8.614210526315773,0.43913075,X1_to_X3,race_aware
3196,8.614210526315773,0.4675728,X1_to_X3,race_aware
6021,8.614210526315773,0.40863183,X1_to_X3,race_aware
2718,8.614210526315773,0.4846559,X1_to_X3,race_aware
3018,8.614210526315773,0.48258257,X1_to_X3,race_aware
1203,8.614210526315773,0.4312913,X1_to_X3,race_aware
4651,8.614210526315773,0.4675728,X1_to_X3,race_aware
1073,8.614210526315773,0.48258257,X1_to_X3,race_aware
3746,8.614210526315773,0.4917832,X1_to_X3,race_aware
4984,8.614210526315773,0.4789264,X1_to_X3,race_aware
1269,8.614210526315773,0.5247593,X1_to_X3,race_aware
4432,8.614210526315773,0.4312913,X1_to_X3,race_aware
5482,8.614210526315773,0.48330355,X1_to_X3,race_aware
3638,8.614210526315773,0.4880026,X1_to_X3,race_aware
1602,8.614210526315773,0.4371479,X1_to_X3,race_aware
557,8.614210526315773,0.48258257,X1_to_X3,race_aware
2279,8.614210526315773,0.38483936,X1_to_X3,race_aware
443,8.614210526315773,0.4917832,X1_to_X3,race_aware
6133,8.614210526315773,0.4312913,X1_to_X3,race_aware
261,8.614210526315773,0.48330355,X1_to_X3,race_aware
4770,8.614210526315773,0.3936956,X1_to_X3,race_aware
3704,8.614210526315773,0.4675728,X1_to_X3,race_aware
1304,8.614210526315773,0.48258257,X1_to_X3,race_aware
4439,8.614210526315773,0.48013115,X1_to_X3,race_aware
5513,8.614210526315773,0.4917832,X1_to_X3,race_aware
4774,8.614210526315773,0.4839121,X1_to_X3,race_aware
1977,8.614210526315773,0.4312913,X1_to_X3,race_aware
3871,8.614210526315773,0.4675728,X1_to_X3,race_aware
332,8.614210526315773,0.4675728,X1_to_X3,race_aware
1685,8.614210526315773,0.40475336,X1_to_X3,race_aware
229,8.614210526315773,0.3936956,X1_to_X3,race_aware
4805,8.614210526315773,0.4675728,X1_to_X3,race_aware
5527,8.614210526315773,0.38528538,X1_to_X3,race_aware
2516,8.614210526315773,0.4917832,X1_to_X3,race_aware
2933,8.614210526315773,0.46419457,X1_to_X3,race_aware
1360,8.614210526315773,0.4565482,X1_to_X3,race_aware
2698,8.614210526315773,0.4675728,X1_to_X3,race_aware
1499,8.614210526315773,0.43913075,X1_to_X3,race_aware
5005,8.614210526315773,0.40475336,X1_to_X3,race_aware
719,8.614210526315773,0.4163686,X1_to_X3,race_aware
433,8.614210526315773,0.48318255,X1_to_X3,race_aware
1192,8.614210526315773,0.4163686,X1_to_X3,race_aware
5570,8.614210526315773,0.4675728,X1_to_X3,race_aware
2767,8.614210526315773,0.4675728,X1_to_X3,race_aware
1527,8.614210526315773,0.4675728,X1_to_X3,race_aware
3550,8.614210526315773,0.38528538,X1_to_X3,race_aware
6147,8.614210526315773,0.4163686,X1_to_X3,race_aware
4360,8.614210526315773,0.38528538,X1_to_X3,race_aware
1884,8.614210526315773,0.48742124,X1_to_X3,race_aware
4116,8.614210526315773,0.48258257,X1_to_X3,race_aware
3797,8.614210526315773,0.4163686,X1_to_X3,race_aware
1407,8.614210526315773,0.37755397,X1_to_X3,race_aware
4630,8.614210526315773,0.40475336,X1_to_X3,race_aware
4858,8.614210526315773,0.48258257,X1_to_X3,race_aware
2985,8.614210526315773,0.43913075,X1_to_X3,race_aware
6131,8.614210526315773,0.48330355,X1_to_X3,race_aware
1280,8.614210526315773,0.40475336,X1_to_X3,race_aware
398,8.614210526315773,0.48258257,X1_to_X3,race_aware
2892,8.614210526315773,0.4675728,X1_to_X3,race_aware
121,8.614210526315773,0.4839121,X1_to_X3,race_aware
860,8.614210526315773,0.4675728,X1_to_X3,race_aware
3589,8.614210526315773,0.46400505,X1_to_X3,race_aware
320,8.614210526315773,0.46736783,X1_to_X3,race_aware
2231,8.614210526315773,0.3867859,X1_to_X3,race_aware
5049,8.614210526315773,0.4312913,X1_to_X3,race_aware
5334,8.614210526315773,0.4675728,X1_to_X3,race_aware
1780,8.614210526315773,0.4675728,X1_to_X3,race_aware
3192,8.614210526315773,0.47836822,X1_to_X3,race_aware
448,8.614210526315773,0.4675728,X1_to_X3,race_aware
5640,8.614210526315773,0.48330355,X1_to_X3,race_aware
3791,9.276842105263139,0.47998035,X1_to_X3,race_aware
2963,9.276842105263139,0.43424284,X1_to_X3,race_aware
2798,9.276842105263139,0.38760188,X1_to_X3,race_aware
647,9.276842105263139,0.39550567,X1_to_X3,race_aware
971,9.276842105263139,0.47242934,X1_to_X3,race_aware
2190,9.276842105263139,0.47998035,X1_to_X3,race_aware
1629,9.276842105263139,0.48982024,X1_to_X3,race_aware
5022,9.276842105263139,0.48972434,X1_to_X3,race_aware
2136,9.276842105263139,0.47998035,X1_to_X3,race_aware
5313,9.276842105263139,0.48389822,X1_to_X3,race_aware
5845,9.276842105263139,0.49158114,X1_to_X3,race_aware
1458,9.276842105263139,0.39263794,X1_to_X3,race_aware
3885,9.276842105263139,0.45779932,X1_to_X3,race_aware
5669,9.276842105263139,0.47998035,X1_to_X3,race_aware
2141,9.276842105263139,0.4891709,X1_to_X3,race_aware
2475,9.276842105263139,0.49158114,X1_to_X3,race_aware
3068,9.276842105263139,0.3914841,X1_to_X3,race_aware
924,9.276842105263139,0.4420683,X1_to_X3,race_aware
1724,9.276842105263139,0.48112315,X1_to_X3,race_aware
4759,9.276842105263139,0.47998035,X1_to_X3,race_aware
2540,9.276842105263139,0.49492383,X1_to_X3,race_aware
4633,9.276842105263139,0.44000432,X1_to_X3,race_aware
5419,9.276842105263139,0.49158114,X1_to_X3,race_aware
745,9.276842105263139,0.44000432,X1_to_X3,race_aware
598,9.276842105263139,0.47998035,X1_to_X3,race_aware
5671,9.276842105263139,0.44000432,X1_to_X3,race_aware
226,9.276842105263139,0.44808215,X1_to_X3,race_aware
5836,9.276842105263139,0.43424284,X1_to_X3,race_aware
1694,9.276842105263139,0.38760188,X1_to_X3,race_aware
3077,9.276842105263139,0.48982024,X1_to_X3,race_aware
3012,9.276842105263139,0.4420683,X1_to_X3,race_aware
3196,9.276842105263139,0.47998035,X1_to_X3,race_aware
6021,9.276842105263139,0.42427364,X1_to_X3,race_aware
2718,9.276842105263139,0.49463055,X1_to_X3,race_aware
3018,9.276842105263139,0.48982024,X1_to_X3,race_aware
1203,9.276842105263139,0.44000432,X1_to_X3,race_aware
4651,9.276842105263139,0.47998035,X1_to_X3,race_aware
1073,9.276842105263139,0.48982024,X1_to_X3,race_aware
3746,9.276842105263139,0.49492383,X1_to_X3,race_aware
4984,9.276842105263139,0.4916323,X1_to_X3,race_aware
1269,9.276842105263139,0.52832556,X1_to_X3,race_aware
4432,9.276842105263139,0.44000432,X1_to_X3,race_aware
5482,9.276842105263139,0.49158114,X1_to_X3,race_aware
3638,9.276842105263139,0.4931764,X1_to_X3,race_aware
1602,9.276842105263139,0.43850306,X1_to_X3,race_aware
557,9.276842105263139,0.48982024,X1_to_X3,race_aware
2279,9.276842105263139,0.39263794,X1_to_X3,race_aware
443,9.276842105263139,0.49492383,X1_to_X3,race_aware
6133,9.276842105263139,0.44000432,X1_to_X3,race_aware
261,9.276842105263139,0.49158114,X1_to_X3,race_aware
4770,9.276842105263139,0.39550567,X1_to_X3,race_aware
3704,9.276842105263139,0.47998035,X1_to_X3,race_aware
1304,9.276842105263139,0.48982024,X1_to_X3,race_aware
4439,9.276842105263139,0.48972434,X1_to_X3,race_aware
5513,9.276842105263139,0.49492383,X1_to_X3,race_aware
4774,9.276842105263139,0.49929118,X1_to_X3,race_aware
1977,9.276842105263139,0.44000432,X1_to_X3,race_aware
3871,9.276842105263139,0.47998035,X1_to_X3,race_aware
332,9.276842105263139,0.47998035,X1_to_X3,race_aware
1685,9.276842105263139,0.42084017,X1_to_X3,race_aware
229,9.276842105263139,0.39550567,X1_to_X3,race_aware
4805,9.276842105263139,0.47998035,X1_to_X3,race_aware
5527,9.276842105263139,0.40095484,X1_to_X3,race_aware
2516,9.276842105263139,0.49492383,X1_to_X3,race_aware
2933,9.276842105263139,0.4678435,X1_to_X3,race_aware
1360,9.276842105263139,0.45779932,X1_to_X3,race_aware
2698,9.276842105263139,0.47998035,X1_to_X3,race_aware
1499,9.276842105263139,0.4420683,X1_to_X3,race_aware
5005,9.276842105263139,0.42084017,X1_to_X3,race_aware
719,9.276842105263139,0.43424284,X1_to_X3,race_aware
433,9.276842105263139,0.4891709,X1_to_X3,race_aware
1192,9.276842105263139,0.43424284,X1_to_X3,race_aware
5570,9.276842105263139,0.47998035,X1_to_X3,race_aware
2767,9.276842105263139,0.47998035,X1_to_X3,race_aware
1527,9.276842105263139,0.47998035,X1_to_X3,race_aware
3550,9.276842105263139,0.40095484,X1_to_X3,race_aware
6147,9.276842105263139,0.43424284,X1_to_X3,race_aware
4360,9.276842105263139,0.40095484,X1_to_X3,race_aware
1884,9.276842105263139,0.4958249,X1_to_X3,race_aware
4116,9.276842105263139,0.48982024,X1_to_X3,race_aware
3797,9.276842105263139,0.43424284,X1_to_X3,race_aware
1407,9.276842105263139,0.38760188,X1_to_X3,race_aware
4630,9.276842105263139,0.42084017,X1_to_X3,race_aware
4858,9.276842105263139,0.48982024,X1_to_X3,race_aware
2985,9.276842105263139,0.4420683,X1_to_X3,race_aware
6131,9.276842105263139,0.49158114,X1_to_X3,race_aware
1280,9.276842105263139,0.42084017,X1_to_X3,race_aware
398,9.276842105263139,0.48982024,X1_to_X3,race_aware
2892,9.276842105263139,0.47998035,X1_to_X3,race_aware
121,9.276842105263139,0.49929118,X1_to_X3,race_aware
860,9.276842105263139,0.47998035,X1_to_X3,race_aware
3589,9.276842105263139,0.47242934,X1_to_X3,race_aware
320,9.276842105263139,0.4675092,X1_to_X3,race_aware
2231,9.276842105263139,0.41911396,X1_to_X3,race_aware
5049,9.276842105263139,0.44000432,X1_to_X3,race_aware
5334,9.276842105263139,0.47998035,X1_to_X3,race_aware
1780,9.276842105263139,0.47998035,X1_to_X3,race_aware
3192,9.276842105263139,0.48560667,X1_to_X3,race_aware
448,9.276842105263139,0.47998035,X1_to_X3,race_aware
5640,9.276842105263139,0.49158114,X1_to_X3,race_aware
3791,9.939473684210506,0.48686576,X1_to_X3,race_aware
2963,9.939473684210506,0.43957543,X1_to_X3,race_aware
2798,9.939473684210506,0.42498448,X1_to_X3,race_aware
647,9.939473684210506,0.41450262,X1_to_X3,race_aware
971,9.939473684210506,0.47492987,X1_to_X3,race_aware
2190,9.939473684210506,0.48686576,X1_to_X3,race_aware
1629,9.939473684210506,0.5005398,X1_to_X3,race_aware
5022,9.939473684210506,0.5027176,X1_to_X3,race_aware
2136,9.939473684210506,0.48686576,X1_to_X3,race_aware
5313,9.939473684210506,0.4886291,X1_to_X3,race_aware
5845,9.939473684210506,0.50355875,X1_to_X3,race_aware
1458,9.939473684210506,0.40663835,X1_to_X3,race_aware
3885,9.939473684210506,0.4634202,X1_to_X3,race_aware
5669,9.939473684210506,0.48686576,X1_to_X3,race_aware
2141,9.939473684210506,0.5007938,X1_to_X3,race_aware
2475,9.939473684210506,0.50355875,X1_to_X3,race_aware
3068,9.939473684210506,0.41626665,X1_to_X3,race_aware
924,9.939473684210506,0.4468014,X1_to_X3,race_aware
1724,9.939473684210506,0.48724622,X1_to_X3,race_aware
4759,9.939473684210506,0.48686576,X1_to_X3,race_aware
2540,9.939473684210506,0.50355417,X1_to_X3,race_aware
4633,9.939473684210506,0.4437867,X1_to_X3,race_aware
5419,9.939473684210506,0.50355875,X1_to_X3,race_aware
745,9.939473684210506,0.4437867,X1_to_X3,race_aware
598,9.939473684210506,0.48686576,X1_to_X3,race_aware
5671,9.939473684210506,0.4437867,X1_to_X3,race_aware
226,9.939473684210506,0.45369297,X1_to_X3,race_aware
5836,9.939473684210506,0.43957543,X1_to_X3,race_aware
1694,9.939473684210506,0.42498448,X1_to_X3,race_aware
3077,9.939473684210506,0.5005398,X1_to_X3,race_aware
3012,9.939473684210506,0.4468014,X1_to_X3,race_aware
3196,9.939473684210506,0.48686576,X1_to_X3,race_aware
6021,9.939473684210506,0.43799827,X1_to_X3,race_aware
2718,9.939473684210506,0.505195,X1_to_X3,race_aware
3018,9.939473684210506,0.5005398,X1_to_X3,race_aware
1203,9.939473684210506,0.4437867,X1_to_X3,race_aware
4651,9.939473684210506,0.48686576,X1_to_X3,race_aware
1073,9.939473684210506,0.5005398,X1_to_X3,race_aware
3746,9.939473684210506,0.50355417,X1_to_X3,race_aware
4984,9.939473684210506,0.5060619,X1_to_X3,race_aware
1269,9.939473684210506,0.53787106,X1_to_X3,race_aware
4432,9.939473684210506,0.4437867,X1_to_X3,race_aware
5482,9.939473684210506,0.50355875,X1_to_X3,race_aware
3638,9.939473684210506,0.50032467,X1_to_X3,race_aware
1602,9.939473684210506,0.44188407,X1_to_X3,race_aware
557,9.939473684210506,0.5005398,X1_to_X3,race_aware
2279,9.939473684210506,0.40663835,X1_to_X3,race_aware
443,9.939473684210506,0.50355417,X1_to_X3,race_aware
6133,9.939473684210506,0.4437867,X1_to_X3,race_aware
261,9.939473684210506,0.50355875,X1_to_X3,race_aware
4770,9.939473684210506,0.41450262,X1_to_X3,race_aware
3704,9.939473684210506,0.48686576,X1_to_X3,race_aware
1304,9.939473684210506,0.5005398,X1_to_X3,race_aware
4439,9.939473684210506,0.5027176,X1_to_X3,race_aware
5513,9.939473684210506,0.50355417,X1_to_X3,race_aware
4774,9.939473684210506,0.50301504,X1_to_X3,race_aware
1977,9.939473684210506,0.4437867,X1_to_X3,race_aware
3871,9.939473684210506,0.48686576,X1_to_X3,race_aware
332,9.939473684210506,0.48686576,X1_to_X3,race_aware
1685,9.939473684210506,0.42702684,X1_to_X3,race_aware
229,9.939473684210506,0.41450262,X1_to_X3,race_aware
4805,9.939473684210506,0.48686576,X1_to_X3,race_aware
5527,9.939473684210506,0.42323816,X1_to_X3,race_aware
2516,9.939473684210506,0.50355417,X1_to_X3,race_aware
2933,9.939473684210506,0.4750913,X1_to_X3,race_aware
1360,9.939473684210506,0.4634202,X1_to_X3,race_aware
2698,9.939473684210506,0.48686576,X1_to_X3,race_aware
1499,9.939473684210506,0.4468014,X1_to_X3,race_aware
5005,9.939473684210506,0.42702684,X1_to_X3,race_aware
719,9.939473684210506,0.43957543,X1_to_X3,race_aware
433,9.939473684210506,0.5007938,X1_to_X3,race_aware
1192,9.939473684210506,0.43957543,X1_to_X3,race_aware
5570,9.939473684210506,0.48686576,X1_to_X3,race_aware
2767,9.939473684210506,0.48686576,X1_to_X3,race_aware
1527,9.939473684210506,0.48686576,X1_to_X3,race_aware
3550,9.939473684210506,0.42323816,X1_to_X3,race_aware
6147,9.939473684210506,0.43957543,X1_to_X3,race_aware
4360,9.939473684210506,0.42323816,X1_to_X3,race_aware
1884,9.939473684210506,0.50257504,X1_to_X3,race_aware
4116,9.939473684210506,0.5005398,X1_to_X3,race_aware
3797,9.939473684210506,0.43957543,X1_to_X3,race_aware
1407,9.939473684210506,0.42498448,X1_to_X3,race_aware
4630,9.939473684210506,0.42702684,X1_to_X3,race_aware
4858,9.939473684210506,0.5005398,X1_to_X3,race_aware
2985,9.939473684210506,0.4468014,X1_to_X3,race_aware
6131,9.939473684210506,0.50355875,X1_to_X3,race_aware
1280,9.939473684210506,0.42702684,X1_to_X3,race_aware
398,9.939473684210506,0.5005398,X1_to_X3,race_aware
2892,9.939473684210506,0.48686576,X1_to_X3,race_aware
121,9.939473684210506,0.50301504,X1_to_X3,race_aware
860,9.939473684210506,0.48686576,X1_to_X3,race_aware
3589,9.939473684210506,0.47492987,X1_to_X3,race_aware
320,9.939473684210506,0.47688454,X1_to_X3,race_aware
2231,9.939473684210506,0.41318074,X1_to_X3,race_aware
5049,9.939473684210506,0.4437867,X1_to_X3,race_aware
5334,9.939473684210506,0.48686576,X1_to_X3,race_aware
1780,9.939473684210506,0.48686576,X1_to_X3,race_aware
3192,9.939473684210506,0.49292696,X1_to_X3,race_aware
448,9.939473684210506,0.48686576,X1_to_X3,race_aware
5640,9.939473684210506,0.50355875,X1_to_X3,race_aware
3791,10.602105263157874,0.4915384,X1_to_X3,race_aware
2963,10.602105263157874,0.44952643,X1_to_X3,race_aware
2798,10.602105263157874,0.4039704,X1_to_X3,race_aware
647,10.602105263157874,0.42335218,X1_to_X3,race_aware
971,10.602105263157874,0.48467046,X1_to_X3,race_aware
2190,10.602105263157874,0.4915384,X1_to_X3,race_aware
1629,10.602105263157874,0.5076089,X1_to_X3,race_aware
5022,10.602105263157874,0.51070285,X1_to_X3,race_aware
2136,10.602105263157874,0.4915384,X1_to_X3,race_aware
5313,10.602105263157874,0.5005874,X1_to_X3,race_aware
5845,10.602105263157874,0.5077916,X1_to_X3,race_aware
1458,10.602105263157874,0.42459425,X1_to_X3,race_aware
3885,10.602105263157874,0.46641088,X1_to_X3,race_aware
5669,10.602105263157874,0.4915384,X1_to_X3,race_aware
2141,10.602105263157874,0.5066958,X1_to_X3,race_aware
2475,10.602105263157874,0.5077916,X1_to_X3,race_aware
3068,10.602105263157874,0.42308286,X1_to_X3,race_aware
924,10.602105263157874,0.4535329,X1_to_X3,race_aware
1724,10.602105263157874,0.49605232,X1_to_X3,race_aware
4759,10.602105263157874,0.4915384,X1_to_X3,race_aware
2540,10.602105263157874,0.5079357,X1_to_X3,race_aware
4633,10.602105263157874,0.44758096,X1_to_X3,race_aware
5419,10.602105263157874,0.5077916,X1_to_X3,race_aware
745,10.602105263157874,0.44758096,X1_to_X3,race_aware
598,10.602105263157874,0.4915384,X1_to_X3,race_aware
5671,10.602105263157874,0.44758096,X1_to_X3,race_aware
226,10.602105263157874,0.46368706,X1_to_X3,race_aware
5836,10.602105263157874,0.44952643,X1_to_X3,race_aware
1694,10.602105263157874,0.4039704,X1_to_X3,race_aware
3077,10.602105263157874,0.5076089,X1_to_X3,race_aware
3012,10.602105263157874,0.4535329,X1_to_X3,race_aware
3196,10.602105263157874,0.4915384,X1_to_X3,race_aware
6021,10.602105263157874,0.4452652,X1_to_X3,race_aware
2718,10.602105263157874,0.51234865,X1_to_X3,race_aware
3018,10.602105263157874,0.5076089,X1_to_X3,race_aware
1203,10.602105263157874,0.44758096,X1_to_X3,race_aware
4651,10.602105263157874,0.4915384,X1_to_X3,race_aware
1073,10.602105263157874,0.5076089,X1_to_X3,race_aware
3746,10.602105263157874,0.5079357,X1_to_X3,race_aware
4984,10.602105263157874,0.5143248,X1_to_X3,race_aware
1269,10.602105263157874,0.5453517,X1_to_X3,race_aware
4432,10.602105263157874,0.44758096,X1_to_X3,race_aware
5482,10.602105263157874,0.5077916,X1_to_X3,race_aware
3638,10.602105263157874,0.5068419,X1_to_X3,race_aware
1602,10.602105263157874,0.44905636,X1_to_X3,race_aware
557,10.602105263157874,0.5076089,X1_to_X3,race_aware
2279,10.602105263157874,0.42459425,X1_to_X3,race_aware
443,10.602105263157874,0.5079357,X1_to_X3,race_aware
6133,10.602105263157874,0.44758096,X1_to_X3,race_aware
261,10.602105263157874,0.5077916,X1_to_X3,race_aware
4770,10.602105263157874,0.42335218,X1_to_X3,race_aware
3704,10.602105263157874,0.4915384,X1_to_X3,race_aware
1304,10.602105263157874,0.5076089,X1_to_X3,race_aware
4439,10.602105263157874,0.51070285,X1_to_X3,race_aware
5513,10.602105263157874,0.5079357,X1_to_X3,race_aware
4774,10.602105263157874,0.5098711,X1_to_X3,race_aware
1977,10.602105263157874,0.44758096,X1_to_X3,race_aware
3871,10.602105263157874,0.4915384,X1_to_X3,race_aware
332,10.602105263157874,0.4915384,X1_to_X3,race_aware
1685,10.602105263157874,0.44165018,X1_to_X3,race_aware
229,10.602105263157874,0.42335218,X1_to_X3,race_aware
4805,10.602105263157874,0.4915384,X1_to_X3,race_aware
5527,10.602105263157874,0.41863424,X1_to_X3,race_aware
2516,10.602105263157874,0.5079357,X1_to_X3,race_aware
2933,10.602105263157874,0.48096707,X1_to_X3,race_aware
1360,10.602105263157874,0.46641088,X1_to_X3,race_aware
2698,10.602105263157874,0.4915384,X1_to_X3,race_aware
1499,10.602105263157874,0.4535329,X1_to_X3,race_aware
5005,10.602105263157874,0.44165018,X1_to_X3,race_aware
719,10.602105263157874,0.44952643,X1_to_X3,race_aware
433,10.602105263157874,0.5066958,X1_to_X3,race_aware
1192,10.602105263157874,0.44952643,X1_to_X3,race_aware
5570,10.602105263157874,0.4915384,X1_to_X3,race_aware
2767,10.602105263157874,0.4915384,X1_to_X3,race_aware
1527,10.602105263157874,0.4915384,X1_to_X3,race_aware
3550,10.602105263157874,0.41863424,X1_to_X3,race_aware
6147,10.602105263157874,0.44952643,X1_to_X3,race_aware
4360,10.602105263157874,0.41863424,X1_to_X3,race_aware
1884,10.602105263157874,0.5112654,X1_to_X3,race_aware
4116,10.602105263157874,0.5076089,X1_to_X3,race_aware
3797,10.602105263157874,0.44952643,X1_to_X3,race_aware
1407,10.602105263157874,0.4039704,X1_to_X3,race_aware
4630,10.602105263157874,0.44165018,X1_to_X3,race_aware
4858,10.602105263157874,0.5076089,X1_to_X3,race_aware
2985,10.602105263157874,0.4535329,X1_to_X3,race_aware
6131,10.602105263157874,0.5077916,X1_to_X3,race_aware
1280,10.602105263157874,0.44165018,X1_to_X3,race_aware
398,10.602105263157874,0.5076089,X1_to_X3,race_aware
2892,10.602105263157874,0.4915384,X1_to_X3,race_aware
121,10.602105263157874,0.5098711,X1_to_X3,race_aware
860,10.602105263157874,0.4915384,X1_to_X3,race_aware
3589,10.602105263157874,0.48467046,X1_to_X3,race_aware
320,10.602105263157874,0.4781521,X1_to_X3,race_aware
2231,10.602105263157874,0.44168577,X1_to_X3,race_aware
5049,10.602105263157874,0.44758096,X1_to_X3,race_aware
5334,10.602105263157874,0.4915384,X1_to_X3,race_aware
1780,10.602105263157874,0.4915384,X1_to_X3,race_aware
3192,10.602105263157874,0.49811226,X1_to_X3,race_aware
448,10.602105263157874,0.4915384,X1_to_X3,race_aware
5640,10.602105263157874,0.5077916,X1_to_X3,race_aware
3791,11.264736842105242,0.49848175,X1_to_X3,race_aware
2963,11.264736842105242,0.44792318,X1_to_X3,race_aware
2798,11.264736842105242,0.43916234,X1_to_X3,race_aware
647,11.264736842105242,0.42749488,X1_to_X3,race_aware
971,11.264736842105242,0.48669225,X1_to_X3,race_aware
2190,11.264736842105242,0.49848175,X1_to_X3,race_aware
1629,11.264736842105242,0.51157314,X1_to_X3,race_aware
5022,11.264736842105242,0.5191424,X1_to_X3,race_aware
2136,11.264736842105242,0.49848175,X1_to_X3,race_aware
5313,11.264736842105242,0.50993115,X1_to_X3,race_aware
5845,11.264736842105242,0.52209646,X1_to_X3,race_aware
1458,11.264736842105242,0.4351795,X1_to_X3,race_aware
3885,11.264736842105242,0.4748649,X1_to_X3,race_aware
5669,11.264736842105242,0.49848175,X1_to_X3,race_aware
2141,11.264736842105242,0.51651,X1_to_X3,race_aware
2475,11.264736842105242,0.52209646,X1_to_X3,race_aware
3068,11.264736842105242,0.44030753,X1_to_X3,race_aware
924,11.264736842105242,0.4538202,X1_to_X3,race_aware
1724,11.264736842105242,0.5051507,X1_to_X3,race_aware
4759,11.264736842105242,0.49848175,X1_to_X3,race_aware
2540,11.264736842105242,0.5161718,X1_to_X3,race_aware
4633,11.264736842105242,0.4484991,X1_to_X3,race_aware
5419,11.264736842105242,0.52209646,X1_to_X3,race_aware
745,11.264736842105242,0.4484991,X1_to_X3,race_aware
598,11.264736842105242,0.49848175,X1_to_X3,race_aware
5671,11.264736842105242,0.4484991,X1_to_X3,race_aware
226,11.264736842105242,0.46332717,X1_to_X3,race_aware
5836,11.264736842105242,0.44792318,X1_to_X3,race_aware
1694,11.264736842105242,0.43916234,X1_to_X3,race_aware
3077,11.264736842105242,0.51157314,X1_to_X3,race_aware
3012,11.264736842105242,0.4538202,X1_to_X3,race_aware
3196,11.264736842105242,0.49848175,X1_to_X3,race_aware
6021,11.264736842105242,0.43996182,X1_to_X3,race_aware
2718,11.264736842105242,0.5233289,X1_to_X3,race_aware
3018,11.264736842105242,0.51157314,X1_to_X3,race_aware
1203,11.264736842105242,0.4484991,X1_to_X3,race_aware
4651,11.264736842105242,0.49848175,X1_to_X3,race_aware
1073,11.264736842105242,0.51157314,X1_to_X3,race_aware
3746,11.264736842105242,0.5161718,X1_to_X3,race_aware
4984,11.264736842105242,0.51930356,X1_to_X3,race_aware
1269,11.264736842105242,0.5477407,X1_to_X3,race_aware
4432,11.264736842105242,0.4484991,X1_to_X3,race_aware
5482,11.264736842105242,0.52209646,X1_to_X3,race_aware
3638,11.264736842105242,0.51160234,X1_to_X3,race_aware
1602,11.264736842105242,0.45746544,X1_to_X3,race_aware
557,11.264736842105242,0.51157314,X1_to_X3,race_aware
2279,11.264736842105242,0.4351795,X1_to_X3,race_aware
443,11.264736842105242,0.5161718,X1_to_X3,race_aware
6133,11.264736842105242,0.4484991,X1_to_X3,race_aware
261,11.264736842105242,0.52209646,X1_to_X3,race_aware
4770,11.264736842105242,0.42749488,X1_to_X3,race_aware
3704,11.264736842105242,0.49848175,X1_to_X3,race_aware
1304,11.264736842105242,0.51157314,X1_to_X3,race_aware
4439,11.264736842105242,0.5191424,X1_to_X3,race_aware
5513,11.264736842105242,0.5161718,X1_to_X3,race_aware
4774,11.264736842105242,0.52839696,X1_to_X3,race_aware
1977,11.264736842105242,0.4484991,X1_to_X3,race_aware
3871,11.264736842105242,0.49848175,X1_to_X3,race_aware
332,11.264736842105242,0.49848175,X1_to_X3,race_aware
1685,11.264736842105242,0.44740263,X1_to_X3,race_aware
229,11.264736842105242,0.42749488,X1_to_X3,race_aware
4805,11.264736842105242,0.49848175,X1_to_X3,race_aware
5527,11.264736842105242,0.4427557,X1_to_X3,race_aware
2516,11.264736842105242,0.5161718,X1_to_X3,race_aware
2933,11.264736842105242,0.48493078,X1_to_X3,race_aware
1360,11.264736842105242,0.4748649,X1_to_X3,race_aware
2698,11.264736842105242,0.49848175,X1_to_X3,race_aware
1499,11.264736842105242,0.4538202,X1_to_X3,race_aware
5005,11.264736842105242,0.44740263,X1_to_X3,race_aware
719,11.264736842105242,0.44792318,X1_to_X3,race_aware
433,11.264736842105242,0.51651,X1_to_X3,race_aware
1192,11.264736842105242,0.44792318,X1_to_X3,race_aware
5570,11.264736842105242,0.49848175,X1_to_X3,race_aware
2767,11.264736842105242,0.49848175,X1_to_X3,race_aware
1527,11.264736842105242,0.49848175,X1_to_X3,race_aware
3550,11.264736842105242,0.4427557,X1_to_X3,race_aware
6147,11.264736842105242,0.44792318,X1_to_X3,race_aware
4360,11.264736842105242,0.4427557,X1_to_X3,race_aware
1884,11.264736842105242,0.518968,X1_to_X3,race_aware
4116,11.264736842105242,0.51157314,X1_to_X3,race_aware
3797,11.264736842105242,0.44792318,X1_to_X3,race_aware
1407,11.264736842105242,0.43916234,X1_to_X3,race_aware
4630,11.264736842105242,0.44740263,X1_to_X3,race_aware
4858,11.264736842105242,0.51157314,X1_to_X3,race_aware
2985,11.264736842105242,0.4538202,X1_to_X3,race_aware
6131,11.264736842105242,0.52209646,X1_to_X3,race_aware
1280,11.264736842105242,0.44740263,X1_to_X3,race_aware
398,11.264736842105242,0.51157314,X1_to_X3,race_aware
2892,11.264736842105242,0.49848175,X1_to_X3,race_aware
121,11.264736842105242,0.52839696,X1_to_X3,race_aware
860,11.264736842105242,0.49848175,X1_to_X3,race_aware
3589,11.264736842105242,0.48669225,X1_to_X3,race_aware
320,11.264736842105242,0.485327,X1_to_X3,race_aware
2231,11.264736842105242,0.45255014,X1_to_X3,race_aware
5049,11.264736842105242,0.4484991,X1_to_X3,race_aware
5334,11.264736842105242,0.49848175,X1_to_X3,race_aware
1780,11.264736842105242,0.49848175,X1_to_X3,race_aware
3192,11.264736842105242,0.50663215,X1_to_X3,race_aware
448,11.264736842105242,0.49848175,X1_to_X3,race_aware
5640,11.264736842105242,0.52209646,X1_to_X3,race_aware
3791,11.92736842105261,0.5029775,X1_to_X3,race_aware
2963,11.92736842105261,0.46806628,X1_to_X3,race_aware
2798,11.92736842105261,0.4504955,X1_to_X3,race_aware
647,11.92736842105261,0.43609667,X1_to_X3,race_aware
971,11.92736842105261,0.4959336,X1_to_X3,race_aware
2190,11.92736842105261,0.5029775,X1_to_X3,race_aware
1629,11.92736842105261,0.526019,X1_to_X3,race_aware
5022,11.92736842105261,0.523457,X1_to_X3,race_aware
2136,11.92736842105261,0.5029775,X1_to_X3,race_aware
5313,11.92736842105261,0.5151795,X1_to_X3,race_aware
5845,11.92736842105261,0.52573603,X1_to_X3,race_aware
1458,11.92736842105261,0.44774845,X1_to_X3,race_aware
3885,11.92736842105261,0.4756773,X1_to_X3,race_aware
5669,11.92736842105261,0.5029775,X1_to_X3,race_aware
2141,11.92736842105261,0.5265224,X1_to_X3,race_aware
2475,11.92736842105261,0.52573603,X1_to_X3,race_aware
3068,11.92736842105261,0.43959346,X1_to_X3,race_aware
924,11.92736842105261,0.4587079,X1_to_X3,race_aware
1724,11.92736842105261,0.5152196,X1_to_X3,race_aware
4759,11.92736842105261,0.5029775,X1_to_X3,race_aware
2540,11.92736842105261,0.527763,X1_to_X3,race_aware
4633,11.92736842105261,0.454258,X1_to_X3,race_aware
5419,11.92736842105261,0.52573603,X1_to_X3,race_aware
745,11.92736842105261,0.454258,X1_to_X3,race_aware
598,11.92736842105261,0.5029775,X1_to_X3,race_aware
5671,11.92736842105261,0.454258,X1_to_X3,race_aware
226,11.92736842105261,0.4718457,X1_to_X3,race_aware
5836,11.92736842105261,0.46806628,X1_to_X3,race_aware
1694,11.92736842105261,0.4504955,X1_to_X3,race_aware
3077,11.92736842105261,0.526019,X1_to_X3,race_aware
3012,11.92736842105261,0.4587079,X1_to_X3,race_aware
3196,11.92736842105261,0.5029775,X1_to_X3,race_aware
6021,11.92736842105261,0.47344527,X1_to_X3,race_aware
2718,11.92736842105261,0.5246576,X1_to_X3,race_aware
3018,11.92736842105261,0.526019,X1_to_X3,race_aware
1203,11.92736842105261,0.454258,X1_to_X3,race_aware
4651,11.92736842105261,0.5029775,X1_to_X3,race_aware
1073,11.92736842105261,0.526019,X1_to_X3,race_aware
3746,11.92736842105261,0.527763,X1_to_X3,race_aware
4984,11.92736842105261,0.52411056,X1_to_X3,race_aware
1269,11.92736842105261,0.5506627,X1_to_X3,race_aware
4432,11.92736842105261,0.454258,X1_to_X3,race_aware
5482,11.92736842105261,0.52573603,X1_to_X3,race_aware
3638,11.92736842105261,0.52066326,X1_to_X3,race_aware
1602,11.92736842105261,0.45733532,X1_to_X3,race_aware
557,11.92736842105261,0.526019,X1_to_X3,race_aware
2279,11.92736842105261,0.44774845,X1_to_X3,race_aware
443,11.92736842105261,0.527763,X1_to_X3,race_aware
6133,11.92736842105261,0.454258,X1_to_X3,race_aware
261,11.92736842105261,0.52573603,X1_to_X3,race_aware
4770,11.92736842105261,0.43609667,X1_to_X3,race_aware
3704,11.92736842105261,0.5029775,X1_to_X3,race_aware
1304,11.92736842105261,0.526019,X1_to_X3,race_aware
4439,11.92736842105261,0.523457,X1_to_X3,race_aware
5513,11.92736842105261,0.527763,X1_to_X3,race_aware
4774,11.92736842105261,0.53804034,X1_to_X3,race_aware
1977,11.92736842105261,0.454258,X1_to_X3,race_aware
3871,11.92736842105261,0.5029775,X1_to_X3,race_aware
332,11.92736842105261,0.5029775,X1_to_X3,race_aware
1685,11.92736842105261,0.46545961,X1_to_X3,race_aware
229,11.92736842105261,0.43609667,X1_to_X3,race_aware
4805,11.92736842105261,0.5029775,X1_to_X3,race_aware
5527,11.92736842105261,0.4522441,X1_to_X3,race_aware
2516,11.92736842105261,0.527763,X1_to_X3,race_aware
2933,11.92736842105261,0.4947512,X1_to_X3,race_aware
1360,11.92736842105261,0.4756773,X1_to_X3,race_aware
2698,11.92736842105261,0.5029775,X1_to_X3,race_aware
1499,11.92736842105261,0.4587079,X1_to_X3,race_aware
5005,11.92736842105261,0.46545961,X1_to_X3,race_aware
719,11.92736842105261,0.46806628,X1_to_X3,race_aware
433,11.92736842105261,0.5265224,X1_to_X3,race_aware
1192,11.92736842105261,0.46806628,X1_to_X3,race_aware
5570,11.92736842105261,0.5029775,X1_to_X3,race_aware
2767,11.92736842105261,0.5029775,X1_to_X3,race_aware
1527,11.92736842105261,0.5029775,X1_to_X3,race_aware
3550,11.92736842105261,0.4522441,X1_to_X3,race_aware
6147,11.92736842105261,0.46806628,X1_to_X3,race_aware
4360,11.92736842105261,0.4522441,X1_to_X3,race_aware
1884,11.92736842105261,0.5317966,X1_to_X3,race_aware
4116,11.92736842105261,0.526019,X1_to_X3,race_aware
3797,11.92736842105261,0.46806628,X1_to_X3,race_aware
1407,11.92736842105261,0.4504955,X1_to_X3,race_aware
4630,11.92736842105261,0.46545961,X1_to_X3,race_aware
4858,11.92736842105261,0.526019,X1_to_X3,race_aware
2985,11.92736842105261,0.4587079,X1_to_X3,race_aware
6131,11.92736842105261,0.52573603,X1_to_X3,race_aware
1280,11.92736842105261,0.46545961,X1_to_X3,race_aware
398,11.92736842105261,0.526019,X1_to_X3,race_aware
2892,11.92736842105261,0.5029775,X1_to_X3,race_aware
121,11.92736842105261,0.53804034,X1_to_X3,race_aware
860,11.92736842105261,0.5029775,X1_to_X3,race_aware
3589,11.92736842105261,0.4959336,X1_to_X3,race_aware
320,11.92736842105261,0.48799282,X1_to_X3,race_aware
2231,11.92736842105261,0.46758083,X1_to_X3,race_aware
5049,11.92736842105261,0.454258,X1_to_X3,race_aware
5334,11.92736842105261,0.5029775,X1_to_X3,race_aware
1780,11.92736842105261,0.5029775,X1_to_X3,race_aware
3192,11.92736842105261,0.5068818,X1_to_X3,race_aware
448,11.92736842105261,0.5029775,X1_to_X3,race_aware
5640,11.92736842105261,0.52573603,X1_to_X3,race_aware
3791,12.589999999999975,0.51375544,X1_to_X3,race_aware
2963,12.589999999999975,0.47537458,X1_to_X3,race_aware
2798,12.589999999999975,0.45619407,X1_to_X3,race_aware
647,12.589999999999975,0.44522405,X1_to_X3,race_aware
971,12.589999999999975,0.49992007,X1_to_X3,race_aware
2190,12.589999999999975,0.51375544,X1_to_X3,race_aware
1629,12.589999999999975,0.5325531,X1_to_X3,race_aware
5022,12.589999999999975,0.53844863,X1_to_X3,race_aware
2136,12.589999999999975,0.51375544,X1_to_X3,race_aware
5313,12.589999999999975,0.5323814,X1_to_X3,race_aware
5845,12.589999999999975,0.5368728,X1_to_X3,race_aware
1458,12.589999999999975,0.4521291,X1_to_X3,race_aware
3885,12.589999999999975,0.4802379,X1_to_X3,race_aware
5669,12.589999999999975,0.51375544,X1_to_X3,race_aware
2141,12.589999999999975,0.5393772,X1_to_X3,race_aware
2475,12.589999999999975,0.5368728,X1_to_X3,race_aware
3068,12.589999999999975,0.4493657,X1_to_X3,race_aware
924,12.589999999999975,0.4651852,X1_to_X3,race_aware
1724,12.589999999999975,0.52395433,X1_to_X3,race_aware
4759,12.589999999999975,0.51375544,X1_to_X3,race_aware
2540,12.589999999999975,0.5328849,X1_to_X3,race_aware
4633,12.589999999999975,0.4571928,X1_to_X3,race_aware
5419,12.589999999999975,0.5368728,X1_to_X3,race_aware
745,12.589999999999975,0.4571928,X1_to_X3,race_aware
598,12.589999999999975,0.51375544,X1_to_X3,race_aware
5671,12.589999999999975,0.4571928,X1_to_X3,race_aware
226,12.589999999999975,0.47627795,X1_to_X3,race_aware
5836,12.589999999999975,0.47537458,X1_to_X3,race_aware
1694,12.589999999999975,0.45619407,X1_to_X3,race_aware
3077,12.589999999999975,0.5325531,X1_to_X3,race_aware
3012,12.589999999999975,0.4651852,X1_to_X3,race_aware
3196,12.589999999999975,0.51375544,X1_to_X3,race_aware
6021,12.589999999999975,0.4603987,X1_to_X3,race_aware
2718,12.589999999999975,0.53519714,X1_to_X3,race_aware
3018,12.589999999999975,0.5325531,X1_to_X3,race_aware
1203,12.589999999999975,0.4571928,X1_to_X3,race_aware
4651,12.589999999999975,0.51375544,X1_to_X3,race_aware
1073,12.589999999999975,0.5325531,X1_to_X3,race_aware
3746,12.589999999999975,0.5328849,X1_to_X3,race_aware
4984,12.589999999999975,0.5428356,X1_to_X3,race_aware
1269,12.589999999999975,0.55859095,X1_to_X3,race_aware
4432,12.589999999999975,0.4571928,X1_to_X3,race_aware
5482,12.589999999999975,0.5368728,X1_to_X3,race_aware
3638,12.589999999999975,0.5202838,X1_to_X3,race_aware
1602,12.589999999999975,0.45931742,X1_to_X3,race_aware
557,12.589999999999975,0.5325531,X1_to_X3,race_aware
2279,12.589999999999975,0.4521291,X1_to_X3,race_aware
443,12.589999999999975,0.5328849,X1_to_X3,race_aware
6133,12.589999999999975,0.4571928,X1_to_X3,race_aware
261,12.589999999999975,0.5368728,X1_to_X3,race_aware
4770,12.589999999999975,0.44522405,X1_to_X3,race_aware
3704,12.589999999999975,0.51375544,X1_to_X3,race_aware
1304,12.589999999999975,0.5325531,X1_to_X3,race_aware
4439,12.589999999999975,0.53844863,X1_to_X3,race_aware
5513,12.589999999999975,0.5328849,X1_to_X3,race_aware
4774,12.589999999999975,0.54269576,X1_to_X3,race_aware
1977,12.589999999999975,0.4571928,X1_to_X3,race_aware
3871,12.589999999999975,0.51375544,X1_to_X3,race_aware
332,12.589999999999975,0.51375544,X1_to_X3,race_aware
1685,12.589999999999975,0.4705905,X1_to_X3,race_aware
229,12.589999999999975,0.44522405,X1_to_X3,race_aware
4805,12.589999999999975,0.51375544,X1_to_X3,race_aware
5527,12.589999999999975,0.45037377,X1_to_X3,race_aware
2516,12.589999999999975,0.5328849,X1_to_X3,race_aware
2933,12.589999999999975,0.49914292,X1_to_X3,race_aware
1360,12.589999999999975,0.4802379,X1_to_X3,race_aware
2698,12.589999999999975,0.51375544,X1_to_X3,race_aware
1499,12.589999999999975,0.4651852,X1_to_X3,race_aware
5005,12.589999999999975,0.4705905,X1_to_X3,race_aware
719,12.589999999999975,0.47537458,X1_to_X3,race_aware
433,12.589999999999975,0.5393772,X1_to_X3,race_aware
1192,12.589999999999975,0.47537458,X1_to_X3,race_aware
5570,12.589999999999975,0.51375544,X1_to_X3,race_aware
2767,12.589999999999975,0.51375544,X1_to_X3,race_aware
1527,12.589999999999975,0.51375544,X1_to_X3,race_aware
3550,12.589999999999975,0.45037377,X1_to_X3,race_aware
6147,12.589999999999975,0.47537458,X1_to_X3,race_aware
4360,12.589999999999975,0.45037377,X1_to_X3,race_aware
1884,12.589999999999975,0.5419706,X1_to_X3,race_aware
4116,12.589999999999975,0.5325531,X1_to_X3,race_aware
3797,12.589999999999975,0.47537458,X1_to_X3,race_aware
1407,12.589999999999975,0.45619407,X1_to_X3,race_aware
4630,12.589999999999975,0.4705905,X1_to_X3,race_aware
4858,12.589999999999975,0.5325531,X1_to_X3,race_aware
2985,12.589999999999975,0.4651852,X1_to_X3,race_aware
6131,12.589999999999975,0.5368728,X1_to_X3,race_aware
1280,12.589999999999975,0.4705905,X1_to_X3,race_aware
398,12.589999999999975,0.5325531,X1_to_X3,race_aware
2892,12.589999999999975,0.51375544,X1_to_X3,race_aware
121,12.589999999999975,0.54269576,X1_to_X3,race_aware
860,12.589999999999975,0.51375544,X1_to_X3,race_aware
3589,12.589999999999975,0.49992007,X1_to_X3,race_aware
320,12.589999999999975,0.49241322,X1_to_X3,race_aware
2231,12.589999999999975,0.4831405,X1_to_X3,race_aware
5049,12.589999999999975,0.4571928,X1_to_X3,race_aware
5334,12.589999999999975,0.51375544,X1_to_X3,race_aware
1780,12.589999999999975,0.51375544,X1_to_X3,race_aware
3192,12.589999999999975,0.5120667,X1_to_X3,race_aware
448,12.589999999999975,0.51375544,X1_to_X3,race_aware
5640,12.589999999999975,0.5368728,X1_to_X3,race_aware
3791,0.0,0.0,X2_to_X3,race_aware
2963,0.0,0.0,X2_to_X3,race_aware
2798,0.0,0.0,X2_to_X3,race_aware
647,0.0,0.0,X2_to_X3,race_aware
971,0.0,0.0,X2_to_X3,race_aware
2190,0.0,0.0,X2_to_X3,race_aware
1629,0.0,0.0,X2_to_X3,race_aware
5022,0.0,0.0,X2_to_X3,race_aware
2136,0.0,0.0,X2_to_X3,race_aware
5313,0.0,0.0,X2_to_X3,race_aware
5845,0.0,0.0,X2_to_X3,race_aware
1458,0.0,0.0,X2_to_X3,race_aware
3885,0.0,0.0,X2_to_X3,race_aware
5669,0.0,0.0,X2_to_X3,race_aware
2141,0.0,0.0,X2_to_X3,race_aware
2475,0.0,0.0,X2_to_X3,race_aware
3068,0.0,0.0,X2_to_X3,race_aware
924,0.0,0.0,X2_to_X3,race_aware
1724,0.0,0.0,X2_to_X3,race_aware
4759,0.0,0.0,X2_to_X3,race_aware
2540,0.0,0.0,X2_to_X3,race_aware
4633,0.0,0.0,X2_to_X3,race_aware
5419,0.0,0.0,X2_to_X3,race_aware
745,0.0,0.0,X2_to_X3,race_aware
598,0.0,0.0,X2_to_X3,race_aware
5671,0.0,0.0,X2_to_X3,race_aware
226,0.0,0.0,X2_to_X3,race_aware
5836,0.0,0.0,X2_to_X3,race_aware
1694,0.0,0.0,X2_to_X3,race_aware
3077,0.0,0.0,X2_to_X3,race_aware
3012,0.0,0.0,X2_to_X3,race_aware
3196,0.0,0.0,X2_to_X3,race_aware
6021,0.0,0.0,X2_to_X3,race_aware
2718,0.0,0.0,X2_to_X3,race_aware
3018,0.0,0.0,X2_to_X3,race_aware
1203,0.0,0.0,X2_to_X3,race_aware
4651,0.0,0.0,X2_to_X3,race_aware
1073,0.0,0.0,X2_to_X3,race_aware
3746,0.0,0.0,X2_to_X3,race_aware
4984,0.0,0.0,X2_to_X3,race_aware
1269,0.0,0.0,X2_to_X3,race_aware
4432,0.0,0.0,X2_to_X3,race_aware
5482,0.0,0.0,X2_to_X3,race_aware
3638,0.0,0.0,X2_to_X3,race_aware
1602,0.0,0.0,X2_to_X3,race_aware
557,0.0,0.0,X2_to_X3,race_aware
2279,0.0,0.0,X2_to_X3,race_aware
443,0.0,0.0,X2_to_X3,race_aware
6133,0.0,0.0,X2_to_X3,race_aware
261,0.0,0.0,X2_to_X3,race_aware
4770,0.0,0.0,X2_to_X3,race_aware
3704,0.0,0.0,X2_to_X3,race_aware
1304,0.0,0.0,X2_to_X3,race_aware
4439,0.0,0.0,X2_to_X3,race_aware
5513,0.0,0.0,X2_to_X3,race_aware
4774,0.0,0.0,X2_to_X3,race_aware
1977,0.0,0.0,X2_to_X3,race_aware
3871,0.0,0.0,X2_to_X3,race_aware
332,0.0,0.0,X2_to_X3,race_aware
1685,0.0,0.0,X2_to_X3,race_aware
229,0.0,0.0,X2_to_X3,race_aware
4805,0.0,0.0,X2_to_X3,race_aware
5527,0.0,0.0,X2_to_X3,race_aware
2516,0.0,0.0,X2_to_X3,race_aware
2933,0.0,0.0,X2_to_X3,race_aware
1360,0.0,0.0,X2_to_X3,race_aware
2698,0.0,0.0,X2_to_X3,race_aware
1499,0.0,0.0,X2_to_X3,race_aware
5005,0.0,0.0,X2_to_X3,race_aware
719,0.0,0.0,X2_to_X3,race_aware
433,0.0,0.0,X2_to_X3,race_aware
1192,0.0,0.0,X2_to_X3,race_aware
5570,0.0,0.0,X2_to_X3,race_aware
2767,0.0,0.0,X2_to_X3,race_aware
1527,0.0,0.0,X2_to_X3,race_aware
3550,0.0,0.0,X2_to_X3,race_aware
6147,0.0,0.0,X2_to_X3,race_aware
4360,0.0,0.0,X2_to_X3,race_aware
1884,0.0,0.0,X2_to_X3,race_aware
4116,0.0,0.0,X2_to_X3,race_aware
3797,0.0,0.0,X2_to_X3,race_aware
1407,0.0,0.0,X2_to_X3,race_aware
4630,0.0,0.0,X2_to_X3,race_aware
4858,0.0,0.0,X2_to_X3,race_aware
2985,0.0,0.0,X2_to_X3,race_aware
6131,0.0,0.0,X2_to_X3,race_aware
1280,0.0,0.0,X2_to_X3,race_aware
398,0.0,0.0,X2_to_X3,race_aware
2892,0.0,0.0,X2_to_X3,race_aware
121,0.0,0.0,X2_to_X3,race_aware
860,0.0,0.0,X2_to_X3,race_aware
3589,0.0,0.0,X2_to_X3,race_aware
320,0.0,0.0,X2_to_X3,race_aware
2231,0.0,0.0,X2_to_X3,race_aware
5049,0.0,0.0,X2_to_X3,race_aware
5334,0.0,0.0,X2_to_X3,race_aware
1780,0.0,0.0,X2_to_X3,race_aware
3192,0.0,0.0,X2_to_X3,race_aware
448,0.0,0.0,X2_to_X3,race_aware
5640,0.0,0.0,X2_to_X3,race_aware
3791,0.6626315789473671,0.051576376,X2_to_X3,race_aware
2963,0.6626315789473671,0.037705094,X2_to_X3,race_aware
2798,0.6626315789473671,0.03354621,X2_to_X3,race_aware
647,0.6626315789473671,0.027996168,X2_to_X3,race_aware
971,0.6626315789473671,0.08765149,X2_to_X3,race_aware
2190,0.6626315789473671,0.051576376,X2_to_X3,race_aware
1629,0.6626315789473671,0.03775303,X2_to_X3,race_aware
5022,0.6626315789473671,0.03932996,X2_to_X3,race_aware
2136,0.6626315789473671,0.051576376,X2_to_X3,race_aware
5313,0.6626315789473671,0.043510914,X2_to_X3,race_aware
5845,0.6626315789473671,0.025140762,X2_to_X3,race_aware
1458,0.6626315789473671,0.04060112,X2_to_X3,race_aware
3885,0.6626315789473671,0.06292808,X2_to_X3,race_aware
5669,0.6626315789473671,0.051576376,X2_to_X3,race_aware
2141,0.6626315789473671,0.041787267,X2_to_X3,race_aware
2475,0.6626315789473671,0.025140762,X2_to_X3,race_aware
3068,0.6626315789473671,0.041325867,X2_to_X3,race_aware
924,0.6626315789473671,0.0887596,X2_to_X3,race_aware
1724,0.6626315789473671,0.04213813,X2_to_X3,race_aware
4759,0.6626315789473671,0.051576376,X2_to_X3,race_aware
2540,0.6626315789473671,0.035919994,X2_to_X3,race_aware
4633,0.6626315789473671,0.079573095,X2_to_X3,race_aware
5419,0.6626315789473671,0.025140762,X2_to_X3,race_aware
745,0.6626315789473671,0.079573095,X2_to_X3,race_aware
598,0.6626315789473671,0.051576376,X2_to_X3,race_aware
5671,0.6626315789473671,0.079573095,X2_to_X3,race_aware
226,0.6626315789473671,0.06785709,X2_to_X3,race_aware
5836,0.6626315789473671,0.037705094,X2_to_X3,race_aware
1694,0.6626315789473671,0.03354621,X2_to_X3,race_aware
3077,0.6626315789473671,0.03775303,X2_to_X3,race_aware
3012,0.6626315789473671,0.0887596,X2_to_X3,race_aware
3196,0.6626315789473671,0.051576376,X2_to_X3,race_aware
6021,0.6626315789473671,0.035109,X2_to_X3,race_aware
2718,0.6626315789473671,0.046607435,X2_to_X3,race_aware
3018,0.6626315789473671,0.03775303,X2_to_X3,race_aware
1203,0.6626315789473671,0.079573095,X2_to_X3,race_aware
4651,0.6626315789473671,0.051576376,X2_to_X3,race_aware
1073,0.6626315789473671,0.03775303,X2_to_X3,race_aware
3746,0.6626315789473671,0.035919994,X2_to_X3,race_aware
4984,0.6626315789473671,0.045713335,X2_to_X3,race_aware
1269,0.6626315789473671,0.073780805,X2_to_X3,race_aware
4432,0.6626315789473671,0.079573095,X2_to_X3,race_aware
5482,0.6626315789473671,0.025140762,X2_to_X3,race_aware
3638,0.6626315789473671,0.06850287,X2_to_X3,race_aware
1602,0.6626315789473671,0.064368606,X2_to_X3,race_aware
557,0.6626315789473671,0.03775303,X2_to_X3,race_aware
2279,0.6626315789473671,0.04060112,X2_to_X3,race_aware
443,0.6626315789473671,0.035919994,X2_to_X3,race_aware
6133,0.6626315789473671,0.079573095,X2_to_X3,race_aware
261,0.6626315789473671,0.025140762,X2_to_X3,race_aware
4770,0.6626315789473671,0.027996168,X2_to_X3,race_aware
3704,0.6626315789473671,0.051576376,X2_to_X3,race_aware
1304,0.6626315789473671,0.03775303,X2_to_X3,race_aware
4439,0.6626315789473671,0.03932996,X2_to_X3,race_aware
5513,0.6626315789473671,0.035919994,X2_to_X3,race_aware
4774,0.6626315789473671,0.04106316,X2_to_X3,race_aware
1977,0.6626315789473671,0.079573095,X2_to_X3,race_aware
3871,0.6626315789473671,0.051576376,X2_to_X3,race_aware
332,0.6626315789473671,0.051576376,X2_to_X3,race_aware
1685,0.6626315789473671,0.03560716,X2_to_X3,race_aware
229,0.6626315789473671,0.027996168,X2_to_X3,race_aware
4805,0.6626315789473671,0.051576376,X2_to_X3,race_aware
5527,0.6626315789473671,0.033607915,X2_to_X3,race_aware
2516,0.6626315789473671,0.035919994,X2_to_X3,race_aware
2933,0.6626315789473671,0.06265068,X2_to_X3,race_aware
1360,0.6626315789473671,0.06292808,X2_to_X3,race_aware
2698,0.6626315789473671,0.051576376,X2_to_X3,race_aware
1499,0.6626315789473671,0.0887596,X2_to_X3,race_aware
5005,0.6626315789473671,0.03560716,X2_to_X3,race_aware
719,0.6626315789473671,0.037705094,X2_to_X3,race_aware
433,0.6626315789473671,0.041787267,X2_to_X3,race_aware
1192,0.6626315789473671,0.037705094,X2_to_X3,race_aware
5570,0.6626315789473671,0.051576376,X2_to_X3,race_aware
2767,0.6626315789473671,0.051576376,X2_to_X3,race_aware
1527,0.6626315789473671,0.051576376,X2_to_X3,race_aware
3550,0.6626315789473671,0.033607915,X2_to_X3,race_aware
6147,0.6626315789473671,0.037705094,X2_to_X3,race_aware
4360,0.6626315789473671,0.033607915,X2_to_X3,race_aware
1884,0.6626315789473671,0.039856166,X2_to_X3,race_aware
4116,0.6626315789473671,0.03775303,X2_to_X3,race_aware
3797,0.6626315789473671,0.037705094,X2_to_X3,race_aware
1407,0.6626315789473671,0.03354621,X2_to_X3,race_aware
4630,0.6626315789473671,0.03560716,X2_to_X3,race_aware
4858,0.6626315789473671,0.03775303,X2_to_X3,race_aware
2985,0.6626315789473671,0.0887596,X2_to_X3,race_aware
6131,0.6626315789473671,0.025140762,X2_to_X3,race_aware
1280,0.6626315789473671,0.03560716,X2_to_X3,race_aware
398,0.6626315789473671,0.03775303,X2_to_X3,race_aware
2892,0.6626315789473671,0.051576376,X2_to_X3,race_aware
121,0.6626315789473671,0.04106316,X2_to_X3,race_aware
860,0.6626315789473671,0.051576376,X2_to_X3,race_aware
3589,0.6626315789473671,0.08765149,X2_to_X3,race_aware
320,0.6626315789473671,0.062253594,X2_to_X3,race_aware
2231,0.6626315789473671,0.04221636,X2_to_X3,race_aware
5049,0.6626315789473671,0.079573095,X2_to_X3,race_aware
5334,0.6626315789473671,0.051576376,X2_to_X3,race_aware
1780,0.6626315789473671,0.051576376,X2_to_X3,race_aware
3192,0.6626315789473671,0.05955428,X2_to_X3,race_aware
448,0.6626315789473671,0.051576376,X2_to_X3,race_aware
5640,0.6626315789473671,0.025140762,X2_to_X3,race_aware
3791,1.3252631578947343,0.11270824,X2_to_X3,race_aware
2963,1.3252631578947343,0.07685122,X2_to_X3,race_aware
2798,1.3252631578947343,0.06872913,X2_to_X3,race_aware
647,1.3252631578947343,0.06724404,X2_to_X3,race_aware
971,1.3252631578947343,0.18129227,X2_to_X3,race_aware
2190,1.3252631578947343,0.11270824,X2_to_X3,race_aware
1629,1.3252631578947343,0.08127044,X2_to_X3,race_aware
5022,1.3252631578947343,0.087464646,X2_to_X3,race_aware
2136,1.3252631578947343,0.11270824,X2_to_X3,race_aware
5313,1.3252631578947343,0.09235069,X2_to_X3,race_aware
5845,1.3252631578947343,0.059619993,X2_to_X3,race_aware
1458,1.3252631578947343,0.071077555,X2_to_X3,race_aware
3885,1.3252631578947343,0.13855815,X2_to_X3,race_aware
5669,1.3252631578947343,0.11270824,X2_to_X3,race_aware
2141,1.3252631578947343,0.08887771,X2_to_X3,race_aware
2475,1.3252631578947343,0.059619993,X2_to_X3,race_aware
3068,1.3252631578947343,0.08035402,X2_to_X3,race_aware
924,1.3252631578947343,0.17788708,X2_to_X3,race_aware
1724,1.3252631578947343,0.09431583,X2_to_X3,race_aware
4759,1.3252631578947343,0.11270824,X2_to_X3,race_aware
2540,1.3252631578947343,0.08124167,X2_to_X3,race_aware
4633,1.3252631578947343,0.17820746,X2_to_X3,race_aware
5419,1.3252631578947343,0.059619993,X2_to_X3,race_aware
745,1.3252631578947343,0.17820746,X2_to_X3,race_aware
598,1.3252631578947343,0.11270824,X2_to_X3,race_aware
5671,1.3252631578947343,0.17820746,X2_to_X3,race_aware
226,1.3252631578947343,0.13175333,X2_to_X3,race_aware
5836,1.3252631578947343,0.07685122,X2_to_X3,race_aware
1694,1.3252631578947343,0.06872913,X2_to_X3,race_aware
3077,1.3252631578947343,0.08127044,X2_to_X3,race_aware
3012,1.3252631578947343,0.17788708,X2_to_X3,race_aware
3196,1.3252631578947343,0.11270824,X2_to_X3,race_aware
6021,1.3252631578947343,0.0745576,X2_to_X3,race_aware
2718,1.3252631578947343,0.10070056,X2_to_X3,race_aware
3018,1.3252631578947343,0.08127044,X2_to_X3,race_aware
1203,1.3252631578947343,0.17820746,X2_to_X3,race_aware
4651,1.3252631578947343,0.11270824,X2_to_X3,race_aware
1073,1.3252631578947343,0.08127044,X2_to_X3,race_aware
3746,1.3252631578947343,0.08124167,X2_to_X3,race_aware
4984,1.3252631578947343,0.09619525,X2_to_X3,race_aware
1269,1.3252631578947343,0.15178475,X2_to_X3,race_aware
4432,1.3252631578947343,0.17820746,X2_to_X3,race_aware
5482,1.3252631578947343,0.059619993,X2_to_X3,race_aware
3638,1.3252631578947343,0.14711311,X2_to_X3,race_aware
1602,1.3252631578947343,0.13486004,X2_to_X3,race_aware
557,1.3252631578947343,0.08127044,X2_to_X3,race_aware
2279,1.3252631578947343,0.071077555,X2_to_X3,race_aware
443,1.3252631578947343,0.08124167,X2_to_X3,race_aware
6133,1.3252631578947343,0.17820746,X2_to_X3,race_aware
261,1.3252631578947343,0.059619993,X2_to_X3,race_aware
4770,1.3252631578947343,0.06724404,X2_to_X3,race_aware
3704,1.3252631578947343,0.11270824,X2_to_X3,race_aware
1304,1.3252631578947343,0.08127044,X2_to_X3,race_aware
4439,1.3252631578947343,0.087464646,X2_to_X3,race_aware
5513,1.3252631578947343,0.08124167,X2_to_X3,race_aware
4774,1.3252631578947343,0.08966011,X2_to_X3,race_aware
1977,1.3252631578947343,0.17820746,X2_to_X3,race_aware
3871,1.3252631578947343,0.11270824,X2_to_X3,race_aware
332,1.3252631578947343,0.11270824,X2_to_X3,race_aware
1685,1.3252631578947343,0.07119681,X2_to_X3,race_aware
229,1.3252631578947343,0.06724404,X2_to_X3,race_aware
4805,1.3252631578947343,0.11270824,X2_to_X3,race_aware
5527,1.3252631578947343,0.06653322,X2_to_X3,race_aware
2516,1.3252631578947343,0.08124167,X2_to_X3,race_aware
2933,1.3252631578947343,0.13790205,X2_to_X3,race_aware
1360,1.3252631578947343,0.13855815,X2_to_X3,race_aware
2698,1.3252631578947343,0.11270824,X2_to_X3,race_aware
1499,1.3252631578947343,0.17788708,X2_to_X3,race_aware
5005,1.3252631578947343,0.07119681,X2_to_X3,race_aware
719,1.3252631578947343,0.07685122,X2_to_X3,race_aware
433,1.3252631578947343,0.08887771,X2_to_X3,race_aware
1192,1.3252631578947343,0.07685122,X2_to_X3,race_aware
5570,1.3252631578947343,0.11270824,X2_to_X3,race_aware
2767,1.3252631578947343,0.11270824,X2_to_X3,race_aware
1527,1.3252631578947343,0.11270824,X2_to_X3,race_aware
3550,1.3252631578947343,0.06653322,X2_to_X3,race_aware
6147,1.3252631578947343,0.07685122,X2_to_X3,race_aware
4360,1.3252631578947343,0.06653322,X2_to_X3,race_aware
1884,1.3252631578947343,0.091334045,X2_to_X3,race_aware
4116,1.3252631578947343,0.08127044,X2_to_X3,race_aware
3797,1.3252631578947343,0.07685122,X2_to_X3,race_aware
1407,1.3252631578947343,0.06872913,X2_to_X3,race_aware
4630,1.3252631578947343,0.07119681,X2_to_X3,race_aware
4858,1.3252631578947343,0.08127044,X2_to_X3,race_aware
2985,1.3252631578947343,0.17788708,X2_to_X3,race_aware
6131,1.3252631578947343,0.059619993,X2_to_X3,race_aware
1280,1.3252631578947343,0.07119681,X2_to_X3,race_aware
398,1.3252631578947343,0.08127044,X2_to_X3,race_aware
2892,1.3252631578947343,0.11270824,X2_to_X3,race_aware
121,1.3252631578947343,0.08966011,X2_to_X3,race_aware
860,1.3252631578947343,0.11270824,X2_to_X3,race_aware
3589,1.3252631578947343,0.18129227,X2_to_X3,race_aware
320,1.3252631578947343,0.13821498,X2_to_X3,race_aware
2231,1.3252631578947343,0.08138636,X2_to_X3,race_aware
5049,1.3252631578947343,0.17820746,X2_to_X3,race_aware
5334,1.3252631578947343,0.11270824,X2_to_X3,race_aware
1780,1.3252631578947343,0.11270824,X2_to_X3,race_aware
3192,1.3252631578947343,0.14128545,X2_to_X3,race_aware
448,1.3252631578947343,0.11270824,X2_to_X3,race_aware
5640,1.3252631578947343,0.059619993,X2_to_X3,race_aware
3791,1.9878947368421014,0.15868375,X2_to_X3,race_aware
2963,1.9878947368421014,0.10062683,X2_to_X3,race_aware
2798,1.9878947368421014,0.10435709,X2_to_X3,race_aware
647,1.9878947368421014,0.09504457,X2_to_X3,race_aware
971,1.9878947368421014,0.2565522,X2_to_X3,race_aware
2190,1.9878947368421014,0.15868375,X2_to_X3,race_aware
1629,1.9878947368421014,0.12865315,X2_to_X3,race_aware
5022,1.9878947368421014,0.13153519,X2_to_X3,race_aware
2136,1.9878947368421014,0.15868375,X2_to_X3,race_aware
5313,1.9878947368421014,0.13063788,X2_to_X3,race_aware
5845,1.9878947368421014,0.100752175,X2_to_X3,race_aware
1458,1.9878947368421014,0.09298769,X2_to_X3,race_aware
3885,1.9878947368421014,0.20226604,X2_to_X3,race_aware
5669,1.9878947368421014,0.15868375,X2_to_X3,race_aware
2141,1.9878947368421014,0.13734925,X2_to_X3,race_aware
2475,1.9878947368421014,0.100752175,X2_to_X3,race_aware
3068,1.9878947368421014,0.113939196,X2_to_X3,race_aware
924,1.9878947368421014,0.24566299,X2_to_X3,race_aware
1724,1.9878947368421014,0.13669407,X2_to_X3,race_aware
4759,1.9878947368421014,0.15868375,X2_to_X3,race_aware
2540,1.9878947368421014,0.12974915,X2_to_X3,race_aware
4633,1.9878947368421014,0.2362743,X2_to_X3,race_aware
5419,1.9878947368421014,0.100752175,X2_to_X3,race_aware
745,1.9878947368421014,0.2362743,X2_to_X3,race_aware
598,1.9878947368421014,0.15868375,X2_to_X3,race_aware
5671,1.9878947368421014,0.2362743,X2_to_X3,race_aware
226,1.9878947368421014,0.18941164,X2_to_X3,race_aware
5836,1.9878947368421014,0.10062683,X2_to_X3,race_aware
1694,1.9878947368421014,0.10435709,X2_to_X3,race_aware
3077,1.9878947368421014,0.12865315,X2_to_X3,race_aware
3012,1.9878947368421014,0.24566299,X2_to_X3,race_aware
3196,1.9878947368421014,0.15868375,X2_to_X3,race_aware
6021,1.9878947368421014,0.09937681,X2_to_X3,race_aware
2718,1.9878947368421014,0.15346476,X2_to_X3,race_aware
3018,1.9878947368421014,0.12865315,X2_to_X3,race_aware
1203,1.9878947368421014,0.2362743,X2_to_X3,race_aware
4651,1.9878947368421014,0.15868375,X2_to_X3,race_aware
1073,1.9878947368421014,0.12865315,X2_to_X3,race_aware
3746,1.9878947368421014,0.12974915,X2_to_X3,race_aware
4984,1.9878947368421014,0.14212865,X2_to_X3,race_aware
1269,1.9878947368421014,0.21533996,X2_to_X3,race_aware
4432,1.9878947368421014,0.2362743,X2_to_X3,race_aware
5482,1.9878947368421014,0.100752175,X2_to_X3,race_aware
3638,1.9878947368421014,0.22983924,X2_to_X3,race_aware
1602,1.9878947368421014,0.18781483,X2_to_X3,race_aware
557,1.9878947368421014,0.12865315,X2_to_X3,race_aware
2279,1.9878947368421014,0.09298769,X2_to_X3,race_aware
443,1.9878947368421014,0.12974915,X2_to_X3,race_aware
6133,1.9878947368421014,0.2362743,X2_to_X3,race_aware
261,1.9878947368421014,0.100752175,X2_to_X3,race_aware
4770,1.9878947368421014,0.09504457,X2_to_X3,race_aware
3704,1.9878947368421014,0.15868375,X2_to_X3,race_aware
1304,1.9878947368421014,0.12865315,X2_to_X3,race_aware
4439,1.9878947368421014,0.13153519,X2_to_X3,race_aware
5513,1.9878947368421014,0.12974915,X2_to_X3,race_aware
4774,1.9878947368421014,0.13739398,X2_to_X3,race_aware
1977,1.9878947368421014,0.2362743,X2_to_X3,race_aware
3871,1.9878947368421014,0.15868375,X2_to_X3,race_aware
332,1.9878947368421014,0.15868375,X2_to_X3,race_aware
1685,1.9878947368421014,0.102811486,X2_to_X3,race_aware
229,1.9878947368421014,0.09504457,X2_to_X3,race_aware
4805,1.9878947368421014,0.15868375,X2_to_X3,race_aware
5527,1.9878947368421014,0.095045805,X2_to_X3,race_aware
2516,1.9878947368421014,0.12974915,X2_to_X3,race_aware
2933,1.9878947368421014,0.19845292,X2_to_X3,race_aware
1360,1.9878947368421014,0.20226604,X2_to_X3,race_aware
2698,1.9878947368421014,0.15868375,X2_to_X3,race_aware
1499,1.9878947368421014,0.24566299,X2_to_X3,race_aware
5005,1.9878947368421014,0.102811486,X2_to_X3,race_aware
719,1.9878947368421014,0.10062683,X2_to_X3,race_aware
433,1.9878947368421014,0.13734925,X2_to_X3,race_aware
1192,1.9878947368421014,0.10062683,X2_to_X3,race_aware
5570,1.9878947368421014,0.15868375,X2_to_X3,race_aware
2767,1.9878947368421014,0.15868375,X2_to_X3,race_aware
1527,1.9878947368421014,0.15868375,X2_to_X3,race_aware
3550,1.9878947368421014,0.095045805,X2_to_X3,race_aware
6147,1.9878947368421014,0.10062683,X2_to_X3,race_aware
4360,1.9878947368421014,0.095045805,X2_to_X3,race_aware
1884,1.9878947368421014,0.13804868,X2_to_X3,race_aware
4116,1.9878947368421014,0.12865315,X2_to_X3,race_aware
3797,1.9878947368421014,0.10062683,X2_to_X3,race_aware
1407,1.9878947368421014,0.10435709,X2_to_X3,race_aware
4630,1.9878947368421014,0.102811486,X2_to_X3,race_aware
4858,1.9878947368421014,0.12865315,X2_to_X3,race_aware
2985,1.9878947368421014,0.24566299,X2_to_X3,race_aware
6131,1.9878947368421014,0.100752175,X2_to_X3,race_aware
1280,1.9878947368421014,0.102811486,X2_to_X3,race_aware
398,1.9878947368421014,0.12865315,X2_to_X3,race_aware
2892,1.9878947368421014,0.15868375,X2_to_X3,race_aware
121,1.9878947368421014,0.13739398,X2_to_X3,race_aware
860,1.9878947368421014,0.15868375,X2_to_X3,race_aware
3589,1.9878947368421014,0.2565522,X2_to_X3,race_aware
320,1.9878947368421014,0.20919517,X2_to_X3,race_aware
2231,1.9878947368421014,0.11388332,X2_to_X3,race_aware
5049,1.9878947368421014,0.2362743,X2_to_X3,race_aware
5334,1.9878947368421014,0.15868375,X2_to_X3,race_aware
1780,1.9878947368421014,0.15868375,X2_to_X3,race_aware
3192,1.9878947368421014,0.20216474,X2_to_X3,race_aware
448,1.9878947368421014,0.15868375,X2_to_X3,race_aware
5640,1.9878947368421014,0.100752175,X2_to_X3,race_aware
3791,2.6505263157894685,0.2448225,X2_to_X3,race_aware
2963,2.6505263157894685,0.16155457,X2_to_X3,race_aware
2798,2.6505263157894685,0.15995035,X2_to_X3,race_aware
647,2.6505263157894685,0.14868729,X2_to_X3,race_aware
971,2.6505263157894685,0.32280472,X2_to_X3,race_aware
2190,2.6505263157894685,0.2448225,X2_to_X3,race_aware
1629,2.6505263157894685,0.20656715,X2_to_X3,race_aware
5022,2.6505263157894685,0.20561187,X2_to_X3,race_aware
2136,2.6505263157894685,0.2448225,X2_to_X3,race_aware
5313,2.6505263157894685,0.18650696,X2_to_X3,race_aware
5845,2.6505263157894685,0.1686287,X2_to_X3,race_aware
1458,2.6505263157894685,0.13908277,X2_to_X3,race_aware
3885,2.6505263157894685,0.27126712,X2_to_X3,race_aware
5669,2.6505263157894685,0.2448225,X2_to_X3,race_aware
2141,2.6505263157894685,0.1938827,X2_to_X3,race_aware
2475,2.6505263157894685,0.1686287,X2_to_X3,race_aware
3068,2.6505263157894685,0.15517959,X2_to_X3,race_aware
924,2.6505263157894685,0.30131233,X2_to_X3,race_aware
1724,2.6505263157894685,0.19722453,X2_to_X3,race_aware
4759,2.6505263157894685,0.2448225,X2_to_X3,race_aware
2540,2.6505263157894685,0.18044022,X2_to_X3,race_aware
4633,2.6505263157894685,0.29012626,X2_to_X3,race_aware
5419,2.6505263157894685,0.1686287,X2_to_X3,race_aware
745,2.6505263157894685,0.29012626,X2_to_X3,race_aware
598,2.6505263157894685,0.2448225,X2_to_X3,race_aware
5671,2.6505263157894685,0.29012626,X2_to_X3,race_aware
226,2.6505263157894685,0.25855726,X2_to_X3,race_aware
5836,2.6505263157894685,0.16155457,X2_to_X3,race_aware
1694,2.6505263157894685,0.15995035,X2_to_X3,race_aware
3077,2.6505263157894685,0.20656715,X2_to_X3,race_aware
3012,2.6505263157894685,0.30131233,X2_to_X3,race_aware
3196,2.6505263157894685,0.2448225,X2_to_X3,race_aware
6021,2.6505263157894685,0.14173222,X2_to_X3,race_aware
2718,2.6505263157894685,0.23374283,X2_to_X3,race_aware
3018,2.6505263157894685,0.20656715,X2_to_X3,race_aware
1203,2.6505263157894685,0.29012626,X2_to_X3,race_aware
4651,2.6505263157894685,0.2448225,X2_to_X3,race_aware
1073,2.6505263157894685,0.20656715,X2_to_X3,race_aware
3746,2.6505263157894685,0.18044022,X2_to_X3,race_aware
4984,2.6505263157894685,0.20735925,X2_to_X3,race_aware
1269,2.6505263157894685,0.3000965,X2_to_X3,race_aware
4432,2.6505263157894685,0.29012626,X2_to_X3,race_aware
5482,2.6505263157894685,0.1686287,X2_to_X3,race_aware
3638,2.6505263157894685,0.29915723,X2_to_X3,race_aware
1602,2.6505263157894685,0.25006753,X2_to_X3,race_aware
557,2.6505263157894685,0.20656715,X2_to_X3,race_aware
2279,2.6505263157894685,0.13908277,X2_to_X3,race_aware
443,2.6505263157894685,0.18044022,X2_to_X3,race_aware
6133,2.6505263157894685,0.29012626,X2_to_X3,race_aware
261,2.6505263157894685,0.1686287,X2_to_X3,race_aware
4770,2.6505263157894685,0.14868729,X2_to_X3,race_aware
3704,2.6505263157894685,0.2448225,X2_to_X3,race_aware
1304,2.6505263157894685,0.20656715,X2_to_X3,race_aware
4439,2.6505263157894685,0.20561187,X2_to_X3,race_aware
5513,2.6505263157894685,0.18044022,X2_to_X3,race_aware
4774,2.6505263157894685,0.206103,X2_to_X3,race_aware
1977,2.6505263157894685,0.29012626,X2_to_X3,race_aware
3871,2.6505263157894685,0.2448225,X2_to_X3,race_aware
332,2.6505263157894685,0.2448225,X2_to_X3,race_aware
1685,2.6505263157894685,0.14930443,X2_to_X3,race_aware
229,2.6505263157894685,0.14868729,X2_to_X3,race_aware
4805,2.6505263157894685,0.2448225,X2_to_X3,race_aware
5527,2.6505263157894685,0.15174133,X2_to_X3,race_aware
2516,2.6505263157894685,0.18044022,X2_to_X3,race_aware
2933,2.6505263157894685,0.2632673,X2_to_X3,race_aware
1360,2.6505263157894685,0.27126712,X2_to_X3,race_aware
2698,2.6505263157894685,0.2448225,X2_to_X3,race_aware
1499,2.6505263157894685,0.30131233,X2_to_X3,race_aware
5005,2.6505263157894685,0.14930443,X2_to_X3,race_aware
719,2.6505263157894685,0.16155457,X2_to_X3,race_aware
433,2.6505263157894685,0.1938827,X2_to_X3,race_aware
1192,2.6505263157894685,0.16155457,X2_to_X3,race_aware
5570,2.6505263157894685,0.2448225,X2_to_X3,race_aware
2767,2.6505263157894685,0.2448225,X2_to_X3,race_aware
1527,2.6505263157894685,0.2448225,X2_to_X3,race_aware
3550,2.6505263157894685,0.15174133,X2_to_X3,race_aware
6147,2.6505263157894685,0.16155457,X2_to_X3,race_aware
4360,2.6505263157894685,0.15174133,X2_to_X3,race_aware
1884,2.6505263157894685,0.19999385,X2_to_X3,race_aware
4116,2.6505263157894685,0.20656715,X2_to_X3,race_aware
3797,2.6505263157894685,0.16155457,X2_to_X3,race_aware
1407,2.6505263157894685,0.15995035,X2_to_X3,race_aware
4630,2.6505263157894685,0.14930443,X2_to_X3,race_aware
4858,2.6505263157894685,0.20656715,X2_to_X3,race_aware
2985,2.6505263157894685,0.30131233,X2_to_X3,race_aware
6131,2.6505263157894685,0.1686287,X2_to_X3,race_aware
1280,2.6505263157894685,0.14930443,X2_to_X3,race_aware
398,2.6505263157894685,0.20656715,X2_to_X3,race_aware
2892,2.6505263157894685,0.2448225,X2_to_X3,race_aware
121,2.6505263157894685,0.206103,X2_to_X3,race_aware
860,2.6505263157894685,0.2448225,X2_to_X3,race_aware
3589,2.6505263157894685,0.32280472,X2_to_X3,race_aware
320,2.6505263157894685,0.28315756,X2_to_X3,race_aware
2231,2.6505263157894685,0.16211629,X2_to_X3,race_aware
5049,2.6505263157894685,0.29012626,X2_to_X3,race_aware
5334,2.6505263157894685,0.2448225,X2_to_X3,race_aware
1780,2.6505263157894685,0.2448225,X2_to_X3,race_aware
3192,2.6505263157894685,0.2602506,X2_to_X3,race_aware
448,2.6505263157894685,0.2448225,X2_to_X3,race_aware
5640,2.6505263157894685,0.1686287,X2_to_X3,race_aware
3791,3.3131578947368356,0.30128956,X2_to_X3,race_aware
2963,3.3131578947368356,0.21141675,X2_to_X3,race_aware
2798,3.3131578947368356,0.20029485,X2_to_X3,race_aware
647,3.3131578947368356,0.18572898,X2_to_X3,race_aware
971,3.3131578947368356,0.3630729,X2_to_X3,race_aware
2190,3.3131578947368356,0.30128956,X2_to_X3,race_aware
1629,3.3131578947368356,0.2718959,X2_to_X3,race_aware
5022,3.3131578947368356,0.26719075,X2_to_X3,race_aware
2136,3.3131578947368356,0.30128956,X2_to_X3,race_aware
5313,3.3131578947368356,0.24148631,X2_to_X3,race_aware
5845,3.3131578947368356,0.22136804,X2_to_X3,race_aware
1458,3.3131578947368356,0.18211438,X2_to_X3,race_aware
3885,3.3131578947368356,0.31863415,X2_to_X3,race_aware
5669,3.3131578947368356,0.30128956,X2_to_X3,race_aware
2141,3.3131578947368356,0.24724802,X2_to_X3,race_aware
2475,3.3131578947368356,0.22136804,X2_to_X3,race_aware
3068,3.3131578947368356,0.19542906,X2_to_X3,race_aware
924,3.3131578947368356,0.34018886,X2_to_X3,race_aware
1724,3.3131578947368356,0.23679236,X2_to_X3,race_aware
4759,3.3131578947368356,0.30128956,X2_to_X3,race_aware
2540,3.3131578947368356,0.23752347,X2_to_X3,race_aware
4633,3.3131578947368356,0.32839108,X2_to_X3,race_aware
5419,3.3131578947368356,0.22136804,X2_to_X3,race_aware
745,3.3131578947368356,0.32839108,X2_to_X3,race_aware
598,3.3131578947368356,0.30128956,X2_to_X3,race_aware
5671,3.3131578947368356,0.32839108,X2_to_X3,race_aware
226,3.3131578947368356,0.30015332,X2_to_X3,race_aware
5836,3.3131578947368356,0.21141675,X2_to_X3,race_aware
1694,3.3131578947368356,0.20029485,X2_to_X3,race_aware
3077,3.3131578947368356,0.2718959,X2_to_X3,race_aware
3012,3.3131578947368356,0.34018886,X2_to_X3,race_aware
3196,3.3131578947368356,0.30128956,X2_to_X3,race_aware
6021,3.3131578947368356,0.18921855,X2_to_X3,race_aware
2718,3.3131578947368356,0.2968683,X2_to_X3,race_aware
3018,3.3131578947368356,0.2718959,X2_to_X3,race_aware
1203,3.3131578947368356,0.32839108,X2_to_X3,race_aware
4651,3.3131578947368356,0.30128956,X2_to_X3,race_aware
1073,3.3131578947368356,0.2718959,X2_to_X3,race_aware
3746,3.3131578947368356,0.23752347,X2_to_X3,race_aware
4984,3.3131578947368356,0.25782204,X2_to_X3,race_aware
1269,3.3131578947368356,0.3615229,X2_to_X3,race_aware
4432,3.3131578947368356,0.32839108,X2_to_X3,race_aware
5482,3.3131578947368356,0.22136804,X2_to_X3,race_aware
3638,3.3131578947368356,0.3541436,X2_to_X3,race_aware
1602,3.3131578947368356,0.29587013,X2_to_X3,race_aware
557,3.3131578947368356,0.2718959,X2_to_X3,race_aware
2279,3.3131578947368356,0.18211438,X2_to_X3,race_aware
443,3.3131578947368356,0.23752347,X2_to_X3,race_aware
6133,3.3131578947368356,0.32839108,X2_to_X3,race_aware
261,3.3131578947368356,0.22136804,X2_to_X3,race_aware
4770,3.3131578947368356,0.18572898,X2_to_X3,race_aware
3704,3.3131578947368356,0.30128956,X2_to_X3,race_aware
1304,3.3131578947368356,0.2718959,X2_to_X3,race_aware
4439,3.3131578947368356,0.26719075,X2_to_X3,race_aware
5513,3.3131578947368356,0.23752347,X2_to_X3,race_aware
4774,3.3131578947368356,0.25552318,X2_to_X3,race_aware
1977,3.3131578947368356,0.32839108,X2_to_X3,race_aware
3871,3.3131578947368356,0.30128956,X2_to_X3,race_aware
332,3.3131578947368356,0.30128956,X2_to_X3,race_aware
1685,3.3131578947368356,0.20171438,X2_to_X3,race_aware
229,3.3131578947368356,0.18572898,X2_to_X3,race_aware
4805,3.3131578947368356,0.30128956,X2_to_X3,race_aware
5527,3.3131578947368356,0.19741026,X2_to_X3,race_aware
2516,3.3131578947368356,0.23752347,X2_to_X3,race_aware
2933,3.3131578947368356,0.3078132,X2_to_X3,race_aware
1360,3.3131578947368356,0.31863415,X2_to_X3,race_aware
2698,3.3131578947368356,0.30128956,X2_to_X3,race_aware
1499,3.3131578947368356,0.34018886,X2_to_X3,race_aware
5005,3.3131578947368356,0.20171438,X2_to_X3,race_aware
719,3.3131578947368356,0.21141675,X2_to_X3,race_aware
433,3.3131578947368356,0.24724802,X2_to_X3,race_aware
1192,3.3131578947368356,0.21141675,X2_to_X3,race_aware
5570,3.3131578947368356,0.30128956,X2_to_X3,race_aware
2767,3.3131578947368356,0.30128956,X2_to_X3,race_aware
1527,3.3131578947368356,0.30128956,X2_to_X3,race_aware
3550,3.3131578947368356,0.19741026,X2_to_X3,race_aware
6147,3.3131578947368356,0.21141675,X2_to_X3,race_aware
4360,3.3131578947368356,0.19741026,X2_to_X3,race_aware
1884,3.3131578947368356,0.25518626,X2_to_X3,race_aware
4116,3.3131578947368356,0.2718959,X2_to_X3,race_aware
3797,3.3131578947368356,0.21141675,X2_to_X3,race_aware
1407,3.3131578947368356,0.20029485,X2_to_X3,race_aware
4630,3.3131578947368356,0.20171438,X2_to_X3,race_aware
4858,3.3131578947368356,0.2718959,X2_to_X3,race_aware
2985,3.3131578947368356,0.34018886,X2_to_X3,race_aware
6131,3.3131578947368356,0.22136804,X2_to_X3,race_aware
1280,3.3131578947368356,0.20171438,X2_to_X3,race_aware
398,3.3131578947368356,0.2718959,X2_to_X3,race_aware
2892,3.3131578947368356,0.30128956,X2_to_X3,race_aware
121,3.3131578947368356,0.25552318,X2_to_X3,race_aware
860,3.3131578947368356,0.30128956,X2_to_X3,race_aware
3589,3.3131578947368356,0.3630729,X2_to_X3,race_aware
320,3.3131578947368356,0.3288698,X2_to_X3,race_aware
2231,3.3131578947368356,0.20540226,X2_to_X3,race_aware
5049,3.3131578947368356,0.32839108,X2_to_X3,race_aware
5334,3.3131578947368356,0.30128956,X2_to_X3,race_aware
1780,3.3131578947368356,0.30128956,X2_to_X3,race_aware
3192,3.3131578947368356,0.30757305,X2_to_X3,race_aware
448,3.3131578947368356,0.30128956,X2_to_X3,race_aware
5640,3.3131578947368356,0.22136804,X2_to_X3,race_aware
3791,3.9757894736842028,0.32556206,X2_to_X3,race_aware
2963,3.9757894736842028,0.23527086,X2_to_X3,race_aware
2798,3.9757894736842028,0.22833529,X2_to_X3,race_aware
647,3.9757894736842028,0.20730536,X2_to_X3,race_aware
971,3.9757894736842028,0.3848985,X2_to_X3,race_aware
2190,3.9757894736842028,0.32556206,X2_to_X3,race_aware
1629,3.9757894736842028,0.3047402,X2_to_X3,race_aware
5022,3.9757894736842028,0.3043968,X2_to_X3,race_aware
2136,3.9757894736842028,0.32556206,X2_to_X3,race_aware
5313,3.9757894736842028,0.27537712,X2_to_X3,race_aware
5845,3.9757894736842028,0.26034755,X2_to_X3,race_aware
1458,3.9757894736842028,0.20894675,X2_to_X3,race_aware
3885,3.9757894736842028,0.33944976,X2_to_X3,race_aware
5669,3.9757894736842028,0.32556206,X2_to_X3,race_aware
2141,3.9757894736842028,0.28222516,X2_to_X3,race_aware
2475,3.9757894736842028,0.26034755,X2_to_X3,race_aware
3068,3.9757894736842028,0.23072448,X2_to_X3,race_aware
924,3.9757894736842028,0.35875398,X2_to_X3,race_aware
1724,3.9757894736842028,0.27191022,X2_to_X3,race_aware
4759,3.9757894736842028,0.32556206,X2_to_X3,race_aware
2540,3.9757894736842028,0.27190146,X2_to_X3,race_aware
4633,3.9757894736842028,0.349746,X2_to_X3,race_aware
5419,3.9757894736842028,0.26034755,X2_to_X3,race_aware
745,3.9757894736842028,0.349746,X2_to_X3,race_aware
598,3.9757894736842028,0.32556206,X2_to_X3,race_aware
5671,3.9757894736842028,0.349746,X2_to_X3,race_aware
226,3.9757894736842028,0.3243327,X2_to_X3,race_aware
5836,3.9757894736842028,0.23527086,X2_to_X3,race_aware
1694,3.9757894736842028,0.22833529,X2_to_X3,race_aware
3077,3.9757894736842028,0.3047402,X2_to_X3,race_aware
3012,3.9757894736842028,0.35875398,X2_to_X3,race_aware
3196,3.9757894736842028,0.32556206,X2_to_X3,race_aware
6021,3.9757894736842028,0.21686983,X2_to_X3,race_aware
2718,3.9757894736842028,0.32772765,X2_to_X3,race_aware
3018,3.9757894736842028,0.3047402,X2_to_X3,race_aware
1203,3.9757894736842028,0.349746,X2_to_X3,race_aware
4651,3.9757894736842028,0.32556206,X2_to_X3,race_aware
1073,3.9757894736842028,0.3047402,X2_to_X3,race_aware
3746,3.9757894736842028,0.27190146,X2_to_X3,race_aware
4984,3.9757894736842028,0.29365873,X2_to_X3,race_aware
1269,3.9757894736842028,0.39382052,X2_to_X3,race_aware
4432,3.9757894736842028,0.349746,X2_to_X3,race_aware
5482,3.9757894736842028,0.26034755,X2_to_X3,race_aware
3638,3.9757894736842028,0.38066372,X2_to_X3,race_aware
1602,3.9757894736842028,0.31831002,X2_to_X3,race_aware
557,3.9757894736842028,0.3047402,X2_to_X3,race_aware
2279,3.9757894736842028,0.20894675,X2_to_X3,race_aware
443,3.9757894736842028,0.27190146,X2_to_X3,race_aware
6133,3.9757894736842028,0.349746,X2_to_X3,race_aware
261,3.9757894736842028,0.26034755,X2_to_X3,race_aware
4770,3.9757894736842028,0.20730536,X2_to_X3,race_aware
3704,3.9757894736842028,0.32556206,X2_to_X3,race_aware
1304,3.9757894736842028,0.3047402,X2_to_X3,race_aware
4439,3.9757894736842028,0.3043968,X2_to_X3,race_aware
5513,3.9757894736842028,0.27190146,X2_to_X3,race_aware
4774,3.9757894736842028,0.28583604,X2_to_X3,race_aware
1977,3.9757894736842028,0.349746,X2_to_X3,race_aware
3871,3.9757894736842028,0.32556206,X2_to_X3,race_aware
332,3.9757894736842028,0.32556206,X2_to_X3,race_aware
1685,3.9757894736842028,0.2276092,X2_to_X3,race_aware
229,3.9757894736842028,0.20730536,X2_to_X3,race_aware
4805,3.9757894736842028,0.32556206,X2_to_X3,race_aware
5527,3.9757894736842028,0.22247693,X2_to_X3,race_aware
2516,3.9757894736842028,0.27190146,X2_to_X3,race_aware
2933,3.9757894736842028,0.33766618,X2_to_X3,race_aware
1360,3.9757894736842028,0.33944976,X2_to_X3,race_aware
2698,3.9757894736842028,0.32556206,X2_to_X3,race_aware
1499,3.9757894736842028,0.35875398,X2_to_X3,race_aware
5005,3.9757894736842028,0.2276092,X2_to_X3,race_aware
719,3.9757894736842028,0.23527086,X2_to_X3,race_aware
433,3.9757894736842028,0.28222516,X2_to_X3,race_aware
1192,3.9757894736842028,0.23527086,X2_to_X3,race_aware
5570,3.9757894736842028,0.32556206,X2_to_X3,race_aware
2767,3.9757894736842028,0.32556206,X2_to_X3,race_aware
1527,3.9757894736842028,0.32556206,X2_to_X3,race_aware
3550,3.9757894736842028,0.22247693,X2_to_X3,race_aware
6147,3.9757894736842028,0.23527086,X2_to_X3,race_aware
4360,3.9757894736842028,0.22247693,X2_to_X3,race_aware
1884,3.9757894736842028,0.28966787,X2_to_X3,race_aware
4116,3.9757894736842028,0.3047402,X2_to_X3,race_aware
3797,3.9757894736842028,0.23527086,X2_to_X3,race_aware
1407,3.9757894736842028,0.22833529,X2_to_X3,race_aware
4630,3.9757894736842028,0.2276092,X2_to_X3,race_aware
4858,3.9757894736842028,0.3047402,X2_to_X3,race_aware
2985,3.9757894736842028,0.35875398,X2_to_X3,race_aware
6131,3.9757894736842028,0.26034755,X2_to_X3,race_aware
1280,3.9757894736842028,0.2276092,X2_to_X3,race_aware
398,3.9757894736842028,0.3047402,X2_to_X3,race_aware
2892,3.9757894736842028,0.32556206,X2_to_X3,race_aware
121,3.9757894736842028,0.28583604,X2_to_X3,race_aware
860,3.9757894736842028,0.32556206,X2_to_X3,race_aware
3589,3.9757894736842028,0.3848985,X2_to_X3,race_aware
320,3.9757894736842028,0.3522143,X2_to_X3,race_aware
2231,3.9757894736842028,0.23400944,X2_to_X3,race_aware
5049,3.9757894736842028,0.349746,X2_to_X3,race_aware
5334,3.9757894736842028,0.32556206,X2_to_X3,race_aware
1780,3.9757894736842028,0.32556206,X2_to_X3,race_aware
3192,3.9757894736842028,0.33375177,X2_to_X3,race_aware
448,3.9757894736842028,0.32556206,X2_to_X3,race_aware
5640,3.9757894736842028,0.26034755,X2_to_X3,race_aware
3791,4.6384210526315695,0.35241824,X2_to_X3,race_aware
2963,4.6384210526315695,0.26923212,X2_to_X3,race_aware
2798,4.6384210526315695,0.26320732,X2_to_X3,race_aware
647,4.6384210526315695,0.25486064,X2_to_X3,race_aware
971,4.6384210526315695,0.4060916,X2_to_X3,race_aware
2190,4.6384210526315695,0.35241824,X2_to_X3,race_aware
1629,4.6384210526315695,0.3362559,X2_to_X3,race_aware
5022,4.6384210526315695,0.34047163,X2_to_X3,race_aware
2136,4.6384210526315695,0.35241824,X2_to_X3,race_aware
5313,4.6384210526315695,0.30601677,X2_to_X3,race_aware
5845,4.6384210526315695,0.29902804,X2_to_X3,race_aware
1458,4.6384210526315695,0.24652265,X2_to_X3,race_aware
3885,4.6384210526315695,0.35605228,X2_to_X3,race_aware
5669,4.6384210526315695,0.35241824,X2_to_X3,race_aware
2141,4.6384210526315695,0.31445643,X2_to_X3,race_aware
2475,4.6384210526315695,0.29902804,X2_to_X3,race_aware
3068,4.6384210526315695,0.26133868,X2_to_X3,race_aware
924,4.6384210526315695,0.37142462,X2_to_X3,race_aware
1724,4.6384210526315695,0.30689558,X2_to_X3,race_aware
4759,4.6384210526315695,0.35241824,X2_to_X3,race_aware
2540,4.6384210526315695,0.3079408,X2_to_X3,race_aware
4633,4.6384210526315695,0.36342794,X2_to_X3,race_aware
5419,4.6384210526315695,0.29902804,X2_to_X3,race_aware
745,4.6384210526315695,0.36342794,X2_to_X3,race_aware
598,4.6384210526315695,0.35241824,X2_to_X3,race_aware
5671,4.6384210526315695,0.36342794,X2_to_X3,race_aware
226,4.6384210526315695,0.34589672,X2_to_X3,race_aware
5836,4.6384210526315695,0.26923212,X2_to_X3,race_aware
1694,4.6384210526315695,0.26320732,X2_to_X3,race_aware
3077,4.6384210526315695,0.3362559,X2_to_X3,race_aware
3012,4.6384210526315695,0.37142462,X2_to_X3,race_aware
3196,4.6384210526315695,0.35241824,X2_to_X3,race_aware
6021,4.6384210526315695,0.2557777,X2_to_X3,race_aware
2718,4.6384210526315695,0.36190864,X2_to_X3,race_aware
3018,4.6384210526315695,0.3362559,X2_to_X3,race_aware
1203,4.6384210526315695,0.36342794,X2_to_X3,race_aware
4651,4.6384210526315695,0.35241824,X2_to_X3,race_aware
1073,4.6384210526315695,0.3362559,X2_to_X3,race_aware
3746,4.6384210526315695,0.3079408,X2_to_X3,race_aware
4984,4.6384210526315695,0.331007,X2_to_X3,race_aware
1269,4.6384210526315695,0.41483223,X2_to_X3,race_aware
4432,4.6384210526315695,0.36342794,X2_to_X3,race_aware
5482,4.6384210526315695,0.29902804,X2_to_X3,race_aware
3638,4.6384210526315695,0.40271798,X2_to_X3,race_aware
1602,4.6384210526315695,0.33803618,X2_to_X3,race_aware
557,4.6384210526315695,0.3362559,X2_to_X3,race_aware
2279,4.6384210526315695,0.24652265,X2_to_X3,race_aware
443,4.6384210526315695,0.3079408,X2_to_X3,race_aware
6133,4.6384210526315695,0.36342794,X2_to_X3,race_aware
261,4.6384210526315695,0.29902804,X2_to_X3,race_aware
4770,4.6384210526315695,0.25486064,X2_to_X3,race_aware
3704,4.6384210526315695,0.35241824,X2_to_X3,race_aware
1304,4.6384210526315695,0.3362559,X2_to_X3,race_aware
4439,4.6384210526315695,0.34047163,X2_to_X3,race_aware
5513,4.6384210526315695,0.3079408,X2_to_X3,race_aware
4774,4.6384210526315695,0.32500315,X2_to_X3,race_aware
1977,4.6384210526315695,0.36342794,X2_to_X3,race_aware
3871,4.6384210526315695,0.35241824,X2_to_X3,race_aware
332,4.6384210526315695,0.35241824,X2_to_X3,race_aware
1685,4.6384210526315695,0.26626188,X2_to_X3,race_aware
229,4.6384210526315695,0.25486064,X2_to_X3,race_aware
4805,4.6384210526315695,0.35241824,X2_to_X3,race_aware
5527,4.6384210526315695,0.2523456,X2_to_X3,race_aware
2516,4.6384210526315695,0.3079408,X2_to_X3,race_aware
2933,4.6384210526315695,0.3568606,X2_to_X3,race_aware
1360,4.6384210526315695,0.35605228,X2_to_X3,race_aware
2698,4.6384210526315695,0.35241824,X2_to_X3,race_aware
1499,4.6384210526315695,0.37142462,X2_to_X3,race_aware
5005,4.6384210526315695,0.26626188,X2_to_X3,race_aware
719,4.6384210526315695,0.26923212,X2_to_X3,race_aware
433,4.6384210526315695,0.31445643,X2_to_X3,race_aware
1192,4.6384210526315695,0.26923212,X2_to_X3,race_aware
5570,4.6384210526315695,0.35241824,X2_to_X3,race_aware
2767,4.6384210526315695,0.35241824,X2_to_X3,race_aware
1527,4.6384210526315695,0.35241824,X2_to_X3,race_aware
3550,4.6384210526315695,0.2523456,X2_to_X3,race_aware
6147,4.6384210526315695,0.26923212,X2_to_X3,race_aware
4360,4.6384210526315695,0.2523456,X2_to_X3,race_aware
1884,4.6384210526315695,0.326008,X2_to_X3,race_aware
4116,4.6384210526315695,0.3362559,X2_to_X3,race_aware
3797,4.6384210526315695,0.26923212,X2_to_X3,race_aware
1407,4.6384210526315695,0.26320732,X2_to_X3,race_aware
4630,4.6384210526315695,0.26626188,X2_to_X3,race_aware
4858,4.6384210526315695,0.3362559,X2_to_X3,race_aware
2985,4.6384210526315695,0.37142462,X2_to_X3,race_aware
6131,4.6384210526315695,0.29902804,X2_to_X3,race_aware
1280,4.6384210526315695,0.26626188,X2_to_X3,race_aware
398,4.6384210526315695,0.3362559,X2_to_X3,race_aware
2892,4.6384210526315695,0.35241824,X2_to_X3,race_aware
121,4.6384210526315695,0.32500315,X2_to_X3,race_aware
860,4.6384210526315695,0.35241824,X2_to_X3,race_aware
3589,4.6384210526315695,0.4060916,X2_to_X3,race_aware
320,4.6384210526315695,0.36751178,X2_to_X3,race_aware
2231,4.6384210526315695,0.2607011,X2_to_X3,race_aware
5049,4.6384210526315695,0.36342794,X2_to_X3,race_aware
5334,4.6384210526315695,0.35241824,X2_to_X3,race_aware
1780,4.6384210526315695,0.35241824,X2_to_X3,race_aware
3192,4.6384210526315695,0.35494676,X2_to_X3,race_aware
448,4.6384210526315695,0.35241824,X2_to_X3,race_aware
5640,4.6384210526315695,0.29902804,X2_to_X3,race_aware
3791,5.301052631578937,0.38372827,X2_to_X3,race_aware
2963,5.301052631578937,0.30295345,X2_to_X3,race_aware
2798,5.301052631578937,0.30099127,X2_to_X3,race_aware
647,5.301052631578937,0.2854619,X2_to_X3,race_aware
971,5.301052631578937,0.41379043,X2_to_X3,race_aware
2190,5.301052631578937,0.38372827,X2_to_X3,race_aware
1629,5.301052631578937,0.36886472,X2_to_X3,race_aware
5022,5.301052631578937,0.37868744,X2_to_X3,race_aware
2136,5.301052631578937,0.38372827,X2_to_X3,race_aware
5313,5.301052631578937,0.34120753,X2_to_X3,race_aware
5845,5.301052631578937,0.3348316,X2_to_X3,race_aware
1458,5.301052631578937,0.27071697,X2_to_X3,race_aware
3885,5.301052631578937,0.37561238,X2_to_X3,race_aware
5669,5.301052631578937,0.38372827,X2_to_X3,race_aware
2141,5.301052631578937,0.3425046,X2_to_X3,race_aware
2475,5.301052631578937,0.3348316,X2_to_X3,race_aware
3068,5.301052631578937,0.29350442,X2_to_X3,race_aware
924,5.301052631578937,0.38460577,X2_to_X3,race_aware
1724,5.301052631578937,0.33615223,X2_to_X3,race_aware
4759,5.301052631578937,0.38372827,X2_to_X3,race_aware
2540,5.301052631578937,0.34144244,X2_to_X3,race_aware
4633,5.301052631578937,0.37236804,X2_to_X3,race_aware
5419,5.301052631578937,0.3348316,X2_to_X3,race_aware
745,5.301052631578937,0.37236804,X2_to_X3,race_aware
598,5.301052631578937,0.38372827,X2_to_X3,race_aware
5671,5.301052631578937,0.37236804,X2_to_X3,race_aware
226,5.301052631578937,0.36207777,X2_to_X3,race_aware
5836,5.301052631578937,0.30295345,X2_to_X3,race_aware
1694,5.301052631578937,0.30099127,X2_to_X3,race_aware
3077,5.301052631578937,0.36886472,X2_to_X3,race_aware
3012,5.301052631578937,0.38460577,X2_to_X3,race_aware
3196,5.301052631578937,0.38372827,X2_to_X3,race_aware
6021,5.301052631578937,0.2889337,X2_to_X3,race_aware
2718,5.301052631578937,0.39979932,X2_to_X3,race_aware
3018,5.301052631578937,0.36886472,X2_to_X3,race_aware
1203,5.301052631578937,0.37236804,X2_to_X3,race_aware
4651,5.301052631578937,0.38372827,X2_to_X3,race_aware
1073,5.301052631578937,0.36886472,X2_to_X3,race_aware
3746,5.301052631578937,0.34144244,X2_to_X3,race_aware
4984,5.301052631578937,0.35593092,X2_to_X3,race_aware
1269,5.301052631578937,0.43750077,X2_to_X3,race_aware
4432,5.301052631578937,0.37236804,X2_to_X3,race_aware
5482,5.301052631578937,0.3348316,X2_to_X3,race_aware
3638,5.301052631578937,0.43018833,X2_to_X3,race_aware
1602,5.301052631578937,0.35324913,X2_to_X3,race_aware
557,5.301052631578937,0.36886472,X2_to_X3,race_aware
2279,5.301052631578937,0.27071697,X2_to_X3,race_aware
443,5.301052631578937,0.34144244,X2_to_X3,race_aware
6133,5.301052631578937,0.37236804,X2_to_X3,race_aware
261,5.301052631578937,0.3348316,X2_to_X3,race_aware
4770,5.301052631578937,0.2854619,X2_to_X3,race_aware
3704,5.301052631578937,0.38372827,X2_to_X3,race_aware
1304,5.301052631578937,0.36886472,X2_to_X3,race_aware
4439,5.301052631578937,0.37868744,X2_to_X3,race_aware
5513,5.301052631578937,0.34144244,X2_to_X3,race_aware
4774,5.301052631578937,0.36298585,X2_to_X3,race_aware
1977,5.301052631578937,0.37236804,X2_to_X3,race_aware
3871,5.301052631578937,0.38372827,X2_to_X3,race_aware
332,5.301052631578937,0.38372827,X2_to_X3,race_aware
1685,5.301052631578937,0.29946506,X2_to_X3,race_aware
229,5.301052631578937,0.2854619,X2_to_X3,race_aware
4805,5.301052631578937,0.38372827,X2_to_X3,race_aware
5527,5.301052631578937,0.2923193,X2_to_X3,race_aware
2516,5.301052631578937,0.34144244,X2_to_X3,race_aware
2933,5.301052631578937,0.37365696,X2_to_X3,race_aware
1360,5.301052631578937,0.37561238,X2_to_X3,race_aware
2698,5.301052631578937,0.38372827,X2_to_X3,race_aware
1499,5.301052631578937,0.38460577,X2_to_X3,race_aware
5005,5.301052631578937,0.29946506,X2_to_X3,race_aware
719,5.301052631578937,0.30295345,X2_to_X3,race_aware
433,5.301052631578937,0.3425046,X2_to_X3,race_aware
1192,5.301052631578937,0.30295345,X2_to_X3,race_aware
5570,5.301052631578937,0.38372827,X2_to_X3,race_aware
2767,5.301052631578937,0.38372827,X2_to_X3,race_aware
1527,5.301052631578937,0.38372827,X2_to_X3,race_aware
3550,5.301052631578937,0.2923193,X2_to_X3,race_aware
6147,5.301052631578937,0.30295345,X2_to_X3,race_aware
4360,5.301052631578937,0.2923193,X2_to_X3,race_aware
1884,5.301052631578937,0.3667207,X2_to_X3,race_aware
4116,5.301052631578937,0.36886472,X2_to_X3,race_aware
3797,5.301052631578937,0.30295345,X2_to_X3,race_aware
1407,5.301052631578937,0.30099127,X2_to_X3,race_aware
4630,5.301052631578937,0.29946506,X2_to_X3,race_aware
4858,5.301052631578937,0.36886472,X2_to_X3,race_aware
2985,5.301052631578937,0.38460577,X2_to_X3,race_aware
6131,5.301052631578937,0.3348316,X2_to_X3,race_aware
1280,5.301052631578937,0.29946506,X2_to_X3,race_aware
398,5.301052631578937,0.36886472,X2_to_X3,race_aware
2892,5.301052631578937,0.38372827,X2_to_X3,race_aware
121,5.301052631578937,0.36298585,X2_to_X3,race_aware
860,5.301052631578937,0.38372827,X2_to_X3,race_aware
3589,5.301052631578937,0.41379043,X2_to_X3,race_aware
320,5.301052631578937,0.38959536,X2_to_X3,race_aware
2231,5.301052631578937,0.3082964,X2_to_X3,race_aware
5049,5.301052631578937,0.37236804,X2_to_X3,race_aware
5334,5.301052631578937,0.38372827,X2_to_X3,race_aware
1780,5.301052631578937,0.38372827,X2_to_X3,race_aware
3192,5.301052631578937,0.3759146,X2_to_X3,race_aware
448,5.301052631578937,0.38372827,X2_to_X3,race_aware
5640,5.301052631578937,0.3348316,X2_to_X3,race_aware
3791,5.963684210526305,0.40943855,X2_to_X3,race_aware
2963,5.963684210526305,0.3359669,X2_to_X3,race_aware
2798,5.963684210526305,0.33377436,X2_to_X3,race_aware
647,5.963684210526305,0.31269854,X2_to_X3,race_aware
971,5.963684210526305,0.4355099,X2_to_X3,race_aware
2190,5.963684210526305,0.40943855,X2_to_X3,race_aware
1629,5.963684210526305,0.40232038,X2_to_X3,race_aware
5022,5.963684210526305,0.40776837,X2_to_X3,race_aware
2136,5.963684210526305,0.40943855,X2_to_X3,race_aware
5313,5.963684210526305,0.37133643,X2_to_X3,race_aware
5845,5.963684210526305,0.36296976,X2_to_X3,race_aware
1458,5.963684210526305,0.305813,X2_to_X3,race_aware
3885,5.963684210526305,0.39801866,X2_to_X3,race_aware
5669,5.963684210526305,0.40943855,X2_to_X3,race_aware
2141,5.963684210526305,0.37771395,X2_to_X3,race_aware
2475,5.963684210526305,0.36296976,X2_to_X3,race_aware
3068,5.963684210526305,0.3092163,X2_to_X3,race_aware
924,5.963684210526305,0.39677274,X2_to_X3,race_aware
1724,5.963684210526305,0.3724152,X2_to_X3,race_aware
4759,5.963684210526305,0.40943855,X2_to_X3,race_aware
2540,5.963684210526305,0.36226222,X2_to_X3,race_aware
4633,5.963684210526305,0.38591892,X2_to_X3,race_aware
5419,5.963684210526305,0.36296976,X2_to_X3,race_aware
745,5.963684210526305,0.38591892,X2_to_X3,race_aware
598,5.963684210526305,0.40943855,X2_to_X3,race_aware
5671,5.963684210526305,0.38591892,X2_to_X3,race_aware
226,5.963684210526305,0.37939095,X2_to_X3,race_aware
5836,5.963684210526305,0.3359669,X2_to_X3,race_aware
1694,5.963684210526305,0.33377436,X2_to_X3,race_aware
3077,5.963684210526305,0.40232038,X2_to_X3,race_aware
3012,5.963684210526305,0.39677274,X2_to_X3,race_aware
3196,5.963684210526305,0.40943855,X2_to_X3,race_aware
6021,5.963684210526305,0.31466514,X2_to_X3,race_aware
2718,5.963684210526305,0.4248607,X2_to_X3,race_aware
3018,5.963684210526305,0.40232038,X2_to_X3,race_aware
1203,5.963684210526305,0.38591892,X2_to_X3,race_aware
4651,5.963684210526305,0.40943855,X2_to_X3,race_aware
1073,5.963684210526305,0.40232038,X2_to_X3,race_aware
3746,5.963684210526305,0.36226222,X2_to_X3,race_aware
4984,5.963684210526305,0.38916123,X2_to_X3,race_aware
1269,5.963684210526305,0.46312654,X2_to_X3,race_aware
4432,5.963684210526305,0.38591892,X2_to_X3,race_aware
5482,5.963684210526305,0.36296976,X2_to_X3,race_aware
3638,5.963684210526305,0.44891897,X2_to_X3,race_aware
1602,5.963684210526305,0.3725255,X2_to_X3,race_aware
557,5.963684210526305,0.40232038,X2_to_X3,race_aware
2279,5.963684210526305,0.305813,X2_to_X3,race_aware
443,5.963684210526305,0.36226222,X2_to_X3,race_aware
6133,5.963684210526305,0.38591892,X2_to_X3,race_aware
261,5.963684210526305,0.36296976,X2_to_X3,race_aware
4770,5.963684210526305,0.31269854,X2_to_X3,race_aware
3704,5.963684210526305,0.40943855,X2_to_X3,race_aware
1304,5.963684210526305,0.40232038,X2_to_X3,race_aware
4439,5.963684210526305,0.40776837,X2_to_X3,race_aware
5513,5.963684210526305,0.36226222,X2_to_X3,race_aware
4774,5.963684210526305,0.39212614,X2_to_X3,race_aware
1977,5.963684210526305,0.38591892,X2_to_X3,race_aware
3871,5.963684210526305,0.40943855,X2_to_X3,race_aware
332,5.963684210526305,0.40943855,X2_to_X3,race_aware
1685,5.963684210526305,0.32724112,X2_to_X3,race_aware
229,5.963684210526305,0.31269854,X2_to_X3,race_aware
4805,5.963684210526305,0.40943855,X2_to_X3,race_aware
5527,5.963684210526305,0.31735677,X2_to_X3,race_aware
2516,5.963684210526305,0.36226222,X2_to_X3,race_aware
2933,5.963684210526305,0.39366058,X2_to_X3,race_aware
1360,5.963684210526305,0.39801866,X2_to_X3,race_aware
2698,5.963684210526305,0.40943855,X2_to_X3,race_aware
1499,5.963684210526305,0.39677274,X2_to_X3,race_aware
5005,5.963684210526305,0.32724112,X2_to_X3,race_aware
719,5.963684210526305,0.3359669,X2_to_X3,race_aware
433,5.963684210526305,0.37771395,X2_to_X3,race_aware
1192,5.963684210526305,0.3359669,X2_to_X3,race_aware
5570,5.963684210526305,0.40943855,X2_to_X3,race_aware
2767,5.963684210526305,0.40943855,X2_to_X3,race_aware
1527,5.963684210526305,0.40943855,X2_to_X3,race_aware
3550,5.963684210526305,0.31735677,X2_to_X3,race_aware
6147,5.963684210526305,0.3359669,X2_to_X3,race_aware
4360,5.963684210526305,0.31735677,X2_to_X3,race_aware
1884,5.963684210526305,0.3896437,X2_to_X3,race_aware
4116,5.963684210526305,0.40232038,X2_to_X3,race_aware
3797,5.963684210526305,0.3359669,X2_to_X3,race_aware
1407,5.963684210526305,0.33377436,X2_to_X3,race_aware
4630,5.963684210526305,0.32724112,X2_to_X3,race_aware
4858,5.963684210526305,0.40232038,X2_to_X3,race_aware
2985,5.963684210526305,0.39677274,X2_to_X3,race_aware
6131,5.963684210526305,0.36296976,X2_to_X3,race_aware
1280,5.963684210526305,0.32724112,X2_to_X3,race_aware
398,5.963684210526305,0.40232038,X2_to_X3,race_aware
2892,5.963684210526305,0.40943855,X2_to_X3,race_aware
121,5.963684210526305,0.39212614,X2_to_X3,race_aware
860,5.963684210526305,0.40943855,X2_to_X3,race_aware
3589,5.963684210526305,0.4355099,X2_to_X3,race_aware
320,5.963684210526305,0.4112858,X2_to_X3,race_aware
2231,5.963684210526305,0.33122084,X2_to_X3,race_aware
5049,5.963684210526305,0.38591892,X2_to_X3,race_aware
5334,5.963684210526305,0.40943855,X2_to_X3,race_aware
1780,5.963684210526305,0.40943855,X2_to_X3,race_aware
3192,5.963684210526305,0.39632216,X2_to_X3,race_aware
448,5.963684210526305,0.40943855,X2_to_X3,race_aware
5640,5.963684210526305,0.36296976,X2_to_X3,race_aware
3791,6.626315789473671,0.43808872,X2_to_X3,race_aware
2963,6.626315789473671,0.35994205,X2_to_X3,race_aware
2798,6.626315789473671,0.36107633,X2_to_X3,race_aware
647,6.626315789473671,0.34879822,X2_to_X3,race_aware
971,6.626315789473671,0.45123217,X2_to_X3,race_aware
2190,6.626315789473671,0.43808872,X2_to_X3,race_aware
1629,6.626315789473671,0.42584622,X2_to_X3,race_aware
5022,6.626315789473671,0.43947065,X2_to_X3,race_aware
2136,6.626315789473671,0.43808872,X2_to_X3,race_aware
5313,6.626315789473671,0.39239487,X2_to_X3,race_aware
5845,6.626315789473671,0.3887174,X2_to_X3,race_aware
1458,6.626315789473671,0.3331619,X2_to_X3,race_aware
3885,6.626315789473671,0.4096833,X2_to_X3,race_aware
5669,6.626315789473671,0.43808872,X2_to_X3,race_aware
2141,6.626315789473671,0.39668414,X2_to_X3,race_aware
2475,6.626315789473671,0.3887174,X2_to_X3,race_aware
3068,6.626315789473671,0.33885863,X2_to_X3,race_aware
924,6.626315789473671,0.40991974,X2_to_X3,race_aware
1724,6.626315789473671,0.38662335,X2_to_X3,race_aware
4759,6.626315789473671,0.43808872,X2_to_X3,race_aware
2540,6.626315789473671,0.3838528,X2_to_X3,race_aware
4633,6.626315789473671,0.39607847,X2_to_X3,race_aware
5419,6.626315789473671,0.3887174,X2_to_X3,race_aware
745,6.626315789473671,0.39607847,X2_to_X3,race_aware
598,6.626315789473671,0.43808872,X2_to_X3,race_aware
5671,6.626315789473671,0.39607847,X2_to_X3,race_aware
226,6.626315789473671,0.39685327,X2_to_X3,race_aware
5836,6.626315789473671,0.35994205,X2_to_X3,race_aware
1694,6.626315789473671,0.36107633,X2_to_X3,race_aware
3077,6.626315789473671,0.42584622,X2_to_X3,race_aware
3012,6.626315789473671,0.40991974,X2_to_X3,race_aware
3196,6.626315789473671,0.43808872,X2_to_X3,race_aware
6021,6.626315789473671,0.35454035,X2_to_X3,race_aware
2718,6.626315789473671,0.44760832,X2_to_X3,race_aware
3018,6.626315789473671,0.42584622,X2_to_X3,race_aware
1203,6.626315789473671,0.39607847,X2_to_X3,race_aware
4651,6.626315789473671,0.43808872,X2_to_X3,race_aware
1073,6.626315789473671,0.42584622,X2_to_X3,race_aware
3746,6.626315789473671,0.3838528,X2_to_X3,race_aware
4984,6.626315789473671,0.4167602,X2_to_X3,race_aware
1269,6.626315789473671,0.48439872,X2_to_X3,race_aware
4432,6.626315789473671,0.39607847,X2_to_X3,race_aware
5482,6.626315789473671,0.3887174,X2_to_X3,race_aware
3638,6.626315789473671,0.4703488,X2_to_X3,race_aware
1602,6.626315789473671,0.38839424,X2_to_X3,race_aware
557,6.626315789473671,0.42584622,X2_to_X3,race_aware
2279,6.626315789473671,0.3331619,X2_to_X3,race_aware
443,6.626315789473671,0.3838528,X2_to_X3,race_aware
6133,6.626315789473671,0.39607847,X2_to_X3,race_aware
261,6.626315789473671,0.3887174,X2_to_X3,race_aware
4770,6.626315789473671,0.34879822,X2_to_X3,race_aware
3704,6.626315789473671,0.43808872,X2_to_X3,race_aware
1304,6.626315789473671,0.42584622,X2_to_X3,race_aware
4439,6.626315789473671,0.43947065,X2_to_X3,race_aware
5513,6.626315789473671,0.3838528,X2_to_X3,race_aware
4774,6.626315789473671,0.4150294,X2_to_X3,race_aware
1977,6.626315789473671,0.39607847,X2_to_X3,race_aware
3871,6.626315789473671,0.43808872,X2_to_X3,race_aware
332,6.626315789473671,0.43808872,X2_to_X3,race_aware
1685,6.626315789473671,0.3506263,X2_to_X3,race_aware
229,6.626315789473671,0.34879822,X2_to_X3,race_aware
4805,6.626315789473671,0.43808872,X2_to_X3,race_aware
5527,6.626315789473671,0.35633156,X2_to_X3,race_aware
2516,6.626315789473671,0.3838528,X2_to_X3,race_aware
2933,6.626315789473671,0.41282675,X2_to_X3,race_aware
1360,6.626315789473671,0.4096833,X2_to_X3,race_aware
2698,6.626315789473671,0.43808872,X2_to_X3,race_aware
1499,6.626315789473671,0.40991974,X2_to_X3,race_aware
5005,6.626315789473671,0.3506263,X2_to_X3,race_aware
719,6.626315789473671,0.35994205,X2_to_X3,race_aware
433,6.626315789473671,0.39668414,X2_to_X3,race_aware
1192,6.626315789473671,0.35994205,X2_to_X3,race_aware
5570,6.626315789473671,0.43808872,X2_to_X3,race_aware
2767,6.626315789473671,0.43808872,X2_to_X3,race_aware
1527,6.626315789473671,0.43808872,X2_to_X3,race_aware
3550,6.626315789473671,0.35633156,X2_to_X3,race_aware
6147,6.626315789473671,0.35994205,X2_to_X3,race_aware
4360,6.626315789473671,0.35633156,X2_to_X3,race_aware
1884,6.626315789473671,0.4183621,X2_to_X3,race_aware
4116,6.626315789473671,0.42584622,X2_to_X3,race_aware
3797,6.626315789473671,0.35994205,X2_to_X3,race_aware
1407,6.626315789473671,0.36107633,X2_to_X3,race_aware
4630,6.626315789473671,0.3506263,X2_to_X3,race_aware
4858,6.626315789473671,0.42584622,X2_to_X3,race_aware
2985,6.626315789473671,0.40991974,X2_to_X3,race_aware
6131,6.626315789473671,0.3887174,X2_to_X3,race_aware
1280,6.626315789473671,0.3506263,X2_to_X3,race_aware
398,6.626315789473671,0.42584622,X2_to_X3,race_aware
2892,6.626315789473671,0.43808872,X2_to_X3,race_aware
121,6.626315789473671,0.4150294,X2_to_X3,race_aware
860,6.626315789473671,0.43808872,X2_to_X3,race_aware
3589,6.626315789473671,0.45123217,X2_to_X3,race_aware
320,6.626315789473671,0.42522243,X2_to_X3,race_aware
2231,6.626315789473671,0.347055,X2_to_X3,race_aware
5049,6.626315789473671,0.39607847,X2_to_X3,race_aware
5334,6.626315789473671,0.43808872,X2_to_X3,race_aware
1780,6.626315789473671,0.43808872,X2_to_X3,race_aware
3192,6.626315789473671,0.40849742,X2_to_X3,race_aware
448,6.626315789473671,0.43808872,X2_to_X3,race_aware
5640,6.626315789473671,0.3887174,X2_to_X3,race_aware
3791,7.288947368421038,0.45186263,X2_to_X3,race_aware
2963,7.288947368421038,0.39445373,X2_to_X3,race_aware
2798,7.288947368421038,0.38264522,X2_to_X3,race_aware
647,7.288947368421038,0.37996835,X2_to_X3,race_aware
971,7.288947368421038,0.45884386,X2_to_X3,race_aware
2190,7.288947368421038,0.45186263,X2_to_X3,race_aware
1629,7.288947368421038,0.4520278,X2_to_X3,race_aware
5022,7.288947368421038,0.4603675,X2_to_X3,race_aware
2136,7.288947368421038,0.45186263,X2_to_X3,race_aware
5313,7.288947368421038,0.41628936,X2_to_X3,race_aware
5845,7.288947368421038,0.4160536,X2_to_X3,race_aware
1458,7.288947368421038,0.36350852,X2_to_X3,race_aware
3885,7.288947368421038,0.42178077,X2_to_X3,race_aware
5669,7.288947368421038,0.45186263,X2_to_X3,race_aware
2141,7.288947368421038,0.42461517,X2_to_X3,race_aware
2475,7.288947368421038,0.4160536,X2_to_X3,race_aware
3068,7.288947368421038,0.37002423,X2_to_X3,race_aware
924,7.288947368421038,0.42078304,X2_to_X3,race_aware
1724,7.288947368421038,0.41220352,X2_to_X3,race_aware
4759,7.288947368421038,0.45186263,X2_to_X3,race_aware
2540,7.288947368421038,0.4094338,X2_to_X3,race_aware
4633,7.288947368421038,0.40426403,X2_to_X3,race_aware
5419,7.288947368421038,0.4160536,X2_to_X3,race_aware
745,7.288947368421038,0.40426403,X2_to_X3,race_aware
598,7.288947368421038,0.45186263,X2_to_X3,race_aware
5671,7.288947368421038,0.40426403,X2_to_X3,race_aware
226,7.288947368421038,0.40706527,X2_to_X3,race_aware
5836,7.288947368421038,0.39445373,X2_to_X3,race_aware
1694,7.288947368421038,0.38264522,X2_to_X3,race_aware
3077,7.288947368421038,0.4520278,X2_to_X3,race_aware
3012,7.288947368421038,0.42078304,X2_to_X3,race_aware
3196,7.288947368421038,0.45186263,X2_to_X3,race_aware
6021,7.288947368421038,0.36948946,X2_to_X3,race_aware
2718,7.288947368421038,0.47324446,X2_to_X3,race_aware
3018,7.288947368421038,0.4520278,X2_to_X3,race_aware
1203,7.288947368421038,0.40426403,X2_to_X3,race_aware
4651,7.288947368421038,0.45186263,X2_to_X3,race_aware
1073,7.288947368421038,0.4520278,X2_to_X3,race_aware
3746,7.288947368421038,0.4094338,X2_to_X3,race_aware
4984,7.288947368421038,0.43679422,X2_to_X3,race_aware
1269,7.288947368421038,0.5002978,X2_to_X3,race_aware
4432,7.288947368421038,0.40426403,X2_to_X3,race_aware
5482,7.288947368421038,0.4160536,X2_to_X3,race_aware
3638,7.288947368421038,0.4832591,X2_to_X3,race_aware
1602,7.288947368421038,0.39893413,X2_to_X3,race_aware
557,7.288947368421038,0.4520278,X2_to_X3,race_aware
2279,7.288947368421038,0.36350852,X2_to_X3,race_aware
443,7.288947368421038,0.4094338,X2_to_X3,race_aware
6133,7.288947368421038,0.40426403,X2_to_X3,race_aware
261,7.288947368421038,0.4160536,X2_to_X3,race_aware
4770,7.288947368421038,0.37996835,X2_to_X3,race_aware
3704,7.288947368421038,0.45186263,X2_to_X3,race_aware
1304,7.288947368421038,0.4520278,X2_to_X3,race_aware
4439,7.288947368421038,0.4603675,X2_to_X3,race_aware
5513,7.288947368421038,0.4094338,X2_to_X3,race_aware
4774,7.288947368421038,0.435911,X2_to_X3,race_aware
1977,7.288947368421038,0.40426403,X2_to_X3,race_aware
3871,7.288947368421038,0.45186263,X2_to_X3,race_aware
332,7.288947368421038,0.45186263,X2_to_X3,race_aware
1685,7.288947368421038,0.38852835,X2_to_X3,race_aware
229,7.288947368421038,0.37996835,X2_to_X3,race_aware
4805,7.288947368421038,0.45186263,X2_to_X3,race_aware
5527,7.288947368421038,0.38557264,X2_to_X3,race_aware
2516,7.288947368421038,0.4094338,X2_to_X3,race_aware
2933,7.288947368421038,0.4240698,X2_to_X3,race_aware
1360,7.288947368421038,0.42178077,X2_to_X3,race_aware
2698,7.288947368421038,0.45186263,X2_to_X3,race_aware
1499,7.288947368421038,0.42078304,X2_to_X3,race_aware
5005,7.288947368421038,0.38852835,X2_to_X3,race_aware
719,7.288947368421038,0.39445373,X2_to_X3,race_aware
433,7.288947368421038,0.42461517,X2_to_X3,race_aware
1192,7.288947368421038,0.39445373,X2_to_X3,race_aware
5570,7.288947368421038,0.45186263,X2_to_X3,race_aware
2767,7.288947368421038,0.45186263,X2_to_X3,race_aware
1527,7.288947368421038,0.45186263,X2_to_X3,race_aware
3550,7.288947368421038,0.38557264,X2_to_X3,race_aware
6147,7.288947368421038,0.39445373,X2_to_X3,race_aware
4360,7.288947368421038,0.38557264,X2_to_X3,race_aware
1884,7.288947368421038,0.44447687,X2_to_X3,race_aware
4116,7.288947368421038,0.4520278,X2_to_X3,race_aware
3797,7.288947368421038,0.39445373,X2_to_X3,race_aware
1407,7.288947368421038,0.38264522,X2_to_X3,race_aware
4630,7.288947368421038,0.38852835,X2_to_X3,race_aware
4858,7.288947368421038,0.4520278,X2_to_X3,race_aware
2985,7.288947368421038,0.42078304,X2_to_X3,race_aware
6131,7.288947368421038,0.4160536,X2_to_X3,race_aware
1280,7.288947368421038,0.38852835,X2_to_X3,race_aware
398,7.288947368421038,0.4520278,X2_to_X3,race_aware
2892,7.288947368421038,0.45186263,X2_to_X3,race_aware
121,7.288947368421038,0.435911,X2_to_X3,race_aware
860,7.288947368421038,0.45186263,X2_to_X3,race_aware
3589,7.288947368421038,0.45884386,X2_to_X3,race_aware
320,7.288947368421038,0.4403737,X2_to_X3,race_aware
2231,7.288947368421038,0.38281187,X2_to_X3,race_aware
5049,7.288947368421038,0.40426403,X2_to_X3,race_aware
5334,7.288947368421038,0.45186263,X2_to_X3,race_aware
1780,7.288947368421038,0.45186263,X2_to_X3,race_aware
3192,7.288947368421038,0.42338893,X2_to_X3,race_aware
448,7.288947368421038,0.45186263,X2_to_X3,race_aware
5640,7.288947368421038,0.4160536,X2_to_X3,race_aware
3791,7.9515789473684055,0.47252733,X2_to_X3,race_aware
2963,7.9515789473684055,0.41820684,X2_to_X3,race_aware
2798,7.9515789473684055,0.40718725,X2_to_X3,race_aware
647,7.9515789473684055,0.4009651,X2_to_X3,race_aware
971,7.9515789473684055,0.47042754,X2_to_X3,race_aware
2190,7.9515789473684055,0.47252733,X2_to_X3,race_aware
1629,7.9515789473684055,0.47273028,X2_to_X3,race_aware
5022,7.9515789473684055,0.48449045,X2_to_X3,race_aware
2136,7.9515789473684055,0.47252733,X2_to_X3,race_aware
5313,7.9515789473684055,0.4350694,X2_to_X3,race_aware
5845,7.9515789473684055,0.43260145,X2_to_X3,race_aware
1458,7.9515789473684055,0.38719082,X2_to_X3,race_aware
3885,7.9515789473684055,0.43322378,X2_to_X3,race_aware
5669,7.9515789473684055,0.47252733,X2_to_X3,race_aware
2141,7.9515789473684055,0.44966003,X2_to_X3,race_aware
2475,7.9515789473684055,0.43260145,X2_to_X3,race_aware
3068,7.9515789473684055,0.38605347,X2_to_X3,race_aware
924,7.9515789473684055,0.4288836,X2_to_X3,race_aware
1724,7.9515789473684055,0.43911114,X2_to_X3,race_aware
4759,7.9515789473684055,0.47252733,X2_to_X3,race_aware
2540,7.9515789473684055,0.43340036,X2_to_X3,race_aware
4633,7.9515789473684055,0.4110903,X2_to_X3,race_aware
5419,7.9515789473684055,0.43260145,X2_to_X3,race_aware
745,7.9515789473684055,0.4110903,X2_to_X3,race_aware
598,7.9515789473684055,0.47252733,X2_to_X3,race_aware
5671,7.9515789473684055,0.4110903,X2_to_X3,race_aware
226,7.9515789473684055,0.4206736,X2_to_X3,race_aware
5836,7.9515789473684055,0.41820684,X2_to_X3,race_aware
1694,7.9515789473684055,0.40718725,X2_to_X3,race_aware
3077,7.9515789473684055,0.47273028,X2_to_X3,race_aware
3012,7.9515789473684055,0.4288836,X2_to_X3,race_aware
3196,7.9515789473684055,0.47252733,X2_to_X3,race_aware
6021,7.9515789473684055,0.4002081,X2_to_X3,race_aware
2718,7.9515789473684055,0.49381146,X2_to_X3,race_aware
3018,7.9515789473684055,0.47273028,X2_to_X3,race_aware
1203,7.9515789473684055,0.4110903,X2_to_X3,race_aware
4651,7.9515789473684055,0.47252733,X2_to_X3,race_aware
1073,7.9515789473684055,0.47273028,X2_to_X3,race_aware
3746,7.9515789473684055,0.43340036,X2_to_X3,race_aware
4984,7.9515789473684055,0.45392096,X2_to_X3,race_aware
1269,7.9515789473684055,0.51523703,X2_to_X3,race_aware
4432,7.9515789473684055,0.4110903,X2_to_X3,race_aware
5482,7.9515789473684055,0.43260145,X2_to_X3,race_aware
3638,7.9515789473684055,0.49693856,X2_to_X3,race_aware
1602,7.9515789473684055,0.41034687,X2_to_X3,race_aware
557,7.9515789473684055,0.47273028,X2_to_X3,race_aware
2279,7.9515789473684055,0.38719082,X2_to_X3,race_aware
443,7.9515789473684055,0.43340036,X2_to_X3,race_aware
6133,7.9515789473684055,0.4110903,X2_to_X3,race_aware
261,7.9515789473684055,0.43260145,X2_to_X3,race_aware
4770,7.9515789473684055,0.4009651,X2_to_X3,race_aware
3704,7.9515789473684055,0.47252733,X2_to_X3,race_aware
1304,7.9515789473684055,0.47273028,X2_to_X3,race_aware
4439,7.9515789473684055,0.48449045,X2_to_X3,race_aware
5513,7.9515789473684055,0.43340036,X2_to_X3,race_aware
4774,7.9515789473684055,0.46097237,X2_to_X3,race_aware
1977,7.9515789473684055,0.4110903,X2_to_X3,race_aware
3871,7.9515789473684055,0.47252733,X2_to_X3,race_aware
332,7.9515789473684055,0.47252733,X2_to_X3,race_aware
1685,7.9515789473684055,0.41016942,X2_to_X3,race_aware
229,7.9515789473684055,0.4009651,X2_to_X3,race_aware
4805,7.9515789473684055,0.47252733,X2_to_X3,race_aware
5527,7.9515789473684055,0.4086146,X2_to_X3,race_aware
2516,7.9515789473684055,0.43340036,X2_to_X3,race_aware
2933,7.9515789473684055,0.43483928,X2_to_X3,race_aware
1360,7.9515789473684055,0.43322378,X2_to_X3,race_aware
2698,7.9515789473684055,0.47252733,X2_to_X3,race_aware
1499,7.9515789473684055,0.4288836,X2_to_X3,race_aware
5005,7.9515789473684055,0.41016942,X2_to_X3,race_aware
719,7.9515789473684055,0.41820684,X2_to_X3,race_aware
433,7.9515789473684055,0.44966003,X2_to_X3,race_aware
1192,7.9515789473684055,0.41820684,X2_to_X3,race_aware
5570,7.9515789473684055,0.47252733,X2_to_X3,race_aware
2767,7.9515789473684055,0.47252733,X2_to_X3,race_aware
1527,7.9515789473684055,0.47252733,X2_to_X3,race_aware
3550,7.9515789473684055,0.4086146,X2_to_X3,race_aware
6147,7.9515789473684055,0.41820684,X2_to_X3,race_aware
4360,7.9515789473684055,0.4086146,X2_to_X3,race_aware
1884,7.9515789473684055,0.4604281,X2_to_X3,race_aware
4116,7.9515789473684055,0.47273028,X2_to_X3,race_aware
3797,7.9515789473684055,0.41820684,X2_to_X3,race_aware
1407,7.9515789473684055,0.40718725,X2_to_X3,race_aware
4630,7.9515789473684055,0.41016942,X2_to_X3,race_aware
4858,7.9515789473684055,0.47273028,X2_to_X3,race_aware
2985,7.9515789473684055,0.4288836,X2_to_X3,race_aware
6131,7.9515789473684055,0.43260145,X2_to_X3,race_aware
1280,7.9515789473684055,0.41016942,X2_to_X3,race_aware
398,7.9515789473684055,0.47273028,X2_to_X3,race_aware
2892,7.9515789473684055,0.47252733,X2_to_X3,race_aware
121,7.9515789473684055,0.46097237,X2_to_X3,race_aware
860,7.9515789473684055,0.47252733,X2_to_X3,race_aware
3589,7.9515789473684055,0.47042754,X2_to_X3,race_aware
320,7.9515789473684055,0.44985822,X2_to_X3,race_aware
2231,7.9515789473684055,0.40109542,X2_to_X3,race_aware
5049,7.9515789473684055,0.4110903,X2_to_X3,race_aware
5334,7.9515789473684055,0.47252733,X2_to_X3,race_aware
1780,7.9515789473684055,0.47252733,X2_to_X3,race_aware
3192,7.9515789473684055,0.43669328,X2_to_X3,race_aware
448,7.9515789473684055,0.47252733,X2_to_X3,race_aware
5640,7.9515789473684055,0.43260145,X2_to_X3,race_aware
3791,8.614210526315773,0.49131042,X2_to_X3,race_aware
2963,8.614210526315773,0.439379,X2_to_X3,race_aware
2798,8.614210526315773,0.42828056,X2_to_X3,race_aware
647,8.614210526315773,0.43014497,X2_to_X3,race_aware
971,8.614210526315773,0.47682396,X2_to_X3,race_aware
2190,8.614210526315773,0.49131042,X2_to_X3,race_aware
1629,8.614210526315773,0.49133074,X2_to_X3,race_aware
5022,8.614210526315773,0.5044732,X2_to_X3,race_aware
2136,8.614210526315773,0.49131042,X2_to_X3,race_aware
5313,8.614210526315773,0.45302638,X2_to_X3,race_aware
5845,8.614210526315773,0.45236617,X2_to_X3,race_aware
1458,8.614210526315773,0.41643208,X2_to_X3,race_aware
3885,8.614210526315773,0.44101083,X2_to_X3,race_aware
5669,8.614210526315773,0.49131042,X2_to_X3,race_aware
2141,8.614210526315773,0.46626619,X2_to_X3,race_aware
2475,8.614210526315773,0.45236617,X2_to_X3,race_aware
3068,8.614210526315773,0.411687,X2_to_X3,race_aware
924,8.614210526315773,0.44154274,X2_to_X3,race_aware
1724,8.614210526315773,0.45886156,X2_to_X3,race_aware
4759,8.614210526315773,0.49131042,X2_to_X3,race_aware
2540,8.614210526315773,0.4563451,X2_to_X3,race_aware
4633,8.614210526315773,0.42209578,X2_to_X3,race_aware
5419,8.614210526315773,0.45236617,X2_to_X3,race_aware
745,8.614210526315773,0.42209578,X2_to_X3,race_aware
598,8.614210526315773,0.49131042,X2_to_X3,race_aware
5671,8.614210526315773,0.42209578,X2_to_X3,race_aware
226,8.614210526315773,0.42977095,X2_to_X3,race_aware
5836,8.614210526315773,0.439379,X2_to_X3,race_aware
1694,8.614210526315773,0.42828056,X2_to_X3,race_aware
3077,8.614210526315773,0.49133074,X2_to_X3,race_aware
3012,8.614210526315773,0.44154274,X2_to_X3,race_aware
3196,8.614210526315773,0.49131042,X2_to_X3,race_aware
6021,8.614210526315773,0.42961523,X2_to_X3,race_aware
2718,8.614210526315773,0.5145043,X2_to_X3,race_aware
3018,8.614210526315773,0.49133074,X2_to_X3,race_aware
1203,8.614210526315773,0.42209578,X2_to_X3,race_aware
4651,8.614210526315773,0.49131042,X2_to_X3,race_aware
1073,8.614210526315773,0.49133074,X2_to_X3,race_aware
3746,8.614210526315773,0.4563451,X2_to_X3,race_aware
4984,8.614210526315773,0.4720592,X2_to_X3,race_aware
1269,8.614210526315773,0.52454764,X2_to_X3,race_aware
4432,8.614210526315773,0.42209578,X2_to_X3,race_aware
5482,8.614210526315773,0.45236617,X2_to_X3,race_aware
3638,8.614210526315773,0.5103917,X2_to_X3,race_aware
1602,8.614210526315773,0.42297667,X2_to_X3,race_aware
557,8.614210526315773,0.49133074,X2_to_X3,race_aware
2279,8.614210526315773,0.41643208,X2_to_X3,race_aware
443,8.614210526315773,0.4563451,X2_to_X3,race_aware
6133,8.614210526315773,0.42209578,X2_to_X3,race_aware
261,8.614210526315773,0.45236617,X2_to_X3,race_aware
4770,8.614210526315773,0.43014497,X2_to_X3,race_aware
3704,8.614210526315773,0.49131042,X2_to_X3,race_aware
1304,8.614210526315773,0.49133074,X2_to_X3,race_aware
4439,8.614210526315773,0.5044732,X2_to_X3,race_aware
5513,8.614210526315773,0.4563451,X2_to_X3,race_aware
4774,8.614210526315773,0.48397088,X2_to_X3,race_aware
1977,8.614210526315773,0.42209578,X2_to_X3,race_aware
3871,8.614210526315773,0.49131042,X2_to_X3,race_aware
332,8.614210526315773,0.49131042,X2_to_X3,race_aware
1685,8.614210526315773,0.4315729,X2_to_X3,race_aware
229,8.614210526315773,0.43014497,X2_to_X3,race_aware
4805,8.614210526315773,0.49131042,X2_to_X3,race_aware
5527,8.614210526315773,0.42654207,X2_to_X3,race_aware
2516,8.614210526315773,0.4563451,X2_to_X3,race_aware
2933,8.614210526315773,0.4459199,X2_to_X3,race_aware
1360,8.614210526315773,0.44101083,X2_to_X3,race_aware
2698,8.614210526315773,0.49131042,X2_to_X3,race_aware
1499,8.614210526315773,0.44154274,X2_to_X3,race_aware
5005,8.614210526315773,0.4315729,X2_to_X3,race_aware
719,8.614210526315773,0.439379,X2_to_X3,race_aware
433,8.614210526315773,0.46626619,X2_to_X3,race_aware
1192,8.614210526315773,0.439379,X2_to_X3,race_aware
5570,8.614210526315773,0.49131042,X2_to_X3,race_aware
2767,8.614210526315773,0.49131042,X2_to_X3,race_aware
1527,8.614210526315773,0.49131042,X2_to_X3,race_aware
3550,8.614210526315773,0.42654207,X2_to_X3,race_aware
6147,8.614210526315773,0.439379,X2_to_X3,race_aware
4360,8.614210526315773,0.42654207,X2_to_X3,race_aware
1884,8.614210526315773,0.47916695,X2_to_X3,race_aware
4116,8.614210526315773,0.49133074,X2_to_X3,race_aware
3797,8.614210526315773,0.439379,X2_to_X3,race_aware
1407,8.614210526315773,0.42828056,X2_to_X3,race_aware
4630,8.614210526315773,0.4315729,X2_to_X3,race_aware
4858,8.614210526315773,0.49133074,X2_to_X3,race_aware
2985,8.614210526315773,0.44154274,X2_to_X3,race_aware
6131,8.614210526315773,0.45236617,X2_to_X3,race_aware
1280,8.614210526315773,0.4315729,X2_to_X3,race_aware
398,8.614210526315773,0.49133074,X2_to_X3,race_aware
2892,8.614210526315773,0.49131042,X2_to_X3,race_aware
121,8.614210526315773,0.48397088,X2_to_X3,race_aware
860,8.614210526315773,0.49131042,X2_to_X3,race_aware
3589,8.614210526315773,0.47682396,X2_to_X3,race_aware
320,8.614210526315773,0.45974216,X2_to_X3,race_aware
2231,8.614210526315773,0.4254358,X2_to_X3,race_aware
5049,8.614210526315773,0.42209578,X2_to_X3,race_aware
5334,8.614210526315773,0.49131042,X2_to_X3,race_aware
1780,8.614210526315773,0.49131042,X2_to_X3,race_aware
3192,8.614210526315773,0.44569007,X2_to_X3,race_aware
448,8.614210526315773,0.49131042,X2_to_X3,race_aware
5640,8.614210526315773,0.45236617,X2_to_X3,race_aware
3791,9.276842105263139,0.50947946,X2_to_X3,race_aware
2963,9.276842105263139,0.45695177,X2_to_X3,race_aware
2798,9.276842105263139,0.45645705,X2_to_X3,race_aware
647,9.276842105263139,0.4495663,X2_to_X3,race_aware
971,9.276842105263139,0.48675916,X2_to_X3,race_aware
2190,9.276842105263139,0.50947946,X2_to_X3,race_aware
1629,9.276842105263139,0.51153785,X2_to_X3,race_aware
5022,9.276842105263139,0.5206355,X2_to_X3,race_aware
2136,9.276842105263139,0.50947946,X2_to_X3,race_aware
5313,9.276842105263139,0.47353956,X2_to_X3,race_aware
5845,9.276842105263139,0.470411,X2_to_X3,race_aware
1458,9.276842105263139,0.438021,X2_to_X3,race_aware
3885,9.276842105263139,0.44885224,X2_to_X3,race_aware
5669,9.276842105263139,0.50947946,X2_to_X3,race_aware
2141,9.276842105263139,0.48092017,X2_to_X3,race_aware
2475,9.276842105263139,0.470411,X2_to_X3,race_aware
3068,9.276842105263139,0.44020686,X2_to_X3,race_aware
924,9.276842105263139,0.45054972,X2_to_X3,race_aware
1724,9.276842105263139,0.47281608,X2_to_X3,race_aware
4759,9.276842105263139,0.50947946,X2_to_X3,race_aware
2540,9.276842105263139,0.46970758,X2_to_X3,race_aware
4633,9.276842105263139,0.42604804,X2_to_X3,race_aware
5419,9.276842105263139,0.470411,X2_to_X3,race_aware
745,9.276842105263139,0.42604804,X2_to_X3,race_aware
598,9.276842105263139,0.50947946,X2_to_X3,race_aware
5671,9.276842105263139,0.42604804,X2_to_X3,race_aware
226,9.276842105263139,0.43969142,X2_to_X3,race_aware
5836,9.276842105263139,0.45695177,X2_to_X3,race_aware
1694,9.276842105263139,0.45645705,X2_to_X3,race_aware
3077,9.276842105263139,0.51153785,X2_to_X3,race_aware
3012,9.276842105263139,0.45054972,X2_to_X3,race_aware
3196,9.276842105263139,0.50947946,X2_to_X3,race_aware
6021,9.276842105263139,0.45391092,X2_to_X3,race_aware
2718,9.276842105263139,0.52492285,X2_to_X3,race_aware
3018,9.276842105263139,0.51153785,X2_to_X3,race_aware
1203,9.276842105263139,0.42604804,X2_to_X3,race_aware
4651,9.276842105263139,0.50947946,X2_to_X3,race_aware
1073,9.276842105263139,0.51153785,X2_to_X3,race_aware
3746,9.276842105263139,0.46970758,X2_to_X3,race_aware
4984,9.276842105263139,0.48973787,X2_to_X3,race_aware
1269,9.276842105263139,0.53735876,X2_to_X3,race_aware
4432,9.276842105263139,0.42604804,X2_to_X3,race_aware
5482,9.276842105263139,0.470411,X2_to_X3,race_aware
3638,9.276842105263139,0.51856613,X2_to_X3,race_aware
1602,9.276842105263139,0.4289447,X2_to_X3,race_aware
557,9.276842105263139,0.51153785,X2_to_X3,race_aware
2279,9.276842105263139,0.438021,X2_to_X3,race_aware
443,9.276842105263139,0.46970758,X2_to_X3,race_aware
6133,9.276842105263139,0.42604804,X2_to_X3,race_aware
261,9.276842105263139,0.470411,X2_to_X3,race_aware
4770,9.276842105263139,0.4495663,X2_to_X3,race_aware
3704,9.276842105263139,0.50947946,X2_to_X3,race_aware
1304,9.276842105263139,0.51153785,X2_to_X3,race_aware
4439,9.276842105263139,0.5206355,X2_to_X3,race_aware
5513,9.276842105263139,0.46970758,X2_to_X3,race_aware
4774,9.276842105263139,0.5020645,X2_to_X3,race_aware
1977,9.276842105263139,0.42604804,X2_to_X3,race_aware
3871,9.276842105263139,0.50947946,X2_to_X3,race_aware
332,9.276842105263139,0.50947946,X2_to_X3,race_aware
1685,9.276842105263139,0.44551146,X2_to_X3,race_aware
229,9.276842105263139,0.4495663,X2_to_X3,race_aware
4805,9.276842105263139,0.50947946,X2_to_X3,race_aware
5527,9.276842105263139,0.4519768,X2_to_X3,race_aware
2516,9.276842105263139,0.46970758,X2_to_X3,race_aware
2933,9.276842105263139,0.45460966,X2_to_X3,race_aware
1360,9.276842105263139,0.44885224,X2_to_X3,race_aware
2698,9.276842105263139,0.50947946,X2_to_X3,race_aware
1499,9.276842105263139,0.45054972,X2_to_X3,race_aware
5005,9.276842105263139,0.44551146,X2_to_X3,race_aware
719,9.276842105263139,0.45695177,X2_to_X3,race_aware
433,9.276842105263139,0.48092017,X2_to_X3,race_aware
1192,9.276842105263139,0.45695177,X2_to_X3,race_aware
5570,9.276842105263139,0.50947946,X2_to_X3,race_aware
2767,9.276842105263139,0.50947946,X2_to_X3,race_aware
1527,9.276842105263139,0.50947946,X2_to_X3,race_aware
3550,9.276842105263139,0.4519768,X2_to_X3,race_aware
6147,9.276842105263139,0.45695177,X2_to_X3,race_aware
4360,9.276842105263139,0.4519768,X2_to_X3,race_aware
1884,9.276842105263139,0.49991378,X2_to_X3,race_aware
4116,9.276842105263139,0.51153785,X2_to_X3,race_aware
3797,9.276842105263139,0.45695177,X2_to_X3,race_aware
1407,9.276842105263139,0.45645705,X2_to_X3,race_aware
4630,9.276842105263139,0.44551146,X2_to_X3,race_aware
4858,9.276842105263139,0.51153785,X2_to_X3,race_aware
2985,9.276842105263139,0.45054972,X2_to_X3,race_aware
6131,9.276842105263139,0.470411,X2_to_X3,race_aware
1280,9.276842105263139,0.44551146,X2_to_X3,race_aware
398,9.276842105263139,0.51153785,X2_to_X3,race_aware
2892,9.276842105263139,0.50947946,X2_to_X3,race_aware
121,9.276842105263139,0.5020645,X2_to_X3,race_aware
860,9.276842105263139,0.50947946,X2_to_X3,race_aware
3589,9.276842105263139,0.48675916,X2_to_X3,race_aware
320,9.276842105263139,0.4674823,X2_to_X3,race_aware
2231,9.276842105263139,0.4477398,X2_to_X3,race_aware
5049,9.276842105263139,0.42604804,X2_to_X3,race_aware
5334,9.276842105263139,0.50947946,X2_to_X3,race_aware
1780,9.276842105263139,0.50947946,X2_to_X3,race_aware
3192,9.276842105263139,0.45477757,X2_to_X3,race_aware
448,9.276842105263139,0.50947946,X2_to_X3,race_aware
5640,9.276842105263139,0.470411,X2_to_X3,race_aware
3791,9.939473684210506,0.5244821,X2_to_X3,race_aware
2963,9.939473684210506,0.47871283,X2_to_X3,race_aware
2798,9.939473684210506,0.47696432,X2_to_X3,race_aware
647,9.939473684210506,0.47412956,X2_to_X3,race_aware
971,9.939473684210506,0.49221823,X2_to_X3,race_aware
2190,9.939473684210506,0.5244821,X2_to_X3,race_aware
1629,9.939473684210506,0.52758324,X2_to_X3,race_aware
5022,9.939473684210506,0.53644514,X2_to_X3,race_aware
2136,9.939473684210506,0.5244821,X2_to_X3,race_aware
5313,9.939473684210506,0.4846615,X2_to_X3,race_aware
5845,9.939473684210506,0.48491442,X2_to_X3,race_aware
1458,9.939473684210506,0.4537912,X2_to_X3,race_aware
3885,9.939473684210506,0.45698702,X2_to_X3,race_aware
5669,9.939473684210506,0.5244821,X2_to_X3,race_aware
2141,9.939473684210506,0.4967303,X2_to_X3,race_aware
2475,9.939473684210506,0.48491442,X2_to_X3,race_aware
3068,9.939473684210506,0.4534625,X2_to_X3,race_aware
924,9.939473684210506,0.45649064,X2_to_X3,race_aware
1724,9.939473684210506,0.48065272,X2_to_X3,race_aware
4759,9.939473684210506,0.5244821,X2_to_X3,race_aware
2540,9.939473684210506,0.48682764,X2_to_X3,race_aware
4633,9.939473684210506,0.430709,X2_to_X3,race_aware
5419,9.939473684210506,0.48491442,X2_to_X3,race_aware
745,9.939473684210506,0.430709,X2_to_X3,race_aware
598,9.939473684210506,0.5244821,X2_to_X3,race_aware
5671,9.939473684210506,0.430709,X2_to_X3,race_aware
226,9.939473684210506,0.44593883,X2_to_X3,race_aware
5836,9.939473684210506,0.47871283,X2_to_X3,race_aware
1694,9.939473684210506,0.47696432,X2_to_X3,race_aware
3077,9.939473684210506,0.52758324,X2_to_X3,race_aware
3012,9.939473684210506,0.45649064,X2_to_X3,race_aware
3196,9.939473684210506,0.5244821,X2_to_X3,race_aware
6021,9.939473684210506,0.46327588,X2_to_X3,race_aware
2718,9.939473684210506,0.53780067,X2_to_X3,race_aware
3018,9.939473684210506,0.52758324,X2_to_X3,race_aware
1203,9.939473684210506,0.430709,X2_to_X3,race_aware
4651,9.939473684210506,0.5244821,X2_to_X3,race_aware
1073,9.939473684210506,0.52758324,X2_to_X3,race_aware
3746,9.939473684210506,0.48682764,X2_to_X3,race_aware
4984,9.939473684210506,0.50637645,X2_to_X3,race_aware
1269,9.939473684210506,0.5445615,X2_to_X3,race_aware
4432,9.939473684210506,0.430709,X2_to_X3,race_aware
5482,9.939473684210506,0.48491442,X2_to_X3,race_aware
3638,9.939473684210506,0.53047085,X2_to_X3,race_aware
1602,9.939473684210506,0.43725646,X2_to_X3,race_aware
557,9.939473684210506,0.52758324,X2_to_X3,race_aware
2279,9.939473684210506,0.4537912,X2_to_X3,race_aware
443,9.939473684210506,0.48682764,X2_to_X3,race_aware
6133,9.939473684210506,0.430709,X2_to_X3,race_aware
261,9.939473684210506,0.48491442,X2_to_X3,race_aware
4770,9.939473684210506,0.47412956,X2_to_X3,race_aware
3704,9.939473684210506,0.5244821,X2_to_X3,race_aware
1304,9.939473684210506,0.52758324,X2_to_X3,race_aware
4439,9.939473684210506,0.53644514,X2_to_X3,race_aware
5513,9.939473684210506,0.48682764,X2_to_X3,race_aware
4774,9.939473684210506,0.51011825,X2_to_X3,race_aware
1977,9.939473684210506,0.430709,X2_to_X3,race_aware
3871,9.939473684210506,0.5244821,X2_to_X3,race_aware
332,9.939473684210506,0.5244821,X2_to_X3,race_aware
1685,9.939473684210506,0.47478265,X2_to_X3,race_aware
229,9.939473684210506,0.47412956,X2_to_X3,race_aware
4805,9.939473684210506,0.5244821,X2_to_X3,race_aware
5527,9.939473684210506,0.4625391,X2_to_X3,race_aware
2516,9.939473684210506,0.48682764,X2_to_X3,race_aware
2933,9.939473684210506,0.46201006,X2_to_X3,race_aware
1360,9.939473684210506,0.45698702,X2_to_X3,race_aware
2698,9.939473684210506,0.5244821,X2_to_X3,race_aware
1499,9.939473684210506,0.45649064,X2_to_X3,race_aware
5005,9.939473684210506,0.47478265,X2_to_X3,race_aware
719,9.939473684210506,0.47871283,X2_to_X3,race_aware
433,9.939473684210506,0.4967303,X2_to_X3,race_aware
1192,9.939473684210506,0.47871283,X2_to_X3,race_aware
5570,9.939473684210506,0.5244821,X2_to_X3,race_aware
2767,9.939473684210506,0.5244821,X2_to_X3,race_aware
1527,9.939473684210506,0.5244821,X2_to_X3,race_aware
3550,9.939473684210506,0.4625391,X2_to_X3,race_aware
6147,9.939473684210506,0.47871283,X2_to_X3,race_aware
4360,9.939473684210506,0.4625391,X2_to_X3,race_aware
1884,9.939473684210506,0.51054215,X2_to_X3,race_aware
4116,9.939473684210506,0.52758324,X2_to_X3,race_aware
3797,9.939473684210506,0.47871283,X2_to_X3,race_aware
1407,9.939473684210506,0.47696432,X2_to_X3,race_aware
4630,9.939473684210506,0.47478265,X2_to_X3,race_aware
4858,9.939473684210506,0.52758324,X2_to_X3,race_aware
2985,9.939473684210506,0.45649064,X2_to_X3,race_aware
6131,9.939473684210506,0.48491442,X2_to_X3,race_aware
1280,9.939473684210506,0.47478265,X2_to_X3,race_aware
398,9.939473684210506,0.52758324,X2_to_X3,race_aware
2892,9.939473684210506,0.5244821,X2_to_X3,race_aware
121,9.939473684210506,0.51011825,X2_to_X3,race_aware
860,9.939473684210506,0.5244821,X2_to_X3,race_aware
3589,9.939473684210506,0.49221823,X2_to_X3,race_aware
320,9.939473684210506,0.47592428,X2_to_X3,race_aware
2231,9.939473684210506,0.4656147,X2_to_X3,race_aware
5049,9.939473684210506,0.430709,X2_to_X3,race_aware
5334,9.939473684210506,0.5244821,X2_to_X3,race_aware
1780,9.939473684210506,0.5244821,X2_to_X3,race_aware
3192,9.939473684210506,0.46270528,X2_to_X3,race_aware
448,9.939473684210506,0.5244821,X2_to_X3,race_aware
5640,9.939473684210506,0.48491442,X2_to_X3,race_aware
3791,10.602105263157874,0.53711647,X2_to_X3,race_aware
2963,10.602105263157874,0.49536738,X2_to_X3,race_aware
2798,10.602105263157874,0.49787197,X2_to_X3,race_aware
647,10.602105263157874,0.4779278,X2_to_X3,race_aware
971,10.602105263157874,0.5021174,X2_to_X3,race_aware
2190,10.602105263157874,0.53711647,X2_to_X3,race_aware
1629,10.602105263157874,0.5434503,X2_to_X3,race_aware
5022,10.602105263157874,0.5464326,X2_to_X3,race_aware
2136,10.602105263157874,0.53711647,X2_to_X3,race_aware
5313,10.602105263157874,0.4951727,X2_to_X3,race_aware
5845,10.602105263157874,0.49939746,X2_to_X3,race_aware
1458,10.602105263157874,0.4824124,X2_to_X3,race_aware
3885,10.602105263157874,0.46556878,X2_to_X3,race_aware
5669,10.602105263157874,0.53711647,X2_to_X3,race_aware
2141,10.602105263157874,0.508417,X2_to_X3,race_aware
2475,10.602105263157874,0.49939746,X2_to_X3,race_aware
3068,10.602105263157874,0.4771361,X2_to_X3,race_aware
924,10.602105263157874,0.46111465,X2_to_X3,race_aware
1724,10.602105263157874,0.4925187,X2_to_X3,race_aware
4759,10.602105263157874,0.53711647,X2_to_X3,race_aware
2540,10.602105263157874,0.4966806,X2_to_X3,race_aware
4633,10.602105263157874,0.4377601,X2_to_X3,race_aware
5419,10.602105263157874,0.49939746,X2_to_X3,race_aware
745,10.602105263157874,0.4377601,X2_to_X3,race_aware
598,10.602105263157874,0.53711647,X2_to_X3,race_aware
5671,10.602105263157874,0.4377601,X2_to_X3,race_aware
226,10.602105263157874,0.45340723,X2_to_X3,race_aware
5836,10.602105263157874,0.49536738,X2_to_X3,race_aware
1694,10.602105263157874,0.49787197,X2_to_X3,race_aware
3077,10.602105263157874,0.5434503,X2_to_X3,race_aware
3012,10.602105263157874,0.46111465,X2_to_X3,race_aware
3196,10.602105263157874,0.53711647,X2_to_X3,race_aware
6021,10.602105263157874,0.49219933,X2_to_X3,race_aware
2718,10.602105263157874,0.54890597,X2_to_X3,race_aware
3018,10.602105263157874,0.5434503,X2_to_X3,race_aware
1203,10.602105263157874,0.4377601,X2_to_X3,race_aware
4651,10.602105263157874,0.53711647,X2_to_X3,race_aware
1073,10.602105263157874,0.5434503,X2_to_X3,race_aware
3746,10.602105263157874,0.4966806,X2_to_X3,race_aware
4984,10.602105263157874,0.51967627,X2_to_X3,race_aware
1269,10.602105263157874,0.5514123,X2_to_X3,race_aware
4432,10.602105263157874,0.4377601,X2_to_X3,race_aware
5482,10.602105263157874,0.49939746,X2_to_X3,race_aware
3638,10.602105263157874,0.5368556,X2_to_X3,race_aware
1602,10.602105263157874,0.44125676,X2_to_X3,race_aware
557,10.602105263157874,0.5434503,X2_to_X3,race_aware
2279,10.602105263157874,0.4824124,X2_to_X3,race_aware
443,10.602105263157874,0.4966806,X2_to_X3,race_aware
6133,10.602105263157874,0.4377601,X2_to_X3,race_aware
261,10.602105263157874,0.49939746,X2_to_X3,race_aware
4770,10.602105263157874,0.4779278,X2_to_X3,race_aware
3704,10.602105263157874,0.53711647,X2_to_X3,race_aware
1304,10.602105263157874,0.5434503,X2_to_X3,race_aware
4439,10.602105263157874,0.5464326,X2_to_X3,race_aware
5513,10.602105263157874,0.4966806,X2_to_X3,race_aware
4774,10.602105263157874,0.52500284,X2_to_X3,race_aware
1977,10.602105263157874,0.4377601,X2_to_X3,race_aware
3871,10.602105263157874,0.53711647,X2_to_X3,race_aware
332,10.602105263157874,0.53711647,X2_to_X3,race_aware
1685,10.602105263157874,0.4871145,X2_to_X3,race_aware
229,10.602105263157874,0.4779278,X2_to_X3,race_aware
4805,10.602105263157874,0.53711647,X2_to_X3,race_aware
5527,10.602105263157874,0.4788021,X2_to_X3,race_aware
2516,10.602105263157874,0.4966806,X2_to_X3,race_aware
2933,10.602105263157874,0.47032234,X2_to_X3,race_aware
1360,10.602105263157874,0.46556878,X2_to_X3,race_aware
2698,10.602105263157874,0.53711647,X2_to_X3,race_aware
1499,10.602105263157874,0.46111465,X2_to_X3,race_aware
5005,10.602105263157874,0.4871145,X2_to_X3,race_aware
719,10.602105263157874,0.49536738,X2_to_X3,race_aware
433,10.602105263157874,0.508417,X2_to_X3,race_aware
1192,10.602105263157874,0.49536738,X2_to_X3,race_aware
5570,10.602105263157874,0.53711647,X2_to_X3,race_aware
2767,10.602105263157874,0.53711647,X2_to_X3,race_aware
1527,10.602105263157874,0.53711647,X2_to_X3,race_aware
3550,10.602105263157874,0.4788021,X2_to_X3,race_aware
6147,10.602105263157874,0.49536738,X2_to_X3,race_aware
4360,10.602105263157874,0.4788021,X2_to_X3,race_aware
1884,10.602105263157874,0.52439713,X2_to_X3,race_aware
4116,10.602105263157874,0.5434503,X2_to_X3,race_aware
3797,10.602105263157874,0.49536738,X2_to_X3,race_aware
1407,10.602105263157874,0.49787197,X2_to_X3,race_aware
4630,10.602105263157874,0.4871145,X2_to_X3,race_aware
4858,10.602105263157874,0.5434503,X2_to_X3,race_aware
2985,10.602105263157874,0.46111465,X2_to_X3,race_aware
6131,10.602105263157874,0.49939746,X2_to_X3,race_aware
1280,10.602105263157874,0.4871145,X2_to_X3,race_aware
398,10.602105263157874,0.5434503,X2_to_X3,race_aware
2892,10.602105263157874,0.53711647,X2_to_X3,race_aware
121,10.602105263157874,0.52500284,X2_to_X3,race_aware
860,10.602105263157874,0.53711647,X2_to_X3,race_aware
3589,10.602105263157874,0.5021174,X2_to_X3,race_aware
320,10.602105263157874,0.4816365,X2_to_X3,race_aware
2231,10.602105263157874,0.4763337,X2_to_X3,race_aware
5049,10.602105263157874,0.4377601,X2_to_X3,race_aware
5334,10.602105263157874,0.53711647,X2_to_X3,race_aware
1780,10.602105263157874,0.53711647,X2_to_X3,race_aware
3192,10.602105263157874,0.46962312,X2_to_X3,race_aware
448,10.602105263157874,0.53711647,X2_to_X3,race_aware
5640,10.602105263157874,0.49939746,X2_to_X3,race_aware
3791,11.264736842105242,0.5493859,X2_to_X3,race_aware
2963,11.264736842105242,0.50777805,X2_to_X3,race_aware
2798,11.264736842105242,0.5117991,X2_to_X3,race_aware
647,11.264736842105242,0.5060329,X2_to_X3,race_aware
971,11.264736842105242,0.50684464,X2_to_X3,race_aware
2190,11.264736842105242,0.5493859,X2_to_X3,race_aware
1629,11.264736842105242,0.55026674,X2_to_X3,race_aware
5022,11.264736842105242,0.56161654,X2_to_X3,race_aware
2136,11.264736842105242,0.5493859,X2_to_X3,race_aware
5313,11.264736842105242,0.50854504,X2_to_X3,race_aware
5845,11.264736842105242,0.5092701,X2_to_X3,race_aware
1458,11.264736842105242,0.4922644,X2_to_X3,race_aware
3885,11.264736842105242,0.47004098,X2_to_X3,race_aware
5669,11.264736842105242,0.5493859,X2_to_X3,race_aware
2141,11.264736842105242,0.519621,X2_to_X3,race_aware
2475,11.264736842105242,0.5092701,X2_to_X3,race_aware
3068,11.264736842105242,0.49136922,X2_to_X3,race_aware
924,11.264736842105242,0.46671993,X2_to_X3,race_aware
1724,11.264736842105242,0.50269544,X2_to_X3,race_aware
4759,11.264736842105242,0.5493859,X2_to_X3,race_aware
2540,11.264736842105242,0.50989354,X2_to_X3,race_aware
4633,11.264736842105242,0.44170868,X2_to_X3,race_aware
5419,11.264736842105242,0.5092701,X2_to_X3,race_aware
745,11.264736842105242,0.44170868,X2_to_X3,race_aware
598,11.264736842105242,0.5493859,X2_to_X3,race_aware
5671,11.264736842105242,0.44170868,X2_to_X3,race_aware
226,11.264736842105242,0.45807165,X2_to_X3,race_aware
5836,11.264736842105242,0.50777805,X2_to_X3,race_aware
1694,11.264736842105242,0.5117991,X2_to_X3,race_aware
3077,11.264736842105242,0.55026674,X2_to_X3,race_aware
3012,11.264736842105242,0.46671993,X2_to_X3,race_aware
3196,11.264736842105242,0.5493859,X2_to_X3,race_aware
6021,11.264736842105242,0.5060662,X2_to_X3,race_aware
2718,11.264736842105242,0.55545604,X2_to_X3,race_aware
3018,11.264736842105242,0.55026674,X2_to_X3,race_aware
1203,11.264736842105242,0.44170868,X2_to_X3,race_aware
4651,11.264736842105242,0.5493859,X2_to_X3,race_aware
1073,11.264736842105242,0.55026674,X2_to_X3,race_aware
3746,11.264736842105242,0.50989354,X2_to_X3,race_aware
4984,11.264736842105242,0.5290275,X2_to_X3,race_aware
1269,11.264736842105242,0.560943,X2_to_X3,race_aware
4432,11.264736842105242,0.44170868,X2_to_X3,race_aware
5482,11.264736842105242,0.5092701,X2_to_X3,race_aware
3638,11.264736842105242,0.5458635,X2_to_X3,race_aware
1602,11.264736842105242,0.4488396,X2_to_X3,race_aware
557,11.264736842105242,0.55026674,X2_to_X3,race_aware
2279,11.264736842105242,0.4922644,X2_to_X3,race_aware
443,11.264736842105242,0.50989354,X2_to_X3,race_aware
6133,11.264736842105242,0.44170868,X2_to_X3,race_aware
261,11.264736842105242,0.5092701,X2_to_X3,race_aware
4770,11.264736842105242,0.5060329,X2_to_X3,race_aware
3704,11.264736842105242,0.5493859,X2_to_X3,race_aware
1304,11.264736842105242,0.55026674,X2_to_X3,race_aware
4439,11.264736842105242,0.56161654,X2_to_X3,race_aware
5513,11.264736842105242,0.50989354,X2_to_X3,race_aware
4774,11.264736842105242,0.538281,X2_to_X3,race_aware
1977,11.264736842105242,0.44170868,X2_to_X3,race_aware
3871,11.264736842105242,0.5493859,X2_to_X3,race_aware
332,11.264736842105242,0.5493859,X2_to_X3,race_aware
1685,11.264736842105242,0.5010713,X2_to_X3,race_aware
229,11.264736842105242,0.5060329,X2_to_X3,race_aware
4805,11.264736842105242,0.5493859,X2_to_X3,race_aware
5527,11.264736842105242,0.49714747,X2_to_X3,race_aware
2516,11.264736842105242,0.50989354,X2_to_X3,race_aware
2933,11.264736842105242,0.47740033,X2_to_X3,race_aware
1360,11.264736842105242,0.47004098,X2_to_X3,race_aware
2698,11.264736842105242,0.5493859,X2_to_X3,race_aware
1499,11.264736842105242,0.46671993,X2_to_X3,race_aware
5005,11.264736842105242,0.5010713,X2_to_X3,race_aware
719,11.264736842105242,0.50777805,X2_to_X3,race_aware
433,11.264736842105242,0.519621,X2_to_X3,race_aware
1192,11.264736842105242,0.50777805,X2_to_X3,race_aware
5570,11.264736842105242,0.5493859,X2_to_X3,race_aware
2767,11.264736842105242,0.5493859,X2_to_X3,race_aware
1527,11.264736842105242,0.5493859,X2_to_X3,race_aware
3550,11.264736842105242,0.49714747,X2_to_X3,race_aware
6147,11.264736842105242,0.50777805,X2_to_X3,race_aware
4360,11.264736842105242,0.49714747,X2_to_X3,race_aware
1884,11.264736842105242,0.5369891,X2_to_X3,race_aware
4116,11.264736842105242,0.55026674,X2_to_X3,race_aware
3797,11.264736842105242,0.50777805,X2_to_X3,race_aware
1407,11.264736842105242,0.5117991,X2_to_X3,race_aware
4630,11.264736842105242,0.5010713,X2_to_X3,race_aware
4858,11.264736842105242,0.55026674,X2_to_X3,race_aware
2985,11.264736842105242,0.46671993,X2_to_X3,race_aware
6131,11.264736842105242,0.5092701,X2_to_X3,race_aware
1280,11.264736842105242,0.5010713,X2_to_X3,race_aware
398,11.264736842105242,0.55026674,X2_to_X3,race_aware
2892,11.264736842105242,0.5493859,X2_to_X3,race_aware
121,11.264736842105242,0.538281,X2_to_X3,race_aware
860,11.264736842105242,0.5493859,X2_to_X3,race_aware
3589,11.264736842105242,0.50684464,X2_to_X3,race_aware
320,11.264736842105242,0.4895645,X2_to_X3,race_aware
2231,11.264736842105242,0.4976664,X2_to_X3,race_aware
5049,11.264736842105242,0.44170868,X2_to_X3,race_aware
5334,11.264736842105242,0.5493859,X2_to_X3,race_aware
1780,11.264736842105242,0.5493859,X2_to_X3,race_aware
3192,11.264736842105242,0.47656682,X2_to_X3,race_aware
448,11.264736842105242,0.5493859,X2_to_X3,race_aware
5640,11.264736842105242,0.5092701,X2_to_X3,race_aware
3791,11.92736842105261,0.56039196,X2_to_X3,race_aware
2963,11.92736842105261,0.51988554,X2_to_X3,race_aware
2798,11.92736842105261,0.5163653,X2_to_X3,race_aware
647,11.92736842105261,0.51985127,X2_to_X3,race_aware
971,11.92736842105261,0.51298046,X2_to_X3,race_aware
2190,11.92736842105261,0.56039196,X2_to_X3,race_aware
1629,11.92736842105261,0.5664754,X2_to_X3,race_aware
5022,11.92736842105261,0.5716152,X2_to_X3,race_aware
2136,11.92736842105261,0.56039196,X2_to_X3,race_aware
5313,11.92736842105261,0.5139723,X2_to_X3,race_aware
5845,11.92736842105261,0.5184816,X2_to_X3,race_aware
1458,11.92736842105261,0.50816494,X2_to_X3,race_aware
3885,11.92736842105261,0.47126055,X2_to_X3,race_aware
5669,11.92736842105261,0.56039196,X2_to_X3,race_aware
2141,11.92736842105261,0.5266601,X2_to_X3,race_aware
2475,11.92736842105261,0.5184816,X2_to_X3,race_aware
3068,11.92736842105261,0.49867275,X2_to_X3,race_aware
924,11.92736842105261,0.4709013,X2_to_X3,race_aware
1724,11.92736842105261,0.51199484,X2_to_X3,race_aware
4759,11.92736842105261,0.56039196,X2_to_X3,race_aware
2540,11.92736842105261,0.51855004,X2_to_X3,race_aware
4633,11.92736842105261,0.44400454,X2_to_X3,race_aware
5419,11.92736842105261,0.5184816,X2_to_X3,race_aware
745,11.92736842105261,0.44400454,X2_to_X3,race_aware
598,11.92736842105261,0.56039196,X2_to_X3,race_aware
5671,11.92736842105261,0.44400454,X2_to_X3,race_aware
226,11.92736842105261,0.46356702,X2_to_X3,race_aware
5836,11.92736842105261,0.51988554,X2_to_X3,race_aware
1694,11.92736842105261,0.5163653,X2_to_X3,race_aware
3077,11.92736842105261,0.5664754,X2_to_X3,race_aware
3012,11.92736842105261,0.4709013,X2_to_X3,race_aware
3196,11.92736842105261,0.56039196,X2_to_X3,race_aware
6021,11.92736842105261,0.522043,X2_to_X3,race_aware
2718,11.92736842105261,0.5671817,X2_to_X3,race_aware
3018,11.92736842105261,0.5664754,X2_to_X3,race_aware
1203,11.92736842105261,0.44400454,X2_to_X3,race_aware
4651,11.92736842105261,0.56039196,X2_to_X3,race_aware
1073,11.92736842105261,0.5664754,X2_to_X3,race_aware
3746,11.92736842105261,0.51855004,X2_to_X3,race_aware
4984,11.92736842105261,0.5381269,X2_to_X3,race_aware
1269,11.92736842105261,0.5651226,X2_to_X3,race_aware
4432,11.92736842105261,0.44400454,X2_to_X3,race_aware
5482,11.92736842105261,0.5184816,X2_to_X3,race_aware
3638,11.92736842105261,0.5528244,X2_to_X3,race_aware
1602,11.92736842105261,0.45405096,X2_to_X3,race_aware
557,11.92736842105261,0.5664754,X2_to_X3,race_aware
2279,11.92736842105261,0.50816494,X2_to_X3,race_aware
443,11.92736842105261,0.51855004,X2_to_X3,race_aware
6133,11.92736842105261,0.44400454,X2_to_X3,race_aware
261,11.92736842105261,0.5184816,X2_to_X3,race_aware
4770,11.92736842105261,0.51985127,X2_to_X3,race_aware
3704,11.92736842105261,0.56039196,X2_to_X3,race_aware
1304,11.92736842105261,0.5664754,X2_to_X3,race_aware
4439,11.92736842105261,0.5716152,X2_to_X3,race_aware
5513,11.92736842105261,0.51855004,X2_to_X3,race_aware
4774,11.92736842105261,0.549389,X2_to_X3,race_aware
1977,11.92736842105261,0.44400454,X2_to_X3,race_aware
3871,11.92736842105261,0.56039196,X2_to_X3,race_aware
332,11.92736842105261,0.56039196,X2_to_X3,race_aware
1685,11.92736842105261,0.5153797,X2_to_X3,race_aware
229,11.92736842105261,0.51985127,X2_to_X3,race_aware
4805,11.92736842105261,0.56039196,X2_to_X3,race_aware
5527,11.92736842105261,0.5203152,X2_to_X3,race_aware
2516,11.92736842105261,0.51855004,X2_to_X3,race_aware
2933,11.92736842105261,0.4808782,X2_to_X3,race_aware
1360,11.92736842105261,0.47126055,X2_to_X3,race_aware
2698,11.92736842105261,0.56039196,X2_to_X3,race_aware
1499,11.92736842105261,0.4709013,X2_to_X3,race_aware
5005,11.92736842105261,0.5153797,X2_to_X3,race_aware
719,11.92736842105261,0.51988554,X2_to_X3,race_aware
433,11.92736842105261,0.5266601,X2_to_X3,race_aware
1192,11.92736842105261,0.51988554,X2_to_X3,race_aware
5570,11.92736842105261,0.56039196,X2_to_X3,race_aware
2767,11.92736842105261,0.56039196,X2_to_X3,race_aware
1527,11.92736842105261,0.56039196,X2_to_X3,race_aware
3550,11.92736842105261,0.5203152,X2_to_X3,race_aware
6147,11.92736842105261,0.51988554,X2_to_X3,race_aware
4360,11.92736842105261,0.5203152,X2_to_X3,race_aware
1884,11.92736842105261,0.5473021,X2_to_X3,race_aware
4116,11.92736842105261,0.5664754,X2_to_X3,race_aware
3797,11.92736842105261,0.51988554,X2_to_X3,race_aware
1407,11.92736842105261,0.5163653,X2_to_X3,race_aware
4630,11.92736842105261,0.5153797,X2_to_X3,race_aware
4858,11.92736842105261,0.5664754,X2_to_X3,race_aware
2985,11.92736842105261,0.4709013,X2_to_X3,race_aware
6131,11.92736842105261,0.5184816,X2_to_X3,race_aware
1280,11.92736842105261,0.5153797,X2_to_X3,race_aware
398,11.92736842105261,0.5664754,X2_to_X3,race_aware
2892,11.92736842105261,0.56039196,X2_to_X3,race_aware
121,11.92736842105261,0.549389,X2_to_X3,race_aware
860,11.92736842105261,0.56039196,X2_to_X3,race_aware
3589,11.92736842105261,0.51298046,X2_to_X3,race_aware
320,11.92736842105261,0.4933422,X2_to_X3,race_aware
2231,11.92736842105261,0.5082363,X2_to_X3,race_aware
5049,11.92736842105261,0.44400454,X2_to_X3,race_aware
5334,11.92736842105261,0.56039196,X2_to_X3,race_aware
1780,11.92736842105261,0.56039196,X2_to_X3,race_aware
3192,11.92736842105261,0.4832184,X2_to_X3,race_aware
448,11.92736842105261,0.56039196,X2_to_X3,race_aware
5640,11.92736842105261,0.5184816,X2_to_X3,race_aware
3791,12.589999999999975,0.5692577,X2_to_X3,race_aware
2963,12.589999999999975,0.5369916,X2_to_X3,race_aware
2798,12.589999999999975,0.53537595,X2_to_X3,race_aware
647,12.589999999999975,0.52985436,X2_to_X3,race_aware
971,12.589999999999975,0.5185443,X2_to_X3,race_aware
2190,12.589999999999975,0.5692577,X2_to_X3,race_aware
1629,12.589999999999975,0.57384336,X2_to_X3,race_aware
5022,12.589999999999975,0.5815187,X2_to_X3,race_aware
2136,12.589999999999975,0.5692577,X2_to_X3,race_aware
5313,12.589999999999975,0.52349174,X2_to_X3,race_aware
5845,12.589999999999975,0.5269362,X2_to_X3,race_aware
1458,12.589999999999975,0.5243632,X2_to_X3,race_aware
3885,12.589999999999975,0.4773335,X2_to_X3,race_aware
5669,12.589999999999975,0.5692577,X2_to_X3,race_aware
2141,12.589999999999975,0.5382786,X2_to_X3,race_aware
2475,12.589999999999975,0.5269362,X2_to_X3,race_aware
3068,12.589999999999975,0.51436746,X2_to_X3,race_aware
924,12.589999999999975,0.4728285,X2_to_X3,race_aware
1724,12.589999999999975,0.52508414,X2_to_X3,race_aware
4759,12.589999999999975,0.5692577,X2_to_X3,race_aware
2540,12.589999999999975,0.5335467,X2_to_X3,race_aware
4633,12.589999999999975,0.44839048,X2_to_X3,race_aware
5419,12.589999999999975,0.5269362,X2_to_X3,race_aware
745,12.589999999999975,0.44839048,X2_to_X3,race_aware
598,12.589999999999975,0.5692577,X2_to_X3,race_aware
5671,12.589999999999975,0.44839048,X2_to_X3,race_aware
226,12.589999999999975,0.46854228,X2_to_X3,race_aware
5836,12.589999999999975,0.5369916,X2_to_X3,race_aware
1694,12.589999999999975,0.53537595,X2_to_X3,race_aware
3077,12.589999999999975,0.57384336,X2_to_X3,race_aware
3012,12.589999999999975,0.4728285,X2_to_X3,race_aware
3196,12.589999999999975,0.5692577,X2_to_X3,race_aware
6021,12.589999999999975,0.53409123,X2_to_X3,race_aware
2718,12.589999999999975,0.57993114,X2_to_X3,race_aware
3018,12.589999999999975,0.57384336,X2_to_X3,race_aware
1203,12.589999999999975,0.44839048,X2_to_X3,race_aware
4651,12.589999999999975,0.5692577,X2_to_X3,race_aware
1073,12.589999999999975,0.57384336,X2_to_X3,race_aware
3746,12.589999999999975,0.5335467,X2_to_X3,race_aware
4984,12.589999999999975,0.55269384,X2_to_X3,race_aware
1269,12.589999999999975,0.5734912,X2_to_X3,race_aware
4432,12.589999999999975,0.44839048,X2_to_X3,race_aware
5482,12.589999999999975,0.5269362,X2_to_X3,race_aware
3638,12.589999999999975,0.5560641,X2_to_X3,race_aware
1602,12.589999999999975,0.45852077,X2_to_X3,race_aware
557,12.589999999999975,0.57384336,X2_to_X3,race_aware
2279,12.589999999999975,0.5243632,X2_to_X3,race_aware
443,12.589999999999975,0.5335467,X2_to_X3,race_aware
6133,12.589999999999975,0.44839048,X2_to_X3,race_aware
261,12.589999999999975,0.5269362,X2_to_X3,race_aware
4770,12.589999999999975,0.52985436,X2_to_X3,race_aware
3704,12.589999999999975,0.5692577,X2_to_X3,race_aware
1304,12.589999999999975,0.57384336,X2_to_X3,race_aware
4439,12.589999999999975,0.5815187,X2_to_X3,race_aware
5513,12.589999999999975,0.5335467,X2_to_X3,race_aware
4774,12.589999999999975,0.5574862,X2_to_X3,race_aware
1977,12.589999999999975,0.44839048,X2_to_X3,race_aware
3871,12.589999999999975,0.5692577,X2_to_X3,race_aware
332,12.589999999999975,0.5692577,X2_to_X3,race_aware
1685,12.589999999999975,0.52790487,X2_to_X3,race_aware
229,12.589999999999975,0.52985436,X2_to_X3,race_aware
4805,12.589999999999975,0.5692577,X2_to_X3,race_aware
5527,12.589999999999975,0.52290475,X2_to_X3,race_aware
2516,12.589999999999975,0.5335467,X2_to_X3,race_aware
2933,12.589999999999975,0.48793754,X2_to_X3,race_aware
1360,12.589999999999975,0.4773335,X2_to_X3,race_aware
2698,12.589999999999975,0.5692577,X2_to_X3,race_aware
1499,12.589999999999975,0.4728285,X2_to_X3,race_aware
5005,12.589999999999975,0.52790487,X2_to_X3,race_aware
719,12.589999999999975,0.5369916,X2_to_X3,race_aware
433,12.589999999999975,0.5382786,X2_to_X3,race_aware
1192,12.589999999999975,0.5369916,X2_to_X3,race_aware
5570,12.589999999999975,0.5692577,X2_to_X3,race_aware
2767,12.589999999999975,0.5692577,X2_to_X3,race_aware
1527,12.589999999999975,0.5692577,X2_to_X3,race_aware
3550,12.589999999999975,0.52290475,X2_to_X3,race_aware
6147,12.589999999999975,0.5369916,X2_to_X3,race_aware
4360,12.589999999999975,0.52290475,X2_to_X3,race_aware
1884,12.589999999999975,0.55684197,X2_to_X3,race_aware
4116,12.589999999999975,0.57384336,X2_to_X3,race_aware
3797,12.589999999999975,0.5369916,X2_to_X3,race_aware
1407,12.589999999999975,0.53537595,X2_to_X3,race_aware
4630,12.589999999999975,0.52790487,X2_to_X3,race_aware
4858,12.589999999999975,0.57384336,X2_to_X3,race_aware
2985,12.589999999999975,0.4728285,X2_to_X3,race_aware
6131,12.589999999999975,0.5269362,X2_to_X3,race_aware
1280,12.589999999999975,0.52790487,X2_to_X3,race_aware
398,12.589999999999975,0.57384336,X2_to_X3,race_aware
2892,12.589999999999975,0.5692577,X2_to_X3,race_aware
121,12.589999999999975,0.5574862,X2_to_X3,race_aware
860,12.589999999999975,0.5692577,X2_to_X3,race_aware
3589,12.589999999999975,0.5185443,X2_to_X3,race_aware
320,12.589999999999975,0.49821004,X2_to_X3,race_aware
2231,12.589999999999975,0.5245129,X2_to_X3,race_aware
5049,12.589999999999975,0.44839048,X2_to_X3,race_aware
5334,12.589999999999975,0.5692577,X2_to_X3,race_aware
1780,12.589999999999975,0.5692577,X2_to_X3,race_aware
3192,12.589999999999975,0.49025568,X2_to_X3,race_aware
448,12.589999999999975,0.5692577,X2_to_X3,race_aware
5640,12.589999999999975,0.5269362,X2_to_X3,race_aware
3062,0.0,0.0,temporal_1,race_aware
3178,0.0,0.0,temporal_1,race_aware
2563,0.0,0.0,temporal_1,race_aware
3314,0.0,0.0,temporal_1,race_aware
2606,0.0,0.0,temporal_1,race_aware
2383,0.0,0.0,temporal_1,race_aware
2800,0.0,0.0,temporal_1,race_aware
2330,0.0,0.0,temporal_1,race_aware
3026,0.0,0.0,temporal_1,race_aware
2514,0.0,0.0,temporal_1,race_aware
3191,0.0,0.0,temporal_1,race_aware
2360,0.0,0.0,temporal_1,race_aware
3005,0.0,0.0,temporal_1,race_aware
3046,0.0,0.0,temporal_1,race_aware
3312,0.0,0.0,temporal_1,race_aware
3193,0.0,0.0,temporal_1,race_aware
2719,0.0,0.0,temporal_1,race_aware
3098,0.0,0.0,temporal_1,race_aware
2887,0.0,0.0,temporal_1,race_aware
2703,0.0,0.0,temporal_1,race_aware
2375,0.0,0.0,temporal_1,race_aware
2991,0.0,0.0,temporal_1,race_aware
3245,0.0,0.0,temporal_1,race_aware
2430,0.0,0.0,temporal_1,race_aware
2432,0.0,0.0,temporal_1,race_aware
2318,0.0,0.0,temporal_1,race_aware
2698,0.0,0.0,temporal_1,race_aware
2564,0.0,0.0,temporal_1,race_aware
2549,0.0,0.0,temporal_1,race_aware
2370,0.0,0.0,temporal_1,race_aware
2387,0.0,0.0,temporal_1,race_aware
2771,0.0,0.0,temporal_1,race_aware
2595,0.0,0.0,temporal_1,race_aware
2807,0.0,0.0,temporal_1,race_aware
3113,0.0,0.0,temporal_1,race_aware
2297,0.0,0.0,temporal_1,race_aware
3058,0.0,0.0,temporal_1,race_aware
2802,0.0,0.0,temporal_1,race_aware
2735,0.0,0.0,temporal_1,race_aware
3310,0.0,0.0,temporal_1,race_aware
2572,0.0,0.0,temporal_1,race_aware
2917,0.0,0.0,temporal_1,race_aware
3166,0.0,0.0,temporal_1,race_aware
2452,0.0,0.0,temporal_1,race_aware
3307,0.0,0.0,temporal_1,race_aware
2544,0.0,0.0,temporal_1,race_aware
2362,0.0,0.0,temporal_1,race_aware
3278,0.0,0.0,temporal_1,race_aware
3210,0.0,0.0,temporal_1,race_aware
2998,0.0,0.0,temporal_1,race_aware
3125,0.0,0.0,temporal_1,race_aware
2768,0.0,0.0,temporal_1,race_aware
2890,0.0,0.0,temporal_1,race_aware
3132,0.0,0.0,temporal_1,race_aware
3402,0.0,0.0,temporal_1,race_aware
2344,0.0,0.0,temporal_1,race_aware
3389,0.0,0.0,temporal_1,race_aware
2570,0.0,0.0,temporal_1,race_aware
2472,0.0,0.0,temporal_1,race_aware
2819,0.0,0.0,temporal_1,race_aware
3073,0.0,0.0,temporal_1,race_aware
2827,0.0,0.0,temporal_1,race_aware
2325,0.0,0.0,temporal_1,race_aware
2672,0.0,0.0,temporal_1,race_aware
3403,0.0,0.0,temporal_1,race_aware
2834,0.0,0.0,temporal_1,race_aware
2962,0.0,0.0,temporal_1,race_aware
2685,0.0,0.0,temporal_1,race_aware
2723,0.0,0.0,temporal_1,race_aware
3107,0.0,0.0,temporal_1,race_aware
2801,0.0,0.0,temporal_1,race_aware
3405,0.0,0.0,temporal_1,race_aware
3012,0.0,0.0,temporal_1,race_aware
3096,0.0,0.0,temporal_1,race_aware
2696,0.0,0.0,temporal_1,race_aware
2521,0.0,0.0,temporal_1,race_aware
3024,0.0,0.0,temporal_1,race_aware
2752,0.0,0.0,temporal_1,race_aware
2662,0.0,0.0,temporal_1,race_aware
2402,0.0,0.0,temporal_1,race_aware
2573,0.0,0.0,temporal_1,race_aware
2305,0.0,0.0,temporal_1,race_aware
3250,0.0,0.0,temporal_1,race_aware
2967,0.0,0.0,temporal_1,race_aware
2645,0.0,0.0,temporal_1,race_aware
2797,0.0,0.0,temporal_1,race_aware
2852,0.0,0.0,temporal_1,race_aware
2803,0.0,0.0,temporal_1,race_aware
2448,0.0,0.0,temporal_1,race_aware
2808,0.0,0.0,temporal_1,race_aware
3214,0.0,0.0,temporal_1,race_aware
3399,0.0,0.0,temporal_1,race_aware
2944,0.0,0.0,temporal_1,race_aware
2414,0.0,0.0,temporal_1,race_aware
2815,0.0,0.0,temporal_1,race_aware
2656,0.0,0.0,temporal_1,race_aware
2517,0.0,0.0,temporal_1,race_aware
2607,0.0,0.0,temporal_1,race_aware
2605,0.0,0.0,temporal_1,race_aware
3075,0.0,0.0,temporal_1,race_aware
3062,0.6842105263157895,0.04549423,temporal_1,race_aware
3178,0.6842105263157895,0.053325936,temporal_1,race_aware
2563,0.6842105263157895,0.057434708,temporal_1,race_aware
3314,0.6842105263157895,0.052908406,temporal_1,race_aware
2606,0.6842105263157895,0.053325936,temporal_1,race_aware
2383,0.6842105263157895,0.055654734,temporal_1,race_aware
2800,0.6842105263157895,0.055654734,temporal_1,race_aware
2330,0.6842105263157895,0.08501503,temporal_1,race_aware
3026,0.6842105263157895,0.05959043,temporal_1,race_aware
2514,0.6842105263157895,0.05946061,temporal_1,race_aware
3191,0.6842105263157895,0.06436442,temporal_1,race_aware
2360,0.6842105263157895,0.052908406,temporal_1,race_aware
3005,0.6842105263157895,0.053325936,temporal_1,race_aware
3046,0.6842105263157895,0.04549423,temporal_1,race_aware
3312,0.6842105263157895,0.06436442,temporal_1,race_aware
3193,0.6842105263157895,0.081340134,temporal_1,race_aware
2719,0.6842105263157895,0.07051359,temporal_1,race_aware
3098,0.6842105263157895,0.055654734,temporal_1,race_aware
2887,0.6842105263157895,0.055654734,temporal_1,race_aware
2703,0.6842105263157895,0.040330887,temporal_1,race_aware
2375,0.6842105263157895,0.055654734,temporal_1,race_aware
2991,0.6842105263157895,0.08501503,temporal_1,race_aware
3245,0.6842105263157895,0.04549423,temporal_1,race_aware
2430,0.6842105263157895,0.038617417,temporal_1,race_aware
2432,0.6842105263157895,0.053325936,temporal_1,race_aware
2318,0.6842105263157895,0.0518322,temporal_1,race_aware
2698,0.6842105263157895,0.053325936,temporal_1,race_aware
2564,0.6842105263157895,0.039134495,temporal_1,race_aware
2549,0.6842105263157895,0.054451704,temporal_1,race_aware
2370,0.6842105263157895,0.052908406,temporal_1,race_aware
2387,0.6842105263157895,0.035652936,temporal_1,race_aware
2771,0.6842105263157895,0.053325936,temporal_1,race_aware
2595,0.6842105263157895,0.038617417,temporal_1,race_aware
2807,0.6842105263157895,0.052908406,temporal_1,race_aware
3113,0.6842105263157895,0.08179097,temporal_1,race_aware
2297,0.6842105263157895,0.052908406,temporal_1,race_aware
3058,0.6842105263157895,0.055654734,temporal_1,race_aware
2802,0.6842105263157895,0.038617417,temporal_1,race_aware
2735,0.6842105263157895,0.055654734,temporal_1,race_aware
3310,0.6842105263157895,0.055654734,temporal_1,race_aware
2572,0.6842105263157895,0.039134495,temporal_1,race_aware
2917,0.6842105263157895,0.05801305,temporal_1,race_aware
3166,0.6842105263157895,0.053325936,temporal_1,race_aware
2452,0.6842105263157895,0.03705667,temporal_1,race_aware
3307,0.6842105263157895,0.055654734,temporal_1,race_aware
2544,0.6842105263157895,0.053325936,temporal_1,race_aware
2362,0.6842105263157895,0.035652936,temporal_1,race_aware
3278,0.6842105263157895,0.05801305,temporal_1,race_aware
3210,0.6842105263157895,0.035652936,temporal_1,race_aware
2998,0.6842105263157895,0.05801305,temporal_1,race_aware
3125,0.6842105263157895,0.10884163,temporal_1,race_aware
2768,0.6842105263157895,0.052908406,temporal_1,race_aware
2890,0.6842105263157895,0.053325936,temporal_1,race_aware
3132,0.6842105263157895,0.055654734,temporal_1,race_aware
3402,0.6842105263157895,0.039134495,temporal_1,race_aware
2344,0.6842105263157895,0.055654734,temporal_1,race_aware
3389,0.6842105263157895,0.035652936,temporal_1,race_aware
2570,0.6842105263157895,0.06770462,temporal_1,race_aware
2472,0.6842105263157895,0.055654734,temporal_1,race_aware
2819,0.6842105263157895,0.035279177,temporal_1,race_aware
3073,0.6842105263157895,0.052908406,temporal_1,race_aware
2827,0.6842105263157895,0.070887074,temporal_1,race_aware
2325,0.6842105263157895,0.053325936,temporal_1,race_aware
2672,0.6842105263157895,0.054451704,temporal_1,race_aware
3403,0.6842105263157895,0.052908406,temporal_1,race_aware
2834,0.6842105263157895,0.054451704,temporal_1,race_aware
2962,0.6842105263157895,0.08501503,temporal_1,race_aware
2685,0.6842105263157895,0.10884163,temporal_1,race_aware
2723,0.6842105263157895,0.047806486,temporal_1,race_aware
3107,0.6842105263157895,0.040330887,temporal_1,race_aware
2801,0.6842105263157895,0.053325936,temporal_1,race_aware
3405,0.6842105263157895,0.06436442,temporal_1,race_aware
3012,0.6842105263157895,0.08501503,temporal_1,race_aware
3096,0.6842105263157895,0.039134495,temporal_1,race_aware
2696,0.6842105263157895,0.055654734,temporal_1,race_aware
2521,0.6842105263157895,0.06436442,temporal_1,race_aware
3024,0.6842105263157895,0.039134495,temporal_1,race_aware
2752,0.6842105263157895,0.055654734,temporal_1,race_aware
2662,0.6842105263157895,0.08501503,temporal_1,race_aware
2402,0.6842105263157895,0.053325936,temporal_1,race_aware
2573,0.6842105263157895,0.0510851,temporal_1,race_aware
2305,0.6842105263157895,0.053325936,temporal_1,race_aware
3250,0.6842105263157895,0.052908406,temporal_1,race_aware
2967,0.6842105263157895,0.053325936,temporal_1,race_aware
2645,0.6842105263157895,0.05447589,temporal_1,race_aware
2797,0.6842105263157895,0.08501503,temporal_1,race_aware
2852,0.6842105263157895,0.040330887,temporal_1,race_aware
2803,0.6842105263157895,0.052908406,temporal_1,race_aware
2448,0.6842105263157895,0.03492666,temporal_1,race_aware
2808,0.6842105263157895,0.055654734,temporal_1,race_aware
3214,0.6842105263157895,0.040330887,temporal_1,race_aware
3399,0.6842105263157895,0.08501503,temporal_1,race_aware
2944,0.6842105263157895,0.035652936,temporal_1,race_aware
2414,0.6842105263157895,0.035279177,temporal_1,race_aware
2815,0.6842105263157895,0.039134495,temporal_1,race_aware
2656,0.6842105263157895,0.05959043,temporal_1,race_aware
2517,0.6842105263157895,0.05447589,temporal_1,race_aware
2607,0.6842105263157895,0.070887074,temporal_1,race_aware
2605,0.6842105263157895,0.035652936,temporal_1,race_aware
3075,0.6842105263157895,0.08501503,temporal_1,race_aware
3062,1.368421052631579,0.089000285,temporal_1,race_aware
3178,1.368421052631579,0.104723334,temporal_1,race_aware
2563,1.368421052631579,0.10631254,temporal_1,race_aware
3314,1.368421052631579,0.1049805,temporal_1,race_aware
2606,1.368421052631579,0.104723334,temporal_1,race_aware
2383,1.368421052631579,0.11402163,temporal_1,race_aware
2800,1.368421052631579,0.11402163,temporal_1,race_aware
2330,1.368421052631579,0.15567058,temporal_1,race_aware
3026,1.368421052631579,0.11978634,temporal_1,race_aware
2514,1.368421052631579,0.12143701,temporal_1,race_aware
3191,1.368421052631579,0.12082122,temporal_1,race_aware
2360,1.368421052631579,0.1049805,temporal_1,race_aware
3005,1.368421052631579,0.104723334,temporal_1,race_aware
3046,1.368421052631579,0.089000285,temporal_1,race_aware
3312,1.368421052631579,0.12082122,temporal_1,race_aware
3193,1.368421052631579,0.15458429,temporal_1,race_aware
2719,1.368421052631579,0.14579599,temporal_1,race_aware
3098,1.368421052631579,0.11402163,temporal_1,race_aware
2887,1.368421052631579,0.11402163,temporal_1,race_aware
2703,1.368421052631579,0.072365716,temporal_1,race_aware
2375,1.368421052631579,0.11402163,temporal_1,race_aware
2991,1.368421052631579,0.15567058,temporal_1,race_aware
3245,1.368421052631579,0.089000285,temporal_1,race_aware
2430,1.368421052631579,0.07183261,temporal_1,race_aware
2432,1.368421052631579,0.104723334,temporal_1,race_aware
2318,1.368421052631579,0.099185556,temporal_1,race_aware
2698,1.368421052631579,0.104723334,temporal_1,race_aware
2564,1.368421052631579,0.07066142,temporal_1,race_aware
2549,1.368421052631579,0.10017322,temporal_1,race_aware
2370,1.368421052631579,0.1049805,temporal_1,race_aware
2387,1.368421052631579,0.06709337,temporal_1,race_aware
2771,1.368421052631579,0.104723334,temporal_1,race_aware
2595,1.368421052631579,0.07183261,temporal_1,race_aware
2807,1.368421052631579,0.1049805,temporal_1,race_aware
3113,1.368421052631579,0.15082021,temporal_1,race_aware
2297,1.368421052631579,0.1049805,temporal_1,race_aware
3058,1.368421052631579,0.11402163,temporal_1,race_aware
2802,1.368421052631579,0.07183261,temporal_1,race_aware
2735,1.368421052631579,0.11402163,temporal_1,race_aware
3310,1.368421052631579,0.11402163,temporal_1,race_aware
2572,1.368421052631579,0.07066142,temporal_1,race_aware
2917,1.368421052631579,0.12550756,temporal_1,race_aware
3166,1.368421052631579,0.104723334,temporal_1,race_aware
2452,1.368421052631579,0.072696745,temporal_1,race_aware
3307,1.368421052631579,0.11402163,temporal_1,race_aware
2544,1.368421052631579,0.104723334,temporal_1,race_aware
2362,1.368421052631579,0.06709337,temporal_1,race_aware
3278,1.368421052631579,0.12550756,temporal_1,race_aware
3210,1.368421052631579,0.06709337,temporal_1,race_aware
2998,1.368421052631579,0.12550756,temporal_1,race_aware
3125,1.368421052631579,0.19326964,temporal_1,race_aware
2768,1.368421052631579,0.1049805,temporal_1,race_aware
2890,1.368421052631579,0.104723334,temporal_1,race_aware
3132,1.368421052631579,0.11402163,temporal_1,race_aware
3402,1.368421052631579,0.07066142,temporal_1,race_aware
2344,1.368421052631579,0.11402163,temporal_1,race_aware
3389,1.368421052631579,0.06709337,temporal_1,race_aware
2570,1.368421052631579,0.13784263,temporal_1,race_aware
2472,1.368421052631579,0.11402163,temporal_1,race_aware
2819,1.368421052631579,0.066371985,temporal_1,race_aware
3073,1.368421052631579,0.1049805,temporal_1,race_aware
2827,1.368421052631579,0.13511367,temporal_1,race_aware
2325,1.368421052631579,0.104723334,temporal_1,race_aware
2672,1.368421052631579,0.10017322,temporal_1,race_aware
3403,1.368421052631579,0.1049805,temporal_1,race_aware
2834,1.368421052631579,0.10017322,temporal_1,race_aware
2962,1.368421052631579,0.15567058,temporal_1,race_aware
2685,1.368421052631579,0.19326964,temporal_1,race_aware
2723,1.368421052631579,0.10278745,temporal_1,race_aware
3107,1.368421052631579,0.072365716,temporal_1,race_aware
2801,1.368421052631579,0.104723334,temporal_1,race_aware
3405,1.368421052631579,0.12082122,temporal_1,race_aware
3012,1.368421052631579,0.15567058,temporal_1,race_aware
3096,1.368421052631579,0.07066142,temporal_1,race_aware
2696,1.368421052631579,0.11402163,temporal_1,race_aware
2521,1.368421052631579,0.12082122,temporal_1,race_aware
3024,1.368421052631579,0.07066142,temporal_1,race_aware
2752,1.368421052631579,0.11402163,temporal_1,race_aware
2662,1.368421052631579,0.15567058,temporal_1,race_aware
2402,1.368421052631579,0.104723334,temporal_1,race_aware
2573,1.368421052631579,0.10635103,temporal_1,race_aware
2305,1.368421052631579,0.104723334,temporal_1,race_aware
3250,1.368421052631579,0.1049805,temporal_1,race_aware
2967,1.368421052631579,0.104723334,temporal_1,race_aware
2645,1.368421052631579,0.104755044,temporal_1,race_aware
2797,1.368421052631579,0.15567058,temporal_1,race_aware
2852,1.368421052631579,0.072365716,temporal_1,race_aware
2803,1.368421052631579,0.1049805,temporal_1,race_aware
2448,1.368421052631579,0.06291743,temporal_1,race_aware
2808,1.368421052631579,0.11402163,temporal_1,race_aware
3214,1.368421052631579,0.072365716,temporal_1,race_aware
3399,1.368421052631579,0.15567058,temporal_1,race_aware
2944,1.368421052631579,0.06709337,temporal_1,race_aware
2414,1.368421052631579,0.066371985,temporal_1,race_aware
2815,1.368421052631579,0.07066142,temporal_1,race_aware
2656,1.368421052631579,0.11978634,temporal_1,race_aware
2517,1.368421052631579,0.104755044,temporal_1,race_aware
2607,1.368421052631579,0.13511367,temporal_1,race_aware
2605,1.368421052631579,0.06709337,temporal_1,race_aware
3075,1.368421052631579,0.15567058,temporal_1,race_aware
3062,2.0526315789473686,0.13848907,temporal_1,race_aware
3178,2.0526315789473686,0.14858416,temporal_1,race_aware
2563,2.0526315789473686,0.14525467,temporal_1,race_aware
3314,2.0526315789473686,0.14604431,temporal_1,race_aware
2606,2.0526315789473686,0.14858416,temporal_1,race_aware
2383,2.0526315789473686,0.15398854,temporal_1,race_aware
2800,2.0526315789473686,0.15398854,temporal_1,race_aware
2330,2.0526315789473686,0.19007155,temporal_1,race_aware
3026,2.0526315789473686,0.17293628,temporal_1,race_aware
2514,2.0526315789473686,0.17280275,temporal_1,race_aware
3191,2.0526315789473686,0.16914256,temporal_1,race_aware
2360,2.0526315789473686,0.14604431,temporal_1,race_aware
3005,2.0526315789473686,0.14858416,temporal_1,race_aware
3046,2.0526315789473686,0.13848907,temporal_1,race_aware
3312,2.0526315789473686,0.16914256,temporal_1,race_aware
3193,2.0526315789473686,0.19834024,temporal_1,race_aware
2719,2.0526315789473686,0.19669543,temporal_1,race_aware
3098,2.0526315789473686,0.15398854,temporal_1,race_aware
2887,2.0526315789473686,0.15398854,temporal_1,race_aware
2703,2.0526315789473686,0.09989269,temporal_1,race_aware
2375,2.0526315789473686,0.15398854,temporal_1,race_aware
2991,2.0526315789473686,0.19007155,temporal_1,race_aware
3245,2.0526315789473686,0.13848907,temporal_1,race_aware
2430,2.0526315789473686,0.101533756,temporal_1,race_aware
2432,2.0526315789473686,0.14858416,temporal_1,race_aware
2318,2.0526315789473686,0.15783986,temporal_1,race_aware
2698,2.0526315789473686,0.14858416,temporal_1,race_aware
2564,2.0526315789473686,0.09966429,temporal_1,race_aware
2549,2.0526315789473686,0.14391664,temporal_1,race_aware
2370,2.0526315789473686,0.14604431,temporal_1,race_aware
2387,2.0526315789473686,0.09816927,temporal_1,race_aware
2771,2.0526315789473686,0.14858416,temporal_1,race_aware
2595,2.0526315789473686,0.101533756,temporal_1,race_aware
2807,2.0526315789473686,0.14604431,temporal_1,race_aware
3113,2.0526315789473686,0.20556416,temporal_1,race_aware
2297,2.0526315789473686,0.14604431,temporal_1,race_aware
3058,2.0526315789473686,0.15398854,temporal_1,race_aware
2802,2.0526315789473686,0.101533756,temporal_1,race_aware
2735,2.0526315789473686,0.15398854,temporal_1,race_aware
3310,2.0526315789473686,0.15398854,temporal_1,race_aware
2572,2.0526315789473686,0.09966429,temporal_1,race_aware
2917,2.0526315789473686,0.16774526,temporal_1,race_aware
3166,2.0526315789473686,0.14858416,temporal_1,race_aware
2452,2.0526315789473686,0.10729849,temporal_1,race_aware
3307,2.0526315789473686,0.15398854,temporal_1,race_aware
2544,2.0526315789473686,0.14858416,temporal_1,race_aware
2362,2.0526315789473686,0.09816927,temporal_1,race_aware
3278,2.0526315789473686,0.16774526,temporal_1,race_aware
3210,2.0526315789473686,0.09816927,temporal_1,race_aware
2998,2.0526315789473686,0.16774526,temporal_1,race_aware
3125,2.0526315789473686,0.23585927,temporal_1,race_aware
2768,2.0526315789473686,0.14604431,temporal_1,race_aware
2890,2.0526315789473686,0.14858416,temporal_1,race_aware
3132,2.0526315789473686,0.15398854,temporal_1,race_aware
3402,2.0526315789473686,0.09966429,temporal_1,race_aware
2344,2.0526315789473686,0.15398854,temporal_1,race_aware
3389,2.0526315789473686,0.09816927,temporal_1,race_aware
2570,2.0526315789473686,0.17656592,temporal_1,race_aware
2472,2.0526315789473686,0.15398854,temporal_1,race_aware
2819,2.0526315789473686,0.09360812,temporal_1,race_aware
3073,2.0526315789473686,0.14604431,temporal_1,race_aware
2827,2.0526315789473686,0.18370499,temporal_1,race_aware
2325,2.0526315789473686,0.14858416,temporal_1,race_aware
2672,2.0526315789473686,0.14391664,temporal_1,race_aware
3403,2.0526315789473686,0.14604431,temporal_1,race_aware
2834,2.0526315789473686,0.14391664,temporal_1,race_aware
2962,2.0526315789473686,0.19007155,temporal_1,race_aware
2685,2.0526315789473686,0.23585927,temporal_1,race_aware
2723,2.0526315789473686,0.14529331,temporal_1,race_aware
3107,2.0526315789473686,0.09989269,temporal_1,race_aware
2801,2.0526315789473686,0.14858416,temporal_1,race_aware
3405,2.0526315789473686,0.16914256,temporal_1,race_aware
3012,2.0526315789473686,0.19007155,temporal_1,race_aware
3096,2.0526315789473686,0.09966429,temporal_1,race_aware
2696,2.0526315789473686,0.15398854,temporal_1,race_aware
2521,2.0526315789473686,0.16914256,temporal_1,race_aware
3024,2.0526315789473686,0.09966429,temporal_1,race_aware
2752,2.0526315789473686,0.15398854,temporal_1,race_aware
2662,2.0526315789473686,0.19007155,temporal_1,race_aware
2402,2.0526315789473686,0.14858416,temporal_1,race_aware
2573,2.0526315789473686,0.15656607,temporal_1,race_aware
2305,2.0526315789473686,0.14858416,temporal_1,race_aware
3250,2.0526315789473686,0.14604431,temporal_1,race_aware
2967,2.0526315789473686,0.14858416,temporal_1,race_aware
2645,2.0526315789473686,0.1582683,temporal_1,race_aware
2797,2.0526315789473686,0.19007155,temporal_1,race_aware
2852,2.0526315789473686,0.09989269,temporal_1,race_aware
2803,2.0526315789473686,0.14604431,temporal_1,race_aware
2448,2.0526315789473686,0.09237035,temporal_1,race_aware
2808,2.0526315789473686,0.15398854,temporal_1,race_aware
3214,2.0526315789473686,0.09989269,temporal_1,race_aware
3399,2.0526315789473686,0.19007155,temporal_1,race_aware
2944,2.0526315789473686,0.09816927,temporal_1,race_aware
2414,2.0526315789473686,0.09360812,temporal_1,race_aware
2815,2.0526315789473686,0.09966429,temporal_1,race_aware
2656,2.0526315789473686,0.17293628,temporal_1,race_aware
2517,2.0526315789473686,0.1582683,temporal_1,race_aware
2607,2.0526315789473686,0.18370499,temporal_1,race_aware
2605,2.0526315789473686,0.09816927,temporal_1,race_aware
3075,2.0526315789473686,0.19007155,temporal_1,race_aware
3062,2.736842105263158,0.1836411,temporal_1,race_aware
3178,2.736842105263158,0.19886115,temporal_1,race_aware
2563,2.736842105263158,0.1949999,temporal_1,race_aware
3314,2.736842105263158,0.18722919,temporal_1,race_aware
2606,2.736842105263158,0.19886115,temporal_1,race_aware
2383,2.736842105263158,0.20368627,temporal_1,race_aware
2800,2.736842105263158,0.20368627,temporal_1,race_aware
2330,2.736842105263158,0.22696808,temporal_1,race_aware
3026,2.736842105263158,0.22068898,temporal_1,race_aware
2514,2.736842105263158,0.2177056,temporal_1,race_aware
3191,2.736842105263158,0.22176372,temporal_1,race_aware
2360,2.736842105263158,0.18722919,temporal_1,race_aware
3005,2.736842105263158,0.19886115,temporal_1,race_aware
3046,2.736842105263158,0.1836411,temporal_1,race_aware
3312,2.736842105263158,0.22176372,temporal_1,race_aware
3193,2.736842105263158,0.2397523,temporal_1,race_aware
2719,2.736842105263158,0.2309462,temporal_1,race_aware
3098,2.736842105263158,0.20368627,temporal_1,race_aware
2887,2.736842105263158,0.20368627,temporal_1,race_aware
2703,2.736842105263158,0.12801012,temporal_1,race_aware
2375,2.736842105263158,0.20368627,temporal_1,race_aware
2991,2.736842105263158,0.22696808,temporal_1,race_aware
3245,2.736842105263158,0.1836411,temporal_1,race_aware
2430,2.736842105263158,0.13140464,temporal_1,race_aware
2432,2.736842105263158,0.19886115,temporal_1,race_aware
2318,2.736842105263158,0.20285866,temporal_1,race_aware
2698,2.736842105263158,0.19886115,temporal_1,race_aware
2564,2.736842105263158,0.12266526,temporal_1,race_aware
2549,2.736842105263158,0.20078665,temporal_1,race_aware
2370,2.736842105263158,0.18722919,temporal_1,race_aware
2387,2.736842105263158,0.1299822,temporal_1,race_aware
2771,2.736842105263158,0.19886115,temporal_1,race_aware
2595,2.736842105263158,0.13140464,temporal_1,race_aware
2807,2.736842105263158,0.18722919,temporal_1,race_aware
3113,2.736842105263158,0.23887612,temporal_1,race_aware
2297,2.736842105263158,0.18722919,temporal_1,race_aware
3058,2.736842105263158,0.20368627,temporal_1,race_aware
2802,2.736842105263158,0.13140464,temporal_1,race_aware
2735,2.736842105263158,0.20368627,temporal_1,race_aware
3310,2.736842105263158,0.20368627,temporal_1,race_aware
2572,2.736842105263158,0.12266526,temporal_1,race_aware
2917,2.736842105263158,0.19975793,temporal_1,race_aware
3166,2.736842105263158,0.19886115,temporal_1,race_aware
2452,2.736842105263158,0.13978885,temporal_1,race_aware
3307,2.736842105263158,0.20368627,temporal_1,race_aware
2544,2.736842105263158,0.19886115,temporal_1,race_aware
2362,2.736842105263158,0.1299822,temporal_1,race_aware
3278,2.736842105263158,0.19975793,temporal_1,race_aware
3210,2.736842105263158,0.1299822,temporal_1,race_aware
2998,2.736842105263158,0.19975793,temporal_1,race_aware
3125,2.736842105263158,0.27877015,temporal_1,race_aware
2768,2.736842105263158,0.18722919,temporal_1,race_aware
2890,2.736842105263158,0.19886115,temporal_1,race_aware
3132,2.736842105263158,0.20368627,temporal_1,race_aware
3402,2.736842105263158,0.12266526,temporal_1,race_aware
2344,2.736842105263158,0.20368627,temporal_1,race_aware
3389,2.736842105263158,0.1299822,temporal_1,race_aware
2570,2.736842105263158,0.22270426,temporal_1,race_aware
2472,2.736842105263158,0.20368627,temporal_1,race_aware
2819,2.736842105263158,0.11715988,temporal_1,race_aware
3073,2.736842105263158,0.18722919,temporal_1,race_aware
2827,2.736842105263158,0.2250465,temporal_1,race_aware
2325,2.736842105263158,0.19886115,temporal_1,race_aware
2672,2.736842105263158,0.20078665,temporal_1,race_aware
3403,2.736842105263158,0.18722919,temporal_1,race_aware
2834,2.736842105263158,0.20078665,temporal_1,race_aware
2962,2.736842105263158,0.22696808,temporal_1,race_aware
2685,2.736842105263158,0.27877015,temporal_1,race_aware
2723,2.736842105263158,0.19233654,temporal_1,race_aware
3107,2.736842105263158,0.12801012,temporal_1,race_aware
2801,2.736842105263158,0.19886115,temporal_1,race_aware
3405,2.736842105263158,0.22176372,temporal_1,race_aware
3012,2.736842105263158,0.22696808,temporal_1,race_aware
3096,2.736842105263158,0.12266526,temporal_1,race_aware
2696,2.736842105263158,0.20368627,temporal_1,race_aware
2521,2.736842105263158,0.22176372,temporal_1,race_aware
3024,2.736842105263158,0.12266526,temporal_1,race_aware
2752,2.736842105263158,0.20368627,temporal_1,race_aware
2662,2.736842105263158,0.22696808,temporal_1,race_aware
2402,2.736842105263158,0.19886115,temporal_1,race_aware
2573,2.736842105263158,0.20029263,temporal_1,race_aware
2305,2.736842105263158,0.19886115,temporal_1,race_aware
3250,2.736842105263158,0.18722919,temporal_1,race_aware
2967,2.736842105263158,0.19886115,temporal_1,race_aware
2645,2.736842105263158,0.20253685,temporal_1,race_aware
2797,2.736842105263158,0.22696808,temporal_1,race_aware
2852,2.736842105263158,0.12801012,temporal_1,race_aware
2803,2.736842105263158,0.18722919,temporal_1,race_aware
2448,2.736842105263158,0.12213733,temporal_1,race_aware
2808,2.736842105263158,0.20368627,temporal_1,race_aware
3214,2.736842105263158,0.12801012,temporal_1,race_aware
3399,2.736842105263158,0.22696808,temporal_1,race_aware
2944,2.736842105263158,0.1299822,temporal_1,race_aware
2414,2.736842105263158,0.11715988,temporal_1,race_aware
2815,2.736842105263158,0.12266526,temporal_1,race_aware
2656,2.736842105263158,0.22068898,temporal_1,race_aware
2517,2.736842105263158,0.20253685,temporal_1,race_aware
2607,2.736842105263158,0.2250465,temporal_1,race_aware
2605,2.736842105263158,0.1299822,temporal_1,race_aware
3075,2.736842105263158,0.22696808,temporal_1,race_aware
3062,3.4210526315789473,0.22315434,temporal_1,race_aware
3178,3.4210526315789473,0.24106053,temporal_1,race_aware
2563,3.4210526315789473,0.2340459,temporal_1,race_aware
3314,3.4210526315789473,0.23348594,temporal_1,race_aware
2606,3.4210526315789473,0.24106053,temporal_1,race_aware
2383,3.4210526315789473,0.24851602,temporal_1,race_aware
2800,3.4210526315789473,0.24851602,temporal_1,race_aware
2330,3.4210526315789473,0.24760124,temporal_1,race_aware
3026,3.4210526315789473,0.25091016,temporal_1,race_aware
2514,3.4210526315789473,0.26271573,temporal_1,race_aware
3191,3.4210526315789473,0.26597065,temporal_1,race_aware
2360,3.4210526315789473,0.23348594,temporal_1,race_aware
3005,3.4210526315789473,0.24106053,temporal_1,race_aware
3046,3.4210526315789473,0.22315434,temporal_1,race_aware
3312,3.4210526315789473,0.26597065,temporal_1,race_aware
3193,3.4210526315789473,0.2612787,temporal_1,race_aware
2719,3.4210526315789473,0.27352107,temporal_1,race_aware
3098,3.4210526315789473,0.24851602,temporal_1,race_aware
2887,3.4210526315789473,0.24851602,temporal_1,race_aware
2703,3.4210526315789473,0.16276574,temporal_1,race_aware
2375,3.4210526315789473,0.24851602,temporal_1,race_aware
2991,3.4210526315789473,0.24760124,temporal_1,race_aware
3245,3.4210526315789473,0.22315434,temporal_1,race_aware
2430,3.4210526315789473,0.16642852,temporal_1,race_aware
2432,3.4210526315789473,0.24106053,temporal_1,race_aware
2318,3.4210526315789473,0.24455068,temporal_1,race_aware
2698,3.4210526315789473,0.24106053,temporal_1,race_aware
2564,3.4210526315789473,0.15858144,temporal_1,race_aware
2549,3.4210526315789473,0.25333852,temporal_1,race_aware
2370,3.4210526315789473,0.23348594,temporal_1,race_aware
2387,3.4210526315789473,0.16587737,temporal_1,race_aware
2771,3.4210526315789473,0.24106053,temporal_1,race_aware
2595,3.4210526315789473,0.16642852,temporal_1,race_aware
2807,3.4210526315789473,0.23348594,temporal_1,race_aware
3113,3.4210526315789473,0.26267862,temporal_1,race_aware
2297,3.4210526315789473,0.23348594,temporal_1,race_aware
3058,3.4210526315789473,0.24851602,temporal_1,race_aware
2802,3.4210526315789473,0.16642852,temporal_1,race_aware
2735,3.4210526315789473,0.24851602,temporal_1,race_aware
3310,3.4210526315789473,0.24851602,temporal_1,race_aware
2572,3.4210526315789473,0.15858144,temporal_1,race_aware
2917,3.4210526315789473,0.22648221,temporal_1,race_aware
3166,3.4210526315789473,0.24106053,temporal_1,race_aware
2452,3.4210526315789473,0.16745138,temporal_1,race_aware
3307,3.4210526315789473,0.24851602,temporal_1,race_aware
2544,3.4210526315789473,0.24106053,temporal_1,race_aware
2362,3.4210526315789473,0.16587737,temporal_1,race_aware
3278,3.4210526315789473,0.22648221,temporal_1,race_aware
3210,3.4210526315789473,0.16587737,temporal_1,race_aware
2998,3.4210526315789473,0.22648221,temporal_1,race_aware
3125,3.4210526315789473,0.30943137,temporal_1,race_aware
2768,3.4210526315789473,0.23348594,temporal_1,race_aware
2890,3.4210526315789473,0.24106053,temporal_1,race_aware
3132,3.4210526315789473,0.24851602,temporal_1,race_aware
3402,3.4210526315789473,0.15858144,temporal_1,race_aware
2344,3.4210526315789473,0.24851602,temporal_1,race_aware
3389,3.4210526315789473,0.16587737,temporal_1,race_aware
2570,3.4210526315789473,0.26239824,temporal_1,race_aware
2472,3.4210526315789473,0.24851602,temporal_1,race_aware
2819,3.4210526315789473,0.15164301,temporal_1,race_aware
3073,3.4210526315789473,0.23348594,temporal_1,race_aware
2827,3.4210526315789473,0.26075596,temporal_1,race_aware
2325,3.4210526315789473,0.24106053,temporal_1,race_aware
2672,3.4210526315789473,0.25333852,temporal_1,race_aware
3403,3.4210526315789473,0.23348594,temporal_1,race_aware
2834,3.4210526315789473,0.25333852,temporal_1,race_aware
2962,3.4210526315789473,0.24760124,temporal_1,race_aware
2685,3.4210526315789473,0.30943137,temporal_1,race_aware
2723,3.4210526315789473,0.22994222,temporal_1,race_aware
3107,3.4210526315789473,0.16276574,temporal_1,race_aware
2801,3.4210526315789473,0.24106053,temporal_1,race_aware
3405,3.4210526315789473,0.26597065,temporal_1,race_aware
3012,3.4210526315789473,0.24760124,temporal_1,race_aware
3096,3.4210526315789473,0.15858144,temporal_1,race_aware
2696,3.4210526315789473,0.24851602,temporal_1,race_aware
2521,3.4210526315789473,0.26597065,temporal_1,race_aware
3024,3.4210526315789473,0.15858144,temporal_1,race_aware
2752,3.4210526315789473,0.24851602,temporal_1,race_aware
2662,3.4210526315789473,0.24760124,temporal_1,race_aware
2402,3.4210526315789473,0.24106053,temporal_1,race_aware
2573,3.4210526315789473,0.24665694,temporal_1,race_aware
2305,3.4210526315789473,0.24106053,temporal_1,race_aware
3250,3.4210526315789473,0.23348594,temporal_1,race_aware
2967,3.4210526315789473,0.24106053,temporal_1,race_aware
2645,3.4210526315789473,0.25041702,temporal_1,race_aware
2797,3.4210526315789473,0.24760124,temporal_1,race_aware
2852,3.4210526315789473,0.16276574,temporal_1,race_aware
2803,3.4210526315789473,0.23348594,temporal_1,race_aware
2448,3.4210526315789473,0.1533722,temporal_1,race_aware
2808,3.4210526315789473,0.24851602,temporal_1,race_aware
3214,3.4210526315789473,0.16276574,temporal_1,race_aware
3399,3.4210526315789473,0.24760124,temporal_1,race_aware
2944,3.4210526315789473,0.16587737,temporal_1,race_aware
2414,3.4210526315789473,0.15164301,temporal_1,race_aware
2815,3.4210526315789473,0.15858144,temporal_1,race_aware
2656,3.4210526315789473,0.25091016,temporal_1,race_aware
2517,3.4210526315789473,0.25041702,temporal_1,race_aware
2607,3.4210526315789473,0.26075596,temporal_1,race_aware
2605,3.4210526315789473,0.16587737,temporal_1,race_aware
3075,3.4210526315789473,0.24760124,temporal_1,race_aware
3062,4.105263157894737,0.2538189,temporal_1,race_aware
3178,4.105263157894737,0.27399954,temporal_1,race_aware
2563,4.105263157894737,0.26890132,temporal_1,race_aware
3314,4.105263157894737,0.26618034,temporal_1,race_aware
2606,4.105263157894737,0.27399954,temporal_1,race_aware
2383,4.105263157894737,0.28036338,temporal_1,race_aware
2800,4.105263157894737,0.28036338,temporal_1,race_aware
2330,4.105263157894737,0.26491866,temporal_1,race_aware
3026,4.105263157894737,0.2824182,temporal_1,race_aware
2514,4.105263157894737,0.29507434,temporal_1,race_aware
3191,4.105263157894737,0.29772717,temporal_1,race_aware
2360,4.105263157894737,0.26618034,temporal_1,race_aware
3005,4.105263157894737,0.27399954,temporal_1,race_aware
3046,4.105263157894737,0.2538189,temporal_1,race_aware
3312,4.105263157894737,0.29772717,temporal_1,race_aware
3193,4.105263157894737,0.2766896,temporal_1,race_aware
2719,4.105263157894737,0.29490966,temporal_1,race_aware
3098,4.105263157894737,0.28036338,temporal_1,race_aware
2887,4.105263157894737,0.28036338,temporal_1,race_aware
2703,4.105263157894737,0.19260263,temporal_1,race_aware
2375,4.105263157894737,0.28036338,temporal_1,race_aware
2991,4.105263157894737,0.26491866,temporal_1,race_aware
3245,4.105263157894737,0.2538189,temporal_1,race_aware
2430,4.105263157894737,0.18701182,temporal_1,race_aware
2432,4.105263157894737,0.27399954,temporal_1,race_aware
2318,4.105263157894737,0.27610293,temporal_1,race_aware
2698,4.105263157894737,0.27399954,temporal_1,race_aware
2564,4.105263157894737,0.18582308,temporal_1,race_aware
2549,4.105263157894737,0.2836856,temporal_1,race_aware
2370,4.105263157894737,0.26618034,temporal_1,race_aware
2387,4.105263157894737,0.19134852,temporal_1,race_aware
2771,4.105263157894737,0.27399954,temporal_1,race_aware
2595,4.105263157894737,0.18701182,temporal_1,race_aware
2807,4.105263157894737,0.26618034,temporal_1,race_aware
3113,4.105263157894737,0.28032494,temporal_1,race_aware
2297,4.105263157894737,0.26618034,temporal_1,race_aware
3058,4.105263157894737,0.28036338,temporal_1,race_aware
2802,4.105263157894737,0.18701182,temporal_1,race_aware
2735,4.105263157894737,0.28036338,temporal_1,race_aware
3310,4.105263157894737,0.28036338,temporal_1,race_aware
2572,4.105263157894737,0.18582308,temporal_1,race_aware
2917,4.105263157894737,0.24312049,temporal_1,race_aware
3166,4.105263157894737,0.27399954,temporal_1,race_aware
2452,4.105263157894737,0.19973066,temporal_1,race_aware
3307,4.105263157894737,0.28036338,temporal_1,race_aware
2544,4.105263157894737,0.27399954,temporal_1,race_aware
2362,4.105263157894737,0.19134852,temporal_1,race_aware
3278,4.105263157894737,0.24312049,temporal_1,race_aware
3210,4.105263157894737,0.19134852,temporal_1,race_aware
2998,4.105263157894737,0.24312049,temporal_1,race_aware
3125,4.105263157894737,0.32353312,temporal_1,race_aware
2768,4.105263157894737,0.26618034,temporal_1,race_aware
2890,4.105263157894737,0.27399954,temporal_1,race_aware
3132,4.105263157894737,0.28036338,temporal_1,race_aware
3402,4.105263157894737,0.18582308,temporal_1,race_aware
2344,4.105263157894737,0.28036338,temporal_1,race_aware
3389,4.105263157894737,0.19134852,temporal_1,race_aware
2570,4.105263157894737,0.28431696,temporal_1,race_aware
2472,4.105263157894737,0.28036338,temporal_1,race_aware
2819,4.105263157894737,0.17462224,temporal_1,race_aware
3073,4.105263157894737,0.26618034,temporal_1,race_aware
2827,4.105263157894737,0.2828012,temporal_1,race_aware
2325,4.105263157894737,0.27399954,temporal_1,race_aware
2672,4.105263157894737,0.2836856,temporal_1,race_aware
3403,4.105263157894737,0.26618034,temporal_1,race_aware
2834,4.105263157894737,0.2836856,temporal_1,race_aware
2962,4.105263157894737,0.26491866,temporal_1,race_aware
2685,4.105263157894737,0.32353312,temporal_1,race_aware
2723,4.105263157894737,0.26042962,temporal_1,race_aware
3107,4.105263157894737,0.19260263,temporal_1,race_aware
2801,4.105263157894737,0.27399954,temporal_1,race_aware
3405,4.105263157894737,0.29772717,temporal_1,race_aware
3012,4.105263157894737,0.26491866,temporal_1,race_aware
3096,4.105263157894737,0.18582308,temporal_1,race_aware
2696,4.105263157894737,0.28036338,temporal_1,race_aware
2521,4.105263157894737,0.29772717,temporal_1,race_aware
3024,4.105263157894737,0.18582308,temporal_1,race_aware
2752,4.105263157894737,0.28036338,temporal_1,race_aware
2662,4.105263157894737,0.26491866,temporal_1,race_aware
2402,4.105263157894737,0.27399954,temporal_1,race_aware
2573,4.105263157894737,0.28333634,temporal_1,race_aware
2305,4.105263157894737,0.27399954,temporal_1,race_aware
3250,4.105263157894737,0.26618034,temporal_1,race_aware
2967,4.105263157894737,0.27399954,temporal_1,race_aware
2645,4.105263157894737,0.2780968,temporal_1,race_aware
2797,4.105263157894737,0.26491866,temporal_1,race_aware
2852,4.105263157894737,0.19260263,temporal_1,race_aware
2803,4.105263157894737,0.26618034,temporal_1,race_aware
2448,4.105263157894737,0.1738734,temporal_1,race_aware
2808,4.105263157894737,0.28036338,temporal_1,race_aware
3214,4.105263157894737,0.19260263,temporal_1,race_aware
3399,4.105263157894737,0.26491866,temporal_1,race_aware
2944,4.105263157894737,0.19134852,temporal_1,race_aware
2414,4.105263157894737,0.17462224,temporal_1,race_aware
2815,4.105263157894737,0.18582308,temporal_1,race_aware
2656,4.105263157894737,0.2824182,temporal_1,race_aware
2517,4.105263157894737,0.2780968,temporal_1,race_aware
2607,4.105263157894737,0.2828012,temporal_1,race_aware
2605,4.105263157894737,0.19134852,temporal_1,race_aware
3075,4.105263157894737,0.26491866,temporal_1,race_aware
3062,4.7894736842105265,0.28576875,temporal_1,race_aware
3178,4.7894736842105265,0.30797586,temporal_1,race_aware
2563,4.7894736842105265,0.2971272,temporal_1,race_aware
3314,4.7894736842105265,0.29277298,temporal_1,race_aware
2606,4.7894736842105265,0.30797586,temporal_1,race_aware
2383,4.7894736842105265,0.3154074,temporal_1,race_aware
2800,4.7894736842105265,0.3154074,temporal_1,race_aware
2330,4.7894736842105265,0.28250024,temporal_1,race_aware
3026,4.7894736842105265,0.305817,temporal_1,race_aware
2514,4.7894736842105265,0.31846043,temporal_1,race_aware
3191,4.7894736842105265,0.33295006,temporal_1,race_aware
2360,4.7894736842105265,0.29277298,temporal_1,race_aware
3005,4.7894736842105265,0.30797586,temporal_1,race_aware
3046,4.7894736842105265,0.28576875,temporal_1,race_aware
3312,4.7894736842105265,0.33295006,temporal_1,race_aware
3193,4.7894736842105265,0.28788596,temporal_1,race_aware
2719,4.7894736842105265,0.3198619,temporal_1,race_aware
3098,4.7894736842105265,0.3154074,temporal_1,race_aware
2887,4.7894736842105265,0.3154074,temporal_1,race_aware
2703,4.7894736842105265,0.21493796,temporal_1,race_aware
2375,4.7894736842105265,0.3154074,temporal_1,race_aware
2991,4.7894736842105265,0.28250024,temporal_1,race_aware
3245,4.7894736842105265,0.28576875,temporal_1,race_aware
2430,4.7894736842105265,0.22075973,temporal_1,race_aware
2432,4.7894736842105265,0.30797586,temporal_1,race_aware
2318,4.7894736842105265,0.30107495,temporal_1,race_aware
2698,4.7894736842105265,0.30797586,temporal_1,race_aware
2564,4.7894736842105265,0.21783614,temporal_1,race_aware
2549,4.7894736842105265,0.30457583,temporal_1,race_aware
2370,4.7894736842105265,0.29277298,temporal_1,race_aware
2387,4.7894736842105265,0.21798676,temporal_1,race_aware
2771,4.7894736842105265,0.30797586,temporal_1,race_aware
2595,4.7894736842105265,0.22075973,temporal_1,race_aware
2807,4.7894736842105265,0.29277298,temporal_1,race_aware
3113,4.7894736842105265,0.29870927,temporal_1,race_aware
2297,4.7894736842105265,0.29277298,temporal_1,race_aware
3058,4.7894736842105265,0.3154074,temporal_1,race_aware
2802,4.7894736842105265,0.22075973,temporal_1,race_aware
2735,4.7894736842105265,0.3154074,temporal_1,race_aware
3310,4.7894736842105265,0.3154074,temporal_1,race_aware
2572,4.7894736842105265,0.21783614,temporal_1,race_aware
2917,4.7894736842105265,0.25958812,temporal_1,race_aware
3166,4.7894736842105265,0.30797586,temporal_1,race_aware
2452,4.7894736842105265,0.23322877,temporal_1,race_aware
3307,4.7894736842105265,0.3154074,temporal_1,race_aware
2544,4.7894736842105265,0.30797586,temporal_1,race_aware
2362,4.7894736842105265,0.21798676,temporal_1,race_aware
3278,4.7894736842105265,0.25958812,temporal_1,race_aware
3210,4.7894736842105265,0.21798676,temporal_1,race_aware
2998,4.7894736842105265,0.25958812,temporal_1,race_aware
3125,4.7894736842105265,0.33228552,temporal_1,race_aware
2768,4.7894736842105265,0.29277298,temporal_1,race_aware
2890,4.7894736842105265,0.30797586,temporal_1,race_aware
3132,4.7894736842105265,0.3154074,temporal_1,race_aware
3402,4.7894736842105265,0.21783614,temporal_1,race_aware
2344,4.7894736842105265,0.3154074,temporal_1,race_aware
3389,4.7894736842105265,0.21798676,temporal_1,race_aware
2570,4.7894736842105265,0.30973232,temporal_1,race_aware
2472,4.7894736842105265,0.3154074,temporal_1,race_aware
2819,4.7894736842105265,0.2057521,temporal_1,race_aware
3073,4.7894736842105265,0.29277298,temporal_1,race_aware
2827,4.7894736842105265,0.31061465,temporal_1,race_aware
2325,4.7894736842105265,0.30797586,temporal_1,race_aware
2672,4.7894736842105265,0.30457583,temporal_1,race_aware
3403,4.7894736842105265,0.29277298,temporal_1,race_aware
2834,4.7894736842105265,0.30457583,temporal_1,race_aware
2962,4.7894736842105265,0.28250024,temporal_1,race_aware
2685,4.7894736842105265,0.33228552,temporal_1,race_aware
2723,4.7894736842105265,0.2924025,temporal_1,race_aware
3107,4.7894736842105265,0.21493796,temporal_1,race_aware
2801,4.7894736842105265,0.30797586,temporal_1,race_aware
3405,4.7894736842105265,0.33295006,temporal_1,race_aware
3012,4.7894736842105265,0.28250024,temporal_1,race_aware
3096,4.7894736842105265,0.21783614,temporal_1,race_aware
2696,4.7894736842105265,0.3154074,temporal_1,race_aware
2521,4.7894736842105265,0.33295006,temporal_1,race_aware
3024,4.7894736842105265,0.21783614,temporal_1,race_aware
2752,4.7894736842105265,0.3154074,temporal_1,race_aware
2662,4.7894736842105265,0.28250024,temporal_1,race_aware
2402,4.7894736842105265,0.30797586,temporal_1,race_aware
2573,4.7894736842105265,0.30687034,temporal_1,race_aware
2305,4.7894736842105265,0.30797586,temporal_1,race_aware
3250,4.7894736842105265,0.29277298,temporal_1,race_aware
2967,4.7894736842105265,0.30797586,temporal_1,race_aware
2645,4.7894736842105265,0.31213155,temporal_1,race_aware
2797,4.7894736842105265,0.28250024,temporal_1,race_aware
2852,4.7894736842105265,0.21493796,temporal_1,race_aware
2803,4.7894736842105265,0.29277298,temporal_1,race_aware
2448,4.7894736842105265,0.20273632,temporal_1,race_aware
2808,4.7894736842105265,0.3154074,temporal_1,race_aware
3214,4.7894736842105265,0.21493796,temporal_1,race_aware
3399,4.7894736842105265,0.28250024,temporal_1,race_aware
2944,4.7894736842105265,0.21798676,temporal_1,race_aware
2414,4.7894736842105265,0.2057521,temporal_1,race_aware
2815,4.7894736842105265,0.21783614,temporal_1,race_aware
2656,4.7894736842105265,0.305817,temporal_1,race_aware
2517,4.7894736842105265,0.31213155,temporal_1,race_aware
2607,4.7894736842105265,0.31061465,temporal_1,race_aware
2605,4.7894736842105265,0.21798676,temporal_1,race_aware
3075,4.7894736842105265,0.28250024,temporal_1,race_aware
3062,5.473684210526316,0.31932694,temporal_1,race_aware
3178,5.473684210526316,0.33775413,temporal_1,race_aware
2563,5.473684210526316,0.3181488,temporal_1,race_aware
3314,5.473684210526316,0.33654445,temporal_1,race_aware
2606,5.473684210526316,0.33775413,temporal_1,race_aware
2383,5.473684210526316,0.34038466,temporal_1,race_aware
2800,5.473684210526316,0.34038466,temporal_1,race_aware
2330,5.473684210526316,0.2957479,temporal_1,race_aware
3026,5.473684210526316,0.32850397,temporal_1,race_aware
2514,5.473684210526316,0.34735683,temporal_1,race_aware
3191,5.473684210526316,0.35613906,temporal_1,race_aware
2360,5.473684210526316,0.33654445,temporal_1,race_aware
3005,5.473684210526316,0.33775413,temporal_1,race_aware
3046,5.473684210526316,0.31932694,temporal_1,race_aware
3312,5.473684210526316,0.35613906,temporal_1,race_aware
3193,5.473684210526316,0.29980707,temporal_1,race_aware
2719,5.473684210526316,0.33946782,temporal_1,race_aware
3098,5.473684210526316,0.34038466,temporal_1,race_aware
2887,5.473684210526316,0.34038466,temporal_1,race_aware
2703,5.473684210526316,0.23768094,temporal_1,race_aware
2375,5.473684210526316,0.34038466,temporal_1,race_aware
2991,5.473684210526316,0.2957479,temporal_1,race_aware
3245,5.473684210526316,0.31932694,temporal_1,race_aware
2430,5.473684210526316,0.23702638,temporal_1,race_aware
2432,5.473684210526316,0.33775413,temporal_1,race_aware
2318,5.473684210526316,0.32922202,temporal_1,race_aware
2698,5.473684210526316,0.33775413,temporal_1,race_aware
2564,5.473684210526316,0.24701694,temporal_1,race_aware
2549,5.473684210526316,0.33334494,temporal_1,race_aware
2370,5.473684210526316,0.33654445,temporal_1,race_aware
2387,5.473684210526316,0.24183825,temporal_1,race_aware
2771,5.473684210526316,0.33775413,temporal_1,race_aware
2595,5.473684210526316,0.23702638,temporal_1,race_aware
2807,5.473684210526316,0.33654445,temporal_1,race_aware
3113,5.473684210526316,0.3161177,temporal_1,race_aware
2297,5.473684210526316,0.33654445,temporal_1,race_aware
3058,5.473684210526316,0.34038466,temporal_1,race_aware
2802,5.473684210526316,0.23702638,temporal_1,race_aware
2735,5.473684210526316,0.34038466,temporal_1,race_aware
3310,5.473684210526316,0.34038466,temporal_1,race_aware
2572,5.473684210526316,0.24701694,temporal_1,race_aware
2917,5.473684210526316,0.28342873,temporal_1,race_aware
3166,5.473684210526316,0.33775413,temporal_1,race_aware
2452,5.473684210526316,0.24772677,temporal_1,race_aware
3307,5.473684210526316,0.34038466,temporal_1,race_aware
2544,5.473684210526316,0.33775413,temporal_1,race_aware
2362,5.473684210526316,0.24183825,temporal_1,race_aware
3278,5.473684210526316,0.28342873,temporal_1,race_aware
3210,5.473684210526316,0.24183825,temporal_1,race_aware
2998,5.473684210526316,0.28342873,temporal_1,race_aware
3125,5.473684210526316,0.34743536,temporal_1,race_aware
2768,5.473684210526316,0.33654445,temporal_1,race_aware
2890,5.473684210526316,0.33775413,temporal_1,race_aware
3132,5.473684210526316,0.34038466,temporal_1,race_aware
3402,5.473684210526316,0.24701694,temporal_1,race_aware
2344,5.473684210526316,0.34038466,temporal_1,race_aware
3389,5.473684210526316,0.24183825,temporal_1,race_aware
2570,5.473684210526316,0.33166867,temporal_1,race_aware
2472,5.473684210526316,0.34038466,temporal_1,race_aware
2819,5.473684210526316,0.23363557,temporal_1,race_aware
3073,5.473684210526316,0.33654445,temporal_1,race_aware
2827,5.473684210526316,0.32922238,temporal_1,race_aware
2325,5.473684210526316,0.33775413,temporal_1,race_aware
2672,5.473684210526316,0.33334494,temporal_1,race_aware
3403,5.473684210526316,0.33654445,temporal_1,race_aware
2834,5.473684210526316,0.33334494,temporal_1,race_aware
2962,5.473684210526316,0.2957479,temporal_1,race_aware
2685,5.473684210526316,0.34743536,temporal_1,race_aware
2723,5.473684210526316,0.32368386,temporal_1,race_aware
3107,5.473684210526316,0.23768094,temporal_1,race_aware
2801,5.473684210526316,0.33775413,temporal_1,race_aware
3405,5.473684210526316,0.35613906,temporal_1,race_aware
3012,5.473684210526316,0.2957479,temporal_1,race_aware
3096,5.473684210526316,0.24701694,temporal_1,race_aware
2696,5.473684210526316,0.34038466,temporal_1,race_aware
2521,5.473684210526316,0.35613906,temporal_1,race_aware
3024,5.473684210526316,0.24701694,temporal_1,race_aware
2752,5.473684210526316,0.34038466,temporal_1,race_aware
2662,5.473684210526316,0.2957479,temporal_1,race_aware
2402,5.473684210526316,0.33775413,temporal_1,race_aware
2573,5.473684210526316,0.32266754,temporal_1,race_aware
2305,5.473684210526316,0.33775413,temporal_1,race_aware
3250,5.473684210526316,0.33654445,temporal_1,race_aware
2967,5.473684210526316,0.33775413,temporal_1,race_aware
2645,5.473684210526316,0.3398933,temporal_1,race_aware
2797,5.473684210526316,0.2957479,temporal_1,race_aware
2852,5.473684210526316,0.23768094,temporal_1,race_aware
2803,5.473684210526316,0.33654445,temporal_1,race_aware
2448,5.473684210526316,0.22571248,temporal_1,race_aware
2808,5.473684210526316,0.34038466,temporal_1,race_aware
3214,5.473684210526316,0.23768094,temporal_1,race_aware
3399,5.473684210526316,0.2957479,temporal_1,race_aware
2944,5.473684210526316,0.24183825,temporal_1,race_aware
2414,5.473684210526316,0.23363557,temporal_1,race_aware
2815,5.473684210526316,0.24701694,temporal_1,race_aware
2656,5.473684210526316,0.32850397,temporal_1,race_aware
2517,5.473684210526316,0.3398933,temporal_1,race_aware
2607,5.473684210526316,0.32922238,temporal_1,race_aware
2605,5.473684210526316,0.24183825,temporal_1,race_aware
3075,5.473684210526316,0.2957479,temporal_1,race_aware
3062,6.157894736842105,0.33891594,temporal_1,race_aware
3178,6.157894736842105,0.3597566,temporal_1,race_aware
2563,6.157894736842105,0.34171644,temporal_1,race_aware
3314,6.157894736842105,0.35646832,temporal_1,race_aware
2606,6.157894736842105,0.3597566,temporal_1,race_aware
2383,6.157894736842105,0.3614027,temporal_1,race_aware
2800,6.157894736842105,0.3614027,temporal_1,race_aware
2330,6.157894736842105,0.3072059,temporal_1,race_aware
3026,6.157894736842105,0.352763,temporal_1,race_aware
2514,6.157894736842105,0.36558083,temporal_1,race_aware
3191,6.157894736842105,0.38187575,temporal_1,race_aware
2360,6.157894736842105,0.35646832,temporal_1,race_aware
3005,6.157894736842105,0.3597566,temporal_1,race_aware
3046,6.157894736842105,0.33891594,temporal_1,race_aware
3312,6.157894736842105,0.38187575,temporal_1,race_aware
3193,6.157894736842105,0.31123698,temporal_1,race_aware
2719,6.157894736842105,0.35439372,temporal_1,race_aware
3098,6.157894736842105,0.3614027,temporal_1,race_aware
2887,6.157894736842105,0.3614027,temporal_1,race_aware
2703,6.157894736842105,0.25789726,temporal_1,race_aware
2375,6.157894736842105,0.3614027,temporal_1,race_aware
2991,6.157894736842105,0.3072059,temporal_1,race_aware
3245,6.157894736842105,0.33891594,temporal_1,race_aware
2430,6.157894736842105,0.25700825,temporal_1,race_aware
2432,6.157894736842105,0.3597566,temporal_1,race_aware
2318,6.157894736842105,0.34203053,temporal_1,race_aware
2698,6.157894736842105,0.3597566,temporal_1,race_aware
2564,6.157894736842105,0.2625299,temporal_1,race_aware
2549,6.157894736842105,0.35199982,temporal_1,race_aware
2370,6.157894736842105,0.35646832,temporal_1,race_aware
2387,6.157894736842105,0.25779724,temporal_1,race_aware
2771,6.157894736842105,0.3597566,temporal_1,race_aware
2595,6.157894736842105,0.25700825,temporal_1,race_aware
2807,6.157894736842105,0.35646832,temporal_1,race_aware
3113,6.157894736842105,0.3327728,temporal_1,race_aware
2297,6.157894736842105,0.35646832,temporal_1,race_aware
3058,6.157894736842105,0.3614027,temporal_1,race_aware
2802,6.157894736842105,0.25700825,temporal_1,race_aware
2735,6.157894736842105,0.3614027,temporal_1,race_aware
3310,6.157894736842105,0.3614027,temporal_1,race_aware
2572,6.157894736842105,0.2625299,temporal_1,race_aware
2917,6.157894736842105,0.3015498,temporal_1,race_aware
3166,6.157894736842105,0.3597566,temporal_1,race_aware
2452,6.157894736842105,0.26872548,temporal_1,race_aware
3307,6.157894736842105,0.3614027,temporal_1,race_aware
2544,6.157894736842105,0.3597566,temporal_1,race_aware
2362,6.157894736842105,0.25779724,temporal_1,race_aware
3278,6.157894736842105,0.3015498,temporal_1,race_aware
3210,6.157894736842105,0.25779724,temporal_1,race_aware
2998,6.157894736842105,0.3015498,temporal_1,race_aware
3125,6.157894736842105,0.35703355,temporal_1,race_aware
2768,6.157894736842105,0.35646832,temporal_1,race_aware
2890,6.157894736842105,0.3597566,temporal_1,race_aware
3132,6.157894736842105,0.3614027,temporal_1,race_aware
3402,6.157894736842105,0.2625299,temporal_1,race_aware
2344,6.157894736842105,0.3614027,temporal_1,race_aware
3389,6.157894736842105,0.25779724,temporal_1,race_aware
2570,6.157894736842105,0.34697092,temporal_1,race_aware
2472,6.157894736842105,0.3614027,temporal_1,race_aware
2819,6.157894736842105,0.24578142,temporal_1,race_aware
3073,6.157894736842105,0.35646832,temporal_1,race_aware
2827,6.157894736842105,0.35455894,temporal_1,race_aware
2325,6.157894736842105,0.3597566,temporal_1,race_aware
2672,6.157894736842105,0.35199982,temporal_1,race_aware
3403,6.157894736842105,0.35646832,temporal_1,race_aware
2834,6.157894736842105,0.35199982,temporal_1,race_aware
2962,6.157894736842105,0.3072059,temporal_1,race_aware
2685,6.157894736842105,0.35703355,temporal_1,race_aware
2723,6.157894736842105,0.34489793,temporal_1,race_aware
3107,6.157894736842105,0.25789726,temporal_1,race_aware
2801,6.157894736842105,0.3597566,temporal_1,race_aware
3405,6.157894736842105,0.38187575,temporal_1,race_aware
3012,6.157894736842105,0.3072059,temporal_1,race_aware
3096,6.157894736842105,0.2625299,temporal_1,race_aware
2696,6.157894736842105,0.3614027,temporal_1,race_aware
2521,6.157894736842105,0.38187575,temporal_1,race_aware
3024,6.157894736842105,0.2625299,temporal_1,race_aware
2752,6.157894736842105,0.3614027,temporal_1,race_aware
2662,6.157894736842105,0.3072059,temporal_1,race_aware
2402,6.157894736842105,0.3597566,temporal_1,race_aware
2573,6.157894736842105,0.35165048,temporal_1,race_aware
2305,6.157894736842105,0.3597566,temporal_1,race_aware
3250,6.157894736842105,0.35646832,temporal_1,race_aware
2967,6.157894736842105,0.3597566,temporal_1,race_aware
2645,6.157894736842105,0.35937297,temporal_1,race_aware
2797,6.157894736842105,0.3072059,temporal_1,race_aware
2852,6.157894736842105,0.25789726,temporal_1,race_aware
2803,6.157894736842105,0.35646832,temporal_1,race_aware
2448,6.157894736842105,0.2456598,temporal_1,race_aware
2808,6.157894736842105,0.3614027,temporal_1,race_aware
3214,6.157894736842105,0.25789726,temporal_1,race_aware
3399,6.157894736842105,0.3072059,temporal_1,race_aware
2944,6.157894736842105,0.25779724,temporal_1,race_aware
2414,6.157894736842105,0.24578142,temporal_1,race_aware
2815,6.157894736842105,0.2625299,temporal_1,race_aware
2656,6.157894736842105,0.352763,temporal_1,race_aware
2517,6.157894736842105,0.35937297,temporal_1,race_aware
2607,6.157894736842105,0.35455894,temporal_1,race_aware
2605,6.157894736842105,0.25779724,temporal_1,race_aware
3075,6.157894736842105,0.3072059,temporal_1,race_aware
3062,6.842105263157895,0.36644745,temporal_1,race_aware
3178,6.842105263157895,0.38269472,temporal_1,race_aware
2563,6.842105263157895,0.36218837,temporal_1,race_aware
3314,6.842105263157895,0.37607718,temporal_1,race_aware
2606,6.842105263157895,0.38269472,temporal_1,race_aware
2383,6.842105263157895,0.38541043,temporal_1,race_aware
2800,6.842105263157895,0.38541043,temporal_1,race_aware
2330,6.842105263157895,0.3246061,temporal_1,race_aware
3026,6.842105263157895,0.367033,temporal_1,race_aware
2514,6.842105263157895,0.37998864,temporal_1,race_aware
3191,6.842105263157895,0.39644027,temporal_1,race_aware
2360,6.842105263157895,0.37607718,temporal_1,race_aware
3005,6.842105263157895,0.38269472,temporal_1,race_aware
3046,6.842105263157895,0.36644745,temporal_1,race_aware
3312,6.842105263157895,0.39644027,temporal_1,race_aware
3193,6.842105263157895,0.32436246,temporal_1,race_aware
2719,6.842105263157895,0.36420506,temporal_1,race_aware
3098,6.842105263157895,0.38541043,temporal_1,race_aware
2887,6.842105263157895,0.38541043,temporal_1,race_aware
2703,6.842105263157895,0.27765554,temporal_1,race_aware
2375,6.842105263157895,0.38541043,temporal_1,race_aware
2991,6.842105263157895,0.3246061,temporal_1,race_aware
3245,6.842105263157895,0.36644745,temporal_1,race_aware
2430,6.842105263157895,0.2807333,temporal_1,race_aware
2432,6.842105263157895,0.38269472,temporal_1,race_aware
2318,6.842105263157895,0.3599044,temporal_1,race_aware
2698,6.842105263157895,0.38269472,temporal_1,race_aware
2564,6.842105263157895,0.28826872,temporal_1,race_aware
2549,6.842105263157895,0.37138644,temporal_1,race_aware
2370,6.842105263157895,0.37607718,temporal_1,race_aware
2387,6.842105263157895,0.2839148,temporal_1,race_aware
2771,6.842105263157895,0.38269472,temporal_1,race_aware
2595,6.842105263157895,0.2807333,temporal_1,race_aware
2807,6.842105263157895,0.37607718,temporal_1,race_aware
3113,6.842105263157895,0.34861094,temporal_1,race_aware
2297,6.842105263157895,0.37607718,temporal_1,race_aware
3058,6.842105263157895,0.38541043,temporal_1,race_aware
2802,6.842105263157895,0.2807333,temporal_1,race_aware
2735,6.842105263157895,0.38541043,temporal_1,race_aware
3310,6.842105263157895,0.38541043,temporal_1,race_aware
2572,6.842105263157895,0.28826872,temporal_1,race_aware
2917,6.842105263157895,0.32530648,temporal_1,race_aware
3166,6.842105263157895,0.38269472,temporal_1,race_aware
2452,6.842105263157895,0.2897883,temporal_1,race_aware
3307,6.842105263157895,0.38541043,temporal_1,race_aware
2544,6.842105263157895,0.38269472,temporal_1,race_aware
2362,6.842105263157895,0.2839148,temporal_1,race_aware
3278,6.842105263157895,0.32530648,temporal_1,race_aware
3210,6.842105263157895,0.2839148,temporal_1,race_aware
2998,6.842105263157895,0.32530648,temporal_1,race_aware
3125,6.842105263157895,0.3680446,temporal_1,race_aware
2768,6.842105263157895,0.37607718,temporal_1,race_aware
2890,6.842105263157895,0.38269472,temporal_1,race_aware
3132,6.842105263157895,0.38541043,temporal_1,race_aware
3402,6.842105263157895,0.28826872,temporal_1,race_aware
2344,6.842105263157895,0.38541043,temporal_1,race_aware
3389,6.842105263157895,0.2839148,temporal_1,race_aware
2570,6.842105263157895,0.36088806,temporal_1,race_aware
2472,6.842105263157895,0.38541043,temporal_1,race_aware
2819,6.842105263157895,0.2665836,temporal_1,race_aware
3073,6.842105263157895,0.37607718,temporal_1,race_aware
2827,6.842105263157895,0.37007606,temporal_1,race_aware
2325,6.842105263157895,0.38269472,temporal_1,race_aware
2672,6.842105263157895,0.37138644,temporal_1,race_aware
3403,6.842105263157895,0.37607718,temporal_1,race_aware
2834,6.842105263157895,0.37138644,temporal_1,race_aware
2962,6.842105263157895,0.3246061,temporal_1,race_aware
2685,6.842105263157895,0.3680446,temporal_1,race_aware
2723,6.842105263157895,0.3637032,temporal_1,race_aware
3107,6.842105263157895,0.27765554,temporal_1,race_aware
2801,6.842105263157895,0.38269472,temporal_1,race_aware
3405,6.842105263157895,0.39644027,temporal_1,race_aware
3012,6.842105263157895,0.3246061,temporal_1,race_aware
3096,6.842105263157895,0.28826872,temporal_1,race_aware
2696,6.842105263157895,0.38541043,temporal_1,race_aware
2521,6.842105263157895,0.39644027,temporal_1,race_aware
3024,6.842105263157895,0.28826872,temporal_1,race_aware
2752,6.842105263157895,0.38541043,temporal_1,race_aware
2662,6.842105263157895,0.3246061,temporal_1,race_aware
2402,6.842105263157895,0.38269472,temporal_1,race_aware
2573,6.842105263157895,0.36360282,temporal_1,race_aware
2305,6.842105263157895,0.38269472,temporal_1,race_aware
3250,6.842105263157895,0.37607718,temporal_1,race_aware
2967,6.842105263157895,0.38269472,temporal_1,race_aware
2645,6.842105263157895,0.36910218,temporal_1,race_aware
2797,6.842105263157895,0.3246061,temporal_1,race_aware
2852,6.842105263157895,0.27765554,temporal_1,race_aware
2803,6.842105263157895,0.37607718,temporal_1,race_aware
2448,6.842105263157895,0.2620435,temporal_1,race_aware
2808,6.842105263157895,0.38541043,temporal_1,race_aware
3214,6.842105263157895,0.27765554,temporal_1,race_aware
3399,6.842105263157895,0.3246061,temporal_1,race_aware
2944,6.842105263157895,0.2839148,temporal_1,race_aware
2414,6.842105263157895,0.2665836,temporal_1,race_aware
2815,6.842105263157895,0.28826872,temporal_1,race_aware
2656,6.842105263157895,0.367033,temporal_1,race_aware
2517,6.842105263157895,0.36910218,temporal_1,race_aware
2607,6.842105263157895,0.37007606,temporal_1,race_aware
2605,6.842105263157895,0.2839148,temporal_1,race_aware
3075,6.842105263157895,0.3246061,temporal_1,race_aware
3062,7.526315789473684,0.38254797,temporal_1,race_aware
3178,7.526315789473684,0.39872468,temporal_1,race_aware
2563,7.526315789473684,0.38458064,temporal_1,race_aware
3314,7.526315789473684,0.3903998,temporal_1,race_aware
2606,7.526315789473684,0.39872468,temporal_1,race_aware
2383,7.526315789473684,0.40022486,temporal_1,race_aware
2800,7.526315789473684,0.40022486,temporal_1,race_aware
2330,7.526315789473684,0.33776525,temporal_1,race_aware
3026,7.526315789473684,0.37484688,temporal_1,race_aware
2514,7.526315789473684,0.39308432,temporal_1,race_aware
3191,7.526315789473684,0.40973014,temporal_1,race_aware
2360,7.526315789473684,0.3903998,temporal_1,race_aware
3005,7.526315789473684,0.39872468,temporal_1,race_aware
3046,7.526315789473684,0.38254797,temporal_1,race_aware
3312,7.526315789473684,0.40973014,temporal_1,race_aware
3193,7.526315789473684,0.33608097,temporal_1,race_aware
2719,7.526315789473684,0.38037497,temporal_1,race_aware
3098,7.526315789473684,0.40022486,temporal_1,race_aware
2887,7.526315789473684,0.40022486,temporal_1,race_aware
2703,7.526315789473684,0.30678305,temporal_1,race_aware
2375,7.526315789473684,0.40022486,temporal_1,race_aware
2991,7.526315789473684,0.33776525,temporal_1,race_aware
3245,7.526315789473684,0.38254797,temporal_1,race_aware
2430,7.526315789473684,0.29429162,temporal_1,race_aware
2432,7.526315789473684,0.39872468,temporal_1,race_aware
2318,7.526315789473684,0.37456954,temporal_1,race_aware
2698,7.526315789473684,0.39872468,temporal_1,race_aware
2564,7.526315789473684,0.30283007,temporal_1,race_aware
2549,7.526315789473684,0.3942103,temporal_1,race_aware
2370,7.526315789473684,0.3903998,temporal_1,race_aware
2387,7.526315789473684,0.3015029,temporal_1,race_aware
2771,7.526315789473684,0.39872468,temporal_1,race_aware
2595,7.526315789473684,0.29429162,temporal_1,race_aware
2807,7.526315789473684,0.3903998,temporal_1,race_aware
3113,7.526315789473684,0.3701744,temporal_1,race_aware
2297,7.526315789473684,0.3903998,temporal_1,race_aware
3058,7.526315789473684,0.40022486,temporal_1,race_aware
2802,7.526315789473684,0.29429162,temporal_1,race_aware
2735,7.526315789473684,0.40022486,temporal_1,race_aware
3310,7.526315789473684,0.40022486,temporal_1,race_aware
2572,7.526315789473684,0.30283007,temporal_1,race_aware
2917,7.526315789473684,0.33802092,temporal_1,race_aware
3166,7.526315789473684,0.39872468,temporal_1,race_aware
2452,7.526315789473684,0.29906675,temporal_1,race_aware
3307,7.526315789473684,0.40022486,temporal_1,race_aware
2544,7.526315789473684,0.39872468,temporal_1,race_aware
2362,7.526315789473684,0.3015029,temporal_1,race_aware
3278,7.526315789473684,0.33802092,temporal_1,race_aware
3210,7.526315789473684,0.3015029,temporal_1,race_aware
2998,7.526315789473684,0.33802092,temporal_1,race_aware
3125,7.526315789473684,0.38036263,temporal_1,race_aware
2768,7.526315789473684,0.3903998,temporal_1,race_aware
2890,7.526315789473684,0.39872468,temporal_1,race_aware
3132,7.526315789473684,0.40022486,temporal_1,race_aware
3402,7.526315789473684,0.30283007,temporal_1,race_aware
2344,7.526315789473684,0.40022486,temporal_1,race_aware
3389,7.526315789473684,0.3015029,temporal_1,race_aware
2570,7.526315789473684,0.37252825,temporal_1,race_aware
2472,7.526315789473684,0.40022486,temporal_1,race_aware
2819,7.526315789473684,0.27758682,temporal_1,race_aware
3073,7.526315789473684,0.3903998,temporal_1,race_aware
2827,7.526315789473684,0.38446748,temporal_1,race_aware
2325,7.526315789473684,0.39872468,temporal_1,race_aware
2672,7.526315789473684,0.3942103,temporal_1,race_aware
3403,7.526315789473684,0.3903998,temporal_1,race_aware
2834,7.526315789473684,0.3942103,temporal_1,race_aware
2962,7.526315789473684,0.33776525,temporal_1,race_aware
2685,7.526315789473684,0.38036263,temporal_1,race_aware
2723,7.526315789473684,0.3823068,temporal_1,race_aware
3107,7.526315789473684,0.30678305,temporal_1,race_aware
2801,7.526315789473684,0.39872468,temporal_1,race_aware
3405,7.526315789473684,0.40973014,temporal_1,race_aware
3012,7.526315789473684,0.33776525,temporal_1,race_aware
3096,7.526315789473684,0.30283007,temporal_1,race_aware
2696,7.526315789473684,0.40022486,temporal_1,race_aware
2521,7.526315789473684,0.40973014,temporal_1,race_aware
3024,7.526315789473684,0.30283007,temporal_1,race_aware
2752,7.526315789473684,0.40022486,temporal_1,race_aware
2662,7.526315789473684,0.33776525,temporal_1,race_aware
2402,7.526315789473684,0.39872468,temporal_1,race_aware
2573,7.526315789473684,0.38897812,temporal_1,race_aware
2305,7.526315789473684,0.39872468,temporal_1,race_aware
3250,7.526315789473684,0.3903998,temporal_1,race_aware
2967,7.526315789473684,0.39872468,temporal_1,race_aware
2645,7.526315789473684,0.38857174,temporal_1,race_aware
2797,7.526315789473684,0.33776525,temporal_1,race_aware
2852,7.526315789473684,0.30678305,temporal_1,race_aware
2803,7.526315789473684,0.3903998,temporal_1,race_aware
2448,7.526315789473684,0.28124347,temporal_1,race_aware
2808,7.526315789473684,0.40022486,temporal_1,race_aware
3214,7.526315789473684,0.30678305,temporal_1,race_aware
3399,7.526315789473684,0.33776525,temporal_1,race_aware
2944,7.526315789473684,0.3015029,temporal_1,race_aware
2414,7.526315789473684,0.27758682,temporal_1,race_aware
2815,7.526315789473684,0.30283007,temporal_1,race_aware
2656,7.526315789473684,0.37484688,temporal_1,race_aware
2517,7.526315789473684,0.38857174,temporal_1,race_aware
2607,7.526315789473684,0.38446748,temporal_1,race_aware
2605,7.526315789473684,0.3015029,temporal_1,race_aware
3075,7.526315789473684,0.33776525,temporal_1,race_aware
3062,8.210526315789474,0.39700234,temporal_1,race_aware
3178,8.210526315789474,0.40746915,temporal_1,race_aware
2563,8.210526315789474,0.3932149,temporal_1,race_aware
3314,8.210526315789474,0.404679,temporal_1,race_aware
2606,8.210526315789474,0.40746915,temporal_1,race_aware
2383,8.210526315789474,0.4086262,temporal_1,race_aware
2800,8.210526315789474,0.4086262,temporal_1,race_aware
2330,8.210526315789474,0.35841426,temporal_1,race_aware
3026,8.210526315789474,0.39034593,temporal_1,race_aware
2514,8.210526315789474,0.40645644,temporal_1,race_aware
3191,8.210526315789474,0.41613656,temporal_1,race_aware
2360,8.210526315789474,0.404679,temporal_1,race_aware
3005,8.210526315789474,0.40746915,temporal_1,race_aware
3046,8.210526315789474,0.39700234,temporal_1,race_aware
3312,8.210526315789474,0.41613656,temporal_1,race_aware
3193,8.210526315789474,0.35692722,temporal_1,race_aware
2719,8.210526315789474,0.39263242,temporal_1,race_aware
3098,8.210526315789474,0.4086262,temporal_1,race_aware
2887,8.210526315789474,0.4086262,temporal_1,race_aware
2703,8.210526315789474,0.3124852,temporal_1,race_aware
2375,8.210526315789474,0.4086262,temporal_1,race_aware
2991,8.210526315789474,0.35841426,temporal_1,race_aware
3245,8.210526315789474,0.39700234,temporal_1,race_aware
2430,8.210526315789474,0.30331343,temporal_1,race_aware
2432,8.210526315789474,0.40746915,temporal_1,race_aware
2318,8.210526315789474,0.39023173,temporal_1,race_aware
2698,8.210526315789474,0.40746915,temporal_1,race_aware
2564,8.210526315789474,0.31189424,temporal_1,race_aware
2549,8.210526315789474,0.40253022,temporal_1,race_aware
2370,8.210526315789474,0.404679,temporal_1,race_aware
2387,8.210526315789474,0.31278834,temporal_1,race_aware
2771,8.210526315789474,0.40746915,temporal_1,race_aware
2595,8.210526315789474,0.30331343,temporal_1,race_aware
2807,8.210526315789474,0.404679,temporal_1,race_aware
3113,8.210526315789474,0.38049114,temporal_1,race_aware
2297,8.210526315789474,0.404679,temporal_1,race_aware
3058,8.210526315789474,0.4086262,temporal_1,race_aware
2802,8.210526315789474,0.30331343,temporal_1,race_aware
2735,8.210526315789474,0.4086262,temporal_1,race_aware
3310,8.210526315789474,0.4086262,temporal_1,race_aware
2572,8.210526315789474,0.31189424,temporal_1,race_aware
2917,8.210526315789474,0.35036868,temporal_1,race_aware
3166,8.210526315789474,0.40746915,temporal_1,race_aware
2452,8.210526315789474,0.31544027,temporal_1,race_aware
3307,8.210526315789474,0.4086262,temporal_1,race_aware
2544,8.210526315789474,0.40746915,temporal_1,race_aware
2362,8.210526315789474,0.31278834,temporal_1,race_aware
3278,8.210526315789474,0.35036868,temporal_1,race_aware
3210,8.210526315789474,0.31278834,temporal_1,race_aware
2998,8.210526315789474,0.35036868,temporal_1,race_aware
3125,8.210526315789474,0.38861018,temporal_1,race_aware
2768,8.210526315789474,0.404679,temporal_1,race_aware
2890,8.210526315789474,0.40746915,temporal_1,race_aware
3132,8.210526315789474,0.4086262,temporal_1,race_aware
3402,8.210526315789474,0.31189424,temporal_1,race_aware
2344,8.210526315789474,0.4086262,temporal_1,race_aware
3389,8.210526315789474,0.31278834,temporal_1,race_aware
2570,8.210526315789474,0.38947296,temporal_1,race_aware
2472,8.210526315789474,0.4086262,temporal_1,race_aware
2819,8.210526315789474,0.29569045,temporal_1,race_aware
3073,8.210526315789474,0.404679,temporal_1,race_aware
2827,8.210526315789474,0.3936972,temporal_1,race_aware
2325,8.210526315789474,0.40746915,temporal_1,race_aware
2672,8.210526315789474,0.40253022,temporal_1,race_aware
3403,8.210526315789474,0.404679,temporal_1,race_aware
2834,8.210526315789474,0.40253022,temporal_1,race_aware
2962,8.210526315789474,0.35841426,temporal_1,race_aware
2685,8.210526315789474,0.38861018,temporal_1,race_aware
2723,8.210526315789474,0.3937267,temporal_1,race_aware
3107,8.210526315789474,0.3124852,temporal_1,race_aware
2801,8.210526315789474,0.40746915,temporal_1,race_aware
3405,8.210526315789474,0.41613656,temporal_1,race_aware
3012,8.210526315789474,0.35841426,temporal_1,race_aware
3096,8.210526315789474,0.31189424,temporal_1,race_aware
2696,8.210526315789474,0.4086262,temporal_1,race_aware
2521,8.210526315789474,0.41613656,temporal_1,race_aware
3024,8.210526315789474,0.31189424,temporal_1,race_aware
2752,8.210526315789474,0.4086262,temporal_1,race_aware
2662,8.210526315789474,0.35841426,temporal_1,race_aware
2402,8.210526315789474,0.40746915,temporal_1,race_aware
2573,8.210526315789474,0.39828914,temporal_1,race_aware
2305,8.210526315789474,0.40746915,temporal_1,race_aware
3250,8.210526315789474,0.404679,temporal_1,race_aware
2967,8.210526315789474,0.40746915,temporal_1,race_aware
2645,8.210526315789474,0.40578115,temporal_1,race_aware
2797,8.210526315789474,0.35841426,temporal_1,race_aware
2852,8.210526315789474,0.3124852,temporal_1,race_aware
2803,8.210526315789474,0.404679,temporal_1,race_aware
2448,8.210526315789474,0.29987854,temporal_1,race_aware
2808,8.210526315789474,0.4086262,temporal_1,race_aware
3214,8.210526315789474,0.3124852,temporal_1,race_aware
3399,8.210526315789474,0.35841426,temporal_1,race_aware
2944,8.210526315789474,0.31278834,temporal_1,race_aware
2414,8.210526315789474,0.29569045,temporal_1,race_aware
2815,8.210526315789474,0.31189424,temporal_1,race_aware
2656,8.210526315789474,0.39034593,temporal_1,race_aware
2517,8.210526315789474,0.40578115,temporal_1,race_aware
2607,8.210526315789474,0.3936972,temporal_1,race_aware
2605,8.210526315789474,0.31278834,temporal_1,race_aware
3075,8.210526315789474,0.35841426,temporal_1,race_aware
3062,8.894736842105264,0.40981412,temporal_1,race_aware
3178,8.894736842105264,0.4215247,temporal_1,race_aware
2563,8.894736842105264,0.39790002,temporal_1,race_aware
3314,8.894736842105264,0.41504645,temporal_1,race_aware
2606,8.894736842105264,0.4215247,temporal_1,race_aware
2383,8.894736842105264,0.42061394,temporal_1,race_aware
2800,8.894736842105264,0.42061394,temporal_1,race_aware
2330,8.894736842105264,0.36941603,temporal_1,race_aware
3026,8.894736842105264,0.40069926,temporal_1,race_aware
2514,8.894736842105264,0.4163002,temporal_1,race_aware
3191,8.894736842105264,0.43407804,temporal_1,race_aware
2360,8.894736842105264,0.41504645,temporal_1,race_aware
3005,8.894736842105264,0.4215247,temporal_1,race_aware
3046,8.894736842105264,0.40981412,temporal_1,race_aware
3312,8.894736842105264,0.43407804,temporal_1,race_aware
3193,8.894736842105264,0.3704666,temporal_1,race_aware
2719,8.894736842105264,0.4001187,temporal_1,race_aware
3098,8.894736842105264,0.42061394,temporal_1,race_aware
2887,8.894736842105264,0.42061394,temporal_1,race_aware
2703,8.894736842105264,0.33192542,temporal_1,race_aware
2375,8.894736842105264,0.42061394,temporal_1,race_aware
2991,8.894736842105264,0.36941603,temporal_1,race_aware
3245,8.894736842105264,0.40981412,temporal_1,race_aware
2430,8.894736842105264,0.31922966,temporal_1,race_aware
2432,8.894736842105264,0.4215247,temporal_1,race_aware
2318,8.894736842105264,0.39842176,temporal_1,race_aware
2698,8.894736842105264,0.4215247,temporal_1,race_aware
2564,8.894736842105264,0.33229208,temporal_1,race_aware
2549,8.894736842105264,0.4176078,temporal_1,race_aware
2370,8.894736842105264,0.41504645,temporal_1,race_aware
2387,8.894736842105264,0.32611674,temporal_1,race_aware
2771,8.894736842105264,0.4215247,temporal_1,race_aware
2595,8.894736842105264,0.31922966,temporal_1,race_aware
2807,8.894736842105264,0.41504645,temporal_1,race_aware
3113,8.894736842105264,0.38668472,temporal_1,race_aware
2297,8.894736842105264,0.41504645,temporal_1,race_aware
3058,8.894736842105264,0.42061394,temporal_1,race_aware
2802,8.894736842105264,0.31922966,temporal_1,race_aware
2735,8.894736842105264,0.42061394,temporal_1,race_aware
3310,8.894736842105264,0.42061394,temporal_1,race_aware
2572,8.894736842105264,0.33229208,temporal_1,race_aware
2917,8.894736842105264,0.35879672,temporal_1,race_aware
3166,8.894736842105264,0.4215247,temporal_1,race_aware
2452,8.894736842105264,0.326221,temporal_1,race_aware
3307,8.894736842105264,0.42061394,temporal_1,race_aware
2544,8.894736842105264,0.4215247,temporal_1,race_aware
2362,8.894736842105264,0.32611674,temporal_1,race_aware
3278,8.894736842105264,0.35879672,temporal_1,race_aware
3210,8.894736842105264,0.32611674,temporal_1,race_aware
2998,8.894736842105264,0.35879672,temporal_1,race_aware
3125,8.894736842105264,0.39434445,temporal_1,race_aware
2768,8.894736842105264,0.41504645,temporal_1,race_aware
2890,8.894736842105264,0.4215247,temporal_1,race_aware
3132,8.894736842105264,0.42061394,temporal_1,race_aware
3402,8.894736842105264,0.33229208,temporal_1,race_aware
2344,8.894736842105264,0.42061394,temporal_1,race_aware
3389,8.894736842105264,0.32611674,temporal_1,race_aware
2570,8.894736842105264,0.4006992,temporal_1,race_aware
2472,8.894736842105264,0.42061394,temporal_1,race_aware
2819,8.894736842105264,0.3088142,temporal_1,race_aware
3073,8.894736842105264,0.41504645,temporal_1,race_aware
2827,8.894736842105264,0.40410328,temporal_1,race_aware
2325,8.894736842105264,0.4215247,temporal_1,race_aware
2672,8.894736842105264,0.4176078,temporal_1,race_aware
3403,8.894736842105264,0.41504645,temporal_1,race_aware
2834,8.894736842105264,0.4176078,temporal_1,race_aware
2962,8.894736842105264,0.36941603,temporal_1,race_aware
2685,8.894736842105264,0.39434445,temporal_1,race_aware
2723,8.894736842105264,0.40863383,temporal_1,race_aware
3107,8.894736842105264,0.33192542,temporal_1,race_aware
2801,8.894736842105264,0.4215247,temporal_1,race_aware
3405,8.894736842105264,0.43407804,temporal_1,race_aware
3012,8.894736842105264,0.36941603,temporal_1,race_aware
3096,8.894736842105264,0.33229208,temporal_1,race_aware
2696,8.894736842105264,0.42061394,temporal_1,race_aware
2521,8.894736842105264,0.43407804,temporal_1,race_aware
3024,8.894736842105264,0.33229208,temporal_1,race_aware
2752,8.894736842105264,0.42061394,temporal_1,race_aware
2662,8.894736842105264,0.36941603,temporal_1,race_aware
2402,8.894736842105264,0.4215247,temporal_1,race_aware
2573,8.894736842105264,0.4049586,temporal_1,race_aware
2305,8.894736842105264,0.4215247,temporal_1,race_aware
3250,8.894736842105264,0.41504645,temporal_1,race_aware
2967,8.894736842105264,0.4215247,temporal_1,race_aware
2645,8.894736842105264,0.41723526,temporal_1,race_aware
2797,8.894736842105264,0.36941603,temporal_1,race_aware
2852,8.894736842105264,0.33192542,temporal_1,race_aware
2803,8.894736842105264,0.41504645,temporal_1,race_aware
2448,8.894736842105264,0.3120993,temporal_1,race_aware
2808,8.894736842105264,0.42061394,temporal_1,race_aware
3214,8.894736842105264,0.33192542,temporal_1,race_aware
3399,8.894736842105264,0.36941603,temporal_1,race_aware
2944,8.894736842105264,0.32611674,temporal_1,race_aware
2414,8.894736842105264,0.3088142,temporal_1,race_aware
2815,8.894736842105264,0.33229208,temporal_1,race_aware
2656,8.894736842105264,0.40069926,temporal_1,race_aware
2517,8.894736842105264,0.41723526,temporal_1,race_aware
2607,8.894736842105264,0.40410328,temporal_1,race_aware
2605,8.894736842105264,0.32611674,temporal_1,race_aware
3075,8.894736842105264,0.36941603,temporal_1,race_aware
3062,9.578947368421053,0.4138316,temporal_1,race_aware
3178,9.578947368421053,0.43334502,temporal_1,race_aware
2563,9.578947368421053,0.4151344,temporal_1,race_aware
3314,9.578947368421053,0.4233991,temporal_1,race_aware
2606,9.578947368421053,0.43334502,temporal_1,race_aware
2383,9.578947368421053,0.43293327,temporal_1,race_aware
2800,9.578947368421053,0.43293327,temporal_1,race_aware
2330,9.578947368421053,0.3741341,temporal_1,race_aware
3026,9.578947368421053,0.40760022,temporal_1,race_aware
2514,9.578947368421053,0.42532495,temporal_1,race_aware
3191,9.578947368421053,0.4359665,temporal_1,race_aware
2360,9.578947368421053,0.4233991,temporal_1,race_aware
3005,9.578947368421053,0.43334502,temporal_1,race_aware
3046,9.578947368421053,0.4138316,temporal_1,race_aware
3312,9.578947368421053,0.4359665,temporal_1,race_aware
3193,9.578947368421053,0.37597334,temporal_1,race_aware
2719,9.578947368421053,0.40790033,temporal_1,race_aware
3098,9.578947368421053,0.43293327,temporal_1,race_aware
2887,9.578947368421053,0.43293327,temporal_1,race_aware
2703,9.578947368421053,0.33611706,temporal_1,race_aware
2375,9.578947368421053,0.43293327,temporal_1,race_aware
2991,9.578947368421053,0.3741341,temporal_1,race_aware
3245,9.578947368421053,0.4138316,temporal_1,race_aware
2430,9.578947368421053,0.34001863,temporal_1,race_aware
2432,9.578947368421053,0.43334502,temporal_1,race_aware
2318,9.578947368421053,0.40372264,temporal_1,race_aware
2698,9.578947368421053,0.43334502,temporal_1,race_aware
2564,9.578947368421053,0.33596087,temporal_1,race_aware
2549,9.578947368421053,0.4264374,temporal_1,race_aware
2370,9.578947368421053,0.4233991,temporal_1,race_aware
2387,9.578947368421053,0.3413791,temporal_1,race_aware
2771,9.578947368421053,0.43334502,temporal_1,race_aware
2595,9.578947368421053,0.34001863,temporal_1,race_aware
2807,9.578947368421053,0.4233991,temporal_1,race_aware
3113,9.578947368421053,0.3962465,temporal_1,race_aware
2297,9.578947368421053,0.4233991,temporal_1,race_aware
3058,9.578947368421053,0.43293327,temporal_1,race_aware
2802,9.578947368421053,0.34001863,temporal_1,race_aware
2735,9.578947368421053,0.43293327,temporal_1,race_aware
3310,9.578947368421053,0.43293327,temporal_1,race_aware
2572,9.578947368421053,0.33596087,temporal_1,race_aware
2917,9.578947368421053,0.36342275,temporal_1,race_aware
3166,9.578947368421053,0.43334502,temporal_1,race_aware
2452,9.578947368421053,0.33137277,temporal_1,race_aware
3307,9.578947368421053,0.43293327,temporal_1,race_aware
2544,9.578947368421053,0.43334502,temporal_1,race_aware
2362,9.578947368421053,0.3413791,temporal_1,race_aware
3278,9.578947368421053,0.36342275,temporal_1,race_aware
3210,9.578947368421053,0.3413791,temporal_1,race_aware
2998,9.578947368421053,0.36342275,temporal_1,race_aware
3125,9.578947368421053,0.40377903,temporal_1,race_aware
2768,9.578947368421053,0.4233991,temporal_1,race_aware
2890,9.578947368421053,0.43334502,temporal_1,race_aware
3132,9.578947368421053,0.43293327,temporal_1,race_aware
3402,9.578947368421053,0.33596087,temporal_1,race_aware
2344,9.578947368421053,0.43293327,temporal_1,race_aware
3389,9.578947368421053,0.3413791,temporal_1,race_aware
2570,9.578947368421053,0.40750813,temporal_1,race_aware
2472,9.578947368421053,0.43293327,temporal_1,race_aware
2819,9.578947368421053,0.32357293,temporal_1,race_aware
3073,9.578947368421053,0.4233991,temporal_1,race_aware
2827,9.578947368421053,0.41214186,temporal_1,race_aware
2325,9.578947368421053,0.43334502,temporal_1,race_aware
2672,9.578947368421053,0.4264374,temporal_1,race_aware
3403,9.578947368421053,0.4233991,temporal_1,race_aware
2834,9.578947368421053,0.4264374,temporal_1,race_aware
2962,9.578947368421053,0.3741341,temporal_1,race_aware
2685,9.578947368421053,0.40377903,temporal_1,race_aware
2723,9.578947368421053,0.4196338,temporal_1,race_aware
3107,9.578947368421053,0.33611706,temporal_1,race_aware
2801,9.578947368421053,0.43334502,temporal_1,race_aware
3405,9.578947368421053,0.4359665,temporal_1,race_aware
3012,9.578947368421053,0.3741341,temporal_1,race_aware
3096,9.578947368421053,0.33596087,temporal_1,race_aware
2696,9.578947368421053,0.43293327,temporal_1,race_aware
2521,9.578947368421053,0.4359665,temporal_1,race_aware
3024,9.578947368421053,0.33596087,temporal_1,race_aware
2752,9.578947368421053,0.43293327,temporal_1,race_aware
2662,9.578947368421053,0.3741341,temporal_1,race_aware
2402,9.578947368421053,0.43334502,temporal_1,race_aware
2573,9.578947368421053,0.41350913,temporal_1,race_aware
2305,9.578947368421053,0.43334502,temporal_1,race_aware
3250,9.578947368421053,0.4233991,temporal_1,race_aware
2967,9.578947368421053,0.43334502,temporal_1,race_aware
2645,9.578947368421053,0.4182884,temporal_1,race_aware
2797,9.578947368421053,0.3741341,temporal_1,race_aware
2852,9.578947368421053,0.33611706,temporal_1,race_aware
2803,9.578947368421053,0.4233991,temporal_1,race_aware
2448,9.578947368421053,0.32789603,temporal_1,race_aware
2808,9.578947368421053,0.43293327,temporal_1,race_aware
3214,9.578947368421053,0.33611706,temporal_1,race_aware
3399,9.578947368421053,0.3741341,temporal_1,race_aware
2944,9.578947368421053,0.3413791,temporal_1,race_aware
2414,9.578947368421053,0.32357293,temporal_1,race_aware
2815,9.578947368421053,0.33596087,temporal_1,race_aware
2656,9.578947368421053,0.40760022,temporal_1,race_aware
2517,9.578947368421053,0.4182884,temporal_1,race_aware
2607,9.578947368421053,0.41214186,temporal_1,race_aware
2605,9.578947368421053,0.3413791,temporal_1,race_aware
3075,9.578947368421053,0.3741341,temporal_1,race_aware
3062,10.263157894736842,0.42289865,temporal_1,race_aware
3178,10.263157894736842,0.4352892,temporal_1,race_aware
2563,10.263157894736842,0.41523615,temporal_1,race_aware
3314,10.263157894736842,0.42622912,temporal_1,race_aware
2606,10.263157894736842,0.4352892,temporal_1,race_aware
2383,10.263157894736842,0.4358791,temporal_1,race_aware
2800,10.263157894736842,0.4358791,temporal_1,race_aware
2330,10.263157894736842,0.37886313,temporal_1,race_aware
3026,10.263157894736842,0.41093493,temporal_1,race_aware
2514,10.263157894736842,0.43023923,temporal_1,race_aware
3191,10.263157894736842,0.44374645,temporal_1,race_aware
2360,10.263157894736842,0.42622912,temporal_1,race_aware
3005,10.263157894736842,0.4352892,temporal_1,race_aware
3046,10.263157894736842,0.42289865,temporal_1,race_aware
3312,10.263157894736842,0.44374645,temporal_1,race_aware
3193,10.263157894736842,0.38450694,temporal_1,race_aware
2719,10.263157894736842,0.42099208,temporal_1,race_aware
3098,10.263157894736842,0.4358791,temporal_1,race_aware
2887,10.263157894736842,0.4358791,temporal_1,race_aware
2703,10.263157894736842,0.35277084,temporal_1,race_aware
2375,10.263157894736842,0.4358791,temporal_1,race_aware
2991,10.263157894736842,0.37886313,temporal_1,race_aware
3245,10.263157894736842,0.42289865,temporal_1,race_aware
2430,10.263157894736842,0.3453716,temporal_1,race_aware
2432,10.263157894736842,0.4352892,temporal_1,race_aware
2318,10.263157894736842,0.40740293,temporal_1,race_aware
2698,10.263157894736842,0.4352892,temporal_1,race_aware
2564,10.263157894736842,0.35157537,temporal_1,race_aware
2549,10.263157894736842,0.43175796,temporal_1,race_aware
2370,10.263157894736842,0.42622912,temporal_1,race_aware
2387,10.263157894736842,0.35087284,temporal_1,race_aware
2771,10.263157894736842,0.4352892,temporal_1,race_aware
2595,10.263157894736842,0.3453716,temporal_1,race_aware
2807,10.263157894736842,0.42622912,temporal_1,race_aware
3113,10.263157894736842,0.40230638,temporal_1,race_aware
2297,10.263157894736842,0.42622912,temporal_1,race_aware
3058,10.263157894736842,0.4358791,temporal_1,race_aware
2802,10.263157894736842,0.3453716,temporal_1,race_aware
2735,10.263157894736842,0.4358791,temporal_1,race_aware
3310,10.263157894736842,0.4358791,temporal_1,race_aware
2572,10.263157894736842,0.35157537,temporal_1,race_aware
2917,10.263157894736842,0.3736235,temporal_1,race_aware
3166,10.263157894736842,0.4352892,temporal_1,race_aware
2452,10.263157894736842,0.33804253,temporal_1,race_aware
3307,10.263157894736842,0.4358791,temporal_1,race_aware
2544,10.263157894736842,0.4352892,temporal_1,race_aware
2362,10.263157894736842,0.35087284,temporal_1,race_aware
3278,10.263157894736842,0.3736235,temporal_1,race_aware
3210,10.263157894736842,0.35087284,temporal_1,race_aware
2998,10.263157894736842,0.3736235,temporal_1,race_aware
3125,10.263157894736842,0.4093324,temporal_1,race_aware
2768,10.263157894736842,0.42622912,temporal_1,race_aware
2890,10.263157894736842,0.4352892,temporal_1,race_aware
3132,10.263157894736842,0.4358791,temporal_1,race_aware
3402,10.263157894736842,0.35157537,temporal_1,race_aware
2344,10.263157894736842,0.4358791,temporal_1,race_aware
3389,10.263157894736842,0.35087284,temporal_1,race_aware
2570,10.263157894736842,0.4133609,temporal_1,race_aware
2472,10.263157894736842,0.4358791,temporal_1,race_aware
2819,10.263157894736842,0.33612195,temporal_1,race_aware
3073,10.263157894736842,0.42622912,temporal_1,race_aware
2827,10.263157894736842,0.4146009,temporal_1,race_aware
2325,10.263157894736842,0.4352892,temporal_1,race_aware
2672,10.263157894736842,0.43175796,temporal_1,race_aware
3403,10.263157894736842,0.42622912,temporal_1,race_aware
2834,10.263157894736842,0.43175796,temporal_1,race_aware
2962,10.263157894736842,0.37886313,temporal_1,race_aware
2685,10.263157894736842,0.4093324,temporal_1,race_aware
2723,10.263157894736842,0.42111373,temporal_1,race_aware
3107,10.263157894736842,0.35277084,temporal_1,race_aware
2801,10.263157894736842,0.4352892,temporal_1,race_aware
3405,10.263157894736842,0.44374645,temporal_1,race_aware
3012,10.263157894736842,0.37886313,temporal_1,race_aware
3096,10.263157894736842,0.35157537,temporal_1,race_aware
2696,10.263157894736842,0.4358791,temporal_1,race_aware
2521,10.263157894736842,0.44374645,temporal_1,race_aware
3024,10.263157894736842,0.35157537,temporal_1,race_aware
2752,10.263157894736842,0.4358791,temporal_1,race_aware
2662,10.263157894736842,0.37886313,temporal_1,race_aware
2402,10.263157894736842,0.4352892,temporal_1,race_aware
2573,10.263157894736842,0.41476738,temporal_1,race_aware
2305,10.263157894736842,0.4352892,temporal_1,race_aware
3250,10.263157894736842,0.42622912,temporal_1,race_aware
2967,10.263157894736842,0.4352892,temporal_1,race_aware
2645,10.263157894736842,0.42835367,temporal_1,race_aware
2797,10.263157894736842,0.37886313,temporal_1,race_aware
2852,10.263157894736842,0.35277084,temporal_1,race_aware
2803,10.263157894736842,0.42622912,temporal_1,race_aware
2448,10.263157894736842,0.33839488,temporal_1,race_aware
2808,10.263157894736842,0.4358791,temporal_1,race_aware
3214,10.263157894736842,0.35277084,temporal_1,race_aware
3399,10.263157894736842,0.37886313,temporal_1,race_aware
2944,10.263157894736842,0.35087284,temporal_1,race_aware
2414,10.263157894736842,0.33612195,temporal_1,race_aware
2815,10.263157894736842,0.35157537,temporal_1,race_aware
2656,10.263157894736842,0.41093493,temporal_1,race_aware
2517,10.263157894736842,0.42835367,temporal_1,race_aware
2607,10.263157894736842,0.4146009,temporal_1,race_aware
2605,10.263157894736842,0.35087284,temporal_1,race_aware
3075,10.263157894736842,0.37886313,temporal_1,race_aware
3062,10.947368421052632,0.42379463,temporal_1,race_aware
3178,10.947368421052632,0.44283026,temporal_1,race_aware
2563,10.947368421052632,0.42476127,temporal_1,race_aware
3314,10.947368421052632,0.43231988,temporal_1,race_aware
2606,10.947368421052632,0.44283026,temporal_1,race_aware
2383,10.947368421052632,0.44236422,temporal_1,race_aware
2800,10.947368421052632,0.44236422,temporal_1,race_aware
2330,10.947368421052632,0.38454846,temporal_1,race_aware
3026,10.947368421052632,0.42078477,temporal_1,race_aware
2514,10.947368421052632,0.43662915,temporal_1,race_aware
3191,10.947368421052632,0.44662255,temporal_1,race_aware
2360,10.947368421052632,0.43231988,temporal_1,race_aware
3005,10.947368421052632,0.44283026,temporal_1,race_aware
3046,10.947368421052632,0.42379463,temporal_1,race_aware
3312,10.947368421052632,0.44662255,temporal_1,race_aware
3193,10.947368421052632,0.38166654,temporal_1,race_aware
2719,10.947368421052632,0.41711807,temporal_1,race_aware
3098,10.947368421052632,0.44236422,temporal_1,race_aware
2887,10.947368421052632,0.44236422,temporal_1,race_aware
2703,10.947368421052632,0.35103187,temporal_1,race_aware
2375,10.947368421052632,0.44236422,temporal_1,race_aware
2991,10.947368421052632,0.38454846,temporal_1,race_aware
3245,10.947368421052632,0.42379463,temporal_1,race_aware
2430,10.947368421052632,0.35037088,temporal_1,race_aware
2432,10.947368421052632,0.44283026,temporal_1,race_aware
2318,10.947368421052632,0.41215527,temporal_1,race_aware
2698,10.947368421052632,0.44283026,temporal_1,race_aware
2564,10.947368421052632,0.35712472,temporal_1,race_aware
2549,10.947368421052632,0.4357501,temporal_1,race_aware
2370,10.947368421052632,0.43231988,temporal_1,race_aware
2387,10.947368421052632,0.3477494,temporal_1,race_aware
2771,10.947368421052632,0.44283026,temporal_1,race_aware
2595,10.947368421052632,0.35037088,temporal_1,race_aware
2807,10.947368421052632,0.43231988,temporal_1,race_aware
3113,10.947368421052632,0.40700787,temporal_1,race_aware
2297,10.947368421052632,0.43231988,temporal_1,race_aware
3058,10.947368421052632,0.44236422,temporal_1,race_aware
2802,10.947368421052632,0.35037088,temporal_1,race_aware
2735,10.947368421052632,0.44236422,temporal_1,race_aware
3310,10.947368421052632,0.44236422,temporal_1,race_aware
2572,10.947368421052632,0.35712472,temporal_1,race_aware
2917,10.947368421052632,0.37250763,temporal_1,race_aware
3166,10.947368421052632,0.44283026,temporal_1,race_aware
2452,10.947368421052632,0.34218976,temporal_1,race_aware
3307,10.947368421052632,0.44236422,temporal_1,race_aware
2544,10.947368421052632,0.44283026,temporal_1,race_aware
2362,10.947368421052632,0.3477494,temporal_1,race_aware
3278,10.947368421052632,0.37250763,temporal_1,race_aware
3210,10.947368421052632,0.3477494,temporal_1,race_aware
2998,10.947368421052632,0.37250763,temporal_1,race_aware
3125,10.947368421052632,0.41687846,temporal_1,race_aware
2768,10.947368421052632,0.43231988,temporal_1,race_aware
2890,10.947368421052632,0.44283026,temporal_1,race_aware
3132,10.947368421052632,0.44236422,temporal_1,race_aware
3402,10.947368421052632,0.35712472,temporal_1,race_aware
2344,10.947368421052632,0.44236422,temporal_1,race_aware
3389,10.947368421052632,0.3477494,temporal_1,race_aware
2570,10.947368421052632,0.42338806,temporal_1,race_aware
2472,10.947368421052632,0.44236422,temporal_1,race_aware
2819,10.947368421052632,0.34368545,temporal_1,race_aware
3073,10.947368421052632,0.43231988,temporal_1,race_aware
2827,10.947368421052632,0.42055595,temporal_1,race_aware
2325,10.947368421052632,0.44283026,temporal_1,race_aware
2672,10.947368421052632,0.4357501,temporal_1,race_aware
3403,10.947368421052632,0.43231988,temporal_1,race_aware
2834,10.947368421052632,0.4357501,temporal_1,race_aware
2962,10.947368421052632,0.38454846,temporal_1,race_aware
2685,10.947368421052632,0.41687846,temporal_1,race_aware
2723,10.947368421052632,0.42766172,temporal_1,race_aware
3107,10.947368421052632,0.35103187,temporal_1,race_aware
2801,10.947368421052632,0.44283026,temporal_1,race_aware
3405,10.947368421052632,0.44662255,temporal_1,race_aware
3012,10.947368421052632,0.38454846,temporal_1,race_aware
3096,10.947368421052632,0.35712472,temporal_1,race_aware
2696,10.947368421052632,0.44236422,temporal_1,race_aware
2521,10.947368421052632,0.44662255,temporal_1,race_aware
3024,10.947368421052632,0.35712472,temporal_1,race_aware
2752,10.947368421052632,0.44236422,temporal_1,race_aware
2662,10.947368421052632,0.38454846,temporal_1,race_aware
2402,10.947368421052632,0.44283026,temporal_1,race_aware
2573,10.947368421052632,0.41686833,temporal_1,race_aware
2305,10.947368421052632,0.44283026,temporal_1,race_aware
3250,10.947368421052632,0.43231988,temporal_1,race_aware
2967,10.947368421052632,0.44283026,temporal_1,race_aware
2645,10.947368421052632,0.43000853,temporal_1,race_aware
2797,10.947368421052632,0.38454846,temporal_1,race_aware
2852,10.947368421052632,0.35103187,temporal_1,race_aware
2803,10.947368421052632,0.43231988,temporal_1,race_aware
2448,10.947368421052632,0.34861386,temporal_1,race_aware
2808,10.947368421052632,0.44236422,temporal_1,race_aware
3214,10.947368421052632,0.35103187,temporal_1,race_aware
3399,10.947368421052632,0.38454846,temporal_1,race_aware
2944,10.947368421052632,0.3477494,temporal_1,race_aware
2414,10.947368421052632,0.34368545,temporal_1,race_aware
2815,10.947368421052632,0.35712472,temporal_1,race_aware
2656,10.947368421052632,0.42078477,temporal_1,race_aware
2517,10.947368421052632,0.43000853,temporal_1,race_aware
2607,10.947368421052632,0.42055595,temporal_1,race_aware
2605,10.947368421052632,0.3477494,temporal_1,race_aware
3075,10.947368421052632,0.38454846,temporal_1,race_aware
3062,11.631578947368421,0.42132962,temporal_1,race_aware
3178,11.631578947368421,0.44269776,temporal_1,race_aware
2563,11.631578947368421,0.42349514,temporal_1,race_aware
3314,11.631578947368421,0.4304213,temporal_1,race_aware
2606,11.631578947368421,0.44269776,temporal_1,race_aware
2383,11.631578947368421,0.4460792,temporal_1,race_aware
2800,11.631578947368421,0.4460792,temporal_1,race_aware
2330,11.631578947368421,0.38642618,temporal_1,race_aware
3026,11.631578947368421,0.42407012,temporal_1,race_aware
2514,11.631578947368421,0.4376085,temporal_1,race_aware
3191,11.631578947368421,0.45061898,temporal_1,race_aware
2360,11.631578947368421,0.4304213,temporal_1,race_aware
3005,11.631578947368421,0.44269776,temporal_1,race_aware
3046,11.631578947368421,0.42132962,temporal_1,race_aware
3312,11.631578947368421,0.45061898,temporal_1,race_aware
3193,11.631578947368421,0.39004385,temporal_1,race_aware
2719,11.631578947368421,0.42585516,temporal_1,race_aware
3098,11.631578947368421,0.4460792,temporal_1,race_aware
2887,11.631578947368421,0.4460792,temporal_1,race_aware
2703,11.631578947368421,0.3603578,temporal_1,race_aware
2375,11.631578947368421,0.4460792,temporal_1,race_aware
2991,11.631578947368421,0.38642618,temporal_1,race_aware
3245,11.631578947368421,0.42132962,temporal_1,race_aware
2430,11.631578947368421,0.35799176,temporal_1,race_aware
2432,11.631578947368421,0.44269776,temporal_1,race_aware
2318,11.631578947368421,0.41737646,temporal_1,race_aware
2698,11.631578947368421,0.44269776,temporal_1,race_aware
2564,11.631578947368421,0.35984662,temporal_1,race_aware
2549,11.631578947368421,0.44062737,temporal_1,race_aware
2370,11.631578947368421,0.4304213,temporal_1,race_aware
2387,11.631578947368421,0.36158314,temporal_1,race_aware
2771,11.631578947368421,0.44269776,temporal_1,race_aware
2595,11.631578947368421,0.35799176,temporal_1,race_aware
2807,11.631578947368421,0.4304213,temporal_1,race_aware
3113,11.631578947368421,0.4088779,temporal_1,race_aware
2297,11.631578947368421,0.4304213,temporal_1,race_aware
3058,11.631578947368421,0.4460792,temporal_1,race_aware
2802,11.631578947368421,0.35799176,temporal_1,race_aware
2735,11.631578947368421,0.4460792,temporal_1,race_aware
3310,11.631578947368421,0.4460792,temporal_1,race_aware
2572,11.631578947368421,0.35984662,temporal_1,race_aware
2917,11.631578947368421,0.37931705,temporal_1,race_aware
3166,11.631578947368421,0.44269776,temporal_1,race_aware
2452,11.631578947368421,0.3451195,temporal_1,race_aware
3307,11.631578947368421,0.4460792,temporal_1,race_aware
2544,11.631578947368421,0.44269776,temporal_1,race_aware
2362,11.631578947368421,0.36158314,temporal_1,race_aware
3278,11.631578947368421,0.37931705,temporal_1,race_aware
3210,11.631578947368421,0.36158314,temporal_1,race_aware
2998,11.631578947368421,0.37931705,temporal_1,race_aware
3125,11.631578947368421,0.41841692,temporal_1,race_aware
2768,11.631578947368421,0.4304213,temporal_1,race_aware
2890,11.631578947368421,0.44269776,temporal_1,race_aware
3132,11.631578947368421,0.4460792,temporal_1,race_aware
3402,11.631578947368421,0.35984662,temporal_1,race_aware
2344,11.631578947368421,0.4460792,temporal_1,race_aware
3389,11.631578947368421,0.36158314,temporal_1,race_aware
2570,11.631578947368421,0.4220932,temporal_1,race_aware
2472,11.631578947368421,0.4460792,temporal_1,race_aware
2819,11.631578947368421,0.35340843,temporal_1,race_aware
3073,11.631578947368421,0.4304213,temporal_1,race_aware
2827,11.631578947368421,0.423077,temporal_1,race_aware
2325,11.631578947368421,0.44269776,temporal_1,race_aware
2672,11.631578947368421,0.44062737,temporal_1,race_aware
3403,11.631578947368421,0.4304213,temporal_1,race_aware
2834,11.631578947368421,0.44062737,temporal_1,race_aware
2962,11.631578947368421,0.38642618,temporal_1,race_aware
2685,11.631578947368421,0.41841692,temporal_1,race_aware
2723,11.631578947368421,0.4322263,temporal_1,race_aware
3107,11.631578947368421,0.3603578,temporal_1,race_aware
2801,11.631578947368421,0.44269776,temporal_1,race_aware
3405,11.631578947368421,0.45061898,temporal_1,race_aware
3012,11.631578947368421,0.38642618,temporal_1,race_aware
3096,11.631578947368421,0.35984662,temporal_1,race_aware
2696,11.631578947368421,0.4460792,temporal_1,race_aware
2521,11.631578947368421,0.45061898,temporal_1,race_aware
3024,11.631578947368421,0.35984662,temporal_1,race_aware
2752,11.631578947368421,0.4460792,temporal_1,race_aware
2662,11.631578947368421,0.38642618,temporal_1,race_aware
2402,11.631578947368421,0.44269776,temporal_1,race_aware
2573,11.631578947368421,0.41959947,temporal_1,race_aware
2305,11.631578947368421,0.44269776,temporal_1,race_aware
3250,11.631578947368421,0.4304213,temporal_1,race_aware
2967,11.631578947368421,0.44269776,temporal_1,race_aware
2645,11.631578947368421,0.42964995,temporal_1,race_aware
2797,11.631578947368421,0.38642618,temporal_1,race_aware
2852,11.631578947368421,0.3603578,temporal_1,race_aware
2803,11.631578947368421,0.4304213,temporal_1,race_aware
2448,11.631578947368421,0.35443678,temporal_1,race_aware
2808,11.631578947368421,0.4460792,temporal_1,race_aware
3214,11.631578947368421,0.3603578,temporal_1,race_aware
3399,11.631578947368421,0.38642618,temporal_1,race_aware
2944,11.631578947368421,0.36158314,temporal_1,race_aware
2414,11.631578947368421,0.35340843,temporal_1,race_aware
2815,11.631578947368421,0.35984662,temporal_1,race_aware
2656,11.631578947368421,0.42407012,temporal_1,race_aware
2517,11.631578947368421,0.42964995,temporal_1,race_aware
2607,11.631578947368421,0.423077,temporal_1,race_aware
2605,11.631578947368421,0.36158314,temporal_1,race_aware
3075,11.631578947368421,0.38642618,temporal_1,race_aware
3062,12.31578947368421,0.42543864,temporal_1,race_aware
3178,12.31578947368421,0.4506771,temporal_1,race_aware
2563,12.31578947368421,0.43317977,temporal_1,race_aware
3314,12.31578947368421,0.44242555,temporal_1,race_aware
2606,12.31578947368421,0.4506771,temporal_1,race_aware
2383,12.31578947368421,0.4473216,temporal_1,race_aware
2800,12.31578947368421,0.4473216,temporal_1,race_aware
2330,12.31578947368421,0.39196262,temporal_1,race_aware
3026,12.31578947368421,0.42811477,temporal_1,race_aware
2514,12.31578947368421,0.43864313,temporal_1,race_aware
3191,12.31578947368421,0.45454746,temporal_1,race_aware
2360,12.31578947368421,0.44242555,temporal_1,race_aware
3005,12.31578947368421,0.4506771,temporal_1,race_aware
3046,12.31578947368421,0.42543864,temporal_1,race_aware
3312,12.31578947368421,0.45454746,temporal_1,race_aware
3193,12.31578947368421,0.40036768,temporal_1,race_aware
2719,12.31578947368421,0.42993277,temporal_1,race_aware
3098,12.31578947368421,0.4473216,temporal_1,race_aware
2887,12.31578947368421,0.4473216,temporal_1,race_aware
2703,12.31578947368421,0.3732008,temporal_1,race_aware
2375,12.31578947368421,0.4473216,temporal_1,race_aware
2991,12.31578947368421,0.39196262,temporal_1,race_aware
3245,12.31578947368421,0.42543864,temporal_1,race_aware
2430,12.31578947368421,0.3657711,temporal_1,race_aware
2432,12.31578947368421,0.4506771,temporal_1,race_aware
2318,12.31578947368421,0.4255826,temporal_1,race_aware
2698,12.31578947368421,0.4506771,temporal_1,race_aware
2564,12.31578947368421,0.3688055,temporal_1,race_aware
2549,12.31578947368421,0.44101837,temporal_1,race_aware
2370,12.31578947368421,0.44242555,temporal_1,race_aware
2387,12.31578947368421,0.36958462,temporal_1,race_aware
2771,12.31578947368421,0.4506771,temporal_1,race_aware
2595,12.31578947368421,0.3657711,temporal_1,race_aware
2807,12.31578947368421,0.44242555,temporal_1,race_aware
3113,12.31578947368421,0.41991353,temporal_1,race_aware
2297,12.31578947368421,0.44242555,temporal_1,race_aware
3058,12.31578947368421,0.4473216,temporal_1,race_aware
2802,12.31578947368421,0.3657711,temporal_1,race_aware
2735,12.31578947368421,0.4473216,temporal_1,race_aware
3310,12.31578947368421,0.4473216,temporal_1,race_aware
2572,12.31578947368421,0.3688055,temporal_1,race_aware
2917,12.31578947368421,0.38244832,temporal_1,race_aware
3166,12.31578947368421,0.4506771,temporal_1,race_aware
2452,12.31578947368421,0.3532354,temporal_1,race_aware
3307,12.31578947368421,0.4473216,temporal_1,race_aware
2544,12.31578947368421,0.4506771,temporal_1,race_aware
2362,12.31578947368421,0.36958462,temporal_1,race_aware
3278,12.31578947368421,0.38244832,temporal_1,race_aware
3210,12.31578947368421,0.36958462,temporal_1,race_aware
2998,12.31578947368421,0.38244832,temporal_1,race_aware
3125,12.31578947368421,0.42155117,temporal_1,race_aware
2768,12.31578947368421,0.44242555,temporal_1,race_aware
2890,12.31578947368421,0.4506771,temporal_1,race_aware
3132,12.31578947368421,0.4473216,temporal_1,race_aware
3402,12.31578947368421,0.3688055,temporal_1,race_aware
2344,12.31578947368421,0.4473216,temporal_1,race_aware
3389,12.31578947368421,0.36958462,temporal_1,race_aware
2570,12.31578947368421,0.42882216,temporal_1,race_aware
2472,12.31578947368421,0.4473216,temporal_1,race_aware
2819,12.31578947368421,0.35959196,temporal_1,race_aware
3073,12.31578947368421,0.44242555,temporal_1,race_aware
2827,12.31578947368421,0.43149555,temporal_1,race_aware
2325,12.31578947368421,0.4506771,temporal_1,race_aware
2672,12.31578947368421,0.44101837,temporal_1,race_aware
3403,12.31578947368421,0.44242555,temporal_1,race_aware
2834,12.31578947368421,0.44101837,temporal_1,race_aware
2962,12.31578947368421,0.39196262,temporal_1,race_aware
2685,12.31578947368421,0.42155117,temporal_1,race_aware
2723,12.31578947368421,0.4322009,temporal_1,race_aware
3107,12.31578947368421,0.3732008,temporal_1,race_aware
2801,12.31578947368421,0.4506771,temporal_1,race_aware
3405,12.31578947368421,0.45454746,temporal_1,race_aware
3012,12.31578947368421,0.39196262,temporal_1,race_aware
3096,12.31578947368421,0.3688055,temporal_1,race_aware
2696,12.31578947368421,0.4473216,temporal_1,race_aware
2521,12.31578947368421,0.45454746,temporal_1,race_aware
3024,12.31578947368421,0.3688055,temporal_1,race_aware
2752,12.31578947368421,0.4473216,temporal_1,race_aware
2662,12.31578947368421,0.39196262,temporal_1,race_aware
2402,12.31578947368421,0.4506771,temporal_1,race_aware
2573,12.31578947368421,0.42636645,temporal_1,race_aware
2305,12.31578947368421,0.4506771,temporal_1,race_aware
3250,12.31578947368421,0.44242555,temporal_1,race_aware
2967,12.31578947368421,0.4506771,temporal_1,race_aware
2645,12.31578947368421,0.4351064,temporal_1,race_aware
2797,12.31578947368421,0.39196262,temporal_1,race_aware
2852,12.31578947368421,0.3732008,temporal_1,race_aware
2803,12.31578947368421,0.44242555,temporal_1,race_aware
2448,12.31578947368421,0.35845387,temporal_1,race_aware
2808,12.31578947368421,0.4473216,temporal_1,race_aware
3214,12.31578947368421,0.3732008,temporal_1,race_aware
3399,12.31578947368421,0.39196262,temporal_1,race_aware
2944,12.31578947368421,0.36958462,temporal_1,race_aware
2414,12.31578947368421,0.35959196,temporal_1,race_aware
2815,12.31578947368421,0.3688055,temporal_1,race_aware
2656,12.31578947368421,0.42811477,temporal_1,race_aware
2517,12.31578947368421,0.4351064,temporal_1,race_aware
2607,12.31578947368421,0.43149555,temporal_1,race_aware
2605,12.31578947368421,0.36958462,temporal_1,race_aware
3075,12.31578947368421,0.39196262,temporal_1,race_aware
3062,13.0,0.4247045,temporal_1,race_aware
3178,13.0,0.44947362,temporal_1,race_aware
2563,13.0,0.43370983,temporal_1,race_aware
3314,13.0,0.44636112,temporal_1,race_aware
2606,13.0,0.44947362,temporal_1,race_aware
2383,13.0,0.4551146,temporal_1,race_aware
2800,13.0,0.4551146,temporal_1,race_aware
2330,13.0,0.39503983,temporal_1,race_aware
3026,13.0,0.4329204,temporal_1,race_aware
2514,13.0,0.4463918,temporal_1,race_aware
3191,13.0,0.45733333,temporal_1,race_aware
2360,13.0,0.44636112,temporal_1,race_aware
3005,13.0,0.44947362,temporal_1,race_aware
3046,13.0,0.4247045,temporal_1,race_aware
3312,13.0,0.45733333,temporal_1,race_aware
3193,13.0,0.39902115,temporal_1,race_aware
2719,13.0,0.43166202,temporal_1,race_aware
3098,13.0,0.4551146,temporal_1,race_aware
2887,13.0,0.4551146,temporal_1,race_aware
2703,13.0,0.37895575,temporal_1,race_aware
2375,13.0,0.4551146,temporal_1,race_aware
2991,13.0,0.39503983,temporal_1,race_aware
3245,13.0,0.4247045,temporal_1,race_aware
2430,13.0,0.37631732,temporal_1,race_aware
2432,13.0,0.44947362,temporal_1,race_aware
2318,13.0,0.43046552,temporal_1,race_aware
2698,13.0,0.44947362,temporal_1,race_aware
2564,13.0,0.37492374,temporal_1,race_aware
2549,13.0,0.4430001,temporal_1,race_aware
2370,13.0,0.44636112,temporal_1,race_aware
2387,13.0,0.3750217,temporal_1,race_aware
2771,13.0,0.44947362,temporal_1,race_aware
2595,13.0,0.37631732,temporal_1,race_aware
2807,13.0,0.44636112,temporal_1,race_aware
3113,13.0,0.41229367,temporal_1,race_aware
2297,13.0,0.44636112,temporal_1,race_aware
3058,13.0,0.4551146,temporal_1,race_aware
2802,13.0,0.37631732,temporal_1,race_aware
2735,13.0,0.4551146,temporal_1,race_aware
3310,13.0,0.4551146,temporal_1,race_aware
2572,13.0,0.37492374,temporal_1,race_aware
2917,13.0,0.39027745,temporal_1,race_aware
3166,13.0,0.44947362,temporal_1,race_aware
2452,13.0,0.36446008,temporal_1,race_aware
3307,13.0,0.4551146,temporal_1,race_aware
2544,13.0,0.44947362,temporal_1,race_aware
2362,13.0,0.3750217,temporal_1,race_aware
3278,13.0,0.39027745,temporal_1,race_aware
3210,13.0,0.3750217,temporal_1,race_aware
2998,13.0,0.39027745,temporal_1,race_aware
3125,13.0,0.42620242,temporal_1,race_aware
2768,13.0,0.44636112,temporal_1,race_aware
2890,13.0,0.44947362,temporal_1,race_aware
3132,13.0,0.4551146,temporal_1,race_aware
3402,13.0,0.37492374,temporal_1,race_aware
2344,13.0,0.4551146,temporal_1,race_aware
3389,13.0,0.3750217,temporal_1,race_aware
2570,13.0,0.43717343,temporal_1,race_aware
2472,13.0,0.4551146,temporal_1,race_aware
2819,13.0,0.36633176,temporal_1,race_aware
3073,13.0,0.44636112,temporal_1,race_aware
2827,13.0,0.4396785,temporal_1,race_aware
2325,13.0,0.44947362,temporal_1,race_aware
2672,13.0,0.4430001,temporal_1,race_aware
3403,13.0,0.44636112,temporal_1,race_aware
2834,13.0,0.4430001,temporal_1,race_aware
2962,13.0,0.39503983,temporal_1,race_aware
2685,13.0,0.42620242,temporal_1,race_aware
2723,13.0,0.43531477,temporal_1,race_aware
3107,13.0,0.37895575,temporal_1,race_aware
2801,13.0,0.44947362,temporal_1,race_aware
3405,13.0,0.45733333,temporal_1,race_aware
3012,13.0,0.39503983,temporal_1,race_aware
3096,13.0,0.37492374,temporal_1,race_aware
2696,13.0,0.4551146,temporal_1,race_aware
2521,13.0,0.45733333,temporal_1,race_aware
3024,13.0,0.37492374,temporal_1,race_aware
2752,13.0,0.4551146,temporal_1,race_aware
2662,13.0,0.39503983,temporal_1,race_aware
2402,13.0,0.44947362,temporal_1,race_aware
2573,13.0,0.42551875,temporal_1,race_aware
2305,13.0,0.44947362,temporal_1,race_aware
3250,13.0,0.44636112,temporal_1,race_aware
2967,13.0,0.44947362,temporal_1,race_aware
2645,13.0,0.43503785,temporal_1,race_aware
2797,13.0,0.39503983,temporal_1,race_aware
2852,13.0,0.37895575,temporal_1,race_aware
2803,13.0,0.44636112,temporal_1,race_aware
2448,13.0,0.3660014,temporal_1,race_aware
2808,13.0,0.4551146,temporal_1,race_aware
3214,13.0,0.37895575,temporal_1,race_aware
3399,13.0,0.39503983,temporal_1,race_aware
2944,13.0,0.3750217,temporal_1,race_aware
2414,13.0,0.36633176,temporal_1,race_aware
2815,13.0,0.37492374,temporal_1,race_aware
2656,13.0,0.4329204,temporal_1,race_aware
2517,13.0,0.43503785,temporal_1,race_aware
2607,13.0,0.4396785,temporal_1,race_aware
2605,13.0,0.3750217,temporal_1,race_aware
3075,13.0,0.39503983,temporal_1,race_aware
4547,0.0,0.0,temporal_2,race_aware
5304,0.0,0.0,temporal_2,race_aware
5611,0.0,0.0,temporal_2,race_aware
4095,0.0,0.0,temporal_2,race_aware
4433,0.0,0.0,temporal_2,race_aware
5567,0.0,0.0,temporal_2,race_aware
4463,0.0,0.0,temporal_2,race_aware
4594,0.0,0.0,temporal_2,race_aware
5165,0.0,0.0,temporal_2,race_aware
4895,0.0,0.0,temporal_2,race_aware
4394,0.0,0.0,temporal_2,race_aware
4765,0.0,0.0,temporal_2,race_aware
4818,0.0,0.0,temporal_2,race_aware
5664,0.0,0.0,temporal_2,race_aware
4945,0.0,0.0,temporal_2,race_aware
5629,0.0,0.0,temporal_2,race_aware
4890,0.0,0.0,temporal_2,race_aware
4319,0.0,0.0,temporal_2,race_aware
4598,0.0,0.0,temporal_2,race_aware
4003,0.0,0.0,temporal_2,race_aware
5210,0.0,0.0,temporal_2,race_aware
4760,0.0,0.0,temporal_2,race_aware
4406,0.0,0.0,temporal_2,race_aware
5542,0.0,0.0,temporal_2,race_aware
5630,0.0,0.0,temporal_2,race_aware
4251,0.0,0.0,temporal_2,race_aware
5550,0.0,0.0,temporal_2,race_aware
4153,0.0,0.0,temporal_2,race_aware
4324,0.0,0.0,temporal_2,race_aware
4986,0.0,0.0,temporal_2,race_aware
4220,0.0,0.0,temporal_2,race_aware
5308,0.0,0.0,temporal_2,race_aware
4183,0.0,0.0,temporal_2,race_aware
4347,0.0,0.0,temporal_2,race_aware
4430,0.0,0.0,temporal_2,race_aware
4354,0.0,0.0,temporal_2,race_aware
5242,0.0,0.0,temporal_2,race_aware
5562,0.0,0.0,temporal_2,race_aware
4582,0.0,0.0,temporal_2,race_aware
4600,0.0,0.0,temporal_2,race_aware
4393,0.0,0.0,temporal_2,race_aware
5375,0.0,0.0,temporal_2,race_aware
4791,0.0,0.0,temporal_2,race_aware
4981,0.0,0.0,temporal_2,race_aware
4486,0.0,0.0,temporal_2,race_aware
4227,0.0,0.0,temporal_2,race_aware
5032,0.0,0.0,temporal_2,race_aware
5033,0.0,0.0,temporal_2,race_aware
4331,0.0,0.0,temporal_2,race_aware
5273,0.0,0.0,temporal_2,race_aware
4217,0.0,0.0,temporal_2,race_aware
5612,0.0,0.0,temporal_2,race_aware
4451,0.0,0.0,temporal_2,race_aware
4029,0.0,0.0,temporal_2,race_aware
4514,0.0,0.0,temporal_2,race_aware
4640,0.0,0.0,temporal_2,race_aware
4283,0.0,0.0,temporal_2,race_aware
5086,0.0,0.0,temporal_2,race_aware
4673,0.0,0.0,temporal_2,race_aware
4165,0.0,0.0,temporal_2,race_aware
4920,0.0,0.0,temporal_2,race_aware
5582,0.0,0.0,temporal_2,race_aware
4388,0.0,0.0,temporal_2,race_aware
4573,0.0,0.0,temporal_2,race_aware
4990,0.0,0.0,temporal_2,race_aware
5469,0.0,0.0,temporal_2,race_aware
5355,0.0,0.0,temporal_2,race_aware
4921,0.0,0.0,temporal_2,race_aware
5652,0.0,0.0,temporal_2,race_aware
5296,0.0,0.0,temporal_2,race_aware
4058,0.0,0.0,temporal_2,race_aware
4571,0.0,0.0,temporal_2,race_aware
4346,0.0,0.0,temporal_2,race_aware
4050,0.0,0.0,temporal_2,race_aware
4115,0.0,0.0,temporal_2,race_aware
4049,0.0,0.0,temporal_2,race_aware
5170,0.0,0.0,temporal_2,race_aware
4362,0.0,0.0,temporal_2,race_aware
5270,0.0,0.0,temporal_2,race_aware
4734,0.0,0.0,temporal_2,race_aware
4579,0.0,0.0,temporal_2,race_aware
4787,0.0,0.0,temporal_2,race_aware
4969,0.0,0.0,temporal_2,race_aware
4045,0.0,0.0,temporal_2,race_aware
5416,0.0,0.0,temporal_2,race_aware
4524,0.0,0.0,temporal_2,race_aware
4391,0.0,0.0,temporal_2,race_aware
4477,0.0,0.0,temporal_2,race_aware
5420,0.0,0.0,temporal_2,race_aware
4747,0.0,0.0,temporal_2,race_aware
5303,0.0,0.0,temporal_2,race_aware
4269,0.0,0.0,temporal_2,race_aware
4009,0.0,0.0,temporal_2,race_aware
4896,0.0,0.0,temporal_2,race_aware
4523,0.0,0.0,temporal_2,race_aware
4280,0.0,0.0,temporal_2,race_aware
4989,0.0,0.0,temporal_2,race_aware
4686,0.0,0.0,temporal_2,race_aware
4010,0.0,0.0,temporal_2,race_aware
5065,0.0,0.0,temporal_2,race_aware
4547,0.7152631578947355,0.085186034,temporal_2,race_aware
5304,0.7152631578947355,0.062011093,temporal_2,race_aware
5611,0.7152631578947355,0.09015712,temporal_2,race_aware
4095,0.7152631578947355,0.02980145,temporal_2,race_aware
4433,0.7152631578947355,0.062133193,temporal_2,race_aware
5567,0.7152631578947355,0.027917549,temporal_2,race_aware
4463,0.7152631578947355,0.04597546,temporal_2,race_aware
4594,0.7152631578947355,0.049920008,temporal_2,race_aware
5165,0.7152631578947355,0.062133193,temporal_2,race_aware
4895,0.7152631578947355,0.08440241,temporal_2,race_aware
4394,0.7152631578947355,0.036480352,temporal_2,race_aware
4765,0.7152631578947355,0.062133193,temporal_2,race_aware
4818,0.7152631578947355,0.04597546,temporal_2,race_aware
5664,0.7152631578947355,0.02980145,temporal_2,race_aware
4945,0.7152631578947355,0.04431942,temporal_2,race_aware
5629,0.7152631578947355,0.05175762,temporal_2,race_aware
4890,0.7152631578947355,0.055179223,temporal_2,race_aware
4319,0.7152631578947355,0.031183228,temporal_2,race_aware
4598,0.7152631578947355,0.05309087,temporal_2,race_aware
4003,0.7152631578947355,0.09015712,temporal_2,race_aware
5210,0.7152631578947355,0.062133193,temporal_2,race_aware
4760,0.7152631578947355,0.062133193,temporal_2,race_aware
4406,0.7152631578947355,0.062133193,temporal_2,race_aware
5542,0.7152631578947355,0.062133193,temporal_2,race_aware
5630,0.7152631578947355,0.0811691,temporal_2,race_aware
4251,0.7152631578947355,0.085186034,temporal_2,race_aware
5550,0.7152631578947355,0.036480352,temporal_2,race_aware
4153,0.7152631578947355,0.05389096,temporal_2,race_aware
4324,0.7152631578947355,0.05309087,temporal_2,race_aware
4986,0.7152631578947355,0.062133193,temporal_2,race_aware
4220,0.7152631578947355,0.04597546,temporal_2,race_aware
5308,0.7152631578947355,0.06199351,temporal_2,race_aware
4183,0.7152631578947355,0.05309087,temporal_2,race_aware
4347,0.7152631578947355,0.05309087,temporal_2,race_aware
4430,0.7152631578947355,0.05175762,temporal_2,race_aware
4354,0.7152631578947355,0.062133193,temporal_2,race_aware
5242,0.7152631578947355,0.06199351,temporal_2,race_aware
5562,0.7152631578947355,0.024715014,temporal_2,race_aware
4582,0.7152631578947355,0.031183228,temporal_2,race_aware
4600,0.7152631578947355,0.04597546,temporal_2,race_aware
4393,0.7152631578947355,0.09015712,temporal_2,race_aware
5375,0.7152631578947355,0.027917549,temporal_2,race_aware
4791,0.7152631578947355,0.0811691,temporal_2,race_aware
4981,0.7152631578947355,0.05177401,temporal_2,race_aware
4486,0.7152631578947355,0.055179223,temporal_2,race_aware
4227,0.7152631578947355,0.031183228,temporal_2,race_aware
5032,0.7152631578947355,0.027851291,temporal_2,race_aware
5033,0.7152631578947355,0.05309087,temporal_2,race_aware
4331,0.7152631578947355,0.05585432,temporal_2,race_aware
5273,0.7152631578947355,0.05309087,temporal_2,race_aware
4217,0.7152631578947355,0.031183228,temporal_2,race_aware
5612,0.7152631578947355,0.04597546,temporal_2,race_aware
4451,0.7152631578947355,0.036480352,temporal_2,race_aware
4029,0.7152631578947355,0.0811691,temporal_2,race_aware
4514,0.7152631578947355,0.062133193,temporal_2,race_aware
4640,0.7152631578947355,0.05703047,temporal_2,race_aware
4283,0.7152631578947355,0.036480352,temporal_2,race_aware
5086,0.7152631578947355,0.027851291,temporal_2,race_aware
4673,0.7152631578947355,0.05177401,temporal_2,race_aware
4165,0.7152631578947355,0.036480352,temporal_2,race_aware
4920,0.7152631578947355,0.05309087,temporal_2,race_aware
5582,0.7152631578947355,0.02980145,temporal_2,race_aware
4388,0.7152631578947355,0.055179223,temporal_2,race_aware
4573,0.7152631578947355,0.062133193,temporal_2,race_aware
4990,0.7152631578947355,0.0811691,temporal_2,race_aware
5469,0.7152631578947355,0.05175762,temporal_2,race_aware
5355,0.7152631578947355,0.062133193,temporal_2,race_aware
4921,0.7152631578947355,0.049920008,temporal_2,race_aware
5652,0.7152631578947355,0.062133193,temporal_2,race_aware
5296,0.7152631578947355,0.031183228,temporal_2,race_aware
4058,0.7152631578947355,0.0811691,temporal_2,race_aware
4571,0.7152631578947355,0.05389096,temporal_2,race_aware
4346,0.7152631578947355,0.02855502,temporal_2,race_aware
4050,0.7152631578947355,0.062133193,temporal_2,race_aware
4115,0.7152631578947355,0.05389096,temporal_2,race_aware
4049,0.7152631578947355,0.055179223,temporal_2,race_aware
5170,0.7152631578947355,0.085186034,temporal_2,race_aware
4362,0.7152631578947355,0.09015712,temporal_2,race_aware
5270,0.7152631578947355,0.027851291,temporal_2,race_aware
4734,0.7152631578947355,0.062133193,temporal_2,race_aware
4579,0.7152631578947355,0.055179223,temporal_2,race_aware
4787,0.7152631578947355,0.029329464,temporal_2,race_aware
4969,0.7152631578947355,0.037043422,temporal_2,race_aware
4045,0.7152631578947355,0.0811691,temporal_2,race_aware
5416,0.7152631578947355,0.055179223,temporal_2,race_aware
4524,0.7152631578947355,0.05309087,temporal_2,race_aware
4391,0.7152631578947355,0.029329464,temporal_2,race_aware
4477,0.7152631578947355,0.05389096,temporal_2,race_aware
5420,0.7152631578947355,0.05177401,temporal_2,race_aware
4747,0.7152631578947355,0.037043422,temporal_2,race_aware
5303,0.7152631578947355,0.031183228,temporal_2,race_aware
4269,0.7152631578947355,0.027917549,temporal_2,race_aware
4009,0.7152631578947355,0.062133193,temporal_2,race_aware
4896,0.7152631578947355,0.024715014,temporal_2,race_aware
4523,0.7152631578947355,0.062133193,temporal_2,race_aware
4280,0.7152631578947355,0.0811691,temporal_2,race_aware
4989,0.7152631578947355,0.0811691,temporal_2,race_aware
4686,0.7152631578947355,0.05389096,temporal_2,race_aware
4010,0.7152631578947355,0.085186034,temporal_2,race_aware
5065,0.7152631578947355,0.062133193,temporal_2,race_aware
4547,1.430526315789471,0.15567884,temporal_2,race_aware
5304,1.430526315789471,0.12510279,temporal_2,race_aware
5611,1.430526315789471,0.17012271,temporal_2,race_aware
4095,1.430526315789471,0.062087573,temporal_2,race_aware
4433,1.430526315789471,0.12925978,temporal_2,race_aware
5567,1.430526315789471,0.05744663,temporal_2,race_aware
4463,1.430526315789471,0.108511835,temporal_2,race_aware
4594,1.430526315789471,0.11997487,temporal_2,race_aware
5165,1.430526315789471,0.12925978,temporal_2,race_aware
4895,1.430526315789471,0.16641548,temporal_2,race_aware
4394,1.430526315789471,0.09273744,temporal_2,race_aware
4765,1.430526315789471,0.12925978,temporal_2,race_aware
4818,1.430526315789471,0.108511835,temporal_2,race_aware
5664,1.430526315789471,0.062087573,temporal_2,race_aware
4945,1.430526315789471,0.10704419,temporal_2,race_aware
5629,1.430526315789471,0.11999537,temporal_2,race_aware
4890,1.430526315789471,0.1202098,temporal_2,race_aware
4319,1.430526315789471,0.06512518,temporal_2,race_aware
4598,1.430526315789471,0.117165625,temporal_2,race_aware
4003,1.430526315789471,0.17012271,temporal_2,race_aware
5210,1.430526315789471,0.12925978,temporal_2,race_aware
4760,1.430526315789471,0.12925978,temporal_2,race_aware
4406,1.430526315789471,0.12925978,temporal_2,race_aware
5542,1.430526315789471,0.12925978,temporal_2,race_aware
5630,1.430526315789471,0.1514194,temporal_2,race_aware
4251,1.430526315789471,0.15567884,temporal_2,race_aware
5550,1.430526315789471,0.09273744,temporal_2,race_aware
4153,1.430526315789471,0.11815217,temporal_2,race_aware
4324,1.430526315789471,0.117165625,temporal_2,race_aware
4986,1.430526315789471,0.12925978,temporal_2,race_aware
4220,1.430526315789471,0.108511835,temporal_2,race_aware
5308,1.430526315789471,0.13454536,temporal_2,race_aware
4183,1.430526315789471,0.117165625,temporal_2,race_aware
4347,1.430526315789471,0.117165625,temporal_2,race_aware
4430,1.430526315789471,0.11999537,temporal_2,race_aware
4354,1.430526315789471,0.12925978,temporal_2,race_aware
5242,1.430526315789471,0.13454536,temporal_2,race_aware
5562,1.430526315789471,0.053097896,temporal_2,race_aware
4582,1.430526315789471,0.06512518,temporal_2,race_aware
4600,1.430526315789471,0.108511835,temporal_2,race_aware
4393,1.430526315789471,0.17012271,temporal_2,race_aware
5375,1.430526315789471,0.05744663,temporal_2,race_aware
4791,1.430526315789471,0.1514194,temporal_2,race_aware
4981,1.430526315789471,0.11312868,temporal_2,race_aware
4486,1.430526315789471,0.1202098,temporal_2,race_aware
4227,1.430526315789471,0.06512518,temporal_2,race_aware
5032,1.430526315789471,0.056947924,temporal_2,race_aware
5033,1.430526315789471,0.117165625,temporal_2,race_aware
4331,1.430526315789471,0.11777203,temporal_2,race_aware
5273,1.430526315789471,0.117165625,temporal_2,race_aware
4217,1.430526315789471,0.06512518,temporal_2,race_aware
5612,1.430526315789471,0.108511835,temporal_2,race_aware
4451,1.430526315789471,0.09273744,temporal_2,race_aware
4029,1.430526315789471,0.1514194,temporal_2,race_aware
4514,1.430526315789471,0.12925978,temporal_2,race_aware
4640,1.430526315789471,0.13494992,temporal_2,race_aware
4283,1.430526315789471,0.09273744,temporal_2,race_aware
5086,1.430526315789471,0.056947924,temporal_2,race_aware
4673,1.430526315789471,0.11312868,temporal_2,race_aware
4165,1.430526315789471,0.09273744,temporal_2,race_aware
4920,1.430526315789471,0.117165625,temporal_2,race_aware
5582,1.430526315789471,0.062087573,temporal_2,race_aware
4388,1.430526315789471,0.1202098,temporal_2,race_aware
4573,1.430526315789471,0.12925978,temporal_2,race_aware
4990,1.430526315789471,0.1514194,temporal_2,race_aware
5469,1.430526315789471,0.11999537,temporal_2,race_aware
5355,1.430526315789471,0.12925978,temporal_2,race_aware
4921,1.430526315789471,0.11997487,temporal_2,race_aware
5652,1.430526315789471,0.12925978,temporal_2,race_aware
5296,1.430526315789471,0.06512518,temporal_2,race_aware
4058,1.430526315789471,0.1514194,temporal_2,race_aware
4571,1.430526315789471,0.11815217,temporal_2,race_aware
4346,1.430526315789471,0.06121534,temporal_2,race_aware
4050,1.430526315789471,0.12925978,temporal_2,race_aware
4115,1.430526315789471,0.11815217,temporal_2,race_aware
4049,1.430526315789471,0.1202098,temporal_2,race_aware
5170,1.430526315789471,0.15567884,temporal_2,race_aware
4362,1.430526315789471,0.17012271,temporal_2,race_aware
5270,1.430526315789471,0.056947924,temporal_2,race_aware
4734,1.430526315789471,0.12925978,temporal_2,race_aware
4579,1.430526315789471,0.1202098,temporal_2,race_aware
4787,1.430526315789471,0.057194024,temporal_2,race_aware
4969,1.430526315789471,0.08934051,temporal_2,race_aware
4045,1.430526315789471,0.1514194,temporal_2,race_aware
5416,1.430526315789471,0.1202098,temporal_2,race_aware
4524,1.430526315789471,0.117165625,temporal_2,race_aware
4391,1.430526315789471,0.057194024,temporal_2,race_aware
4477,1.430526315789471,0.11815217,temporal_2,race_aware
5420,1.430526315789471,0.11312868,temporal_2,race_aware
4747,1.430526315789471,0.08934051,temporal_2,race_aware
5303,1.430526315789471,0.06512518,temporal_2,race_aware
4269,1.430526315789471,0.05744663,temporal_2,race_aware
4009,1.430526315789471,0.12925978,temporal_2,race_aware
4896,1.430526315789471,0.053097896,temporal_2,race_aware
4523,1.430526315789471,0.12925978,temporal_2,race_aware
4280,1.430526315789471,0.1514194,temporal_2,race_aware
4989,1.430526315789471,0.1514194,temporal_2,race_aware
4686,1.430526315789471,0.11815217,temporal_2,race_aware
4010,1.430526315789471,0.15567884,temporal_2,race_aware
5065,1.430526315789471,0.12925978,temporal_2,race_aware
4547,2.1457894736842062,0.19977182,temporal_2,race_aware
5304,2.1457894736842062,0.16190958,temporal_2,race_aware
5611,2.1457894736842062,0.21824104,temporal_2,race_aware
4095,2.1457894736842062,0.097112454,temporal_2,race_aware
4433,2.1457894736842062,0.19237413,temporal_2,race_aware
5567,2.1457894736842062,0.084192544,temporal_2,race_aware
4463,2.1457894736842062,0.17643665,temporal_2,race_aware
4594,2.1457894736842062,0.18753915,temporal_2,race_aware
5165,2.1457894736842062,0.19237413,temporal_2,race_aware
4895,2.1457894736842062,0.21879572,temporal_2,race_aware
4394,2.1457894736842062,0.15411791,temporal_2,race_aware
4765,2.1457894736842062,0.19237413,temporal_2,race_aware
4818,2.1457894736842062,0.17643665,temporal_2,race_aware
5664,2.1457894736842062,0.097112454,temporal_2,race_aware
4945,2.1457894736842062,0.17016539,temporal_2,race_aware
5629,2.1457894736842062,0.17909388,temporal_2,race_aware
4890,2.1457894736842062,0.17857783,temporal_2,race_aware
4319,2.1457894736842062,0.09880018,temporal_2,race_aware
4598,2.1457894736842062,0.17764702,temporal_2,race_aware
4003,2.1457894736842062,0.21824104,temporal_2,race_aware
5210,2.1457894736842062,0.19237413,temporal_2,race_aware
4760,2.1457894736842062,0.19237413,temporal_2,race_aware
4406,2.1457894736842062,0.19237413,temporal_2,race_aware
5542,2.1457894736842062,0.19237413,temporal_2,race_aware
5630,2.1457894736842062,0.19328457,temporal_2,race_aware
4251,2.1457894736842062,0.19977182,temporal_2,race_aware
5550,2.1457894736842062,0.15411791,temporal_2,race_aware
4153,2.1457894736842062,0.17683417,temporal_2,race_aware
4324,2.1457894736842062,0.17764702,temporal_2,race_aware
4986,2.1457894736842062,0.19237413,temporal_2,race_aware
4220,2.1457894736842062,0.17643665,temporal_2,race_aware
5308,2.1457894736842062,0.19116679,temporal_2,race_aware
4183,2.1457894736842062,0.17764702,temporal_2,race_aware
4347,2.1457894736842062,0.17764702,temporal_2,race_aware
4430,2.1457894736842062,0.17909388,temporal_2,race_aware
4354,2.1457894736842062,0.19237413,temporal_2,race_aware
5242,2.1457894736842062,0.19116679,temporal_2,race_aware
5562,2.1457894736842062,0.08034264,temporal_2,race_aware
4582,2.1457894736842062,0.09880018,temporal_2,race_aware
4600,2.1457894736842062,0.17643665,temporal_2,race_aware
4393,2.1457894736842062,0.21824104,temporal_2,race_aware
5375,2.1457894736842062,0.084192544,temporal_2,race_aware
4791,2.1457894736842062,0.19328457,temporal_2,race_aware
4981,2.1457894736842062,0.17105933,temporal_2,race_aware
4486,2.1457894736842062,0.17857783,temporal_2,race_aware
4227,2.1457894736842062,0.09880018,temporal_2,race_aware
5032,2.1457894736842062,0.0923445,temporal_2,race_aware
5033,2.1457894736842062,0.17764702,temporal_2,race_aware
4331,2.1457894736842062,0.17281614,temporal_2,race_aware
5273,2.1457894736842062,0.17764702,temporal_2,race_aware
4217,2.1457894736842062,0.09880018,temporal_2,race_aware
5612,2.1457894736842062,0.17643665,temporal_2,race_aware
4451,2.1457894736842062,0.15411791,temporal_2,race_aware
4029,2.1457894736842062,0.19328457,temporal_2,race_aware
4514,2.1457894736842062,0.19237413,temporal_2,race_aware
4640,2.1457894736842062,0.2001693,temporal_2,race_aware
4283,2.1457894736842062,0.15411791,temporal_2,race_aware
5086,2.1457894736842062,0.0923445,temporal_2,race_aware
4673,2.1457894736842062,0.17105933,temporal_2,race_aware
4165,2.1457894736842062,0.15411791,temporal_2,race_aware
4920,2.1457894736842062,0.17764702,temporal_2,race_aware
5582,2.1457894736842062,0.097112454,temporal_2,race_aware
4388,2.1457894736842062,0.17857783,temporal_2,race_aware
4573,2.1457894736842062,0.19237413,temporal_2,race_aware
4990,2.1457894736842062,0.19328457,temporal_2,race_aware
5469,2.1457894736842062,0.17909388,temporal_2,race_aware
5355,2.1457894736842062,0.19237413,temporal_2,race_aware
4921,2.1457894736842062,0.18753915,temporal_2,race_aware
5652,2.1457894736842062,0.19237413,temporal_2,race_aware
5296,2.1457894736842062,0.09880018,temporal_2,race_aware
4058,2.1457894736842062,0.19328457,temporal_2,race_aware
4571,2.1457894736842062,0.17683417,temporal_2,race_aware
4346,2.1457894736842062,0.09617156,temporal_2,race_aware
4050,2.1457894736842062,0.19237413,temporal_2,race_aware
4115,2.1457894736842062,0.17683417,temporal_2,race_aware
4049,2.1457894736842062,0.17857783,temporal_2,race_aware
5170,2.1457894736842062,0.19977182,temporal_2,race_aware
4362,2.1457894736842062,0.21824104,temporal_2,race_aware
5270,2.1457894736842062,0.0923445,temporal_2,race_aware
4734,2.1457894736842062,0.19237413,temporal_2,race_aware
4579,2.1457894736842062,0.17857783,temporal_2,race_aware
4787,2.1457894736842062,0.09061159,temporal_2,race_aware
4969,2.1457894736842062,0.14971602,temporal_2,race_aware
4045,2.1457894736842062,0.19328457,temporal_2,race_aware
5416,2.1457894736842062,0.17857783,temporal_2,race_aware
4524,2.1457894736842062,0.17764702,temporal_2,race_aware
4391,2.1457894736842062,0.09061159,temporal_2,race_aware
4477,2.1457894736842062,0.17683417,temporal_2,race_aware
5420,2.1457894736842062,0.17105933,temporal_2,race_aware
4747,2.1457894736842062,0.14971602,temporal_2,race_aware
5303,2.1457894736842062,0.09880018,temporal_2,race_aware
4269,2.1457894736842062,0.084192544,temporal_2,race_aware
4009,2.1457894736842062,0.19237413,temporal_2,race_aware
4896,2.1457894736842062,0.08034264,temporal_2,race_aware
4523,2.1457894736842062,0.19237413,temporal_2,race_aware
4280,2.1457894736842062,0.19328457,temporal_2,race_aware
4989,2.1457894736842062,0.19328457,temporal_2,race_aware
4686,2.1457894736842062,0.17683417,temporal_2,race_aware
4010,2.1457894736842062,0.19977182,temporal_2,race_aware
5065,2.1457894736842062,0.19237413,temporal_2,race_aware
4547,2.861052631578942,0.22931898,temporal_2,race_aware
5304,2.861052631578942,0.18797004,temporal_2,race_aware
5611,2.861052631578942,0.25063652,temporal_2,race_aware
4095,2.861052631578942,0.12735921,temporal_2,race_aware
4433,2.861052631578942,0.23356016,temporal_2,race_aware
5567,2.861052631578942,0.10757676,temporal_2,race_aware
4463,2.861052631578942,0.22407688,temporal_2,race_aware
4594,2.861052631578942,0.23419924,temporal_2,race_aware
5165,2.861052631578942,0.23356016,temporal_2,race_aware
4895,2.861052631578942,0.25233597,temporal_2,race_aware
4394,2.861052631578942,0.19939044,temporal_2,race_aware
4765,2.861052631578942,0.23356016,temporal_2,race_aware
4818,2.861052631578942,0.22407688,temporal_2,race_aware
5664,2.861052631578942,0.12735921,temporal_2,race_aware
4945,2.861052631578942,0.21868172,temporal_2,race_aware
5629,2.861052631578942,0.22412772,temporal_2,race_aware
4890,2.861052631578942,0.22041567,temporal_2,race_aware
4319,2.861052631578942,0.12846838,temporal_2,race_aware
4598,2.861052631578942,0.22043887,temporal_2,race_aware
4003,2.861052631578942,0.25063652,temporal_2,race_aware
5210,2.861052631578942,0.23356016,temporal_2,race_aware
4760,2.861052631578942,0.23356016,temporal_2,race_aware
4406,2.861052631578942,0.23356016,temporal_2,race_aware
5542,2.861052631578942,0.23356016,temporal_2,race_aware
5630,2.861052631578942,0.219823,temporal_2,race_aware
4251,2.861052631578942,0.22931898,temporal_2,race_aware
5550,2.861052631578942,0.19939044,temporal_2,race_aware
4153,2.861052631578942,0.2245369,temporal_2,race_aware
4324,2.861052631578942,0.22043887,temporal_2,race_aware
4986,2.861052631578942,0.23356016,temporal_2,race_aware
4220,2.861052631578942,0.22407688,temporal_2,race_aware
5308,2.861052631578942,0.2303406,temporal_2,race_aware
4183,2.861052631578942,0.22043887,temporal_2,race_aware
4347,2.861052631578942,0.22043887,temporal_2,race_aware
4430,2.861052631578942,0.22412772,temporal_2,race_aware
4354,2.861052631578942,0.23356016,temporal_2,race_aware
5242,2.861052631578942,0.2303406,temporal_2,race_aware
5562,2.861052631578942,0.10366046,temporal_2,race_aware
4582,2.861052631578942,0.12846838,temporal_2,race_aware
4600,2.861052631578942,0.22407688,temporal_2,race_aware
4393,2.861052631578942,0.25063652,temporal_2,race_aware
5375,2.861052631578942,0.10757676,temporal_2,race_aware
4791,2.861052631578942,0.219823,temporal_2,race_aware
4981,2.861052631578942,0.20892988,temporal_2,race_aware
4486,2.861052631578942,0.22041567,temporal_2,race_aware
4227,2.861052631578942,0.12846838,temporal_2,race_aware
5032,2.861052631578942,0.12306247,temporal_2,race_aware
5033,2.861052631578942,0.22043887,temporal_2,race_aware
4331,2.861052631578942,0.20546709,temporal_2,race_aware
5273,2.861052631578942,0.22043887,temporal_2,race_aware
4217,2.861052631578942,0.12846838,temporal_2,race_aware
5612,2.861052631578942,0.22407688,temporal_2,race_aware
4451,2.861052631578942,0.19939044,temporal_2,race_aware
4029,2.861052631578942,0.219823,temporal_2,race_aware
4514,2.861052631578942,0.23356016,temporal_2,race_aware
4640,2.861052631578942,0.23974138,temporal_2,race_aware
4283,2.861052631578942,0.19939044,temporal_2,race_aware
5086,2.861052631578942,0.12306247,temporal_2,race_aware
4673,2.861052631578942,0.20892988,temporal_2,race_aware
4165,2.861052631578942,0.19939044,temporal_2,race_aware
4920,2.861052631578942,0.22043887,temporal_2,race_aware
5582,2.861052631578942,0.12735921,temporal_2,race_aware
4388,2.861052631578942,0.22041567,temporal_2,race_aware
4573,2.861052631578942,0.23356016,temporal_2,race_aware
4990,2.861052631578942,0.219823,temporal_2,race_aware
5469,2.861052631578942,0.22412772,temporal_2,race_aware
5355,2.861052631578942,0.23356016,temporal_2,race_aware
4921,2.861052631578942,0.23419924,temporal_2,race_aware
5652,2.861052631578942,0.23356016,temporal_2,race_aware
5296,2.861052631578942,0.12846838,temporal_2,race_aware
4058,2.861052631578942,0.219823,temporal_2,race_aware
4571,2.861052631578942,0.2245369,temporal_2,race_aware
4346,2.861052631578942,0.12862484,temporal_2,race_aware
4050,2.861052631578942,0.23356016,temporal_2,race_aware
4115,2.861052631578942,0.2245369,temporal_2,race_aware
4049,2.861052631578942,0.22041567,temporal_2,race_aware
5170,2.861052631578942,0.22931898,temporal_2,race_aware
4362,2.861052631578942,0.25063652,temporal_2,race_aware
5270,2.861052631578942,0.12306247,temporal_2,race_aware
4734,2.861052631578942,0.23356016,temporal_2,race_aware
4579,2.861052631578942,0.22041567,temporal_2,race_aware
4787,2.861052631578942,0.12274276,temporal_2,race_aware
4969,2.861052631578942,0.19533771,temporal_2,race_aware
4045,2.861052631578942,0.219823,temporal_2,race_aware
5416,2.861052631578942,0.22041567,temporal_2,race_aware
4524,2.861052631578942,0.22043887,temporal_2,race_aware
4391,2.861052631578942,0.12274276,temporal_2,race_aware
4477,2.861052631578942,0.2245369,temporal_2,race_aware
5420,2.861052631578942,0.20892988,temporal_2,race_aware
4747,2.861052631578942,0.19533771,temporal_2,race_aware
5303,2.861052631578942,0.12846838,temporal_2,race_aware
4269,2.861052631578942,0.10757676,temporal_2,race_aware
4009,2.861052631578942,0.23356016,temporal_2,race_aware
4896,2.861052631578942,0.10366046,temporal_2,race_aware
4523,2.861052631578942,0.23356016,temporal_2,race_aware
4280,2.861052631578942,0.219823,temporal_2,race_aware
4989,2.861052631578942,0.219823,temporal_2,race_aware
4686,2.861052631578942,0.2245369,temporal_2,race_aware
4010,2.861052631578942,0.22931898,temporal_2,race_aware
5065,2.861052631578942,0.23356016,temporal_2,race_aware
4547,3.5763157894736777,0.24834943,temporal_2,race_aware
5304,3.5763157894736777,0.21122327,temporal_2,race_aware
5611,3.5763157894736777,0.27320123,temporal_2,race_aware
4095,3.5763157894736777,0.15811473,temporal_2,race_aware
4433,3.5763157894736777,0.26413113,temporal_2,race_aware
5567,3.5763157894736777,0.1296046,temporal_2,race_aware
4463,3.5763157894736777,0.26352465,temporal_2,race_aware
4594,3.5763157894736777,0.273309,temporal_2,race_aware
5165,3.5763157894736777,0.26413113,temporal_2,race_aware
4895,3.5763157894736777,0.27592146,temporal_2,race_aware
4394,3.5763157894736777,0.23814264,temporal_2,race_aware
4765,3.5763157894736777,0.26413113,temporal_2,race_aware
4818,3.5763157894736777,0.26352465,temporal_2,race_aware
5664,3.5763157894736777,0.15811473,temporal_2,race_aware
4945,3.5763157894736777,0.25737324,temporal_2,race_aware
5629,3.5763157894736777,0.25778174,temporal_2,race_aware
4890,3.5763157894736777,0.25857234,temporal_2,race_aware
4319,3.5763157894736777,0.16246332,temporal_2,race_aware
4598,3.5763157894736777,0.2534928,temporal_2,race_aware
4003,3.5763157894736777,0.27320123,temporal_2,race_aware
5210,3.5763157894736777,0.26413113,temporal_2,race_aware
4760,3.5763157894736777,0.26413113,temporal_2,race_aware
4406,3.5763157894736777,0.26413113,temporal_2,race_aware
5542,3.5763157894736777,0.26413113,temporal_2,race_aware
5630,3.5763157894736777,0.23963088,temporal_2,race_aware
4251,3.5763157894736777,0.24834943,temporal_2,race_aware
5550,3.5763157894736777,0.23814264,temporal_2,race_aware
4153,3.5763157894736777,0.26172477,temporal_2,race_aware
4324,3.5763157894736777,0.2534928,temporal_2,race_aware
4986,3.5763157894736777,0.26413113,temporal_2,race_aware
4220,3.5763157894736777,0.26352465,temporal_2,race_aware
5308,3.5763157894736777,0.26433173,temporal_2,race_aware
4183,3.5763157894736777,0.2534928,temporal_2,race_aware
4347,3.5763157894736777,0.2534928,temporal_2,race_aware
4430,3.5763157894736777,0.25778174,temporal_2,race_aware
4354,3.5763157894736777,0.26413113,temporal_2,race_aware
5242,3.5763157894736777,0.26433173,temporal_2,race_aware
5562,3.5763157894736777,0.12593663,temporal_2,race_aware
4582,3.5763157894736777,0.16246332,temporal_2,race_aware
4600,3.5763157894736777,0.26352465,temporal_2,race_aware
4393,3.5763157894736777,0.27320123,temporal_2,race_aware
5375,3.5763157894736777,0.1296046,temporal_2,race_aware
4791,3.5763157894736777,0.23963088,temporal_2,race_aware
4981,3.5763157894736777,0.24407177,temporal_2,race_aware
4486,3.5763157894736777,0.25857234,temporal_2,race_aware
4227,3.5763157894736777,0.16246332,temporal_2,race_aware
5032,3.5763157894736777,0.1553514,temporal_2,race_aware
5033,3.5763157894736777,0.2534928,temporal_2,race_aware
4331,3.5763157894736777,0.23730473,temporal_2,race_aware
5273,3.5763157894736777,0.2534928,temporal_2,race_aware
4217,3.5763157894736777,0.16246332,temporal_2,race_aware
5612,3.5763157894736777,0.26352465,temporal_2,race_aware
4451,3.5763157894736777,0.23814264,temporal_2,race_aware
4029,3.5763157894736777,0.23963088,temporal_2,race_aware
4514,3.5763157894736777,0.26413113,temporal_2,race_aware
4640,3.5763157894736777,0.26974332,temporal_2,race_aware
4283,3.5763157894736777,0.23814264,temporal_2,race_aware
5086,3.5763157894736777,0.1553514,temporal_2,race_aware
4673,3.5763157894736777,0.24407177,temporal_2,race_aware
4165,3.5763157894736777,0.23814264,temporal_2,race_aware
4920,3.5763157894736777,0.2534928,temporal_2,race_aware
5582,3.5763157894736777,0.15811473,temporal_2,race_aware
4388,3.5763157894736777,0.25857234,temporal_2,race_aware
4573,3.5763157894736777,0.26413113,temporal_2,race_aware
4990,3.5763157894736777,0.23963088,temporal_2,race_aware
5469,3.5763157894736777,0.25778174,temporal_2,race_aware
5355,3.5763157894736777,0.26413113,temporal_2,race_aware
4921,3.5763157894736777,0.273309,temporal_2,race_aware
5652,3.5763157894736777,0.26413113,temporal_2,race_aware
5296,3.5763157894736777,0.16246332,temporal_2,race_aware
4058,3.5763157894736777,0.23963088,temporal_2,race_aware
4571,3.5763157894736777,0.26172477,temporal_2,race_aware
4346,3.5763157894736777,0.16819407,temporal_2,race_aware
4050,3.5763157894736777,0.26413113,temporal_2,race_aware
4115,3.5763157894736777,0.26172477,temporal_2,race_aware
4049,3.5763157894736777,0.25857234,temporal_2,race_aware
5170,3.5763157894736777,0.24834943,temporal_2,race_aware
4362,3.5763157894736777,0.27320123,temporal_2,race_aware
5270,3.5763157894736777,0.1553514,temporal_2,race_aware
4734,3.5763157894736777,0.26413113,temporal_2,race_aware
4579,3.5763157894736777,0.25857234,temporal_2,race_aware
4787,3.5763157894736777,0.15194292,temporal_2,race_aware
4969,3.5763157894736777,0.23688689,temporal_2,race_aware
4045,3.5763157894736777,0.23963088,temporal_2,race_aware
5416,3.5763157894736777,0.25857234,temporal_2,race_aware
4524,3.5763157894736777,0.2534928,temporal_2,race_aware
4391,3.5763157894736777,0.15194292,temporal_2,race_aware
4477,3.5763157894736777,0.26172477,temporal_2,race_aware
5420,3.5763157894736777,0.24407177,temporal_2,race_aware
4747,3.5763157894736777,0.23688689,temporal_2,race_aware
5303,3.5763157894736777,0.16246332,temporal_2,race_aware
4269,3.5763157894736777,0.1296046,temporal_2,race_aware
4009,3.5763157894736777,0.26413113,temporal_2,race_aware
4896,3.5763157894736777,0.12593663,temporal_2,race_aware
4523,3.5763157894736777,0.26413113,temporal_2,race_aware
4280,3.5763157894736777,0.23963088,temporal_2,race_aware
4989,3.5763157894736777,0.23963088,temporal_2,race_aware
4686,3.5763157894736777,0.26172477,temporal_2,race_aware
4010,3.5763157894736777,0.24834943,temporal_2,race_aware
5065,3.5763157894736777,0.26413113,temporal_2,race_aware
4547,4.2915789473684125,0.26452947,temporal_2,race_aware
5304,4.2915789473684125,0.23193541,temporal_2,race_aware
5611,4.2915789473684125,0.28967905,temporal_2,race_aware
4095,4.2915789473684125,0.18762219,temporal_2,race_aware
4433,4.2915789473684125,0.29285353,temporal_2,race_aware
5567,4.2915789473684125,0.14607906,temporal_2,race_aware
4463,4.2915789473684125,0.29192978,temporal_2,race_aware
4594,4.2915789473684125,0.3066194,temporal_2,race_aware
5165,4.2915789473684125,0.29285353,temporal_2,race_aware
4895,4.2915789473684125,0.29419124,temporal_2,race_aware
4394,4.2915789473684125,0.26844758,temporal_2,race_aware
4765,4.2915789473684125,0.29285353,temporal_2,race_aware
4818,4.2915789473684125,0.29192978,temporal_2,race_aware
5664,4.2915789473684125,0.18762219,temporal_2,race_aware
4945,4.2915789473684125,0.28799585,temporal_2,race_aware
5629,4.2915789473684125,0.2840653,temporal_2,race_aware
4890,4.2915789473684125,0.28772765,temporal_2,race_aware
4319,4.2915789473684125,0.19290875,temporal_2,race_aware
4598,4.2915789473684125,0.2813415,temporal_2,race_aware
4003,4.2915789473684125,0.28967905,temporal_2,race_aware
5210,4.2915789473684125,0.29285353,temporal_2,race_aware
4760,4.2915789473684125,0.29285353,temporal_2,race_aware
4406,4.2915789473684125,0.29285353,temporal_2,race_aware
5542,4.2915789473684125,0.29285353,temporal_2,race_aware
5630,4.2915789473684125,0.25643307,temporal_2,race_aware
4251,4.2915789473684125,0.26452947,temporal_2,race_aware
5550,4.2915789473684125,0.26844758,temporal_2,race_aware
4153,4.2915789473684125,0.28965798,temporal_2,race_aware
4324,4.2915789473684125,0.2813415,temporal_2,race_aware
4986,4.2915789473684125,0.29285353,temporal_2,race_aware
4220,4.2915789473684125,0.29192978,temporal_2,race_aware
5308,4.2915789473684125,0.29191536,temporal_2,race_aware
4183,4.2915789473684125,0.2813415,temporal_2,race_aware
4347,4.2915789473684125,0.2813415,temporal_2,race_aware
4430,4.2915789473684125,0.2840653,temporal_2,race_aware
4354,4.2915789473684125,0.29285353,temporal_2,race_aware
5242,4.2915789473684125,0.29191536,temporal_2,race_aware
5562,4.2915789473684125,0.14359954,temporal_2,race_aware
4582,4.2915789473684125,0.19290875,temporal_2,race_aware
4600,4.2915789473684125,0.29192978,temporal_2,race_aware
4393,4.2915789473684125,0.28967905,temporal_2,race_aware
5375,4.2915789473684125,0.14607906,temporal_2,race_aware
4791,4.2915789473684125,0.25643307,temporal_2,race_aware
4981,4.2915789473684125,0.27081686,temporal_2,race_aware
4486,4.2915789473684125,0.28772765,temporal_2,race_aware
4227,4.2915789473684125,0.19290875,temporal_2,race_aware
5032,4.2915789473684125,0.18534893,temporal_2,race_aware
5033,4.2915789473684125,0.2813415,temporal_2,race_aware
4331,4.2915789473684125,0.26212883,temporal_2,race_aware
5273,4.2915789473684125,0.2813415,temporal_2,race_aware
4217,4.2915789473684125,0.19290875,temporal_2,race_aware
5612,4.2915789473684125,0.29192978,temporal_2,race_aware
4451,4.2915789473684125,0.26844758,temporal_2,race_aware
4029,4.2915789473684125,0.25643307,temporal_2,race_aware
4514,4.2915789473684125,0.29285353,temporal_2,race_aware
4640,4.2915789473684125,0.2951632,temporal_2,race_aware
4283,4.2915789473684125,0.26844758,temporal_2,race_aware
5086,4.2915789473684125,0.18534893,temporal_2,race_aware
4673,4.2915789473684125,0.27081686,temporal_2,race_aware
4165,4.2915789473684125,0.26844758,temporal_2,race_aware
4920,4.2915789473684125,0.2813415,temporal_2,race_aware
5582,4.2915789473684125,0.18762219,temporal_2,race_aware
4388,4.2915789473684125,0.28772765,temporal_2,race_aware
4573,4.2915789473684125,0.29285353,temporal_2,race_aware
4990,4.2915789473684125,0.25643307,temporal_2,race_aware
5469,4.2915789473684125,0.2840653,temporal_2,race_aware
5355,4.2915789473684125,0.29285353,temporal_2,race_aware
4921,4.2915789473684125,0.3066194,temporal_2,race_aware
5652,4.2915789473684125,0.29285353,temporal_2,race_aware
5296,4.2915789473684125,0.19290875,temporal_2,race_aware
4058,4.2915789473684125,0.25643307,temporal_2,race_aware
4571,4.2915789473684125,0.28965798,temporal_2,race_aware
4346,4.2915789473684125,0.20171262,temporal_2,race_aware
4050,4.2915789473684125,0.29285353,temporal_2,race_aware
4115,4.2915789473684125,0.28965798,temporal_2,race_aware
4049,4.2915789473684125,0.28772765,temporal_2,race_aware
5170,4.2915789473684125,0.26452947,temporal_2,race_aware
4362,4.2915789473684125,0.28967905,temporal_2,race_aware
5270,4.2915789473684125,0.18534893,temporal_2,race_aware
4734,4.2915789473684125,0.29285353,temporal_2,race_aware
4579,4.2915789473684125,0.28772765,temporal_2,race_aware
4787,4.2915789473684125,0.17958285,temporal_2,race_aware
4969,4.2915789473684125,0.2662921,temporal_2,race_aware
4045,4.2915789473684125,0.25643307,temporal_2,race_aware
5416,4.2915789473684125,0.28772765,temporal_2,race_aware
4524,4.2915789473684125,0.2813415,temporal_2,race_aware
4391,4.2915789473684125,0.17958285,temporal_2,race_aware
4477,4.2915789473684125,0.28965798,temporal_2,race_aware
5420,4.2915789473684125,0.27081686,temporal_2,race_aware
4747,4.2915789473684125,0.2662921,temporal_2,race_aware
5303,4.2915789473684125,0.19290875,temporal_2,race_aware
4269,4.2915789473684125,0.14607906,temporal_2,race_aware
4009,4.2915789473684125,0.29285353,temporal_2,race_aware
4896,4.2915789473684125,0.14359954,temporal_2,race_aware
4523,4.2915789473684125,0.29285353,temporal_2,race_aware
4280,4.2915789473684125,0.25643307,temporal_2,race_aware
4989,4.2915789473684125,0.25643307,temporal_2,race_aware
4686,4.2915789473684125,0.28965798,temporal_2,race_aware
4010,4.2915789473684125,0.26452947,temporal_2,race_aware
5065,4.2915789473684125,0.29285353,temporal_2,race_aware
4547,5.006842105263148,0.2818492,temporal_2,race_aware
5304,5.006842105263148,0.2530379,temporal_2,race_aware
5611,5.006842105263148,0.30569208,temporal_2,race_aware
4095,5.006842105263148,0.21416917,temporal_2,race_aware
4433,5.006842105263148,0.31910694,temporal_2,race_aware
5567,5.006842105263148,0.16739105,temporal_2,race_aware
4463,5.006842105263148,0.3179804,temporal_2,race_aware
4594,5.006842105263148,0.3383934,temporal_2,race_aware
5165,5.006842105263148,0.31910694,temporal_2,race_aware
4895,5.006842105263148,0.31016678,temporal_2,race_aware
4394,5.006842105263148,0.30043623,temporal_2,race_aware
4765,5.006842105263148,0.31910694,temporal_2,race_aware
4818,5.006842105263148,0.3179804,temporal_2,race_aware
5664,5.006842105263148,0.21416917,temporal_2,race_aware
4945,5.006842105263148,0.3143771,temporal_2,race_aware
5629,5.006842105263148,0.30968338,temporal_2,race_aware
4890,5.006842105263148,0.3155399,temporal_2,race_aware
4319,5.006842105263148,0.22367819,temporal_2,race_aware
4598,5.006842105263148,0.30511996,temporal_2,race_aware
4003,5.006842105263148,0.30569208,temporal_2,race_aware
5210,5.006842105263148,0.31910694,temporal_2,race_aware
4760,5.006842105263148,0.31910694,temporal_2,race_aware
4406,5.006842105263148,0.31910694,temporal_2,race_aware
5542,5.006842105263148,0.31910694,temporal_2,race_aware
5630,5.006842105263148,0.2735058,temporal_2,race_aware
4251,5.006842105263148,0.2818492,temporal_2,race_aware
5550,5.006842105263148,0.30043623,temporal_2,race_aware
4153,5.006842105263148,0.31555247,temporal_2,race_aware
4324,5.006842105263148,0.30511996,temporal_2,race_aware
4986,5.006842105263148,0.31910694,temporal_2,race_aware
4220,5.006842105263148,0.3179804,temporal_2,race_aware
5308,5.006842105263148,0.31754267,temporal_2,race_aware
4183,5.006842105263148,0.30511996,temporal_2,race_aware
4347,5.006842105263148,0.30511996,temporal_2,race_aware
4430,5.006842105263148,0.30968338,temporal_2,race_aware
4354,5.006842105263148,0.31910694,temporal_2,race_aware
5242,5.006842105263148,0.31754267,temporal_2,race_aware
5562,5.006842105263148,0.16387817,temporal_2,race_aware
4582,5.006842105263148,0.22367819,temporal_2,race_aware
4600,5.006842105263148,0.3179804,temporal_2,race_aware
4393,5.006842105263148,0.30569208,temporal_2,race_aware
5375,5.006842105263148,0.16739105,temporal_2,race_aware
4791,5.006842105263148,0.2735058,temporal_2,race_aware
4981,5.006842105263148,0.29442173,temporal_2,race_aware
4486,5.006842105263148,0.3155399,temporal_2,race_aware
4227,5.006842105263148,0.22367819,temporal_2,race_aware
5032,5.006842105263148,0.21528837,temporal_2,race_aware
5033,5.006842105263148,0.30511996,temporal_2,race_aware
4331,5.006842105263148,0.2869501,temporal_2,race_aware
5273,5.006842105263148,0.30511996,temporal_2,race_aware
4217,5.006842105263148,0.22367819,temporal_2,race_aware
5612,5.006842105263148,0.3179804,temporal_2,race_aware
4451,5.006842105263148,0.30043623,temporal_2,race_aware
4029,5.006842105263148,0.2735058,temporal_2,race_aware
4514,5.006842105263148,0.31910694,temporal_2,race_aware
4640,5.006842105263148,0.31900406,temporal_2,race_aware
4283,5.006842105263148,0.30043623,temporal_2,race_aware
5086,5.006842105263148,0.21528837,temporal_2,race_aware
4673,5.006842105263148,0.29442173,temporal_2,race_aware
4165,5.006842105263148,0.30043623,temporal_2,race_aware
4920,5.006842105263148,0.30511996,temporal_2,race_aware
5582,5.006842105263148,0.21416917,temporal_2,race_aware
4388,5.006842105263148,0.3155399,temporal_2,race_aware
4573,5.006842105263148,0.31910694,temporal_2,race_aware
4990,5.006842105263148,0.2735058,temporal_2,race_aware
5469,5.006842105263148,0.30968338,temporal_2,race_aware
5355,5.006842105263148,0.31910694,temporal_2,race_aware
4921,5.006842105263148,0.3383934,temporal_2,race_aware
5652,5.006842105263148,0.31910694,temporal_2,race_aware
5296,5.006842105263148,0.22367819,temporal_2,race_aware
4058,5.006842105263148,0.2735058,temporal_2,race_aware
4571,5.006842105263148,0.31555247,temporal_2,race_aware
4346,5.006842105263148,0.23240753,temporal_2,race_aware
4050,5.006842105263148,0.31910694,temporal_2,race_aware
4115,5.006842105263148,0.31555247,temporal_2,race_aware
4049,5.006842105263148,0.3155399,temporal_2,race_aware
5170,5.006842105263148,0.2818492,temporal_2,race_aware
4362,5.006842105263148,0.30569208,temporal_2,race_aware
5270,5.006842105263148,0.21528837,temporal_2,race_aware
4734,5.006842105263148,0.31910694,temporal_2,race_aware
4579,5.006842105263148,0.3155399,temporal_2,race_aware
4787,5.006842105263148,0.20832463,temporal_2,race_aware
4969,5.006842105263148,0.29872254,temporal_2,race_aware
4045,5.006842105263148,0.2735058,temporal_2,race_aware
5416,5.006842105263148,0.3155399,temporal_2,race_aware
4524,5.006842105263148,0.30511996,temporal_2,race_aware
4391,5.006842105263148,0.20832463,temporal_2,race_aware
4477,5.006842105263148,0.31555247,temporal_2,race_aware
5420,5.006842105263148,0.29442173,temporal_2,race_aware
4747,5.006842105263148,0.29872254,temporal_2,race_aware
5303,5.006842105263148,0.22367819,temporal_2,race_aware
4269,5.006842105263148,0.16739105,temporal_2,race_aware
4009,5.006842105263148,0.31910694,temporal_2,race_aware
4896,5.006842105263148,0.16387817,temporal_2,race_aware
4523,5.006842105263148,0.31910694,temporal_2,race_aware
4280,5.006842105263148,0.2735058,temporal_2,race_aware
4989,5.006842105263148,0.2735058,temporal_2,race_aware
4686,5.006842105263148,0.31555247,temporal_2,race_aware
4010,5.006842105263148,0.2818492,temporal_2,race_aware
5065,5.006842105263148,0.31910694,temporal_2,race_aware
4547,5.722105263157884,0.30083412,temporal_2,race_aware
5304,5.722105263157884,0.27190635,temporal_2,race_aware
5611,5.722105263157884,0.3216039,temporal_2,race_aware
4095,5.722105263157884,0.23896629,temporal_2,race_aware
4433,5.722105263157884,0.34312177,temporal_2,race_aware
5567,5.722105263157884,0.1888784,temporal_2,race_aware
4463,5.722105263157884,0.34161437,temporal_2,race_aware
4594,5.722105263157884,0.36597925,temporal_2,race_aware
5165,5.722105263157884,0.34312177,temporal_2,race_aware
4895,5.722105263157884,0.3263439,temporal_2,race_aware
4394,5.722105263157884,0.33217183,temporal_2,race_aware
4765,5.722105263157884,0.34312177,temporal_2,race_aware
4818,5.722105263157884,0.34161437,temporal_2,race_aware
5664,5.722105263157884,0.23896629,temporal_2,race_aware
4945,5.722105263157884,0.33707455,temporal_2,race_aware
5629,5.722105263157884,0.33116508,temporal_2,race_aware
4890,5.722105263157884,0.3412906,temporal_2,race_aware
4319,5.722105263157884,0.2458341,temporal_2,race_aware
4598,5.722105263157884,0.33067077,temporal_2,race_aware
4003,5.722105263157884,0.3216039,temporal_2,race_aware
5210,5.722105263157884,0.34312177,temporal_2,race_aware
4760,5.722105263157884,0.34312177,temporal_2,race_aware
4406,5.722105263157884,0.34312177,temporal_2,race_aware
5542,5.722105263157884,0.34312177,temporal_2,race_aware
5630,5.722105263157884,0.29351795,temporal_2,race_aware
4251,5.722105263157884,0.30083412,temporal_2,race_aware
5550,5.722105263157884,0.33217183,temporal_2,race_aware
4153,5.722105263157884,0.33798864,temporal_2,race_aware
4324,5.722105263157884,0.33067077,temporal_2,race_aware
4986,5.722105263157884,0.34312177,temporal_2,race_aware
4220,5.722105263157884,0.34161437,temporal_2,race_aware
5308,5.722105263157884,0.34158427,temporal_2,race_aware
4183,5.722105263157884,0.33067077,temporal_2,race_aware
4347,5.722105263157884,0.33067077,temporal_2,race_aware
4430,5.722105263157884,0.33116508,temporal_2,race_aware
4354,5.722105263157884,0.34312177,temporal_2,race_aware
5242,5.722105263157884,0.34158427,temporal_2,race_aware
5562,5.722105263157884,0.18449375,temporal_2,race_aware
4582,5.722105263157884,0.2458341,temporal_2,race_aware
4600,5.722105263157884,0.34161437,temporal_2,race_aware
4393,5.722105263157884,0.3216039,temporal_2,race_aware
5375,5.722105263157884,0.1888784,temporal_2,race_aware
4791,5.722105263157884,0.29351795,temporal_2,race_aware
4981,5.722105263157884,0.31919676,temporal_2,race_aware
4486,5.722105263157884,0.3412906,temporal_2,race_aware
4227,5.722105263157884,0.2458341,temporal_2,race_aware
5032,5.722105263157884,0.24128106,temporal_2,race_aware
5033,5.722105263157884,0.33067077,temporal_2,race_aware
4331,5.722105263157884,0.3110125,temporal_2,race_aware
5273,5.722105263157884,0.33067077,temporal_2,race_aware
4217,5.722105263157884,0.2458341,temporal_2,race_aware
5612,5.722105263157884,0.34161437,temporal_2,race_aware
4451,5.722105263157884,0.33217183,temporal_2,race_aware
4029,5.722105263157884,0.29351795,temporal_2,race_aware
4514,5.722105263157884,0.34312177,temporal_2,race_aware
4640,5.722105263157884,0.3411969,temporal_2,race_aware
4283,5.722105263157884,0.33217183,temporal_2,race_aware
5086,5.722105263157884,0.24128106,temporal_2,race_aware
4673,5.722105263157884,0.31919676,temporal_2,race_aware
4165,5.722105263157884,0.33217183,temporal_2,race_aware
4920,5.722105263157884,0.33067077,temporal_2,race_aware
5582,5.722105263157884,0.23896629,temporal_2,race_aware
4388,5.722105263157884,0.3412906,temporal_2,race_aware
4573,5.722105263157884,0.34312177,temporal_2,race_aware
4990,5.722105263157884,0.29351795,temporal_2,race_aware
5469,5.722105263157884,0.33116508,temporal_2,race_aware
5355,5.722105263157884,0.34312177,temporal_2,race_aware
4921,5.722105263157884,0.36597925,temporal_2,race_aware
5652,5.722105263157884,0.34312177,temporal_2,race_aware
5296,5.722105263157884,0.2458341,temporal_2,race_aware
4058,5.722105263157884,0.29351795,temporal_2,race_aware
4571,5.722105263157884,0.33798864,temporal_2,race_aware
4346,5.722105263157884,0.25368607,temporal_2,race_aware
4050,5.722105263157884,0.34312177,temporal_2,race_aware
4115,5.722105263157884,0.33798864,temporal_2,race_aware
4049,5.722105263157884,0.3412906,temporal_2,race_aware
5170,5.722105263157884,0.30083412,temporal_2,race_aware
4362,5.722105263157884,0.3216039,temporal_2,race_aware
5270,5.722105263157884,0.24128106,temporal_2,race_aware
4734,5.722105263157884,0.34312177,temporal_2,race_aware
4579,5.722105263157884,0.3412906,temporal_2,race_aware
4787,5.722105263157884,0.23553236,temporal_2,race_aware
4969,5.722105263157884,0.3297999,temporal_2,race_aware
4045,5.722105263157884,0.29351795,temporal_2,race_aware
5416,5.722105263157884,0.3412906,temporal_2,race_aware
4524,5.722105263157884,0.33067077,temporal_2,race_aware
4391,5.722105263157884,0.23553236,temporal_2,race_aware
4477,5.722105263157884,0.33798864,temporal_2,race_aware
5420,5.722105263157884,0.31919676,temporal_2,race_aware
4747,5.722105263157884,0.3297999,temporal_2,race_aware
5303,5.722105263157884,0.2458341,temporal_2,race_aware
4269,5.722105263157884,0.1888784,temporal_2,race_aware
4009,5.722105263157884,0.34312177,temporal_2,race_aware
4896,5.722105263157884,0.18449375,temporal_2,race_aware
4523,5.722105263157884,0.34312177,temporal_2,race_aware
4280,5.722105263157884,0.29351795,temporal_2,race_aware
4989,5.722105263157884,0.29351795,temporal_2,race_aware
4686,5.722105263157884,0.33798864,temporal_2,race_aware
4010,5.722105263157884,0.30083412,temporal_2,race_aware
5065,5.722105263157884,0.34312177,temporal_2,race_aware
4547,6.43736842105262,0.31920892,temporal_2,race_aware
5304,6.43736842105262,0.28810152,temporal_2,race_aware
5611,6.43736842105262,0.3364377,temporal_2,race_aware
4095,6.43736842105262,0.2586254,temporal_2,race_aware
4433,6.43736842105262,0.36209834,temporal_2,race_aware
5567,6.43736842105262,0.20976992,temporal_2,race_aware
4463,6.43736842105262,0.36123937,temporal_2,race_aware
4594,6.43736842105262,0.38828105,temporal_2,race_aware
5165,6.43736842105262,0.36209834,temporal_2,race_aware
4895,6.43736842105262,0.3408751,temporal_2,race_aware
4394,6.43736842105262,0.3613077,temporal_2,race_aware
4765,6.43736842105262,0.36209834,temporal_2,race_aware
4818,6.43736842105262,0.36123937,temporal_2,race_aware
5664,6.43736842105262,0.2586254,temporal_2,race_aware
4945,6.43736842105262,0.35555142,temporal_2,race_aware
5629,6.43736842105262,0.34865278,temporal_2,race_aware
4890,6.43736842105262,0.36266416,temporal_2,race_aware
4319,6.43736842105262,0.26667053,temporal_2,race_aware
4598,6.43736842105262,0.3521593,temporal_2,race_aware
4003,6.43736842105262,0.3364377,temporal_2,race_aware
5210,6.43736842105262,0.36209834,temporal_2,race_aware
4760,6.43736842105262,0.36209834,temporal_2,race_aware
4406,6.43736842105262,0.36209834,temporal_2,race_aware
5542,6.43736842105262,0.36209834,temporal_2,race_aware
5630,6.43736842105262,0.3133158,temporal_2,race_aware
4251,6.43736842105262,0.31920892,temporal_2,race_aware
5550,6.43736842105262,0.3613077,temporal_2,race_aware
4153,6.43736842105262,0.3569818,temporal_2,race_aware
4324,6.43736842105262,0.3521593,temporal_2,race_aware
4986,6.43736842105262,0.36209834,temporal_2,race_aware
4220,6.43736842105262,0.36123937,temporal_2,race_aware
5308,6.43736842105262,0.36052018,temporal_2,race_aware
4183,6.43736842105262,0.3521593,temporal_2,race_aware
4347,6.43736842105262,0.3521593,temporal_2,race_aware
4430,6.43736842105262,0.34865278,temporal_2,race_aware
4354,6.43736842105262,0.36209834,temporal_2,race_aware
5242,6.43736842105262,0.36052018,temporal_2,race_aware
5562,6.43736842105262,0.20270821,temporal_2,race_aware
4582,6.43736842105262,0.26667053,temporal_2,race_aware
4600,6.43736842105262,0.36123937,temporal_2,race_aware
4393,6.43736842105262,0.3364377,temporal_2,race_aware
5375,6.43736842105262,0.20976992,temporal_2,race_aware
4791,6.43736842105262,0.3133158,temporal_2,race_aware
4981,6.43736842105262,0.3341983,temporal_2,race_aware
4486,6.43736842105262,0.36266416,temporal_2,race_aware
4227,6.43736842105262,0.26667053,temporal_2,race_aware
5032,6.43736842105262,0.2643785,temporal_2,race_aware
5033,6.43736842105262,0.3521593,temporal_2,race_aware
4331,6.43736842105262,0.3302675,temporal_2,race_aware
5273,6.43736842105262,0.3521593,temporal_2,race_aware
4217,6.43736842105262,0.26667053,temporal_2,race_aware
5612,6.43736842105262,0.36123937,temporal_2,race_aware
4451,6.43736842105262,0.3613077,temporal_2,race_aware
4029,6.43736842105262,0.3133158,temporal_2,race_aware
4514,6.43736842105262,0.36209834,temporal_2,race_aware
4640,6.43736842105262,0.36193186,temporal_2,race_aware
4283,6.43736842105262,0.3613077,temporal_2,race_aware
5086,6.43736842105262,0.2643785,temporal_2,race_aware
4673,6.43736842105262,0.3341983,temporal_2,race_aware
4165,6.43736842105262,0.3613077,temporal_2,race_aware
4920,6.43736842105262,0.3521593,temporal_2,race_aware
5582,6.43736842105262,0.2586254,temporal_2,race_aware
4388,6.43736842105262,0.36266416,temporal_2,race_aware
4573,6.43736842105262,0.36209834,temporal_2,race_aware
4990,6.43736842105262,0.3133158,temporal_2,race_aware
5469,6.43736842105262,0.34865278,temporal_2,race_aware
5355,6.43736842105262,0.36209834,temporal_2,race_aware
4921,6.43736842105262,0.38828105,temporal_2,race_aware
5652,6.43736842105262,0.36209834,temporal_2,race_aware
5296,6.43736842105262,0.26667053,temporal_2,race_aware
4058,6.43736842105262,0.3133158,temporal_2,race_aware
4571,6.43736842105262,0.3569818,temporal_2,race_aware
4346,6.43736842105262,0.276415,temporal_2,race_aware
4050,6.43736842105262,0.36209834,temporal_2,race_aware
4115,6.43736842105262,0.3569818,temporal_2,race_aware
4049,6.43736842105262,0.36266416,temporal_2,race_aware
5170,6.43736842105262,0.31920892,temporal_2,race_aware
4362,6.43736842105262,0.3364377,temporal_2,race_aware
5270,6.43736842105262,0.2643785,temporal_2,race_aware
4734,6.43736842105262,0.36209834,temporal_2,race_aware
4579,6.43736842105262,0.36266416,temporal_2,race_aware
4787,6.43736842105262,0.25832587,temporal_2,race_aware
4969,6.43736842105262,0.3582244,temporal_2,race_aware
4045,6.43736842105262,0.3133158,temporal_2,race_aware
5416,6.43736842105262,0.36266416,temporal_2,race_aware
4524,6.43736842105262,0.3521593,temporal_2,race_aware
4391,6.43736842105262,0.25832587,temporal_2,race_aware
4477,6.43736842105262,0.3569818,temporal_2,race_aware
5420,6.43736842105262,0.3341983,temporal_2,race_aware
4747,6.43736842105262,0.3582244,temporal_2,race_aware
5303,6.43736842105262,0.26667053,temporal_2,race_aware
4269,6.43736842105262,0.20976992,temporal_2,race_aware
4009,6.43736842105262,0.36209834,temporal_2,race_aware
4896,6.43736842105262,0.20270821,temporal_2,race_aware
4523,6.43736842105262,0.36209834,temporal_2,race_aware
4280,6.43736842105262,0.3133158,temporal_2,race_aware
4989,6.43736842105262,0.3133158,temporal_2,race_aware
4686,6.43736842105262,0.3569818,temporal_2,race_aware
4010,6.43736842105262,0.31920892,temporal_2,race_aware
5065,6.43736842105262,0.36209834,temporal_2,race_aware
4547,7.152631578947355,0.3377263,temporal_2,race_aware
5304,7.152631578947355,0.30377188,temporal_2,race_aware
5611,7.152631578947355,0.350792,temporal_2,race_aware
4095,7.152631578947355,0.278017,temporal_2,race_aware
4433,7.152631578947355,0.38018578,temporal_2,race_aware
5567,7.152631578947355,0.23051198,temporal_2,race_aware
4463,7.152631578947355,0.37727618,temporal_2,race_aware
4594,7.152631578947355,0.40816355,temporal_2,race_aware
5165,7.152631578947355,0.38018578,temporal_2,race_aware
4895,7.152631578947355,0.35628492,temporal_2,race_aware
4394,7.152631578947355,0.38550794,temporal_2,race_aware
4765,7.152631578947355,0.38018578,temporal_2,race_aware
4818,7.152631578947355,0.37727618,temporal_2,race_aware
5664,7.152631578947355,0.278017,temporal_2,race_aware
4945,7.152631578947355,0.36901075,temporal_2,race_aware
5629,7.152631578947355,0.36006498,temporal_2,race_aware
4890,7.152631578947355,0.38051623,temporal_2,race_aware
4319,7.152631578947355,0.28364044,temporal_2,race_aware
4598,7.152631578947355,0.3684456,temporal_2,race_aware
4003,7.152631578947355,0.350792,temporal_2,race_aware
5210,7.152631578947355,0.38018578,temporal_2,race_aware
4760,7.152631578947355,0.38018578,temporal_2,race_aware
4406,7.152631578947355,0.38018578,temporal_2,race_aware
5542,7.152631578947355,0.38018578,temporal_2,race_aware
5630,7.152631578947355,0.33149755,temporal_2,race_aware
4251,7.152631578947355,0.3377263,temporal_2,race_aware
5550,7.152631578947355,0.38550794,temporal_2,race_aware
4153,7.152631578947355,0.37317276,temporal_2,race_aware
4324,7.152631578947355,0.3684456,temporal_2,race_aware
4986,7.152631578947355,0.38018578,temporal_2,race_aware
4220,7.152631578947355,0.37727618,temporal_2,race_aware
5308,7.152631578947355,0.37708843,temporal_2,race_aware
4183,7.152631578947355,0.3684456,temporal_2,race_aware
4347,7.152631578947355,0.3684456,temporal_2,race_aware
4430,7.152631578947355,0.36006498,temporal_2,race_aware
4354,7.152631578947355,0.38018578,temporal_2,race_aware
5242,7.152631578947355,0.37708843,temporal_2,race_aware
5562,7.152631578947355,0.22471577,temporal_2,race_aware
4582,7.152631578947355,0.28364044,temporal_2,race_aware
4600,7.152631578947355,0.37727618,temporal_2,race_aware
4393,7.152631578947355,0.350792,temporal_2,race_aware
5375,7.152631578947355,0.23051198,temporal_2,race_aware
4791,7.152631578947355,0.33149755,temporal_2,race_aware
4981,7.152631578947355,0.35034108,temporal_2,race_aware
4486,7.152631578947355,0.38051623,temporal_2,race_aware
4227,7.152631578947355,0.28364044,temporal_2,race_aware
5032,7.152631578947355,0.28420696,temporal_2,race_aware
5033,7.152631578947355,0.3684456,temporal_2,race_aware
4331,7.152631578947355,0.3455993,temporal_2,race_aware
5273,7.152631578947355,0.3684456,temporal_2,race_aware
4217,7.152631578947355,0.28364044,temporal_2,race_aware
5612,7.152631578947355,0.37727618,temporal_2,race_aware
4451,7.152631578947355,0.38550794,temporal_2,race_aware
4029,7.152631578947355,0.33149755,temporal_2,race_aware
4514,7.152631578947355,0.38018578,temporal_2,race_aware
4640,7.152631578947355,0.37915277,temporal_2,race_aware
4283,7.152631578947355,0.38550794,temporal_2,race_aware
5086,7.152631578947355,0.28420696,temporal_2,race_aware
4673,7.152631578947355,0.35034108,temporal_2,race_aware
4165,7.152631578947355,0.38550794,temporal_2,race_aware
4920,7.152631578947355,0.3684456,temporal_2,race_aware
5582,7.152631578947355,0.278017,temporal_2,race_aware
4388,7.152631578947355,0.38051623,temporal_2,race_aware
4573,7.152631578947355,0.38018578,temporal_2,race_aware
4990,7.152631578947355,0.33149755,temporal_2,race_aware
5469,7.152631578947355,0.36006498,temporal_2,race_aware
5355,7.152631578947355,0.38018578,temporal_2,race_aware
4921,7.152631578947355,0.40816355,temporal_2,race_aware
5652,7.152631578947355,0.38018578,temporal_2,race_aware
5296,7.152631578947355,0.28364044,temporal_2,race_aware
4058,7.152631578947355,0.33149755,temporal_2,race_aware
4571,7.152631578947355,0.37317276,temporal_2,race_aware
4346,7.152631578947355,0.29624754,temporal_2,race_aware
4050,7.152631578947355,0.38018578,temporal_2,race_aware
4115,7.152631578947355,0.37317276,temporal_2,race_aware
4049,7.152631578947355,0.38051623,temporal_2,race_aware
5170,7.152631578947355,0.3377263,temporal_2,race_aware
4362,7.152631578947355,0.350792,temporal_2,race_aware
5270,7.152631578947355,0.28420696,temporal_2,race_aware
4734,7.152631578947355,0.38018578,temporal_2,race_aware
4579,7.152631578947355,0.38051623,temporal_2,race_aware
4787,7.152631578947355,0.28038502,temporal_2,race_aware
4969,7.152631578947355,0.38268545,temporal_2,race_aware
4045,7.152631578947355,0.33149755,temporal_2,race_aware
5416,7.152631578947355,0.38051623,temporal_2,race_aware
4524,7.152631578947355,0.3684456,temporal_2,race_aware
4391,7.152631578947355,0.28038502,temporal_2,race_aware
4477,7.152631578947355,0.37317276,temporal_2,race_aware
5420,7.152631578947355,0.35034108,temporal_2,race_aware
4747,7.152631578947355,0.38268545,temporal_2,race_aware
5303,7.152631578947355,0.28364044,temporal_2,race_aware
4269,7.152631578947355,0.23051198,temporal_2,race_aware
4009,7.152631578947355,0.38018578,temporal_2,race_aware
4896,7.152631578947355,0.22471577,temporal_2,race_aware
4523,7.152631578947355,0.38018578,temporal_2,race_aware
4280,7.152631578947355,0.33149755,temporal_2,race_aware
4989,7.152631578947355,0.33149755,temporal_2,race_aware
4686,7.152631578947355,0.37317276,temporal_2,race_aware
4010,7.152631578947355,0.3377263,temporal_2,race_aware
5065,7.152631578947355,0.38018578,temporal_2,race_aware
4547,7.86789473684209,0.35376042,temporal_2,race_aware
5304,7.86789473684209,0.3166611,temporal_2,race_aware
5611,7.86789473684209,0.36302525,temporal_2,race_aware
4095,7.86789473684209,0.2932125,temporal_2,race_aware
4433,7.86789473684209,0.39581168,temporal_2,race_aware
5567,7.86789473684209,0.25239974,temporal_2,race_aware
4463,7.86789473684209,0.38994408,temporal_2,race_aware
4594,7.86789473684209,0.42355,temporal_2,race_aware
5165,7.86789473684209,0.39581168,temporal_2,race_aware
4895,7.86789473684209,0.36931503,temporal_2,race_aware
4394,7.86789473684209,0.4052965,temporal_2,race_aware
4765,7.86789473684209,0.39581168,temporal_2,race_aware
4818,7.86789473684209,0.38994408,temporal_2,race_aware
5664,7.86789473684209,0.2932125,temporal_2,race_aware
4945,7.86789473684209,0.37996626,temporal_2,race_aware
5629,7.86789473684209,0.36963576,temporal_2,race_aware
4890,7.86789473684209,0.39532334,temporal_2,race_aware
4319,7.86789473684209,0.29747146,temporal_2,race_aware
4598,7.86789473684209,0.38336584,temporal_2,race_aware
4003,7.86789473684209,0.36302525,temporal_2,race_aware
5210,7.86789473684209,0.39581168,temporal_2,race_aware
4760,7.86789473684209,0.39581168,temporal_2,race_aware
4406,7.86789473684209,0.39581168,temporal_2,race_aware
5542,7.86789473684209,0.39581168,temporal_2,race_aware
5630,7.86789473684209,0.34784883,temporal_2,race_aware
4251,7.86789473684209,0.35376042,temporal_2,race_aware
5550,7.86789473684209,0.4052965,temporal_2,race_aware
4153,7.86789473684209,0.38625658,temporal_2,race_aware
4324,7.86789473684209,0.38336584,temporal_2,race_aware
4986,7.86789473684209,0.39581168,temporal_2,race_aware
4220,7.86789473684209,0.38994408,temporal_2,race_aware
5308,7.86789473684209,0.39236015,temporal_2,race_aware
4183,7.86789473684209,0.38336584,temporal_2,race_aware
4347,7.86789473684209,0.38336584,temporal_2,race_aware
4430,7.86789473684209,0.36963576,temporal_2,race_aware
4354,7.86789473684209,0.39581168,temporal_2,race_aware
5242,7.86789473684209,0.39236015,temporal_2,race_aware
5562,7.86789473684209,0.24574342,temporal_2,race_aware
4582,7.86789473684209,0.29747146,temporal_2,race_aware
4600,7.86789473684209,0.38994408,temporal_2,race_aware
4393,7.86789473684209,0.36302525,temporal_2,race_aware
5375,7.86789473684209,0.25239974,temporal_2,race_aware
4791,7.86789473684209,0.34784883,temporal_2,race_aware
4981,7.86789473684209,0.36397272,temporal_2,race_aware
4486,7.86789473684209,0.39532334,temporal_2,race_aware
4227,7.86789473684209,0.29747146,temporal_2,race_aware
5032,7.86789473684209,0.29874545,temporal_2,race_aware
5033,7.86789473684209,0.38336584,temporal_2,race_aware
4331,7.86789473684209,0.3619169,temporal_2,race_aware
5273,7.86789473684209,0.38336584,temporal_2,race_aware
4217,7.86789473684209,0.29747146,temporal_2,race_aware
5612,7.86789473684209,0.38994408,temporal_2,race_aware
4451,7.86789473684209,0.4052965,temporal_2,race_aware
4029,7.86789473684209,0.34784883,temporal_2,race_aware
4514,7.86789473684209,0.39581168,temporal_2,race_aware
4640,7.86789473684209,0.39499003,temporal_2,race_aware
4283,7.86789473684209,0.4052965,temporal_2,race_aware
5086,7.86789473684209,0.29874545,temporal_2,race_aware
4673,7.86789473684209,0.36397272,temporal_2,race_aware
4165,7.86789473684209,0.4052965,temporal_2,race_aware
4920,7.86789473684209,0.38336584,temporal_2,race_aware
5582,7.86789473684209,0.2932125,temporal_2,race_aware
4388,7.86789473684209,0.39532334,temporal_2,race_aware
4573,7.86789473684209,0.39581168,temporal_2,race_aware
4990,7.86789473684209,0.34784883,temporal_2,race_aware
5469,7.86789473684209,0.36963576,temporal_2,race_aware
5355,7.86789473684209,0.39581168,temporal_2,race_aware
4921,7.86789473684209,0.42355,temporal_2,race_aware
5652,7.86789473684209,0.39581168,temporal_2,race_aware
5296,7.86789473684209,0.29747146,temporal_2,race_aware
4058,7.86789473684209,0.34784883,temporal_2,race_aware
4571,7.86789473684209,0.38625658,temporal_2,race_aware
4346,7.86789473684209,0.31045973,temporal_2,race_aware
4050,7.86789473684209,0.39581168,temporal_2,race_aware
4115,7.86789473684209,0.38625658,temporal_2,race_aware
4049,7.86789473684209,0.39532334,temporal_2,race_aware
5170,7.86789473684209,0.35376042,temporal_2,race_aware
4362,7.86789473684209,0.36302525,temporal_2,race_aware
5270,7.86789473684209,0.29874545,temporal_2,race_aware
4734,7.86789473684209,0.39581168,temporal_2,race_aware
4579,7.86789473684209,0.39532334,temporal_2,race_aware
4787,7.86789473684209,0.29752433,temporal_2,race_aware
4969,7.86789473684209,0.4013475,temporal_2,race_aware
4045,7.86789473684209,0.34784883,temporal_2,race_aware
5416,7.86789473684209,0.39532334,temporal_2,race_aware
4524,7.86789473684209,0.38336584,temporal_2,race_aware
4391,7.86789473684209,0.29752433,temporal_2,race_aware
4477,7.86789473684209,0.38625658,temporal_2,race_aware
5420,7.86789473684209,0.36397272,temporal_2,race_aware
4747,7.86789473684209,0.4013475,temporal_2,race_aware
5303,7.86789473684209,0.29747146,temporal_2,race_aware
4269,7.86789473684209,0.25239974,temporal_2,race_aware
4009,7.86789473684209,0.39581168,temporal_2,race_aware
4896,7.86789473684209,0.24574342,temporal_2,race_aware
4523,7.86789473684209,0.39581168,temporal_2,race_aware
4280,7.86789473684209,0.34784883,temporal_2,race_aware
4989,7.86789473684209,0.34784883,temporal_2,race_aware
4686,7.86789473684209,0.38625658,temporal_2,race_aware
4010,7.86789473684209,0.35376042,temporal_2,race_aware
5065,7.86789473684209,0.39581168,temporal_2,race_aware
4547,8.583157894736825,0.3674428,temporal_2,race_aware
5304,8.583157894736825,0.32644662,temporal_2,race_aware
5611,8.583157894736825,0.37558186,temporal_2,race_aware
4095,8.583157894736825,0.30758905,temporal_2,race_aware
4433,8.583157894736825,0.41014344,temporal_2,race_aware
5567,8.583157894736825,0.2756163,temporal_2,race_aware
4463,8.583157894736825,0.40067023,temporal_2,race_aware
4594,8.583157894736825,0.4357832,temporal_2,race_aware
5165,8.583157894736825,0.41014344,temporal_2,race_aware
4895,8.583157894736825,0.37998217,temporal_2,race_aware
4394,8.583157894736825,0.41718185,temporal_2,race_aware
4765,8.583157894736825,0.41014344,temporal_2,race_aware
4818,8.583157894736825,0.40067023,temporal_2,race_aware
5664,8.583157894736825,0.30758905,temporal_2,race_aware
4945,8.583157894736825,0.3892249,temporal_2,race_aware
5629,8.583157894736825,0.3781168,temporal_2,race_aware
4890,8.583157894736825,0.40934402,temporal_2,race_aware
4319,8.583157894736825,0.3101108,temporal_2,race_aware
4598,8.583157894736825,0.3957934,temporal_2,race_aware
4003,8.583157894736825,0.37558186,temporal_2,race_aware
5210,8.583157894736825,0.41014344,temporal_2,race_aware
4760,8.583157894736825,0.41014344,temporal_2,race_aware
4406,8.583157894736825,0.41014344,temporal_2,race_aware
5542,8.583157894736825,0.41014344,temporal_2,race_aware
5630,8.583157894736825,0.36010283,temporal_2,race_aware
4251,8.583157894736825,0.3674428,temporal_2,race_aware
5550,8.583157894736825,0.41718185,temporal_2,race_aware
4153,8.583157894736825,0.3970307,temporal_2,race_aware
4324,8.583157894736825,0.3957934,temporal_2,race_aware
4986,8.583157894736825,0.41014344,temporal_2,race_aware
4220,8.583157894736825,0.40067023,temporal_2,race_aware
5308,8.583157894736825,0.40517998,temporal_2,race_aware
4183,8.583157894736825,0.3957934,temporal_2,race_aware
4347,8.583157894736825,0.3957934,temporal_2,race_aware
4430,8.583157894736825,0.3781168,temporal_2,race_aware
4354,8.583157894736825,0.41014344,temporal_2,race_aware
5242,8.583157894736825,0.40517998,temporal_2,race_aware
5562,8.583157894736825,0.26809958,temporal_2,race_aware
4582,8.583157894736825,0.3101108,temporal_2,race_aware
4600,8.583157894736825,0.40067023,temporal_2,race_aware
4393,8.583157894736825,0.37558186,temporal_2,race_aware
5375,8.583157894736825,0.2756163,temporal_2,race_aware
4791,8.583157894736825,0.36010283,temporal_2,race_aware
4981,8.583157894736825,0.376862,temporal_2,race_aware
4486,8.583157894736825,0.40934402,temporal_2,race_aware
4227,8.583157894736825,0.3101108,temporal_2,race_aware
5032,8.583157894736825,0.31302255,temporal_2,race_aware
5033,8.583157894736825,0.3957934,temporal_2,race_aware
4331,8.583157894736825,0.3722108,temporal_2,race_aware
5273,8.583157894736825,0.3957934,temporal_2,race_aware
4217,8.583157894736825,0.3101108,temporal_2,race_aware
5612,8.583157894736825,0.40067023,temporal_2,race_aware
4451,8.583157894736825,0.41718185,temporal_2,race_aware
4029,8.583157894736825,0.36010283,temporal_2,race_aware
4514,8.583157894736825,0.41014344,temporal_2,race_aware
4640,8.583157894736825,0.40841377,temporal_2,race_aware
4283,8.583157894736825,0.41718185,temporal_2,race_aware
5086,8.583157894736825,0.31302255,temporal_2,race_aware
4673,8.583157894736825,0.376862,temporal_2,race_aware
4165,8.583157894736825,0.41718185,temporal_2,race_aware
4920,8.583157894736825,0.3957934,temporal_2,race_aware
5582,8.583157894736825,0.30758905,temporal_2,race_aware
4388,8.583157894736825,0.40934402,temporal_2,race_aware
4573,8.583157894736825,0.41014344,temporal_2,race_aware
4990,8.583157894736825,0.36010283,temporal_2,race_aware
5469,8.583157894736825,0.3781168,temporal_2,race_aware
5355,8.583157894736825,0.41014344,temporal_2,race_aware
4921,8.583157894736825,0.4357832,temporal_2,race_aware
5652,8.583157894736825,0.41014344,temporal_2,race_aware
5296,8.583157894736825,0.3101108,temporal_2,race_aware
4058,8.583157894736825,0.36010283,temporal_2,race_aware
4571,8.583157894736825,0.3970307,temporal_2,race_aware
4346,8.583157894736825,0.32549435,temporal_2,race_aware
4050,8.583157894736825,0.41014344,temporal_2,race_aware
4115,8.583157894736825,0.3970307,temporal_2,race_aware
4049,8.583157894736825,0.40934402,temporal_2,race_aware
5170,8.583157894736825,0.3674428,temporal_2,race_aware
4362,8.583157894736825,0.37558186,temporal_2,race_aware
5270,8.583157894736825,0.31302255,temporal_2,race_aware
4734,8.583157894736825,0.41014344,temporal_2,race_aware
4579,8.583157894736825,0.40934402,temporal_2,race_aware
4787,8.583157894736825,0.31164855,temporal_2,race_aware
4969,8.583157894736825,0.41637924,temporal_2,race_aware
4045,8.583157894736825,0.36010283,temporal_2,race_aware
5416,8.583157894736825,0.40934402,temporal_2,race_aware
4524,8.583157894736825,0.3957934,temporal_2,race_aware
4391,8.583157894736825,0.31164855,temporal_2,race_aware
4477,8.583157894736825,0.3970307,temporal_2,race_aware
5420,8.583157894736825,0.376862,temporal_2,race_aware
4747,8.583157894736825,0.41637924,temporal_2,race_aware
5303,8.583157894736825,0.3101108,temporal_2,race_aware
4269,8.583157894736825,0.2756163,temporal_2,race_aware
4009,8.583157894736825,0.41014344,temporal_2,race_aware
4896,8.583157894736825,0.26809958,temporal_2,race_aware
4523,8.583157894736825,0.41014344,temporal_2,race_aware
4280,8.583157894736825,0.36010283,temporal_2,race_aware
4989,8.583157894736825,0.36010283,temporal_2,race_aware
4686,8.583157894736825,0.3970307,temporal_2,race_aware
4010,8.583157894736825,0.3674428,temporal_2,race_aware
5065,8.583157894736825,0.41014344,temporal_2,race_aware
4547,9.29842105263156,0.3794936,temporal_2,race_aware
5304,9.29842105263156,0.33576193,temporal_2,race_aware
5611,9.29842105263156,0.38549256,temporal_2,race_aware
4095,9.29842105263156,0.3173174,temporal_2,race_aware
4433,9.29842105263156,0.42265904,temporal_2,race_aware
5567,9.29842105263156,0.29746753,temporal_2,race_aware
4463,9.29842105263156,0.40987098,temporal_2,race_aware
4594,9.29842105263156,0.4464566,temporal_2,race_aware
5165,9.29842105263156,0.42265904,temporal_2,race_aware
4895,9.29842105263156,0.38919473,temporal_2,race_aware
4394,9.29842105263156,0.42237723,temporal_2,race_aware
4765,9.29842105263156,0.42265904,temporal_2,race_aware
4818,9.29842105263156,0.40987098,temporal_2,race_aware
5664,9.29842105263156,0.3173174,temporal_2,race_aware
4945,9.29842105263156,0.39567405,temporal_2,race_aware
5629,9.29842105263156,0.38554043,temporal_2,race_aware
4890,9.29842105263156,0.4194749,temporal_2,race_aware
4319,9.29842105263156,0.31867063,temporal_2,race_aware
4598,9.29842105263156,0.40668902,temporal_2,race_aware
4003,9.29842105263156,0.38549256,temporal_2,race_aware
5210,9.29842105263156,0.42265904,temporal_2,race_aware
4760,9.29842105263156,0.42265904,temporal_2,race_aware
4406,9.29842105263156,0.42265904,temporal_2,race_aware
5542,9.29842105263156,0.42265904,temporal_2,race_aware
5630,9.29842105263156,0.37402678,temporal_2,race_aware
4251,9.29842105263156,0.3794936,temporal_2,race_aware
5550,9.29842105263156,0.42237723,temporal_2,race_aware
4153,9.29842105263156,0.4093973,temporal_2,race_aware
4324,9.29842105263156,0.40668902,temporal_2,race_aware
4986,9.29842105263156,0.42265904,temporal_2,race_aware
4220,9.29842105263156,0.40987098,temporal_2,race_aware
5308,9.29842105263156,0.41638666,temporal_2,race_aware
4183,9.29842105263156,0.40668902,temporal_2,race_aware
4347,9.29842105263156,0.40668902,temporal_2,race_aware
4430,9.29842105263156,0.38554043,temporal_2,race_aware
4354,9.29842105263156,0.42265904,temporal_2,race_aware
5242,9.29842105263156,0.41638666,temporal_2,race_aware
5562,9.29842105263156,0.2876252,temporal_2,race_aware
4582,9.29842105263156,0.31867063,temporal_2,race_aware
4600,9.29842105263156,0.40987098,temporal_2,race_aware
4393,9.29842105263156,0.38549256,temporal_2,race_aware
5375,9.29842105263156,0.29746753,temporal_2,race_aware
4791,9.29842105263156,0.37402678,temporal_2,race_aware
4981,9.29842105263156,0.38316685,temporal_2,race_aware
4486,9.29842105263156,0.4194749,temporal_2,race_aware
4227,9.29842105263156,0.31867063,temporal_2,race_aware
5032,9.29842105263156,0.32222185,temporal_2,race_aware
5033,9.29842105263156,0.40668902,temporal_2,race_aware
4331,9.29842105263156,0.38108277,temporal_2,race_aware
5273,9.29842105263156,0.40668902,temporal_2,race_aware
4217,9.29842105263156,0.31867063,temporal_2,race_aware
5612,9.29842105263156,0.40987098,temporal_2,race_aware
4451,9.29842105263156,0.42237723,temporal_2,race_aware
4029,9.29842105263156,0.37402678,temporal_2,race_aware
4514,9.29842105263156,0.42265904,temporal_2,race_aware
4640,9.29842105263156,0.42165047,temporal_2,race_aware
4283,9.29842105263156,0.42237723,temporal_2,race_aware
5086,9.29842105263156,0.32222185,temporal_2,race_aware
4673,9.29842105263156,0.38316685,temporal_2,race_aware
4165,9.29842105263156,0.42237723,temporal_2,race_aware
4920,9.29842105263156,0.40668902,temporal_2,race_aware
5582,9.29842105263156,0.3173174,temporal_2,race_aware
4388,9.29842105263156,0.4194749,temporal_2,race_aware
4573,9.29842105263156,0.42265904,temporal_2,race_aware
4990,9.29842105263156,0.37402678,temporal_2,race_aware
5469,9.29842105263156,0.38554043,temporal_2,race_aware
5355,9.29842105263156,0.42265904,temporal_2,race_aware
4921,9.29842105263156,0.4464566,temporal_2,race_aware
5652,9.29842105263156,0.42265904,temporal_2,race_aware
5296,9.29842105263156,0.31867063,temporal_2,race_aware
4058,9.29842105263156,0.37402678,temporal_2,race_aware
4571,9.29842105263156,0.4093973,temporal_2,race_aware
4346,9.29842105263156,0.33700663,temporal_2,race_aware
4050,9.29842105263156,0.42265904,temporal_2,race_aware
4115,9.29842105263156,0.4093973,temporal_2,race_aware
4049,9.29842105263156,0.4194749,temporal_2,race_aware
5170,9.29842105263156,0.3794936,temporal_2,race_aware
4362,9.29842105263156,0.38549256,temporal_2,race_aware
5270,9.29842105263156,0.32222185,temporal_2,race_aware
4734,9.29842105263156,0.42265904,temporal_2,race_aware
4579,9.29842105263156,0.4194749,temporal_2,race_aware
4787,9.29842105263156,0.32409632,temporal_2,race_aware
4969,9.29842105263156,0.42629334,temporal_2,race_aware
4045,9.29842105263156,0.37402678,temporal_2,race_aware
5416,9.29842105263156,0.4194749,temporal_2,race_aware
4524,9.29842105263156,0.40668902,temporal_2,race_aware
4391,9.29842105263156,0.32409632,temporal_2,race_aware
4477,9.29842105263156,0.4093973,temporal_2,race_aware
5420,9.29842105263156,0.38316685,temporal_2,race_aware
4747,9.29842105263156,0.42629334,temporal_2,race_aware
5303,9.29842105263156,0.31867063,temporal_2,race_aware
4269,9.29842105263156,0.29746753,temporal_2,race_aware
4009,9.29842105263156,0.42265904,temporal_2,race_aware
4896,9.29842105263156,0.2876252,temporal_2,race_aware
4523,9.29842105263156,0.42265904,temporal_2,race_aware
4280,9.29842105263156,0.37402678,temporal_2,race_aware
4989,9.29842105263156,0.37402678,temporal_2,race_aware
4686,9.29842105263156,0.4093973,temporal_2,race_aware
4010,9.29842105263156,0.3794936,temporal_2,race_aware
5065,9.29842105263156,0.42265904,temporal_2,race_aware
4547,10.013684210526296,0.38819158,temporal_2,race_aware
5304,10.013684210526296,0.3442274,temporal_2,race_aware
5611,10.013684210526296,0.3929065,temporal_2,race_aware
4095,10.013684210526296,0.3239725,temporal_2,race_aware
4433,10.013684210526296,0.431705,temporal_2,race_aware
5567,10.013684210526296,0.32104677,temporal_2,race_aware
4463,10.013684210526296,0.4131919,temporal_2,race_aware
4594,10.013684210526296,0.45444268,temporal_2,race_aware
5165,10.013684210526296,0.431705,temporal_2,race_aware
4895,10.013684210526296,0.39594263,temporal_2,race_aware
4394,10.013684210526296,0.42233092,temporal_2,race_aware
4765,10.013684210526296,0.431705,temporal_2,race_aware
4818,10.013684210526296,0.4131919,temporal_2,race_aware
5664,10.013684210526296,0.3239725,temporal_2,race_aware
4945,10.013684210526296,0.40194803,temporal_2,race_aware
5629,10.013684210526296,0.39226878,temporal_2,race_aware
4890,10.013684210526296,0.43008155,temporal_2,race_aware
4319,10.013684210526296,0.32545644,temporal_2,race_aware
4598,10.013684210526296,0.41465673,temporal_2,race_aware
4003,10.013684210526296,0.3929065,temporal_2,race_aware
5210,10.013684210526296,0.431705,temporal_2,race_aware
4760,10.013684210526296,0.431705,temporal_2,race_aware
4406,10.013684210526296,0.431705,temporal_2,race_aware
5542,10.013684210526296,0.431705,temporal_2,race_aware
5630,10.013684210526296,0.38335103,temporal_2,race_aware
4251,10.013684210526296,0.38819158,temporal_2,race_aware
5550,10.013684210526296,0.42233092,temporal_2,race_aware
4153,10.013684210526296,0.41661566,temporal_2,race_aware
4324,10.013684210526296,0.41465673,temporal_2,race_aware
4986,10.013684210526296,0.431705,temporal_2,race_aware
4220,10.013684210526296,0.4131919,temporal_2,race_aware
5308,10.013684210526296,0.4262594,temporal_2,race_aware
4183,10.013684210526296,0.41465673,temporal_2,race_aware
4347,10.013684210526296,0.41465673,temporal_2,race_aware
4430,10.013684210526296,0.39226878,temporal_2,race_aware
4354,10.013684210526296,0.431705,temporal_2,race_aware
5242,10.013684210526296,0.4262594,temporal_2,race_aware
5562,10.013684210526296,0.30532733,temporal_2,race_aware
4582,10.013684210526296,0.32545644,temporal_2,race_aware
4600,10.013684210526296,0.4131919,temporal_2,race_aware
4393,10.013684210526296,0.3929065,temporal_2,race_aware
5375,10.013684210526296,0.32104677,temporal_2,race_aware
4791,10.013684210526296,0.38335103,temporal_2,race_aware
4981,10.013684210526296,0.3925233,temporal_2,race_aware
4486,10.013684210526296,0.43008155,temporal_2,race_aware
4227,10.013684210526296,0.32545644,temporal_2,race_aware
5032,10.013684210526296,0.33092964,temporal_2,race_aware
5033,10.013684210526296,0.41465673,temporal_2,race_aware
4331,10.013684210526296,0.38718408,temporal_2,race_aware
5273,10.013684210526296,0.41465673,temporal_2,race_aware
4217,10.013684210526296,0.32545644,temporal_2,race_aware
5612,10.013684210526296,0.4131919,temporal_2,race_aware
4451,10.013684210526296,0.42233092,temporal_2,race_aware
4029,10.013684210526296,0.38335103,temporal_2,race_aware
4514,10.013684210526296,0.431705,temporal_2,race_aware
4640,10.013684210526296,0.43182153,temporal_2,race_aware
4283,10.013684210526296,0.42233092,temporal_2,race_aware
5086,10.013684210526296,0.33092964,temporal_2,race_aware
4673,10.013684210526296,0.3925233,temporal_2,race_aware
4165,10.013684210526296,0.42233092,temporal_2,race_aware
4920,10.013684210526296,0.41465673,temporal_2,race_aware
5582,10.013684210526296,0.3239725,temporal_2,race_aware
4388,10.013684210526296,0.43008155,temporal_2,race_aware
4573,10.013684210526296,0.431705,temporal_2,race_aware
4990,10.013684210526296,0.38335103,temporal_2,race_aware
5469,10.013684210526296,0.39226878,temporal_2,race_aware
5355,10.013684210526296,0.431705,temporal_2,race_aware
4921,10.013684210526296,0.45444268,temporal_2,race_aware
5652,10.013684210526296,0.431705,temporal_2,race_aware
5296,10.013684210526296,0.32545644,temporal_2,race_aware
4058,10.013684210526296,0.38335103,temporal_2,race_aware
4571,10.013684210526296,0.41661566,temporal_2,race_aware
4346,10.013684210526296,0.34579903,temporal_2,race_aware
4050,10.013684210526296,0.431705,temporal_2,race_aware
4115,10.013684210526296,0.41661566,temporal_2,race_aware
4049,10.013684210526296,0.43008155,temporal_2,race_aware
5170,10.013684210526296,0.38819158,temporal_2,race_aware
4362,10.013684210526296,0.3929065,temporal_2,race_aware
5270,10.013684210526296,0.33092964,temporal_2,race_aware
4734,10.013684210526296,0.431705,temporal_2,race_aware
4579,10.013684210526296,0.43008155,temporal_2,race_aware
4787,10.013684210526296,0.3325516,temporal_2,race_aware
4969,10.013684210526296,0.43047962,temporal_2,race_aware
4045,10.013684210526296,0.38335103,temporal_2,race_aware
5416,10.013684210526296,0.43008155,temporal_2,race_aware
4524,10.013684210526296,0.41465673,temporal_2,race_aware
4391,10.013684210526296,0.3325516,temporal_2,race_aware
4477,10.013684210526296,0.41661566,temporal_2,race_aware
5420,10.013684210526296,0.3925233,temporal_2,race_aware
4747,10.013684210526296,0.43047962,temporal_2,race_aware
5303,10.013684210526296,0.32545644,temporal_2,race_aware
4269,10.013684210526296,0.32104677,temporal_2,race_aware
4009,10.013684210526296,0.431705,temporal_2,race_aware
4896,10.013684210526296,0.30532733,temporal_2,race_aware
4523,10.013684210526296,0.431705,temporal_2,race_aware
4280,10.013684210526296,0.38335103,temporal_2,race_aware
4989,10.013684210526296,0.38335103,temporal_2,race_aware
4686,10.013684210526296,0.41661566,temporal_2,race_aware
4010,10.013684210526296,0.38819158,temporal_2,race_aware
5065,10.013684210526296,0.431705,temporal_2,race_aware
4547,10.728947368421032,0.39447916,temporal_2,race_aware
5304,10.728947368421032,0.34996662,temporal_2,race_aware
5611,10.728947368421032,0.39804697,temporal_2,race_aware
4095,10.728947368421032,0.32924336,temporal_2,race_aware
4433,10.728947368421032,0.44011527,temporal_2,race_aware
5567,10.728947368421032,0.3401348,temporal_2,race_aware
4463,10.728947368421032,0.41387868,temporal_2,race_aware
4594,10.728947368421032,0.45815992,temporal_2,race_aware
5165,10.728947368421032,0.44011527,temporal_2,race_aware
4895,10.728947368421032,0.40309638,temporal_2,race_aware
4394,10.728947368421032,0.4216624,temporal_2,race_aware
4765,10.728947368421032,0.44011527,temporal_2,race_aware
4818,10.728947368421032,0.41387868,temporal_2,race_aware
5664,10.728947368421032,0.32924336,temporal_2,race_aware
4945,10.728947368421032,0.40822774,temporal_2,race_aware
5629,10.728947368421032,0.40008372,temporal_2,race_aware
4890,10.728947368421032,0.4385193,temporal_2,race_aware
4319,10.728947368421032,0.3302976,temporal_2,race_aware
4598,10.728947368421032,0.4214053,temporal_2,race_aware
4003,10.728947368421032,0.39804697,temporal_2,race_aware
5210,10.728947368421032,0.44011527,temporal_2,race_aware
4760,10.728947368421032,0.44011527,temporal_2,race_aware
4406,10.728947368421032,0.44011527,temporal_2,race_aware
5542,10.728947368421032,0.44011527,temporal_2,race_aware
5630,10.728947368421032,0.38918418,temporal_2,race_aware
4251,10.728947368421032,0.39447916,temporal_2,race_aware
5550,10.728947368421032,0.4216624,temporal_2,race_aware
4153,10.728947368421032,0.42165256,temporal_2,race_aware
4324,10.728947368421032,0.4214053,temporal_2,race_aware
4986,10.728947368421032,0.44011527,temporal_2,race_aware
4220,10.728947368421032,0.41387868,temporal_2,race_aware
5308,10.728947368421032,0.43190068,temporal_2,race_aware
4183,10.728947368421032,0.4214053,temporal_2,race_aware
4347,10.728947368421032,0.4214053,temporal_2,race_aware
4430,10.728947368421032,0.40008372,temporal_2,race_aware
4354,10.728947368421032,0.44011527,temporal_2,race_aware
5242,10.728947368421032,0.43190068,temporal_2,race_aware
5562,10.728947368421032,0.3193812,temporal_2,race_aware
4582,10.728947368421032,0.3302976,temporal_2,race_aware
4600,10.728947368421032,0.41387868,temporal_2,race_aware
4393,10.728947368421032,0.39804697,temporal_2,race_aware
5375,10.728947368421032,0.3401348,temporal_2,race_aware
4791,10.728947368421032,0.38918418,temporal_2,race_aware
4981,10.728947368421032,0.39851463,temporal_2,race_aware
4486,10.728947368421032,0.4385193,temporal_2,race_aware
4227,10.728947368421032,0.3302976,temporal_2,race_aware
5032,10.728947368421032,0.33580726,temporal_2,race_aware
5033,10.728947368421032,0.4214053,temporal_2,race_aware
4331,10.728947368421032,0.3950534,temporal_2,race_aware
5273,10.728947368421032,0.4214053,temporal_2,race_aware
4217,10.728947368421032,0.3302976,temporal_2,race_aware
5612,10.728947368421032,0.41387868,temporal_2,race_aware
4451,10.728947368421032,0.4216624,temporal_2,race_aware
4029,10.728947368421032,0.38918418,temporal_2,race_aware
4514,10.728947368421032,0.44011527,temporal_2,race_aware
4640,10.728947368421032,0.43974882,temporal_2,race_aware
4283,10.728947368421032,0.4216624,temporal_2,race_aware
5086,10.728947368421032,0.33580726,temporal_2,race_aware
4673,10.728947368421032,0.39851463,temporal_2,race_aware
4165,10.728947368421032,0.4216624,temporal_2,race_aware
4920,10.728947368421032,0.4214053,temporal_2,race_aware
5582,10.728947368421032,0.32924336,temporal_2,race_aware
4388,10.728947368421032,0.4385193,temporal_2,race_aware
4573,10.728947368421032,0.44011527,temporal_2,race_aware
4990,10.728947368421032,0.38918418,temporal_2,race_aware
5469,10.728947368421032,0.40008372,temporal_2,race_aware
5355,10.728947368421032,0.44011527,temporal_2,race_aware
4921,10.728947368421032,0.45815992,temporal_2,race_aware
5652,10.728947368421032,0.44011527,temporal_2,race_aware
5296,10.728947368421032,0.3302976,temporal_2,race_aware
4058,10.728947368421032,0.38918418,temporal_2,race_aware
4571,10.728947368421032,0.42165256,temporal_2,race_aware
4346,10.728947368421032,0.351241,temporal_2,race_aware
4050,10.728947368421032,0.44011527,temporal_2,race_aware
4115,10.728947368421032,0.42165256,temporal_2,race_aware
4049,10.728947368421032,0.4385193,temporal_2,race_aware
5170,10.728947368421032,0.39447916,temporal_2,race_aware
4362,10.728947368421032,0.39804697,temporal_2,race_aware
5270,10.728947368421032,0.33580726,temporal_2,race_aware
4734,10.728947368421032,0.44011527,temporal_2,race_aware
4579,10.728947368421032,0.4385193,temporal_2,race_aware
4787,10.728947368421032,0.33816707,temporal_2,race_aware
4969,10.728947368421032,0.43182334,temporal_2,race_aware
4045,10.728947368421032,0.38918418,temporal_2,race_aware
5416,10.728947368421032,0.4385193,temporal_2,race_aware
4524,10.728947368421032,0.4214053,temporal_2,race_aware
4391,10.728947368421032,0.33816707,temporal_2,race_aware
4477,10.728947368421032,0.42165256,temporal_2,race_aware
5420,10.728947368421032,0.39851463,temporal_2,race_aware
4747,10.728947368421032,0.43182334,temporal_2,race_aware
5303,10.728947368421032,0.3302976,temporal_2,race_aware
4269,10.728947368421032,0.3401348,temporal_2,race_aware
4009,10.728947368421032,0.44011527,temporal_2,race_aware
4896,10.728947368421032,0.3193812,temporal_2,race_aware
4523,10.728947368421032,0.44011527,temporal_2,race_aware
4280,10.728947368421032,0.38918418,temporal_2,race_aware
4989,10.728947368421032,0.38918418,temporal_2,race_aware
4686,10.728947368421032,0.42165256,temporal_2,race_aware
4010,10.728947368421032,0.39447916,temporal_2,race_aware
5065,10.728947368421032,0.44011527,temporal_2,race_aware
4547,11.444210526315768,0.39960444,temporal_2,race_aware
5304,11.444210526315768,0.35617575,temporal_2,race_aware
5611,11.444210526315768,0.40403646,temporal_2,race_aware
4095,11.444210526315768,0.33649138,temporal_2,race_aware
4433,11.444210526315768,0.44760758,temporal_2,race_aware
5567,11.444210526315768,0.35118085,temporal_2,race_aware
4463,11.444210526315768,0.40981805,temporal_2,race_aware
4594,11.444210526315768,0.46349108,temporal_2,race_aware
5165,11.444210526315768,0.44760758,temporal_2,race_aware
4895,11.444210526315768,0.41037762,temporal_2,race_aware
4394,11.444210526315768,0.42033964,temporal_2,race_aware
4765,11.444210526315768,0.44760758,temporal_2,race_aware
4818,11.444210526315768,0.40981805,temporal_2,race_aware
5664,11.444210526315768,0.33649138,temporal_2,race_aware
4945,11.444210526315768,0.41250002,temporal_2,race_aware
5629,11.444210526315768,0.4079035,temporal_2,race_aware
4890,11.444210526315768,0.44516188,temporal_2,race_aware
4319,11.444210526315768,0.33569044,temporal_2,race_aware
4598,11.444210526315768,0.4263781,temporal_2,race_aware
4003,11.444210526315768,0.40403646,temporal_2,race_aware
5210,11.444210526315768,0.44760758,temporal_2,race_aware
4760,11.444210526315768,0.44760758,temporal_2,race_aware
4406,11.444210526315768,0.44760758,temporal_2,race_aware
5542,11.444210526315768,0.44760758,temporal_2,race_aware
5630,11.444210526315768,0.39599675,temporal_2,race_aware
4251,11.444210526315768,0.39960444,temporal_2,race_aware
5550,11.444210526315768,0.42033964,temporal_2,race_aware
4153,11.444210526315768,0.42690688,temporal_2,race_aware
4324,11.444210526315768,0.4263781,temporal_2,race_aware
4986,11.444210526315768,0.44760758,temporal_2,race_aware
4220,11.444210526315768,0.40981805,temporal_2,race_aware
5308,11.444210526315768,0.4397155,temporal_2,race_aware
4183,11.444210526315768,0.4263781,temporal_2,race_aware
4347,11.444210526315768,0.4263781,temporal_2,race_aware
4430,11.444210526315768,0.4079035,temporal_2,race_aware
4354,11.444210526315768,0.44760758,temporal_2,race_aware
5242,11.444210526315768,0.4397155,temporal_2,race_aware
5562,11.444210526315768,0.3315033,temporal_2,race_aware
4582,11.444210526315768,0.33569044,temporal_2,race_aware
4600,11.444210526315768,0.40981805,temporal_2,race_aware
4393,11.444210526315768,0.40403646,temporal_2,race_aware
5375,11.444210526315768,0.35118085,temporal_2,race_aware
4791,11.444210526315768,0.39599675,temporal_2,race_aware
4981,11.444210526315768,0.40374637,temporal_2,race_aware
4486,11.444210526315768,0.44516188,temporal_2,race_aware
4227,11.444210526315768,0.33569044,temporal_2,race_aware
5032,11.444210526315768,0.3424699,temporal_2,race_aware
5033,11.444210526315768,0.4263781,temporal_2,race_aware
4331,11.444210526315768,0.40385723,temporal_2,race_aware
5273,11.444210526315768,0.4263781,temporal_2,race_aware
4217,11.444210526315768,0.33569044,temporal_2,race_aware
5612,11.444210526315768,0.40981805,temporal_2,race_aware
4451,11.444210526315768,0.42033964,temporal_2,race_aware
4029,11.444210526315768,0.39599675,temporal_2,race_aware
4514,11.444210526315768,0.44760758,temporal_2,race_aware
4640,11.444210526315768,0.44622487,temporal_2,race_aware
4283,11.444210526315768,0.42033964,temporal_2,race_aware
5086,11.444210526315768,0.3424699,temporal_2,race_aware
4673,11.444210526315768,0.40374637,temporal_2,race_aware
4165,11.444210526315768,0.42033964,temporal_2,race_aware
4920,11.444210526315768,0.4263781,temporal_2,race_aware
5582,11.444210526315768,0.33649138,temporal_2,race_aware
4388,11.444210526315768,0.44516188,temporal_2,race_aware
4573,11.444210526315768,0.44760758,temporal_2,race_aware
4990,11.444210526315768,0.39599675,temporal_2,race_aware
5469,11.444210526315768,0.4079035,temporal_2,race_aware
5355,11.444210526315768,0.44760758,temporal_2,race_aware
4921,11.444210526315768,0.46349108,temporal_2,race_aware
5652,11.444210526315768,0.44760758,temporal_2,race_aware
5296,11.444210526315768,0.33569044,temporal_2,race_aware
4058,11.444210526315768,0.39599675,temporal_2,race_aware
4571,11.444210526315768,0.42690688,temporal_2,race_aware
4346,11.444210526315768,0.3580591,temporal_2,race_aware
4050,11.444210526315768,0.44760758,temporal_2,race_aware
4115,11.444210526315768,0.42690688,temporal_2,race_aware
4049,11.444210526315768,0.44516188,temporal_2,race_aware
5170,11.444210526315768,0.39960444,temporal_2,race_aware
4362,11.444210526315768,0.40403646,temporal_2,race_aware
5270,11.444210526315768,0.3424699,temporal_2,race_aware
4734,11.444210526315768,0.44760758,temporal_2,race_aware
4579,11.444210526315768,0.44516188,temporal_2,race_aware
4787,11.444210526315768,0.34414047,temporal_2,race_aware
4969,11.444210526315768,0.4292663,temporal_2,race_aware
4045,11.444210526315768,0.39599675,temporal_2,race_aware
5416,11.444210526315768,0.44516188,temporal_2,race_aware
4524,11.444210526315768,0.4263781,temporal_2,race_aware
4391,11.444210526315768,0.34414047,temporal_2,race_aware
4477,11.444210526315768,0.42690688,temporal_2,race_aware
5420,11.444210526315768,0.40374637,temporal_2,race_aware
4747,11.444210526315768,0.4292663,temporal_2,race_aware
5303,11.444210526315768,0.33569044,temporal_2,race_aware
4269,11.444210526315768,0.35118085,temporal_2,race_aware
4009,11.444210526315768,0.44760758,temporal_2,race_aware
4896,11.444210526315768,0.3315033,temporal_2,race_aware
4523,11.444210526315768,0.44760758,temporal_2,race_aware
4280,11.444210526315768,0.39599675,temporal_2,race_aware
4989,11.444210526315768,0.39599675,temporal_2,race_aware
4686,11.444210526315768,0.42690688,temporal_2,race_aware
4010,11.444210526315768,0.39960444,temporal_2,race_aware
5065,11.444210526315768,0.44760758,temporal_2,race_aware
4547,12.159473684210504,0.40594935,temporal_2,race_aware
5304,12.159473684210504,0.3612658,temporal_2,race_aware
5611,12.159473684210504,0.4102533,temporal_2,race_aware
4095,12.159473684210504,0.34180894,temporal_2,race_aware
4433,12.159473684210504,0.45333707,temporal_2,race_aware
5567,12.159473684210504,0.36246908,temporal_2,race_aware
4463,12.159473684210504,0.40491122,temporal_2,race_aware
4594,12.159473684210504,0.47093886,temporal_2,race_aware
5165,12.159473684210504,0.45333707,temporal_2,race_aware
4895,12.159473684210504,0.41558367,temporal_2,race_aware
4394,12.159473684210504,0.42044115,temporal_2,race_aware
4765,12.159473684210504,0.45333707,temporal_2,race_aware
4818,12.159473684210504,0.40491122,temporal_2,race_aware
5664,12.159473684210504,0.34180894,temporal_2,race_aware
4945,12.159473684210504,0.41738188,temporal_2,race_aware
5629,12.159473684210504,0.41819358,temporal_2,race_aware
4890,12.159473684210504,0.4522857,temporal_2,race_aware
4319,12.159473684210504,0.34435683,temporal_2,race_aware
4598,12.159473684210504,0.4296147,temporal_2,race_aware
4003,12.159473684210504,0.4102533,temporal_2,race_aware
5210,12.159473684210504,0.45333707,temporal_2,race_aware
4760,12.159473684210504,0.45333707,temporal_2,race_aware
4406,12.159473684210504,0.45333707,temporal_2,race_aware
5542,12.159473684210504,0.45333707,temporal_2,race_aware
5630,12.159473684210504,0.4030934,temporal_2,race_aware
4251,12.159473684210504,0.40594935,temporal_2,race_aware
5550,12.159473684210504,0.42044115,temporal_2,race_aware
4153,12.159473684210504,0.43291295,temporal_2,race_aware
4324,12.159473684210504,0.4296147,temporal_2,race_aware
4986,12.159473684210504,0.45333707,temporal_2,race_aware
4220,12.159473684210504,0.40491122,temporal_2,race_aware
5308,12.159473684210504,0.4476087,temporal_2,race_aware
4183,12.159473684210504,0.4296147,temporal_2,race_aware
4347,12.159473684210504,0.4296147,temporal_2,race_aware
4430,12.159473684210504,0.41819358,temporal_2,race_aware
4354,12.159473684210504,0.45333707,temporal_2,race_aware
5242,12.159473684210504,0.4476087,temporal_2,race_aware
5562,12.159473684210504,0.34144536,temporal_2,race_aware
4582,12.159473684210504,0.34435683,temporal_2,race_aware
4600,12.159473684210504,0.40491122,temporal_2,race_aware
4393,12.159473684210504,0.4102533,temporal_2,race_aware
5375,12.159473684210504,0.36246908,temporal_2,race_aware
4791,12.159473684210504,0.4030934,temporal_2,race_aware
4981,12.159473684210504,0.41003615,temporal_2,race_aware
4486,12.159473684210504,0.4522857,temporal_2,race_aware
4227,12.159473684210504,0.34435683,temporal_2,race_aware
5032,12.159473684210504,0.3497695,temporal_2,race_aware
5033,12.159473684210504,0.4296147,temporal_2,race_aware
4331,12.159473684210504,0.4084549,temporal_2,race_aware
5273,12.159473684210504,0.4296147,temporal_2,race_aware
4217,12.159473684210504,0.34435683,temporal_2,race_aware
5612,12.159473684210504,0.40491122,temporal_2,race_aware
4451,12.159473684210504,0.42044115,temporal_2,race_aware
4029,12.159473684210504,0.4030934,temporal_2,race_aware
4514,12.159473684210504,0.45333707,temporal_2,race_aware
4640,12.159473684210504,0.45484173,temporal_2,race_aware
4283,12.159473684210504,0.42044115,temporal_2,race_aware
5086,12.159473684210504,0.3497695,temporal_2,race_aware
4673,12.159473684210504,0.41003615,temporal_2,race_aware
4165,12.159473684210504,0.42044115,temporal_2,race_aware
4920,12.159473684210504,0.4296147,temporal_2,race_aware
5582,12.159473684210504,0.34180894,temporal_2,race_aware
4388,12.159473684210504,0.4522857,temporal_2,race_aware
4573,12.159473684210504,0.45333707,temporal_2,race_aware
4990,12.159473684210504,0.4030934,temporal_2,race_aware
5469,12.159473684210504,0.41819358,temporal_2,race_aware
5355,12.159473684210504,0.45333707,temporal_2,race_aware
4921,12.159473684210504,0.47093886,temporal_2,race_aware
5652,12.159473684210504,0.45333707,temporal_2,race_aware
5296,12.159473684210504,0.34435683,temporal_2,race_aware
4058,12.159473684210504,0.4030934,temporal_2,race_aware
4571,12.159473684210504,0.43291295,temporal_2,race_aware
4346,12.159473684210504,0.36685538,temporal_2,race_aware
4050,12.159473684210504,0.45333707,temporal_2,race_aware
4115,12.159473684210504,0.43291295,temporal_2,race_aware
4049,12.159473684210504,0.4522857,temporal_2,race_aware
5170,12.159473684210504,0.40594935,temporal_2,race_aware
4362,12.159473684210504,0.4102533,temporal_2,race_aware
5270,12.159473684210504,0.3497695,temporal_2,race_aware
4734,12.159473684210504,0.45333707,temporal_2,race_aware
4579,12.159473684210504,0.4522857,temporal_2,race_aware
4787,12.159473684210504,0.3515765,temporal_2,race_aware
4969,12.159473684210504,0.43112502,temporal_2,race_aware
4045,12.159473684210504,0.4030934,temporal_2,race_aware
5416,12.159473684210504,0.4522857,temporal_2,race_aware
4524,12.159473684210504,0.4296147,temporal_2,race_aware
4391,12.159473684210504,0.3515765,temporal_2,race_aware
4477,12.159473684210504,0.43291295,temporal_2,race_aware
5420,12.159473684210504,0.41003615,temporal_2,race_aware
4747,12.159473684210504,0.43112502,temporal_2,race_aware
5303,12.159473684210504,0.34435683,temporal_2,race_aware
4269,12.159473684210504,0.36246908,temporal_2,race_aware
4009,12.159473684210504,0.45333707,temporal_2,race_aware
4896,12.159473684210504,0.34144536,temporal_2,race_aware
4523,12.159473684210504,0.45333707,temporal_2,race_aware
4280,12.159473684210504,0.4030934,temporal_2,race_aware
4989,12.159473684210504,0.4030934,temporal_2,race_aware
4686,12.159473684210504,0.43291295,temporal_2,race_aware
4010,12.159473684210504,0.40594935,temporal_2,race_aware
5065,12.159473684210504,0.45333707,temporal_2,race_aware
4547,12.87473684210524,0.41194856,temporal_2,race_aware
5304,12.87473684210524,0.3680816,temporal_2,race_aware
5611,12.87473684210524,0.4175467,temporal_2,race_aware
4095,12.87473684210524,0.35080066,temporal_2,race_aware
4433,12.87473684210524,0.459022,temporal_2,race_aware
5567,12.87473684210524,0.37191063,temporal_2,race_aware
4463,12.87473684210524,0.40069407,temporal_2,race_aware
4594,12.87473684210524,0.47926867,temporal_2,race_aware
5165,12.87473684210524,0.459022,temporal_2,race_aware
4895,12.87473684210524,0.42180324,temporal_2,race_aware
4394,12.87473684210524,0.42345613,temporal_2,race_aware
4765,12.87473684210524,0.459022,temporal_2,race_aware
4818,12.87473684210524,0.40069407,temporal_2,race_aware
5664,12.87473684210524,0.35080066,temporal_2,race_aware
4945,12.87473684210524,0.42514527,temporal_2,race_aware
5629,12.87473684210524,0.42638022,temporal_2,race_aware
4890,12.87473684210524,0.45737928,temporal_2,race_aware
4319,12.87473684210524,0.35175598,temporal_2,race_aware
4598,12.87473684210524,0.43529835,temporal_2,race_aware
4003,12.87473684210524,0.4175467,temporal_2,race_aware
5210,12.87473684210524,0.459022,temporal_2,race_aware
4760,12.87473684210524,0.459022,temporal_2,race_aware
4406,12.87473684210524,0.459022,temporal_2,race_aware
5542,12.87473684210524,0.459022,temporal_2,race_aware
5630,12.87473684210524,0.4086693,temporal_2,race_aware
4251,12.87473684210524,0.41194856,temporal_2,race_aware
5550,12.87473684210524,0.42345613,temporal_2,race_aware
4153,12.87473684210524,0.43661892,temporal_2,race_aware
4324,12.87473684210524,0.43529835,temporal_2,race_aware
4986,12.87473684210524,0.459022,temporal_2,race_aware
4220,12.87473684210524,0.40069407,temporal_2,race_aware
5308,12.87473684210524,0.454916,temporal_2,race_aware
4183,12.87473684210524,0.43529835,temporal_2,race_aware
4347,12.87473684210524,0.43529835,temporal_2,race_aware
4430,12.87473684210524,0.42638022,temporal_2,race_aware
4354,12.87473684210524,0.459022,temporal_2,race_aware
5242,12.87473684210524,0.454916,temporal_2,race_aware
5562,12.87473684210524,0.34926936,temporal_2,race_aware
4582,12.87473684210524,0.35175598,temporal_2,race_aware
4600,12.87473684210524,0.40069407,temporal_2,race_aware
4393,12.87473684210524,0.4175467,temporal_2,race_aware
5375,12.87473684210524,0.37191063,temporal_2,race_aware
4791,12.87473684210524,0.4086693,temporal_2,race_aware
4981,12.87473684210524,0.41606694,temporal_2,race_aware
4486,12.87473684210524,0.45737928,temporal_2,race_aware
4227,12.87473684210524,0.35175598,temporal_2,race_aware
5032,12.87473684210524,0.35929295,temporal_2,race_aware
5033,12.87473684210524,0.43529835,temporal_2,race_aware
4331,12.87473684210524,0.41688162,temporal_2,race_aware
5273,12.87473684210524,0.43529835,temporal_2,race_aware
4217,12.87473684210524,0.35175598,temporal_2,race_aware
5612,12.87473684210524,0.40069407,temporal_2,race_aware
4451,12.87473684210524,0.42345613,temporal_2,race_aware
4029,12.87473684210524,0.4086693,temporal_2,race_aware
4514,12.87473684210524,0.459022,temporal_2,race_aware
4640,12.87473684210524,0.46130896,temporal_2,race_aware
4283,12.87473684210524,0.42345613,temporal_2,race_aware
5086,12.87473684210524,0.35929295,temporal_2,race_aware
4673,12.87473684210524,0.41606694,temporal_2,race_aware
4165,12.87473684210524,0.42345613,temporal_2,race_aware
4920,12.87473684210524,0.43529835,temporal_2,race_aware
5582,12.87473684210524,0.35080066,temporal_2,race_aware
4388,12.87473684210524,0.45737928,temporal_2,race_aware
4573,12.87473684210524,0.459022,temporal_2,race_aware
4990,12.87473684210524,0.4086693,temporal_2,race_aware
5469,12.87473684210524,0.42638022,temporal_2,race_aware
5355,12.87473684210524,0.459022,temporal_2,race_aware
4921,12.87473684210524,0.47926867,temporal_2,race_aware
5652,12.87473684210524,0.459022,temporal_2,race_aware
5296,12.87473684210524,0.35175598,temporal_2,race_aware
4058,12.87473684210524,0.4086693,temporal_2,race_aware
4571,12.87473684210524,0.43661892,temporal_2,race_aware
4346,12.87473684210524,0.37416655,temporal_2,race_aware
4050,12.87473684210524,0.459022,temporal_2,race_aware
4115,12.87473684210524,0.43661892,temporal_2,race_aware
4049,12.87473684210524,0.45737928,temporal_2,race_aware
5170,12.87473684210524,0.41194856,temporal_2,race_aware
4362,12.87473684210524,0.4175467,temporal_2,race_aware
5270,12.87473684210524,0.35929295,temporal_2,race_aware
4734,12.87473684210524,0.459022,temporal_2,race_aware
4579,12.87473684210524,0.45737928,temporal_2,race_aware
4787,12.87473684210524,0.3565768,temporal_2,race_aware
4969,12.87473684210524,0.4308453,temporal_2,race_aware
4045,12.87473684210524,0.4086693,temporal_2,race_aware
5416,12.87473684210524,0.45737928,temporal_2,race_aware
4524,12.87473684210524,0.43529835,temporal_2,race_aware
4391,12.87473684210524,0.3565768,temporal_2,race_aware
4477,12.87473684210524,0.43661892,temporal_2,race_aware
5420,12.87473684210524,0.41606694,temporal_2,race_aware
4747,12.87473684210524,0.4308453,temporal_2,race_aware
5303,12.87473684210524,0.35175598,temporal_2,race_aware
4269,12.87473684210524,0.37191063,temporal_2,race_aware
4009,12.87473684210524,0.459022,temporal_2,race_aware
4896,12.87473684210524,0.34926936,temporal_2,race_aware
4523,12.87473684210524,0.459022,temporal_2,race_aware
4280,12.87473684210524,0.4086693,temporal_2,race_aware
4989,12.87473684210524,0.4086693,temporal_2,race_aware
4686,12.87473684210524,0.43661892,temporal_2,race_aware
4010,12.87473684210524,0.41194856,temporal_2,race_aware
5065,12.87473684210524,0.459022,temporal_2,race_aware
4547,13.589999999999975,0.41676557,temporal_2,race_aware
5304,13.589999999999975,0.37230822,temporal_2,race_aware
5611,13.589999999999975,0.42362458,temporal_2,race_aware
4095,13.589999999999975,0.35720497,temporal_2,race_aware
4433,13.589999999999975,0.46226847,temporal_2,race_aware
5567,13.589999999999975,0.3791098,temporal_2,race_aware
4463,13.589999999999975,0.40203798,temporal_2,race_aware
4594,13.589999999999975,0.48796356,temporal_2,race_aware
5165,13.589999999999975,0.46226847,temporal_2,race_aware
4895,13.589999999999975,0.4287089,temporal_2,race_aware
4394,13.589999999999975,0.42741948,temporal_2,race_aware
4765,13.589999999999975,0.46226847,temporal_2,race_aware
4818,13.589999999999975,0.40203798,temporal_2,race_aware
5664,13.589999999999975,0.35720497,temporal_2,race_aware
4945,13.589999999999975,0.43248594,temporal_2,race_aware
5629,13.589999999999975,0.43591136,temporal_2,race_aware
4890,13.589999999999975,0.4625672,temporal_2,race_aware
4319,13.589999999999975,0.36081558,temporal_2,race_aware
4598,13.589999999999975,0.4390588,temporal_2,race_aware
4003,13.589999999999975,0.42362458,temporal_2,race_aware
5210,13.589999999999975,0.46226847,temporal_2,race_aware
4760,13.589999999999975,0.46226847,temporal_2,race_aware
4406,13.589999999999975,0.46226847,temporal_2,race_aware
5542,13.589999999999975,0.46226847,temporal_2,race_aware
5630,13.589999999999975,0.41429526,temporal_2,race_aware
4251,13.589999999999975,0.41676557,temporal_2,race_aware
5550,13.589999999999975,0.42741948,temporal_2,race_aware
4153,13.589999999999975,0.4397397,temporal_2,race_aware
4324,13.589999999999975,0.4390588,temporal_2,race_aware
4986,13.589999999999975,0.46226847,temporal_2,race_aware
4220,13.589999999999975,0.40203798,temporal_2,race_aware
5308,13.589999999999975,0.46195078,temporal_2,race_aware
4183,13.589999999999975,0.4390588,temporal_2,race_aware
4347,13.589999999999975,0.4390588,temporal_2,race_aware
4430,13.589999999999975,0.43591136,temporal_2,race_aware
4354,13.589999999999975,0.46226847,temporal_2,race_aware
5242,13.589999999999975,0.46195078,temporal_2,race_aware
5562,13.589999999999975,0.35697648,temporal_2,race_aware
4582,13.589999999999975,0.36081558,temporal_2,race_aware
4600,13.589999999999975,0.40203798,temporal_2,race_aware
4393,13.589999999999975,0.42362458,temporal_2,race_aware
5375,13.589999999999975,0.3791098,temporal_2,race_aware
4791,13.589999999999975,0.41429526,temporal_2,race_aware
4981,13.589999999999975,0.42479402,temporal_2,race_aware
4486,13.589999999999975,0.4625672,temporal_2,race_aware
4227,13.589999999999975,0.36081558,temporal_2,race_aware
5032,13.589999999999975,0.36871183,temporal_2,race_aware
5033,13.589999999999975,0.4390588,temporal_2,race_aware
4331,13.589999999999975,0.42257243,temporal_2,race_aware
5273,13.589999999999975,0.4390588,temporal_2,race_aware
4217,13.589999999999975,0.36081558,temporal_2,race_aware
5612,13.589999999999975,0.40203798,temporal_2,race_aware
4451,13.589999999999975,0.42741948,temporal_2,race_aware
4029,13.589999999999975,0.41429526,temporal_2,race_aware
4514,13.589999999999975,0.46226847,temporal_2,race_aware
4640,13.589999999999975,0.46986556,temporal_2,race_aware
4283,13.589999999999975,0.42741948,temporal_2,race_aware
5086,13.589999999999975,0.36871183,temporal_2,race_aware
4673,13.589999999999975,0.42479402,temporal_2,race_aware
4165,13.589999999999975,0.42741948,temporal_2,race_aware
4920,13.589999999999975,0.4390588,temporal_2,race_aware
5582,13.589999999999975,0.35720497,temporal_2,race_aware
4388,13.589999999999975,0.4625672,temporal_2,race_aware
4573,13.589999999999975,0.46226847,temporal_2,race_aware
4990,13.589999999999975,0.41429526,temporal_2,race_aware
5469,13.589999999999975,0.43591136,temporal_2,race_aware
5355,13.589999999999975,0.46226847,temporal_2,race_aware
4921,13.589999999999975,0.48796356,temporal_2,race_aware
5652,13.589999999999975,0.46226847,temporal_2,race_aware
5296,13.589999999999975,0.36081558,temporal_2,race_aware
4058,13.589999999999975,0.41429526,temporal_2,race_aware
4571,13.589999999999975,0.4397397,temporal_2,race_aware
4346,13.589999999999975,0.3816731,temporal_2,race_aware
4050,13.589999999999975,0.46226847,temporal_2,race_aware
4115,13.589999999999975,0.4397397,temporal_2,race_aware
4049,13.589999999999975,0.4625672,temporal_2,race_aware
5170,13.589999999999975,0.41676557,temporal_2,race_aware
4362,13.589999999999975,0.42362458,temporal_2,race_aware
5270,13.589999999999975,0.36871183,temporal_2,race_aware
4734,13.589999999999975,0.46226847,temporal_2,race_aware
4579,13.589999999999975,0.4625672,temporal_2,race_aware
4787,13.589999999999975,0.36545485,temporal_2,race_aware
4969,13.589999999999975,0.43570027,temporal_2,race_aware
4045,13.589999999999975,0.41429526,temporal_2,race_aware
5416,13.589999999999975,0.4625672,temporal_2,race_aware
4524,13.589999999999975,0.4390588,temporal_2,race_aware
4391,13.589999999999975,0.36545485,temporal_2,race_aware
4477,13.589999999999975,0.4397397,temporal_2,race_aware
5420,13.589999999999975,0.42479402,temporal_2,race_aware
4747,13.589999999999975,0.43570027,temporal_2,race_aware
5303,13.589999999999975,0.36081558,temporal_2,race_aware
4269,13.589999999999975,0.3791098,temporal_2,race_aware
4009,13.589999999999975,0.46226847,temporal_2,race_aware
4896,13.589999999999975,0.35697648,temporal_2,race_aware
4523,13.589999999999975,0.46226847,temporal_2,race_aware
4280,13.589999999999975,0.41429526,temporal_2,race_aware
4989,13.589999999999975,0.41429526,temporal_2,race_aware
4686,13.589999999999975,0.4397397,temporal_2,race_aware
4010,13.589999999999975,0.41676557,temporal_2,race_aware
5065,13.589999999999975,0.46226847,temporal_2,race_aware
790,0.0,0.0,holdout,race_blind
1489,0.0,0.0,holdout,race_blind
4093,0.0,0.0,holdout,race_blind
5632,0.0,0.0,holdout,race_blind
1352,0.0,0.0,holdout,race_blind
4429,0.0,0.0,holdout,race_blind
5095,0.0,0.0,holdout,race_blind
4032,0.0,0.0,holdout,race_blind
4065,0.0,0.0,holdout,race_blind
4797,0.0,0.0,holdout,race_blind
6123,0.0,0.0,holdout,race_blind
3446,0.0,0.0,holdout,race_blind
4971,0.0,0.0,holdout,race_blind
4245,0.0,0.0,holdout,race_blind
3343,0.0,0.0,holdout,race_blind
5621,0.0,0.0,holdout,race_blind
3470,0.0,0.0,holdout,race_blind
1157,0.0,0.0,holdout,race_blind
3104,0.0,0.0,holdout,race_blind
4619,0.0,0.0,holdout,race_blind
2652,0.0,0.0,holdout,race_blind
2662,0.0,0.0,holdout,race_blind
612,0.0,0.0,holdout,race_blind
2761,0.0,0.0,holdout,race_blind
1900,0.0,0.0,holdout,race_blind
4463,0.0,0.0,holdout,race_blind
1893,0.0,0.0,holdout,race_blind
1296,0.0,0.0,holdout,race_blind
5574,0.0,0.0,holdout,race_blind
5177,0.0,0.0,holdout,race_blind
5195,0.0,0.0,holdout,race_blind
5769,0.0,0.0,holdout,race_blind
3033,0.0,0.0,holdout,race_blind
3665,0.0,0.0,holdout,race_blind
4729,0.0,0.0,holdout,race_blind
3341,0.0,0.0,holdout,race_blind
5904,0.0,0.0,holdout,race_blind
6127,0.0,0.0,holdout,race_blind
3636,0.0,0.0,holdout,race_blind
1151,0.0,0.0,holdout,race_blind
1731,0.0,0.0,holdout,race_blind
355,0.0,0.0,holdout,race_blind
1246,0.0,0.0,holdout,race_blind
1635,0.0,0.0,holdout,race_blind
4426,0.0,0.0,holdout,race_blind
994,0.0,0.0,holdout,race_blind
5939,0.0,0.0,holdout,race_blind
649,0.0,0.0,holdout,race_blind
3939,0.0,0.0,holdout,race_blind
1410,0.0,0.0,holdout,race_blind
5520,0.0,0.0,holdout,race_blind
4342,0.0,0.0,holdout,race_blind
4468,0.0,0.0,holdout,race_blind
1551,0.0,0.0,holdout,race_blind
3687,0.0,0.0,holdout,race_blind
5611,0.0,0.0,holdout,race_blind
4332,0.0,0.0,holdout,race_blind
5243,0.0,0.0,holdout,race_blind
3401,0.0,0.0,holdout,race_blind
214,0.0,0.0,holdout,race_blind
4927,0.0,0.0,holdout,race_blind
1154,0.0,0.0,holdout,race_blind
2524,0.0,0.0,holdout,race_blind
1013,0.0,0.0,holdout,race_blind
803,0.0,0.0,holdout,race_blind
566,0.0,0.0,holdout,race_blind
3204,0.0,0.0,holdout,race_blind
101,0.0,0.0,holdout,race_blind
3077,0.0,0.0,holdout,race_blind
4774,0.0,0.0,holdout,race_blind
2439,0.0,0.0,holdout,race_blind
902,0.0,0.0,holdout,race_blind
1935,0.0,0.0,holdout,race_blind
2181,0.0,0.0,holdout,race_blind
3141,0.0,0.0,holdout,race_blind
351,0.0,0.0,holdout,race_blind
2054,0.0,0.0,holdout,race_blind
5313,0.0,0.0,holdout,race_blind
5957,0.0,0.0,holdout,race_blind
1568,0.0,0.0,holdout,race_blind
3587,0.0,0.0,holdout,race_blind
2320,0.0,0.0,holdout,race_blind
3479,0.0,0.0,holdout,race_blind
5242,0.0,0.0,holdout,race_blind
1375,0.0,0.0,holdout,race_blind
4964,0.0,0.0,holdout,race_blind
782,0.0,0.0,holdout,race_blind
2029,0.0,0.0,holdout,race_blind
4491,0.0,0.0,holdout,race_blind
1391,0.0,0.0,holdout,race_blind
2487,0.0,0.0,holdout,race_blind
2086,0.0,0.0,holdout,race_blind
2826,0.0,0.0,holdout,race_blind
4411,0.0,0.0,holdout,race_blind
1965,0.0,0.0,holdout,race_blind
3091,0.0,0.0,holdout,race_blind
677,0.0,0.0,holdout,race_blind
1136,0.0,0.0,holdout,race_blind
426,0.0,0.0,holdout,race_blind
2846,0.0,0.0,holdout,race_blind
790,0.767894736842104,0.055428386,holdout,race_blind
1489,0.767894736842104,0.02357012,holdout,race_blind
4093,0.767894736842104,0.02357012,holdout,race_blind
5632,0.767894736842104,0.04886195,holdout,race_blind
1352,0.767894736842104,0.09275168,holdout,race_blind
4429,0.767894736842104,0.06726846,holdout,race_blind
5095,0.767894736842104,0.11544505,holdout,race_blind
4032,0.767894736842104,0.02357012,holdout,race_blind
4065,0.767894736842104,0.055428386,holdout,race_blind
4797,0.767894736842104,0.04886195,holdout,race_blind
6123,0.767894736842104,0.06726846,holdout,race_blind
3446,0.767894736842104,0.04886195,holdout,race_blind
4971,0.767894736842104,0.055428386,holdout,race_blind
4245,0.767894736842104,0.06726846,holdout,race_blind
3343,0.767894736842104,0.04355611,holdout,race_blind
5621,0.767894736842104,0.033820122,holdout,race_blind
3470,0.767894736842104,0.055428386,holdout,race_blind
1157,0.767894736842104,0.04886195,holdout,race_blind
3104,0.767894736842104,0.11544505,holdout,race_blind
4619,0.767894736842104,0.09275168,holdout,race_blind
2652,0.767894736842104,0.02357012,holdout,race_blind
2662,0.767894736842104,0.04355611,holdout,race_blind
612,0.767894736842104,0.11544505,holdout,race_blind
2761,0.767894736842104,0.105320156,holdout,race_blind
1900,0.767894736842104,0.04355611,holdout,race_blind
4463,0.767894736842104,0.06726846,holdout,race_blind
1893,0.767894736842104,0.04355611,holdout,race_blind
1296,0.767894736842104,0.06726846,holdout,race_blind
5574,0.767894736842104,0.02357012,holdout,race_blind
5177,0.767894736842104,0.105320156,holdout,race_blind
5195,0.767894736842104,0.06726846,holdout,race_blind
5769,0.767894736842104,0.06726846,holdout,race_blind
3033,0.767894736842104,0.04355611,holdout,race_blind
3665,0.767894736842104,0.11544505,holdout,race_blind
4729,0.767894736842104,0.09275168,holdout,race_blind
3341,0.767894736842104,0.06726846,holdout,race_blind
5904,0.767894736842104,0.06726846,holdout,race_blind
6127,0.767894736842104,0.055428386,holdout,race_blind
3636,0.767894736842104,0.11544505,holdout,race_blind
1151,0.767894736842104,0.07379687,holdout,race_blind
1731,0.767894736842104,0.06726846,holdout,race_blind
355,0.767894736842104,0.04355611,holdout,race_blind
1246,0.767894736842104,0.11544505,holdout,race_blind
1635,0.767894736842104,0.04355611,holdout,race_blind
4426,0.767894736842104,0.06726846,holdout,race_blind
994,0.767894736842104,0.055428386,holdout,race_blind
5939,0.767894736842104,0.06726846,holdout,race_blind
649,0.767894736842104,0.06726846,holdout,race_blind
3939,0.767894736842104,0.055428386,holdout,race_blind
1410,0.767894736842104,0.04355611,holdout,race_blind
5520,0.767894736842104,0.02357012,holdout,race_blind
4342,0.767894736842104,0.11544505,holdout,race_blind
4468,0.767894736842104,0.11544505,holdout,race_blind
1551,0.767894736842104,0.04355611,holdout,race_blind
3687,0.767894736842104,0.11544505,holdout,race_blind
5611,0.767894736842104,0.09275168,holdout,race_blind
4332,0.767894736842104,0.04355611,holdout,race_blind
5243,0.767894736842104,0.02357012,holdout,race_blind
3401,0.767894736842104,0.04886195,holdout,race_blind
214,0.767894736842104,0.04886195,holdout,race_blind
4927,0.767894736842104,0.11544505,holdout,race_blind
1154,0.767894736842104,0.02357012,holdout,race_blind
2524,0.767894736842104,0.11544505,holdout,race_blind
1013,0.767894736842104,0.02357012,holdout,race_blind
803,0.767894736842104,0.055428386,holdout,race_blind
566,0.767894736842104,0.055428386,holdout,race_blind
3204,0.767894736842104,0.04886195,holdout,race_blind
101,0.767894736842104,0.06726846,holdout,race_blind
3077,0.767894736842104,0.055428386,holdout,race_blind
4774,0.767894736842104,0.047336236,holdout,race_blind
2439,0.767894736842104,0.07379687,holdout,race_blind
902,0.767894736842104,0.02357012,holdout,race_blind
1935,0.767894736842104,0.105320156,holdout,race_blind
2181,0.767894736842104,0.06726846,holdout,race_blind
3141,0.767894736842104,0.04355611,holdout,race_blind
351,0.767894736842104,0.06726846,holdout,race_blind
2054,0.767894736842104,0.06726846,holdout,race_blind
5313,0.767894736842104,0.055428386,holdout,race_blind
5957,0.767894736842104,0.04886195,holdout,race_blind
1568,0.767894736842104,0.055428386,holdout,race_blind
3587,0.767894736842104,0.02357012,holdout,race_blind
2320,0.767894736842104,0.11544505,holdout,race_blind
3479,0.767894736842104,0.11544505,holdout,race_blind
5242,0.767894736842104,0.11544505,holdout,race_blind
1375,0.767894736842104,0.06726846,holdout,race_blind
4964,0.767894736842104,0.11544505,holdout,race_blind
782,0.767894736842104,0.055428386,holdout,race_blind
2029,0.767894736842104,0.033820122,holdout,race_blind
4491,0.767894736842104,0.02357012,holdout,race_blind
1391,0.767894736842104,0.04355611,holdout,race_blind
2487,0.767894736842104,0.06726846,holdout,race_blind
2086,0.767894736842104,0.11544505,holdout,race_blind
2826,0.767894736842104,0.06726846,holdout,race_blind
4411,0.767894736842104,0.06726846,holdout,race_blind
1965,0.767894736842104,0.06726846,holdout,race_blind
3091,0.767894736842104,0.047336236,holdout,race_blind
677,0.767894736842104,0.11544505,holdout,race_blind
1136,0.767894736842104,0.02357012,holdout,race_blind
426,0.767894736842104,0.04355611,holdout,race_blind
2846,0.767894736842104,0.03709607,holdout,race_blind
790,1.535789473684208,0.113048166,holdout,race_blind
1489,1.535789473684208,0.069510326,holdout,race_blind
4093,1.535789473684208,0.069510326,holdout,race_blind
5632,1.535789473684208,0.12251738,holdout,race_blind
1352,1.535789473684208,0.19664645,holdout,race_blind
4429,1.535789473684208,0.1498129,holdout,race_blind
5095,1.535789473684208,0.20277861,holdout,race_blind
4032,1.535789473684208,0.069510326,holdout,race_blind
4065,1.535789473684208,0.113048166,holdout,race_blind
4797,1.535789473684208,0.12251738,holdout,race_blind
6123,1.535789473684208,0.1498129,holdout,race_blind
3446,1.535789473684208,0.12251738,holdout,race_blind
4971,1.535789473684208,0.113048166,holdout,race_blind
4245,1.535789473684208,0.1498129,holdout,race_blind
3343,1.535789473684208,0.072899625,holdout,race_blind
5621,1.535789473684208,0.07285136,holdout,race_blind
3470,1.535789473684208,0.113048166,holdout,race_blind
1157,1.535789473684208,0.12251738,holdout,race_blind
3104,1.535789473684208,0.20277861,holdout,race_blind
4619,1.535789473684208,0.19664645,holdout,race_blind
2652,1.535789473684208,0.069510326,holdout,race_blind
2662,1.535789473684208,0.072899625,holdout,race_blind
612,1.535789473684208,0.20277861,holdout,race_blind
2761,1.535789473684208,0.18983942,holdout,race_blind
1900,1.535789473684208,0.072899625,holdout,race_blind
4463,1.535789473684208,0.1498129,holdout,race_blind
1893,1.535789473684208,0.072899625,holdout,race_blind
1296,1.535789473684208,0.1498129,holdout,race_blind
5574,1.535789473684208,0.069510326,holdout,race_blind
5177,1.535789473684208,0.18983942,holdout,race_blind
5195,1.535789473684208,0.1498129,holdout,race_blind
5769,1.535789473684208,0.1498129,holdout,race_blind
3033,1.535789473684208,0.072899625,holdout,race_blind
3665,1.535789473684208,0.20277861,holdout,race_blind
4729,1.535789473684208,0.19664645,holdout,race_blind
3341,1.535789473684208,0.1498129,holdout,race_blind
5904,1.535789473684208,0.1498129,holdout,race_blind
6127,1.535789473684208,0.113048166,holdout,race_blind
3636,1.535789473684208,0.20277861,holdout,race_blind
1151,1.535789473684208,0.1614703,holdout,race_blind
1731,1.535789473684208,0.1498129,holdout,race_blind
355,1.535789473684208,0.072899625,holdout,race_blind
1246,1.535789473684208,0.20277861,holdout,race_blind
1635,1.535789473684208,0.072899625,holdout,race_blind
4426,1.535789473684208,0.1498129,holdout,race_blind
994,1.535789473684208,0.113048166,holdout,race_blind
5939,1.535789473684208,0.1498129,holdout,race_blind
649,1.535789473684208,0.1498129,holdout,race_blind
3939,1.535789473684208,0.113048166,holdout,race_blind
1410,1.535789473684208,0.072899625,holdout,race_blind
5520,1.535789473684208,0.069510326,holdout,race_blind
4342,1.535789473684208,0.20277861,holdout,race_blind
4468,1.535789473684208,0.20277861,holdout,race_blind
1551,1.535789473684208,0.072899625,holdout,race_blind
3687,1.535789473684208,0.20277861,holdout,race_blind
5611,1.535789473684208,0.19664645,holdout,race_blind
4332,1.535789473684208,0.072899625,holdout,race_blind
5243,1.535789473684208,0.069510326,holdout,race_blind
3401,1.535789473684208,0.12251738,holdout,race_blind
214,1.535789473684208,0.12251738,holdout,race_blind
4927,1.535789473684208,0.20277861,holdout,race_blind
1154,1.535789473684208,0.069510326,holdout,race_blind
2524,1.535789473684208,0.20277861,holdout,race_blind
1013,1.535789473684208,0.069510326,holdout,race_blind
803,1.535789473684208,0.113048166,holdout,race_blind
566,1.535789473684208,0.113048166,holdout,race_blind
3204,1.535789473684208,0.12251738,holdout,race_blind
101,1.535789473684208,0.1498129,holdout,race_blind
3077,1.535789473684208,0.113048166,holdout,race_blind
4774,1.535789473684208,0.104627475,holdout,race_blind
2439,1.535789473684208,0.1614703,holdout,race_blind
902,1.535789473684208,0.069510326,holdout,race_blind
1935,1.535789473684208,0.18983942,holdout,race_blind
2181,1.535789473684208,0.1498129,holdout,race_blind
3141,1.535789473684208,0.072899625,holdout,race_blind
351,1.535789473684208,0.1498129,holdout,race_blind
2054,1.535789473684208,0.1498129,holdout,race_blind
5313,1.535789473684208,0.113048166,holdout,race_blind
5957,1.535789473684208,0.12251738,holdout,race_blind
1568,1.535789473684208,0.113048166,holdout,race_blind
3587,1.535789473684208,0.069510326,holdout,race_blind
2320,1.535789473684208,0.20277861,holdout,race_blind
3479,1.535789473684208,0.20277861,holdout,race_blind
5242,1.535789473684208,0.20277861,holdout,race_blind
1375,1.535789473684208,0.1498129,holdout,race_blind
4964,1.535789473684208,0.20277861,holdout,race_blind
782,1.535789473684208,0.113048166,holdout,race_blind
2029,1.535789473684208,0.07285136,holdout,race_blind
4491,1.535789473684208,0.069510326,holdout,race_blind
1391,1.535789473684208,0.072899625,holdout,race_blind
2487,1.535789473684208,0.1498129,holdout,race_blind
2086,1.535789473684208,0.20277861,holdout,race_blind
2826,1.535789473684208,0.1498129,holdout,race_blind
4411,1.535789473684208,0.1498129,holdout,race_blind
1965,1.535789473684208,0.1498129,holdout,race_blind
3091,1.535789473684208,0.104627475,holdout,race_blind
677,1.535789473684208,0.20277861,holdout,race_blind
1136,1.535789473684208,0.069510326,holdout,race_blind
426,1.535789473684208,0.072899625,holdout,race_blind
2846,1.535789473684208,0.069646135,holdout,race_blind
790,2.303684210526312,0.17398205,holdout,race_blind
1489,2.303684210526312,0.11483984,holdout,race_blind
4093,2.303684210526312,0.11483984,holdout,race_blind
5632,2.303684210526312,0.19399652,holdout,race_blind
1352,2.303684210526312,0.26361465,holdout,race_blind
4429,2.303684210526312,0.2238895,holdout,race_blind
5095,2.303684210526312,0.25672588,holdout,race_blind
4032,2.303684210526312,0.11483984,holdout,race_blind
4065,2.303684210526312,0.17398205,holdout,race_blind
4797,2.303684210526312,0.19399652,holdout,race_blind
6123,2.303684210526312,0.2238895,holdout,race_blind
3446,2.303684210526312,0.19399652,holdout,race_blind
4971,2.303684210526312,0.17398205,holdout,race_blind
4245,2.303684210526312,0.2238895,holdout,race_blind
3343,2.303684210526312,0.110919535,holdout,race_blind
5621,2.303684210526312,0.1141734,holdout,race_blind
3470,2.303684210526312,0.17398205,holdout,race_blind
1157,2.303684210526312,0.19399652,holdout,race_blind
3104,2.303684210526312,0.25672588,holdout,race_blind
4619,2.303684210526312,0.26361465,holdout,race_blind
2652,2.303684210526312,0.11483984,holdout,race_blind
2662,2.303684210526312,0.110919535,holdout,race_blind
612,2.303684210526312,0.25672588,holdout,race_blind
2761,2.303684210526312,0.2441681,holdout,race_blind
1900,2.303684210526312,0.110919535,holdout,race_blind
4463,2.303684210526312,0.2238895,holdout,race_blind
1893,2.303684210526312,0.110919535,holdout,race_blind
1296,2.303684210526312,0.2238895,holdout,race_blind
5574,2.303684210526312,0.11483984,holdout,race_blind
5177,2.303684210526312,0.2441681,holdout,race_blind
5195,2.303684210526312,0.2238895,holdout,race_blind
5769,2.303684210526312,0.2238895,holdout,race_blind
3033,2.303684210526312,0.110919535,holdout,race_blind
3665,2.303684210526312,0.25672588,holdout,race_blind
4729,2.303684210526312,0.26361465,holdout,race_blind
3341,2.303684210526312,0.2238895,holdout,race_blind
5904,2.303684210526312,0.2238895,holdout,race_blind
6127,2.303684210526312,0.17398205,holdout,race_blind
3636,2.303684210526312,0.25672588,holdout,race_blind
1151,2.303684210526312,0.24306864,holdout,race_blind
1731,2.303684210526312,0.2238895,holdout,race_blind
355,2.303684210526312,0.110919535,holdout,race_blind
1246,2.303684210526312,0.25672588,holdout,race_blind
1635,2.303684210526312,0.110919535,holdout,race_blind
4426,2.303684210526312,0.2238895,holdout,race_blind
994,2.303684210526312,0.17398205,holdout,race_blind
5939,2.303684210526312,0.2238895,holdout,race_blind
649,2.303684210526312,0.2238895,holdout,race_blind
3939,2.303684210526312,0.17398205,holdout,race_blind
1410,2.303684210526312,0.110919535,holdout,race_blind
5520,2.303684210526312,0.11483984,holdout,race_blind
4342,2.303684210526312,0.25672588,holdout,race_blind
4468,2.303684210526312,0.25672588,holdout,race_blind
1551,2.303684210526312,0.110919535,holdout,race_blind
3687,2.303684210526312,0.25672588,holdout,race_blind
5611,2.303684210526312,0.26361465,holdout,race_blind
4332,2.303684210526312,0.110919535,holdout,race_blind
5243,2.303684210526312,0.11483984,holdout,race_blind
3401,2.303684210526312,0.19399652,holdout,race_blind
214,2.303684210526312,0.19399652,holdout,race_blind
4927,2.303684210526312,0.25672588,holdout,race_blind
1154,2.303684210526312,0.11483984,holdout,race_blind
2524,2.303684210526312,0.25672588,holdout,race_blind
1013,2.303684210526312,0.11483984,holdout,race_blind
803,2.303684210526312,0.17398205,holdout,race_blind
566,2.303684210526312,0.17398205,holdout,race_blind
3204,2.303684210526312,0.19399652,holdout,race_blind
101,2.303684210526312,0.2238895,holdout,race_blind
3077,2.303684210526312,0.17398205,holdout,race_blind
4774,2.303684210526312,0.15306167,holdout,race_blind
2439,2.303684210526312,0.24306864,holdout,race_blind
902,2.303684210526312,0.11483984,holdout,race_blind
1935,2.303684210526312,0.2441681,holdout,race_blind
2181,2.303684210526312,0.2238895,holdout,race_blind
3141,2.303684210526312,0.110919535,holdout,race_blind
351,2.303684210526312,0.2238895,holdout,race_blind
2054,2.303684210526312,0.2238895,holdout,race_blind
5313,2.303684210526312,0.17398205,holdout,race_blind
5957,2.303684210526312,0.19399652,holdout,race_blind
1568,2.303684210526312,0.17398205,holdout,race_blind
3587,2.303684210526312,0.11483984,holdout,race_blind
2320,2.303684210526312,0.25672588,holdout,race_blind
3479,2.303684210526312,0.25672588,holdout,race_blind
5242,2.303684210526312,0.25672588,holdout,race_blind
1375,2.303684210526312,0.2238895,holdout,race_blind
4964,2.303684210526312,0.25672588,holdout,race_blind
782,2.303684210526312,0.17398205,holdout,race_blind
2029,2.303684210526312,0.1141734,holdout,race_blind
4491,2.303684210526312,0.11483984,holdout,race_blind
1391,2.303684210526312,0.110919535,holdout,race_blind
2487,2.303684210526312,0.2238895,holdout,race_blind
2086,2.303684210526312,0.25672588,holdout,race_blind
2826,2.303684210526312,0.2238895,holdout,race_blind
4411,2.303684210526312,0.2238895,holdout,race_blind
1965,2.303684210526312,0.2238895,holdout,race_blind
3091,2.303684210526312,0.15306167,holdout,race_blind
677,2.303684210526312,0.25672588,holdout,race_blind
1136,2.303684210526312,0.11483984,holdout,race_blind
426,2.303684210526312,0.110919535,holdout,race_blind
2846,2.303684210526312,0.10951345,holdout,race_blind
790,3.071578947368416,0.23208675,holdout,race_blind
1489,3.071578947368416,0.16845377,holdout,race_blind
4093,3.071578947368416,0.16845377,holdout,race_blind
5632,3.071578947368416,0.24142537,holdout,race_blind
1352,3.071578947368416,0.30631638,holdout,race_blind
4429,3.071578947368416,0.28372186,holdout,race_blind
5095,3.071578947368416,0.29866812,holdout,race_blind
4032,3.071578947368416,0.16845377,holdout,race_blind
4065,3.071578947368416,0.23208675,holdout,race_blind
4797,3.071578947368416,0.24142537,holdout,race_blind
6123,3.071578947368416,0.28372186,holdout,race_blind
3446,3.071578947368416,0.24142537,holdout,race_blind
4971,3.071578947368416,0.23208675,holdout,race_blind
4245,3.071578947368416,0.28372186,holdout,race_blind
3343,3.071578947368416,0.14653271,holdout,race_blind
5621,3.071578947368416,0.15305935,holdout,race_blind
3470,3.071578947368416,0.23208675,holdout,race_blind
1157,3.071578947368416,0.24142537,holdout,race_blind
3104,3.071578947368416,0.29866812,holdout,race_blind
4619,3.071578947368416,0.30631638,holdout,race_blind
2652,3.071578947368416,0.16845377,holdout,race_blind
2662,3.071578947368416,0.14653271,holdout,race_blind
612,3.071578947368416,0.29866812,holdout,race_blind
2761,3.071578947368416,0.28206128,holdout,race_blind
1900,3.071578947368416,0.14653271,holdout,race_blind
4463,3.071578947368416,0.28372186,holdout,race_blind
1893,3.071578947368416,0.14653271,holdout,race_blind
1296,3.071578947368416,0.28372186,holdout,race_blind
5574,3.071578947368416,0.16845377,holdout,race_blind
5177,3.071578947368416,0.28206128,holdout,race_blind
5195,3.071578947368416,0.28372186,holdout,race_blind
5769,3.071578947368416,0.28372186,holdout,race_blind
3033,3.071578947368416,0.14653271,holdout,race_blind
3665,3.071578947368416,0.29866812,holdout,race_blind
4729,3.071578947368416,0.30631638,holdout,race_blind
3341,3.071578947368416,0.28372186,holdout,race_blind
5904,3.071578947368416,0.28372186,holdout,race_blind
6127,3.071578947368416,0.23208675,holdout,race_blind
3636,3.071578947368416,0.29866812,holdout,race_blind
1151,3.071578947368416,0.2917171,holdout,race_blind
1731,3.071578947368416,0.28372186,holdout,race_blind
355,3.071578947368416,0.14653271,holdout,race_blind
1246,3.071578947368416,0.29866812,holdout,race_blind
1635,3.071578947368416,0.14653271,holdout,race_blind
4426,3.071578947368416,0.28372186,holdout,race_blind
994,3.071578947368416,0.23208675,holdout,race_blind
5939,3.071578947368416,0.28372186,holdout,race_blind
649,3.071578947368416,0.28372186,holdout,race_blind
3939,3.071578947368416,0.23208675,holdout,race_blind
1410,3.071578947368416,0.14653271,holdout,race_blind
5520,3.071578947368416,0.16845377,holdout,race_blind
4342,3.071578947368416,0.29866812,holdout,race_blind
4468,3.071578947368416,0.29866812,holdout,race_blind
1551,3.071578947368416,0.14653271,holdout,race_blind
3687,3.071578947368416,0.29866812,holdout,race_blind
5611,3.071578947368416,0.30631638,holdout,race_blind
4332,3.071578947368416,0.14653271,holdout,race_blind
5243,3.071578947368416,0.16845377,holdout,race_blind
3401,3.071578947368416,0.24142537,holdout,race_blind
214,3.071578947368416,0.24142537,holdout,race_blind
4927,3.071578947368416,0.29866812,holdout,race_blind
1154,3.071578947368416,0.16845377,holdout,race_blind
2524,3.071578947368416,0.29866812,holdout,race_blind
1013,3.071578947368416,0.16845377,holdout,race_blind
803,3.071578947368416,0.23208675,holdout,race_blind
566,3.071578947368416,0.23208675,holdout,race_blind
3204,3.071578947368416,0.24142537,holdout,race_blind
101,3.071578947368416,0.28372186,holdout,race_blind
3077,3.071578947368416,0.23208675,holdout,race_blind
4774,3.071578947368416,0.21136801,holdout,race_blind
2439,3.071578947368416,0.2917171,holdout,race_blind
902,3.071578947368416,0.16845377,holdout,race_blind
1935,3.071578947368416,0.28206128,holdout,race_blind
2181,3.071578947368416,0.28372186,holdout,race_blind
3141,3.071578947368416,0.14653271,holdout,race_blind
351,3.071578947368416,0.28372186,holdout,race_blind
2054,3.071578947368416,0.28372186,holdout,race_blind
5313,3.071578947368416,0.23208675,holdout,race_blind
5957,3.071578947368416,0.24142537,holdout,race_blind
1568,3.071578947368416,0.23208675,holdout,race_blind
3587,3.071578947368416,0.16845377,holdout,race_blind
2320,3.071578947368416,0.29866812,holdout,race_blind
3479,3.071578947368416,0.29866812,holdout,race_blind
5242,3.071578947368416,0.29866812,holdout,race_blind
1375,3.071578947368416,0.28372186,holdout,race_blind
4964,3.071578947368416,0.29866812,holdout,race_blind
782,3.071578947368416,0.23208675,holdout,race_blind
2029,3.071578947368416,0.15305935,holdout,race_blind
4491,3.071578947368416,0.16845377,holdout,race_blind
1391,3.071578947368416,0.14653271,holdout,race_blind
2487,3.071578947368416,0.28372186,holdout,race_blind
2086,3.071578947368416,0.29866812,holdout,race_blind
2826,3.071578947368416,0.28372186,holdout,race_blind
4411,3.071578947368416,0.28372186,holdout,race_blind
1965,3.071578947368416,0.28372186,holdout,race_blind
3091,3.071578947368416,0.21136801,holdout,race_blind
677,3.071578947368416,0.29866812,holdout,race_blind
1136,3.071578947368416,0.16845377,holdout,race_blind
426,3.071578947368416,0.14653271,holdout,race_blind
2846,3.071578947368416,0.1451822,holdout,race_blind
790,3.8394736842105197,0.28507665,holdout,race_blind
1489,3.8394736842105197,0.2169822,holdout,race_blind
4093,3.8394736842105197,0.2169822,holdout,race_blind
5632,3.8394736842105197,0.2916705,holdout,race_blind
1352,3.8394736842105197,0.35253948,holdout,race_blind
4429,3.8394736842105197,0.3282506,holdout,race_blind
5095,3.8394736842105197,0.329895,holdout,race_blind
4032,3.8394736842105197,0.2169822,holdout,race_blind
4065,3.8394736842105197,0.28507665,holdout,race_blind
4797,3.8394736842105197,0.2916705,holdout,race_blind
6123,3.8394736842105197,0.3282506,holdout,race_blind
3446,3.8394736842105197,0.2916705,holdout,race_blind
4971,3.8394736842105197,0.28507665,holdout,race_blind
4245,3.8394736842105197,0.3282506,holdout,race_blind
3343,3.8394736842105197,0.18717867,holdout,race_blind
5621,3.8394736842105197,0.19207369,holdout,race_blind
3470,3.8394736842105197,0.28507665,holdout,race_blind
1157,3.8394736842105197,0.2916705,holdout,race_blind
3104,3.8394736842105197,0.329895,holdout,race_blind
4619,3.8394736842105197,0.35253948,holdout,race_blind
2652,3.8394736842105197,0.2169822,holdout,race_blind
2662,3.8394736842105197,0.18717867,holdout,race_blind
612,3.8394736842105197,0.329895,holdout,race_blind
2761,3.8394736842105197,0.3153574,holdout,race_blind
1900,3.8394736842105197,0.18717867,holdout,race_blind
4463,3.8394736842105197,0.3282506,holdout,race_blind
1893,3.8394736842105197,0.18717867,holdout,race_blind
1296,3.8394736842105197,0.3282506,holdout,race_blind
5574,3.8394736842105197,0.2169822,holdout,race_blind
5177,3.8394736842105197,0.3153574,holdout,race_blind
5195,3.8394736842105197,0.3282506,holdout,race_blind
5769,3.8394736842105197,0.3282506,holdout,race_blind
3033,3.8394736842105197,0.18717867,holdout,race_blind
3665,3.8394736842105197,0.329895,holdout,race_blind
4729,3.8394736842105197,0.35253948,holdout,race_blind
3341,3.8394736842105197,0.3282506,holdout,race_blind
5904,3.8394736842105197,0.3282506,holdout,race_blind
6127,3.8394736842105197,0.28507665,holdout,race_blind
3636,3.8394736842105197,0.329895,holdout,race_blind
1151,3.8394736842105197,0.32702148,holdout,race_blind
1731,3.8394736842105197,0.3282506,holdout,race_blind
355,3.8394736842105197,0.18717867,holdout,race_blind
1246,3.8394736842105197,0.329895,holdout,race_blind
1635,3.8394736842105197,0.18717867,holdout,race_blind
4426,3.8394736842105197,0.3282506,holdout,race_blind
994,3.8394736842105197,0.28507665,holdout,race_blind
5939,3.8394736842105197,0.3282506,holdout,race_blind
649,3.8394736842105197,0.3282506,holdout,race_blind
3939,3.8394736842105197,0.28507665,holdout,race_blind
1410,3.8394736842105197,0.18717867,holdout,race_blind
5520,3.8394736842105197,0.2169822,holdout,race_blind
4342,3.8394736842105197,0.329895,holdout,race_blind
4468,3.8394736842105197,0.329895,holdout,race_blind
1551,3.8394736842105197,0.18717867,holdout,race_blind
3687,3.8394736842105197,0.329895,holdout,race_blind
5611,3.8394736842105197,0.35253948,holdout,race_blind
4332,3.8394736842105197,0.18717867,holdout,race_blind
5243,3.8394736842105197,0.2169822,holdout,race_blind
3401,3.8394736842105197,0.2916705,holdout,race_blind
214,3.8394736842105197,0.2916705,holdout,race_blind
4927,3.8394736842105197,0.329895,holdout,race_blind
1154,3.8394736842105197,0.2169822,holdout,race_blind
2524,3.8394736842105197,0.329895,holdout,race_blind
1013,3.8394736842105197,0.2169822,holdout,race_blind
803,3.8394736842105197,0.28507665,holdout,race_blind
566,3.8394736842105197,0.28507665,holdout,race_blind
3204,3.8394736842105197,0.2916705,holdout,race_blind
101,3.8394736842105197,0.3282506,holdout,race_blind
3077,3.8394736842105197,0.28507665,holdout,race_blind
4774,3.8394736842105197,0.2521028,holdout,race_blind
2439,3.8394736842105197,0.32702148,holdout,race_blind
902,3.8394736842105197,0.2169822,holdout,race_blind
1935,3.8394736842105197,0.3153574,holdout,race_blind
2181,3.8394736842105197,0.3282506,holdout,race_blind
3141,3.8394736842105197,0.18717867,holdout,race_blind
351,3.8394736842105197,0.3282506,holdout,race_blind
2054,3.8394736842105197,0.3282506,holdout,race_blind
5313,3.8394736842105197,0.28507665,holdout,race_blind
5957,3.8394736842105197,0.2916705,holdout,race_blind
1568,3.8394736842105197,0.28507665,holdout,race_blind
3587,3.8394736842105197,0.2169822,holdout,race_blind
2320,3.8394736842105197,0.329895,holdout,race_blind
3479,3.8394736842105197,0.329895,holdout,race_blind
5242,3.8394736842105197,0.329895,holdout,race_blind
1375,3.8394736842105197,0.3282506,holdout,race_blind
4964,3.8394736842105197,0.329895,holdout,race_blind
782,3.8394736842105197,0.28507665,holdout,race_blind
2029,3.8394736842105197,0.19207369,holdout,race_blind
4491,3.8394736842105197,0.2169822,holdout,race_blind
1391,3.8394736842105197,0.18717867,holdout,race_blind
2487,3.8394736842105197,0.3282506,holdout,race_blind
2086,3.8394736842105197,0.329895,holdout,race_blind
2826,3.8394736842105197,0.3282506,holdout,race_blind
4411,3.8394736842105197,0.3282506,holdout,race_blind
1965,3.8394736842105197,0.3282506,holdout,race_blind
3091,3.8394736842105197,0.2521028,holdout,race_blind
677,3.8394736842105197,0.329895,holdout,race_blind
1136,3.8394736842105197,0.2169822,holdout,race_blind
426,3.8394736842105197,0.18717867,holdout,race_blind
2846,3.8394736842105197,0.1786062,holdout,race_blind
790,4.607368421052624,0.32073435,holdout,race_blind
1489,4.607368421052624,0.25538194,holdout,race_blind
4093,4.607368421052624,0.25538194,holdout,race_blind
5632,4.607368421052624,0.32880503,holdout,race_blind
1352,4.607368421052624,0.38318706,holdout,race_blind
4429,4.607368421052624,0.3639155,holdout,race_blind
5095,4.607368421052624,0.3518102,holdout,race_blind
4032,4.607368421052624,0.25538194,holdout,race_blind
4065,4.607368421052624,0.32073435,holdout,race_blind
4797,4.607368421052624,0.32880503,holdout,race_blind
6123,4.607368421052624,0.3639155,holdout,race_blind
3446,4.607368421052624,0.32880503,holdout,race_blind
4971,4.607368421052624,0.32073435,holdout,race_blind
4245,4.607368421052624,0.3639155,holdout,race_blind
3343,4.607368421052624,0.22692406,holdout,race_blind
5621,4.607368421052624,0.23755218,holdout,race_blind
3470,4.607368421052624,0.32073435,holdout,race_blind
1157,4.607368421052624,0.32880503,holdout,race_blind
3104,4.607368421052624,0.3518102,holdout,race_blind
4619,4.607368421052624,0.38318706,holdout,race_blind
2652,4.607368421052624,0.25538194,holdout,race_blind
2662,4.607368421052624,0.22692406,holdout,race_blind
612,4.607368421052624,0.3518102,holdout,race_blind
2761,4.607368421052624,0.33492386,holdout,race_blind
1900,4.607368421052624,0.22692406,holdout,race_blind
4463,4.607368421052624,0.3639155,holdout,race_blind
1893,4.607368421052624,0.22692406,holdout,race_blind
1296,4.607368421052624,0.3639155,holdout,race_blind
5574,4.607368421052624,0.25538194,holdout,race_blind
5177,4.607368421052624,0.33492386,holdout,race_blind
5195,4.607368421052624,0.3639155,holdout,race_blind
5769,4.607368421052624,0.3639155,holdout,race_blind
3033,4.607368421052624,0.22692406,holdout,race_blind
3665,4.607368421052624,0.3518102,holdout,race_blind
4729,4.607368421052624,0.38318706,holdout,race_blind
3341,4.607368421052624,0.3639155,holdout,race_blind
5904,4.607368421052624,0.3639155,holdout,race_blind
6127,4.607368421052624,0.32073435,holdout,race_blind
3636,4.607368421052624,0.3518102,holdout,race_blind
1151,4.607368421052624,0.3524105,holdout,race_blind
1731,4.607368421052624,0.3639155,holdout,race_blind
355,4.607368421052624,0.22692406,holdout,race_blind
1246,4.607368421052624,0.3518102,holdout,race_blind
1635,4.607368421052624,0.22692406,holdout,race_blind
4426,4.607368421052624,0.3639155,holdout,race_blind
994,4.607368421052624,0.32073435,holdout,race_blind
5939,4.607368421052624,0.3639155,holdout,race_blind
649,4.607368421052624,0.3639155,holdout,race_blind
3939,4.607368421052624,0.32073435,holdout,race_blind
1410,4.607368421052624,0.22692406,holdout,race_blind
5520,4.607368421052624,0.25538194,holdout,race_blind
4342,4.607368421052624,0.3518102,holdout,race_blind
4468,4.607368421052624,0.3518102,holdout,race_blind
1551,4.607368421052624,0.22692406,holdout,race_blind
3687,4.607368421052624,0.3518102,holdout,race_blind
5611,4.607368421052624,0.38318706,holdout,race_blind
4332,4.607368421052624,0.22692406,holdout,race_blind
5243,4.607368421052624,0.25538194,holdout,race_blind
3401,4.607368421052624,0.32880503,holdout,race_blind
214,4.607368421052624,0.32880503,holdout,race_blind
4927,4.607368421052624,0.3518102,holdout,race_blind
1154,4.607368421052624,0.25538194,holdout,race_blind
2524,4.607368421052624,0.3518102,holdout,race_blind
1013,4.607368421052624,0.25538194,holdout,race_blind
803,4.607368421052624,0.32073435,holdout,race_blind
566,4.607368421052624,0.32073435,holdout,race_blind
3204,4.607368421052624,0.32880503,holdout,race_blind
101,4.607368421052624,0.3639155,holdout,race_blind
3077,4.607368421052624,0.32073435,holdout,race_blind
4774,4.607368421052624,0.2931329,holdout,race_blind
2439,4.607368421052624,0.3524105,holdout,race_blind
902,4.607368421052624,0.25538194,holdout,race_blind
1935,4.607368421052624,0.33492386,holdout,race_blind
2181,4.607368421052624,0.3639155,holdout,race_blind
3141,4.607368421052624,0.22692406,holdout,race_blind
351,4.607368421052624,0.3639155,holdout,race_blind
2054,4.607368421052624,0.3639155,holdout,race_blind
5313,4.607368421052624,0.32073435,holdout,race_blind
5957,4.607368421052624,0.32880503,holdout,race_blind
1568,4.607368421052624,0.32073435,holdout,race_blind
3587,4.607368421052624,0.25538194,holdout,race_blind
2320,4.607368421052624,0.3518102,holdout,race_blind
3479,4.607368421052624,0.3518102,holdout,race_blind
5242,4.607368421052624,0.3518102,holdout,race_blind
1375,4.607368421052624,0.3639155,holdout,race_blind
4964,4.607368421052624,0.3518102,holdout,race_blind
782,4.607368421052624,0.32073435,holdout,race_blind
2029,4.607368421052624,0.23755218,holdout,race_blind
4491,4.607368421052624,0.25538194,holdout,race_blind
1391,4.607368421052624,0.22692406,holdout,race_blind
2487,4.607368421052624,0.3639155,holdout,race_blind
2086,4.607368421052624,0.3518102,holdout,race_blind
2826,4.607368421052624,0.3639155,holdout,race_blind
4411,4.607368421052624,0.3639155,holdout,race_blind
1965,4.607368421052624,0.3639155,holdout,race_blind
3091,4.607368421052624,0.2931329,holdout,race_blind
677,4.607368421052624,0.3518102,holdout,race_blind
1136,4.607368421052624,0.25538194,holdout,race_blind
426,4.607368421052624,0.22692406,holdout,race_blind
2846,4.607368421052624,0.21013059,holdout,race_blind
790,5.375263157894728,0.35285345,holdout,race_blind
1489,5.375263157894728,0.278076,holdout,race_blind
4093,5.375263157894728,0.278076,holdout,race_blind
5632,5.375263157894728,0.35939777,holdout,race_blind
1352,5.375263157894728,0.4052961,holdout,race_blind
4429,5.375263157894728,0.37926227,holdout,race_blind
5095,5.375263157894728,0.37033626,holdout,race_blind
4032,5.375263157894728,0.278076,holdout,race_blind
4065,5.375263157894728,0.35285345,holdout,race_blind
4797,5.375263157894728,0.35939777,holdout,race_blind
6123,5.375263157894728,0.37926227,holdout,race_blind
3446,5.375263157894728,0.35939777,holdout,race_blind
4971,5.375263157894728,0.35285345,holdout,race_blind
4245,5.375263157894728,0.37926227,holdout,race_blind
3343,5.375263157894728,0.2613669,holdout,race_blind
5621,5.375263157894728,0.2747795,holdout,race_blind
3470,5.375263157894728,0.35285345,holdout,race_blind
1157,5.375263157894728,0.35939777,holdout,race_blind
3104,5.375263157894728,0.37033626,holdout,race_blind
4619,5.375263157894728,0.4052961,holdout,race_blind
2652,5.375263157894728,0.278076,holdout,race_blind
2662,5.375263157894728,0.2613669,holdout,race_blind
612,5.375263157894728,0.37033626,holdout,race_blind
2761,5.375263157894728,0.35414994,holdout,race_blind
1900,5.375263157894728,0.2613669,holdout,race_blind
4463,5.375263157894728,0.37926227,holdout,race_blind
1893,5.375263157894728,0.2613669,holdout,race_blind
1296,5.375263157894728,0.37926227,holdout,race_blind
5574,5.375263157894728,0.278076,holdout,race_blind
5177,5.375263157894728,0.35414994,holdout,race_blind
5195,5.375263157894728,0.37926227,holdout,race_blind
5769,5.375263157894728,0.37926227,holdout,race_blind
3033,5.375263157894728,0.2613669,holdout,race_blind
3665,5.375263157894728,0.37033626,holdout,race_blind
4729,5.375263157894728,0.4052961,holdout,race_blind
3341,5.375263157894728,0.37926227,holdout,race_blind
5904,5.375263157894728,0.37926227,holdout,race_blind
6127,5.375263157894728,0.35285345,holdout,race_blind
3636,5.375263157894728,0.37033626,holdout,race_blind
1151,5.375263157894728,0.3740369,holdout,race_blind
1731,5.375263157894728,0.37926227,holdout,race_blind
355,5.375263157894728,0.2613669,holdout,race_blind
1246,5.375263157894728,0.37033626,holdout,race_blind
1635,5.375263157894728,0.2613669,holdout,race_blind
4426,5.375263157894728,0.37926227,holdout,race_blind
994,5.375263157894728,0.35285345,holdout,race_blind
5939,5.375263157894728,0.37926227,holdout,race_blind
649,5.375263157894728,0.37926227,holdout,race_blind
3939,5.375263157894728,0.35285345,holdout,race_blind
1410,5.375263157894728,0.2613669,holdout,race_blind
5520,5.375263157894728,0.278076,holdout,race_blind
4342,5.375263157894728,0.37033626,holdout,race_blind
4468,5.375263157894728,0.37033626,holdout,race_blind
1551,5.375263157894728,0.2613669,holdout,race_blind
3687,5.375263157894728,0.37033626,holdout,race_blind
5611,5.375263157894728,0.4052961,holdout,race_blind
4332,5.375263157894728,0.2613669,holdout,race_blind
5243,5.375263157894728,0.278076,holdout,race_blind
3401,5.375263157894728,0.35939777,holdout,race_blind
214,5.375263157894728,0.35939777,holdout,race_blind
4927,5.375263157894728,0.37033626,holdout,race_blind
1154,5.375263157894728,0.278076,holdout,race_blind
2524,5.375263157894728,0.37033626,holdout,race_blind
1013,5.375263157894728,0.278076,holdout,race_blind
803,5.375263157894728,0.35285345,holdout,race_blind
566,5.375263157894728,0.35285345,holdout,race_blind
3204,5.375263157894728,0.35939777,holdout,race_blind
101,5.375263157894728,0.37926227,holdout,race_blind
3077,5.375263157894728,0.35285345,holdout,race_blind
4774,5.375263157894728,0.32329655,holdout,race_blind
2439,5.375263157894728,0.3740369,holdout,race_blind
902,5.375263157894728,0.278076,holdout,race_blind
1935,5.375263157894728,0.35414994,holdout,race_blind
2181,5.375263157894728,0.37926227,holdout,race_blind
3141,5.375263157894728,0.2613669,holdout,race_blind
351,5.375263157894728,0.37926227,holdout,race_blind
2054,5.375263157894728,0.37926227,holdout,race_blind
5313,5.375263157894728,0.35285345,holdout,race_blind
5957,5.375263157894728,0.35939777,holdout,race_blind
1568,5.375263157894728,0.35285345,holdout,race_blind
3587,5.375263157894728,0.278076,holdout,race_blind
2320,5.375263157894728,0.37033626,holdout,race_blind
3479,5.375263157894728,0.37033626,holdout,race_blind
5242,5.375263157894728,0.37033626,holdout,race_blind
1375,5.375263157894728,0.37926227,holdout,race_blind
4964,5.375263157894728,0.37033626,holdout,race_blind
782,5.375263157894728,0.35285345,holdout,race_blind
2029,5.375263157894728,0.2747795,holdout,race_blind
4491,5.375263157894728,0.278076,holdout,race_blind
1391,5.375263157894728,0.2613669,holdout,race_blind
2487,5.375263157894728,0.37926227,holdout,race_blind
2086,5.375263157894728,0.37033626,holdout,race_blind
2826,5.375263157894728,0.37926227,holdout,race_blind
4411,5.375263157894728,0.37926227,holdout,race_blind
1965,5.375263157894728,0.37926227,holdout,race_blind
3091,5.375263157894728,0.32329655,holdout,race_blind
677,5.375263157894728,0.37033626,holdout,race_blind
1136,5.375263157894728,0.278076,holdout,race_blind
426,5.375263157894728,0.2613669,holdout,race_blind
2846,5.375263157894728,0.24589367,holdout,race_blind
790,6.143157894736832,0.38400736,holdout,race_blind
1489,6.143157894736832,0.31020588,holdout,race_blind
4093,6.143157894736832,0.31020588,holdout,race_blind
5632,6.143157894736832,0.38806117,holdout,race_blind
1352,6.143157894736832,0.41974705,holdout,race_blind
4429,6.143157894736832,0.4107328,holdout,race_blind
5095,6.143157894736832,0.3833795,holdout,race_blind
4032,6.143157894736832,0.31020588,holdout,race_blind
4065,6.143157894736832,0.38400736,holdout,race_blind
4797,6.143157894736832,0.38806117,holdout,race_blind
6123,6.143157894736832,0.4107328,holdout,race_blind
3446,6.143157894736832,0.38806117,holdout,race_blind
4971,6.143157894736832,0.38400736,holdout,race_blind
4245,6.143157894736832,0.4107328,holdout,race_blind
3343,6.143157894736832,0.28427535,holdout,race_blind
5621,6.143157894736832,0.3032655,holdout,race_blind
3470,6.143157894736832,0.38400736,holdout,race_blind
1157,6.143157894736832,0.38806117,holdout,race_blind
3104,6.143157894736832,0.3833795,holdout,race_blind
4619,6.143157894736832,0.41974705,holdout,race_blind
2652,6.143157894736832,0.31020588,holdout,race_blind
2662,6.143157894736832,0.28427535,holdout,race_blind
612,6.143157894736832,0.3833795,holdout,race_blind
2761,6.143157894736832,0.37111437,holdout,race_blind
1900,6.143157894736832,0.28427535,holdout,race_blind
4463,6.143157894736832,0.4107328,holdout,race_blind
1893,6.143157894736832,0.28427535,holdout,race_blind
1296,6.143157894736832,0.4107328,holdout,race_blind
5574,6.143157894736832,0.31020588,holdout,race_blind
5177,6.143157894736832,0.37111437,holdout,race_blind
5195,6.143157894736832,0.4107328,holdout,race_blind
5769,6.143157894736832,0.4107328,holdout,race_blind
3033,6.143157894736832,0.28427535,holdout,race_blind
3665,6.143157894736832,0.3833795,holdout,race_blind
4729,6.143157894736832,0.41974705,holdout,race_blind
3341,6.143157894736832,0.4107328,holdout,race_blind
5904,6.143157894736832,0.4107328,holdout,race_blind
6127,6.143157894736832,0.38400736,holdout,race_blind
3636,6.143157894736832,0.3833795,holdout,race_blind
1151,6.143157894736832,0.39753193,holdout,race_blind
1731,6.143157894736832,0.4107328,holdout,race_blind
355,6.143157894736832,0.28427535,holdout,race_blind
1246,6.143157894736832,0.3833795,holdout,race_blind
1635,6.143157894736832,0.28427535,holdout,race_blind
4426,6.143157894736832,0.4107328,holdout,race_blind
994,6.143157894736832,0.38400736,holdout,race_blind
5939,6.143157894736832,0.4107328,holdout,race_blind
649,6.143157894736832,0.4107328,holdout,race_blind
3939,6.143157894736832,0.38400736,holdout,race_blind
1410,6.143157894736832,0.28427535,holdout,race_blind
5520,6.143157894736832,0.31020588,holdout,race_blind
4342,6.143157894736832,0.3833795,holdout,race_blind
4468,6.143157894736832,0.3833795,holdout,race_blind
1551,6.143157894736832,0.28427535,holdout,race_blind
3687,6.143157894736832,0.3833795,holdout,race_blind
5611,6.143157894736832,0.41974705,holdout,race_blind
4332,6.143157894736832,0.28427535,holdout,race_blind
5243,6.143157894736832,0.31020588,holdout,race_blind
3401,6.143157894736832,0.38806117,holdout,race_blind
214,6.143157894736832,0.38806117,holdout,race_blind
4927,6.143157894736832,0.3833795,holdout,race_blind
1154,6.143157894736832,0.31020588,holdout,race_blind
2524,6.143157894736832,0.3833795,holdout,race_blind
1013,6.143157894736832,0.31020588,holdout,race_blind
803,6.143157894736832,0.38400736,holdout,race_blind
566,6.143157894736832,0.38400736,holdout,race_blind
3204,6.143157894736832,0.38806117,holdout,race_blind
101,6.143157894736832,0.4107328,holdout,race_blind
3077,6.143157894736832,0.38400736,holdout,race_blind
4774,6.143157894736832,0.3662309,holdout,race_blind
2439,6.143157894736832,0.39753193,holdout,race_blind
902,6.143157894736832,0.31020588,holdout,race_blind
1935,6.143157894736832,0.37111437,holdout,race_blind
2181,6.143157894736832,0.4107328,holdout,race_blind
3141,6.143157894736832,0.28427535,holdout,race_blind
351,6.143157894736832,0.4107328,holdout,race_blind
2054,6.143157894736832,0.4107328,holdout,race_blind
5313,6.143157894736832,0.38400736,holdout,race_blind
5957,6.143157894736832,0.38806117,holdout,race_blind
1568,6.143157894736832,0.38400736,holdout,race_blind
3587,6.143157894736832,0.31020588,holdout,race_blind
2320,6.143157894736832,0.3833795,holdout,race_blind
3479,6.143157894736832,0.3833795,holdout,race_blind
5242,6.143157894736832,0.3833795,holdout,race_blind
1375,6.143157894736832,0.4107328,holdout,race_blind
4964,6.143157894736832,0.3833795,holdout,race_blind
782,6.143157894736832,0.38400736,holdout,race_blind
2029,6.143157894736832,0.3032655,holdout,race_blind
4491,6.143157894736832,0.31020588,holdout,race_blind
1391,6.143157894736832,0.28427535,holdout,race_blind
2487,6.143157894736832,0.4107328,holdout,race_blind
2086,6.143157894736832,0.3833795,holdout,race_blind
2826,6.143157894736832,0.4107328,holdout,race_blind
4411,6.143157894736832,0.4107328,holdout,race_blind
1965,6.143157894736832,0.4107328,holdout,race_blind
3091,6.143157894736832,0.3662309,holdout,race_blind
677,6.143157894736832,0.3833795,holdout,race_blind
1136,6.143157894736832,0.31020588,holdout,race_blind
426,6.143157894736832,0.28427535,holdout,race_blind
2846,6.143157894736832,0.26951408,holdout,race_blind
790,6.911052631578936,0.41545156,holdout,race_blind
1489,6.911052631578936,0.35627115,holdout,race_blind
4093,6.911052631578936,0.35627115,holdout,race_blind
5632,6.911052631578936,0.41416502,holdout,race_blind
1352,6.911052631578936,0.43736792,holdout,race_blind
4429,6.911052631578936,0.42920786,holdout,race_blind
5095,6.911052631578936,0.39367685,holdout,race_blind
4032,6.911052631578936,0.35627115,holdout,race_blind
4065,6.911052631578936,0.41545156,holdout,race_blind
4797,6.911052631578936,0.41416502,holdout,race_blind
6123,6.911052631578936,0.42920786,holdout,race_blind
3446,6.911052631578936,0.41416502,holdout,race_blind
4971,6.911052631578936,0.41545156,holdout,race_blind
4245,6.911052631578936,0.42920786,holdout,race_blind
3343,6.911052631578936,0.3091848,holdout,race_blind
5621,6.911052631578936,0.3300916,holdout,race_blind
3470,6.911052631578936,0.41545156,holdout,race_blind
1157,6.911052631578936,0.41416502,holdout,race_blind
3104,6.911052631578936,0.39367685,holdout,race_blind
4619,6.911052631578936,0.43736792,holdout,race_blind
2652,6.911052631578936,0.35627115,holdout,race_blind
2662,6.911052631578936,0.3091848,holdout,race_blind
612,6.911052631578936,0.39367685,holdout,race_blind
2761,6.911052631578936,0.37425065,holdout,race_blind
1900,6.911052631578936,0.3091848,holdout,race_blind
4463,6.911052631578936,0.42920786,holdout,race_blind
1893,6.911052631578936,0.3091848,holdout,race_blind
1296,6.911052631578936,0.42920786,holdout,race_blind
5574,6.911052631578936,0.35627115,holdout,race_blind
5177,6.911052631578936,0.37425065,holdout,race_blind
5195,6.911052631578936,0.42920786,holdout,race_blind
5769,6.911052631578936,0.42920786,holdout,race_blind
3033,6.911052631578936,0.3091848,holdout,race_blind
3665,6.911052631578936,0.39367685,holdout,race_blind
4729,6.911052631578936,0.43736792,holdout,race_blind
3341,6.911052631578936,0.42920786,holdout,race_blind
5904,6.911052631578936,0.42920786,holdout,race_blind
6127,6.911052631578936,0.41545156,holdout,race_blind
3636,6.911052631578936,0.39367685,holdout,race_blind
1151,6.911052631578936,0.4178511,holdout,race_blind
1731,6.911052631578936,0.42920786,holdout,race_blind
355,6.911052631578936,0.3091848,holdout,race_blind
1246,6.911052631578936,0.39367685,holdout,race_blind
1635,6.911052631578936,0.3091848,holdout,race_blind
4426,6.911052631578936,0.42920786,holdout,race_blind
994,6.911052631578936,0.41545156,holdout,race_blind
5939,6.911052631578936,0.42920786,holdout,race_blind
649,6.911052631578936,0.42920786,holdout,race_blind
3939,6.911052631578936,0.41545156,holdout,race_blind
1410,6.911052631578936,0.3091848,holdout,race_blind
5520,6.911052631578936,0.35627115,holdout,race_blind
4342,6.911052631578936,0.39367685,holdout,race_blind
4468,6.911052631578936,0.39367685,holdout,race_blind
1551,6.911052631578936,0.3091848,holdout,race_blind
3687,6.911052631578936,0.39367685,holdout,race_blind
5611,6.911052631578936,0.43736792,holdout,race_blind
4332,6.911052631578936,0.3091848,holdout,race_blind
5243,6.911052631578936,0.35627115,holdout,race_blind
3401,6.911052631578936,0.41416502,holdout,race_blind
214,6.911052631578936,0.41416502,holdout,race_blind
4927,6.911052631578936,0.39367685,holdout,race_blind
1154,6.911052631578936,0.35627115,holdout,race_blind
2524,6.911052631578936,0.39367685,holdout,race_blind
1013,6.911052631578936,0.35627115,holdout,race_blind
803,6.911052631578936,0.41545156,holdout,race_blind
566,6.911052631578936,0.41545156,holdout,race_blind
3204,6.911052631578936,0.41416502,holdout,race_blind
101,6.911052631578936,0.42920786,holdout,race_blind
3077,6.911052631578936,0.41545156,holdout,race_blind
4774,6.911052631578936,0.4006408,holdout,race_blind
2439,6.911052631578936,0.4178511,holdout,race_blind
902,6.911052631578936,0.35627115,holdout,race_blind
1935,6.911052631578936,0.37425065,holdout,race_blind
2181,6.911052631578936,0.42920786,holdout,race_blind
3141,6.911052631578936,0.3091848,holdout,race_blind
351,6.911052631578936,0.42920786,holdout,race_blind
2054,6.911052631578936,0.42920786,holdout,race_blind
5313,6.911052631578936,0.41545156,holdout,race_blind
5957,6.911052631578936,0.41416502,holdout,race_blind
1568,6.911052631578936,0.41545156,holdout,race_blind
3587,6.911052631578936,0.35627115,holdout,race_blind
2320,6.911052631578936,0.39367685,holdout,race_blind
3479,6.911052631578936,0.39367685,holdout,race_blind
5242,6.911052631578936,0.39367685,holdout,race_blind
1375,6.911052631578936,0.42920786,holdout,race_blind
4964,6.911052631578936,0.39367685,holdout,race_blind
782,6.911052631578936,0.41545156,holdout,race_blind
2029,6.911052631578936,0.3300916,holdout,race_blind
4491,6.911052631578936,0.35627115,holdout,race_blind
1391,6.911052631578936,0.3091848,holdout,race_blind
2487,6.911052631578936,0.42920786,holdout,race_blind
2086,6.911052631578936,0.39367685,holdout,race_blind
2826,6.911052631578936,0.42920786,holdout,race_blind
4411,6.911052631578936,0.42920786,holdout,race_blind
1965,6.911052631578936,0.42920786,holdout,race_blind
3091,6.911052631578936,0.4006408,holdout,race_blind
677,6.911052631578936,0.39367685,holdout,race_blind
1136,6.911052631578936,0.35627115,holdout,race_blind
426,6.911052631578936,0.3091848,holdout,race_blind
2846,6.911052631578936,0.30056083,holdout,race_blind
790,7.678947368421039,0.43932834,holdout,race_blind
1489,7.678947368421039,0.35581666,holdout,race_blind
4093,7.678947368421039,0.35581666,holdout,race_blind
5632,7.678947368421039,0.43465614,holdout,race_blind
1352,7.678947368421039,0.45474046,holdout,race_blind
4429,7.678947368421039,0.44771236,holdout,race_blind
5095,7.678947368421039,0.4052926,holdout,race_blind
4032,7.678947368421039,0.35581666,holdout,race_blind
4065,7.678947368421039,0.43932834,holdout,race_blind
4797,7.678947368421039,0.43465614,holdout,race_blind
6123,7.678947368421039,0.44771236,holdout,race_blind
3446,7.678947368421039,0.43465614,holdout,race_blind
4971,7.678947368421039,0.43932834,holdout,race_blind
4245,7.678947368421039,0.44771236,holdout,race_blind
3343,7.678947368421039,0.33211333,holdout,race_blind
5621,7.678947368421039,0.35203964,holdout,race_blind
3470,7.678947368421039,0.43932834,holdout,race_blind
1157,7.678947368421039,0.43465614,holdout,race_blind
3104,7.678947368421039,0.4052926,holdout,race_blind
4619,7.678947368421039,0.45474046,holdout,race_blind
2652,7.678947368421039,0.35581666,holdout,race_blind
2662,7.678947368421039,0.33211333,holdout,race_blind
612,7.678947368421039,0.4052926,holdout,race_blind
2761,7.678947368421039,0.39337242,holdout,race_blind
1900,7.678947368421039,0.33211333,holdout,race_blind
4463,7.678947368421039,0.44771236,holdout,race_blind
1893,7.678947368421039,0.33211333,holdout,race_blind
1296,7.678947368421039,0.44771236,holdout,race_blind
5574,7.678947368421039,0.35581666,holdout,race_blind
5177,7.678947368421039,0.39337242,holdout,race_blind
5195,7.678947368421039,0.44771236,holdout,race_blind
5769,7.678947368421039,0.44771236,holdout,race_blind
3033,7.678947368421039,0.33211333,holdout,race_blind
3665,7.678947368421039,0.4052926,holdout,race_blind
4729,7.678947368421039,0.45474046,holdout,race_blind
3341,7.678947368421039,0.44771236,holdout,race_blind
5904,7.678947368421039,0.44771236,holdout,race_blind
6127,7.678947368421039,0.43932834,holdout,race_blind
3636,7.678947368421039,0.4052926,holdout,race_blind
1151,7.678947368421039,0.43130225,holdout,race_blind
1731,7.678947368421039,0.44771236,holdout,race_blind
355,7.678947368421039,0.33211333,holdout,race_blind
1246,7.678947368421039,0.4052926,holdout,race_blind
1635,7.678947368421039,0.33211333,holdout,race_blind
4426,7.678947368421039,0.44771236,holdout,race_blind
994,7.678947368421039,0.43932834,holdout,race_blind
5939,7.678947368421039,0.44771236,holdout,race_blind
649,7.678947368421039,0.44771236,holdout,race_blind
3939,7.678947368421039,0.43932834,holdout,race_blind
1410,7.678947368421039,0.33211333,holdout,race_blind
5520,7.678947368421039,0.35581666,holdout,race_blind
4342,7.678947368421039,0.4052926,holdout,race_blind
4468,7.678947368421039,0.4052926,holdout,race_blind
1551,7.678947368421039,0.33211333,holdout,race_blind
3687,7.678947368421039,0.4052926,holdout,race_blind
5611,7.678947368421039,0.45474046,holdout,race_blind
4332,7.678947368421039,0.33211333,holdout,race_blind
5243,7.678947368421039,0.35581666,holdout,race_blind
3401,7.678947368421039,0.43465614,holdout,race_blind
214,7.678947368421039,0.43465614,holdout,race_blind
4927,7.678947368421039,0.4052926,holdout,race_blind
1154,7.678947368421039,0.35581666,holdout,race_blind
2524,7.678947368421039,0.4052926,holdout,race_blind
1013,7.678947368421039,0.35581666,holdout,race_blind
803,7.678947368421039,0.43932834,holdout,race_blind
566,7.678947368421039,0.43932834,holdout,race_blind
3204,7.678947368421039,0.43465614,holdout,race_blind
101,7.678947368421039,0.44771236,holdout,race_blind
3077,7.678947368421039,0.43932834,holdout,race_blind
4774,7.678947368421039,0.4156385,holdout,race_blind
2439,7.678947368421039,0.43130225,holdout,race_blind
902,7.678947368421039,0.35581666,holdout,race_blind
1935,7.678947368421039,0.39337242,holdout,race_blind
2181,7.678947368421039,0.44771236,holdout,race_blind
3141,7.678947368421039,0.33211333,holdout,race_blind
351,7.678947368421039,0.44771236,holdout,race_blind
2054,7.678947368421039,0.44771236,holdout,race_blind
5313,7.678947368421039,0.43932834,holdout,race_blind
5957,7.678947368421039,0.43465614,holdout,race_blind
1568,7.678947368421039,0.43932834,holdout,race_blind
3587,7.678947368421039,0.35581666,holdout,race_blind
2320,7.678947368421039,0.4052926,holdout,race_blind
3479,7.678947368421039,0.4052926,holdout,race_blind
5242,7.678947368421039,0.4052926,holdout,race_blind
1375,7.678947368421039,0.44771236,holdout,race_blind
4964,7.678947368421039,0.4052926,holdout,race_blind
782,7.678947368421039,0.43932834,holdout,race_blind
2029,7.678947368421039,0.35203964,holdout,race_blind
4491,7.678947368421039,0.35581666,holdout,race_blind
1391,7.678947368421039,0.33211333,holdout,race_blind
2487,7.678947368421039,0.44771236,holdout,race_blind
2086,7.678947368421039,0.4052926,holdout,race_blind
2826,7.678947368421039,0.44771236,holdout,race_blind
4411,7.678947368421039,0.44771236,holdout,race_blind
1965,7.678947368421039,0.44771236,holdout,race_blind
3091,7.678947368421039,0.4156385,holdout,race_blind
677,7.678947368421039,0.4052926,holdout,race_blind
1136,7.678947368421039,0.35581666,holdout,race_blind
426,7.678947368421039,0.33211333,holdout,race_blind
2846,7.678947368421039,0.31831366,holdout,race_blind
790,8.446842105263144,0.460278,holdout,race_blind
1489,8.446842105263144,0.40210587,holdout,race_blind
4093,8.446842105263144,0.40210587,holdout,race_blind
5632,8.446842105263144,0.45381474,holdout,race_blind
1352,8.446842105263144,0.46883738,holdout,race_blind
4429,8.446842105263144,0.4594196,holdout,race_blind
5095,8.446842105263144,0.4198791,holdout,race_blind
4032,8.446842105263144,0.40210587,holdout,race_blind
4065,8.446842105263144,0.460278,holdout,race_blind
4797,8.446842105263144,0.45381474,holdout,race_blind
6123,8.446842105263144,0.4594196,holdout,race_blind
3446,8.446842105263144,0.45381474,holdout,race_blind
4971,8.446842105263144,0.460278,holdout,race_blind
4245,8.446842105263144,0.4594196,holdout,race_blind
3343,8.446842105263144,0.35338312,holdout,race_blind
5621,8.446842105263144,0.38120633,holdout,race_blind
3470,8.446842105263144,0.460278,holdout,race_blind
1157,8.446842105263144,0.45381474,holdout,race_blind
3104,8.446842105263144,0.4198791,holdout,race_blind
4619,8.446842105263144,0.46883738,holdout,race_blind
2652,8.446842105263144,0.40210587,holdout,race_blind
2662,8.446842105263144,0.35338312,holdout,race_blind
612,8.446842105263144,0.4198791,holdout,race_blind
2761,8.446842105263144,0.4031948,holdout,race_blind
1900,8.446842105263144,0.35338312,holdout,race_blind
4463,8.446842105263144,0.4594196,holdout,race_blind
1893,8.446842105263144,0.35338312,holdout,race_blind
1296,8.446842105263144,0.4594196,holdout,race_blind
5574,8.446842105263144,0.40210587,holdout,race_blind
5177,8.446842105263144,0.4031948,holdout,race_blind
5195,8.446842105263144,0.4594196,holdout,race_blind
5769,8.446842105263144,0.4594196,holdout,race_blind
3033,8.446842105263144,0.35338312,holdout,race_blind
3665,8.446842105263144,0.4198791,holdout,race_blind
4729,8.446842105263144,0.46883738,holdout,race_blind
3341,8.446842105263144,0.4594196,holdout,race_blind
5904,8.446842105263144,0.4594196,holdout,race_blind
6127,8.446842105263144,0.460278,holdout,race_blind
3636,8.446842105263144,0.4198791,holdout,race_blind
1151,8.446842105263144,0.44346517,holdout,race_blind
1731,8.446842105263144,0.4594196,holdout,race_blind
355,8.446842105263144,0.35338312,holdout,race_blind
1246,8.446842105263144,0.4198791,holdout,race_blind
1635,8.446842105263144,0.35338312,holdout,race_blind
4426,8.446842105263144,0.4594196,holdout,race_blind
994,8.446842105263144,0.460278,holdout,race_blind
5939,8.446842105263144,0.4594196,holdout,race_blind
649,8.446842105263144,0.4594196,holdout,race_blind
3939,8.446842105263144,0.460278,holdout,race_blind
1410,8.446842105263144,0.35338312,holdout,race_blind
5520,8.446842105263144,0.40210587,holdout,race_blind
4342,8.446842105263144,0.4198791,holdout,race_blind
4468,8.446842105263144,0.4198791,holdout,race_blind
1551,8.446842105263144,0.35338312,holdout,race_blind
3687,8.446842105263144,0.4198791,holdout,race_blind
5611,8.446842105263144,0.46883738,holdout,race_blind
4332,8.446842105263144,0.35338312,holdout,race_blind
5243,8.446842105263144,0.40210587,holdout,race_blind
3401,8.446842105263144,0.45381474,holdout,race_blind
214,8.446842105263144,0.45381474,holdout,race_blind
4927,8.446842105263144,0.4198791,holdout,race_blind
1154,8.446842105263144,0.40210587,holdout,race_blind
2524,8.446842105263144,0.4198791,holdout,race_blind
1013,8.446842105263144,0.40210587,holdout,race_blind
803,8.446842105263144,0.460278,holdout,race_blind
566,8.446842105263144,0.460278,holdout,race_blind
3204,8.446842105263144,0.45381474,holdout,race_blind
101,8.446842105263144,0.4594196,holdout,race_blind
3077,8.446842105263144,0.460278,holdout,race_blind
4774,8.446842105263144,0.4305789,holdout,race_blind
2439,8.446842105263144,0.44346517,holdout,race_blind
902,8.446842105263144,0.40210587,holdout,race_blind
1935,8.446842105263144,0.4031948,holdout,race_blind
2181,8.446842105263144,0.4594196,holdout,race_blind
3141,8.446842105263144,0.35338312,holdout,race_blind
351,8.446842105263144,0.4594196,holdout,race_blind
2054,8.446842105263144,0.4594196,holdout,race_blind
5313,8.446842105263144,0.460278,holdout,race_blind
5957,8.446842105263144,0.45381474,holdout,race_blind
1568,8.446842105263144,0.460278,holdout,race_blind
3587,8.446842105263144,0.40210587,holdout,race_blind
2320,8.446842105263144,0.4198791,holdout,race_blind
3479,8.446842105263144,0.4198791,holdout,race_blind
5242,8.446842105263144,0.4198791,holdout,race_blind
1375,8.446842105263144,0.4594196,holdout,race_blind
4964,8.446842105263144,0.4198791,holdout,race_blind
782,8.446842105263144,0.460278,holdout,race_blind
2029,8.446842105263144,0.38120633,holdout,race_blind
4491,8.446842105263144,0.40210587,holdout,race_blind
1391,8.446842105263144,0.35338312,holdout,race_blind
2487,8.446842105263144,0.4594196,holdout,race_blind
2086,8.446842105263144,0.4198791,holdout,race_blind
2826,8.446842105263144,0.4594196,holdout,race_blind
4411,8.446842105263144,0.4594196,holdout,race_blind
1965,8.446842105263144,0.4594196,holdout,race_blind
3091,8.446842105263144,0.4305789,holdout,race_blind
677,8.446842105263144,0.4198791,holdout,race_blind
1136,8.446842105263144,0.40210587,holdout,race_blind
426,8.446842105263144,0.35338312,holdout,race_blind
2846,8.446842105263144,0.34083748,holdout,race_blind
790,9.214736842105248,0.46828666,holdout,race_blind
1489,9.214736842105248,0.40099305,holdout,race_blind
4093,9.214736842105248,0.40099305,holdout,race_blind
5632,9.214736842105248,0.4720509,holdout,race_blind
1352,9.214736842105248,0.47544336,holdout,race_blind
4429,9.214736842105248,0.4780861,holdout,race_blind
5095,9.214736842105248,0.42361376,holdout,race_blind
4032,9.214736842105248,0.40099305,holdout,race_blind
4065,9.214736842105248,0.46828666,holdout,race_blind
4797,9.214736842105248,0.4720509,holdout,race_blind
6123,9.214736842105248,0.4780861,holdout,race_blind
3446,9.214736842105248,0.4720509,holdout,race_blind
4971,9.214736842105248,0.46828666,holdout,race_blind
4245,9.214736842105248,0.4780861,holdout,race_blind
3343,9.214736842105248,0.3929873,holdout,race_blind
5621,9.214736842105248,0.41007268,holdout,race_blind
3470,9.214736842105248,0.46828666,holdout,race_blind
1157,9.214736842105248,0.4720509,holdout,race_blind
3104,9.214736842105248,0.42361376,holdout,race_blind
4619,9.214736842105248,0.47544336,holdout,race_blind
2652,9.214736842105248,0.40099305,holdout,race_blind
2662,9.214736842105248,0.3929873,holdout,race_blind
612,9.214736842105248,0.42361376,holdout,race_blind
2761,9.214736842105248,0.4138885,holdout,race_blind
1900,9.214736842105248,0.3929873,holdout,race_blind
4463,9.214736842105248,0.4780861,holdout,race_blind
1893,9.214736842105248,0.3929873,holdout,race_blind
1296,9.214736842105248,0.4780861,holdout,race_blind
5574,9.214736842105248,0.40099305,holdout,race_blind
5177,9.214736842105248,0.4138885,holdout,race_blind
5195,9.214736842105248,0.4780861,holdout,race_blind
5769,9.214736842105248,0.4780861,holdout,race_blind
3033,9.214736842105248,0.3929873,holdout,race_blind
3665,9.214736842105248,0.42361376,holdout,race_blind
4729,9.214736842105248,0.47544336,holdout,race_blind
3341,9.214736842105248,0.4780861,holdout,race_blind
5904,9.214736842105248,0.4780861,holdout,race_blind
6127,9.214736842105248,0.46828666,holdout,race_blind
3636,9.214736842105248,0.42361376,holdout,race_blind
1151,9.214736842105248,0.4586606,holdout,race_blind
1731,9.214736842105248,0.4780861,holdout,race_blind
355,9.214736842105248,0.3929873,holdout,race_blind
1246,9.214736842105248,0.42361376,holdout,race_blind
1635,9.214736842105248,0.3929873,holdout,race_blind
4426,9.214736842105248,0.4780861,holdout,race_blind
994,9.214736842105248,0.46828666,holdout,race_blind
5939,9.214736842105248,0.4780861,holdout,race_blind
649,9.214736842105248,0.4780861,holdout,race_blind
3939,9.214736842105248,0.46828666,holdout,race_blind
1410,9.214736842105248,0.3929873,holdout,race_blind
5520,9.214736842105248,0.40099305,holdout,race_blind
4342,9.214736842105248,0.42361376,holdout,race_blind
4468,9.214736842105248,0.42361376,holdout,race_blind
1551,9.214736842105248,0.3929873,holdout,race_blind
3687,9.214736842105248,0.42361376,holdout,race_blind
5611,9.214736842105248,0.47544336,holdout,race_blind
4332,9.214736842105248,0.3929873,holdout,race_blind
5243,9.214736842105248,0.40099305,holdout,race_blind
3401,9.214736842105248,0.4720509,holdout,race_blind
214,9.214736842105248,0.4720509,holdout,race_blind
4927,9.214736842105248,0.42361376,holdout,race_blind
1154,9.214736842105248,0.40099305,holdout,race_blind
2524,9.214736842105248,0.42361376,holdout,race_blind
1013,9.214736842105248,0.40099305,holdout,race_blind
803,9.214736842105248,0.46828666,holdout,race_blind
566,9.214736842105248,0.46828666,holdout,race_blind
3204,9.214736842105248,0.4720509,holdout,race_blind
101,9.214736842105248,0.4780861,holdout,race_blind
3077,9.214736842105248,0.46828666,holdout,race_blind
4774,9.214736842105248,0.45372158,holdout,race_blind
2439,9.214736842105248,0.4586606,holdout,race_blind
902,9.214736842105248,0.40099305,holdout,race_blind
1935,9.214736842105248,0.4138885,holdout,race_blind
2181,9.214736842105248,0.4780861,holdout,race_blind
3141,9.214736842105248,0.3929873,holdout,race_blind
351,9.214736842105248,0.4780861,holdout,race_blind
2054,9.214736842105248,0.4780861,holdout,race_blind
5313,9.214736842105248,0.46828666,holdout,race_blind
5957,9.214736842105248,0.4720509,holdout,race_blind
1568,9.214736842105248,0.46828666,holdout,race_blind
3587,9.214736842105248,0.40099305,holdout,race_blind
2320,9.214736842105248,0.42361376,holdout,race_blind
3479,9.214736842105248,0.42361376,holdout,race_blind
5242,9.214736842105248,0.42361376,holdout,race_blind
1375,9.214736842105248,0.4780861,holdout,race_blind
4964,9.214736842105248,0.42361376,holdout,race_blind
782,9.214736842105248,0.46828666,holdout,race_blind
2029,9.214736842105248,0.41007268,holdout,race_blind
4491,9.214736842105248,0.40099305,holdout,race_blind
1391,9.214736842105248,0.3929873,holdout,race_blind
2487,9.214736842105248,0.4780861,holdout,race_blind
2086,9.214736842105248,0.42361376,holdout,race_blind
2826,9.214736842105248,0.4780861,holdout,race_blind
4411,9.214736842105248,0.4780861,holdout,race_blind
1965,9.214736842105248,0.4780861,holdout,race_blind
3091,9.214736842105248,0.45372158,holdout,race_blind
677,9.214736842105248,0.42361376,holdout,race_blind
1136,9.214736842105248,0.40099305,holdout,race_blind
426,9.214736842105248,0.3929873,holdout,race_blind
2846,9.214736842105248,0.3644477,holdout,race_blind
790,9.982631578947352,0.49490777,holdout,race_blind
1489,9.982631578947352,0.41921133,holdout,race_blind
4093,9.982631578947352,0.41921133,holdout,race_blind
5632,9.982631578947352,0.48773837,holdout,race_blind
1352,9.982631578947352,0.48894095,holdout,race_blind
4429,9.982631578947352,0.48502737,holdout,race_blind
5095,9.982631578947352,0.42890254,holdout,race_blind
4032,9.982631578947352,0.41921133,holdout,race_blind
4065,9.982631578947352,0.49490777,holdout,race_blind
4797,9.982631578947352,0.48773837,holdout,race_blind
6123,9.982631578947352,0.48502737,holdout,race_blind
3446,9.982631578947352,0.48773837,holdout,race_blind
4971,9.982631578947352,0.49490777,holdout,race_blind
4245,9.982631578947352,0.48502737,holdout,race_blind
3343,9.982631578947352,0.38947946,holdout,race_blind
5621,9.982631578947352,0.4224574,holdout,race_blind
3470,9.982631578947352,0.49490777,holdout,race_blind
1157,9.982631578947352,0.48773837,holdout,race_blind
3104,9.982631578947352,0.42890254,holdout,race_blind
4619,9.982631578947352,0.48894095,holdout,race_blind
2652,9.982631578947352,0.41921133,holdout,race_blind
2662,9.982631578947352,0.38947946,holdout,race_blind
612,9.982631578947352,0.42890254,holdout,race_blind
2761,9.982631578947352,0.42243993,holdout,race_blind
1900,9.982631578947352,0.38947946,holdout,race_blind
4463,9.982631578947352,0.48502737,holdout,race_blind
1893,9.982631578947352,0.38947946,holdout,race_blind
1296,9.982631578947352,0.48502737,holdout,race_blind
5574,9.982631578947352,0.41921133,holdout,race_blind
5177,9.982631578947352,0.42243993,holdout,race_blind
5195,9.982631578947352,0.48502737,holdout,race_blind
5769,9.982631578947352,0.48502737,holdout,race_blind
3033,9.982631578947352,0.38947946,holdout,race_blind
3665,9.982631578947352,0.42890254,holdout,race_blind
4729,9.982631578947352,0.48894095,holdout,race_blind
3341,9.982631578947352,0.48502737,holdout,race_blind
5904,9.982631578947352,0.48502737,holdout,race_blind
6127,9.982631578947352,0.49490777,holdout,race_blind
3636,9.982631578947352,0.42890254,holdout,race_blind
1151,9.982631578947352,0.46753258,holdout,race_blind
1731,9.982631578947352,0.48502737,holdout,race_blind
355,9.982631578947352,0.38947946,holdout,race_blind
1246,9.982631578947352,0.42890254,holdout,race_blind
1635,9.982631578947352,0.38947946,holdout,race_blind
4426,9.982631578947352,0.48502737,holdout,race_blind
994,9.982631578947352,0.49490777,holdout,race_blind
5939,9.982631578947352,0.48502737,holdout,race_blind
649,9.982631578947352,0.48502737,holdout,race_blind
3939,9.982631578947352,0.49490777,holdout,race_blind
1410,9.982631578947352,0.38947946,holdout,race_blind
5520,9.982631578947352,0.41921133,holdout,race_blind
4342,9.982631578947352,0.42890254,holdout,race_blind
4468,9.982631578947352,0.42890254,holdout,race_blind
1551,9.982631578947352,0.38947946,holdout,race_blind
3687,9.982631578947352,0.42890254,holdout,race_blind
5611,9.982631578947352,0.48894095,holdout,race_blind
4332,9.982631578947352,0.38947946,holdout,race_blind
5243,9.982631578947352,0.41921133,holdout,race_blind
3401,9.982631578947352,0.48773837,holdout,race_blind
214,9.982631578947352,0.48773837,holdout,race_blind
4927,9.982631578947352,0.42890254,holdout,race_blind
1154,9.982631578947352,0.41921133,holdout,race_blind
2524,9.982631578947352,0.42890254,holdout,race_blind
1013,9.982631578947352,0.41921133,holdout,race_blind
803,9.982631578947352,0.49490777,holdout,race_blind
566,9.982631578947352,0.49490777,holdout,race_blind
3204,9.982631578947352,0.48773837,holdout,race_blind
101,9.982631578947352,0.48502737,holdout,race_blind
3077,9.982631578947352,0.49490777,holdout,race_blind
4774,9.982631578947352,0.4652571,holdout,race_blind
2439,9.982631578947352,0.46753258,holdout,race_blind
902,9.982631578947352,0.41921133,holdout,race_blind
1935,9.982631578947352,0.42243993,holdout,race_blind
2181,9.982631578947352,0.48502737,holdout,race_blind
3141,9.982631578947352,0.38947946,holdout,race_blind
351,9.982631578947352,0.48502737,holdout,race_blind
2054,9.982631578947352,0.48502737,holdout,race_blind
5313,9.982631578947352,0.49490777,holdout,race_blind
5957,9.982631578947352,0.48773837,holdout,race_blind
1568,9.982631578947352,0.49490777,holdout,race_blind
3587,9.982631578947352,0.41921133,holdout,race_blind
2320,9.982631578947352,0.42890254,holdout,race_blind
3479,9.982631578947352,0.42890254,holdout,race_blind
5242,9.982631578947352,0.42890254,holdout,race_blind
1375,9.982631578947352,0.48502737,holdout,race_blind
4964,9.982631578947352,0.42890254,holdout,race_blind
782,9.982631578947352,0.49490777,holdout,race_blind
2029,9.982631578947352,0.4224574,holdout,race_blind
4491,9.982631578947352,0.41921133,holdout,race_blind
1391,9.982631578947352,0.38947946,holdout,race_blind
2487,9.982631578947352,0.48502737,holdout,race_blind
2086,9.982631578947352,0.42890254,holdout,race_blind
2826,9.982631578947352,0.48502737,holdout,race_blind
4411,9.982631578947352,0.48502737,holdout,race_blind
1965,9.982631578947352,0.48502737,holdout,race_blind
3091,9.982631578947352,0.4652571,holdout,race_blind
677,9.982631578947352,0.42890254,holdout,race_blind
1136,9.982631578947352,0.41921133,holdout,race_blind
426,9.982631578947352,0.38947946,holdout,race_blind
2846,9.982631578947352,0.3843577,holdout,race_blind
790,10.750526315789456,0.51091504,holdout,race_blind
1489,10.750526315789456,0.42764074,holdout,race_blind
4093,10.750526315789456,0.42764074,holdout,race_blind
5632,10.750526315789456,0.49921727,holdout,race_blind
1352,10.750526315789456,0.49997532,holdout,race_blind
4429,10.750526315789456,0.5048831,holdout,race_blind
5095,10.750526315789456,0.43709925,holdout,race_blind
4032,10.750526315789456,0.42764074,holdout,race_blind
4065,10.750526315789456,0.51091504,holdout,race_blind
4797,10.750526315789456,0.49921727,holdout,race_blind
6123,10.750526315789456,0.5048831,holdout,race_blind
3446,10.750526315789456,0.49921727,holdout,race_blind
4971,10.750526315789456,0.51091504,holdout,race_blind
4245,10.750526315789456,0.5048831,holdout,race_blind
3343,10.750526315789456,0.41125578,holdout,race_blind
5621,10.750526315789456,0.4341268,holdout,race_blind
3470,10.750526315789456,0.51091504,holdout,race_blind
1157,10.750526315789456,0.49921727,holdout,race_blind
3104,10.750526315789456,0.43709925,holdout,race_blind
4619,10.750526315789456,0.49997532,holdout,race_blind
2652,10.750526315789456,0.42764074,holdout,race_blind
2662,10.750526315789456,0.41125578,holdout,race_blind
612,10.750526315789456,0.43709925,holdout,race_blind
2761,10.750526315789456,0.4295045,holdout,race_blind
1900,10.750526315789456,0.41125578,holdout,race_blind
4463,10.750526315789456,0.5048831,holdout,race_blind
1893,10.750526315789456,0.41125578,holdout,race_blind
1296,10.750526315789456,0.5048831,holdout,race_blind
5574,10.750526315789456,0.42764074,holdout,race_blind
5177,10.750526315789456,0.4295045,holdout,race_blind
5195,10.750526315789456,0.5048831,holdout,race_blind
5769,10.750526315789456,0.5048831,holdout,race_blind
3033,10.750526315789456,0.41125578,holdout,race_blind
3665,10.750526315789456,0.43709925,holdout,race_blind
4729,10.750526315789456,0.49997532,holdout,race_blind
3341,10.750526315789456,0.5048831,holdout,race_blind
5904,10.750526315789456,0.5048831,holdout,race_blind
6127,10.750526315789456,0.51091504,holdout,race_blind
3636,10.750526315789456,0.43709925,holdout,race_blind
1151,10.750526315789456,0.48393345,holdout,race_blind
1731,10.750526315789456,0.5048831,holdout,race_blind
355,10.750526315789456,0.41125578,holdout,race_blind
1246,10.750526315789456,0.43709925,holdout,race_blind
1635,10.750526315789456,0.41125578,holdout,race_blind
4426,10.750526315789456,0.5048831,holdout,race_blind
994,10.750526315789456,0.51091504,holdout,race_blind
5939,10.750526315789456,0.5048831,holdout,race_blind
649,10.750526315789456,0.5048831,holdout,race_blind
3939,10.750526315789456,0.51091504,holdout,race_blind
1410,10.750526315789456,0.41125578,holdout,race_blind
5520,10.750526315789456,0.42764074,holdout,race_blind
4342,10.750526315789456,0.43709925,holdout,race_blind
4468,10.750526315789456,0.43709925,holdout,race_blind
1551,10.750526315789456,0.41125578,holdout,race_blind
3687,10.750526315789456,0.43709925,holdout,race_blind
5611,10.750526315789456,0.49997532,holdout,race_blind
4332,10.750526315789456,0.41125578,holdout,race_blind
5243,10.750526315789456,0.42764074,holdout,race_blind
3401,10.750526315789456,0.49921727,holdout,race_blind
214,10.750526315789456,0.49921727,holdout,race_blind
4927,10.750526315789456,0.43709925,holdout,race_blind
1154,10.750526315789456,0.42764074,holdout,race_blind
2524,10.750526315789456,0.43709925,holdout,race_blind
1013,10.750526315789456,0.42764074,holdout,race_blind
803,10.750526315789456,0.51091504,holdout,race_blind
566,10.750526315789456,0.51091504,holdout,race_blind
3204,10.750526315789456,0.49921727,holdout,race_blind
101,10.750526315789456,0.5048831,holdout,race_blind
3077,10.750526315789456,0.51091504,holdout,race_blind
4774,10.750526315789456,0.4866684,holdout,race_blind
2439,10.750526315789456,0.48393345,holdout,race_blind
902,10.750526315789456,0.42764074,holdout,race_blind
1935,10.750526315789456,0.4295045,holdout,race_blind
2181,10.750526315789456,0.5048831,holdout,race_blind
3141,10.750526315789456,0.41125578,holdout,race_blind
351,10.750526315789456,0.5048831,holdout,race_blind
2054,10.750526315789456,0.5048831,holdout,race_blind
5313,10.750526315789456,0.51091504,holdout,race_blind
5957,10.750526315789456,0.49921727,holdout,race_blind
1568,10.750526315789456,0.51091504,holdout,race_blind
3587,10.750526315789456,0.42764074,holdout,race_blind
2320,10.750526315789456,0.43709925,holdout,race_blind
3479,10.750526315789456,0.43709925,holdout,race_blind
5242,10.750526315789456,0.43709925,holdout,race_blind
1375,10.750526315789456,0.5048831,holdout,race_blind
4964,10.750526315789456,0.43709925,holdout,race_blind
782,10.750526315789456,0.51091504,holdout,race_blind
2029,10.750526315789456,0.4341268,holdout,race_blind
4491,10.750526315789456,0.42764074,holdout,race_blind
1391,10.750526315789456,0.41125578,holdout,race_blind
2487,10.750526315789456,0.5048831,holdout,race_blind
2086,10.750526315789456,0.43709925,holdout,race_blind
2826,10.750526315789456,0.5048831,holdout,race_blind
4411,10.750526315789456,0.5048831,holdout,race_blind
1965,10.750526315789456,0.5048831,holdout,race_blind
3091,10.750526315789456,0.4866684,holdout,race_blind
677,10.750526315789456,0.43709925,holdout,race_blind
1136,10.750526315789456,0.42764074,holdout,race_blind
426,10.750526315789456,0.41125578,holdout,race_blind
2846,10.750526315789456,0.405106,holdout,race_blind
790,11.51842105263156,0.5221201,holdout,race_blind
1489,11.51842105263156,0.44282043,holdout,race_blind
4093,11.51842105263156,0.44282043,holdout,race_blind
5632,11.51842105263156,0.5090917,holdout,race_blind
1352,11.51842105263156,0.50377643,holdout,race_blind
4429,11.51842105263156,0.5168759,holdout,race_blind
5095,11.51842105263156,0.43882748,holdout,race_blind
4032,11.51842105263156,0.44282043,holdout,race_blind
4065,11.51842105263156,0.5221201,holdout,race_blind
4797,11.51842105263156,0.5090917,holdout,race_blind
6123,11.51842105263156,0.5168759,holdout,race_blind
3446,11.51842105263156,0.5090917,holdout,race_blind
4971,11.51842105263156,0.5221201,holdout,race_blind
4245,11.51842105263156,0.5168759,holdout,race_blind
3343,11.51842105263156,0.42163467,holdout,race_blind
5621,11.51842105263156,0.46234578,holdout,race_blind
3470,11.51842105263156,0.5221201,holdout,race_blind
1157,11.51842105263156,0.5090917,holdout,race_blind
3104,11.51842105263156,0.43882748,holdout,race_blind
4619,11.51842105263156,0.50377643,holdout,race_blind
2652,11.51842105263156,0.44282043,holdout,race_blind
2662,11.51842105263156,0.42163467,holdout,race_blind
612,11.51842105263156,0.43882748,holdout,race_blind
2761,11.51842105263156,0.4365661,holdout,race_blind
1900,11.51842105263156,0.42163467,holdout,race_blind
4463,11.51842105263156,0.5168759,holdout,race_blind
1893,11.51842105263156,0.42163467,holdout,race_blind
1296,11.51842105263156,0.5168759,holdout,race_blind
5574,11.51842105263156,0.44282043,holdout,race_blind
5177,11.51842105263156,0.4365661,holdout,race_blind
5195,11.51842105263156,0.5168759,holdout,race_blind
5769,11.51842105263156,0.5168759,holdout,race_blind
3033,11.51842105263156,0.42163467,holdout,race_blind
3665,11.51842105263156,0.43882748,holdout,race_blind
4729,11.51842105263156,0.50377643,holdout,race_blind
3341,11.51842105263156,0.5168759,holdout,race_blind
5904,11.51842105263156,0.5168759,holdout,race_blind
6127,11.51842105263156,0.5221201,holdout,race_blind
3636,11.51842105263156,0.43882748,holdout,race_blind
1151,11.51842105263156,0.49471152,holdout,race_blind
1731,11.51842105263156,0.5168759,holdout,race_blind
355,11.51842105263156,0.42163467,holdout,race_blind
1246,11.51842105263156,0.43882748,holdout,race_blind
1635,11.51842105263156,0.42163467,holdout,race_blind
4426,11.51842105263156,0.5168759,holdout,race_blind
994,11.51842105263156,0.5221201,holdout,race_blind
5939,11.51842105263156,0.5168759,holdout,race_blind
649,11.51842105263156,0.5168759,holdout,race_blind
3939,11.51842105263156,0.5221201,holdout,race_blind
1410,11.51842105263156,0.42163467,holdout,race_blind
5520,11.51842105263156,0.44282043,holdout,race_blind
4342,11.51842105263156,0.43882748,holdout,race_blind
4468,11.51842105263156,0.43882748,holdout,race_blind
1551,11.51842105263156,0.42163467,holdout,race_blind
3687,11.51842105263156,0.43882748,holdout,race_blind
5611,11.51842105263156,0.50377643,holdout,race_blind
4332,11.51842105263156,0.42163467,holdout,race_blind
5243,11.51842105263156,0.44282043,holdout,race_blind
3401,11.51842105263156,0.5090917,holdout,race_blind
214,11.51842105263156,0.5090917,holdout,race_blind
4927,11.51842105263156,0.43882748,holdout,race_blind
1154,11.51842105263156,0.44282043,holdout,race_blind
2524,11.51842105263156,0.43882748,holdout,race_blind
1013,11.51842105263156,0.44282043,holdout,race_blind
803,11.51842105263156,0.5221201,holdout,race_blind
566,11.51842105263156,0.5221201,holdout,race_blind
3204,11.51842105263156,0.5090917,holdout,race_blind
101,11.51842105263156,0.5168759,holdout,race_blind
3077,11.51842105263156,0.5221201,holdout,race_blind
4774,11.51842105263156,0.49877965,holdout,race_blind
2439,11.51842105263156,0.49471152,holdout,race_blind
902,11.51842105263156,0.44282043,holdout,race_blind
1935,11.51842105263156,0.4365661,holdout,race_blind
2181,11.51842105263156,0.5168759,holdout,race_blind
3141,11.51842105263156,0.42163467,holdout,race_blind
351,11.51842105263156,0.5168759,holdout,race_blind
2054,11.51842105263156,0.5168759,holdout,race_blind
5313,11.51842105263156,0.5221201,holdout,race_blind
5957,11.51842105263156,0.5090917,holdout,race_blind
1568,11.51842105263156,0.5221201,holdout,race_blind
3587,11.51842105263156,0.44282043,holdout,race_blind
2320,11.51842105263156,0.43882748,holdout,race_blind
3479,11.51842105263156,0.43882748,holdout,race_blind
5242,11.51842105263156,0.43882748,holdout,race_blind
1375,11.51842105263156,0.5168759,holdout,race_blind
4964,11.51842105263156,0.43882748,holdout,race_blind
782,11.51842105263156,0.5221201,holdout,race_blind
2029,11.51842105263156,0.46234578,holdout,race_blind
4491,11.51842105263156,0.44282043,holdout,race_blind
1391,11.51842105263156,0.42163467,holdout,race_blind
2487,11.51842105263156,0.5168759,holdout,race_blind
2086,11.51842105263156,0.43882748,holdout,race_blind
2826,11.51842105263156,0.5168759,holdout,race_blind
4411,11.51842105263156,0.5168759,holdout,race_blind
1965,11.51842105263156,0.5168759,holdout,race_blind
3091,11.51842105263156,0.49877965,holdout,race_blind
677,11.51842105263156,0.43882748,holdout,race_blind
1136,11.51842105263156,0.44282043,holdout,race_blind
426,11.51842105263156,0.42163467,holdout,race_blind
2846,11.51842105263156,0.42307305,holdout,race_blind
790,12.286315789473663,0.53186667,holdout,race_blind
1489,12.286315789473663,0.45758015,holdout,race_blind
4093,12.286315789473663,0.45758015,holdout,race_blind
5632,12.286315789473663,0.5154925,holdout,race_blind
1352,12.286315789473663,0.51275635,holdout,race_blind
4429,12.286315789473663,0.5231354,holdout,race_blind
5095,12.286315789473663,0.44426575,holdout,race_blind
4032,12.286315789473663,0.45758015,holdout,race_blind
4065,12.286315789473663,0.53186667,holdout,race_blind
4797,12.286315789473663,0.5154925,holdout,race_blind
6123,12.286315789473663,0.5231354,holdout,race_blind
3446,12.286315789473663,0.5154925,holdout,race_blind
4971,12.286315789473663,0.53186667,holdout,race_blind
4245,12.286315789473663,0.5231354,holdout,race_blind
3343,12.286315789473663,0.44241798,holdout,race_blind
5621,12.286315789473663,0.47841763,holdout,race_blind
3470,12.286315789473663,0.53186667,holdout,race_blind
1157,12.286315789473663,0.5154925,holdout,race_blind
3104,12.286315789473663,0.44426575,holdout,race_blind
4619,12.286315789473663,0.51275635,holdout,race_blind
2652,12.286315789473663,0.45758015,holdout,race_blind
2662,12.286315789473663,0.44241798,holdout,race_blind
612,12.286315789473663,0.44426575,holdout,race_blind
2761,12.286315789473663,0.44607633,holdout,race_blind
1900,12.286315789473663,0.44241798,holdout,race_blind
4463,12.286315789473663,0.5231354,holdout,race_blind
1893,12.286315789473663,0.44241798,holdout,race_blind
1296,12.286315789473663,0.5231354,holdout,race_blind
5574,12.286315789473663,0.45758015,holdout,race_blind
5177,12.286315789473663,0.44607633,holdout,race_blind
5195,12.286315789473663,0.5231354,holdout,race_blind
5769,12.286315789473663,0.5231354,holdout,race_blind
3033,12.286315789473663,0.44241798,holdout,race_blind
3665,12.286315789473663,0.44426575,holdout,race_blind
4729,12.286315789473663,0.51275635,holdout,race_blind
3341,12.286315789473663,0.5231354,holdout,race_blind
5904,12.286315789473663,0.5231354,holdout,race_blind
6127,12.286315789473663,0.53186667,holdout,race_blind
3636,12.286315789473663,0.44426575,holdout,race_blind
1151,12.286315789473663,0.5034417,holdout,race_blind
1731,12.286315789473663,0.5231354,holdout,race_blind
355,12.286315789473663,0.44241798,holdout,race_blind
1246,12.286315789473663,0.44426575,holdout,race_blind
1635,12.286315789473663,0.44241798,holdout,race_blind
4426,12.286315789473663,0.5231354,holdout,race_blind
994,12.286315789473663,0.53186667,holdout,race_blind
5939,12.286315789473663,0.5231354,holdout,race_blind
649,12.286315789473663,0.5231354,holdout,race_blind
3939,12.286315789473663,0.53186667,holdout,race_blind
1410,12.286315789473663,0.44241798,holdout,race_blind
5520,12.286315789473663,0.45758015,holdout,race_blind
4342,12.286315789473663,0.44426575,holdout,race_blind
4468,12.286315789473663,0.44426575,holdout,race_blind
1551,12.286315789473663,0.44241798,holdout,race_blind
3687,12.286315789473663,0.44426575,holdout,race_blind
5611,12.286315789473663,0.51275635,holdout,race_blind
4332,12.286315789473663,0.44241798,holdout,race_blind
5243,12.286315789473663,0.45758015,holdout,race_blind
3401,12.286315789473663,0.5154925,holdout,race_blind
214,12.286315789473663,0.5154925,holdout,race_blind
4927,12.286315789473663,0.44426575,holdout,race_blind
1154,12.286315789473663,0.45758015,holdout,race_blind
2524,12.286315789473663,0.44426575,holdout,race_blind
1013,12.286315789473663,0.45758015,holdout,race_blind
803,12.286315789473663,0.53186667,holdout,race_blind
566,12.286315789473663,0.53186667,holdout,race_blind
3204,12.286315789473663,0.5154925,holdout,race_blind
101,12.286315789473663,0.5231354,holdout,race_blind
3077,12.286315789473663,0.53186667,holdout,race_blind
4774,12.286315789473663,0.51524764,holdout,race_blind
2439,12.286315789473663,0.5034417,holdout,race_blind
902,12.286315789473663,0.45758015,holdout,race_blind
1935,12.286315789473663,0.44607633,holdout,race_blind
2181,12.286315789473663,0.5231354,holdout,race_blind
3141,12.286315789473663,0.44241798,holdout,race_blind
351,12.286315789473663,0.5231354,holdout,race_blind
2054,12.286315789473663,0.5231354,holdout,race_blind
5313,12.286315789473663,0.53186667,holdout,race_blind
5957,12.286315789473663,0.5154925,holdout,race_blind
1568,12.286315789473663,0.53186667,holdout,race_blind
3587,12.286315789473663,0.45758015,holdout,race_blind
2320,12.286315789473663,0.44426575,holdout,race_blind
3479,12.286315789473663,0.44426575,holdout,race_blind
5242,12.286315789473663,0.44426575,holdout,race_blind
1375,12.286315789473663,0.5231354,holdout,race_blind
4964,12.286315789473663,0.44426575,holdout,race_blind
782,12.286315789473663,0.53186667,holdout,race_blind
2029,12.286315789473663,0.47841763,holdout,race_blind
4491,12.286315789473663,0.45758015,holdout,race_blind
1391,12.286315789473663,0.44241798,holdout,race_blind
2487,12.286315789473663,0.5231354,holdout,race_blind
2086,12.286315789473663,0.44426575,holdout,race_blind
2826,12.286315789473663,0.5231354,holdout,race_blind
4411,12.286315789473663,0.5231354,holdout,race_blind
1965,12.286315789473663,0.5231354,holdout,race_blind
3091,12.286315789473663,0.51524764,holdout,race_blind
677,12.286315789473663,0.44426575,holdout,race_blind
1136,12.286315789473663,0.45758015,holdout,race_blind
426,12.286315789473663,0.44241798,holdout,race_blind
2846,12.286315789473663,0.4450611,holdout,race_blind
790,13.054210526315767,0.54265964,holdout,race_blind
1489,13.054210526315767,0.47140813,holdout,race_blind
4093,13.054210526315767,0.47140813,holdout,race_blind
5632,13.054210526315767,0.5342042,holdout,race_blind
1352,13.054210526315767,0.5232782,holdout,race_blind
4429,13.054210526315767,0.5334615,holdout,race_blind
5095,13.054210526315767,0.45023748,holdout,race_blind
4032,13.054210526315767,0.47140813,holdout,race_blind
4065,13.054210526315767,0.54265964,holdout,race_blind
4797,13.054210526315767,0.5342042,holdout,race_blind
6123,13.054210526315767,0.5334615,holdout,race_blind
3446,13.054210526315767,0.5342042,holdout,race_blind
4971,13.054210526315767,0.54265964,holdout,race_blind
4245,13.054210526315767,0.5334615,holdout,race_blind
3343,13.054210526315767,0.4541343,holdout,race_blind
5621,13.054210526315767,0.4752226,holdout,race_blind
3470,13.054210526315767,0.54265964,holdout,race_blind
1157,13.054210526315767,0.5342042,holdout,race_blind
3104,13.054210526315767,0.45023748,holdout,race_blind
4619,13.054210526315767,0.5232782,holdout,race_blind
2652,13.054210526315767,0.47140813,holdout,race_blind
2662,13.054210526315767,0.4541343,holdout,race_blind
612,13.054210526315767,0.45023748,holdout,race_blind
2761,13.054210526315767,0.44935596,holdout,race_blind
1900,13.054210526315767,0.4541343,holdout,race_blind
4463,13.054210526315767,0.5334615,holdout,race_blind
1893,13.054210526315767,0.4541343,holdout,race_blind
1296,13.054210526315767,0.5334615,holdout,race_blind
5574,13.054210526315767,0.47140813,holdout,race_blind
5177,13.054210526315767,0.44935596,holdout,race_blind
5195,13.054210526315767,0.5334615,holdout,race_blind
5769,13.054210526315767,0.5334615,holdout,race_blind
3033,13.054210526315767,0.4541343,holdout,race_blind
3665,13.054210526315767,0.45023748,holdout,race_blind
4729,13.054210526315767,0.5232782,holdout,race_blind
3341,13.054210526315767,0.5334615,holdout,race_blind
5904,13.054210526315767,0.5334615,holdout,race_blind
6127,13.054210526315767,0.54265964,holdout,race_blind
3636,13.054210526315767,0.45023748,holdout,race_blind
1151,13.054210526315767,0.5200284,holdout,race_blind
1731,13.054210526315767,0.5334615,holdout,race_blind
355,13.054210526315767,0.4541343,holdout,race_blind
1246,13.054210526315767,0.45023748,holdout,race_blind
1635,13.054210526315767,0.4541343,holdout,race_blind
4426,13.054210526315767,0.5334615,holdout,race_blind
994,13.054210526315767,0.54265964,holdout,race_blind
5939,13.054210526315767,0.5334615,holdout,race_blind
649,13.054210526315767,0.5334615,holdout,race_blind
3939,13.054210526315767,0.54265964,holdout,race_blind
1410,13.054210526315767,0.4541343,holdout,race_blind
5520,13.054210526315767,0.47140813,holdout,race_blind
4342,13.054210526315767,0.45023748,holdout,race_blind
4468,13.054210526315767,0.45023748,holdout,race_blind
1551,13.054210526315767,0.4541343,holdout,race_blind
3687,13.054210526315767,0.45023748,holdout,race_blind
5611,13.054210526315767,0.5232782,holdout,race_blind
4332,13.054210526315767,0.4541343,holdout,race_blind
5243,13.054210526315767,0.47140813,holdout,race_blind
3401,13.054210526315767,0.5342042,holdout,race_blind
214,13.054210526315767,0.5342042,holdout,race_blind
4927,13.054210526315767,0.45023748,holdout,race_blind
1154,13.054210526315767,0.47140813,holdout,race_blind
2524,13.054210526315767,0.45023748,holdout,race_blind
1013,13.054210526315767,0.47140813,holdout,race_blind
803,13.054210526315767,0.54265964,holdout,race_blind
566,13.054210526315767,0.54265964,holdout,race_blind
3204,13.054210526315767,0.5342042,holdout,race_blind
101,13.054210526315767,0.5334615,holdout,race_blind
3077,13.054210526315767,0.54265964,holdout,race_blind
4774,13.054210526315767,0.5257664,holdout,race_blind
2439,13.054210526315767,0.5200284,holdout,race_blind
902,13.054210526315767,0.47140813,holdout,race_blind
1935,13.054210526315767,0.44935596,holdout,race_blind
2181,13.054210526315767,0.5334615,holdout,race_blind
3141,13.054210526315767,0.4541343,holdout,race_blind
351,13.054210526315767,0.5334615,holdout,race_blind
2054,13.054210526315767,0.5334615,holdout,race_blind
5313,13.054210526315767,0.54265964,holdout,race_blind
5957,13.054210526315767,0.5342042,holdout,race_blind
1568,13.054210526315767,0.54265964,holdout,race_blind
3587,13.054210526315767,0.47140813,holdout,race_blind
2320,13.054210526315767,0.45023748,holdout,race_blind
3479,13.054210526315767,0.45023748,holdout,race_blind
5242,13.054210526315767,0.45023748,holdout,race_blind
1375,13.054210526315767,0.5334615,holdout,race_blind
4964,13.054210526315767,0.45023748,holdout,race_blind
782,13.054210526315767,0.54265964,holdout,race_blind
2029,13.054210526315767,0.4752226,holdout,race_blind
4491,13.054210526315767,0.47140813,holdout,race_blind
1391,13.054210526315767,0.4541343,holdout,race_blind
2487,13.054210526315767,0.5334615,holdout,race_blind
2086,13.054210526315767,0.45023748,holdout,race_blind
2826,13.054210526315767,0.5334615,holdout,race_blind
4411,13.054210526315767,0.5334615,holdout,race_blind
1965,13.054210526315767,0.5334615,holdout,race_blind
3091,13.054210526315767,0.5257664,holdout,race_blind
677,13.054210526315767,0.45023748,holdout,race_blind
1136,13.054210526315767,0.47140813,holdout,race_blind
426,13.054210526315767,0.4541343,holdout,race_blind
2846,13.054210526315767,0.4642954,holdout,race_blind
790,13.822105263157871,0.55493224,holdout,race_blind
1489,13.822105263157871,0.48429525,holdout,race_blind
4093,13.822105263157871,0.48429525,holdout,race_blind
5632,13.822105263157871,0.5350371,holdout,race_blind
1352,13.822105263157871,0.5281935,holdout,race_blind
4429,13.822105263157871,0.53962326,holdout,race_blind
5095,13.822105263157871,0.45303038,holdout,race_blind
4032,13.822105263157871,0.48429525,holdout,race_blind
4065,13.822105263157871,0.55493224,holdout,race_blind
4797,13.822105263157871,0.5350371,holdout,race_blind
6123,13.822105263157871,0.53962326,holdout,race_blind
3446,13.822105263157871,0.5350371,holdout,race_blind
4971,13.822105263157871,0.55493224,holdout,race_blind
4245,13.822105263157871,0.53962326,holdout,race_blind
3343,13.822105263157871,0.4634093,holdout,race_blind
5621,13.822105263157871,0.50589424,holdout,race_blind
3470,13.822105263157871,0.55493224,holdout,race_blind
1157,13.822105263157871,0.5350371,holdout,race_blind
3104,13.822105263157871,0.45303038,holdout,race_blind
4619,13.822105263157871,0.5281935,holdout,race_blind
2652,13.822105263157871,0.48429525,holdout,race_blind
2662,13.822105263157871,0.4634093,holdout,race_blind
612,13.822105263157871,0.45303038,holdout,race_blind
2761,13.822105263157871,0.4556793,holdout,race_blind
1900,13.822105263157871,0.4634093,holdout,race_blind
4463,13.822105263157871,0.53962326,holdout,race_blind
1893,13.822105263157871,0.4634093,holdout,race_blind
1296,13.822105263157871,0.53962326,holdout,race_blind
5574,13.822105263157871,0.48429525,holdout,race_blind
5177,13.822105263157871,0.4556793,holdout,race_blind
5195,13.822105263157871,0.53962326,holdout,race_blind
5769,13.822105263157871,0.53962326,holdout,race_blind
3033,13.822105263157871,0.4634093,holdout,race_blind
3665,13.822105263157871,0.45303038,holdout,race_blind
4729,13.822105263157871,0.5281935,holdout,race_blind
3341,13.822105263157871,0.53962326,holdout,race_blind
5904,13.822105263157871,0.53962326,holdout,race_blind
6127,13.822105263157871,0.55493224,holdout,race_blind
3636,13.822105263157871,0.45303038,holdout,race_blind
1151,13.822105263157871,0.5160781,holdout,race_blind
1731,13.822105263157871,0.53962326,holdout,race_blind
355,13.822105263157871,0.4634093,holdout,race_blind
1246,13.822105263157871,0.45303038,holdout,race_blind
1635,13.822105263157871,0.4634093,holdout,race_blind
4426,13.822105263157871,0.53962326,holdout,race_blind
994,13.822105263157871,0.55493224,holdout,race_blind
5939,13.822105263157871,0.53962326,holdout,race_blind
649,13.822105263157871,0.53962326,holdout,race_blind
3939,13.822105263157871,0.55493224,holdout,race_blind
1410,13.822105263157871,0.4634093,holdout,race_blind
5520,13.822105263157871,0.48429525,holdout,race_blind
4342,13.822105263157871,0.45303038,holdout,race_blind
4468,13.822105263157871,0.45303038,holdout,race_blind
1551,13.822105263157871,0.4634093,holdout,race_blind
3687,13.822105263157871,0.45303038,holdout,race_blind
5611,13.822105263157871,0.5281935,holdout,race_blind
4332,13.822105263157871,0.4634093,holdout,race_blind
5243,13.822105263157871,0.48429525,holdout,race_blind
3401,13.822105263157871,0.5350371,holdout,race_blind
214,13.822105263157871,0.5350371,holdout,race_blind
4927,13.822105263157871,0.45303038,holdout,race_blind
1154,13.822105263157871,0.48429525,holdout,race_blind
2524,13.822105263157871,0.45303038,holdout,race_blind
1013,13.822105263157871,0.48429525,holdout,race_blind
803,13.822105263157871,0.55493224,holdout,race_blind
566,13.822105263157871,0.55493224,holdout,race_blind
3204,13.822105263157871,0.5350371,holdout,race_blind
101,13.822105263157871,0.53962326,holdout,race_blind
3077,13.822105263157871,0.55493224,holdout,race_blind
4774,13.822105263157871,0.53930306,holdout,race_blind
2439,13.822105263157871,0.5160781,holdout,race_blind
902,13.822105263157871,0.48429525,holdout,race_blind
1935,13.822105263157871,0.4556793,holdout,race_blind
2181,13.822105263157871,0.53962326,holdout,race_blind
3141,13.822105263157871,0.4634093,holdout,race_blind
351,13.822105263157871,0.53962326,holdout,race_blind
2054,13.822105263157871,0.53962326,holdout,race_blind
5313,13.822105263157871,0.55493224,holdout,race_blind
5957,13.822105263157871,0.5350371,holdout,race_blind
1568,13.822105263157871,0.55493224,holdout,race_blind
3587,13.822105263157871,0.48429525,holdout,race_blind
2320,13.822105263157871,0.45303038,holdout,race_blind
3479,13.822105263157871,0.45303038,holdout,race_blind
5242,13.822105263157871,0.45303038,holdout,race_blind
1375,13.822105263157871,0.53962326,holdout,race_blind
4964,13.822105263157871,0.45303038,holdout,race_blind
782,13.822105263157871,0.55493224,holdout,race_blind
2029,13.822105263157871,0.50589424,holdout,race_blind
4491,13.822105263157871,0.48429525,holdout,race_blind
1391,13.822105263157871,0.4634093,holdout,race_blind
2487,13.822105263157871,0.53962326,holdout,race_blind
2086,13.822105263157871,0.45303038,holdout,race_blind
2826,13.822105263157871,0.53962326,holdout,race_blind
4411,13.822105263157871,0.53962326,holdout,race_blind
1965,13.822105263157871,0.53962326,holdout,race_blind
3091,13.822105263157871,0.53930306,holdout,race_blind
677,13.822105263157871,0.45303038,holdout,race_blind
1136,13.822105263157871,0.48429525,holdout,race_blind
426,13.822105263157871,0.4634093,holdout,race_blind
2846,13.822105263157871,0.47218192,holdout,race_blind
790,14.589999999999975,0.5585711,holdout,race_blind
1489,14.589999999999975,0.49162155,holdout,race_blind
4093,14.589999999999975,0.49162155,holdout,race_blind
5632,14.589999999999975,0.54862523,holdout,race_blind
1352,14.589999999999975,0.5326678,holdout,race_blind
4429,14.589999999999975,0.55729866,holdout,race_blind
5095,14.589999999999975,0.45710227,holdout,race_blind
4032,14.589999999999975,0.49162155,holdout,race_blind
4065,14.589999999999975,0.5585711,holdout,race_blind
4797,14.589999999999975,0.54862523,holdout,race_blind
6123,14.589999999999975,0.55729866,holdout,race_blind
3446,14.589999999999975,0.54862523,holdout,race_blind
4971,14.589999999999975,0.5585711,holdout,race_blind
4245,14.589999999999975,0.55729866,holdout,race_blind
3343,14.589999999999975,0.47194844,holdout,race_blind
5621,14.589999999999975,0.5223917,holdout,race_blind
3470,14.589999999999975,0.5585711,holdout,race_blind
1157,14.589999999999975,0.54862523,holdout,race_blind
3104,14.589999999999975,0.45710227,holdout,race_blind
4619,14.589999999999975,0.5326678,holdout,race_blind
2652,14.589999999999975,0.49162155,holdout,race_blind
2662,14.589999999999975,0.47194844,holdout,race_blind
612,14.589999999999975,0.45710227,holdout,race_blind
2761,14.589999999999975,0.46214747,holdout,race_blind
1900,14.589999999999975,0.47194844,holdout,race_blind
4463,14.589999999999975,0.55729866,holdout,race_blind
1893,14.589999999999975,0.47194844,holdout,race_blind
1296,14.589999999999975,0.55729866,holdout,race_blind
5574,14.589999999999975,0.49162155,holdout,race_blind
5177,14.589999999999975,0.46214747,holdout,race_blind
5195,14.589999999999975,0.55729866,holdout,race_blind
5769,14.589999999999975,0.55729866,holdout,race_blind
3033,14.589999999999975,0.47194844,holdout,race_blind
3665,14.589999999999975,0.45710227,holdout,race_blind
4729,14.589999999999975,0.5326678,holdout,race_blind
3341,14.589999999999975,0.55729866,holdout,race_blind
5904,14.589999999999975,0.55729866,holdout,race_blind
6127,14.589999999999975,0.5585711,holdout,race_blind
3636,14.589999999999975,0.45710227,holdout,race_blind
1151,14.589999999999975,0.5263438,holdout,race_blind
1731,14.589999999999975,0.55729866,holdout,race_blind
355,14.589999999999975,0.47194844,holdout,race_blind
1246,14.589999999999975,0.45710227,holdout,race_blind
1635,14.589999999999975,0.47194844,holdout,race_blind
4426,14.589999999999975,0.55729866,holdout,race_blind
994,14.589999999999975,0.5585711,holdout,race_blind
5939,14.589999999999975,0.55729866,holdout,race_blind
649,14.589999999999975,0.55729866,holdout,race_blind
3939,14.589999999999975,0.5585711,holdout,race_blind
1410,14.589999999999975,0.47194844,holdout,race_blind
5520,14.589999999999975,0.49162155,holdout,race_blind
4342,14.589999999999975,0.45710227,holdout,race_blind
4468,14.589999999999975,0.45710227,holdout,race_blind
1551,14.589999999999975,0.47194844,holdout,race_blind
3687,14.589999999999975,0.45710227,holdout,race_blind
5611,14.589999999999975,0.5326678,holdout,race_blind
4332,14.589999999999975,0.47194844,holdout,race_blind
5243,14.589999999999975,0.49162155,holdout,race_blind
3401,14.589999999999975,0.54862523,holdout,race_blind
214,14.589999999999975,0.54862523,holdout,race_blind
4927,14.589999999999975,0.45710227,holdout,race_blind
1154,14.589999999999975,0.49162155,holdout,race_blind
2524,14.589999999999975,0.45710227,holdout,race_blind
1013,14.589999999999975,0.49162155,holdout,race_blind
803,14.589999999999975,0.5585711,holdout,race_blind
566,14.589999999999975,0.5585711,holdout,race_blind
3204,14.589999999999975,0.54862523,holdout,race_blind
101,14.589999999999975,0.55729866,holdout,race_blind
3077,14.589999999999975,0.5585711,holdout,race_blind
4774,14.589999999999975,0.5481103,holdout,race_blind
2439,14.589999999999975,0.5263438,holdout,race_blind
902,14.589999999999975,0.49162155,holdout,race_blind
1935,14.589999999999975,0.46214747,holdout,race_blind
2181,14.589999999999975,0.55729866,holdout,race_blind
3141,14.589999999999975,0.47194844,holdout,race_blind
351,14.589999999999975,0.55729866,holdout,race_blind
2054,14.589999999999975,0.55729866,holdout,race_blind
5313,14.589999999999975,0.5585711,holdout,race_blind
5957,14.589999999999975,0.54862523,holdout,race_blind
1568,14.589999999999975,0.5585711,holdout,race_blind
3587,14.589999999999975,0.49162155,holdout,race_blind
2320,14.589999999999975,0.45710227,holdout,race_blind
3479,14.589999999999975,0.45710227,holdout,race_blind
5242,14.589999999999975,0.45710227,holdout,race_blind
1375,14.589999999999975,0.55729866,holdout,race_blind
4964,14.589999999999975,0.45710227,holdout,race_blind
782,14.589999999999975,0.5585711,holdout,race_blind
2029,14.589999999999975,0.5223917,holdout,race_blind
4491,14.589999999999975,0.49162155,holdout,race_blind
1391,14.589999999999975,0.47194844,holdout,race_blind
2487,14.589999999999975,0.55729866,holdout,race_blind
2086,14.589999999999975,0.45710227,holdout,race_blind
2826,14.589999999999975,0.55729866,holdout,race_blind
4411,14.589999999999975,0.55729866,holdout,race_blind
1965,14.589999999999975,0.55729866,holdout,race_blind
3091,14.589999999999975,0.5481103,holdout,race_blind
677,14.589999999999975,0.45710227,holdout,race_blind
1136,14.589999999999975,0.49162155,holdout,race_blind
426,14.589999999999975,0.47194844,holdout,race_blind
2846,14.589999999999975,0.48802942,holdout,race_blind
