run,feature_set,model,operating_point,threshold,attribute,group,count,base_rate,selection_rate,accuracy,tpr,fpr,fnr,ppv
X1+X2_to_X3,age_blind,TabPFN,0.5,0.5,race,African-American,636.0,0.5235849056603774,0.4827044025157233,0.6194968553459119,0.5975975975975976,0.3564356435643564,0.4024024024024024,0.6482084690553745
X1+X2_to_X3,age_blind,TabPFN,0.5,0.5,race,Asian,6.0,0.16666666666666666,0.0,0.8333333333333334,0.0,0.0,1.0,
X1+X2_to_X3,age_blind,TabPFN,0.5,0.5,race,Caucasian,420.0,0.3904761904761905,0.25,0.6309523809523809,0.3475609756097561,0.1875,0.6524390243902439,0.5428571428571428
X1+X2_to_X3,age_blind,TabPFN,0.5,0.5,race,Hispanic,103.0,0.3786407766990291,0.18446601941747573,0.6893203883495146,0.3333333333333333,0.09375,0.6666666666666666,0.6842105263157895
X1+X2_to_X3,age_blind,TabPFN,0.5,0.5,race,Native American,1.0,0.0,0.0,1.0,,0.0,,
X1+X2_to_X3,age_blind,TabPFN,0.5,0.5,race,Other,69.0,0.37681159420289856,0.2318840579710145,0.7681159420289855,0.5,0.06976744186046512,0.5,0.8125
X1+X2_to_X3,age_blind,TabPFN,0.5,0.5,sex,Female,234.0,0.3547008547008547,0.21367521367521367,0.6367521367521367,0.2891566265060241,0.17218543046357615,0.7108433734939759,0.48
X1+X2_to_X3,age_blind,TabPFN,0.5,0.5,sex,Male,1001.0,0.47952047952047955,0.3966033966033966,0.6393606393606394,0.5375,0.2667946257197697,0.4625,0.6498740554156172
X1+X2_to_X3,age_blind,TabPFN,break_even,0.2523364485981308,race,African-American,636.0,0.5235849056603774,0.9669811320754716,0.5345911949685535,0.978978978978979,0.9537953795379538,0.021021021021021023,0.5300813008130081
X1+X2_to_X3,age_blind,TabPFN,break_even,0.2523364485981308,race,Asian,6.0,0.16666666666666666,0.6666666666666666,0.5,1.0,0.6,0.0,0.25
X1+X2_to_X3,age_blind,TabPFN,break_even,0.2523364485981308,race,Caucasian,420.0,0.3904761904761905,0.7547619047619047,0.5166666666666667,0.8475609756097561,0.6953125,0.1524390243902439,0.4384858044164038
X1+X2_to_X3,age_blind,TabPFN,break_even,0.2523364485981308,race,Hispanic,103.0,0.3786407766990291,0.7669902912621359,0.49514563106796117,0.8461538461538461,0.71875,0.15384615384615385,0.4177215189873418
X1+X2_to_X3,age_blind,TabPFN,break_even,0.2523364485981308,race,Native American,1.0,0.0,1.0,0.0,,1.0,,0.0
X1+X2_to_X3,age_blind,TabPFN,break_even,0.2523364485981308,race,Other,69.0,0.37681159420289856,0.782608695652174,0.5942028985507246,1.0,0.6511627906976745,0.0,0.48148148148148145
X1+X2_to_X3,age_blind,TabPFN,break_even,0.2523364485981308,sex,Female,234.0,0.3547008547008547,0.6709401709401709,0.5042735042735043,0.7469879518072289,0.6291390728476821,0.25301204819277107,0.39490445859872614
X1+X2_to_X3,age_blind,TabPFN,break_even,0.2523364485981308,sex,Male,1001.0,0.47952047952047955,0.9120879120879121,0.5334665334665335,0.9645833333333333,0.8637236084452975,0.035416666666666666,0.5071193866374589
X1+X2_to_X3,age_blind,COMPAS tool,tool,,race,African-American,636.0,0.5235849056603774,0.60062893081761,0.6745283018867925,0.7627627627627628,0.42244224422442245,0.23723723723723725,0.6649214659685864
X1+X2_to_X3,age_blind,COMPAS tool,tool,,race,Asian,6.0,0.16666666666666666,0.0,0.8333333333333334,0.0,0.0,1.0,
X1+X2_to_X3,age_blind,COMPAS tool,tool,,race,Caucasian,420.0,0.3904761904761905,0.35714285714285715,0.6428571428571429,0.5,0.265625,0.5,0.5466666666666666
X1+X2_to_X3,age_blind,COMPAS tool,tool,,race,Hispanic,103.0,0.3786407766990291,0.2912621359223301,0.6601941747572816,0.4358974358974359,0.203125,0.5641025641025641,0.5666666666666667
X1+X2_to_X3,age_blind,COMPAS tool,tool,,race,Native American,1.0,0.0,0.0,1.0,,0.0,,
X1+X2_to_X3,age_blind,COMPAS tool,tool,,race,Other,69.0,0.37681159420289856,0.2028985507246377,0.7391304347826086,0.4230769230769231,0.06976744186046512,0.5769230769230769,0.7857142857142857
X1+X2_to_X3,age_blind,COMPAS tool,tool,,sex,Female,234.0,0.3547008547008547,0.44871794871794873,0.6837606837606838,0.6867469879518072,0.31788079470198677,0.3132530120481928,0.5428571428571428
X1+X2_to_X3,age_blind,COMPAS tool,tool,,sex,Male,1001.0,0.47952047952047955,0.47052947052947053,0.6633366633366633,0.6395833333333333,0.31477927063339733,0.36041666666666666,0.6518046709129511
X1+X2_to_X3,protected_blind,TabPFN,0.5,0.5,race,African-American,636.0,0.5235849056603774,0.4166666666666667,0.6163522012578616,0.5315315315315315,0.29042904290429045,0.46846846846846846,0.6679245283018868
X1+X2_to_X3,protected_blind,TabPFN,0.5,0.5,race,Asian,6.0,0.16666666666666666,0.0,0.8333333333333334,0.0,0.0,1.0,
X1+X2_to_X3,protected_blind,TabPFN,0.5,0.5,race,Caucasian,420.0,0.3904761904761905,0.2619047619047619,0.6238095238095238,0.35365853658536583,0.203125,0.6463414634146342,0.5272727272727272
X1+X2_to_X3,protected_blind,TabPFN,0.5,0.5,race,Hispanic,103.0,0.3786407766990291,0.18446601941747573,0.6893203883495146,0.3333333333333333,0.09375,0.6666666666666666,0.6842105263157895
X1+X2_to_X3,protected_blind,TabPFN,0.5,0.5,race,Native American,1.0,0.0,0.0,1.0,,0.0,,
X1+X2_to_X3,protected_blind,TabPFN,0.5,0.5,race,Other,69.0,0.37681159420289856,0.2318840579710145,0.7681159420289855,0.5,0.06976744186046512,0.5,0.8125
X1+X2_to_X3,protected_blind,TabPFN,0.5,0.5,sex,Female,234.0,0.3547008547008547,0.23931623931623933,0.6196581196581197,0.30120481927710846,0.2052980132450331,0.6987951807228916,0.44642857142857145
X1+X2_to_X3,protected_blind,TabPFN,0.5,0.5,sex,Male,1001.0,0.47952047952047955,0.35364635364635366,0.6383616383616384,0.49166666666666664,0.22648752399232247,0.5083333333333333,0.6666666666666666
X1+X2_to_X3,protected_blind,TabPFN,break_even,0.2523364485981308,race,African-American,636.0,0.5235849056603774,0.8789308176100629,0.5628930817610063,0.9219219219219219,0.8316831683168316,0.07807807807807808,0.5491949910554562
X1+X2_to_X3,protected_blind,TabPFN,break_even,0.2523364485981308,race,Asian,6.0,0.16666666666666666,0.6666666666666666,0.5,1.0,0.6,0.0,0.25
X1+X2_to_X3,protected_blind,TabPFN,break_even,0.2523364485981308,race,Caucasian,420.0,0.3904761904761905,0.7928571428571428,0.5071428571428571,0.8841463414634146,0.734375,0.11585365853658537,0.43543543543543545
X1+X2_to_X3,protected_blind,TabPFN,break_even,0.2523364485981308,race,Hispanic,103.0,0.3786407766990291,0.7766990291262136,0.4854368932038835,0.8461538461538461,0.734375,0.15384615384615385,0.4125
X1+X2_to_X3,protected_blind,TabPFN,break_even,0.2523364485981308,race,Native American,1.0,0.0,1.0,0.0,,1.0,,0.0
X1+X2_to_X3,protected_blind,TabPFN,break_even,0.2523364485981308,race,Other,69.0,0.37681159420289856,0.855072463768116,0.5217391304347826,1.0,0.7674418604651163,0.0,0.4406779661016949
X1+X2_to_X3,protected_blind,TabPFN,break_even,0.2523364485981308,sex,Female,234.0,0.3547008547008547,0.7649572649572649,0.46153846153846156,0.8192771084337349,0.7350993377483444,0.18072289156626506,0.37988826815642457
X1+X2_to_X3,protected_blind,TabPFN,break_even,0.2523364485981308,sex,Male,1001.0,0.47952047952047955,0.8561438561438561,0.5514485514485514,0.925,0.7927063339731286,0.075,0.5180863477246208
X1+X2_to_X3,protected_blind,COMPAS tool,tool,,race,African-American,636.0,0.5235849056603774,0.60062893081761,0.6745283018867925,0.7627627627627628,0.42244224422442245,0.23723723723723725,0.6649214659685864
X1+X2_to_X3,protected_blind,COMPAS tool,tool,,race,Asian,6.0,0.16666666666666666,0.0,0.8333333333333334,0.0,0.0,1.0,
X1+X2_to_X3,protected_blind,COMPAS tool,tool,,race,Caucasian,420.0,0.3904761904761905,0.35714285714285715,0.6428571428571429,0.5,0.265625,0.5,0.5466666666666666
X1+X2_to_X3,protected_blind,COMPAS tool,tool,,race,Hispanic,103.0,0.3786407766990291,0.2912621359223301,0.6601941747572816,0.4358974358974359,0.203125,0.5641025641025641,0.5666666666666667
X1+X2_to_X3,protected_blind,COMPAS tool,tool,,race,Native American,1.0,0.0,0.0,1.0,,0.0,,
X1+X2_to_X3,protected_blind,COMPAS tool,tool,,race,Other,69.0,0.37681159420289856,0.2028985507246377,0.7391304347826086,0.4230769230769231,0.06976744186046512,0.5769230769230769,0.7857142857142857
X1+X2_to_X3,protected_blind,COMPAS tool,tool,,sex,Female,234.0,0.3547008547008547,0.44871794871794873,0.6837606837606838,0.6867469879518072,0.31788079470198677,0.3132530120481928,0.5428571428571428
X1+X2_to_X3,protected_blind,COMPAS tool,tool,,sex,Male,1001.0,0.47952047952047955,0.47052947052947053,0.6633366633366633,0.6395833333333333,0.31477927063339733,0.36041666666666666,0.6518046709129511
X1+X2_to_X3,race_aware,TabPFN,0.5,0.5,race,African-American,636.0,0.5235849056603774,0.5031446540880503,0.6619496855345912,0.6576576576576577,0.3333333333333333,0.34234234234234234,0.684375
X1+X2_to_X3,race_aware,TabPFN,0.5,0.5,race,Asian,6.0,0.16666666666666666,0.0,0.8333333333333334,0.0,0.0,1.0,
X1+X2_to_X3,race_aware,TabPFN,0.5,0.5,race,Caucasian,420.0,0.3904761904761905,0.2904761904761905,0.6333333333333333,0.4024390243902439,0.21875,0.5975609756097561,0.5409836065573771
X1+X2_to_X3,race_aware,TabPFN,0.5,0.5,race,Hispanic,103.0,0.3786407766990291,0.27184466019417475,0.7378640776699029,0.5128205128205128,0.125,0.48717948717948717,0.7142857142857143
X1+X2_to_X3,race_aware,TabPFN,0.5,0.5,race,Native American,1.0,0.0,0.0,1.0,,0.0,,
X1+X2_to_X3,race_aware,TabPFN,0.5,0.5,race,Other,69.0,0.37681159420289856,0.3188405797101449,0.7391304347826086,0.5769230769230769,0.16279069767441862,0.4230769230769231,0.6818181818181818
X1+X2_to_X3,race_aware,TabPFN,0.5,0.5,sex,Female,234.0,0.3547008547008547,0.23504273504273504,0.6410256410256411,0.3253012048192771,0.18543046357615894,0.6746987951807228,0.4909090909090909
X1+X2_to_X3,race_aware,TabPFN,0.5,0.5,sex,Male,1001.0,0.47952047952047955,0.43656343656343655,0.6693306693306693,0.6104166666666667,0.2763915547024952,0.38958333333333334,0.6704805491990846
X1+X2_to_X3,race_aware,TabPFN,break_even,0.2523364485981308,race,African-American,636.0,0.5235849056603774,0.9119496855345912,0.5644654088050315,0.954954954954955,0.8646864686468647,0.04504504504504504,0.5482758620689655
X1+X2_to_X3,race_aware,TabPFN,break_even,0.2523364485981308,race,Asian,6.0,0.16666666666666666,0.5,0.6666666666666666,1.0,0.4,0.0,0.3333333333333333
X1+X2_to_X3,race_aware,TabPFN,break_even,0.2523364485981308,race,Caucasian,420.0,0.3904761904761905,0.6738095238095239,0.5642857142857143,0.8048780487804879,0.58984375,0.1951219512195122,0.4664310954063604
X1+X2_to_X3,race_aware,TabPFN,break_even,0.2523364485981308,race,Hispanic,103.0,0.3786407766990291,0.7281553398058253,0.5339805825242718,0.8461538461538461,0.65625,0.15384615384615385,0.44
X1+X2_to_X3,race_aware,TabPFN,break_even,0.2523364485981308,race,Native American,1.0,0.0,1.0,0.0,,1.0,,0.0
X1+X2_to_X3,race_aware,TabPFN,break_even,0.2523364485981308,race,Other,69.0,0.37681159420289856,0.5942028985507246,0.6666666666666666,0.8461538461538461,0.4418604651162791,0.15384615384615385,0.5365853658536586
X1+X2_to_X3,race_aware,TabPFN,break_even,0.2523364485981308,sex,Female,234.0,0.3547008547008547,0.6282051282051282,0.5299145299145299,0.7228915662650602,0.5761589403973509,0.27710843373493976,0.40816326530612246
X1+X2_to_X3,race_aware,TabPFN,break_even,0.2523364485981308,sex,Male,1001.0,0.47952047952047955,0.8351648351648352,0.5764235764235764,0.9291666666666667,0.7485604606525912,0.07083333333333333,0.5334928229665071
X1+X2_to_X3,race_aware,COMPAS tool,tool,,race,African-American,636.0,0.5235849056603774,0.60062893081761,0.6745283018867925,0.7627627627627628,0.42244224422442245,0.23723723723723725,0.6649214659685864
X1+X2_to_X3,race_aware,COMPAS tool,tool,,race,Asian,6.0,0.16666666666666666,0.0,0.8333333333333334,0.0,0.0,1.0,
X1+X2_to_X3,race_aware,COMPAS tool,tool,,race,Caucasian,420.0,0.3904761904761905,0.35714285714285715,0.6428571428571429,0.5,0.265625,0.5,0.5466666666666666
X1+X2_to_X3,race_aware,COMPAS tool,tool,,race,Hispanic,103.0,0.3786407766990291,0.2912621359223301,0.6601941747572816,0.4358974358974359,0.203125,0.5641025641025641,0.5666666666666667
X1+X2_to_X3,race_aware,COMPAS tool,tool,,race,Native American,1.0,0.0,0.0,1.0,,0.0,,
X1+X2_to_X3,race_aware,COMPAS tool,tool,,race,Other,69.0,0.37681159420289856,0.2028985507246377,0.7391304347826086,0.4230769230769231,0.06976744186046512,0.5769230769230769,0.7857142857142857
X1+X2_to_X3,race_aware,COMPAS tool,tool,,sex,Female,234.0,0.3547008547008547,0.44871794871794873,0.6837606837606838,0.6867469879518072,0.31788079470198677,0.3132530120481928,0.5428571428571428
X1+X2_to_X3,race_aware,COMPAS tool,tool,,sex,Male,1001.0,0.47952047952047955,0.47052947052947053,0.6633366633366633,0.6395833333333333,0.31477927063339733,0.36041666666666666,0.6518046709129511
X1+X2_to_X3,race_blind,TabPFN,0.5,0.5,race,African-American,636.0,0.5235849056603774,0.4889937106918239,0.6635220125786163,0.6456456456456456,0.31683168316831684,0.35435435435435436,0.6913183279742765
X1+X2_to_X3,race_blind,TabPFN,0.5,0.5,race,Asian,6.0,0.16666666666666666,0.0,0.8333333333333334,0.0,0.0,1.0,
X1+X2_to_X3,race_blind,TabPFN,0.5,0.5,race,Caucasian,420.0,0.3904761904761905,0.2714285714285714,0.638095238095238,0.38414634146341464,0.19921875,0.6158536585365854,0.5526315789473685
X1+X2_to_X3,race_blind,TabPFN,0.5,0.5,race,Hispanic,103.0,0.3786407766990291,0.27184466019417475,0.7378640776699029,0.5128205128205128,0.125,0.48717948717948717,0.7142857142857143
X1+X2_to_X3,race_blind,TabPFN,0.5,0.5,race,Native American,1.0,0.0,0.0,1.0,,0.0,,
X1+X2_to_X3,race_blind,TabPFN,0.5,0.5,race,Other,69.0,0.37681159420289856,0.2753623188405797,0.7536231884057971,0.5384615384615384,0.11627906976744186,0.46153846153846156,0.7368421052631579
X1+X2_to_X3,race_blind,TabPFN,0.5,0.5,sex,Female,234.0,0.3547008547008547,0.23504273504273504,0.6410256410256411,0.3253012048192771,0.18543046357615894,0.6746987951807228,0.4909090909090909
X1+X2_to_X3,race_blind,TabPFN,0.5,0.5,sex,Male,1001.0,0.47952047952047955,0.4165834165834166,0.6733266733266733,0.59375,0.2533589251439539,0.40625,0.6834532374100719
X1+X2_to_X3,race_blind,TabPFN,break_even,0.2523364485981308,race,African-American,636.0,0.5235849056603774,0.8616352201257862,0.5833333333333334,0.924924924924925,0.7920792079207921,0.07507507507507508,0.5620437956204379
X1+X2_to_X3,race_blind,TabPFN,break_even,0.2523364485981308,race,Asian,6.0,0.16666666666666666,0.5,0.6666666666666666,1.0,0.4,0.0,0.3333333333333333
X1+X2_to_X3,race_blind,TabPFN,break_even,0.2523364485981308,race,Caucasian,420.0,0.3904761904761905,0.6761904761904762,0.5714285714285714,0.8170731707317073,0.5859375,0.18292682926829268,0.47183098591549294
X1+X2_to_X3,race_blind,TabPFN,break_even,0.2523364485981308,race,Hispanic,103.0,0.3786407766990291,0.7378640776699029,0.5436893203883495,0.8717948717948718,0.65625,0.1282051282051282,0.4473684210526316
X1+X2_to_X3,race_blind,TabPFN,break_even,0.2523364485981308,race,Native American,1.0,0.0,1.0,0.0,,1.0,,0.0
X1+X2_to_X3,race_blind,TabPFN,break_even,0.2523364485981308,race,Other,69.0,0.37681159420289856,0.6956521739130435,0.6521739130434783,0.9615384615384616,0.5348837209302325,0.038461538461538464,0.5208333333333334
X1+X2_to_X3,race_blind,TabPFN,break_even,0.2523364485981308,sex,Female,234.0,0.3547008547008547,0.6410256410256411,0.5427350427350427,0.7590361445783133,0.5761589403973509,0.24096385542168675,0.42
X1+X2_to_X3,race_blind,TabPFN,break_even,0.2523364485981308,sex,Male,1001.0,0.47952047952047955,0.8091908091908092,0.5884115884115884,0.9145833333333333,0.7120921305182342,0.08541666666666667,0.5419753086419753
X1+X2_to_X3,race_blind,COMPAS tool,tool,,race,African-American,636.0,0.5235849056603774,0.60062893081761,0.6745283018867925,0.7627627627627628,0.42244224422442245,0.23723723723723725,0.6649214659685864
X1+X2_to_X3,race_blind,COMPAS tool,tool,,race,Asian,6.0,0.16666666666666666,0.0,0.8333333333333334,0.0,0.0,1.0,
X1+X2_to_X3,race_blind,COMPAS tool,tool,,race,Caucasian,420.0,0.3904761904761905,0.35714285714285715,0.6428571428571429,0.5,0.265625,0.5,0.5466666666666666
X1+X2_to_X3,race_blind,COMPAS tool,tool,,race,Hispanic,103.0,0.3786407766990291,0.2912621359223301,0.6601941747572816,0.4358974358974359,0.203125,0.5641025641025641,0.5666666666666667
X1+X2_to_X3,race_blind,COMPAS tool,tool,,race,Native American,1.0,0.0,0.0,1.0,,0.0,,
X1+X2_to_X3,race_blind,COMPAS tool,tool,,race,Other,69.0,0.37681159420289856,0.2028985507246377,0.7391304347826086,0.4230769230769231,0.06976744186046512,0.5769230769230769,0.7857142857142857
X1+X2_to_X3,race_blind,COMPAS tool,tool,,sex,Female,234.0,0.3547008547008547,0.44871794871794873,0.6837606837606838,0.6867469879518072,0.31788079470198677,0.3132530120481928,0.5428571428571428
X1+X2_to_X3,race_blind,COMPAS tool,tool,,sex,Male,1001.0,0.47952047952047955,0.47052947052947053,0.6633366633366633,0.6395833333333333,0.31477927063339733,0.36041666666666666,0.6518046709129511
X1+X2_to_X3,race_priors_blind,TabPFN,0.5,0.5,race,African-American,636.0,0.5235849056603774,0.5220125786163522,0.5833333333333334,0.6006006006006006,0.43564356435643564,0.3993993993993994,0.6024096385542169
X1+X2_to_X3,race_priors_blind,TabPFN,0.5,0.5,race,Asian,6.0,0.16666666666666666,0.3333333333333333,0.8333333333333334,1.0,0.2,0.0,0.5
X1+X2_to_X3,race_priors_blind,TabPFN,0.5,0.5,race,Caucasian,420.0,0.3904761904761905,0.38333333333333336,0.6071428571428571,0.4878048780487805,0.31640625,0.5121951219512195,0.4968944099378882
X1+X2_to_X3,race_priors_blind,TabPFN,0.5,0.5,race,Hispanic,103.0,0.3786407766990291,0.44660194174757284,0.6019417475728155,0.5641025641025641,0.375,0.4358974358974359,0.4782608695652174
X1+X2_to_X3,race_priors_blind,TabPFN,0.5,0.5,race,Native American,1.0,0.0,1.0,0.0,,1.0,,0.0
X1+X2_to_X3,race_priors_blind,TabPFN,0.5,0.5,race,Other,69.0,0.37681159420289856,0.43478260869565216,0.6521739130434783,0.6153846153846154,0.32558139534883723,0.38461538461538464,0.5333333333333333
X1+X2_to_X3,race_priors_blind,TabPFN,0.5,0.5,sex,Female,234.0,0.3547008547008547,0.0,0.6452991452991453,0.0,0.0,1.0,
X1+X2_to_X3,race_priors_blind,TabPFN,0.5,0.5,sex,Male,1001.0,0.47952047952047955,0.5714285714285714,0.5864135864135864,0.6645833333333333,0.4856046065259117,0.33541666666666664,0.5576923076923077
X1+X2_to_X3,race_priors_blind,TabPFN,break_even,0.2523364485981308,race,African-American,636.0,0.5235849056603774,0.9937106918238994,0.5267295597484277,0.996996996996997,0.9900990099009901,0.003003003003003003,0.5253164556962026
X1+X2_to_X3,race_priors_blind,TabPFN,break_even,0.2523364485981308,race,Asian,6.0,0.16666666666666666,1.0,0.16666666666666666,1.0,1.0,0.0,0.16666666666666666
X1+X2_to_X3,race_priors_blind,TabPFN,break_even,0.2523364485981308,race,Caucasian,420.0,0.3904761904761905,0.9571428571428572,0.4095238095238095,0.9695121951219512,0.94921875,0.03048780487804878,0.39552238805970147
X1+X2_to_X3,race_priors_blind,TabPFN,break_even,0.2523364485981308,race,Hispanic,103.0,0.3786407766990291,0.9805825242718447,0.39805825242718446,1.0,0.96875,0.0,0.38613861386138615
X1+X2_to_X3,race_priors_blind,TabPFN,break_even,0.2523364485981308,race,Native American,1.0,0.0,1.0,0.0,,1.0,,0.0
X1+X2_to_X3,race_priors_blind,TabPFN,break_even,0.2523364485981308,race,Other,69.0,0.37681159420289856,1.0,0.37681159420289856,1.0,1.0,0.0,0.37681159420289856
X1+X2_to_X3,race_priors_blind,TabPFN,break_even,0.2523364485981308,sex,Female,234.0,0.3547008547008547,0.8974358974358975,0.405982905982906,0.927710843373494,0.8807947019867549,0.07228915662650602,0.36666666666666664
X1+X2_to_X3,race_priors_blind,TabPFN,break_even,0.2523364485981308,sex,Male,1001.0,0.47952047952047955,1.0,0.47952047952047955,1.0,1.0,0.0,0.47952047952047955
X1+X2_to_X3,race_priors_blind,COMPAS tool,tool,,race,African-American,636.0,0.5235849056603774,0.60062893081761,0.6745283018867925,0.7627627627627628,0.42244224422442245,0.23723723723723725,0.6649214659685864
X1+X2_to_X3,race_priors_blind,COMPAS tool,tool,,race,Asian,6.0,0.16666666666666666,0.0,0.8333333333333334,0.0,0.0,1.0,
X1+X2_to_X3,race_priors_blind,COMPAS tool,tool,,race,Caucasian,420.0,0.3904761904761905,0.35714285714285715,0.6428571428571429,0.5,0.265625,0.5,0.5466666666666666
X1+X2_to_X3,race_priors_blind,COMPAS tool,tool,,race,Hispanic,103.0,0.3786407766990291,0.2912621359223301,0.6601941747572816,0.4358974358974359,0.203125,0.5641025641025641,0.5666666666666667
X1+X2_to_X3,race_priors_blind,COMPAS tool,tool,,race,Native American,1.0,0.0,0.0,1.0,,0.0,,
X1+X2_to_X3,race_priors_blind,COMPAS tool,tool,,race,Other,69.0,0.37681159420289856,0.2028985507246377,0.7391304347826086,0.4230769230769231,0.06976744186046512,0.5769230769230769,0.7857142857142857
X1+X2_to_X3,race_priors_blind,COMPAS tool,tool,,sex,Female,234.0,0.3547008547008547,0.44871794871794873,0.6837606837606838,0.6867469879518072,0.31788079470198677,0.3132530120481928,0.5428571428571428
X1+X2_to_X3,race_priors_blind,COMPAS tool,tool,,sex,Male,1001.0,0.47952047952047955,0.47052947052947053,0.6633366633366633,0.6395833333333333,0.31477927063339733,0.36041666666666666,0.6518046709129511
X1+X2_to_X3,race_proxy_blind,TabPFN,0.5,0.5,race,African-American,636.0,0.5235849056603774,0.20911949685534592,0.5377358490566038,0.25825825825825827,0.1551155115511551,0.7417417417417418,0.6466165413533834
X1+X2_to_X3,race_proxy_blind,TabPFN,0.5,0.5,race,Asian,6.0,0.16666666666666666,0.16666666666666666,0.6666666666666666,0.0,0.2,1.0,0.0
X1+X2_to_X3,race_proxy_blind,TabPFN,0.5,0.5,race,Caucasian,420.0,0.3904761904761905,0.13095238095238096,0.6166666666666667,0.17682926829268292,0.1015625,0.823170731707317,0.5272727272727272
X1+X2_to_X3,race_proxy_blind,TabPFN,0.5,0.5,race,Hispanic,103.0,0.3786407766990291,0.18446601941747573,0.6310679611650486,0.2564102564102564,0.140625,0.7435897435897436,0.5263157894736842
X1+X2_to_X3,race_proxy_blind,TabPFN,0.5,0.5,race,Native American,1.0,0.0,0.0,1.0,,0.0,,
X1+X2_to_X3,race_proxy_blind,TabPFN,0.5,0.5,race,Other,69.0,0.37681159420289856,0.18840579710144928,0.6666666666666666,0.3076923076923077,0.11627906976744186,0.6923076923076923,0.6153846153846154
X1+X2_to_X3,race_proxy_blind,TabPFN,0.5,0.5,sex,Female,234.0,0.3547008547008547,0.0,0.6452991452991453,0.0,0.0,1.0,
X1+X2_to_X3,race_proxy_blind,TabPFN,0.5,0.5,sex,Male,1001.0,0.47952047952047955,0.22077922077922077,0.5654345654345654,0.27708333333333335,0.1689059500959693,0.7229166666666667,0.6018099547511312
X1+X2_to_X3,race_proxy_blind,TabPFN,break_even,0.2523364485981308,race,African-American,636.0,0.5235849056603774,1.0,0.5235849056603774,1.0,1.0,0.0,0.5235849056603774
X1+X2_to_X3,race_proxy_blind,TabPFN,break_even,0.2523364485981308,race,Asian,6.0,0.16666666666666666,1.0,0.16666666666666666,1.0,1.0,0.0,0.16666666666666666
X1+X2_to_X3,race_proxy_blind,TabPFN,break_even,0.2523364485981308,race,Caucasian,420.0,0.3904761904761905,1.0,0.3904761904761905,1.0,1.0,0.0,0.3904761904761905
X1+X2_to_X3,race_proxy_blind,TabPFN,break_even,0.2523364485981308,race,Hispanic,103.0,0.3786407766990291,1.0,0.3786407766990291,1.0,1.0,0.0,0.3786407766990291
X1+X2_to_X3,race_proxy_blind,TabPFN,break_even,0.2523364485981308,race,Native American,1.0,0.0,1.0,0.0,,1.0,,0.0
X1+X2_to_X3,race_proxy_blind,TabPFN,break_even,0.2523364485981308,race,Other,69.0,0.37681159420289856,1.0,0.37681159420289856,1.0,1.0,0.0,0.37681159420289856
X1+X2_to_X3,race_proxy_blind,TabPFN,break_even,0.2523364485981308,sex,Female,234.0,0.3547008547008547,1.0,0.3547008547008547,1.0,1.0,0.0,0.3547008547008547
X1+X2_to_X3,race_proxy_blind,TabPFN,break_even,0.2523364485981308,sex,Male,1001.0,0.47952047952047955,1.0,0.47952047952047955,1.0,1.0,0.0,0.47952047952047955
X1+X2_to_X3,race_proxy_blind,COMPAS tool,tool,,race,African-American,636.0,0.5235849056603774,0.60062893081761,0.6745283018867925,0.7627627627627628,0.42244224422442245,0.23723723723723725,0.6649214659685864
X1+X2_to_X3,race_proxy_blind,COMPAS tool,tool,,race,Asian,6.0,0.16666666666666666,0.0,0.8333333333333334,0.0,0.0,1.0,
X1+X2_to_X3,race_proxy_blind,COMPAS tool,tool,,race,Caucasian,420.0,0.3904761904761905,0.35714285714285715,0.6428571428571429,0.5,0.265625,0.5,0.5466666666666666
X1+X2_to_X3,race_proxy_blind,COMPAS tool,tool,,race,Hispanic,103.0,0.3786407766990291,0.2912621359223301,0.6601941747572816,0.4358974358974359,0.203125,0.5641025641025641,0.5666666666666667
X1+X2_to_X3,race_proxy_blind,COMPAS tool,tool,,race,Native American,1.0,0.0,0.0,1.0,,0.0,,
X1+X2_to_X3,race_proxy_blind,COMPAS tool,tool,,race,Other,69.0,0.37681159420289856,0.2028985507246377,0.7391304347826086,0.4230769230769231,0.06976744186046512,0.5769230769230769,0.7857142857142857
X1+X2_to_X3,race_proxy_blind,COMPAS tool,tool,,sex,Female,234.0,0.3547008547008547,0.44871794871794873,0.6837606837606838,0.6867469879518072,0.31788079470198677,0.3132530120481928,0.5428571428571428
X1+X2_to_X3,race_proxy_blind,COMPAS tool,tool,,sex,Male,1001.0,0.47952047952047955,0.47052947052947053,0.6633366633366633,0.6395833333333333,0.31477927063339733,0.36041666666666666,0.6518046709129511
X1+X2_to_X3,sex_blind,TabPFN,0.5,0.5,race,African-American,636.0,0.5235849056603774,0.5015723270440252,0.6635220125786163,0.6576576576576577,0.33003300330033003,0.34234234234234234,0.6865203761755486
X1+X2_to_X3,sex_blind,TabPFN,0.5,0.5,race,Asian,6.0,0.16666666666666666,0.0,0.8333333333333334,0.0,0.0,1.0,
X1+X2_to_X3,sex_blind,TabPFN,0.5,0.5,race,Caucasian,420.0,0.3904761904761905,0.27380952380952384,0.6404761904761904,0.3902439024390244,0.19921875,0.6097560975609756,0.5565217391304348
X1+X2_to_X3,sex_blind,TabPFN,0.5,0.5,race,Hispanic,103.0,0.3786407766990291,0.27184466019417475,0.7184466019417476,0.48717948717948717,0.140625,0.5128205128205128,0.6785714285714286
X1+X2_to_X3,sex_blind,TabPFN,0.5,0.5,race,Native American,1.0,0.0,0.0,1.0,,0.0,,
X1+X2_to_X3,sex_blind,TabPFN,0.5,0.5,race,Other,69.0,0.37681159420289856,0.2753623188405797,0.7536231884057971,0.5384615384615384,0.11627906976744186,0.46153846153846156,0.7368421052631579
X1+X2_to_X3,sex_blind,TabPFN,0.5,0.5,sex,Female,234.0,0.3547008547008547,0.2863247863247863,0.6324786324786325,0.3855421686746988,0.23178807947019867,0.6144578313253012,0.47761194029850745
X1+X2_to_X3,sex_blind,TabPFN,0.5,0.5,sex,Male,1001.0,0.47952047952047955,0.41358641358641357,0.6743256743256744,0.5916666666666667,0.2495201535508637,0.4083333333333333,0.6859903381642513
X1+X2_to_X3,sex_blind,TabPFN,break_even,0.2523364485981308,race,African-American,636.0,0.5235849056603774,0.8726415094339622,0.5817610062893082,0.933933933933934,0.8052805280528053,0.06606606606606606,0.5603603603603604
X1+X2_to_X3,sex_blind,TabPFN,break_even,0.2523364485981308,race,Asian,6.0,0.16666666666666666,0.5,0.6666666666666666,1.0,0.4,0.0,0.3333333333333333
X1+X2_to_X3,sex_blind,TabPFN,break_even,0.2523364485981308,race,Caucasian,420.0,0.3904761904761905,0.6833333333333333,0.5738095238095238,0.8292682926829268,0.58984375,0.17073170731707318,0.4738675958188153
X1+X2_to_X3,sex_blind,TabPFN,break_even,0.2523364485981308,race,Hispanic,103.0,0.3786407766990291,0.6310679611650486,0.6116504854368932,0.8205128205128205,0.515625,0.1794871794871795,0.49230769230769234
X1+X2_to_X3,sex_blind,TabPFN,break_even,0.2523364485981308,race,Native American,1.0,0.0,1.0,0.0,,1.0,,0.0
X1+X2_to_X3,sex_blind,TabPFN,break_even,0.2523364485981308,race,Other,69.0,0.37681159420289856,0.6086956521739131,0.6521739130434783,0.8461538461538461,0.46511627906976744,0.15384615384615385,0.5238095238095238
X1+X2_to_X3,sex_blind,TabPFN,break_even,0.2523364485981308,sex,Female,234.0,0.3547008547008547,0.7051282051282052,0.5299145299145299,0.8313253012048193,0.6357615894039735,0.1686746987951807,0.41818181818181815
X1+X2_to_X3,sex_blind,TabPFN,break_even,0.2523364485981308,sex,Male,1001.0,0.47952047952047955,0.7872127872127872,0.5984015984015985,0.9020833333333333,0.6813819577735125,0.09791666666666667,0.549492385786802
X1+X2_to_X3,sex_blind,COMPAS tool,tool,,race,African-American,636.0,0.5235849056603774,0.60062893081761,0.6745283018867925,0.7627627627627628,0.42244224422442245,0.23723723723723725,0.6649214659685864
X1+X2_to_X3,sex_blind,COMPAS tool,tool,,race,Asian,6.0,0.16666666666666666,0.0,0.8333333333333334,0.0,0.0,1.0,
X1+X2_to_X3,sex_blind,COMPAS tool,tool,,race,Caucasian,420.0,0.3904761904761905,0.35714285714285715,0.6428571428571429,0.5,0.265625,0.5,0.5466666666666666
X1+X2_to_X3,sex_blind,COMPAS tool,tool,,race,Hispanic,103.0,0.3786407766990291,0.2912621359223301,0.6601941747572816,0.4358974358974359,0.203125,0.5641025641025641,0.5666666666666667
X1+X2_to_X3,sex_blind,COMPAS tool,tool,,race,Native American,1.0,0.0,0.0,1.0,,0.0,,
X1+X2_to_X3,sex_blind,COMPAS tool,tool,,race,Other,69.0,0.37681159420289856,0.2028985507246377,0.7391304347826086,0.4230769230769231,0.06976744186046512,0.5769230769230769,0.7857142857142857
X1+X2_to_X3,sex_blind,COMPAS tool,tool,,sex,Female,234.0,0.3547008547008547,0.44871794871794873,0.6837606837606838,0.6867469879518072,0.31788079470198677,0.3132530120481928,0.5428571428571428
X1+X2_to_X3,sex_blind,COMPAS tool,tool,,sex,Male,1001.0,0.47952047952047955,0.47052947052947053,0.6633366633366633,0.6395833333333333,0.31477927063339733,0.36041666666666666,0.6518046709129511
X1_to_X3,age_blind,TabPFN,0.5,0.5,race,African-American,636.0,0.5235849056603774,0.5062893081761006,0.6179245283018868,0.6186186186186187,0.38283828382838286,0.3813813813813814,0.639751552795031
X1_to_X3,age_blind,TabPFN,0.5,0.5,race,Asian,6.0,0.16666666666666666,0.0,0.8333333333333334,0.0,0.0,1.0,
X1_to_X3,age_blind,TabPFN,0.5,0.5,race,Caucasian,420.0,0.3904761904761905,0.2857142857142857,0.6142857142857143,0.3719512195121951,0.23046875,0.6280487804878049,0.5083333333333333
X1_to_X3,age_blind,TabPFN,0.5,0.5,race,Hispanic,103.0,0.3786407766990291,0.21359223300970873,0.6796116504854369,0.358974358974359,0.125,0.6410256410256411,0.6363636363636364
X1_to_X3,age_blind,TabPFN,0.5,0.5,race,Native American,1.0,0.0,0.0,1.0,,0.0,,
X1_to_X3,age_blind,TabPFN,0.5,0.5,race,Other,69.0,0.37681159420289856,0.2318840579710145,0.7681159420289855,0.5,0.06976744186046512,0.5,0.8125
X1_to_X3,age_blind,TabPFN,0.5,0.5,sex,Female,234.0,0.3547008547008547,0.23931623931623933,0.6196581196581197,0.30120481927710846,0.2052980132450331,0.6987951807228916,0.44642857142857145
X1_to_X3,age_blind,TabPFN,0.5,0.5,sex,Male,1001.0,0.47952047952047955,0.42357642357642356,0.6343656343656343,0.5604166666666667,0.29750479846449135,0.4395833333333333,0.6344339622641509
X1_to_X3,age_blind,TabPFN,break_even,0.2523364485981308,race,African-American,636.0,0.5235849056603774,0.9669811320754716,0.5345911949685535,0.978978978978979,0.9537953795379538,0.021021021021021023,0.5300813008130081
X1_to_X3,age_blind,TabPFN,break_even,0.2523364485981308,race,Asian,6.0,0.16666666666666666,0.6666666666666666,0.5,1.0,0.6,0.0,0.25
X1_to_X3,age_blind,TabPFN,break_even,0.2523364485981308,race,Caucasian,420.0,0.3904761904761905,0.611904761904762,0.569047619047619,0.7317073170731707,0.53515625,0.2682926829268293,0.4669260700389105
X1_to_X3,age_blind,TabPFN,break_even,0.2523364485981308,race,Hispanic,103.0,0.3786407766990291,0.7669902912621359,0.49514563106796117,0.8461538461538461,0.71875,0.15384615384615385,0.4177215189873418
X1_to_X3,age_blind,TabPFN,break_even,0.2523364485981308,race,Native American,1.0,0.0,1.0,0.0,,1.0,,0.0
X1_to_X3,age_blind,TabPFN,break_even,0.2523364485981308,race,Other,69.0,0.37681159420289856,0.5507246376811594,0.6521739130434783,0.7692307692307693,0.4186046511627907,0.23076923076923078,0.5263157894736842
X1_to_X3,age_blind,TabPFN,break_even,0.2523364485981308,sex,Female,234.0,0.3547008547008547,0.6709401709401709,0.5042735042735043,0.7469879518072289,0.6291390728476821,0.25301204819277107,0.39490445859872614
X1_to_X3,age_blind,TabPFN,break_even,0.2523364485981308,sex,Male,1001.0,0.47952047952047955,0.8361638361638362,0.5594405594405595,0.9125,0.7658349328214972,0.0875,0.5232974910394266
X1_to_X3,age_blind,COMPAS tool,tool,,race,African-American,636.0,0.5235849056603774,0.60062893081761,0.6745283018867925,0.7627627627627628,0.42244224422442245,0.23723723723723725,0.6649214659685864
X1_to_X3,age_blind,COMPAS tool,tool,,race,Asian,6.0,0.16666666666666666,0.0,0.8333333333333334,0.0,0.0,1.0,
X1_to_X3,age_blind,COMPAS tool,tool,,race,Caucasian,420.0,0.3904761904761905,0.35714285714285715,0.6428571428571429,0.5,0.265625,0.5,0.5466666666666666
X1_to_X3,age_blind,COMPAS tool,tool,,race,Hispanic,103.0,0.3786407766990291,0.2912621359223301,0.6601941747572816,0.4358974358974359,0.203125,0.5641025641025641,0.5666666666666667
X1_to_X3,age_blind,COMPAS tool,tool,,race,Native American,1.0,0.0,0.0,1.0,,0.0,,
X1_to_X3,age_blind,COMPAS tool,tool,,race,Other,69.0,0.37681159420289856,0.2028985507246377,0.7391304347826086,0.4230769230769231,0.06976744186046512,0.5769230769230769,0.7857142857142857
X1_to_X3,age_blind,COMPAS tool,tool,,sex,Female,234.0,0.3547008547008547,0.44871794871794873,0.6837606837606838,0.6867469879518072,0.31788079470198677,0.3132530120481928,0.5428571428571428
X1_to_X3,age_blind,COMPAS tool,tool,,sex,Male,1001.0,0.47952047952047955,0.47052947052947053,0.6633366633366633,0.6395833333333333,0.31477927063339733,0.36041666666666666,0.6518046709129511
X1_to_X3,protected_blind,TabPFN,0.5,0.5,race,African-American,636.0,0.5235849056603774,0.49842767295597484,0.6132075471698113,0.6066066066066066,0.3795379537953795,0.3933933933933934,0.637223974763407
X1_to_X3,protected_blind,TabPFN,0.5,0.5,race,Asian,6.0,0.16666666666666666,0.16666666666666666,1.0,1.0,0.0,0.0,1.0
X1_to_X3,protected_blind,TabPFN,0.5,0.5,race,Caucasian,420.0,0.3904761904761905,0.3595238095238095,0.6071428571428571,0.4573170731707317,0.296875,0.5426829268292683,0.4966887417218543
X1_to_X3,protected_blind,TabPFN,0.5,0.5,race,Hispanic,103.0,0.3786407766990291,0.27184466019417475,0.7184466019417476,0.48717948717948717,0.140625,0.5128205128205128,0.6785714285714286
X1_to_X3,protected_blind,TabPFN,0.5,0.5,race,Native American,1.0,0.0,1.0,0.0,,1.0,,0.0
X1_to_X3,protected_blind,TabPFN,0.5,0.5,race,Other,69.0,0.37681159420289856,0.3333333333333333,0.7246376811594203,0.5769230769230769,0.18604651162790697,0.4230769230769231,0.6521739130434783
X1_to_X3,protected_blind,TabPFN,0.5,0.5,sex,Female,234.0,0.3547008547008547,0.32905982905982906,0.6068376068376068,0.40963855421686746,0.2847682119205298,0.5903614457831325,0.44155844155844154
X1_to_X3,protected_blind,TabPFN,0.5,0.5,sex,Male,1001.0,0.47952047952047955,0.4435564435564436,0.6323676323676324,0.5791666666666667,0.31861804222648754,0.42083333333333334,0.6261261261261262
X1_to_X3,protected_blind,TabPFN,break_even,0.2523364485981308,race,African-American,636.0,0.5235849056603774,0.8789308176100629,0.5628930817610063,0.9219219219219219,0.8316831683168316,0.07807807807807808,0.5491949910554562
X1_to_X3,protected_blind,TabPFN,break_even,0.2523364485981308,race,Asian,6.0,0.16666666666666666,0.6666666666666666,0.5,1.0,0.6,0.0,0.25
X1_to_X3,protected_blind,TabPFN,break_even,0.2523364485981308,race,Caucasian,420.0,0.3904761904761905,0.7928571428571428,0.5071428571428571,0.8841463414634146,0.734375,0.11585365853658537,0.43543543543543545
X1_to_X3,protected_blind,TabPFN,break_even,0.2523364485981308,race,Hispanic,103.0,0.3786407766990291,0.7766990291262136,0.4854368932038835,0.8461538461538461,0.734375,0.15384615384615385,0.4125
X1_to_X3,protected_blind,TabPFN,break_even,0.2523364485981308,race,Native American,1.0,0.0,1.0,0.0,,1.0,,0.0
X1_to_X3,protected_blind,TabPFN,break_even,0.2523364485981308,race,Other,69.0,0.37681159420289856,0.855072463768116,0.5217391304347826,1.0,0.7674418604651163,0.0,0.4406779661016949
X1_to_X3,protected_blind,TabPFN,break_even,0.2523364485981308,sex,Female,234.0,0.3547008547008547,0.7649572649572649,0.46153846153846156,0.8192771084337349,0.7350993377483444,0.18072289156626506,0.37988826815642457
X1_to_X3,protected_blind,TabPFN,break_even,0.2523364485981308,sex,Male,1001.0,0.47952047952047955,0.8561438561438561,0.5514485514485514,0.925,0.7927063339731286,0.075,0.5180863477246208
X1_to_X3,protected_blind,COMPAS tool,tool,,race,African-American,636.0,0.5235849056603774,0.60062893081761,0.6745283018867925,0.7627627627627628,0.42244224422442245,0.23723723723723725,0.6649214659685864
X1_to_X3,protected_blind,COMPAS tool,tool,,race,Asian,6.0,0.16666666666666666,0.0,0.8333333333333334,0.0,0.0,1.0,
X1_to_X3,protected_blind,COMPAS tool,tool,,race,Caucasian,420.0,0.3904761904761905,0.35714285714285715,0.6428571428571429,0.5,0.265625,0.5,0.5466666666666666
X1_to_X3,protected_blind,COMPAS tool,tool,,race,Hispanic,103.0,0.3786407766990291,0.2912621359223301,0.6601941747572816,0.4358974358974359,0.203125,0.5641025641025641,0.5666666666666667
X1_to_X3,protected_blind,COMPAS tool,tool,,race,Native American,1.0,0.0,0.0,1.0,,0.0,,
X1_to_X3,protected_blind,COMPAS tool,tool,,race,Other,69.0,0.37681159420289856,0.2028985507246377,0.7391304347826086,0.4230769230769231,0.06976744186046512,0.5769230769230769,0.7857142857142857
X1_to_X3,protected_blind,COMPAS tool,tool,,sex,Female,234.0,0.3547008547008547,0.44871794871794873,0.6837606837606838,0.6867469879518072,0.31788079470198677,0.3132530120481928,0.5428571428571428
X1_to_X3,protected_blind,COMPAS tool,tool,,sex,Male,1001.0,0.47952047952047955,0.47052947052947053,0.6633366633366633,0.6395833333333333,0.31477927063339733,0.36041666666666666,0.6518046709129511
X1_to_X3,race_aware,TabPFN,0.5,0.5,race,African-American,636.0,0.5235849056603774,0.5141509433962265,0.6635220125786163,0.6696696696696697,0.3432343234323432,0.3303303303303303,0.6819571865443425
X1_to_X3,race_aware,TabPFN,0.5,0.5,race,Asian,6.0,0.16666666666666666,0.0,0.8333333333333334,0.0,0.0,1.0,
X1_to_X3,race_aware,TabPFN,0.5,0.5,race,Caucasian,420.0,0.3904761904761905,0.2904761904761905,0.6333333333333333,0.4024390243902439,0.21875,0.5975609756097561,0.5409836065573771
X1_to_X3,race_aware,TabPFN,0.5,0.5,race,Hispanic,103.0,0.3786407766990291,0.27184466019417475,0.7378640776699029,0.5128205128205128,0.125,0.48717948717948717,0.7142857142857143
X1_to_X3,race_aware,TabPFN,0.5,0.5,race,Native American,1.0,0.0,0.0,1.0,,0.0,,
X1_to_X3,race_aware,TabPFN,0.5,0.5,race,Other,69.0,0.37681159420289856,0.3188405797101449,0.7391304347826086,0.5769230769230769,0.16279069767441862,0.4230769230769231,0.6818181818181818
X1_to_X3,race_aware,TabPFN,0.5,0.5,sex,Female,234.0,0.3547008547008547,0.2606837606837607,0.6410256410256411,0.3614457831325301,0.2052980132450331,0.6385542168674698,0.4918032786885246
X1_to_X3,race_aware,TabPFN,0.5,0.5,sex,Male,1001.0,0.47952047952047955,0.43756243756243757,0.6703296703296703,0.6125,0.2763915547024952,0.3875,0.6712328767123288
X1_to_X3,race_aware,TabPFN,break_even,0.2523364485981308,race,African-American,636.0,0.5235849056603774,0.8616352201257862,0.5833333333333334,0.924924924924925,0.7920792079207921,0.07507507507507508,0.5620437956204379
X1_to_X3,race_aware,TabPFN,break_even,0.2523364485981308,race,Asian,6.0,0.16666666666666666,0.5,0.6666666666666666,1.0,0.4,0.0,0.3333333333333333
X1_to_X3,race_aware,TabPFN,break_even,0.2523364485981308,race,Caucasian,420.0,0.3904761904761905,0.6166666666666667,0.5976190476190476,0.774390243902439,0.515625,0.22560975609756098,0.49034749034749037
X1_to_X3,race_aware,TabPFN,break_even,0.2523364485981308,race,Hispanic,103.0,0.3786407766990291,0.6407766990291263,0.6019417475728155,0.8205128205128205,0.53125,0.1794871794871795,0.48484848484848486
X1_to_X3,race_aware,TabPFN,break_even,0.2523364485981308,race,Native American,1.0,0.0,1.0,0.0,,1.0,,0.0
X1_to_X3,race_aware,TabPFN,break_even,0.2523364485981308,race,Other,69.0,0.37681159420289856,0.6086956521739131,0.6521739130434783,0.8461538461538461,0.46511627906976744,0.15384615384615385,0.5238095238095238
X1_to_X3,race_aware,TabPFN,break_even,0.2523364485981308,sex,Female,234.0,0.3547008547008547,0.6410256410256411,0.5427350427350427,0.7590361445783133,0.5761589403973509,0.24096385542168675,0.42
X1_to_X3,race_aware,TabPFN,break_even,0.2523364485981308,sex,Male,1001.0,0.47952047952047955,0.7682317682317682,0.6053946053946054,0.8895833333333333,0.6564299424184261,0.11041666666666666,0.5552665799739922
X1_to_X3,race_aware,COMPAS tool,tool,,race,African-American,636.0,0.5235849056603774,0.60062893081761,0.6745283018867925,0.7627627627627628,0.42244224422442245,0.23723723723723725,0.6649214659685864
X1_to_X3,race_aware,COMPAS tool,tool,,race,Asian,6.0,0.16666666666666666,0.0,0.8333333333333334,0.0,0.0,1.0,
X1_to_X3,race_aware,COMPAS tool,tool,,race,Caucasian,420.0,0.3904761904761905,0.35714285714285715,0.6428571428571429,0.5,0.265625,0.5,0.5466666666666666
X1_to_X3,race_aware,COMPAS tool,tool,,race,Hispanic,103.0,0.3786407766990291,0.2912621359223301,0.6601941747572816,0.4358974358974359,0.203125,0.5641025641025641,0.5666666666666667
X1_to_X3,race_aware,COMPAS tool,tool,,race,Native American,1.0,0.0,0.0,1.0,,0.0,,
X1_to_X3,race_aware,COMPAS tool,tool,,race,Other,69.0,0.37681159420289856,0.2028985507246377,0.7391304347826086,0.4230769230769231,0.06976744186046512,0.5769230769230769,0.7857142857142857
X1_to_X3,race_aware,COMPAS tool,tool,,sex,Female,234.0,0.3547008547008547,0.44871794871794873,0.6837606837606838,0.6867469879518072,0.31788079470198677,0.3132530120481928,0.5428571428571428
X1_to_X3,race_aware,COMPAS tool,tool,,sex,Male,1001.0,0.47952047952047955,0.47052947052947053,0.6633366633366633,0.6395833333333333,0.31477927063339733,0.36041666666666666,0.6518046709129511
X1_to_X3,race_blind,TabPFN,0.5,0.5,race,African-American,636.0,0.5235849056603774,0.5110062893081762,0.6666666666666666,0.6696696696696697,0.33663366336633666,0.3303303303303303,0.6861538461538461
X1_to_X3,race_blind,TabPFN,0.5,0.5,race,Asian,6.0,0.16666666666666666,0.0,0.8333333333333334,0.0,0.0,1.0,
X1_to_X3,race_blind,TabPFN,0.5,0.5,race,Caucasian,420.0,0.3904761904761905,0.2904761904761905,0.6285714285714286,0.39634146341463417,0.22265625,0.6036585365853658,0.5327868852459017
X1_to_X3,race_blind,TabPFN,0.5,0.5,race,Hispanic,103.0,0.3786407766990291,0.3106796116504854,0.7184466019417476,0.5384615384615384,0.171875,0.46153846153846156,0.65625
X1_to_X3,race_blind,TabPFN,0.5,0.5,race,Native American,1.0,0.0,0.0,1.0,,0.0,,
X1_to_X3,race_blind,TabPFN,0.5,0.5,race,Other,69.0,0.37681159420289856,0.3188405797101449,0.7391304347826086,0.5769230769230769,0.16279069767441862,0.4230769230769231,0.6818181818181818
X1_to_X3,race_blind,TabPFN,0.5,0.5,sex,Female,234.0,0.3547008547008547,0.27350427350427353,0.6282051282051282,0.3614457831325301,0.2251655629139073,0.6385542168674698,0.46875
X1_to_X3,race_blind,TabPFN,0.5,0.5,sex,Male,1001.0,0.47952047952047955,0.43656343656343655,0.6713286713286714,0.6125,0.2744721689059501,0.3875,0.6727688787185355
X1_to_X3,race_blind,TabPFN,break_even,0.2523364485981308,race,African-American,636.0,0.5235849056603774,0.8050314465408805,0.6053459119496856,0.8918918918918919,0.7095709570957096,0.10810810810810811,0.580078125
X1_to_X3,race_blind,TabPFN,break_even,0.2523364485981308,race,Asian,6.0,0.16666666666666666,0.5,0.6666666666666666,1.0,0.4,0.0,0.3333333333333333
X1_to_X3,race_blind,TabPFN,break_even,0.2523364485981308,race,Caucasian,420.0,0.3904761904761905,0.6238095238095238,0.5952380952380952,0.7804878048780488,0.5234375,0.21951219512195122,0.48854961832061067
X1_to_X3,race_blind,TabPFN,break_even,0.2523364485981308,race,Hispanic,103.0,0.3786407766990291,0.6504854368932039,0.5922330097087378,0.8205128205128205,0.546875,0.1794871794871795,0.47761194029850745
X1_to_X3,race_blind,TabPFN,break_even,0.2523364485981308,race,Native American,1.0,0.0,1.0,0.0,,1.0,,0.0
X1_to_X3,race_blind,TabPFN,break_even,0.2523364485981308,race,Other,69.0,0.37681159420289856,0.6086956521739131,0.6521739130434783,0.8461538461538461,0.46511627906976744,0.15384615384615385,0.5238095238095238
X1_to_X3,race_blind,TabPFN,break_even,0.2523364485981308,sex,Female,234.0,0.3547008547008547,0.6581196581196581,0.5341880341880342,0.7710843373493976,0.5960264900662252,0.2289156626506024,0.4155844155844156
X1_to_X3,race_blind,TabPFN,break_even,0.2523364485981308,sex,Male,1001.0,0.47952047952047955,0.7322677322677322,0.6193806193806194,0.8666666666666667,0.6084452975047985,0.13333333333333333,0.567530695770805
X1_to_X3,race_blind,COMPAS tool,tool,,race,African-American,636.0,0.5235849056603774,0.60062893081761,0.6745283018867925,0.7627627627627628,0.42244224422442245,0.23723723723723725,0.6649214659685864
X1_to_X3,race_blind,COMPAS tool,tool,,race,Asian,6.0,0.16666666666666666,0.0,0.8333333333333334,0.0,0.0,1.0,
X1_to_X3,race_blind,COMPAS tool,tool,,race,Caucasian,420.0,0.3904761904761905,0.35714285714285715,0.6428571428571429,0.5,0.265625,0.5,0.5466666666666666
X1_to_X3,race_blind,COMPAS tool,tool,,race,Hispanic,103.0,0.3786407766990291,0.2912621359223301,0.6601941747572816,0.4358974358974359,0.203125,0.5641025641025641,0.5666666666666667
X1_to_X3,race_blind,COMPAS tool,tool,,race,Native American,1.0,0.0,0.0,1.0,,0.0,,
X1_to_X3,race_blind,COMPAS tool,tool,,race,Other,69.0,0.37681159420289856,0.2028985507246377,0.7391304347826086,0.4230769230769231,0.06976744186046512,0.5769230769230769,0.7857142857142857
X1_to_X3,race_blind,COMPAS tool,tool,,sex,Female,234.0,0.3547008547008547,0.44871794871794873,0.6837606837606838,0.6867469879518072,0.31788079470198677,0.3132530120481928,0.5428571428571428
X1_to_X3,race_blind,COMPAS tool,tool,,sex,Male,1001.0,0.47952047952047955,0.47052947052947053,0.6633366633366633,0.6395833333333333,0.31477927063339733,0.36041666666666666,0.6518046709129511
X1_to_X3,race_priors_blind,TabPFN,0.5,0.5,race,African-American,636.0,0.5235849056603774,0.5220125786163522,0.5833333333333334,0.6006006006006006,0.43564356435643564,0.3993993993993994,0.6024096385542169
X1_to_X3,race_priors_blind,TabPFN,0.5,0.5,race,Asian,6.0,0.16666666666666666,0.3333333333333333,0.8333333333333334,1.0,0.2,0.0,0.5
X1_to_X3,race_priors_blind,TabPFN,0.5,0.5,race,Caucasian,420.0,0.3904761904761905,0.38333333333333336,0.6071428571428571,0.4878048780487805,0.31640625,0.5121951219512195,0.4968944099378882
X1_to_X3,race_priors_blind,TabPFN,0.5,0.5,race,Hispanic,103.0,0.3786407766990291,0.44660194174757284,0.6019417475728155,0.5641025641025641,0.375,0.4358974358974359,0.4782608695652174
X1_to_X3,race_priors_blind,TabPFN,0.5,0.5,race,Native American,1.0,0.0,1.0,0.0,,1.0,,0.0
X1_to_X3,race_priors_blind,TabPFN,0.5,0.5,race,Other,69.0,0.37681159420289856,0.43478260869565216,0.6521739130434783,0.6153846153846154,0.32558139534883723,0.38461538461538464,0.5333333333333333
X1_to_X3,race_priors_blind,TabPFN,0.5,0.5,sex,Female,234.0,0.3547008547008547,0.0,0.6452991452991453,0.0,0.0,1.0,
X1_to_X3,race_priors_blind,TabPFN,0.5,0.5,sex,Male,1001.0,0.47952047952047955,0.5714285714285714,0.5864135864135864,0.6645833333333333,0.4856046065259117,0.33541666666666664,0.5576923076923077
X1_to_X3,race_priors_blind,TabPFN,break_even,0.2523364485981308,race,African-American,636.0,0.5235849056603774,0.9937106918238994,0.5267295597484277,0.996996996996997,0.9900990099009901,0.003003003003003003,0.5253164556962026
X1_to_X3,race_priors_blind,TabPFN,break_even,0.2523364485981308,race,Asian,6.0,0.16666666666666666,1.0,0.16666666666666666,1.0,1.0,0.0,0.16666666666666666
X1_to_X3,race_priors_blind,TabPFN,break_even,0.2523364485981308,race,Caucasian,420.0,0.3904761904761905,0.9571428571428572,0.4095238095238095,0.9695121951219512,0.94921875,0.03048780487804878,0.39552238805970147
X1_to_X3,race_priors_blind,TabPFN,break_even,0.2523364485981308,race,Hispanic,103.0,0.3786407766990291,0.9805825242718447,0.39805825242718446,1.0,0.96875,0.0,0.38613861386138615
X1_to_X3,race_priors_blind,TabPFN,break_even,0.2523364485981308,race,Native American,1.0,0.0,1.0,0.0,,1.0,,0.0
X1_to_X3,race_priors_blind,TabPFN,break_even,0.2523364485981308,race,Other,69.0,0.37681159420289856,1.0,0.37681159420289856,1.0,1.0,0.0,0.37681159420289856
X1_to_X3,race_priors_blind,TabPFN,break_even,0.2523364485981308,sex,Female,234.0,0.3547008547008547,0.8974358974358975,0.405982905982906,0.927710843373494,0.8807947019867549,0.07228915662650602,0.36666666666666664
X1_to_X3,race_priors_blind,TabPFN,break_even,0.2523364485981308,sex,Male,1001.0,0.47952047952047955,1.0,0.47952047952047955,1.0,1.0,0.0,0.47952047952047955
X1_to_X3,race_priors_blind,COMPAS tool,tool,,race,African-American,636.0,0.5235849056603774,0.60062893081761,0.6745283018867925,0.7627627627627628,0.42244224422442245,0.23723723723723725,0.6649214659685864
X1_to_X3,race_priors_blind,COMPAS tool,tool,,race,Asian,6.0,0.16666666666666666,0.0,0.8333333333333334,0.0,0.0,1.0,
X1_to_X3,race_priors_blind,COMPAS tool,tool,,race,Caucasian,420.0,0.3904761904761905,0.35714285714285715,0.6428571428571429,0.5,0.265625,0.5,0.5466666666666666
X1_to_X3,race_priors_blind,COMPAS tool,tool,,race,Hispanic,103.0,0.3786407766990291,0.2912621359223301,0.6601941747572816,0.4358974358974359,0.203125,0.5641025641025641,0.5666666666666667
X1_to_X3,race_priors_blind,COMPAS tool,tool,,race,Native American,1.0,0.0,0.0,1.0,,0.0,,
X1_to_X3,race_priors_blind,COMPAS tool,tool,,race,Other,69.0,0.37681159420289856,0.2028985507246377,0.7391304347826086,0.4230769230769231,0.06976744186046512,0.5769230769230769,0.7857142857142857
X1_to_X3,race_priors_blind,COMPAS tool,tool,,sex,Female,234.0,0.3547008547008547,0.44871794871794873,0.6837606837606838,0.6867469879518072,0.31788079470198677,0.3132530120481928,0.5428571428571428
X1_to_X3,race_priors_blind,COMPAS tool,tool,,sex,Male,1001.0,0.47952047952047955,0.47052947052947053,0.6633366633366633,0.6395833333333333,0.31477927063339733,0.36041666666666666,0.6518046709129511
X1_to_X3,race_proxy_blind,TabPFN,0.5,0.5,race,African-American,636.0,0.5235849056603774,0.20911949685534592,0.5377358490566038,0.25825825825825827,0.1551155115511551,0.7417417417417418,0.6466165413533834
X1_to_X3,race_proxy_blind,TabPFN,0.5,0.5,race,Asian,6.0,0.16666666666666666,0.16666666666666666,0.6666666666666666,0.0,0.2,1.0,0.0
X1_to_X3,race_proxy_blind,TabPFN,0.5,0.5,race,Caucasian,420.0,0.3904761904761905,0.13095238095238096,0.6166666666666667,0.17682926829268292,0.1015625,0.823170731707317,0.5272727272727272
X1_to_X3,race_proxy_blind,TabPFN,0.5,0.5,race,Hispanic,103.0,0.3786407766990291,0.18446601941747573,0.6310679611650486,0.2564102564102564,0.140625,0.7435897435897436,0.5263157894736842
X1_to_X3,race_proxy_blind,TabPFN,0.5,0.5,race,Native American,1.0,0.0,0.0,1.0,,0.0,,
X1_to_X3,race_proxy_blind,TabPFN,0.5,0.5,race,Other,69.0,0.37681159420289856,0.18840579710144928,0.6666666666666666,0.3076923076923077,0.11627906976744186,0.6923076923076923,0.6153846153846154
X1_to_X3,race_proxy_blind,TabPFN,0.5,0.5,sex,Female,234.0,0.3547008547008547,0.0,0.6452991452991453,0.0,0.0,1.0,
X1_to_X3,race_proxy_blind,TabPFN,0.5,0.5,sex,Male,1001.0,0.47952047952047955,0.22077922077922077,0.5654345654345654,0.27708333333333335,0.1689059500959693,0.7229166666666667,0.6018099547511312
X1_to_X3,race_proxy_blind,TabPFN,break_even,0.2523364485981308,race,African-American,636.0,0.5235849056603774,1.0,0.5235849056603774,1.0,1.0,0.0,0.5235849056603774
X1_to_X3,race_proxy_blind,TabPFN,break_even,0.2523364485981308,race,Asian,6.0,0.16666666666666666,1.0,0.16666666666666666,1.0,1.0,0.0,0.16666666666666666
X1_to_X3,race_proxy_blind,TabPFN,break_even,0.2523364485981308,race,Caucasian,420.0,0.3904761904761905,1.0,0.3904761904761905,1.0,1.0,0.0,0.3904761904761905
X1_to_X3,race_proxy_blind,TabPFN,break_even,0.2523364485981308,race,Hispanic,103.0,0.3786407766990291,1.0,0.3786407766990291,1.0,1.0,0.0,0.3786407766990291
X1_to_X3,race_proxy_blind,TabPFN,break_even,0.2523364485981308,race,Native American,1.0,0.0,1.0,0.0,,1.0,,0.0
X1_to_X3,race_proxy_blind,TabPFN,break_even,0.2523364485981308,race,Other,69.0,0.37681159420289856,1.0,0.37681159420289856,1.0,1.0,0.0,0.37681159420289856
X1_to_X3,race_proxy_blind,TabPFN,break_even,0.2523364485981308,sex,Female,234.0,0.3547008547008547,1.0,0.3547008547008547,1.0,1.0,0.0,0.3547008547008547
X1_to_X3,race_proxy_blind,TabPFN,break_even,0.2523364485981308,sex,Male,1001.0,0.47952047952047955,1.0,0.47952047952047955,1.0,1.0,0.0,0.47952047952047955
X1_to_X3,race_proxy_blind,COMPAS tool,tool,,race,African-American,636.0,0.5235849056603774,0.60062893081761,0.6745283018867925,0.7627627627627628,0.42244224422442245,0.23723723723723725,0.6649214659685864
X1_to_X3,race_proxy_blind,COMPAS tool,tool,,race,Asian,6.0,0.16666666666666666,0.0,0.8333333333333334,0.0,0.0,1.0,
X1_to_X3,race_proxy_blind,COMPAS tool,tool,,race,Caucasian,420.0,0.3904761904761905,0.35714285714285715,0.6428571428571429,0.5,0.265625,0.5,0.5466666666666666
X1_to_X3,race_proxy_blind,COMPAS tool,tool,,race,Hispanic,103.0,0.3786407766990291,0.2912621359223301,0.6601941747572816,0.4358974358974359,0.203125,0.5641025641025641,0.5666666666666667
X1_to_X3,race_proxy_blind,COMPAS tool,tool,,race,Native American,1.0,0.0,0.0,1.0,,0.0,,
X1_to_X3,race_proxy_blind,COMPAS tool,tool,,race,Other,69.0,0.37681159420289856,0.2028985507246377,0.7391304347826086,0.4230769230769231,0.06976744186046512,0.5769230769230769,0.7857142857142857
X1_to_X3,race_proxy_blind,COMPAS tool,tool,,sex,Female,234.0,0.3547008547008547,0.44871794871794873,0.6837606837606838,0.6867469879518072,0.31788079470198677,0.3132530120481928,0.5428571428571428
X1_to_X3,race_proxy_blind,COMPAS tool,tool,,sex,Male,1001.0,0.47952047952047955,0.47052947052947053,0.6633366633366633,0.6395833333333333,0.31477927063339733,0.36041666666666666,0.6518046709129511
X1_to_X3,sex_blind,TabPFN,0.5,0.5,race,African-American,636.0,0.5235849056603774,0.5188679245283019,0.6650943396226415,0.6756756756756757,0.3465346534653465,0.32432432432432434,0.6818181818181818
X1_to_X3,sex_blind,TabPFN,0.5,0.5,race,Asian,6.0,0.16666666666666666,0.0,0.8333333333333334,0.0,0.0,1.0,
X1_to_X3,sex_blind,TabPFN,0.5,0.5,race,Caucasian,420.0,0.3904761904761905,0.29285714285714287,0.6166666666666667,0.38414634146341464,0.234375,0.6158536585365854,0.5121951219512195
X1_to_X3,sex_blind,TabPFN,0.5,0.5,race,Hispanic,103.0,0.3786407766990291,0.2815533980582524,0.7281553398058253,0.5128205128205128,0.140625,0.48717948717948717,0.6896551724137931
X1_to_X3,sex_blind,TabPFN,0.5,0.5,race,Native American,1.0,0.0,0.0,1.0,,0.0,,
X1_to_X3,sex_blind,TabPFN,0.5,0.5,race,Other,69.0,0.37681159420289856,0.2753623188405797,0.7536231884057971,0.5384615384615384,0.11627906976744186,0.46153846153846156,0.7368421052631579
X1_to_X3,sex_blind,TabPFN,0.5,0.5,sex,Female,234.0,0.3547008547008547,0.3076923076923077,0.6111111111111112,0.3855421686746988,0.26490066225165565,0.6144578313253012,0.4444444444444444
X1_to_X3,sex_blind,TabPFN,0.5,0.5,sex,Male,1001.0,0.47952047952047955,0.42857142857142855,0.6713286713286714,0.6041666666666666,0.2667946257197697,0.3958333333333333,0.675990675990676
X1_to_X3,sex_blind,TabPFN,break_even,0.2523364485981308,race,African-American,636.0,0.5235849056603774,0.8050314465408805,0.6053459119496856,0.8918918918918919,0.7095709570957096,0.10810810810810811,0.580078125
X1_to_X3,sex_blind,TabPFN,break_even,0.2523364485981308,race,Asian,6.0,0.16666666666666666,0.5,0.6666666666666666,1.0,0.4,0.0,0.3333333333333333
X1_to_X3,sex_blind,TabPFN,break_even,0.2523364485981308,race,Caucasian,420.0,0.3904761904761905,0.6238095238095238,0.5952380952380952,0.7804878048780488,0.5234375,0.21951219512195122,0.48854961832061067
X1_to_X3,sex_blind,TabPFN,break_even,0.2523364485981308,race,Hispanic,103.0,0.3786407766990291,0.6504854368932039,0.5922330097087378,0.8205128205128205,0.546875,0.1794871794871795,0.47761194029850745
X1_to_X3,sex_blind,TabPFN,break_even,0.2523364485981308,race,Native American,1.0,0.0,1.0,0.0,,1.0,,0.0
X1_to_X3,sex_blind,TabPFN,break_even,0.2523364485981308,race,Other,69.0,0.37681159420289856,0.6086956521739131,0.6521739130434783,0.8461538461538461,0.46511627906976744,0.15384615384615385,0.5238095238095238
X1_to_X3,sex_blind,TabPFN,break_even,0.2523364485981308,sex,Female,234.0,0.3547008547008547,0.6581196581196581,0.5341880341880342,0.7710843373493976,0.5960264900662252,0.2289156626506024,0.4155844155844156
X1_to_X3,sex_blind,TabPFN,break_even,0.2523364485981308,sex,Male,1001.0,0.47952047952047955,0.7322677322677322,0.6193806193806194,0.8666666666666667,0.6084452975047985,0.13333333333333333,0.567530695770805
X1_to_X3,sex_blind,COMPAS tool,tool,,race,African-American,636.0,0.5235849056603774,0.60062893081761,0.6745283018867925,0.7627627627627628,0.42244224422442245,0.23723723723723725,0.6649214659685864
X1_to_X3,sex_blind,COMPAS tool,tool,,race,Asian,6.0,0.16666666666666666,0.0,0.8333333333333334,0.0,0.0,1.0,
X1_to_X3,sex_blind,COMPAS tool,tool,,race,Caucasian,420.0,0.3904761904761905,0.35714285714285715,0.6428571428571429,0.5,0.265625,0.5,0.5466666666666666
X1_to_X3,sex_blind,COMPAS tool,tool,,race,Hispanic,103.0,0.3786407766990291,0.2912621359223301,0.6601941747572816,0.4358974358974359,0.203125,0.5641025641025641,0.5666666666666667
X1_to_X3,sex_blind,COMPAS tool,tool,,race,Native American,1.0,0.0,0.0,1.0,,0.0,,
X1_to_X3,sex_blind,COMPAS tool,tool,,race,Other,69.0,0.37681159420289856,0.2028985507246377,0.7391304347826086,0.4230769230769231,0.06976744186046512,0.5769230769230769,0.7857142857142857
X1_to_X3,sex_blind,COMPAS tool,tool,,sex,Female,234.0,0.3547008547008547,0.44871794871794873,0.6837606837606838,0.6867469879518072,0.31788079470198677,0.3132530120481928,0.5428571428571428
X1_to_X3,sex_blind,COMPAS tool,tool,,sex,Male,1001.0,0.47952047952047955,0.47052947052947053,0.6633366633366633,0.6395833333333333,0.31477927063339733,0.36041666666666666,0.6518046709129511
X2_to_X3,age_blind,TabPFN,0.5,0.5,race,African-American,636.0,0.5235849056603774,0.45125786163522014,0.6163522012578616,0.5645645645645646,0.32673267326732675,0.43543543543543545,0.6550522648083623
X2_to_X3,age_blind,TabPFN,0.5,0.5,race,Asian,6.0,0.16666666666666666,0.0,0.8333333333333334,0.0,0.0,1.0,
X2_to_X3,age_blind,TabPFN,0.5,0.5,race,Caucasian,420.0,0.3904761904761905,0.18333333333333332,0.6404761904761904,0.27439024390243905,0.125,0.725609756097561,0.5844155844155844
X2_to_X3,age_blind,TabPFN,0.5,0.5,race,Hispanic,103.0,0.3786407766990291,0.13592233009708737,0.6407766990291263,0.20512820512820512,0.09375,0.7948717948717948,0.5714285714285714
X2_to_X3,age_blind,TabPFN,0.5,0.5,race,Native American,1.0,0.0,0.0,1.0,,0.0,,
X2_to_X3,age_blind,TabPFN,0.5,0.5,race,Other,69.0,0.37681159420289856,0.18840579710144928,0.7246376811594203,0.38461538461538464,0.06976744186046512,0.6153846153846154,0.7692307692307693
X2_to_X3,age_blind,TabPFN,0.5,0.5,sex,Female,234.0,0.3547008547008547,0.17094017094017094,0.6452991452991453,0.24096385542168675,0.13245033112582782,0.7590361445783133,0.5
X2_to_X3,age_blind,TabPFN,0.5,0.5,sex,Male,1001.0,0.47952047952047955,0.35064935064935066,0.6313686313686314,0.48125,0.23032629558541268,0.51875,0.6581196581196581
X2_to_X3,age_blind,TabPFN,break_even,0.2523364485981308,race,African-American,636.0,0.5235849056603774,0.9669811320754716,0.5345911949685535,0.978978978978979,0.9537953795379538,0.021021021021021023,0.5300813008130081
X2_to_X3,age_blind,TabPFN,break_even,0.2523364485981308,race,Asian,6.0,0.16666666666666666,0.6666666666666666,0.5,1.0,0.6,0.0,0.25
X2_to_X3,age_blind,TabPFN,break_even,0.2523364485981308,race,Caucasian,420.0,0.3904761904761905,0.9,0.43333333333333335,0.926829268292683,0.8828125,0.07317073170731707,0.4021164021164021
X2_to_X3,age_blind,TabPFN,break_even,0.2523364485981308,race,Hispanic,103.0,0.3786407766990291,0.7669902912621359,0.49514563106796117,0.8461538461538461,0.71875,0.15384615384615385,0.4177215189873418
X2_to_X3,age_blind,TabPFN,break_even,0.2523364485981308,race,Native American,1.0,0.0,1.0,0.0,,1.0,,0.0
X2_to_X3,age_blind,TabPFN,break_even,0.2523364485981308,race,Other,69.0,0.37681159420289856,0.782608695652174,0.5942028985507246,1.0,0.6511627906976745,0.0,0.48148148148148145
X2_to_X3,age_blind,TabPFN,break_even,0.2523364485981308,sex,Female,234.0,0.3547008547008547,0.6709401709401709,0.5042735042735043,0.7469879518072289,0.6291390728476821,0.25301204819277107,0.39490445859872614
X2_to_X3,age_blind,TabPFN,break_even,0.2523364485981308,sex,Male,1001.0,0.47952047952047955,0.973026973026973,0.4985014985014985,0.9916666666666667,0.9558541266794626,0.008333333333333333,0.4887063655030801
X2_to_X3,age_blind,COMPAS tool,tool,,race,African-American,636.0,0.5235849056603774,0.60062893081761,0.6745283018867925,0.7627627627627628,0.42244224422442245,0.23723723723723725,0.6649214659685864
X2_to_X3,age_blind,COMPAS tool,tool,,race,Asian,6.0,0.16666666666666666,0.0,0.8333333333333334,0.0,0.0,1.0,
X2_to_X3,age_blind,COMPAS tool,tool,,race,Caucasian,420.0,0.3904761904761905,0.35714285714285715,0.6428571428571429,0.5,0.265625,0.5,0.5466666666666666
X2_to_X3,age_blind,COMPAS tool,tool,,race,Hispanic,103.0,0.3786407766990291,0.2912621359223301,0.6601941747572816,0.4358974358974359,0.203125,0.5641025641025641,0.5666666666666667
X2_to_X3,age_blind,COMPAS tool,tool,,race,Native American,1.0,0.0,0.0,1.0,,0.0,,
X2_to_X3,age_blind,COMPAS tool,tool,,race,Other,69.0,0.37681159420289856,0.2028985507246377,0.7391304347826086,0.4230769230769231,0.06976744186046512,0.5769230769230769,0.7857142857142857
X2_to_X3,age_blind,COMPAS tool,tool,,sex,Female,234.0,0.3547008547008547,0.44871794871794873,0.6837606837606838,0.6867469879518072,0.31788079470198677,0.3132530120481928,0.5428571428571428
X2_to_X3,age_blind,COMPAS tool,tool,,sex,Male,1001.0,0.47952047952047955,0.47052947052947053,0.6633366633366633,0.6395833333333333,0.31477927063339733,0.36041666666666666,0.6518046709129511
X2_to_X3,protected_blind,TabPFN,0.5,0.5,race,African-American,636.0,0.5235849056603774,0.4166666666666667,0.6163522012578616,0.5315315315315315,0.29042904290429045,0.46846846846846846,0.6679245283018868
X2_to_X3,protected_blind,TabPFN,0.5,0.5,race,Asian,6.0,0.16666666666666666,0.0,0.8333333333333334,0.0,0.0,1.0,
X2_to_X3,protected_blind,TabPFN,0.5,0.5,race,Caucasian,420.0,0.3904761904761905,0.2619047619047619,0.6238095238095238,0.35365853658536583,0.203125,0.6463414634146342,0.5272727272727272
X2_to_X3,protected_blind,TabPFN,0.5,0.5,race,Hispanic,103.0,0.3786407766990291,0.18446601941747573,0.6893203883495146,0.3333333333333333,0.09375,0.6666666666666666,0.6842105263157895
X2_to_X3,protected_blind,TabPFN,0.5,0.5,race,Native American,1.0,0.0,0.0,1.0,,0.0,,
X2_to_X3,protected_blind,TabPFN,0.5,0.5,race,Other,69.0,0.37681159420289856,0.2318840579710145,0.7681159420289855,0.5,0.06976744186046512,0.5,0.8125
X2_to_X3,protected_blind,TabPFN,0.5,0.5,sex,Female,234.0,0.3547008547008547,0.23931623931623933,0.6196581196581197,0.30120481927710846,0.2052980132450331,0.6987951807228916,0.44642857142857145
X2_to_X3,protected_blind,TabPFN,0.5,0.5,sex,Male,1001.0,0.47952047952047955,0.35364635364635366,0.6383616383616384,0.49166666666666664,0.22648752399232247,0.5083333333333333,0.6666666666666666
X2_to_X3,protected_blind,TabPFN,break_even,0.2523364485981308,race,African-American,636.0,0.5235849056603774,0.8789308176100629,0.5628930817610063,0.9219219219219219,0.8316831683168316,0.07807807807807808,0.5491949910554562
X2_to_X3,protected_blind,TabPFN,break_even,0.2523364485981308,race,Asian,6.0,0.16666666666666666,0.6666666666666666,0.5,1.0,0.6,0.0,0.25
X2_to_X3,protected_blind,TabPFN,break_even,0.2523364485981308,race,Caucasian,420.0,0.3904761904761905,0.7928571428571428,0.5071428571428571,0.8841463414634146,0.734375,0.11585365853658537,0.43543543543543545
X2_to_X3,protected_blind,TabPFN,break_even,0.2523364485981308,race,Hispanic,103.0,0.3786407766990291,0.7766990291262136,0.4854368932038835,0.8461538461538461,0.734375,0.15384615384615385,0.4125
X2_to_X3,protected_blind,TabPFN,break_even,0.2523364485981308,race,Native American,1.0,0.0,1.0,0.0,,1.0,,0.0
X2_to_X3,protected_blind,TabPFN,break_even,0.2523364485981308,race,Other,69.0,0.37681159420289856,0.855072463768116,0.5217391304347826,1.0,0.7674418604651163,0.0,0.4406779661016949
X2_to_X3,protected_blind,TabPFN,break_even,0.2523364485981308,sex,Female,234.0,0.3547008547008547,0.7649572649572649,0.46153846153846156,0.8192771084337349,0.7350993377483444,0.18072289156626506,0.37988826815642457
X2_to_X3,protected_blind,TabPFN,break_even,0.2523364485981308,sex,Male,1001.0,0.47952047952047955,0.8561438561438561,0.5514485514485514,0.925,0.7927063339731286,0.075,0.5180863477246208
X2_to_X3,protected_blind,COMPAS tool,tool,,race,African-American,636.0,0.5235849056603774,0.60062893081761,0.6745283018867925,0.7627627627627628,0.42244224422442245,0.23723723723723725,0.6649214659685864
X2_to_X3,protected_blind,COMPAS tool,tool,,race,Asian,6.0,0.16666666666666666,0.0,0.8333333333333334,0.0,0.0,1.0,
X2_to_X3,protected_blind,COMPAS tool,tool,,race,Caucasian,420.0,0.3904761904761905,0.35714285714285715,0.6428571428571429,0.5,0.265625,0.5,0.5466666666666666
X2_to_X3,protected_blind,COMPAS tool,tool,,race,Hispanic,103.0,0.3786407766990291,0.2912621359223301,0.6601941747572816,0.4358974358974359,0.203125,0.5641025641025641,0.5666666666666667
X2_to_X3,protected_blind,COMPAS tool,tool,,race,Native American,1.0,0.0,0.0,1.0,,0.0,,
X2_to_X3,protected_blind,COMPAS tool,tool,,race,Other,69.0,0.37681159420289856,0.2028985507246377,0.7391304347826086,0.4230769230769231,0.06976744186046512,0.5769230769230769,0.7857142857142857
X2_to_X3,protected_blind,COMPAS tool,tool,,sex,Female,234.0,0.3547008547008547,0.44871794871794873,0.6837606837606838,0.6867469879518072,0.31788079470198677,0.3132530120481928,0.5428571428571428
X2_to_X3,protected_blind,COMPAS tool,tool,,sex,Male,1001.0,0.47952047952047955,0.47052947052947053,0.6633366633366633,0.6395833333333333,0.31477927063339733,0.36041666666666666,0.6518046709129511
X2_to_X3,race_aware,TabPFN,0.5,0.5,race,African-American,636.0,0.5235849056603774,0.4937106918238994,0.6619496855345912,0.6486486486486487,0.3234323432343234,0.35135135135135137,0.6878980891719745
X2_to_X3,race_aware,TabPFN,0.5,0.5,race,Asian,6.0,0.16666666666666666,0.0,0.8333333333333334,0.0,0.0,1.0,
X2_to_X3,race_aware,TabPFN,0.5,0.5,race,Caucasian,420.0,0.3904761904761905,0.24523809523809523,0.65,0.36585365853658536,0.16796875,0.6341463414634146,0.5825242718446602
X2_to_X3,race_aware,TabPFN,0.5,0.5,race,Hispanic,103.0,0.3786407766990291,0.22330097087378642,0.6893203883495146,0.38461538461538464,0.125,0.6153846153846154,0.6521739130434783
X2_to_X3,race_aware,TabPFN,0.5,0.5,race,Native American,1.0,0.0,0.0,1.0,,0.0,,
X2_to_X3,race_aware,TabPFN,0.5,0.5,race,Other,69.0,0.37681159420289856,0.2608695652173913,0.7391304347826086,0.5,0.11627906976744186,0.5,0.7222222222222222
X2_to_X3,race_aware,TabPFN,0.5,0.5,sex,Female,234.0,0.3547008547008547,0.2264957264957265,0.6581196581196581,0.3373493975903614,0.16556291390728478,0.6626506024096386,0.5283018867924528
X2_to_X3,race_aware,TabPFN,0.5,0.5,sex,Male,1001.0,0.47952047952047955,0.4045954045954046,0.6673326673326674,0.575,0.2476007677543186,0.425,0.6814814814814815
X2_to_X3,race_aware,TabPFN,break_even,0.2523364485981308,race,African-American,636.0,0.5235849056603774,0.8616352201257862,0.5833333333333334,0.924924924924925,0.7920792079207921,0.07507507507507508,0.5620437956204379
X2_to_X3,race_aware,TabPFN,break_even,0.2523364485981308,race,Asian,6.0,0.16666666666666666,0.5,0.6666666666666666,1.0,0.4,0.0,0.3333333333333333
X2_to_X3,race_aware,TabPFN,break_even,0.2523364485981308,race,Caucasian,420.0,0.3904761904761905,0.7380952380952381,0.5333333333333333,0.8475609756097561,0.66796875,0.1524390243902439,0.4483870967741935
X2_to_X3,race_aware,TabPFN,break_even,0.2523364485981308,race,Hispanic,103.0,0.3786407766990291,0.7184466019417476,0.5631067961165048,0.8717948717948718,0.625,0.1282051282051282,0.4594594594594595
X2_to_X3,race_aware,TabPFN,break_even,0.2523364485981308,race,Native American,1.0,0.0,1.0,0.0,,1.0,,0.0
X2_to_X3,race_aware,TabPFN,break_even,0.2523364485981308,race,Other,69.0,0.37681159420289856,0.6956521739130435,0.6521739130434783,0.9615384615384616,0.5348837209302325,0.038461538461538464,0.5208333333333334
X2_to_X3,race_aware,TabPFN,break_even,0.2523364485981308,sex,Female,234.0,0.3547008547008547,0.6410256410256411,0.5427350427350427,0.7590361445783133,0.5761589403973509,0.24096385542168675,0.42
X2_to_X3,race_aware,TabPFN,break_even,0.2523364485981308,sex,Male,1001.0,0.47952047952047955,0.8331668331668332,0.5744255744255744,0.925,0.7485604606525912,0.075,0.5323741007194245
X2_to_X3,race_aware,COMPAS tool,tool,,race,African-American,636.0,0.5235849056603774,0.60062893081761,0.6745283018867925,0.7627627627627628,0.42244224422442245,0.23723723723723725,0.6649214659685864
X2_to_X3,race_aware,COMPAS tool,tool,,race,Asian,6.0,0.16666666666666666,0.0,0.8333333333333334,0.0,0.0,1.0,
X2_to_X3,race_aware,COMPAS tool,tool,,race,Caucasian,420.0,0.3904761904761905,0.35714285714285715,0.6428571428571429,0.5,0.265625,0.5,0.5466666666666666
X2_to_X3,race_aware,COMPAS tool,tool,,race,Hispanic,103.0,0.3786407766990291,0.2912621359223301,0.6601941747572816,0.4358974358974359,0.203125,0.5641025641025641,0.5666666666666667
X2_to_X3,race_aware,COMPAS tool,tool,,race,Native American,1.0,0.0,0.0,1.0,,0.0,,
X2_to_X3,race_aware,COMPAS tool,tool,,race,Other,69.0,0.37681159420289856,0.2028985507246377,0.7391304347826086,0.4230769230769231,0.06976744186046512,0.5769230769230769,0.7857142857142857
X2_to_X3,race_aware,COMPAS tool,tool,,sex,Female,234.0,0.3547008547008547,0.44871794871794873,0.6837606837606838,0.6867469879518072,0.31788079470198677,0.3132530120481928,0.5428571428571428
X2_to_X3,race_aware,COMPAS tool,tool,,sex,Male,1001.0,0.47952047952047955,0.47052947052947053,0.6633366633366633,0.6395833333333333,0.31477927063339733,0.36041666666666666,0.6518046709129511
X2_to_X3,race_blind,TabPFN,0.5,0.5,race,African-American,636.0,0.5235849056603774,0.47955974842767296,0.6635220125786163,0.6366366366366366,0.3069306930693069,0.3633633633633634,0.6950819672131148
X2_to_X3,race_blind,TabPFN,0.5,0.5,race,Asian,6.0,0.16666666666666666,0.0,0.8333333333333334,0.0,0.0,1.0,
X2_to_X3,race_blind,TabPFN,0.5,0.5,race,Caucasian,420.0,0.3904761904761905,0.25952380952380955,0.65,0.38414634146341464,0.1796875,0.6158536585365854,0.5779816513761468
X2_to_X3,race_blind,TabPFN,0.5,0.5,race,Hispanic,103.0,0.3786407766990291,0.27184466019417475,0.7378640776699029,0.5128205128205128,0.125,0.48717948717948717,0.7142857142857143
X2_to_X3,race_blind,TabPFN,0.5,0.5,race,Native American,1.0,0.0,0.0,1.0,,0.0,,
X2_to_X3,race_blind,TabPFN,0.5,0.5,race,Other,69.0,0.37681159420289856,0.2753623188405797,0.7536231884057971,0.5384615384615384,0.11627906976744186,0.46153846153846156,0.7368421052631579
X2_to_X3,race_blind,TabPFN,0.5,0.5,sex,Female,234.0,0.3547008547008547,0.18803418803418803,0.6623931623931624,0.2891566265060241,0.13245033112582782,0.7108433734939759,0.5454545454545454
X2_to_X3,race_blind,TabPFN,0.5,0.5,sex,Male,1001.0,0.47952047952047955,0.4165834165834166,0.6733266733266733,0.59375,0.2533589251439539,0.40625,0.6834532374100719
X2_to_X3,race_blind,TabPFN,break_even,0.2523364485981308,race,African-American,636.0,0.5235849056603774,0.9072327044025157,0.5660377358490566,0.9519519519519519,0.858085808580858,0.04804804804804805,0.5493934142114385
X2_to_X3,race_blind,TabPFN,break_even,0.2523364485981308,race,Asian,6.0,0.16666666666666666,0.6666666666666666,0.5,1.0,0.6,0.0,0.25
X2_to_X3,race_blind,TabPFN,break_even,0.2523364485981308,race,Caucasian,420.0,0.3904761904761905,0.7380952380952381,0.5333333333333333,0.8475609756097561,0.66796875,0.1524390243902439,0.4483870967741935
X2_to_X3,race_blind,TabPFN,break_even,0.2523364485981308,race,Hispanic,103.0,0.3786407766990291,0.7864077669902912,0.5145631067961165,0.8974358974358975,0.71875,0.10256410256410256,0.43209876543209874
X2_to_X3,race_blind,TabPFN,break_even,0.2523364485981308,race,Native American,1.0,0.0,1.0,0.0,,1.0,,0.0
X2_to_X3,race_blind,TabPFN,break_even,0.2523364485981308,race,Other,69.0,0.37681159420289856,0.7971014492753623,0.5507246376811594,0.9615384615384616,0.6976744186046512,0.038461538461538464,0.45454545454545453
X2_to_X3,race_blind,TabPFN,break_even,0.2523364485981308,sex,Female,234.0,0.3547008547008547,0.6410256410256411,0.5427350427350427,0.7590361445783133,0.5761589403973509,0.24096385542168675,0.42
X2_to_X3,race_blind,TabPFN,break_even,0.2523364485981308,sex,Male,1001.0,0.47952047952047955,0.8771228771228772,0.5504495504495505,0.9458333333333333,0.8138195777351248,0.05416666666666667,0.5170842824601367
X2_to_X3,race_blind,COMPAS tool,tool,,race,African-American,636.0,0.5235849056603774,0.60062893081761,0.6745283018867925,0.7627627627627628,0.42244224422442245,0.23723723723723725,0.6649214659685864
X2_to_X3,race_blind,COMPAS tool,tool,,race,Asian,6.0,0.16666666666666666,0.0,0.8333333333333334,0.0,0.0,1.0,
X2_to_X3,race_blind,COMPAS tool,tool,,race,Caucasian,420.0,0.3904761904761905,0.35714285714285715,0.6428571428571429,0.5,0.265625,0.5,0.5466666666666666
X2_to_X3,race_blind,COMPAS tool,tool,,race,Hispanic,103.0,0.3786407766990291,0.2912621359223301,0.6601941747572816,0.4358974358974359,0.203125,0.5641025641025641,0.5666666666666667
X2_to_X3,race_blind,COMPAS tool,tool,,race,Native American,1.0,0.0,0.0,1.0,,0.0,,
X2_to_X3,race_blind,COMPAS tool,tool,,race,Other,69.0,0.37681159420289856,0.2028985507246377,0.7391304347826086,0.4230769230769231,0.06976744186046512,0.5769230769230769,0.7857142857142857
X2_to_X3,race_blind,COMPAS tool,tool,,sex,Female,234.0,0.3547008547008547,0.44871794871794873,0.6837606837606838,0.6867469879518072,0.31788079470198677,0.3132530120481928,0.5428571428571428
X2_to_X3,race_blind,COMPAS tool,tool,,sex,Male,1001.0,0.47952047952047955,0.47052947052947053,0.6633366633366633,0.6395833333333333,0.31477927063339733,0.36041666666666666,0.6518046709129511
X2_to_X3,race_priors_blind,TabPFN,0.5,0.5,race,African-American,636.0,0.5235849056603774,0.5220125786163522,0.5833333333333334,0.6006006006006006,0.43564356435643564,0.3993993993993994,0.6024096385542169
X2_to_X3,race_priors_blind,TabPFN,0.5,0.5,race,Asian,6.0,0.16666666666666666,0.3333333333333333,0.8333333333333334,1.0,0.2,0.0,0.5
X2_to_X3,race_priors_blind,TabPFN,0.5,0.5,race,Caucasian,420.0,0.3904761904761905,0.38333333333333336,0.6071428571428571,0.4878048780487805,0.31640625,0.5121951219512195,0.4968944099378882
X2_to_X3,race_priors_blind,TabPFN,0.5,0.5,race,Hispanic,103.0,0.3786407766990291,0.44660194174757284,0.6019417475728155,0.5641025641025641,0.375,0.4358974358974359,0.4782608695652174
X2_to_X3,race_priors_blind,TabPFN,0.5,0.5,race,Native American,1.0,0.0,1.0,0.0,,1.0,,0.0
X2_to_X3,race_priors_blind,TabPFN,0.5,0.5,race,Other,69.0,0.37681159420289856,0.43478260869565216,0.6521739130434783,0.6153846153846154,0.32558139534883723,0.38461538461538464,0.5333333333333333
X2_to_X3,race_priors_blind,TabPFN,0.5,0.5,sex,Female,234.0,0.3547008547008547,0.0,0.6452991452991453,0.0,0.0,1.0,
X2_to_X3,race_priors_blind,TabPFN,0.5,0.5,sex,Male,1001.0,0.47952047952047955,0.5714285714285714,0.5864135864135864,0.6645833333333333,0.4856046065259117,0.33541666666666664,0.5576923076923077
X2_to_X3,race_priors_blind,TabPFN,break_even,0.2523364485981308,race,African-American,636.0,0.5235849056603774,0.9937106918238994,0.5267295597484277,0.996996996996997,0.9900990099009901,0.003003003003003003,0.5253164556962026
X2_to_X3,race_priors_blind,TabPFN,break_even,0.2523364485981308,race,Asian,6.0,0.16666666666666666,1.0,0.16666666666666666,1.0,1.0,0.0,0.16666666666666666
X2_to_X3,race_priors_blind,TabPFN,break_even,0.2523364485981308,race,Caucasian,420.0,0.3904761904761905,0.9571428571428572,0.4095238095238095,0.9695121951219512,0.94921875,0.03048780487804878,0.39552238805970147
X2_to_X3,race_priors_blind,TabPFN,break_even,0.2523364485981308,race,Hispanic,103.0,0.3786407766990291,0.9805825242718447,0.39805825242718446,1.0,0.96875,0.0,0.38613861386138615
X2_to_X3,race_priors_blind,TabPFN,break_even,0.2523364485981308,race,Native American,1.0,0.0,1.0,0.0,,1.0,,0.0
X2_to_X3,race_priors_blind,TabPFN,break_even,0.2523364485981308,race,Other,69.0,0.37681159420289856,1.0,0.37681159420289856,1.0,1.0,0.0,0.37681159420289856
X2_to_X3,race_priors_blind,TabPFN,break_even,0.2523364485981308,sex,Female,234.0,0.3547008547008547,0.8974358974358975,0.405982905982906,0.927710843373494,0.8807947019867549,0.07228915662650602,0.36666666666666664
X2_to_X3,race_priors_blind,TabPFN,break_even,0.2523364485981308,sex,Male,1001.0,0.47952047952047955,1.0,0.47952047952047955,1.0,1.0,0.0,0.47952047952047955
X2_to_X3,race_priors_blind,COMPAS tool,tool,,race,African-American,636.0,0.5235849056603774,0.60062893081761,0.6745283018867925,0.7627627627627628,0.42244224422442245,0.23723723723723725,0.6649214659685864
X2_to_X3,race_priors_blind,COMPAS tool,tool,,race,Asian,6.0,0.16666666666666666,0.0,0.8333333333333334,0.0,0.0,1.0,
X2_to_X3,race_priors_blind,COMPAS tool,tool,,race,Caucasian,420.0,0.3904761904761905,0.35714285714285715,0.6428571428571429,0.5,0.265625,0.5,0.5466666666666666
X2_to_X3,race_priors_blind,COMPAS tool,tool,,race,Hispanic,103.0,0.3786407766990291,0.2912621359223301,0.6601941747572816,0.4358974358974359,0.203125,0.5641025641025641,0.5666666666666667
X2_to_X3,race_priors_blind,COMPAS tool,tool,,race,Native American,1.0,0.0,0.0,1.0,,0.0,,
X2_to_X3,race_priors_blind,COMPAS tool,tool,,race,Other,69.0,0.37681159420289856,0.2028985507246377,0.7391304347826086,0.4230769230769231,0.06976744186046512,0.5769230769230769,0.7857142857142857
X2_to_X3,race_priors_blind,COMPAS tool,tool,,sex,Female,234.0,0.3547008547008547,0.44871794871794873,0.6837606837606838,0.6867469879518072,0.31788079470198677,0.3132530120481928,0.5428571428571428
X2_to_X3,race_priors_blind,COMPAS tool,tool,,sex,Male,1001.0,0.47952047952047955,0.47052947052947053,0.6633366633366633,0.6395833333333333,0.31477927063339733,0.36041666666666666,0.6518046709129511
X2_to_X3,race_proxy_blind,TabPFN,0.5,0.5,race,African-American,636.0,0.5235849056603774,0.20911949685534592,0.5377358490566038,0.25825825825825827,0.1551155115511551,0.7417417417417418,0.6466165413533834
X2_to_X3,race_proxy_blind,TabPFN,0.5,0.5,race,Asian,6.0,0.16666666666666666,0.16666666666666666,0.6666666666666666,0.0,0.2,1.0,0.0
X2_to_X3,race_proxy_blind,TabPFN,0.5,0.5,race,Caucasian,420.0,0.3904761904761905,0.13095238095238096,0.6166666666666667,0.17682926829268292,0.1015625,0.823170731707317,0.5272727272727272
X2_to_X3,race_proxy_blind,TabPFN,0.5,0.5,race,Hispanic,103.0,0.3786407766990291,0.18446601941747573,0.6310679611650486,0.2564102564102564,0.140625,0.7435897435897436,0.5263157894736842
X2_to_X3,race_proxy_blind,TabPFN,0.5,0.5,race,Native American,1.0,0.0,0.0,1.0,,0.0,,
X2_to_X3,race_proxy_blind,TabPFN,0.5,0.5,race,Other,69.0,0.37681159420289856,0.18840579710144928,0.6666666666666666,0.3076923076923077,0.11627906976744186,0.6923076923076923,0.6153846153846154
X2_to_X3,race_proxy_blind,TabPFN,0.5,0.5,sex,Female,234.0,0.3547008547008547,0.0,0.6452991452991453,0.0,0.0,1.0,
X2_to_X3,race_proxy_blind,TabPFN,0.5,0.5,sex,Male,1001.0,0.47952047952047955,0.22077922077922077,0.5654345654345654,0.27708333333333335,0.1689059500959693,0.7229166666666667,0.6018099547511312
X2_to_X3,race_proxy_blind,TabPFN,break_even,0.2523364485981308,race,African-American,636.0,0.5235849056603774,1.0,0.5235849056603774,1.0,1.0,0.0,0.5235849056603774
X2_to_X3,race_proxy_blind,TabPFN,break_even,0.2523364485981308,race,Asian,6.0,0.16666666666666666,1.0,0.16666666666666666,1.0,1.0,0.0,0.16666666666666666
X2_to_X3,race_proxy_blind,TabPFN,break_even,0.2523364485981308,race,Caucasian,420.0,0.3904761904761905,1.0,0.3904761904761905,1.0,1.0,0.0,0.3904761904761905
X2_to_X3,race_proxy_blind,TabPFN,break_even,0.2523364485981308,race,Hispanic,103.0,0.3786407766990291,1.0,0.3786407766990291,1.0,1.0,0.0,0.3786407766990291
X2_to_X3,race_proxy_blind,TabPFN,break_even,0.2523364485981308,race,Native American,1.0,0.0,1.0,0.0,,1.0,,0.0
X2_to_X3,race_proxy_blind,TabPFN,break_even,0.2523364485981308,race,Other,69.0,0.37681159420289856,1.0,0.37681159420289856,1.0,1.0,0.0,0.37681159420289856
X2_to_X3,race_proxy_blind,TabPFN,break_even,0.2523364485981308,sex,Female,234.0,0.3547008547008547,1.0,0.3547008547008547,1.0,1.0,0.0,0.3547008547008547
X2_to_X3,race_proxy_blind,TabPFN,break_even,0.2523364485981308,sex,Male,1001.0,0.47952047952047955,1.0,0.47952047952047955,1.0,1.0,0.0,0.47952047952047955
X2_to_X3,race_proxy_blind,COMPAS tool,tool,,race,African-American,636.0,0.5235849056603774,0.60062893081761,0.6745283018867925,0.7627627627627628,0.42244224422442245,0.23723723723723725,0.6649214659685864
X2_to_X3,race_proxy_blind,COMPAS tool,tool,,race,Asian,6.0,0.16666666666666666,0.0,0.8333333333333334,0.0,0.0,1.0,
X2_to_X3,race_proxy_blind,COMPAS tool,tool,,race,Caucasian,420.0,0.3904761904761905,0.35714285714285715,0.6428571428571429,0.5,0.265625,0.5,0.5466666666666666
X2_to_X3,race_proxy_blind,COMPAS tool,tool,,race,Hispanic,103.0,0.3786407766990291,0.2912621359223301,0.6601941747572816,0.4358974358974359,0.203125,0.5641025641025641,0.5666666666666667
X2_to_X3,race_proxy_blind,COMPAS tool,tool,,race,Native American,1.0,0.0,0.0,1.0,,0.0,,
X2_to_X3,race_proxy_blind,COMPAS tool,tool,,race,Other,69.0,0.37681159420289856,0.2028985507246377,0.7391304347826086,0.4230769230769231,0.06976744186046512,0.5769230769230769,0.7857142857142857
X2_to_X3,race_proxy_blind,COMPAS tool,tool,,sex,Female,234.0,0.3547008547008547,0.44871794871794873,0.6837606837606838,0.6867469879518072,0.31788079470198677,0.3132530120481928,0.5428571428571428
X2_to_X3,race_proxy_blind,COMPAS tool,tool,,sex,Male,1001.0,0.47952047952047955,0.47052947052947053,0.6633366633366633,0.6395833333333333,0.31477927063339733,0.36041666666666666,0.6518046709129511
X2_to_X3,sex_blind,TabPFN,0.5,0.5,race,African-American,636.0,0.5235849056603774,0.5015723270440252,0.6635220125786163,0.6576576576576577,0.33003300330033003,0.34234234234234234,0.6865203761755486
X2_to_X3,sex_blind,TabPFN,0.5,0.5,race,Asian,6.0,0.16666666666666666,0.0,0.8333333333333334,0.0,0.0,1.0,
X2_to_X3,sex_blind,TabPFN,0.5,0.5,race,Caucasian,420.0,0.3904761904761905,0.24761904761904763,0.6476190476190476,0.36585365853658536,0.171875,0.6341463414634146,0.5769230769230769
X2_to_X3,sex_blind,TabPFN,0.5,0.5,race,Hispanic,103.0,0.3786407766990291,0.24271844660194175,0.6893203883495146,0.41025641025641024,0.140625,0.5897435897435898,0.64
X2_to_X3,sex_blind,TabPFN,0.5,0.5,race,Native American,1.0,0.0,0.0,1.0,,0.0,,
X2_to_X3,sex_blind,TabPFN,0.5,0.5,race,Other,69.0,0.37681159420289856,0.2608695652173913,0.7391304347826086,0.5,0.11627906976744186,0.5,0.7222222222222222
X2_to_X3,sex_blind,TabPFN,0.5,0.5,sex,Female,234.0,0.3547008547008547,0.2692307692307692,0.6410256410256411,0.37349397590361444,0.2119205298013245,0.6265060240963856,0.49206349206349204
X2_to_X3,sex_blind,TabPFN,0.5,0.5,sex,Male,1001.0,0.47952047952047955,0.4025974025974026,0.6713286713286714,0.5770833333333333,0.2418426103646833,0.42291666666666666,0.6873449131513648
X2_to_X3,sex_blind,TabPFN,break_even,0.2523364485981308,race,African-American,636.0,0.5235849056603774,0.800314465408805,0.6069182389937107,0.8888888888888888,0.7029702970297029,0.1111111111111111,0.581532416502947
X2_to_X3,sex_blind,TabPFN,break_even,0.2523364485981308,race,Asian,6.0,0.16666666666666666,0.5,0.6666666666666666,1.0,0.4,0.0,0.3333333333333333
X2_to_X3,sex_blind,TabPFN,break_even,0.2523364485981308,race,Caucasian,420.0,0.3904761904761905,0.6833333333333333,0.5738095238095238,0.8292682926829268,0.58984375,0.17073170731707318,0.4738675958188153
X2_to_X3,sex_blind,TabPFN,break_even,0.2523364485981308,race,Hispanic,103.0,0.3786407766990291,0.7281553398058253,0.5533980582524272,0.8717948717948718,0.640625,0.1282051282051282,0.4533333333333333
X2_to_X3,sex_blind,TabPFN,break_even,0.2523364485981308,race,Native American,1.0,0.0,1.0,0.0,,1.0,,0.0
X2_to_X3,sex_blind,TabPFN,break_even,0.2523364485981308,race,Other,69.0,0.37681159420289856,0.5797101449275363,0.6811594202898551,0.8461538461538461,0.4186046511627907,0.15384615384615385,0.55
X2_to_X3,sex_blind,TabPFN,break_even,0.2523364485981308,sex,Female,234.0,0.3547008547008547,0.6794871794871795,0.5299145299145299,0.7951807228915663,0.6158940397350994,0.20481927710843373,0.41509433962264153
X2_to_X3,sex_blind,TabPFN,break_even,0.2523364485981308,sex,Male,1001.0,0.47952047952047955,0.7552447552447552,0.6103896103896104,0.88125,0.6391554702495201,0.11875,0.5595238095238095
X2_to_X3,sex_blind,COMPAS tool,tool,,race,African-American,636.0,0.5235849056603774,0.60062893081761,0.6745283018867925,0.7627627627627628,0.42244224422442245,0.23723723723723725,0.6649214659685864
X2_to_X3,sex_blind,COMPAS tool,tool,,race,Asian,6.0,0.16666666666666666,0.0,0.8333333333333334,0.0,0.0,1.0,
X2_to_X3,sex_blind,COMPAS tool,tool,,race,Caucasian,420.0,0.3904761904761905,0.35714285714285715,0.6428571428571429,0.5,0.265625,0.5,0.5466666666666666
X2_to_X3,sex_blind,COMPAS tool,tool,,race,Hispanic,103.0,0.3786407766990291,0.2912621359223301,0.6601941747572816,0.4358974358974359,0.203125,0.5641025641025641,0.5666666666666667
X2_to_X3,sex_blind,COMPAS tool,tool,,race,Native American,1.0,0.0,0.0,1.0,,0.0,,
X2_to_X3,sex_blind,COMPAS tool,tool,,race,Other,69.0,0.37681159420289856,0.2028985507246377,0.7391304347826086,0.4230769230769231,0.06976744186046512,0.5769230769230769,0.7857142857142857
X2_to_X3,sex_blind,COMPAS tool,tool,,sex,Female,234.0,0.3547008547008547,0.44871794871794873,0.6837606837606838,0.6867469879518072,0.31788079470198677,0.3132530120481928,0.5428571428571428
X2_to_X3,sex_blind,COMPAS tool,tool,,sex,Male,1001.0,0.47952047952047955,0.47052947052947053,0.6633366633366633,0.6395833333333333,0.31477927063339733,0.36041666666666666,0.6518046709129511
holdout,age_blind,TabPFN,0.5,0.5,race,African-American,956.0,0.5345188284518828,0.48221757322175735,0.6380753138075314,0.6125244618395304,0.3325842696629214,0.38747553816046965,0.6789587852494577
holdout,age_blind,TabPFN,0.5,0.5,race,Asian,11.0,0.2727272727272727,0.0,0.7272727272727273,0.0,0.0,1.0,
holdout,age_blind,TabPFN,0.5,0.5,race,Caucasian,645.0,0.37209302325581395,0.21085271317829457,0.6403100775193798,0.3,0.1580246913580247,0.7,0.5294117647058824
holdout,age_blind,TabPFN,0.5,0.5,race,Hispanic,141.0,0.425531914893617,0.22695035460992907,0.6595744680851063,0.36666666666666664,0.12345679012345678,0.6333333333333333,0.6875
holdout,age_blind,TabPFN,0.5,0.5,race,Native American,2.0,0.0,0.0,1.0,,0.0,,
holdout,age_blind,TabPFN,0.5,0.5,race,Other,97.0,0.29896907216494845,0.12371134020618557,0.7216494845360825,0.2413793103448276,0.07352941176470588,0.7586206896551724,0.5833333333333334
holdout,age_blind,TabPFN,0.5,0.5,sex,Female,360.0,0.3527777777777778,0.17222222222222222,0.6916666666666667,0.30708661417322836,0.09871244635193133,0.6929133858267716,0.6290322580645161
holdout,age_blind,TabPFN,0.5,0.5,sex,Male,1492.0,0.47989276139410186,0.38806970509383376,0.6347184986595175,0.5237430167597765,0.26288659793814434,0.4762569832402235,0.6476683937823834
holdout,age_blind,TabPFN,break_even,0.2523364485981308,race,African-American,956.0,0.5345188284518828,0.9675732217573222,0.5564853556485355,0.9902152641878669,0.9415730337078652,0.009784735812133072,0.547027027027027
holdout,age_blind,TabPFN,break_even,0.2523364485981308,race,Asian,11.0,0.2727272727272727,0.5454545454545454,0.7272727272727273,1.0,0.375,0.0,0.5
holdout,age_blind,TabPFN,break_even,0.2523364485981308,race,Caucasian,645.0,0.37209302325581395,0.7286821705426356,0.5069767441860465,0.8166666666666667,0.6765432098765433,0.18333333333333332,0.41702127659574467
holdout,age_blind,TabPFN,break_even,0.2523364485981308,race,Hispanic,141.0,0.425531914893617,0.7304964539007093,0.524822695035461,0.8,0.6790123456790124,0.2,0.46601941747572817
holdout,age_blind,TabPFN,break_even,0.2523364485981308,race,Native American,2.0,0.0,1.0,0.0,,1.0,,0.0
holdout,age_blind,TabPFN,break_even,0.2523364485981308,race,Other,97.0,0.29896907216494845,0.5773195876288659,0.6597938144329897,0.896551724137931,0.4411764705882353,0.10344827586206896,0.4642857142857143
holdout,age_blind,TabPFN,break_even,0.2523364485981308,sex,Female,360.0,0.3527777777777778,0.5972222222222222,0.5888888888888889,0.7637795275590551,0.5064377682403434,0.23622047244094488,0.4511627906976744
holdout,age_blind,TabPFN,break_even,0.2523364485981308,sex,Male,1492.0,0.47989276139410186,0.9028150134048257,0.5315013404825737,0.952513966480447,0.8569587628865979,0.04748603351955307,0.5063103192279139
holdout,age_blind,COMPAS tool,tool,,race,African-American,956.0,0.5345188284518828,0.5669456066945606,0.649581589958159,0.7025440313111546,0.41123595505617977,0.2974559686888454,0.6623616236162362
holdout,age_blind,COMPAS tool,tool,,race,Asian,11.0,0.2727272727272727,0.18181818181818182,0.9090909090909091,0.6666666666666666,0.0,0.3333333333333333,1.0
holdout,age_blind,COMPAS tool,tool,,race,Caucasian,645.0,0.37209302325581395,0.32868217054263565,0.6713178294573643,0.5,0.2271604938271605,0.5,0.5660377358490566
holdout,age_blind,COMPAS tool,tool,,race,Hispanic,141.0,0.425531914893617,0.28368794326241137,0.6312056737588653,0.4,0.19753086419753085,0.6,0.6
holdout,age_blind,COMPAS tool,tool,,race,Native American,2.0,0.0,0.5,0.5,,0.5,,0.0
holdout,age_blind,COMPAS tool,tool,,race,Other,97.0,0.29896907216494845,0.21649484536082475,0.7319587628865979,0.41379310344827586,0.1323529411764706,0.5862068965517241,0.5714285714285714
holdout,age_blind,COMPAS tool,tool,,sex,Female,360.0,0.3527777777777778,0.38333333333333336,0.6861111111111111,0.5984251968503937,0.26609442060085836,0.4015748031496063,0.5507246376811594
holdout,age_blind,COMPAS tool,tool,,sex,Male,1492.0,0.47989276139410186,0.45576407506702415,0.6554959785522788,0.6159217877094972,0.3079896907216495,0.3840782122905028,0.6485294117647059
holdout,protected_blind,TabPFN,0.5,0.5,race,African-American,956.0,0.5345188284518828,0.4309623430962343,0.6391213389121339,0.5655577299412916,0.27640449438202247,0.4344422700587084,0.7014563106796117
holdout,protected_blind,TabPFN,0.5,0.5,race,Asian,11.0,0.2727272727272727,0.0,0.7272727272727273,0.0,0.0,1.0,
holdout,protected_blind,TabPFN,0.5,0.5,race,Caucasian,645.0,0.37209302325581395,0.22170542635658916,0.6449612403100775,0.32083333333333336,0.16296296296296298,0.6791666666666667,0.5384615384615384
holdout,protected_blind,TabPFN,0.5,0.5,race,Hispanic,141.0,0.425531914893617,0.22695035460992907,0.6595744680851063,0.36666666666666664,0.12345679012345678,0.6333333333333333,0.6875
holdout,protected_blind,TabPFN,0.5,0.5,race,Native American,2.0,0.0,0.0,1.0,,0.0,,
holdout,protected_blind,TabPFN,0.5,0.5,race,Other,97.0,0.29896907216494845,0.13402061855670103,0.711340206185567,0.2413793103448276,0.08823529411764706,0.7586206896551724,0.5384615384615384
holdout,protected_blind,TabPFN,0.5,0.5,sex,Female,360.0,0.3527777777777778,0.2222222222222222,0.6972222222222222,0.3858267716535433,0.13304721030042918,0.6141732283464567,0.6125
holdout,protected_blind,TabPFN,0.5,0.5,sex,Male,1492.0,0.47989276139410186,0.3485254691689008,0.6353887399463807,0.48324022346368717,0.22422680412371135,0.5167597765363129,0.6653846153846154
holdout,protected_blind,TabPFN,break_even,0.2523364485981308,race,African-American,956.0,0.5345188284518828,0.899581589958159,0.555439330543933,0.9256360078277887,0.8696629213483146,0.07436399217221135,0.55
holdout,protected_blind,TabPFN,break_even,0.2523364485981308,race,Asian,11.0,0.2727272727272727,0.5454545454545454,0.7272727272727273,1.0,0.375,0.0,0.5
holdout,protected_blind,TabPFN,break_even,0.2523364485981308,race,Caucasian,645.0,0.37209302325581395,0.7891472868217054,0.47751937984496123,0.8583333333333333,0.7481481481481481,0.14166666666666666,0.40471512770137524
holdout,protected_blind,TabPFN,break_even,0.2523364485981308,race,Hispanic,141.0,0.425531914893617,0.75177304964539,0.5177304964539007,0.8166666666666667,0.7037037037037037,0.18333333333333332,0.46226415094339623
holdout,protected_blind,TabPFN,break_even,0.2523364485981308,race,Native American,2.0,0.0,1.0,0.0,,1.0,,0.0
holdout,protected_blind,TabPFN,break_even,0.2523364485981308,race,Other,97.0,0.29896907216494845,0.6907216494845361,0.5463917525773195,0.896551724137931,0.6029411764705882,0.10344827586206896,0.3880597014925373
holdout,protected_blind,TabPFN,break_even,0.2523364485981308,sex,Female,360.0,0.3527777777777778,0.7444444444444445,0.5027777777777778,0.8503937007874016,0.6866952789699571,0.14960629921259844,0.40298507462686567
holdout,protected_blind,TabPFN,break_even,0.2523364485981308,sex,Male,1492.0,0.47989276139410186,0.8592493297587132,0.5308310991957105,0.9064245810055865,0.8157216494845361,0.0935754189944134,0.5062402496099844
holdout,protected_blind,COMPAS tool,tool,,race,African-American,956.0,0.5345188284518828,0.5669456066945606,0.649581589958159,0.7025440313111546,0.41123595505617977,0.2974559686888454,0.6623616236162362
holdout,protected_blind,COMPAS tool,tool,,race,Asian,11.0,0.2727272727272727,0.18181818181818182,0.9090909090909091,0.6666666666666666,0.0,0.3333333333333333,1.0
holdout,protected_blind,COMPAS tool,tool,,race,Caucasian,645.0,0.37209302325581395,0.32868217054263565,0.6713178294573643,0.5,0.2271604938271605,0.5,0.5660377358490566
holdout,protected_blind,COMPAS tool,tool,,race,Hispanic,141.0,0.425531914893617,0.28368794326241137,0.6312056737588653,0.4,0.19753086419753085,0.6,0.6
holdout,protected_blind,COMPAS tool,tool,,race,Native American,2.0,0.0,0.5,0.5,,0.5,,0.0
holdout,protected_blind,COMPAS tool,tool,,race,Other,97.0,0.29896907216494845,0.21649484536082475,0.7319587628865979,0.41379310344827586,0.1323529411764706,0.5862068965517241,0.5714285714285714
holdout,protected_blind,COMPAS tool,tool,,sex,Female,360.0,0.3527777777777778,0.38333333333333336,0.6861111111111111,0.5984251968503937,0.26609442060085836,0.4015748031496063,0.5507246376811594
holdout,protected_blind,COMPAS tool,tool,,sex,Male,1492.0,0.47989276139410186,0.45576407506702415,0.6554959785522788,0.6159217877094972,0.3079896907216495,0.3840782122905028,0.6485294117647059
holdout,race_aware,TabPFN,0.5,0.5,race,African-American,956.0,0.5345188284518828,0.5,0.6872384937238494,0.675146771037182,0.298876404494382,0.324853228962818,0.7217573221757322
holdout,race_aware,TabPFN,0.5,0.5,race,Asian,11.0,0.2727272727272727,0.0,0.7272727272727273,0.0,0.0,1.0,
holdout,race_aware,TabPFN,0.5,0.5,race,Caucasian,645.0,0.37209302325581395,0.2527131782945736,0.6604651162790698,0.38333333333333336,0.17530864197530865,0.6166666666666667,0.5644171779141104
holdout,race_aware,TabPFN,0.5,0.5,race,Hispanic,141.0,0.425531914893617,0.24822695035460993,0.6950354609929078,0.43333333333333335,0.1111111111111111,0.5666666666666667,0.7428571428571429
holdout,race_aware,TabPFN,0.5,0.5,race,Native American,2.0,0.0,0.5,0.5,,0.5,,0.0
holdout,race_aware,TabPFN,0.5,0.5,race,Other,97.0,0.29896907216494845,0.17525773195876287,0.7525773195876289,0.3793103448275862,0.08823529411764706,0.6206896551724138,0.6470588235294118
holdout,race_aware,TabPFN,0.5,0.5,sex,Female,360.0,0.3527777777777778,0.19444444444444445,0.725,0.3858267716535433,0.09012875536480687,0.6141732283464567,0.7
holdout,race_aware,TabPFN,0.5,0.5,sex,Male,1492.0,0.47989276139410186,0.41823056300268097,0.6715817694369973,0.5935754189944135,0.25644329896907214,0.4064245810055866,0.6810897435897436
holdout,race_aware,TabPFN,break_even,0.2523364485981308,race,African-American,956.0,0.5345188284518828,0.8765690376569037,0.5972803347280334,0.9432485322896281,0.8,0.05675146771037182,0.5751789976133651
holdout,race_aware,TabPFN,break_even,0.2523364485981308,race,Asian,11.0,0.2727272727272727,0.2727272727272727,1.0,1.0,0.0,0.0,1.0
holdout,race_aware,TabPFN,break_even,0.2523364485981308,race,Caucasian,645.0,0.37209302325581395,0.6527131782945736,0.5705426356589147,0.8,0.5654320987654321,0.2,0.45605700712589076
holdout,race_aware,TabPFN,break_even,0.2523364485981308,race,Hispanic,141.0,0.425531914893617,0.624113475177305,0.5886524822695035,0.75,0.5308641975308642,0.25,0.5113636363636364
holdout,race_aware,TabPFN,break_even,0.2523364485981308,race,Native American,2.0,0.0,1.0,0.0,,1.0,,0.0
holdout,race_aware,TabPFN,break_even,0.2523364485981308,race,Other,97.0,0.29896907216494845,0.6804123711340206,0.5773195876288659,0.9310344827586207,0.5735294117647058,0.06896551724137931,0.4090909090909091
holdout,race_aware,TabPFN,break_even,0.2523364485981308,sex,Female,360.0,0.3527777777777778,0.5611111111111111,0.6138888888888889,0.7480314960629921,0.4592274678111588,0.25196850393700787,0.47029702970297027
holdout,race_aware,TabPFN,break_even,0.2523364485981308,sex,Male,1492.0,0.47989276139410186,0.8150134048257373,0.5817694369973191,0.9134078212290503,0.7242268041237113,0.08659217877094973,0.537828947368421
holdout,race_aware,COMPAS tool,tool,,race,African-American,956.0,0.5345188284518828,0.5669456066945606,0.649581589958159,0.7025440313111546,0.41123595505617977,0.2974559686888454,0.6623616236162362
holdout,race_aware,COMPAS tool,tool,,race,Asian,11.0,0.2727272727272727,0.18181818181818182,0.9090909090909091,0.6666666666666666,0.0,0.3333333333333333,1.0
holdout,race_aware,COMPAS tool,tool,,race,Caucasian,645.0,0.37209302325581395,0.32868217054263565,0.6713178294573643,0.5,0.2271604938271605,0.5,0.5660377358490566
holdout,race_aware,COMPAS tool,tool,,race,Hispanic,141.0,0.425531914893617,0.28368794326241137,0.6312056737588653,0.4,0.19753086419753085,0.6,0.6
holdout,race_aware,COMPAS tool,tool,,race,Native American,2.0,0.0,0.5,0.5,,0.5,,0.0
holdout,race_aware,COMPAS tool,tool,,race,Other,97.0,0.29896907216494845,0.21649484536082475,0.7319587628865979,0.41379310344827586,0.1323529411764706,0.5862068965517241,0.5714285714285714
holdout,race_aware,COMPAS tool,tool,,sex,Female,360.0,0.3527777777777778,0.38333333333333336,0.6861111111111111,0.5984251968503937,0.26609442060085836,0.4015748031496063,0.5507246376811594
holdout,race_aware,COMPAS tool,tool,,sex,Male,1492.0,0.47989276139410186,0.45576407506702415,0.6554959785522788,0.6159217877094972,0.3079896907216495,0.3840782122905028,0.6485294117647059
holdout,race_blind,TabPFN,0.5,0.5,race,African-American,956.0,0.5345188284518828,0.5031380753138075,0.6861924686192469,0.6771037181996086,0.30337078651685395,0.32289628180039137,0.7193347193347194
holdout,race_blind,TabPFN,0.5,0.5,race,Asian,11.0,0.2727272727272727,0.0,0.7272727272727273,0.0,0.0,1.0,
holdout,race_blind,TabPFN,0.5,0.5,race,Caucasian,645.0,0.37209302325581395,0.24806201550387597,0.662015503875969,0.37916666666666665,0.17037037037037037,0.6208333333333333,0.56875
holdout,race_blind,TabPFN,0.5,0.5,race,Hispanic,141.0,0.425531914893617,0.2553191489361702,0.7021276595744681,0.45,0.1111111111111111,0.55,0.75
holdout,race_blind,TabPFN,0.5,0.5,race,Native American,2.0,0.0,0.0,1.0,,0.0,,
holdout,race_blind,TabPFN,0.5,0.5,race,Other,97.0,0.29896907216494845,0.16494845360824742,0.7628865979381443,0.3793103448275862,0.07352941176470588,0.6206896551724138,0.6875
holdout,race_blind,TabPFN,0.5,0.5,sex,Female,360.0,0.3527777777777778,0.18611111111111112,0.7222222222222222,0.3700787401574803,0.08583690987124463,0.6299212598425197,0.7014925373134329
holdout,race_blind,TabPFN,0.5,0.5,sex,Male,1492.0,0.47989276139410186,0.4195710455764075,0.6742627345844504,0.5977653631284916,0.2551546391752577,0.4022346368715084,0.6837060702875399
holdout,race_blind,TabPFN,break_even,0.2523364485981308,race,African-American,956.0,0.5345188284518828,0.8755230125523012,0.5962343096234309,0.9412915851272016,0.8,0.05870841487279843,0.5746714456391876
holdout,race_blind,TabPFN,break_even,0.2523364485981308,race,Asian,11.0,0.2727272727272727,0.36363636363636365,0.9090909090909091,1.0,0.125,0.0,0.75
holdout,race_blind,TabPFN,break_even,0.2523364485981308,race,Caucasian,645.0,0.37209302325581395,0.6604651162790698,0.5689922480620155,0.8083333333333333,0.5728395061728395,0.19166666666666668,0.45539906103286387
holdout,race_blind,TabPFN,break_even,0.2523364485981308,race,Hispanic,141.0,0.425531914893617,0.6737588652482269,0.5531914893617021,0.7666666666666667,0.6049382716049383,0.23333333333333334,0.4842105263157895
holdout,race_blind,TabPFN,break_even,0.2523364485981308,race,Native American,2.0,0.0,1.0,0.0,,1.0,,0.0
holdout,race_blind,TabPFN,break_even,0.2523364485981308,race,Other,97.0,0.29896907216494845,0.6804123711340206,0.5773195876288659,0.9310344827586207,0.5735294117647058,0.06896551724137931,0.4090909090909091
holdout,race_blind,TabPFN,break_even,0.2523364485981308,sex,Female,360.0,0.3527777777777778,0.5833333333333334,0.6027777777777777,0.7637795275590551,0.48497854077253216,0.23622047244094488,0.46190476190476193
holdout,race_blind,TabPFN,break_even,0.2523364485981308,sex,Male,1492.0,0.47989276139410186,0.8176943699731903,0.579088471849866,0.9134078212290503,0.729381443298969,0.08659217877094973,0.5360655737704918
holdout,race_blind,COMPAS tool,tool,,race,African-American,956.0,0.5345188284518828,0.5669456066945606,0.649581589958159,0.7025440313111546,0.41123595505617977,0.2974559686888454,0.6623616236162362
holdout,race_blind,COMPAS tool,tool,,race,Asian,11.0,0.2727272727272727,0.18181818181818182,0.9090909090909091,0.6666666666666666,0.0,0.3333333333333333,1.0
holdout,race_blind,COMPAS tool,tool,,race,Caucasian,645.0,0.37209302325581395,0.32868217054263565,0.6713178294573643,0.5,0.2271604938271605,0.5,0.5660377358490566
holdout,race_blind,COMPAS tool,tool,,race,Hispanic,141.0,0.425531914893617,0.28368794326241137,0.6312056737588653,0.4,0.19753086419753085,0.6,0.6
holdout,race_blind,COMPAS tool,tool,,race,Native American,2.0,0.0,0.5,0.5,,0.5,,0.0
holdout,race_blind,COMPAS tool,tool,,race,Other,97.0,0.29896907216494845,0.21649484536082475,0.7319587628865979,0.41379310344827586,0.1323529411764706,0.5862068965517241,0.5714285714285714
holdout,race_blind,COMPAS tool,tool,,sex,Female,360.0,0.3527777777777778,0.38333333333333336,0.6861111111111111,0.5984251968503937,0.26609442060085836,0.4015748031496063,0.5507246376811594
holdout,race_blind,COMPAS tool,tool,,sex,Male,1492.0,0.47989276139410186,0.45576407506702415,0.6554959785522788,0.6159217877094972,0.3079896907216495,0.3840782122905028,0.6485294117647059
holdout,race_priors_blind,TabPFN,0.5,0.5,race,African-American,956.0,0.5345188284518828,0.5397489539748954,0.5575313807531381,0.5909980430528375,0.48089887640449436,0.4090019569471624,0.5852713178294574
holdout,race_priors_blind,TabPFN,0.5,0.5,race,Asian,11.0,0.2727272727272727,0.36363636363636365,0.9090909090909091,1.0,0.125,0.0,0.75
holdout,race_priors_blind,TabPFN,0.5,0.5,race,Caucasian,645.0,0.37209302325581395,0.386046511627907,0.5953488372093023,0.475,0.3333333333333333,0.525,0.4578313253012048
holdout,race_priors_blind,TabPFN,0.5,0.5,race,Hispanic,141.0,0.425531914893617,0.41134751773049644,0.6312056737588653,0.55,0.30864197530864196,0.45,0.5689655172413793
holdout,race_priors_blind,TabPFN,0.5,0.5,race,Native American,2.0,0.0,0.5,0.5,,0.5,,0.0
holdout,race_priors_blind,TabPFN,0.5,0.5,race,Other,97.0,0.29896907216494845,0.44329896907216493,0.6701030927835051,0.6896551724137931,0.3382352941176471,0.3103448275862069,0.46511627906976744
holdout,race_priors_blind,TabPFN,0.5,0.5,sex,Female,360.0,0.3527777777777778,0.0,0.6472222222222223,0.0,0.0,1.0,
holdout,race_priors_blind,TabPFN,0.5,0.5,sex,Male,1492.0,0.47989276139410186,0.5837801608579088,0.5690348525469169,0.659217877094972,0.5141752577319587,0.3407821229050279,0.5419058553386912
holdout,race_priors_blind,TabPFN,break_even,0.2523364485981308,race,African-American,956.0,0.5345188284518828,0.9926778242677824,0.5376569037656904,0.9960861056751468,0.9887640449438202,0.003913894324853229,0.5363540569020021
holdout,race_priors_blind,TabPFN,break_even,0.2523364485981308,race,Asian,11.0,0.2727272727272727,1.0,0.2727272727272727,1.0,1.0,0.0,0.2727272727272727
holdout,race_priors_blind,TabPFN,break_even,0.2523364485981308,race,Caucasian,645.0,0.37209302325581395,0.9612403100775194,0.3953488372093023,0.9791666666666666,0.9506172839506173,0.020833333333333332,0.3790322580645161
holdout,race_priors_blind,TabPFN,break_even,0.2523364485981308,race,Hispanic,141.0,0.425531914893617,0.9929078014184397,0.41843971631205673,0.9833333333333333,1.0,0.016666666666666666,0.42142857142857143
holdout,race_priors_blind,TabPFN,break_even,0.2523364485981308,race,Native American,2.0,0.0,1.0,0.0,,1.0,,0.0
holdout,race_priors_blind,TabPFN,break_even,0.2523364485981308,race,Other,97.0,0.29896907216494845,0.9896907216494846,0.30927835051546393,1.0,0.9852941176470589,0.0,0.3020833333333333
holdout,race_priors_blind,TabPFN,break_even,0.2523364485981308,sex,Female,360.0,0.3527777777777778,0.9055555555555556,0.4027777777777778,0.937007874015748,0.8884120171673819,0.06299212598425197,0.36503067484662577
holdout,race_priors_blind,TabPFN,break_even,0.2523364485981308,sex,Male,1492.0,0.47989276139410186,1.0,0.47989276139410186,1.0,1.0,0.0,0.47989276139410186
holdout,race_priors_blind,COMPAS tool,tool,,race,African-American,956.0,0.5345188284518828,0.5669456066945606,0.649581589958159,0.7025440313111546,0.41123595505617977,0.2974559686888454,0.6623616236162362
holdout,race_priors_blind,COMPAS tool,tool,,race,Asian,11.0,0.2727272727272727,0.18181818181818182,0.9090909090909091,0.6666666666666666,0.0,0.3333333333333333,1.0
holdout,race_priors_blind,COMPAS tool,tool,,race,Caucasian,645.0,0.37209302325581395,0.32868217054263565,0.6713178294573643,0.5,0.2271604938271605,0.5,0.5660377358490566
holdout,race_priors_blind,COMPAS tool,tool,,race,Hispanic,141.0,0.425531914893617,0.28368794326241137,0.6312056737588653,0.4,0.19753086419753085,0.6,0.6
holdout,race_priors_blind,COMPAS tool,tool,,race,Native American,2.0,0.0,0.5,0.5,,0.5,,0.0
holdout,race_priors_blind,COMPAS tool,tool,,race,Other,97.0,0.29896907216494845,0.21649484536082475,0.7319587628865979,0.41379310344827586,0.1323529411764706,0.5862068965517241,0.5714285714285714
holdout,race_priors_blind,COMPAS tool,tool,,sex,Female,360.0,0.3527777777777778,0.38333333333333336,0.6861111111111111,0.5984251968503937,0.26609442060085836,0.4015748031496063,0.5507246376811594
holdout,race_priors_blind,COMPAS tool,tool,,sex,Male,1492.0,0.47989276139410186,0.45576407506702415,0.6554959785522788,0.6159217877094972,0.3079896907216495,0.3840782122905028,0.6485294117647059
holdout,race_proxy_blind,TabPFN,0.5,0.5,race,African-American,956.0,0.5345188284518828,0.20920502092050208,0.5156903765690377,0.24266144814090018,0.1707865168539326,0.7573385518590998,0.62
holdout,race_proxy_blind,TabPFN,0.5,0.5,race,Asian,11.0,0.2727272727272727,0.18181818181818182,0.7272727272727273,0.3333333333333333,0.125,0.6666666666666666,0.5
holdout,race_proxy_blind,TabPFN,0.5,0.5,race,Caucasian,645.0,0.37209302325581395,0.15503875968992248,0.6403100775193798,0.225,0.11358024691358025,0.775,0.54
holdout,race_proxy_blind,TabPFN,0.5,0.5,race,Hispanic,141.0,0.425531914893617,0.18439716312056736,0.6170212765957447,0.26666666666666666,0.12345679012345678,0.7333333333333333,0.6153846153846154
holdout,race_proxy_blind,TabPFN,0.5,0.5,race,Native American,2.0,0.0,0.0,1.0,,0.0,,
holdout,race_proxy_blind,TabPFN,0.5,0.5,race,Other,97.0,0.29896907216494845,0.21649484536082475,0.711340206185567,0.3793103448275862,0.14705882352941177,0.6206896551724138,0.5238095238095238
holdout,race_proxy_blind,TabPFN,0.5,0.5,sex,Female,360.0,0.3527777777777778,0.0,0.6472222222222223,0.0,0.0,1.0,
holdout,race_proxy_blind,TabPFN,0.5,0.5,sex,Male,1492.0,0.47989276139410186,0.2339142091152815,0.5623324396782842,0.2877094972067039,0.18427835051546393,0.7122905027932961,0.5902578796561605
holdout,race_proxy_blind,TabPFN,break_even,0.2523364485981308,race,African-American,956.0,0.5345188284518828,1.0,0.5345188284518828,1.0,1.0,0.0,0.5345188284518828
holdout,race_proxy_blind,TabPFN,break_even,0.2523364485981308,race,Asian,11.0,0.2727272727272727,1.0,0.2727272727272727,1.0,1.0,0.0,0.2727272727272727
holdout,race_proxy_blind,TabPFN,break_even,0.2523364485981308,race,Caucasian,645.0,0.37209302325581395,1.0,0.37209302325581395,1.0,1.0,0.0,0.37209302325581395
holdout,race_proxy_blind,TabPFN,break_even,0.2523364485981308,race,Hispanic,141.0,0.425531914893617,1.0,0.425531914893617,1.0,1.0,0.0,0.425531914893617
holdout,race_proxy_blind,TabPFN,break_even,0.2523364485981308,race,Native American,2.0,0.0,1.0,0.0,,1.0,,0.0
holdout,race_proxy_blind,TabPFN,break_even,0.2523364485981308,race,Other,97.0,0.29896907216494845,1.0,0.29896907216494845,1.0,1.0,0.0,0.29896907216494845
holdout,race_proxy_blind,TabPFN,break_even,0.2523364485981308,sex,Female,360.0,0.3527777777777778,1.0,0.3527777777777778,1.0,1.0,0.0,0.3527777777777778
holdout,race_proxy_blind,TabPFN,break_even,0.2523364485981308,sex,Male,1492.0,0.47989276139410186,1.0,0.47989276139410186,1.0,1.0,0.0,0.47989276139410186
holdout,race_proxy_blind,COMPAS tool,tool,,race,African-American,956.0,0.5345188284518828,0.5669456066945606,0.649581589958159,0.7025440313111546,0.41123595505617977,0.2974559686888454,0.6623616236162362
holdout,race_proxy_blind,COMPAS tool,tool,,race,Asian,11.0,0.2727272727272727,0.18181818181818182,0.9090909090909091,0.6666666666666666,0.0,0.3333333333333333,1.0
holdout,race_proxy_blind,COMPAS tool,tool,,race,Caucasian,645.0,0.37209302325581395,0.32868217054263565,0.6713178294573643,0.5,0.2271604938271605,0.5,0.5660377358490566
holdout,race_proxy_blind,COMPAS tool,tool,,race,Hispanic,141.0,0.425531914893617,0.28368794326241137,0.6312056737588653,0.4,0.19753086419753085,0.6,0.6
holdout,race_proxy_blind,COMPAS tool,tool,,race,Native American,2.0,0.0,0.5,0.5,,0.5,,0.0
holdout,race_proxy_blind,COMPAS tool,tool,,race,Other,97.0,0.29896907216494845,0.21649484536082475,0.7319587628865979,0.41379310344827586,0.1323529411764706,0.5862068965517241,0.5714285714285714
holdout,race_proxy_blind,COMPAS tool,tool,,sex,Female,360.0,0.3527777777777778,0.38333333333333336,0.6861111111111111,0.5984251968503937,0.26609442060085836,0.4015748031496063,0.5507246376811594
holdout,race_proxy_blind,COMPAS tool,tool,,sex,Male,1492.0,0.47989276139410186,0.45576407506702415,0.6554959785522788,0.6159217877094972,0.3079896907216495,0.3840782122905028,0.6485294117647059
holdout,sex_blind,TabPFN,0.5,0.5,race,African-American,956.0,0.5345188284518828,0.5209205020920502,0.6851464435146444,0.6927592954990215,0.3235955056179775,0.30724070450097846,0.7108433734939759
holdout,sex_blind,TabPFN,0.5,0.5,race,Asian,11.0,0.2727272727272727,0.0,0.7272727272727273,0.0,0.0,1.0,
holdout,sex_blind,TabPFN,0.5,0.5,race,Caucasian,645.0,0.37209302325581395,0.24496124031007752,0.6651162790697674,0.37916666666666665,0.1654320987654321,0.6208333333333333,0.5759493670886076
holdout,sex_blind,TabPFN,0.5,0.5,race,Hispanic,141.0,0.425531914893617,0.24822695035460993,0.6808510638297872,0.4166666666666667,0.12345679012345678,0.5833333333333334,0.7142857142857143
holdout,sex_blind,TabPFN,0.5,0.5,race,Native American,2.0,0.0,0.0,1.0,,0.0,,
holdout,sex_blind,TabPFN,0.5,0.5,race,Other,97.0,0.29896907216494845,0.17525773195876287,0.7525773195876289,0.3793103448275862,0.08823529411764706,0.6206896551724138,0.6470588235294118
holdout,sex_blind,TabPFN,0.5,0.5,sex,Female,360.0,0.3527777777777778,0.2611111111111111,0.7194444444444444,0.47244094488188976,0.1459227467811159,0.5275590551181102,0.6382978723404256
holdout,sex_blind,TabPFN,0.5,0.5,sex,Male,1492.0,0.47989276139410186,0.41152815013404825,0.6729222520107239,0.5879888268156425,0.24871134020618557,0.41201117318435754,0.6856677524429967
holdout,sex_blind,TabPFN,break_even,0.2523364485981308,race,African-American,956.0,0.5345188284518828,0.8943514644351465,0.5836820083682008,0.9471624266144814,0.8337078651685393,0.05283757338551859,0.5660818713450292
holdout,sex_blind,TabPFN,break_even,0.2523364485981308,race,Asian,11.0,0.2727272727272727,0.36363636363636365,0.9090909090909091,1.0,0.125,0.0,0.75
holdout,sex_blind,TabPFN,break_even,0.2523364485981308,race,Caucasian,645.0,0.37209302325581395,0.6914728682170542,0.5534883720930233,0.8291666666666667,0.6098765432098765,0.17083333333333334,0.4461883408071749
holdout,sex_blind,TabPFN,break_even,0.2523364485981308,race,Hispanic,141.0,0.425531914893617,0.6453900709219859,0.5673758865248227,0.75,0.5679012345679012,0.25,0.4945054945054945
holdout,sex_blind,TabPFN,break_even,0.2523364485981308,race,Native American,2.0,0.0,1.0,0.0,,1.0,,0.0
holdout,sex_blind,TabPFN,break_even,0.2523364485981308,race,Other,97.0,0.29896907216494845,0.5876288659793815,0.6288659793814433,0.8620689655172413,0.47058823529411764,0.13793103448275862,0.43859649122807015
holdout,sex_blind,TabPFN,break_even,0.2523364485981308,sex,Female,360.0,0.3527777777777778,0.6861111111111111,0.5388888888888889,0.8188976377952756,0.6137339055793991,0.18110236220472442,0.42105263157894735
holdout,sex_blind,TabPFN,break_even,0.2523364485981308,sex,Male,1492.0,0.47989276139410186,0.8096514745308311,0.5844504021447721,0.9106145251396648,0.7164948453608248,0.0893854748603352,0.5397350993377483
holdout,sex_blind,COMPAS tool,tool,,race,African-American,956.0,0.5345188284518828,0.5669456066945606,0.649581589958159,0.7025440313111546,0.41123595505617977,0.2974559686888454,0.6623616236162362
holdout,sex_blind,COMPAS tool,tool,,race,Asian,11.0,0.2727272727272727,0.18181818181818182,0.9090909090909091,0.6666666666666666,0.0,0.3333333333333333,1.0
holdout,sex_blind,COMPAS tool,tool,,race,Caucasian,645.0,0.37209302325581395,0.32868217054263565,0.6713178294573643,0.5,0.2271604938271605,0.5,0.5660377358490566
holdout,sex_blind,COMPAS tool,tool,,race,Hispanic,141.0,0.425531914893617,0.28368794326241137,0.6312056737588653,0.4,0.19753086419753085,0.6,0.6
holdout,sex_blind,COMPAS tool,tool,,race,Native American,2.0,0.0,0.5,0.5,,0.5,,0.0
holdout,sex_blind,COMPAS tool,tool,,race,Other,97.0,0.29896907216494845,0.21649484536082475,0.7319587628865979,0.41379310344827586,0.1323529411764706,0.5862068965517241,0.5714285714285714
holdout,sex_blind,COMPAS tool,tool,,sex,Female,360.0,0.3527777777777778,0.38333333333333336,0.6861111111111111,0.5984251968503937,0.26609442060085836,0.4015748031496063,0.5507246376811594
holdout,sex_blind,COMPAS tool,tool,,sex,Male,1492.0,0.47989276139410186,0.45576407506702415,0.6554959785522788,0.6159217877094972,0.3079896907216495,0.3840782122905028,0.6485294117647059
temporal_1,age_blind,TabPFN,0.5,0.5,race,African-American,560.0,0.3892857142857143,0.26607142857142857,0.6589285714285714,0.4036697247706422,0.1783625730994152,0.5963302752293578,0.5906040268456376
temporal_1,age_blind,TabPFN,0.5,0.5,race,Asian,6.0,0.16666666666666666,0.0,0.8333333333333334,0.0,0.0,1.0,
temporal_1,age_blind,TabPFN,0.5,0.5,race,Caucasian,386.0,0.2616580310880829,0.05699481865284974,0.7124352331606217,0.0594059405940594,0.056140350877192984,0.9405940594059405,0.2727272727272727
temporal_1,age_blind,TabPFN,0.5,0.5,race,Hispanic,112.0,0.22321428571428573,0.07142857142857142,0.7767857142857143,0.16,0.04597701149425287,0.84,0.5
temporal_1,age_blind,TabPFN,0.5,0.5,race,Native American,1.0,1.0,0.0,0.0,0.0,,1.0,
temporal_1,age_blind,TabPFN,0.5,0.5,race,Other,73.0,0.2328767123287671,0.0410958904109589,0.7808219178082192,0.11764705882352941,0.017857142857142856,0.8823529411764706,0.6666666666666666
temporal_1,age_blind,TabPFN,0.5,0.5,sex,Female,230.0,0.2217391304347826,0.030434782608695653,0.7739130434782608,0.058823529411764705,0.0223463687150838,0.9411764705882353,0.42857142857142855
temporal_1,age_blind,TabPFN,0.5,0.5,sex,Male,908.0,0.3436123348017621,0.19273127753303965,0.6773127753303965,0.3108974358974359,0.13087248322147652,0.6891025641025641,0.5542857142857143
temporal_1,age_blind,TabPFN,break_even,0.2523364485981308,race,African-American,560.0,0.3892857142857143,0.7660714285714286,0.5196428571428572,0.8669724770642202,0.7017543859649122,0.13302752293577982,0.4405594405594406
temporal_1,age_blind,TabPFN,break_even,0.2523364485981308,race,Asian,6.0,0.16666666666666666,0.16666666666666666,0.6666666666666666,0.0,0.2,1.0,0.0
temporal_1,age_blind,TabPFN,break_even,0.2523364485981308,race,Caucasian,386.0,0.2616580310880829,0.5051813471502591,0.5854922279792746,0.6732673267326733,0.4456140350877193,0.32673267326732675,0.3487179487179487
temporal_1,age_blind,TabPFN,break_even,0.2523364485981308,race,Hispanic,112.0,0.22321428571428573,0.5,0.5089285714285714,0.52,0.4942528735632184,0.48,0.23214285714285715
temporal_1,age_blind,TabPFN,break_even,0.2523364485981308,race,Native American,1.0,1.0,0.0,0.0,0.0,,1.0,
temporal_1,age_blind,TabPFN,break_even,0.2523364485981308,race,Other,73.0,0.2328767123287671,0.4383561643835616,0.6575342465753424,0.7058823529411765,0.35714285714285715,0.29411764705882354,0.375
temporal_1,age_blind,TabPFN,break_even,0.2523364485981308,sex,Female,230.0,0.2217391304347826,0.36086956521739133,0.6695652173913044,0.5686274509803921,0.3016759776536313,0.43137254901960786,0.3493975903614458
temporal_1,age_blind,TabPFN,break_even,0.2523364485981308,sex,Male,908.0,0.3436123348017621,0.6938325991189427,0.5198237885462555,0.8108974358974359,0.6325503355704698,0.1891025641025641,0.4015873015873016
temporal_1,age_blind,COMPAS tool,tool,,race,African-American,560.0,0.3892857142857143,0.5660714285714286,0.5875,0.6972477064220184,0.4824561403508772,0.30275229357798167,0.4794952681388013
temporal_1,age_blind,COMPAS tool,tool,,race,Asian,6.0,0.16666666666666666,0.3333333333333333,0.8333333333333334,1.0,0.2,0.0,0.5
temporal_1,age_blind,COMPAS tool,tool,,race,Caucasian,386.0,0.2616580310880829,0.30310880829015546,0.6735751295336787,0.45544554455445546,0.24912280701754386,0.5445544554455446,0.39316239316239315
temporal_1,age_blind,COMPAS tool,tool,,race,Hispanic,112.0,0.22321428571428573,0.25892857142857145,0.6964285714285714,0.4,0.21839080459770116,0.6,0.3448275862068966
temporal_1,age_blind,COMPAS tool,tool,,race,Native American,1.0,1.0,1.0,1.0,1.0,,0.0,1.0
temporal_1,age_blind,COMPAS tool,tool,,race,Other,73.0,0.2328767123287671,0.1643835616438356,0.7123287671232876,0.23529411764705882,0.14285714285714285,0.7647058823529411,0.3333333333333333
temporal_1,age_blind,COMPAS tool,tool,,sex,Female,230.0,0.2217391304347826,0.3695652173913043,0.6434782608695652,0.5294117647058824,0.3240223463687151,0.47058823529411764,0.3176470588235294
temporal_1,age_blind,COMPAS tool,tool,,sex,Male,908.0,0.3436123348017621,0.43281938325991187,0.6354625550660793,0.5993589743589743,0.34563758389261745,0.40064102564102566,0.4758269720101781
temporal_1,protected_blind,TabPFN,0.5,0.5,race,African-American,560.0,0.3892857142857143,0.26964285714285713,0.6625,0.41284403669724773,0.1783625730994152,0.5871559633027523,0.5960264900662252
temporal_1,protected_blind,TabPFN,0.5,0.5,race,Asian,6.0,0.16666666666666666,0.0,0.8333333333333334,0.0,0.0,1.0,
temporal_1,protected_blind,TabPFN,0.5,0.5,race,Caucasian,386.0,0.2616580310880829,0.09067357512953368,0.6994818652849741,0.09900990099009901,0.08771929824561403,0.900990099009901,0.2857142857142857
temporal_1,protected_blind,TabPFN,0.5,0.5,race,Hispanic,112.0,0.22321428571428573,0.07142857142857142,0.7767857142857143,0.16,0.04597701149425287,0.84,0.5
temporal_1,protected_blind,TabPFN,0.5,0.5,race,Native American,1.0,1.0,0.0,0.0,0.0,,1.0,
temporal_1,protected_blind,TabPFN,0.5,0.5,race,Other,73.0,0.2328767123287671,0.0410958904109589,0.7808219178082192,0.11764705882352941,0.017857142857142856,0.8823529411764706,0.6666666666666666
temporal_1,protected_blind,TabPFN,0.5,0.5,sex,Female,230.0,0.2217391304347826,0.05217391304347826,0.7782608695652173,0.11764705882352941,0.0335195530726257,0.8823529411764706,0.5
temporal_1,protected_blind,TabPFN,0.5,0.5,sex,Male,908.0,0.3436123348017621,0.20374449339207049,0.6729074889867841,0.32051282051282054,0.14261744966442952,0.6794871794871795,0.5405405405405406
temporal_1,protected_blind,TabPFN,break_even,0.2523364485981308,race,African-American,560.0,0.3892857142857143,0.775,0.5142857142857142,0.8715596330275229,0.7134502923976608,0.12844036697247707,0.4377880184331797
temporal_1,protected_blind,TabPFN,break_even,0.2523364485981308,race,Asian,6.0,0.16666666666666666,0.16666666666666666,0.6666666666666666,0.0,0.2,1.0,0.0
temporal_1,protected_blind,TabPFN,break_even,0.2523364485981308,race,Caucasian,386.0,0.2616580310880829,0.6269430051813472,0.5,0.7425742574257426,0.5859649122807018,0.25742574257425743,0.30991735537190085
temporal_1,protected_blind,TabPFN,break_even,0.2523364485981308,race,Hispanic,112.0,0.22321428571428573,0.5357142857142857,0.5089285714285714,0.6,0.5172413793103449,0.4,0.25
temporal_1,protected_blind,TabPFN,break_even,0.2523364485981308,race,Native American,1.0,1.0,0.0,0.0,0.0,,1.0,
temporal_1,protected_blind,TabPFN,break_even,0.2523364485981308,race,Other,73.0,0.2328767123287671,0.5616438356164384,0.589041095890411,0.8235294117647058,0.48214285714285715,0.17647058823529413,0.34146341463414637
temporal_1,protected_blind,TabPFN,break_even,0.2523364485981308,sex,Female,230.0,0.2217391304347826,0.5304347826086957,0.5434782608695652,0.6666666666666666,0.49162011173184356,0.3333333333333333,0.2786885245901639
temporal_1,protected_blind,TabPFN,break_even,0.2523364485981308,sex,Male,908.0,0.3436123348017621,0.7224669603524229,0.5066079295154186,0.8333333333333334,0.6644295302013423,0.16666666666666666,0.39634146341463417
temporal_1,protected_blind,COMPAS tool,tool,,race,African-American,560.0,0.3892857142857143,0.5660714285714286,0.5875,0.6972477064220184,0.4824561403508772,0.30275229357798167,0.4794952681388013
temporal_1,protected_blind,COMPAS tool,tool,,race,Asian,6.0,0.16666666666666666,0.3333333333333333,0.8333333333333334,1.0,0.2,0.0,0.5
temporal_1,protected_blind,COMPAS tool,tool,,race,Caucasian,386.0,0.2616580310880829,0.30310880829015546,0.6735751295336787,0.45544554455445546,0.24912280701754386,0.5445544554455446,0.39316239316239315
temporal_1,protected_blind,COMPAS tool,tool,,race,Hispanic,112.0,0.22321428571428573,0.25892857142857145,0.6964285714285714,0.4,0.21839080459770116,0.6,0.3448275862068966
temporal_1,protected_blind,COMPAS tool,tool,,race,Native American,1.0,1.0,1.0,1.0,1.0,,0.0,1.0
temporal_1,protected_blind,COMPAS tool,tool,,race,Other,73.0,0.2328767123287671,0.1643835616438356,0.7123287671232876,0.23529411764705882,0.14285714285714285,0.7647058823529411,0.3333333333333333
temporal_1,protected_blind,COMPAS tool,tool,,sex,Female,230.0,0.2217391304347826,0.3695652173913043,0.6434782608695652,0.5294117647058824,0.3240223463687151,0.47058823529411764,0.3176470588235294
temporal_1,protected_blind,COMPAS tool,tool,,sex,Male,908.0,0.3436123348017621,0.43281938325991187,0.6354625550660793,0.5993589743589743,0.34563758389261745,0.40064102564102566,0.4758269720101781
temporal_1,race_aware,TabPFN,0.5,0.5,race,African-American,560.0,0.3892857142857143,0.29285714285714287,0.65,0.42660550458715596,0.20760233918128654,0.573394495412844,0.5670731707317073
temporal_1,race_aware,TabPFN,0.5,0.5,race,Asian,6.0,0.16666666666666666,0.0,0.8333333333333334,0.0,0.0,1.0,
temporal_1,race_aware,TabPFN,0.5,0.5,race,Caucasian,386.0,0.2616580310880829,0.07512953367875648,0.7202072538860104,0.10891089108910891,0.06315789473684211,0.8910891089108911,0.3793103448275862
temporal_1,race_aware,TabPFN,0.5,0.5,race,Hispanic,112.0,0.22321428571428573,0.08035714285714286,0.75,0.12,0.06896551724137931,0.88,0.3333333333333333
temporal_1,race_aware,TabPFN,0.5,0.5,race,Native American,1.0,1.0,0.0,0.0,0.0,,1.0,
temporal_1,race_aware,TabPFN,0.5,0.5,race,Other,73.0,0.2328767123287671,0.0410958904109589,0.7534246575342466,0.058823529411764705,0.03571428571428571,0.9411764705882353,0.3333333333333333
temporal_1,race_aware,TabPFN,0.5,0.5,sex,Female,230.0,0.2217391304347826,0.043478260869565216,0.7869565217391304,0.11764705882352941,0.0223463687150838,0.8823529411764706,0.6
temporal_1,race_aware,TabPFN,0.5,0.5,sex,Male,908.0,0.3436123348017621,0.21475770925110133,0.6662995594713657,0.3269230769230769,0.15604026845637584,0.6730769230769231,0.5230769230769231
temporal_1,race_aware,TabPFN,break_even,0.2523364485981308,race,African-American,560.0,0.3892857142857143,0.7553571428571428,0.5625,0.908256880733945,0.6578947368421053,0.09174311926605505,0.46808510638297873
temporal_1,race_aware,TabPFN,break_even,0.2523364485981308,race,Asian,6.0,0.16666666666666666,0.16666666666666666,0.6666666666666666,0.0,0.2,1.0,0.0
temporal_1,race_aware,TabPFN,break_even,0.2523364485981308,race,Caucasian,386.0,0.2616580310880829,0.4274611398963731,0.6580310880829016,0.6633663366336634,0.34385964912280703,0.33663366336633666,0.40606060606060607
temporal_1,race_aware,TabPFN,break_even,0.2523364485981308,race,Hispanic,112.0,0.22321428571428573,0.5357142857142857,0.5267857142857143,0.64,0.5057471264367817,0.36,0.26666666666666666
temporal_1,race_aware,TabPFN,break_even,0.2523364485981308,race,Native American,1.0,1.0,0.0,0.0,0.0,,1.0,
temporal_1,race_aware,TabPFN,break_even,0.2523364485981308,race,Other,73.0,0.2328767123287671,0.273972602739726,0.7671232876712328,0.5882352941176471,0.17857142857142858,0.4117647058823529,0.5
temporal_1,race_aware,TabPFN,break_even,0.2523364485981308,sex,Female,230.0,0.2217391304347826,0.3521739130434783,0.6782608695652174,0.5686274509803921,0.2905027932960894,0.43137254901960786,0.35802469135802467
temporal_1,race_aware,TabPFN,break_even,0.2523364485981308,sex,Male,908.0,0.3436123348017621,0.6475770925110133,0.5859030837004405,0.8397435897435898,0.5469798657718121,0.16025641025641027,0.445578231292517
temporal_1,race_aware,COMPAS tool,tool,,race,African-American,560.0,0.3892857142857143,0.5660714285714286,0.5875,0.6972477064220184,0.4824561403508772,0.30275229357798167,0.4794952681388013
temporal_1,race_aware,COMPAS tool,tool,,race,Asian,6.0,0.16666666666666666,0.3333333333333333,0.8333333333333334,1.0,0.2,0.0,0.5
temporal_1,race_aware,COMPAS tool,tool,,race,Caucasian,386.0,0.2616580310880829,0.30310880829015546,0.6735751295336787,0.45544554455445546,0.24912280701754386,0.5445544554455446,0.39316239316239315
temporal_1,race_aware,COMPAS tool,tool,,race,Hispanic,112.0,0.22321428571428573,0.25892857142857145,0.6964285714285714,0.4,0.21839080459770116,0.6,0.3448275862068966
temporal_1,race_aware,COMPAS tool,tool,,race,Native American,1.0,1.0,1.0,1.0,1.0,,0.0,1.0
temporal_1,race_aware,COMPAS tool,tool,,race,Other,73.0,0.2328767123287671,0.1643835616438356,0.7123287671232876,0.23529411764705882,0.14285714285714285,0.7647058823529411,0.3333333333333333
temporal_1,race_aware,COMPAS tool,tool,,sex,Female,230.0,0.2217391304347826,0.3695652173913043,0.6434782608695652,0.5294117647058824,0.3240223463687151,0.47058823529411764,0.3176470588235294
temporal_1,race_aware,COMPAS tool,tool,,sex,Male,908.0,0.3436123348017621,0.43281938325991187,0.6354625550660793,0.5993589743589743,0.34563758389261745,0.40064102564102566,0.4758269720101781
temporal_1,race_blind,TabPFN,0.5,0.5,race,African-American,560.0,0.3892857142857143,0.3053571428571429,0.6732142857142858,0.4724770642201835,0.19883040935672514,0.5275229357798165,0.6023391812865497
temporal_1,race_blind,TabPFN,0.5,0.5,race,Asian,6.0,0.16666666666666666,0.0,0.8333333333333334,0.0,0.0,1.0,
temporal_1,race_blind,TabPFN,0.5,0.5,race,Caucasian,386.0,0.2616580310880829,0.08031088082901554,0.7150259067357513,0.10891089108910891,0.07017543859649122,0.8910891089108911,0.3548387096774194
temporal_1,race_blind,TabPFN,0.5,0.5,race,Hispanic,112.0,0.22321428571428573,0.09821428571428571,0.75,0.16,0.08045977011494253,0.84,0.36363636363636365
temporal_1,race_blind,TabPFN,0.5,0.5,race,Native American,1.0,1.0,0.0,0.0,0.0,,1.0,
temporal_1,race_blind,TabPFN,0.5,0.5,race,Other,73.0,0.2328767123287671,0.0410958904109589,0.7534246575342466,0.058823529411764705,0.03571428571428571,0.9411764705882353,0.3333333333333333
temporal_1,race_blind,TabPFN,0.5,0.5,sex,Female,230.0,0.2217391304347826,0.04782608695652174,0.7913043478260869,0.13725490196078433,0.0223463687150838,0.8627450980392157,0.6363636363636364
temporal_1,race_blind,TabPFN,0.5,0.5,sex,Male,908.0,0.3436123348017621,0.22577092511013216,0.6773127753303965,0.358974358974359,0.15604026845637584,0.6410256410256411,0.5463414634146342
temporal_1,race_blind,TabPFN,break_even,0.2523364485981308,race,African-American,560.0,0.3892857142857143,0.7035714285714286,0.575,0.8577981651376146,0.6052631578947368,0.14220183486238533,0.4746192893401015
temporal_1,race_blind,TabPFN,break_even,0.2523364485981308,race,Asian,6.0,0.16666666666666666,0.3333333333333333,0.8333333333333334,1.0,0.2,0.0,0.5
temporal_1,race_blind,TabPFN,break_even,0.2523364485981308,race,Caucasian,386.0,0.2616580310880829,0.4585492227979275,0.6321243523316062,0.6732673267326733,0.3824561403508772,0.32673267326732675,0.384180790960452
temporal_1,race_blind,TabPFN,break_even,0.2523364485981308,race,Hispanic,112.0,0.22321428571428573,0.42857142857142855,0.6160714285714286,0.6,0.3793103448275862,0.4,0.3125
temporal_1,race_blind,TabPFN,break_even,0.2523364485981308,race,Native American,1.0,1.0,1.0,1.0,1.0,,0.0,1.0
temporal_1,race_blind,TabPFN,break_even,0.2523364485981308,race,Other,73.0,0.2328767123287671,0.3561643835616438,0.7397260273972602,0.7058823529411765,0.25,0.29411764705882354,0.46153846153846156
temporal_1,race_blind,TabPFN,break_even,0.2523364485981308,sex,Female,230.0,0.2217391304347826,0.3826086956521739,0.6565217391304348,0.5882352941176471,0.3240223463687151,0.4117647058823529,0.3409090909090909
temporal_1,race_blind,TabPFN,break_even,0.2523364485981308,sex,Male,908.0,0.3436123348017621,0.6167400881057269,0.5991189427312775,0.8141025641025641,0.5134228187919463,0.1858974358974359,0.45357142857142857
temporal_1,race_blind,COMPAS tool,tool,,race,African-American,560.0,0.3892857142857143,0.5660714285714286,0.5875,0.6972477064220184,0.4824561403508772,0.30275229357798167,0.4794952681388013
temporal_1,race_blind,COMPAS tool,tool,,race,Asian,6.0,0.16666666666666666,0.3333333333333333,0.8333333333333334,1.0,0.2,0.0,0.5
temporal_1,race_blind,COMPAS tool,tool,,race,Caucasian,386.0,0.2616580310880829,0.30310880829015546,0.6735751295336787,0.45544554455445546,0.24912280701754386,0.5445544554455446,0.39316239316239315
temporal_1,race_blind,COMPAS tool,tool,,race,Hispanic,112.0,0.22321428571428573,0.25892857142857145,0.6964285714285714,0.4,0.21839080459770116,0.6,0.3448275862068966
temporal_1,race_blind,COMPAS tool,tool,,race,Native American,1.0,1.0,1.0,1.0,1.0,,0.0,1.0
temporal_1,race_blind,COMPAS tool,tool,,race,Other,73.0,0.2328767123287671,0.1643835616438356,0.7123287671232876,0.23529411764705882,0.14285714285714285,0.7647058823529411,0.3333333333333333
temporal_1,race_blind,COMPAS tool,tool,,sex,Female,230.0,0.2217391304347826,0.3695652173913043,0.6434782608695652,0.5294117647058824,0.3240223463687151,0.47058823529411764,0.3176470588235294
temporal_1,race_blind,COMPAS tool,tool,,sex,Male,908.0,0.3436123348017621,0.43281938325991187,0.6354625550660793,0.5993589743589743,0.34563758389261745,0.40064102564102566,0.4758269720101781
temporal_1,race_priors_blind,TabPFN,0.5,0.5,race,African-American,560.0,0.3892857142857143,0.0,0.6107142857142858,0.0,0.0,1.0,
temporal_1,race_priors_blind,TabPFN,0.5,0.5,race,Asian,6.0,0.16666666666666666,0.0,0.8333333333333334,0.0,0.0,1.0,
temporal_1,race_priors_blind,TabPFN,0.5,0.5,race,Caucasian,386.0,0.2616580310880829,0.0,0.7383419689119171,0.0,0.0,1.0,
temporal_1,race_priors_blind,TabPFN,0.5,0.5,race,Hispanic,112.0,0.22321428571428573,0.0,0.7767857142857143,0.0,0.0,1.0,
temporal_1,race_priors_blind,TabPFN,0.5,0.5,race,Native American,1.0,1.0,0.0,0.0,0.0,,1.0,
temporal_1,race_priors_blind,TabPFN,0.5,0.5,race,Other,73.0,0.2328767123287671,0.0,0.7671232876712328,0.0,0.0,1.0,
temporal_1,race_priors_blind,TabPFN,0.5,0.5,sex,Female,230.0,0.2217391304347826,0.0,0.7782608695652173,0.0,0.0,1.0,
temporal_1,race_priors_blind,TabPFN,0.5,0.5,sex,Male,908.0,0.3436123348017621,0.0,0.6563876651982379,0.0,0.0,1.0,
temporal_1,race_priors_blind,TabPFN,break_even,0.2523364485981308,race,African-American,560.0,0.3892857142857143,0.9303571428571429,0.42678571428571427,0.9587155963302753,0.9122807017543859,0.04128440366972477,0.40115163147792704
temporal_1,race_priors_blind,TabPFN,break_even,0.2523364485981308,race,Asian,6.0,0.16666666666666666,0.6666666666666666,0.5,1.0,0.6,0.0,0.25
temporal_1,race_priors_blind,TabPFN,break_even,0.2523364485981308,race,Caucasian,386.0,0.2616580310880829,0.7901554404145078,0.39896373056994816,0.8613861386138614,0.7649122807017544,0.13861386138613863,0.28524590163934427
temporal_1,race_priors_blind,TabPFN,break_even,0.2523364485981308,race,Hispanic,112.0,0.22321428571428573,0.8571428571428571,0.33035714285714285,0.92,0.8390804597701149,0.08,0.23958333333333334
temporal_1,race_priors_blind,TabPFN,break_even,0.2523364485981308,race,Native American,1.0,1.0,1.0,1.0,1.0,,0.0,1.0
temporal_1,race_priors_blind,TabPFN,break_even,0.2523364485981308,race,Other,73.0,0.2328767123287671,0.821917808219178,0.3287671232876712,0.8235294117647058,0.8214285714285714,0.17647058823529413,0.23333333333333334
temporal_1,race_priors_blind,TabPFN,break_even,0.2523364485981308,sex,Female,230.0,0.2217391304347826,0.7130434782608696,0.41304347826086957,0.7843137254901961,0.6927374301675978,0.21568627450980393,0.24390243902439024
temporal_1,race_priors_blind,TabPFN,break_even,0.2523364485981308,sex,Male,908.0,0.3436123348017621,0.9063876651982379,0.3997797356828194,0.9455128205128205,0.8859060402684564,0.05448717948717949,0.35844471445929527
temporal_1,race_priors_blind,COMPAS tool,tool,,race,African-American,560.0,0.3892857142857143,0.5660714285714286,0.5875,0.6972477064220184,0.4824561403508772,0.30275229357798167,0.4794952681388013
temporal_1,race_priors_blind,COMPAS tool,tool,,race,Asian,6.0,0.16666666666666666,0.3333333333333333,0.8333333333333334,1.0,0.2,0.0,0.5
temporal_1,race_priors_blind,COMPAS tool,tool,,race,Caucasian,386.0,0.2616580310880829,0.30310880829015546,0.6735751295336787,0.45544554455445546,0.24912280701754386,0.5445544554455446,0.39316239316239315
temporal_1,race_priors_blind,COMPAS tool,tool,,race,Hispanic,112.0,0.22321428571428573,0.25892857142857145,0.6964285714285714,0.4,0.21839080459770116,0.6,0.3448275862068966
temporal_1,race_priors_blind,COMPAS tool,tool,,race,Native American,1.0,1.0,1.0,1.0,1.0,,0.0,1.0
temporal_1,race_priors_blind,COMPAS tool,tool,,race,Other,73.0,0.2328767123287671,0.1643835616438356,0.7123287671232876,0.23529411764705882,0.14285714285714285,0.7647058823529411,0.3333333333333333
temporal_1,race_priors_blind,COMPAS tool,tool,,sex,Female,230.0,0.2217391304347826,0.3695652173913043,0.6434782608695652,0.5294117647058824,0.3240223463687151,0.47058823529411764,0.3176470588235294
temporal_1,race_priors_blind,COMPAS tool,tool,,sex,Male,908.0,0.3436123348017621,0.43281938325991187,0.6354625550660793,0.5993589743589743,0.34563758389261745,0.40064102564102566,0.4758269720101781
temporal_1,race_proxy_blind,TabPFN,0.5,0.5,race,African-American,560.0,0.3892857142857143,0.0,0.6107142857142858,0.0,0.0,1.0,
temporal_1,race_proxy_blind,TabPFN,0.5,0.5,race,Asian,6.0,0.16666666666666666,0.0,0.8333333333333334,0.0,0.0,1.0,
temporal_1,race_proxy_blind,TabPFN,0.5,0.5,race,Caucasian,386.0,0.2616580310880829,0.0,0.7383419689119171,0.0,0.0,1.0,
temporal_1,race_proxy_blind,TabPFN,0.5,0.5,race,Hispanic,112.0,0.22321428571428573,0.0,0.7767857142857143,0.0,0.0,1.0,
temporal_1,race_proxy_blind,TabPFN,0.5,0.5,race,Native American,1.0,1.0,0.0,0.0,0.0,,1.0,
temporal_1,race_proxy_blind,TabPFN,0.5,0.5,race,Other,73.0,0.2328767123287671,0.0,0.7671232876712328,0.0,0.0,1.0,
temporal_1,race_proxy_blind,TabPFN,0.5,0.5,sex,Female,230.0,0.2217391304347826,0.0,0.7782608695652173,0.0,0.0,1.0,
temporal_1,race_proxy_blind,TabPFN,0.5,0.5,sex,Male,908.0,0.3436123348017621,0.0,0.6563876651982379,0.0,0.0,1.0,
temporal_1,race_proxy_blind,TabPFN,break_even,0.2523364485981308,race,African-American,560.0,0.3892857142857143,1.0,0.3892857142857143,1.0,1.0,0.0,0.3892857142857143
temporal_1,race_proxy_blind,TabPFN,break_even,0.2523364485981308,race,Asian,6.0,0.16666666666666666,1.0,0.16666666666666666,1.0,1.0,0.0,0.16666666666666666
temporal_1,race_proxy_blind,TabPFN,break_even,0.2523364485981308,race,Caucasian,386.0,0.2616580310880829,1.0,0.2616580310880829,1.0,1.0,0.0,0.2616580310880829
temporal_1,race_proxy_blind,TabPFN,break_even,0.2523364485981308,race,Hispanic,112.0,0.22321428571428573,1.0,0.22321428571428573,1.0,1.0,0.0,0.22321428571428573
temporal_1,race_proxy_blind,TabPFN,break_even,0.2523364485981308,race,Native American,1.0,1.0,1.0,1.0,1.0,,0.0,1.0
temporal_1,race_proxy_blind,TabPFN,break_even,0.2523364485981308,race,Other,73.0,0.2328767123287671,1.0,0.2328767123287671,1.0,1.0,0.0,0.2328767123287671
temporal_1,race_proxy_blind,TabPFN,break_even,0.2523364485981308,sex,Female,230.0,0.2217391304347826,1.0,0.2217391304347826,1.0,1.0,0.0,0.2217391304347826
temporal_1,race_proxy_blind,TabPFN,break_even,0.2523364485981308,sex,Male,908.0,0.3436123348017621,1.0,0.3436123348017621,1.0,1.0,0.0,0.3436123348017621
temporal_1,race_proxy_blind,COMPAS tool,tool,,race,African-American,560.0,0.3892857142857143,0.5660714285714286,0.5875,0.6972477064220184,0.4824561403508772,0.30275229357798167,0.4794952681388013
temporal_1,race_proxy_blind,COMPAS tool,tool,,race,Asian,6.0,0.16666666666666666,0.3333333333333333,0.8333333333333334,1.0,0.2,0.0,0.5
temporal_1,race_proxy_blind,COMPAS tool,tool,,race,Caucasian,386.0,0.2616580310880829,0.30310880829015546,0.6735751295336787,0.45544554455445546,0.24912280701754386,0.5445544554455446,0.39316239316239315
temporal_1,race_proxy_blind,COMPAS tool,tool,,race,Hispanic,112.0,0.22321428571428573,0.25892857142857145,0.6964285714285714,0.4,0.21839080459770116,0.6,0.3448275862068966
temporal_1,race_proxy_blind,COMPAS tool,tool,,race,Native American,1.0,1.0,1.0,1.0,1.0,,0.0,1.0
temporal_1,race_proxy_blind,COMPAS tool,tool,,race,Other,73.0,0.2328767123287671,0.1643835616438356,0.7123287671232876,0.23529411764705882,0.14285714285714285,0.7647058823529411,0.3333333333333333
temporal_1,race_proxy_blind,COMPAS tool,tool,,sex,Female,230.0,0.2217391304347826,0.3695652173913043,0.6434782608695652,0.5294117647058824,0.3240223463687151,0.47058823529411764,0.3176470588235294
temporal_1,race_proxy_blind,COMPAS tool,tool,,sex,Male,908.0,0.3436123348017621,0.43281938325991187,0.6354625550660793,0.5993589743589743,0.34563758389261745,0.40064102564102566,0.4758269720101781
temporal_1,sex_blind,TabPFN,0.5,0.5,race,African-American,560.0,0.3892857142857143,0.275,0.6642857142857143,0.42201834862385323,0.18128654970760233,0.5779816513761468,0.5974025974025974
temporal_1,sex_blind,TabPFN,0.5,0.5,race,Asian,6.0,0.16666666666666666,0.0,0.8333333333333334,0.0,0.0,1.0,
temporal_1,sex_blind,TabPFN,0.5,0.5,race,Caucasian,386.0,0.2616580310880829,0.07253886010362694,0.7227979274611399,0.10891089108910891,0.05964912280701754,0.8910891089108911,0.39285714285714285
temporal_1,sex_blind,TabPFN,0.5,0.5,race,Hispanic,112.0,0.22321428571428573,0.08035714285714286,0.75,0.12,0.06896551724137931,0.88,0.3333333333333333
temporal_1,sex_blind,TabPFN,0.5,0.5,race,Native American,1.0,1.0,0.0,0.0,0.0,,1.0,
temporal_1,sex_blind,TabPFN,0.5,0.5,race,Other,73.0,0.2328767123287671,0.0410958904109589,0.7534246575342466,0.058823529411764705,0.03571428571428571,0.9411764705882353,0.3333333333333333
temporal_1,sex_blind,TabPFN,0.5,0.5,sex,Female,230.0,0.2217391304347826,0.05217391304347826,0.7956521739130434,0.1568627450980392,0.0223463687150838,0.8431372549019608,0.6666666666666666
temporal_1,sex_blind,TabPFN,0.5,0.5,sex,Male,908.0,0.3436123348017621,0.20044052863436124,0.6740088105726872,0.3173076923076923,0.13926174496644295,0.6826923076923077,0.5439560439560439
temporal_1,sex_blind,TabPFN,break_even,0.2523364485981308,race,African-American,560.0,0.3892857142857143,0.6982142857142857,0.5875,0.8669724770642202,0.5906432748538012,0.13302752293577982,0.4833759590792839
temporal_1,sex_blind,TabPFN,break_even,0.2523364485981308,race,Asian,6.0,0.16666666666666666,0.16666666666666666,0.6666666666666666,0.0,0.2,1.0,0.0
temporal_1,sex_blind,TabPFN,break_even,0.2523364485981308,race,Caucasian,386.0,0.2616580310880829,0.4481865284974093,0.6373056994818653,0.6633663366336634,0.3719298245614035,0.33663366336633666,0.3872832369942196
temporal_1,sex_blind,TabPFN,break_even,0.2523364485981308,race,Hispanic,112.0,0.22321428571428573,0.5089285714285714,0.5357142857142857,0.6,0.4827586206896552,0.4,0.2631578947368421
temporal_1,sex_blind,TabPFN,break_even,0.2523364485981308,race,Native American,1.0,1.0,0.0,0.0,0.0,,1.0,
temporal_1,sex_blind,TabPFN,break_even,0.2523364485981308,race,Other,73.0,0.2328767123287671,0.273972602739726,0.7671232876712328,0.5882352941176471,0.17857142857142858,0.4117647058823529,0.5
temporal_1,sex_blind,TabPFN,break_even,0.2523364485981308,sex,Female,230.0,0.2217391304347826,0.4260869565217391,0.6304347826086957,0.6274509803921569,0.3687150837988827,0.37254901960784315,0.32653061224489793
temporal_1,sex_blind,TabPFN,break_even,0.2523364485981308,sex,Male,908.0,0.3436123348017621,0.5991189427312775,0.6057268722466961,0.7980769230769231,0.4949664429530201,0.20192307692307693,0.4577205882352941
temporal_1,sex_blind,COMPAS tool,tool,,race,African-American,560.0,0.3892857142857143,0.5660714285714286,0.5875,0.6972477064220184,0.4824561403508772,0.30275229357798167,0.4794952681388013
temporal_1,sex_blind,COMPAS tool,tool,,race,Asian,6.0,0.16666666666666666,0.3333333333333333,0.8333333333333334,1.0,0.2,0.0,0.5
temporal_1,sex_blind,COMPAS tool,tool,,race,Caucasian,386.0,0.2616580310880829,0.30310880829015546,0.6735751295336787,0.45544554455445546,0.24912280701754386,0.5445544554455446,0.39316239316239315
temporal_1,sex_blind,COMPAS tool,tool,,race,Hispanic,112.0,0.22321428571428573,0.25892857142857145,0.6964285714285714,0.4,0.21839080459770116,0.6,0.3448275862068966
temporal_1,sex_blind,COMPAS tool,tool,,race,Native American,1.0,1.0,1.0,1.0,1.0,,0.0,1.0
temporal_1,sex_blind,COMPAS tool,tool,,race,Other,73.0,0.2328767123287671,0.1643835616438356,0.7123287671232876,0.23529411764705882,0.14285714285714285,0.7647058823529411,0.3333333333333333
temporal_1,sex_blind,COMPAS tool,tool,,sex,Female,230.0,0.2217391304347826,0.3695652173913043,0.6434782608695652,0.5294117647058824,0.3240223463687151,0.47058823529411764,0.3176470588235294
temporal_1,sex_blind,COMPAS tool,tool,,sex,Male,908.0,0.3436123348017621,0.43281938325991187,0.6354625550660793,0.5993589743589743,0.34563758389261745,0.40064102564102566,0.4758269720101781
temporal_2,age_blind,TabPFN,0.5,0.5,race,African-American,843.0,0.38434163701067614,0.2147093712930012,0.638196915776987,0.30864197530864196,0.15606936416184972,0.691358024691358,0.5524861878453039
temporal_2,age_blind,TabPFN,0.5,0.5,race,Asian,9.0,0.1111111111111111,0.0,0.8888888888888888,0.0,0.0,1.0,
temporal_2,age_blind,TabPFN,0.5,0.5,race,Caucasian,621.0,0.2721417069243156,0.0499194847020934,0.7326892109500805,0.10059171597633136,0.030973451327433628,0.8994082840236687,0.5483870967741935
temporal_2,age_blind,TabPFN,0.5,0.5,race,Hispanic,134.0,0.26119402985074625,0.04477611940298507,0.753731343283582,0.11428571428571428,0.020202020202020204,0.8857142857142857,0.6666666666666666
temporal_2,age_blind,TabPFN,0.5,0.5,race,Native American,2.0,0.5,0.0,0.5,0.0,0.0,1.0,
temporal_2,age_blind,TabPFN,0.5,0.5,race,Other,97.0,0.26804123711340205,0.010309278350515464,0.7422680412371134,0.038461538461538464,0.0,0.9615384615384616,1.0
temporal_2,age_blind,TabPFN,0.5,0.5,sex,Female,364.0,0.22527472527472528,0.0521978021978022,0.7884615384615384,0.14634146341463414,0.024822695035460994,0.8536585365853658,0.631578947368421
temporal_2,age_blind,TabPFN,0.5,0.5,sex,Male,1342.0,0.353204172876304,0.14903129657228018,0.6616989567809239,0.2320675105485232,0.10368663594470046,0.7679324894514767,0.55
temporal_2,age_blind,TabPFN,break_even,0.2523364485981308,race,African-American,843.0,0.38434163701067614,0.6476868327402135,0.5658362989323843,0.7777777777777778,0.5664739884393064,0.2222222222222222,0.46153846153846156
temporal_2,age_blind,TabPFN,break_even,0.2523364485981308,race,Asian,9.0,0.1111111111111111,0.2222222222222222,0.8888888888888888,1.0,0.125,0.0,0.5
temporal_2,age_blind,TabPFN,break_even,0.2523364485981308,race,Caucasian,621.0,0.2721417069243156,0.3639291465378422,0.6344605475040258,0.4970414201183432,0.3141592920353982,0.5029585798816568,0.37168141592920356
temporal_2,age_blind,TabPFN,break_even,0.2523364485981308,race,Hispanic,134.0,0.26119402985074625,0.31343283582089554,0.7238805970149254,0.5714285714285714,0.2222222222222222,0.42857142857142855,0.47619047619047616
temporal_2,age_blind,TabPFN,break_even,0.2523364485981308,race,Native American,2.0,0.5,0.5,1.0,1.0,0.0,0.0,1.0
temporal_2,age_blind,TabPFN,break_even,0.2523364485981308,race,Other,97.0,0.26804123711340205,0.29896907216494845,0.7216494845360825,0.5384615384615384,0.2112676056338028,0.46153846153846156,0.4827586206896552
temporal_2,age_blind,TabPFN,break_even,0.2523364485981308,sex,Female,364.0,0.22527472527472528,0.3598901098901099,0.695054945054945,0.6219512195121951,0.28368794326241137,0.3780487804878049,0.3893129770992366
temporal_2,age_blind,TabPFN,break_even,0.2523364485981308,sex,Male,1342.0,0.353204172876304,0.5327868852459017,0.5923994038748137,0.6772151898734177,0.4539170506912442,0.3227848101265823,0.4489510489510489
temporal_2,age_blind,COMPAS tool,tool,,race,African-American,843.0,0.38434163701067614,0.5077105575326216,0.6061684460260973,0.6481481481481481,0.42003853564547206,0.35185185185185186,0.49065420560747663
temporal_2,age_blind,COMPAS tool,tool,,race,Asian,9.0,0.1111111111111111,0.2222222222222222,0.8888888888888888,1.0,0.125,0.0,0.5
temporal_2,age_blind,COMPAS tool,tool,,race,Caucasian,621.0,0.2721417069243156,0.2962962962962963,0.6988727858293076,0.4911242603550296,0.2234513274336283,0.5088757396449705,0.45108695652173914
temporal_2,age_blind,COMPAS tool,tool,,race,Hispanic,134.0,0.26119402985074625,0.2537313432835821,0.6940298507462687,0.4,0.20202020202020202,0.6,0.4117647058823529
temporal_2,age_blind,COMPAS tool,tool,,race,Native American,2.0,0.5,0.5,1.0,1.0,0.0,0.0,1.0
temporal_2,age_blind,COMPAS tool,tool,,race,Other,97.0,0.26804123711340205,0.1958762886597938,0.7628865979381443,0.4230769230769231,0.11267605633802817,0.5769230769230769,0.5789473684210527
temporal_2,age_blind,COMPAS tool,tool,,sex,Female,364.0,0.22527472527472528,0.3434065934065934,0.7005494505494505,0.5975609756097561,0.2695035460992908,0.4024390243902439,0.392
temporal_2,age_blind,COMPAS tool,tool,,sex,Male,1342.0,0.353204172876304,0.4046199701937407,0.6460506706408345,0.5717299578059072,0.31336405529953915,0.4282700421940928,0.4990791896869245
temporal_2,protected_blind,TabPFN,0.5,0.5,race,African-American,843.0,0.38434163701067614,0.1981020166073547,0.638196915776987,0.28703703703703703,0.14258188824662812,0.7129629629629629,0.5568862275449101
temporal_2,protected_blind,TabPFN,0.5,0.5,race,Asian,9.0,0.1111111111111111,0.0,0.8888888888888888,0.0,0.0,1.0,
temporal_2,protected_blind,TabPFN,0.5,0.5,race,Caucasian,621.0,0.2721417069243156,0.07568438003220612,0.71658615136876,0.11834319526627218,0.059734513274336286,0.8816568047337278,0.425531914893617
temporal_2,protected_blind,TabPFN,0.5,0.5,race,Hispanic,134.0,0.26119402985074625,0.12686567164179105,0.7761194029850746,0.3142857142857143,0.06060606060606061,0.6857142857142857,0.6470588235294118
temporal_2,protected_blind,TabPFN,0.5,0.5,race,Native American,2.0,0.5,0.0,0.5,0.0,0.0,1.0,
temporal_2,protected_blind,TabPFN,0.5,0.5,race,Other,97.0,0.26804123711340205,0.030927835051546393,0.7628865979381443,0.11538461538461539,0.0,0.8846153846153846,1.0
temporal_2,protected_blind,TabPFN,0.5,0.5,sex,Female,364.0,0.22527472527472528,0.08516483516483517,0.782967032967033,0.2073170731707317,0.04964539007092199,0.7926829268292683,0.5483870967741935
temporal_2,protected_blind,TabPFN,0.5,0.5,sex,Male,1342.0,0.353204172876304,0.1512667660208644,0.6594634873323398,0.2320675105485232,0.10714285714285714,0.7679324894514767,0.541871921182266
temporal_2,protected_blind,TabPFN,break_even,0.2523364485981308,race,African-American,843.0,0.38434163701067614,0.6215895610913404,0.561091340450771,0.7376543209876543,0.5491329479768786,0.2623456790123457,0.45610687022900764
temporal_2,protected_blind,TabPFN,break_even,0.2523364485981308,race,Asian,9.0,0.1111111111111111,0.3333333333333333,0.7777777777777778,1.0,0.25,0.0,0.3333333333333333
temporal_2,protected_blind,TabPFN,break_even,0.2523364485981308,race,Caucasian,621.0,0.2721417069243156,0.5024154589371981,0.5636070853462157,0.621301775147929,0.4579646017699115,0.378698224852071,0.33653846153846156
temporal_2,protected_blind,TabPFN,break_even,0.2523364485981308,race,Hispanic,134.0,0.26119402985074625,0.43283582089552236,0.6492537313432836,0.6571428571428571,0.35353535353535354,0.34285714285714286,0.39655172413793105
temporal_2,protected_blind,TabPFN,break_even,0.2523364485981308,race,Native American,2.0,0.5,0.5,1.0,1.0,0.0,0.0,1.0
temporal_2,protected_blind,TabPFN,break_even,0.2523364485981308,race,Other,97.0,0.26804123711340205,0.38144329896907214,0.7216494845360825,0.6923076923076923,0.2676056338028169,0.3076923076923077,0.4864864864864865
temporal_2,protected_blind,TabPFN,break_even,0.2523364485981308,sex,Female,364.0,0.22527472527472528,0.44505494505494503,0.6373626373626373,0.6829268292682927,0.375886524822695,0.3170731707317073,0.345679012345679
temporal_2,protected_blind,TabPFN,break_even,0.2523364485981308,sex,Male,1342.0,0.353204172876304,0.5760059612518629,0.5640834575260805,0.6983122362869199,0.5092165898617511,0.30168776371308015,0.4282018111254851
temporal_2,protected_blind,COMPAS tool,tool,,race,African-American,843.0,0.38434163701067614,0.5077105575326216,0.6061684460260973,0.6481481481481481,0.42003853564547206,0.35185185185185186,0.49065420560747663
temporal_2,protected_blind,COMPAS tool,tool,,race,Asian,9.0,0.1111111111111111,0.2222222222222222,0.8888888888888888,1.0,0.125,0.0,0.5
temporal_2,protected_blind,COMPAS tool,tool,,race,Caucasian,621.0,0.2721417069243156,0.2962962962962963,0.6988727858293076,0.4911242603550296,0.2234513274336283,0.5088757396449705,0.45108695652173914
temporal_2,protected_blind,COMPAS tool,tool,,race,Hispanic,134.0,0.26119402985074625,0.2537313432835821,0.6940298507462687,0.4,0.20202020202020202,0.6,0.4117647058823529
temporal_2,protected_blind,COMPAS tool,tool,,race,Native American,2.0,0.5,0.5,1.0,1.0,0.0,0.0,1.0
temporal_2,protected_blind,COMPAS tool,tool,,race,Other,97.0,0.26804123711340205,0.1958762886597938,0.7628865979381443,0.4230769230769231,0.11267605633802817,0.5769230769230769,0.5789473684210527
temporal_2,protected_blind,COMPAS tool,tool,,sex,Female,364.0,0.22527472527472528,0.3434065934065934,0.7005494505494505,0.5975609756097561,0.2695035460992908,0.4024390243902439,0.392
temporal_2,protected_blind,COMPAS tool,tool,,sex,Male,1342.0,0.353204172876304,0.4046199701937407,0.6460506706408345,0.5717299578059072,0.31336405529953915,0.4282700421940928,0.4990791896869245
temporal_2,race_aware,TabPFN,0.5,0.5,race,African-American,843.0,0.38434163701067614,0.2431791221826809,0.6714116251482799,0.3888888888888889,0.15221579961464354,0.6111111111111112,0.6146341463414634
temporal_2,race_aware,TabPFN,0.5,0.5,race,Asian,9.0,0.1111111111111111,0.0,0.8888888888888888,0.0,0.0,1.0,
temporal_2,race_aware,TabPFN,0.5,0.5,race,Caucasian,621.0,0.2721417069243156,0.08695652173913043,0.7181964573268921,0.14201183431952663,0.06637168141592921,0.8579881656804734,0.4444444444444444
temporal_2,race_aware,TabPFN,0.5,0.5,race,Hispanic,134.0,0.26119402985074625,0.09701492537313433,0.7761194029850746,0.2571428571428571,0.04040404040404041,0.7428571428571429,0.6923076923076923
temporal_2,race_aware,TabPFN,0.5,0.5,race,Native American,2.0,0.5,0.0,0.5,0.0,0.0,1.0,
temporal_2,race_aware,TabPFN,0.5,0.5,race,Other,97.0,0.26804123711340205,0.061855670103092786,0.7525773195876289,0.15384615384615385,0.028169014084507043,0.8461538461538461,0.6666666666666666
temporal_2,race_aware,TabPFN,0.5,0.5,sex,Female,364.0,0.22527472527472528,0.07692307692307693,0.7857142857142857,0.1951219512195122,0.0425531914893617,0.8048780487804879,0.5714285714285714
temporal_2,race_aware,TabPFN,0.5,0.5,sex,Male,1342.0,0.353204172876304,0.18628912071535023,0.6795827123695977,0.310126582278481,0.11866359447004608,0.689873417721519,0.588
temporal_2,race_aware,TabPFN,break_even,0.2523364485981308,race,African-American,843.0,0.38434163701067614,0.6809015421115066,0.561091340450771,0.8148148148148148,0.5973025048169557,0.18518518518518517,0.45993031358885017
temporal_2,race_aware,TabPFN,break_even,0.2523364485981308,race,Asian,9.0,0.1111111111111111,0.3333333333333333,0.7777777777777778,1.0,0.25,0.0,0.3333333333333333
temporal_2,race_aware,TabPFN,break_even,0.2523364485981308,race,Caucasian,621.0,0.2721417069243156,0.42351046698872785,0.6392914653784219,0.6153846153846154,0.35176991150442477,0.38461538461538464,0.39543726235741444
temporal_2,race_aware,TabPFN,break_even,0.2523364485981308,race,Hispanic,134.0,0.26119402985074625,0.40298507462686567,0.7089552238805971,0.7142857142857143,0.29292929292929293,0.2857142857142857,0.46296296296296297
temporal_2,race_aware,TabPFN,break_even,0.2523364485981308,race,Native American,2.0,0.5,0.5,1.0,1.0,0.0,0.0,1.0
temporal_2,race_aware,TabPFN,break_even,0.2523364485981308,race,Other,97.0,0.26804123711340205,0.4020618556701031,0.7422680412371134,0.7692307692307693,0.2676056338028169,0.23076923076923078,0.5128205128205128
temporal_2,race_aware,TabPFN,break_even,0.2523364485981308,sex,Female,364.0,0.22527472527472528,0.33791208791208793,0.7115384615384616,0.6097560975609756,0.25886524822695034,0.3902439024390244,0.4065040650406504
temporal_2,race_aware,TabPFN,break_even,0.2523364485981308,sex,Male,1342.0,0.353204172876304,0.6043219076005961,0.5864381520119225,0.770042194092827,0.5138248847926268,0.229957805907173,0.45006165228113443
temporal_2,race_aware,COMPAS tool,tool,,race,African-American,843.0,0.38434163701067614,0.5077105575326216,0.6061684460260973,0.6481481481481481,0.42003853564547206,0.35185185185185186,0.49065420560747663
temporal_2,race_aware,COMPAS tool,tool,,race,Asian,9.0,0.1111111111111111,0.2222222222222222,0.8888888888888888,1.0,0.125,0.0,0.5
temporal_2,race_aware,COMPAS tool,tool,,race,Caucasian,621.0,0.2721417069243156,0.2962962962962963,0.6988727858293076,0.4911242603550296,0.2234513274336283,0.5088757396449705,0.45108695652173914
temporal_2,race_aware,COMPAS tool,tool,,race,Hispanic,134.0,0.26119402985074625,0.2537313432835821,0.6940298507462687,0.4,0.20202020202020202,0.6,0.4117647058823529
temporal_2,race_aware,COMPAS tool,tool,,race,Native American,2.0,0.5,0.5,1.0,1.0,0.0,0.0,1.0
temporal_2,race_aware,COMPAS tool,tool,,race,Other,97.0,0.26804123711340205,0.1958762886597938,0.7628865979381443,0.4230769230769231,0.11267605633802817,0.5769230769230769,0.5789473684210527
temporal_2,race_aware,COMPAS tool,tool,,sex,Female,364.0,0.22527472527472528,0.3434065934065934,0.7005494505494505,0.5975609756097561,0.2695035460992908,0.4024390243902439,0.392
temporal_2,race_aware,COMPAS tool,tool,,sex,Male,1342.0,0.353204172876304,0.4046199701937407,0.6460506706408345,0.5717299578059072,0.31336405529953915,0.4282700421940928,0.4990791896869245
temporal_2,race_blind,TabPFN,0.5,0.5,race,African-American,843.0,0.38434163701067614,0.23487544483985764,0.6702253855278766,0.3765432098765432,0.1464354527938343,0.6234567901234568,0.6161616161616161
temporal_2,race_blind,TabPFN,0.5,0.5,race,Asian,9.0,0.1111111111111111,0.0,0.8888888888888888,0.0,0.0,1.0,
temporal_2,race_blind,TabPFN,0.5,0.5,race,Caucasian,621.0,0.2721417069243156,0.09339774557165861,0.714975845410628,0.14792899408284024,0.07300884955752213,0.8520710059171598,0.43103448275862066
temporal_2,race_blind,TabPFN,0.5,0.5,race,Hispanic,134.0,0.26119402985074625,0.13432835820895522,0.7686567164179104,0.3142857142857143,0.0707070707070707,0.6857142857142857,0.6111111111111112
temporal_2,race_blind,TabPFN,0.5,0.5,race,Native American,2.0,0.5,0.0,0.5,0.0,0.0,1.0,
temporal_2,race_blind,TabPFN,0.5,0.5,race,Other,97.0,0.26804123711340205,0.07216494845360824,0.7628865979381443,0.19230769230769232,0.028169014084507043,0.8076923076923077,0.7142857142857143
temporal_2,race_blind,TabPFN,0.5,0.5,sex,Female,364.0,0.22527472527472528,0.08241758241758242,0.7912087912087912,0.21951219512195122,0.0425531914893617,0.7804878048780488,0.6
temporal_2,race_blind,TabPFN,0.5,0.5,sex,Male,1342.0,0.353204172876304,0.1870342771982116,0.6758569299552906,0.3059071729957806,0.12211981566820276,0.6940928270042194,0.5776892430278885
temporal_2,race_blind,TabPFN,break_even,0.2523364485981308,race,African-American,843.0,0.38434163701067614,0.6465005931198102,0.5788849347568209,0.7932098765432098,0.5549132947976878,0.20679012345679013,0.47155963302752296
temporal_2,race_blind,TabPFN,break_even,0.2523364485981308,race,Asian,9.0,0.1111111111111111,0.3333333333333333,0.7777777777777778,1.0,0.25,0.0,0.3333333333333333
temporal_2,race_blind,TabPFN,break_even,0.2523364485981308,race,Caucasian,621.0,0.2721417069243156,0.42673107890499196,0.6360708534621579,0.6153846153846154,0.3561946902654867,0.38461538461538464,0.39245283018867927
temporal_2,race_blind,TabPFN,break_even,0.2523364485981308,race,Hispanic,134.0,0.26119402985074625,0.40298507462686567,0.7089552238805971,0.7142857142857143,0.29292929292929293,0.2857142857142857,0.46296296296296297
temporal_2,race_blind,TabPFN,break_even,0.2523364485981308,race,Native American,2.0,0.5,0.5,1.0,1.0,0.0,0.0,1.0
temporal_2,race_blind,TabPFN,break_even,0.2523364485981308,race,Other,97.0,0.26804123711340205,0.4020618556701031,0.7422680412371134,0.7692307692307693,0.2676056338028169,0.23076923076923078,0.5128205128205128
temporal_2,race_blind,TabPFN,break_even,0.2523364485981308,sex,Female,364.0,0.22527472527472528,0.34615384615384615,0.7032967032967034,0.6097560975609756,0.2695035460992908,0.3902439024390244,0.3968253968253968
temporal_2,race_blind,TabPFN,break_even,0.2523364485981308,sex,Male,1342.0,0.353204172876304,0.5819672131147541,0.5983606557377049,0.7552742616033755,0.4873271889400922,0.24472573839662448,0.45838668373879643
temporal_2,race_blind,COMPAS tool,tool,,race,African-American,843.0,0.38434163701067614,0.5077105575326216,0.6061684460260973,0.6481481481481481,0.42003853564547206,0.35185185185185186,0.49065420560747663
temporal_2,race_blind,COMPAS tool,tool,,race,Asian,9.0,0.1111111111111111,0.2222222222222222,0.8888888888888888,1.0,0.125,0.0,0.5
temporal_2,race_blind,COMPAS tool,tool,,race,Caucasian,621.0,0.2721417069243156,0.2962962962962963,0.6988727858293076,0.4911242603550296,0.2234513274336283,0.5088757396449705,0.45108695652173914
temporal_2,race_blind,COMPAS tool,tool,,race,Hispanic,134.0,0.26119402985074625,0.2537313432835821,0.6940298507462687,0.4,0.20202020202020202,0.6,0.4117647058823529
temporal_2,race_blind,COMPAS tool,tool,,race,Native American,2.0,0.5,0.5,1.0,1.0,0.0,0.0,1.0
temporal_2,race_blind,COMPAS tool,tool,,race,Other,97.0,0.26804123711340205,0.1958762886597938,0.7628865979381443,0.4230769230769231,0.11267605633802817,0.5769230769230769,0.5789473684210527
temporal_2,race_blind,COMPAS tool,tool,,sex,Female,364.0,0.22527472527472528,0.3434065934065934,0.7005494505494505,0.5975609756097561,0.2695035460992908,0.4024390243902439,0.392
temporal_2,race_blind,COMPAS tool,tool,,sex,Male,1342.0,0.353204172876304,0.4046199701937407,0.6460506706408345,0.5717299578059072,0.31336405529953915,0.4282700421940928,0.4990791896869245
temporal_2,race_priors_blind,TabPFN,0.5,0.5,race,African-American,843.0,0.38434163701067614,0.0,0.6156583629893239,0.0,0.0,1.0,
temporal_2,race_priors_blind,TabPFN,0.5,0.5,race,Asian,9.0,0.1111111111111111,0.0,0.8888888888888888,0.0,0.0,1.0,
temporal_2,race_priors_blind,TabPFN,0.5,0.5,race,Caucasian,621.0,0.2721417069243156,0.0,0.7278582930756844,0.0,0.0,1.0,
temporal_2,race_priors_blind,TabPFN,0.5,0.5,race,Hispanic,134.0,0.26119402985074625,0.0,0.7388059701492538,0.0,0.0,1.0,
temporal_2,race_priors_blind,TabPFN,0.5,0.5,race,Native American,2.0,0.5,0.0,0.5,0.0,0.0,1.0,
temporal_2,race_priors_blind,TabPFN,0.5,0.5,race,Other,97.0,0.26804123711340205,0.0,0.7319587628865979,0.0,0.0,1.0,
temporal_2,race_priors_blind,TabPFN,0.5,0.5,sex,Female,364.0,0.22527472527472528,0.0,0.7747252747252747,0.0,0.0,1.0,
temporal_2,race_priors_blind,TabPFN,0.5,0.5,sex,Male,1342.0,0.353204172876304,0.0,0.646795827123696,0.0,0.0,1.0,
temporal_2,race_priors_blind,TabPFN,break_even,0.2523364485981308,race,African-American,843.0,0.38434163701067614,0.7852906287069988,0.4970344009489917,0.8672839506172839,0.7341040462427746,0.13271604938271606,0.4244712990936556
temporal_2,race_priors_blind,TabPFN,break_even,0.2523364485981308,race,Asian,9.0,0.1111111111111111,0.7777777777777778,0.3333333333333333,1.0,0.75,0.0,0.14285714285714285
temporal_2,race_priors_blind,TabPFN,break_even,0.2523364485981308,race,Caucasian,621.0,0.2721417069243156,0.6344605475040258,0.499194847020934,0.7455621301775148,0.5929203539823009,0.25443786982248523,0.3197969543147208
temporal_2,race_priors_blind,TabPFN,break_even,0.2523364485981308,race,Hispanic,134.0,0.26119402985074625,0.6791044776119403,0.44776119402985076,0.7428571428571429,0.6565656565656566,0.2571428571428571,0.2857142857142857
temporal_2,race_priors_blind,TabPFN,break_even,0.2523364485981308,race,Native American,2.0,0.5,0.5,1.0,1.0,0.0,0.0,1.0
temporal_2,race_priors_blind,TabPFN,break_even,0.2523364485981308,race,Other,97.0,0.26804123711340205,0.711340206185567,0.4536082474226804,0.8076923076923077,0.676056338028169,0.19230769230769232,0.30434782608695654
temporal_2,race_priors_blind,TabPFN,break_even,0.2523364485981308,sex,Female,364.0,0.22527472527472528,0.4725274725274725,0.5659340659340659,0.5853658536585366,0.4397163120567376,0.4146341463414634,0.27906976744186046
temporal_2,race_priors_blind,TabPFN,break_even,0.2523364485981308,sex,Male,1342.0,0.353204172876304,0.7839046199701938,0.47093889716840537,0.8607594936708861,0.7419354838709677,0.13924050632911392,0.38783269961977185
temporal_2,race_priors_blind,COMPAS tool,tool,,race,African-American,843.0,0.38434163701067614,0.5077105575326216,0.6061684460260973,0.6481481481481481,0.42003853564547206,0.35185185185185186,0.49065420560747663
temporal_2,race_priors_blind,COMPAS tool,tool,,race,Asian,9.0,0.1111111111111111,0.2222222222222222,0.8888888888888888,1.0,0.125,0.0,0.5
temporal_2,race_priors_blind,COMPAS tool,tool,,race,Caucasian,621.0,0.2721417069243156,0.2962962962962963,0.6988727858293076,0.4911242603550296,0.2234513274336283,0.5088757396449705,0.45108695652173914
temporal_2,race_priors_blind,COMPAS tool,tool,,race,Hispanic,134.0,0.26119402985074625,0.2537313432835821,0.6940298507462687,0.4,0.20202020202020202,0.6,0.4117647058823529
temporal_2,race_priors_blind,COMPAS tool,tool,,race,Native American,2.0,0.5,0.5,1.0,1.0,0.0,0.0,1.0
temporal_2,race_priors_blind,COMPAS tool,tool,,race,Other,97.0,0.26804123711340205,0.1958762886597938,0.7628865979381443,0.4230769230769231,0.11267605633802817,0.5769230769230769,0.5789473684210527
temporal_2,race_priors_blind,COMPAS tool,tool,,sex,Female,364.0,0.22527472527472528,0.3434065934065934,0.7005494505494505,0.5975609756097561,0.2695035460992908,0.4024390243902439,0.392
temporal_2,race_priors_blind,COMPAS tool,tool,,sex,Male,1342.0,0.353204172876304,0.4046199701937407,0.6460506706408345,0.5717299578059072,0.31336405529953915,0.4282700421940928,0.4990791896869245
temporal_2,race_proxy_blind,TabPFN,0.5,0.5,race,African-American,843.0,0.38434163701067614,0.0,0.6156583629893239,0.0,0.0,1.0,
temporal_2,race_proxy_blind,TabPFN,0.5,0.5,race,Asian,9.0,0.1111111111111111,0.0,0.8888888888888888,0.0,0.0,1.0,
temporal_2,race_proxy_blind,TabPFN,0.5,0.5,race,Caucasian,621.0,0.2721417069243156,0.0,0.7278582930756844,0.0,0.0,1.0,
temporal_2,race_proxy_blind,TabPFN,0.5,0.5,race,Hispanic,134.0,0.26119402985074625,0.0,0.7388059701492538,0.0,0.0,1.0,
temporal_2,race_proxy_blind,TabPFN,0.5,0.5,race,Native American,2.0,0.5,0.0,0.5,0.0,0.0,1.0,
temporal_2,race_proxy_blind,TabPFN,0.5,0.5,race,Other,97.0,0.26804123711340205,0.0,0.7319587628865979,0.0,0.0,1.0,
temporal_2,race_proxy_blind,TabPFN,0.5,0.5,sex,Female,364.0,0.22527472527472528,0.0,0.7747252747252747,0.0,0.0,1.0,
temporal_2,race_proxy_blind,TabPFN,0.5,0.5,sex,Male,1342.0,0.353204172876304,0.0,0.646795827123696,0.0,0.0,1.0,
temporal_2,race_proxy_blind,TabPFN,break_even,0.2523364485981308,race,African-American,843.0,0.38434163701067614,0.7983392645314353,0.4863582443653618,0.8703703703703703,0.7533718689788054,0.12962962962962962,0.41901931649331353
temporal_2,race_proxy_blind,TabPFN,break_even,0.2523364485981308,race,Asian,9.0,0.1111111111111111,0.7777777777777778,0.3333333333333333,1.0,0.75,0.0,0.14285714285714285
temporal_2,race_proxy_blind,TabPFN,break_even,0.2523364485981308,race,Caucasian,621.0,0.2721417069243156,0.7713365539452496,0.40418679549114334,0.8224852071005917,0.7522123893805309,0.17751479289940827,0.29018789144050106
temporal_2,race_proxy_blind,TabPFN,break_even,0.2523364485981308,race,Hispanic,134.0,0.26119402985074625,0.7835820895522388,0.373134328358209,0.8,0.7777777777777778,0.2,0.26666666666666666
temporal_2,race_proxy_blind,TabPFN,break_even,0.2523364485981308,race,Native American,2.0,0.5,0.5,0.0,0.0,1.0,1.0,0.0
temporal_2,race_proxy_blind,TabPFN,break_even,0.2523364485981308,race,Other,97.0,0.26804123711340205,0.7938144329896907,0.4329896907216495,0.9230769230769231,0.7464788732394366,0.07692307692307693,0.3116883116883117
temporal_2,race_proxy_blind,TabPFN,break_even,0.2523364485981308,sex,Female,364.0,0.22527472527472528,0.0,0.7747252747252747,0.0,0.0,1.0,
temporal_2,race_proxy_blind,TabPFN,break_even,0.2523364485981308,sex,Male,1342.0,0.353204172876304,1.0,0.353204172876304,1.0,1.0,0.0,0.353204172876304
temporal_2,race_proxy_blind,COMPAS tool,tool,,race,African-American,843.0,0.38434163701067614,0.5077105575326216,0.6061684460260973,0.6481481481481481,0.42003853564547206,0.35185185185185186,0.49065420560747663
temporal_2,race_proxy_blind,COMPAS tool,tool,,race,Asian,9.0,0.1111111111111111,0.2222222222222222,0.8888888888888888,1.0,0.125,0.0,0.5
temporal_2,race_proxy_blind,COMPAS tool,tool,,race,Caucasian,621.0,0.2721417069243156,0.2962962962962963,0.6988727858293076,0.4911242603550296,0.2234513274336283,0.5088757396449705,0.45108695652173914
temporal_2,race_proxy_blind,COMPAS tool,tool,,race,Hispanic,134.0,0.26119402985074625,0.2537313432835821,0.6940298507462687,0.4,0.20202020202020202,0.6,0.4117647058823529
temporal_2,race_proxy_blind,COMPAS tool,tool,,race,Native American,2.0,0.5,0.5,1.0,1.0,0.0,0.0,1.0
temporal_2,race_proxy_blind,COMPAS tool,tool,,race,Other,97.0,0.26804123711340205,0.1958762886597938,0.7628865979381443,0.4230769230769231,0.11267605633802817,0.5769230769230769,0.5789473684210527
temporal_2,race_proxy_blind,COMPAS tool,tool,,sex,Female,364.0,0.22527472527472528,0.3434065934065934,0.7005494505494505,0.5975609756097561,0.2695035460992908,0.4024390243902439,0.392
temporal_2,race_proxy_blind,COMPAS tool,tool,,sex,Male,1342.0,0.353204172876304,0.4046199701937407,0.6460506706408345,0.5717299578059072,0.31336405529953915,0.4282700421940928,0.4990791896869245
temporal_2,sex_blind,TabPFN,0.5,0.5,race,African-American,843.0,0.38434163701067614,0.2514827995255042,0.67497034400949,0.404320987654321,0.15606936416184972,0.595679012345679,0.6179245283018868
temporal_2,sex_blind,TabPFN,0.5,0.5,race,Asian,9.0,0.1111111111111111,0.0,0.8888888888888888,0.0,0.0,1.0,
temporal_2,sex_blind,TabPFN,0.5,0.5,race,Caucasian,621.0,0.2721417069243156,0.08373590982286634,0.7246376811594203,0.14792899408284024,0.059734513274336286,0.8520710059171598,0.4807692307692308
temporal_2,sex_blind,TabPFN,0.5,0.5,race,Hispanic,134.0,0.26119402985074625,0.11194029850746269,0.7761194029850746,0.2857142857142857,0.050505050505050504,0.7142857142857143,0.6666666666666666
temporal_2,sex_blind,TabPFN,0.5,0.5,race,Native American,2.0,0.5,0.0,0.5,0.0,0.0,1.0,
temporal_2,sex_blind,TabPFN,0.5,0.5,race,Other,97.0,0.26804123711340205,0.05154639175257732,0.7835051546391752,0.19230769230769232,0.0,0.8076923076923077,1.0
temporal_2,sex_blind,TabPFN,0.5,0.5,sex,Female,364.0,0.22527472527472528,0.1043956043956044,0.8021978021978022,0.2926829268292683,0.04964539007092199,0.7073170731707317,0.631578947368421
temporal_2,sex_blind,TabPFN,0.5,0.5,sex,Male,1342.0,0.353204172876304,0.18330849478390462,0.6825633383010432,0.310126582278481,0.11405529953917051,0.689873417721519,0.5975609756097561
temporal_2,sex_blind,TabPFN,break_even,0.2523364485981308,race,African-American,843.0,0.38434163701067614,0.6844602609727165,0.5551601423487544,0.8117283950617284,0.605009633911368,0.1882716049382716,0.4558058925476603
temporal_2,sex_blind,TabPFN,break_even,0.2523364485981308,race,Asian,9.0,0.1111111111111111,0.4444444444444444,0.6666666666666666,1.0,0.375,0.0,0.25
temporal_2,sex_blind,TabPFN,break_even,0.2523364485981308,race,Caucasian,621.0,0.2721417069243156,0.4492753623188406,0.6231884057971014,0.6331360946745562,0.3805309734513274,0.3668639053254438,0.3835125448028674
temporal_2,sex_blind,TabPFN,break_even,0.2523364485981308,race,Hispanic,134.0,0.26119402985074625,0.41044776119402987,0.7014925373134329,0.7142857142857143,0.30303030303030304,0.2857142857142857,0.45454545454545453
temporal_2,sex_blind,TabPFN,break_even,0.2523364485981308,race,Native American,2.0,0.5,0.5,1.0,1.0,0.0,0.0,1.0
temporal_2,sex_blind,TabPFN,break_even,0.2523364485981308,race,Other,97.0,0.26804123711340205,0.4742268041237113,0.6907216494845361,0.8076923076923077,0.352112676056338,0.19230769230769232,0.45652173913043476
temporal_2,sex_blind,TabPFN,break_even,0.2523364485981308,sex,Female,364.0,0.22527472527472528,0.49725274725274726,0.6071428571428571,0.7317073170731707,0.42907801418439717,0.2682926829268293,0.3314917127071823
temporal_2,sex_blind,TabPFN,break_even,0.2523364485981308,sex,Male,1342.0,0.353204172876304,0.5819672131147541,0.5983606557377049,0.7552742616033755,0.4873271889400922,0.24472573839662448,0.45838668373879643
temporal_2,sex_blind,COMPAS tool,tool,,race,African-American,843.0,0.38434163701067614,0.5077105575326216,0.6061684460260973,0.6481481481481481,0.42003853564547206,0.35185185185185186,0.49065420560747663
temporal_2,sex_blind,COMPAS tool,tool,,race,Asian,9.0,0.1111111111111111,0.2222222222222222,0.8888888888888888,1.0,0.125,0.0,0.5
temporal_2,sex_blind,COMPAS tool,tool,,race,Caucasian,621.0,0.2721417069243156,0.2962962962962963,0.6988727858293076,0.4911242603550296,0.2234513274336283,0.5088757396449705,0.45108695652173914
temporal_2,sex_blind,COMPAS tool,tool,,race,Hispanic,134.0,0.26119402985074625,0.2537313432835821,0.6940298507462687,0.4,0.20202020202020202,0.6,0.4117647058823529
temporal_2,sex_blind,COMPAS tool,tool,,race,Native American,2.0,0.5,0.5,1.0,1.0,0.0,0.0,1.0
temporal_2,sex_blind,COMPAS tool,tool,,race,Other,97.0,0.26804123711340205,0.1958762886597938,0.7628865979381443,0.4230769230769231,0.11267605633802817,0.5769230769230769,0.5789473684210527
temporal_2,sex_blind,COMPAS tool,tool,,sex,Female,364.0,0.22527472527472528,0.3434065934065934,0.7005494505494505,0.5975609756097561,0.2695035460992908,0.4024390243902439,0.392
temporal_2,sex_blind,COMPAS tool,tool,,sex,Male,1342.0,0.353204172876304,0.4046199701937407,0.6460506706408345,0.5717299578059072,0.31336405529953915,0.4282700421940928,0.4990791896869245
