run,feature_set,model,threshold_name,comparison,metric,threshold,attribute,primary,selection_rate,degenerate,rate_protected,rate_reference,n_protected,n_reference,gap,ci_low,ci_high,z,p_value,p_holm,reject_fairness,hurlin_statistic,hurlin_p
X1+X2_to_X3,age_blind,TabPFN,0.5,African-American vs Caucasian,fpr,0.5,race,True,0.3901515151515151,False,0.3564356435643564,0.1875,303,256,0.1689356435643564,0.0968645646909242,0.2410067224377885,4.43663467548232,9.137617520916772e-06,3.655047008366709e-05,True,,
X1+X2_to_X3,age_blind,TabPFN,0.5,African-American vs Caucasian,fnr,0.5,race,True,0.3901515151515151,False,0.4024024024024024,0.6524390243902439,333,164,-0.2500366219878415,-0.3399569733951132,-0.1601162705805699,-5.244418661840316,1.567758476219506e-07,6.271033904878024e-07,True,,
X1+X2_to_X3,age_blind,TabPFN,0.5,African-American vs Caucasian,equalized_odds,0.5,race,True,0.3901515151515151,False,,,636,420,,,,,3.8676561479566136e-11,1.5470624591826454e-10,True,47.95157469178719,3.8676561479566136e-11
X1+X2_to_X3,age_blind,TabPFN,0.5,Hispanic vs Caucasian,fpr,0.5,race,False,0.2370936902485659,False,0.09375,0.1875,64,256,-0.09375,-0.1796896139128732,-0.0078103860871267,-1.79109465135858,0.0732781073351844,0.1150709034332418,False,,
X1+X2_to_X3,age_blind,TabPFN,0.5,Hispanic vs Caucasian,fnr,0.5,race,False,0.2370936902485659,False,0.6666666666666666,0.6524390243902439,39,164,0.0142276422764227,-0.1506972760213745,0.1791525605742199,0.1680197535099172,0.8665677389415197,0.8665677389415197,False,,
X1+X2_to_X3,age_blind,TabPFN,0.5,Hispanic vs Caucasian,equalized_odds,0.5,race,False,0.2370936902485659,False,,,103,420,,,,,0.1637174854709294,0.1637174854709294,False,3.6192259723848257,0.1637174854709294
X1+X2_to_X3,age_blind,TabPFN,0.5,Other vs Caucasian,fpr,0.5,race,False,0.2474437627811861,False,0.0697674418604651,0.1875,43,256,-0.1177325581395348,-0.2076433043479463,-0.0278218119311234,-1.8992207948403337,0.0575354517166209,0.1150709034332418,False,,
X1+X2_to_X3,age_blind,TabPFN,0.5,Other vs Caucasian,fnr,0.5,race,False,0.2474437627811861,False,0.5,0.6524390243902439,26,164,-0.1524390243902439,-0.3579838576303464,0.0531058088498585,-1.4970693399420942,0.1343752165789472,0.2687504331578944,False,,
X1+X2_to_X3,age_blind,TabPFN,0.5,Other vs Caucasian,equalized_odds,0.5,race,False,0.2474437627811861,False,,,69,420,,,,,0.0389167773948889,0.0778335547897779,False,6.492659651680951,0.0389167773948889
X1+X2_to_X3,age_blind,TabPFN,0.5,Female vs Male,fpr,0.5,sex,False,0.3619433198380566,False,0.1721854304635761,0.2667946257197697,151,521,-0.0946091952561935,-0.1658025447882897,-0.0234158457240973,-2.378369727655135,0.0173893802099973,0.0521681406299921,False,,
X1+X2_to_X3,age_blind,TabPFN,0.5,Female vs Male,fnr,0.5,sex,False,0.3619433198380566,False,0.7108433734939759,0.4625,83,480,0.2483433734939758,0.1410928567039898,0.3555938902839618,4.178195187090279,2.9383144636784184e-05,8.814943391035255e-05,True,,
X1+X2_to_X3,age_blind,TabPFN,0.5,Female vs Male,equalized_odds,0.5,sex,False,0.3619433198380566,False,,,234,1001,,,,,6.391132415986933e-06,1.91733972479608e-05,True,23.921198176753055,6.391132415986933e-06
X1+X2_to_X3,age_blind,TabPFN,break_even,African-American vs Caucasian,fpr,0.2523364485981308,race,True,0.8825757575757576,False,0.9537953795379538,0.6953125,303,256,0.2584828795379538,0.1973459626746034,0.3196197964013041,8.21157814234717,2.1830006995122624e-16,8.732002798049052e-16,True,,
X1+X2_to_X3,age_blind,TabPFN,break_even,African-American vs Caucasian,fnr,0.2523364485981308,race,True,0.8825757575757576,False,0.021021021021021,0.1524390243902439,333,164,-0.1314180033692228,-0.1885472531089374,-0.0742887536295083,-5.612749168618966,1.9913716002694082e-08,5.974114800808224e-08,True,,
X1+X2_to_X3,age_blind,TabPFN,break_even,African-American vs Caucasian,equalized_odds,0.2523364485981308,race,True,0.8825757575757576,False,,,636,420,,,,,1.0395335093415052e-22,4.1581340373660207e-22,True,101.23619996410775,1.0395335093415052e-22
X1+X2_to_X3,age_blind,TabPFN,break_even,Hispanic vs Caucasian,fpr,0.2523364485981308,race,False,0.7571701720841301,False,0.71875,0.6953125,64,256,0.0234375,-0.1003062541649205,0.1471812541649205,0.3659625273556999,0.7143930376343264,1.0,False,,
X1+X2_to_X3,age_blind,TabPFN,break_even,Hispanic vs Caucasian,fnr,0.2523364485981308,race,False,0.7571701720841301,False,0.1538461538461538,0.1524390243902439,39,164,0.0014071294559099,-0.1244844898121343,0.1272987487239542,0.0219579216188739,0.982481521120997,0.982481521120997,False,,
X1+X2_to_X3,age_blind,TabPFN,break_even,Hispanic vs Caucasian,equalized_odds,0.2523364485981308,race,False,0.7571701720841301,False,,,103,420,,,,,0.9344187945075102,0.9344187945075102,False,0.1356611062510738,0.9344187945075102
X1+X2_to_X3,age_blind,TabPFN,break_even,Other vs Caucasian,fpr,0.2523364485981308,race,False,0.7586912065439673,False,0.6511627906976745,0.6953125,43,256,-0.0441497093023255,-0.1973545242033891,0.109055105598738,-0.5786854574171219,0.5628014303556395,1.0,False,,
X1+X2_to_X3,age_blind,TabPFN,break_even,Other vs Caucasian,fnr,0.2523364485981308,race,False,0.7586912065439673,False,0.0,0.1524390243902439,26,164,-0.1524390243902439,-0.2074513143500047,-0.0974267344304831,-2.1363361165688306,0.0326520270583462,0.0653040541166925,False,,
X1+X2_to_X3,age_blind,TabPFN,break_even,Other vs Caucasian,equalized_odds,0.2523364485981308,race,False,0.7586912065439673,False,,,69,420,,,,,0.0160515984505593,0.0321031969011187,True,8.263893684859791,0.0160515984505593
X1+X2_to_X3,age_blind,TabPFN,break_even,Female vs Male,fpr,0.2523364485981308,sex,False,0.8663967611336032,False,0.6291390728476821,0.8637236084452975,151,521,-0.2345845355976153,-0.3170686985636973,-0.1521003726315334,-6.483227166275589,8.978116004066961e-11,2.6934348012200885e-10,True,,
X1+X2_to_X3,age_blind,TabPFN,break_even,Female vs Male,fnr,0.2523364485981308,sex,False,0.8663967611336032,False,0.253012048192771,0.0354166666666666,83,480,0.2175953815261044,0.1226181230327176,0.3125726400194911,7.296121969405593,2.961804311711657e-13,1.1847217246846628e-12,True,,
X1+X2_to_X3,age_blind,TabPFN,break_even,Female vs Male,equalized_odds,0.2523364485981308,sex,False,0.8663967611336032,False,,,234,1001,,,,,5.4913805391114815e-17,1.6474141617334447e-16,True,74.88153378534032,5.4913805391114815e-17
X1+X2_to_X3,age_blind,COMPAS tool,0.5,African-American vs Caucasian,fpr,0.5,race,True,0.5037878787878788,False,0.4224422442244224,0.265625,303,256,0.1568172442244224,0.0792260320768059,0.234408456372039,3.871325340396728,0.0001082452044104,0.0004329808176416,True,,
X1+X2_to_X3,age_blind,COMPAS tool,0.5,African-American vs Caucasian,fnr,0.5,race,True,0.5037878787878788,False,0.2372372372372372,0.5,333,164,-0.2627627627627628,-0.3518883584094895,-0.173637167116036,-5.885772587297624,3.961987894976191e-09,1.5847951579904764e-08,True,,
X1+X2_to_X3,age_blind,COMPAS tool,0.5,African-American vs Caucasian,equalized_odds,0.5,race,True,0.5037878787878788,False,,,636,420,,,,,2.3292082388076535e-11,9.316832955230614e-11,True,48.96581524955299,2.3292082388076535e-11
X1+X2_to_X3,age_blind,COMPAS tool,0.5,Hispanic vs Caucasian,fpr,0.5,race,False,0.3441682600382409,False,0.203125,0.265625,64,256,-0.0625,-0.1749399422881932,0.0499399422881932,-1.028545518471772,0.3036932906962609,0.6073865813925219,False,,
X1+X2_to_X3,age_blind,COMPAS tool,0.5,Hispanic vs Caucasian,fnr,0.5,race,False,0.3441682600382409,False,0.5641025641025641,0.5,39,164,0.0641025641025641,-0.1093214035406079,0.2375265317457361,0.7198522744518148,0.4716159553878633,1.0,False,,
X1+X2_to_X3,age_blind,COMPAS tool,0.5,Hispanic vs Caucasian,equalized_odds,0.5,race,False,0.3441682600382409,False,,,103,420,,,,,0.4455342943936039,0.8910685887872078,False,1.6169621109497831,0.4455342943936039
X1+X2_to_X3,age_blind,COMPAS tool,0.5,Other vs Caucasian,fpr,0.5,race,False,0.3353783231083844,False,0.0697674418604651,0.265625,43,256,-0.1958575581395348,-0.2892655604270707,-0.1024495558519989,-2.7927595293567333,0.0052260526215954,0.0156781578647862,True,,
X1+X2_to_X3,age_blind,COMPAS tool,0.5,Other vs Caucasian,fnr,0.5,race,False,0.3353783231083844,False,0.5769230769230769,0.5,26,164,0.0769230769230768,-0.1278175771015649,0.2816637309477187,0.7289784749063989,0.466014829504519,1.0,False,,
X1+X2_to_X3,age_blind,COMPAS tool,0.5,Other vs Caucasian,equalized_odds,0.5,race,False,0.3353783231083844,False,,,69,420,,,,,0.0061582640292763,0.0184747920878291,True,10.179920709165463,0.0061582640292763
X1+X2_to_X3,age_blind,COMPAS tool,0.5,Female vs Male,fpr,0.5,sex,False,0.4663967611336032,False,0.3178807947019867,0.3147792706333973,151,521,0.0031015240685894,-0.081199169273228,0.0874022174104069,0.0722138137066458,0.9424317521274836,0.9424317521274836,False,,
X1+X2_to_X3,age_blind,COMPAS tool,0.5,Female vs Male,fnr,0.5,sex,False,0.4663967611336032,False,0.3132530120481928,0.3604166666666666,83,480,-0.0471636546184738,-0.1557979527025797,0.061470643465632,-0.8299350049502094,0.40657553213119,1.0,False,,
X1+X2_to_X3,age_blind,COMPAS tool,0.5,Female vs Male,equalized_odds,0.5,sex,False,0.4663967611336032,False,,,234,1001,,,,,0.7029961306909508,0.8910685887872078,False,0.7048077823648434,0.7029961306909508
X1+X2_to_X3,age_blind,COMPAS tool,break_even,African-American vs Caucasian,fpr,0.2523364485981308,race,True,0.5037878787878788,False,0.4224422442244224,0.265625,303,256,0.1568172442244224,0.0792260320768059,0.234408456372039,3.871325340396728,0.0001082452044104,0.0004329808176416,True,,
X1+X2_to_X3,age_blind,COMPAS tool,break_even,African-American vs Caucasian,fnr,0.2523364485981308,race,True,0.5037878787878788,False,0.2372372372372372,0.5,333,164,-0.2627627627627628,-0.3518883584094895,-0.173637167116036,-5.885772587297624,3.961987894976191e-09,1.5847951579904764e-08,True,,
X1+X2_to_X3,age_blind,COMPAS tool,break_even,African-American vs Caucasian,equalized_odds,0.2523364485981308,race,True,0.5037878787878788,False,,,636,420,,,,,2.3292082388076535e-11,9.316832955230614e-11,True,48.96581524955299,2.3292082388076535e-11
X1+X2_to_X3,age_blind,COMPAS tool,break_even,Hispanic vs Caucasian,fpr,0.2523364485981308,race,False,0.3441682600382409,False,0.203125,0.265625,64,256,-0.0625,-0.1749399422881932,0.0499399422881932,-1.028545518471772,0.3036932906962609,0.6073865813925219,False,,
X1+X2_to_X3,age_blind,COMPAS tool,break_even,Hispanic vs Caucasian,fnr,0.2523364485981308,race,False,0.3441682600382409,False,0.5641025641025641,0.5,39,164,0.0641025641025641,-0.1093214035406079,0.2375265317457361,0.7198522744518148,0.4716159553878633,1.0,False,,
X1+X2_to_X3,age_blind,COMPAS tool,break_even,Hispanic vs Caucasian,equalized_odds,0.2523364485981308,race,False,0.3441682600382409,False,,,103,420,,,,,0.4455342943936039,0.8910685887872078,False,1.6169621109497831,0.4455342943936039
X1+X2_to_X3,age_blind,COMPAS tool,break_even,Other vs Caucasian,fpr,0.2523364485981308,race,False,0.3353783231083844,False,0.0697674418604651,0.265625,43,256,-0.1958575581395348,-0.2892655604270707,-0.1024495558519989,-2.7927595293567333,0.0052260526215954,0.0156781578647862,True,,
X1+X2_to_X3,age_blind,COMPAS tool,break_even,Other vs Caucasian,fnr,0.2523364485981308,race,False,0.3353783231083844,False,0.5769230769230769,0.5,26,164,0.0769230769230768,-0.1278175771015649,0.2816637309477187,0.7289784749063989,0.466014829504519,1.0,False,,
X1+X2_to_X3,age_blind,COMPAS tool,break_even,Other vs Caucasian,equalized_odds,0.2523364485981308,race,False,0.3353783231083844,False,,,69,420,,,,,0.0061582640292763,0.0184747920878291,True,10.179920709165463,0.0061582640292763
X1+X2_to_X3,age_blind,COMPAS tool,break_even,Female vs Male,fpr,0.2523364485981308,sex,False,0.4663967611336032,False,0.3178807947019867,0.3147792706333973,151,521,0.0031015240685894,-0.081199169273228,0.0874022174104069,0.0722138137066458,0.9424317521274836,0.9424317521274836,False,,
X1+X2_to_X3,age_blind,COMPAS tool,break_even,Female vs Male,fnr,0.2523364485981308,sex,False,0.4663967611336032,False,0.3132530120481928,0.3604166666666666,83,480,-0.0471636546184738,-0.1557979527025797,0.061470643465632,-0.8299350049502094,0.40657553213119,1.0,False,,
X1+X2_to_X3,age_blind,COMPAS tool,break_even,Female vs Male,equalized_odds,0.2523364485981308,sex,False,0.4663967611336032,False,,,234,1001,,,,,0.7029961306909508,0.8910685887872078,False,0.7048077823648434,0.7029961306909508
X1+X2_to_X3,protected_blind,TabPFN,0.5,African-American vs Caucasian,fpr,0.5,race,True,0.3551136363636363,False,0.2904290429042904,0.203125,303,256,0.0873040429042904,0.0162998162291308,0.15830826957945,2.3736163626481876,0.0176148417554074,0.0704593670216298,False,,
X1+X2_to_X3,protected_blind,TabPFN,0.5,African-American vs Caucasian,fnr,0.5,race,True,0.3551136363636363,False,0.4684684684684684,0.6463414634146342,333,164,-0.1778729949461657,-0.268574465853819,-0.0871715240385124,-3.73463081168334,0.0001879907589005,0.0007519630356023,True,,
X1+X2_to_X3,protected_blind,TabPFN,0.5,African-American vs Caucasian,equalized_odds,0.5,race,True,0.3551136363636363,False,,,636,420,,,,,4.995814140552717e-05,0.0001998325656221,True,19.808650150099343,4.995814140552717e-05
X1+X2_to_X3,protected_blind,TabPFN,0.5,Hispanic vs Caucasian,fpr,0.5,race,False,0.2466539196940726,False,0.09375,0.203125,64,256,-0.109375,-0.196141893245477,-0.0226081067545229,-2.0316008337961033,0.0421940822271856,0.1102625540308245,False,,
X1+X2_to_X3,protected_blind,TabPFN,0.5,Hispanic vs Caucasian,fnr,0.5,race,False,0.2466539196940726,False,0.6666666666666666,0.6463414634146342,39,164,0.0203252032520324,-0.1447290375799561,0.185379444084021,0.2392329544837094,0.8109249504566289,0.8109249504566289,False,,
X1+X2_to_X3,protected_blind,TabPFN,0.5,Hispanic vs Caucasian,equalized_odds,0.5,race,False,0.2466539196940726,False,,,103,420,,,,,0.0941369137008177,0.0941369137008177,False,4.726010055378261,0.0941369137008177
X1+X2_to_X3,protected_blind,TabPFN,0.5,Other vs Caucasian,fpr,0.5,race,False,0.2576687116564417,False,0.0697674418604651,0.203125,43,256,-0.1333575581395348,-0.2240593707329537,-0.042655745546116,-2.088484139083382,0.0367541846769415,0.1102625540308245,False,,
X1+X2_to_X3,protected_blind,TabPFN,0.5,Other vs Caucasian,fnr,0.5,race,False,0.2576687116564417,False,0.5,0.6463414634146342,26,164,-0.1463414634146341,-0.3519900768619183,0.05930715003265,-1.4330130225962392,0.1518541157707589,0.3037082315415178,False,,
X1+X2_to_X3,protected_blind,TabPFN,0.5,Other vs Caucasian,equalized_odds,0.5,race,False,0.2576687116564417,False,,,69,420,,,,,0.0264019567028468,0.0528039134056937,False,7.268634308088713,0.0264019567028468
X1+X2_to_X3,protected_blind,TabPFN,0.5,Female vs Male,fpr,0.5,sex,False,0.3319838056680162,False,0.2052980132450331,0.2264875239923224,151,521,-0.0211895107472893,-0.0949614575645507,0.0525824360699719,-0.5519108379100496,0.5810094425993392,0.5810094425993392,False,,
X1+X2_to_X3,protected_blind,TabPFN,0.5,Female vs Male,fnr,0.5,sex,False,0.3319838056680162,False,0.6987951807228916,0.5083333333333333,83,480,0.1904618473895583,0.082102282144151,0.2988214126349655,3.2129068140471975,0.0013139891457595,0.0039419674372787,True,,
X1+X2_to_X3,protected_blind,TabPFN,0.5,Female vs Male,equalized_odds,0.5,sex,False,0.3319838056680162,False,,,234,1001,,,,,0.0042036881559144,0.0126110644677433,True,10.943586013329767,0.0042036881559144
X1+X2_to_X3,protected_blind,TabPFN,break_even,African-American vs Caucasian,fpr,0.2523364485981308,race,True,0.8446969696969697,False,0.8316831683168316,0.734375,303,256,0.0973081683168316,0.0287378069080958,0.1658785297255673,2.80024918554711,0.0051063172045032,0.020425268818013,True,,
X1+X2_to_X3,protected_blind,TabPFN,break_even,African-American vs Caucasian,fnr,0.2523364485981308,race,True,0.8446969696969697,False,0.078078078078078,0.1158536585365853,333,164,-0.0377755804585072,-0.0946059078971511,0.0190547469801366,-1.3799327035215905,0.1676073661472962,0.3352147322945924,False,,
X1+X2_to_X3,protected_blind,TabPFN,break_even,African-American vs Caucasian,equalized_odds,0.2523364485981308,race,True,0.8446969696969697,False,,,636,420,,,,,0.0079832596439368,0.0242251798913214,True,9.66081694848098,0.0079832596439368
X1+X2_to_X3,protected_blind,TabPFN,break_even,Hispanic vs Caucasian,fpr,0.2523364485981308,race,False,0.7896749521988528,False,0.734375,0.734375,64,256,0.0,-0.1209780350156125,0.1209780350156125,0.0,1.0,1.0,False,,
X1+X2_to_X3,protected_blind,TabPFN,break_even,Hispanic vs Caucasian,fnr,0.2523364485981308,race,False,0.7896749521988528,False,0.1538461538461538,0.1158536585365853,39,164,0.0379924953095684,-0.0853835845265355,0.1613685751456725,0.648963183652288,0.5163621732615542,0.5163621732615542,False,,
X1+X2_to_X3,protected_blind,TabPFN,break_even,Hispanic vs Caucasian,equalized_odds,0.2523364485981308,race,False,0.7896749521988528,False,,,103,420,,,,,0.818331794010394,0.818331794010394,False,0.4009748169395131,0.818331794010394
X1+X2_to_X3,protected_blind,TabPFN,break_even,Other vs Caucasian,fpr,0.2523364485981308,race,False,0.8016359918200409,False,0.7674418604651163,0.734375,43,256,0.0330668604651163,-0.1043063946339905,0.1704401155642231,0.4569191173494079,0.6477291824844442,1.0,False,,
X1+X2_to_X3,protected_blind,TabPFN,break_even,Other vs Caucasian,fnr,0.2523364485981308,race,False,0.8016359918200409,False,0.0,0.1158536585365853,26,164,-0.1158536585365853,-0.1648364036659807,-0.06687091340719,-1.8294489522352593,0.0673323799591747,0.2019971398775242,False,,
X1+X2_to_X3,protected_blind,TabPFN,break_even,Other vs Caucasian,equalized_odds,0.2523364485981308,race,False,0.8016359918200409,False,,,69,420,,,,,0.0466552590568657,0.0933105181137314,False,6.129939247409728,0.0466552590568657
X1+X2_to_X3,protected_blind,TabPFN,break_even,Female vs Male,fpr,0.2523364485981308,sex,False,0.8388663967611336,False,0.7350993377483444,0.7927063339731286,151,521,-0.0576069962247842,-0.1361277287497331,0.0209137363001645,-1.5040791855113536,0.1325609789834284,0.3976829369502851,False,,
X1+X2_to_X3,protected_blind,TabPFN,break_even,Female vs Male,fnr,0.2523364485981308,sex,False,0.8388663967611336,False,0.180722891566265,0.075,83,480,0.105722891566265,0.0196536375872296,0.1917921455453004,3.098580807369688,0.0019444993414663,0.0077779973658654,True,,
X1+X2_to_X3,protected_blind,TabPFN,break_even,Female vs Male,equalized_odds,0.2523364485981308,sex,False,0.8388663967611336,False,,,234,1001,,,,,0.0060562949728303,0.0242251798913214,True,10.213314112996857,0.0060562949728303
X1+X2_to_X3,protected_blind,COMPAS tool,0.5,African-American vs Caucasian,fpr,0.5,race,True,0.5037878787878788,False,0.4224422442244224,0.265625,303,256,0.1568172442244224,0.0792260320768059,0.234408456372039,3.871325340396728,0.0001082452044104,0.0004329808176416,True,,
X1+X2_to_X3,protected_blind,COMPAS tool,0.5,African-American vs Caucasian,fnr,0.5,race,True,0.5037878787878788,False,0.2372372372372372,0.5,333,164,-0.2627627627627628,-0.3518883584094895,-0.173637167116036,-5.885772587297624,3.961987894976191e-09,1.5847951579904764e-08,True,,
X1+X2_to_X3,protected_blind,COMPAS tool,0.5,African-American vs Caucasian,equalized_odds,0.5,race,True,0.5037878787878788,False,,,636,420,,,,,2.3292082388076535e-11,9.316832955230614e-11,True,48.96581524955299,2.3292082388076535e-11
X1+X2_to_X3,protected_blind,COMPAS tool,0.5,Hispanic vs Caucasian,fpr,0.5,race,False,0.3441682600382409,False,0.203125,0.265625,64,256,-0.0625,-0.1749399422881932,0.0499399422881932,-1.028545518471772,0.3036932906962609,0.6073865813925219,False,,
X1+X2_to_X3,protected_blind,COMPAS tool,0.5,Hispanic vs Caucasian,fnr,0.5,race,False,0.3441682600382409,False,0.5641025641025641,0.5,39,164,0.0641025641025641,-0.1093214035406079,0.2375265317457361,0.7198522744518148,0.4716159553878633,1.0,False,,
X1+X2_to_X3,protected_blind,COMPAS tool,0.5,Hispanic vs Caucasian,equalized_odds,0.5,race,False,0.3441682600382409,False,,,103,420,,,,,0.4455342943936039,0.8910685887872078,False,1.6169621109497831,0.4455342943936039
X1+X2_to_X3,protected_blind,COMPAS tool,0.5,Other vs Caucasian,fpr,0.5,race,False,0.3353783231083844,False,0.0697674418604651,0.265625,43,256,-0.1958575581395348,-0.2892655604270707,-0.1024495558519989,-2.7927595293567333,0.0052260526215954,0.0156781578647862,True,,
X1+X2_to_X3,protected_blind,COMPAS tool,0.5,Other vs Caucasian,fnr,0.5,race,False,0.3353783231083844,False,0.5769230769230769,0.5,26,164,0.0769230769230768,-0.1278175771015649,0.2816637309477187,0.7289784749063989,0.466014829504519,1.0,False,,
X1+X2_to_X3,protected_blind,COMPAS tool,0.5,Other vs Caucasian,equalized_odds,0.5,race,False,0.3353783231083844,False,,,69,420,,,,,0.0061582640292763,0.0184747920878291,True,10.179920709165463,0.0061582640292763
X1+X2_to_X3,protected_blind,COMPAS tool,0.5,Female vs Male,fpr,0.5,sex,False,0.4663967611336032,False,0.3178807947019867,0.3147792706333973,151,521,0.0031015240685894,-0.081199169273228,0.0874022174104069,0.0722138137066458,0.9424317521274836,0.9424317521274836,False,,
X1+X2_to_X3,protected_blind,COMPAS tool,0.5,Female vs Male,fnr,0.5,sex,False,0.4663967611336032,False,0.3132530120481928,0.3604166666666666,83,480,-0.0471636546184738,-0.1557979527025797,0.061470643465632,-0.8299350049502094,0.40657553213119,1.0,False,,
X1+X2_to_X3,protected_blind,COMPAS tool,0.5,Female vs Male,equalized_odds,0.5,sex,False,0.4663967611336032,False,,,234,1001,,,,,0.7029961306909508,0.8910685887872078,False,0.7048077823648434,0.7029961306909508
X1+X2_to_X3,protected_blind,COMPAS tool,break_even,African-American vs Caucasian,fpr,0.2523364485981308,race,True,0.5037878787878788,False,0.4224422442244224,0.265625,303,256,0.1568172442244224,0.0792260320768059,0.234408456372039,3.871325340396728,0.0001082452044104,0.0004329808176416,True,,
X1+X2_to_X3,protected_blind,COMPAS tool,break_even,African-American vs Caucasian,fnr,0.2523364485981308,race,True,0.5037878787878788,False,0.2372372372372372,0.5,333,164,-0.2627627627627628,-0.3518883584094895,-0.173637167116036,-5.885772587297624,3.961987894976191e-09,1.5847951579904764e-08,True,,
X1+X2_to_X3,protected_blind,COMPAS tool,break_even,African-American vs Caucasian,equalized_odds,0.2523364485981308,race,True,0.5037878787878788,False,,,636,420,,,,,2.3292082388076535e-11,9.316832955230614e-11,True,48.96581524955299,2.3292082388076535e-11
X1+X2_to_X3,protected_blind,COMPAS tool,break_even,Hispanic vs Caucasian,fpr,0.2523364485981308,race,False,0.3441682600382409,False,0.203125,0.265625,64,256,-0.0625,-0.1749399422881932,0.0499399422881932,-1.028545518471772,0.3036932906962609,0.6073865813925219,False,,
X1+X2_to_X3,protected_blind,COMPAS tool,break_even,Hispanic vs Caucasian,fnr,0.2523364485981308,race,False,0.3441682600382409,False,0.5641025641025641,0.5,39,164,0.0641025641025641,-0.1093214035406079,0.2375265317457361,0.7198522744518148,0.4716159553878633,1.0,False,,
X1+X2_to_X3,protected_blind,COMPAS tool,break_even,Hispanic vs Caucasian,equalized_odds,0.2523364485981308,race,False,0.3441682600382409,False,,,103,420,,,,,0.4455342943936039,0.8910685887872078,False,1.6169621109497831,0.4455342943936039
X1+X2_to_X3,protected_blind,COMPAS tool,break_even,Other vs Caucasian,fpr,0.2523364485981308,race,False,0.3353783231083844,False,0.0697674418604651,0.265625,43,256,-0.1958575581395348,-0.2892655604270707,-0.1024495558519989,-2.7927595293567333,0.0052260526215954,0.0156781578647862,True,,
X1+X2_to_X3,protected_blind,COMPAS tool,break_even,Other vs Caucasian,fnr,0.2523364485981308,race,False,0.3353783231083844,False,0.5769230769230769,0.5,26,164,0.0769230769230768,-0.1278175771015649,0.2816637309477187,0.7289784749063989,0.466014829504519,1.0,False,,
X1+X2_to_X3,protected_blind,COMPAS tool,break_even,Other vs Caucasian,equalized_odds,0.2523364485981308,race,False,0.3353783231083844,False,,,69,420,,,,,0.0061582640292763,0.0184747920878291,True,10.179920709165463,0.0061582640292763
X1+X2_to_X3,protected_blind,COMPAS tool,break_even,Female vs Male,fpr,0.2523364485981308,sex,False,0.4663967611336032,False,0.3178807947019867,0.3147792706333973,151,521,0.0031015240685894,-0.081199169273228,0.0874022174104069,0.0722138137066458,0.9424317521274836,0.9424317521274836,False,,
X1+X2_to_X3,protected_blind,COMPAS tool,break_even,Female vs Male,fnr,0.2523364485981308,sex,False,0.4663967611336032,False,0.3132530120481928,0.3604166666666666,83,480,-0.0471636546184738,-0.1557979527025797,0.061470643465632,-0.8299350049502094,0.40657553213119,1.0,False,,
X1+X2_to_X3,protected_blind,COMPAS tool,break_even,Female vs Male,equalized_odds,0.2523364485981308,sex,False,0.4663967611336032,False,,,234,1001,,,,,0.7029961306909508,0.8910685887872078,False,0.7048077823648434,0.7029961306909508
X1+X2_to_X3,race_aware,TabPFN,0.5,African-American vs Caucasian,fpr,0.5,race,True,0.4185606060606061,False,0.3333333333333333,0.21875,303,256,0.1145833333333333,0.0412225674746277,0.1879440991920388,3.003348989650941,0.002670260310521,0.0106810412420842,True,,
X1+X2_to_X3,race_aware,TabPFN,0.5,African-American vs Caucasian,fnr,0.5,race,True,0.4185606060606061,False,0.3423423423423423,0.5975609756097561,333,164,-0.2552186332674137,-0.345938950759883,-0.1644983157749444,-5.409339673065084,6.32575516418025e-08,2.5303020656721e-07,True,,
X1+X2_to_X3,race_aware,TabPFN,0.5,African-American vs Caucasian,equalized_odds,0.5,race,True,0.4185606060606061,False,,,636,420,,,,,4.733861861164798e-09,1.893544744465919e-08,True,38.33704901286289,4.733861861164798e-09
X1+X2_to_X3,race_aware,TabPFN,0.5,Hispanic vs Caucasian,fpr,0.5,race,False,0.2868068833652007,False,0.125,0.21875,64,256,-0.09375,-0.1892981215521893,0.0017981215521893,-1.677050983124842,0.0935325126890931,0.1870650253781862,False,,
X1+X2_to_X3,race_aware,TabPFN,0.5,Hispanic vs Caucasian,fnr,0.5,race,False,0.2868068833652007,False,0.4871794871794871,0.5975609756097561,39,164,-0.1103814884302689,-0.2842822647965985,0.0635192879360607,-1.2538810415480155,0.2098852468833574,0.2098852468833574,False,,
X1+X2_to_X3,race_aware,TabPFN,0.5,Hispanic vs Caucasian,equalized_odds,0.5,race,False,0.2868068833652007,False,,,103,420,,,,,0.0990790850721437,0.1981581701442874,False,4.62367381727425,0.0990790850721437
X1+X2_to_X3,race_aware,TabPFN,0.5,Other vs Caucasian,fpr,0.5,race,False,0.294478527607362,False,0.1627906976744186,0.21875,43,256,-0.0559593023255813,-0.177368025325994,0.0654494206748312,-0.8325988748709057,0.4050709937672606,0.4050709937672606,False,,
X1+X2_to_X3,race_aware,TabPFN,0.5,Other vs Caucasian,fnr,0.5,race,False,0.294478527607362,False,0.4230769230769231,0.5975609756097561,26,164,-0.174484052532833,-0.3786795149838018,0.0297114099181358,-1.6714191726633234,0.0946389115221071,0.1892778230442143,False,,
X1+X2_to_X3,race_aware,TabPFN,0.5,Other vs Caucasian,equalized_odds,0.5,race,False,0.294478527607362,False,,,69,420,,,,,0.1745890206912329,0.1981581701442874,False,3.4906410403856363,0.1745890206912329
X1+X2_to_X3,race_aware,TabPFN,0.5,Female vs Male,fpr,0.5,sex,False,0.3983805668016194,False,0.1854304635761589,0.2763915547024952,151,521,-0.0909610911263362,-0.1638807188357334,-0.0180414634169391,-2.2552692969794452,0.0241164305789413,0.0723492917368241,False,,
X1+X2_to_X3,race_aware,TabPFN,0.5,Female vs Male,fnr,0.5,sex,False,0.3983805668016194,False,0.6746987951807228,0.3895833333333333,83,480,0.2851154618473895,0.1752914372434381,0.3949394864513409,4.842353674382661,1.283101187040026e-06,3.849303561120078e-06,True,,
X1+X2_to_X3,race_aware,TabPFN,0.5,Female vs Male,equalized_odds,0.5,sex,False,0.3983805668016194,False,,,234,1001,,,,,5.74774473850341e-07,1.7243234215510228e-06,True,28.738576184955832,5.74774473850341e-07
X1+X2_to_X3,race_aware,TabPFN,break_even,African-American vs Caucasian,fpr,0.2523364485981308,race,True,0.8172348484848485,False,0.8646864686468647,0.58984375,303,256,0.2748427186468647,0.2033326938766679,0.3463527434170615,7.370212044669544,1.7035685335661965e-13,6.814274134264785e-13,True,,
X1+X2_to_X3,race_aware,TabPFN,break_even,African-American vs Caucasian,fnr,0.2523364485981308,race,True,0.8172348484848485,False,0.045045045045045,0.1951219512195122,333,164,-0.1500769061744671,-0.2146902123874373,-0.0854635999614969,-5.376268097303873,7.604553435325318e-08,2.281366030597595e-07,True,,
X1+X2_to_X3,race_aware,TabPFN,break_even,African-American vs Caucasian,equalized_odds,0.2523364485981308,race,True,0.8172348484848485,False,,,636,420,,,,,1.433633774371342e-18,5.734535097485368e-18,True,82.17263870360001,1.433633774371342e-18
X1+X2_to_X3,race_aware,TabPFN,break_even,Hispanic vs Caucasian,fpr,0.2523364485981308,race,False,0.6845124282982792,False,0.65625,0.58984375,64,256,0.06640625,-0.0646303800425628,0.1974428800425628,0.9712105690330464,0.3314434318594942,0.3314434318594942,False,,
X1+X2_to_X3,race_aware,TabPFN,break_even,Hispanic vs Caucasian,fnr,0.2523364485981308,race,False,0.6845124282982792,False,0.1538461538461538,0.1951219512195122,39,164,-0.0412757973733583,-0.1697320094291363,0.0871804146824196,-0.5939692307037548,0.5525326929202525,1.0,False,,
X1+X2_to_X3,race_aware,TabPFN,break_even,Hispanic vs Caucasian,equalized_odds,0.2523364485981308,race,False,0.6845124282982792,False,,,103,420,,,,,0.5162282349348924,0.5162282349348924,False,1.3224125910561222,0.5162282349348924
X1+X2_to_X3,race_aware,TabPFN,break_even,Other vs Caucasian,fpr,0.2523364485981308,race,False,0.6625766871165644,False,0.4418604651162791,0.58984375,43,256,-0.1479832848837209,-0.3081781292479777,0.0122115594805359,-1.8129388353651483,0.0698412555898258,0.1396825111796517,False,,
X1+X2_to_X3,race_aware,TabPFN,break_even,Other vs Caucasian,fnr,0.2523364485981308,race,False,0.6625766871165644,False,0.1538461538461538,0.1951219512195122,26,164,-0.0412757973733583,-0.1926434699239254,0.1100918751772087,-0.4989640538294391,0.6178047077236919,1.0,False,,
X1+X2_to_X3,race_aware,TabPFN,break_even,Other vs Caucasian,equalized_odds,0.2523364485981308,race,False,0.6625766871165644,False,,,69,420,,,,,0.1725809337932707,0.3451618675865415,False,3.51377794226328,0.1725809337932707
X1+X2_to_X3,race_aware,TabPFN,break_even,Female vs Male,fpr,0.2523364485981308,sex,False,0.7959514170040486,False,0.5761589403973509,0.7485604606525912,151,521,-0.1724015202552402,-0.2595809231452381,-0.0852221173652423,-4.110139552100626,3.954200727363807e-05,0.0001186260218209,True,,
X1+X2_to_X3,race_aware,TabPFN,break_even,Female vs Male,fnr,0.2523364485981308,sex,False,0.7959514170040486,False,0.2771084337349397,0.0708333333333333,83,480,0.2062751004016064,0.1072900741067511,0.3052601266964617,5.752385504389255,8.79928615624263e-09,3.519714462497052e-08,True,,
X1+X2_to_X3,race_aware,TabPFN,break_even,Female vs Male,equalized_odds,0.2523364485981308,sex,False,0.7959514170040486,False,,,234,1001,,,,,8.913326308566394e-10,2.673997892569918e-09,True,41.67660687010807,8.913326308566394e-10
X1+X2_to_X3,race_aware,COMPAS tool,0.5,African-American vs Caucasian,fpr,0.5,race,True,0.5037878787878788,False,0.4224422442244224,0.265625,303,256,0.1568172442244224,0.0792260320768059,0.234408456372039,3.871325340396728,0.0001082452044104,0.0004329808176416,True,,
X1+X2_to_X3,race_aware,COMPAS tool,0.5,African-American vs Caucasian,fnr,0.5,race,True,0.5037878787878788,False,0.2372372372372372,0.5,333,164,-0.2627627627627628,-0.3518883584094895,-0.173637167116036,-5.885772587297624,3.961987894976191e-09,1.5847951579904764e-08,True,,
X1+X2_to_X3,race_aware,COMPAS tool,0.5,African-American vs Caucasian,equalized_odds,0.5,race,True,0.5037878787878788,False,,,636,420,,,,,2.3292082388076535e-11,9.316832955230614e-11,True,48.96581524955299,2.3292082388076535e-11
X1+X2_to_X3,race_aware,COMPAS tool,0.5,Hispanic vs Caucasian,fpr,0.5,race,False,0.3441682600382409,False,0.203125,0.265625,64,256,-0.0625,-0.1749399422881932,0.0499399422881932,-1.028545518471772,0.3036932906962609,0.6073865813925219,False,,
X1+X2_to_X3,race_aware,COMPAS tool,0.5,Hispanic vs Caucasian,fnr,0.5,race,False,0.3441682600382409,False,0.5641025641025641,0.5,39,164,0.0641025641025641,-0.1093214035406079,0.2375265317457361,0.7198522744518148,0.4716159553878633,1.0,False,,
X1+X2_to_X3,race_aware,COMPAS tool,0.5,Hispanic vs Caucasian,equalized_odds,0.5,race,False,0.3441682600382409,False,,,103,420,,,,,0.4455342943936039,0.8910685887872078,False,1.6169621109497831,0.4455342943936039
X1+X2_to_X3,race_aware,COMPAS tool,0.5,Other vs Caucasian,fpr,0.5,race,False,0.3353783231083844,False,0.0697674418604651,0.265625,43,256,-0.1958575581395348,-0.2892655604270707,-0.1024495558519989,-2.7927595293567333,0.0052260526215954,0.0156781578647862,True,,
X1+X2_to_X3,race_aware,COMPAS tool,0.5,Other vs Caucasian,fnr,0.5,race,False,0.3353783231083844,False,0.5769230769230769,0.5,26,164,0.0769230769230768,-0.1278175771015649,0.2816637309477187,0.7289784749063989,0.466014829504519,1.0,False,,
X1+X2_to_X3,race_aware,COMPAS tool,0.5,Other vs Caucasian,equalized_odds,0.5,race,False,0.3353783231083844,False,,,69,420,,,,,0.0061582640292763,0.0184747920878291,True,10.179920709165463,0.0061582640292763
X1+X2_to_X3,race_aware,COMPAS tool,0.5,Female vs Male,fpr,0.5,sex,False,0.4663967611336032,False,0.3178807947019867,0.3147792706333973,151,521,0.0031015240685894,-0.081199169273228,0.0874022174104069,0.0722138137066458,0.9424317521274836,0.9424317521274836,False,,
X1+X2_to_X3,race_aware,COMPAS tool,0.5,Female vs Male,fnr,0.5,sex,False,0.4663967611336032,False,0.3132530120481928,0.3604166666666666,83,480,-0.0471636546184738,-0.1557979527025797,0.061470643465632,-0.8299350049502094,0.40657553213119,1.0,False,,
X1+X2_to_X3,race_aware,COMPAS tool,0.5,Female vs Male,equalized_odds,0.5,sex,False,0.4663967611336032,False,,,234,1001,,,,,0.7029961306909508,0.8910685887872078,False,0.7048077823648434,0.7029961306909508
X1+X2_to_X3,race_aware,COMPAS tool,break_even,African-American vs Caucasian,fpr,0.2523364485981308,race,True,0.5037878787878788,False,0.4224422442244224,0.265625,303,256,0.1568172442244224,0.0792260320768059,0.234408456372039,3.871325340396728,0.0001082452044104,0.0004329808176416,True,,
X1+X2_to_X3,race_aware,COMPAS tool,break_even,African-American vs Caucasian,fnr,0.2523364485981308,race,True,0.5037878787878788,False,0.2372372372372372,0.5,333,164,-0.2627627627627628,-0.3518883584094895,-0.173637167116036,-5.885772587297624,3.961987894976191e-09,1.5847951579904764e-08,True,,
X1+X2_to_X3,race_aware,COMPAS tool,break_even,African-American vs Caucasian,equalized_odds,0.2523364485981308,race,True,0.5037878787878788,False,,,636,420,,,,,2.3292082388076535e-11,9.316832955230614e-11,True,48.96581524955299,2.3292082388076535e-11
X1+X2_to_X3,race_aware,COMPAS tool,break_even,Hispanic vs Caucasian,fpr,0.2523364485981308,race,False,0.3441682600382409,False,0.203125,0.265625,64,256,-0.0625,-0.1749399422881932,0.0499399422881932,-1.028545518471772,0.3036932906962609,0.6073865813925219,False,,
X1+X2_to_X3,race_aware,COMPAS tool,break_even,Hispanic vs Caucasian,fnr,0.2523364485981308,race,False,0.3441682600382409,False,0.5641025641025641,0.5,39,164,0.0641025641025641,-0.1093214035406079,0.2375265317457361,0.7198522744518148,0.4716159553878633,1.0,False,,
X1+X2_to_X3,race_aware,COMPAS tool,break_even,Hispanic vs Caucasian,equalized_odds,0.2523364485981308,race,False,0.3441682600382409,False,,,103,420,,,,,0.4455342943936039,0.8910685887872078,False,1.6169621109497831,0.4455342943936039
X1+X2_to_X3,race_aware,COMPAS tool,break_even,Other vs Caucasian,fpr,0.2523364485981308,race,False,0.3353783231083844,False,0.0697674418604651,0.265625,43,256,-0.1958575581395348,-0.2892655604270707,-0.1024495558519989,-2.7927595293567333,0.0052260526215954,0.0156781578647862,True,,
X1+X2_to_X3,race_aware,COMPAS tool,break_even,Other vs Caucasian,fnr,0.2523364485981308,race,False,0.3353783231083844,False,0.5769230769230769,0.5,26,164,0.0769230769230768,-0.1278175771015649,0.2816637309477187,0.7289784749063989,0.466014829504519,1.0,False,,
X1+X2_to_X3,race_aware,COMPAS tool,break_even,Other vs Caucasian,equalized_odds,0.2523364485981308,race,False,0.3353783231083844,False,,,69,420,,,,,0.0061582640292763,0.0184747920878291,True,10.179920709165463,0.0061582640292763
X1+X2_to_X3,race_aware,COMPAS tool,break_even,Female vs Male,fpr,0.2523364485981308,sex,False,0.4663967611336032,False,0.3178807947019867,0.3147792706333973,151,521,0.0031015240685894,-0.081199169273228,0.0874022174104069,0.0722138137066458,0.9424317521274836,0.9424317521274836,False,,
X1+X2_to_X3,race_aware,COMPAS tool,break_even,Female vs Male,fnr,0.2523364485981308,sex,False,0.4663967611336032,False,0.3132530120481928,0.3604166666666666,83,480,-0.0471636546184738,-0.1557979527025797,0.061470643465632,-0.8299350049502094,0.40657553213119,1.0,False,,
X1+X2_to_X3,race_aware,COMPAS tool,break_even,Female vs Male,equalized_odds,0.2523364485981308,sex,False,0.4663967611336032,False,,,234,1001,,,,,0.7029961306909508,0.8910685887872078,False,0.7048077823648434,0.7029961306909508
X1+X2_to_X3,race_blind,TabPFN,0.5,African-American vs Caucasian,fpr,0.5,race,True,0.4024621212121212,False,0.3168316831683168,0.19921875,303,256,0.1176129331683168,0.0459328697086077,0.1892929966280259,3.146987417633602,0.0016496206036655,0.0065984824146623,True,,
X1+X2_to_X3,race_blind,TabPFN,0.5,African-American vs Caucasian,fnr,0.5,race,True,0.4024621212121212,False,0.3543543543543543,0.6158536585365854,333,164,-0.261499304182231,-0.3519468628423711,-0.1710517455220908,-5.521388639868512,3.3633094385398136e-08,1.3453237754159254e-07,True,,
X1+X2_to_X3,race_blind,TabPFN,0.5,African-American vs Caucasian,equalized_odds,0.5,race,True,0.4024621212121212,False,,,636,420,,,,,1.537371135822724e-09,6.149484543290896e-09,True,40.58638386771903,1.537371135822724e-09
X1+X2_to_X3,race_blind,TabPFN,0.5,Hispanic vs Caucasian,fpr,0.5,race,False,0.27151051625239,False,0.125,0.19921875,64,256,-0.07421875,-0.1688700140421352,0.0204325140421352,-1.3694694073115248,0.1708525913403457,0.3417051826806914,False,,
X1+X2_to_X3,race_blind,TabPFN,0.5,Hispanic vs Caucasian,fnr,0.5,race,False,0.27151051625239,False,0.4871794871794871,0.6158536585365854,39,164,-0.1286741713570982,-0.3023118293979368,0.0449634866837404,-1.4691426185296734,0.1417941102228184,0.2729479888056055,False,,
X1+X2_to_X3,race_blind,TabPFN,0.5,Hispanic vs Caucasian,equalized_odds,0.5,race,False,0.27151051625239,False,,,103,420,,,,,0.125644111719175,0.2512882234383501,False,4.148603757303802,0.125644111719175
X1+X2_to_X3,race_blind,TabPFN,0.5,Other vs Caucasian,fpr,0.5,race,False,0.2719836400817996,False,0.1162790697674418,0.19921875,43,256,-0.0829396802325581,-0.1905217668369786,0.0246424063718623,-1.2898969354294847,0.1970864449604285,0.3417051826806914,False,,
X1+X2_to_X3,race_blind,TabPFN,0.5,Other vs Caucasian,fnr,0.5,race,False,0.2719836400817996,False,0.4615384615384615,0.6158536585365854,26,164,-0.1543151969981238,-0.3598876450356651,0.0512572510394176,-1.4890507913975322,0.1364739944028027,0.2729479888056055,False,,
X1+X2_to_X3,race_blind,TabPFN,0.5,Other vs Caucasian,equalized_odds,0.5,race,False,0.2719836400817996,False,,,69,420,,,,,0.1345176541906967,0.2512882234383501,False,4.012119661260829,0.1345176541906967
X1+X2_to_X3,race_blind,TabPFN,0.5,Female vs Male,fpr,0.5,sex,False,0.3821862348178138,False,0.1854304635761589,0.2533589251439539,151,521,-0.0679284615677949,-0.140298427124265,0.0044415039886751,-1.7256343569766486,0.084413214310385,0.2532396429311553,False,,
X1+X2_to_X3,race_blind,TabPFN,0.5,Female vs Male,fnr,0.5,sex,False,0.3821862348178138,False,0.6746987951807228,0.40625,83,480,0.2684487951807228,0.1585008577549255,0.3783967326065202,4.543192761258717,5.540854071191718e-06,1.6622562213575155e-05,True,,
X1+X2_to_X3,race_blind,TabPFN,0.5,Female vs Male,equalized_odds,0.5,sex,False,0.3821862348178138,False,,,234,1001,,,,,6.7738017535073644e-06,2.032140526052209e-05,True,23.804896139583096,6.7738017535073644e-06
X1+X2_to_X3,race_blind,TabPFN,break_even,African-American vs Caucasian,fpr,0.2523364485981308,race,True,0.7878787878787878,False,0.7920792079207921,0.5859375,303,256,0.2061417079207921,0.1304544982773826,0.2818289175642016,5.2873421494121695,1.241063749843728e-07,4.964254999374912e-07,True,,
X1+X2_to_X3,race_blind,TabPFN,break_even,African-American vs Caucasian,fnr,0.2523364485981308,race,True,0.7878787878787878,False,0.075075075075075,0.1829268292682926,333,164,-0.1078517541932176,-0.1734416052463359,-0.0422619031400993,-3.6037691978258457,0.0003136355867265,0.0009409067601797,True,,
X1+X2_to_X3,race_blind,TabPFN,break_even,African-American vs Caucasian,equalized_odds,0.2523364485981308,race,True,0.7878787878787878,False,,,636,420,,,,,1.7952240380532936e-09,7.180896152213175e-09,True,40.276272021017235,1.7952240380532936e-09
X1+X2_to_X3,race_blind,TabPFN,break_even,Hispanic vs Caucasian,fpr,0.2523364485981308,race,False,0.6883365200764818,False,0.65625,0.5859375,64,256,0.0703125,-0.0607634398531655,0.2013884398531656,1.0269797953221866,0.3044299781228317,0.6088599562456634,False,,
X1+X2_to_X3,race_blind,TabPFN,break_even,Hispanic vs Caucasian,fnr,0.2523364485981308,race,False,0.6883365200764818,False,0.1282051282051282,0.1829268292682926,39,164,-0.0547217010631644,-0.1751794737938171,0.0657360716674882,-0.8131546928556938,0.4161293720957679,0.4161293720957679,False,,
X1+X2_to_X3,race_blind,TabPFN,break_even,Hispanic vs Caucasian,equalized_odds,0.2523364485981308,race,False,0.6883365200764818,False,,,103,420,,,,,0.412601481764849,0.412601481764849,False,1.770546174129679,0.412601481764849
X1+X2_to_X3,race_blind,TabPFN,break_even,Other vs Caucasian,fpr,0.2523364485981308,race,False,0.6789366053169734,False,0.5348837209302325,0.5859375,43,256,-0.0510537790697674,-0.2118827431476692,0.1097751850081343,-0.6273492384943451,0.5304303341350979,0.6088599562456634,False,,
X1+X2_to_X3,race_blind,TabPFN,break_even,Other vs Caucasian,fnr,0.2523364485981308,race,False,0.6789366053169734,False,0.0384615384615384,0.1829268292682926,26,164,-0.1444652908067542,-0.2391492767831456,-0.0497813048303627,-1.8521216380099568,0.0640083580021967,0.1280167160043935,False,,
X1+X2_to_X3,race_blind,TabPFN,break_even,Other vs Caucasian,equalized_odds,0.2523364485981308,race,False,0.6789366053169734,False,,,69,420,,,,,0.0862564522053599,0.1725129044107198,False,4.900860835381149,0.0862564522053599
X1+X2_to_X3,race_blind,TabPFN,break_even,Female vs Male,fpr,0.2523364485981308,sex,False,0.7773279352226721,False,0.5761589403973509,0.7120921305182342,151,521,-0.1359331901208832,-0.2238201235850066,-0.0480462566567598,-3.1570237954791085,0.0015938833900475,0.0047816501701425,True,,
X1+X2_to_X3,race_blind,TabPFN,break_even,Female vs Male,fnr,0.2523364485981308,sex,False,0.7773279352226721,False,0.2409638554216867,0.0854166666666666,83,480,0.15554718875502,0.0602040733027764,0.2508903042072637,4.209778566373818,2.5562109538977624e-05,0.0001022484381559,True,,
X1+X2_to_X3,race_blind,TabPFN,break_even,Female vs Male,equalized_odds,0.2523364485981308,sex,False,0.7773279352226721,False,,,234,1001,,,,,5.7806061462096434e-06,1.734181843862893e-05,True,24.12200402238395,5.7806061462096434e-06
X1+X2_to_X3,race_blind,COMPAS tool,0.5,African-American vs Caucasian,fpr,0.5,race,True,0.5037878787878788,False,0.4224422442244224,0.265625,303,256,0.1568172442244224,0.0792260320768059,0.234408456372039,3.871325340396728,0.0001082452044104,0.0004329808176416,True,,
X1+X2_to_X3,race_blind,COMPAS tool,0.5,African-American vs Caucasian,fnr,0.5,race,True,0.5037878787878788,False,0.2372372372372372,0.5,333,164,-0.2627627627627628,-0.3518883584094895,-0.173637167116036,-5.885772587297624,3.961987894976191e-09,1.5847951579904764e-08,True,,
X1+X2_to_X3,race_blind,COMPAS tool,0.5,African-American vs Caucasian,equalized_odds,0.5,race,True,0.5037878787878788,False,,,636,420,,,,,2.3292082388076535e-11,9.316832955230614e-11,True,48.96581524955299,2.3292082388076535e-11
X1+X2_to_X3,race_blind,COMPAS tool,0.5,Hispanic vs Caucasian,fpr,0.5,race,False,0.3441682600382409,False,0.203125,0.265625,64,256,-0.0625,-0.1749399422881932,0.0499399422881932,-1.028545518471772,0.3036932906962609,0.6073865813925219,False,,
X1+X2_to_X3,race_blind,COMPAS tool,0.5,Hispanic vs Caucasian,fnr,0.5,race,False,0.3441682600382409,False,0.5641025641025641,0.5,39,164,0.0641025641025641,-0.1093214035406079,0.2375265317457361,0.7198522744518148,0.4716159553878633,1.0,False,,
X1+X2_to_X3,race_blind,COMPAS tool,0.5,Hispanic vs Caucasian,equalized_odds,0.5,race,False,0.3441682600382409,False,,,103,420,,,,,0.4455342943936039,0.8910685887872078,False,1.6169621109497831,0.4455342943936039
X1+X2_to_X3,race_blind,COMPAS tool,0.5,Other vs Caucasian,fpr,0.5,race,False,0.3353783231083844,False,0.0697674418604651,0.265625,43,256,-0.1958575581395348,-0.2892655604270707,-0.1024495558519989,-2.7927595293567333,0.0052260526215954,0.0156781578647862,True,,
X1+X2_to_X3,race_blind,COMPAS tool,0.5,Other vs Caucasian,fnr,0.5,race,False,0.3353783231083844,False,0.5769230769230769,0.5,26,164,0.0769230769230768,-0.1278175771015649,0.2816637309477187,0.7289784749063989,0.466014829504519,1.0,False,,
X1+X2_to_X3,race_blind,COMPAS tool,0.5,Other vs Caucasian,equalized_odds,0.5,race,False,0.3353783231083844,False,,,69,420,,,,,0.0061582640292763,0.0184747920878291,True,10.179920709165463,0.0061582640292763
X1+X2_to_X3,race_blind,COMPAS tool,0.5,Female vs Male,fpr,0.5,sex,False,0.4663967611336032,False,0.3178807947019867,0.3147792706333973,151,521,0.0031015240685894,-0.081199169273228,0.0874022174104069,0.0722138137066458,0.9424317521274836,0.9424317521274836,False,,
X1+X2_to_X3,race_blind,COMPAS tool,0.5,Female vs Male,fnr,0.5,sex,False,0.4663967611336032,False,0.3132530120481928,0.3604166666666666,83,480,-0.0471636546184738,-0.1557979527025797,0.061470643465632,-0.8299350049502094,0.40657553213119,1.0,False,,
X1+X2_to_X3,race_blind,COMPAS tool,0.5,Female vs Male,equalized_odds,0.5,sex,False,0.4663967611336032,False,,,234,1001,,,,,0.7029961306909508,0.8910685887872078,False,0.7048077823648434,0.7029961306909508
X1+X2_to_X3,race_blind,COMPAS tool,break_even,African-American vs Caucasian,fpr,0.2523364485981308,race,True,0.5037878787878788,False,0.4224422442244224,0.265625,303,256,0.1568172442244224,0.0792260320768059,0.234408456372039,3.871325340396728,0.0001082452044104,0.0004329808176416,True,,
X1+X2_to_X3,race_blind,COMPAS tool,break_even,African-American vs Caucasian,fnr,0.2523364485981308,race,True,0.5037878787878788,False,0.2372372372372372,0.5,333,164,-0.2627627627627628,-0.3518883584094895,-0.173637167116036,-5.885772587297624,3.961987894976191e-09,1.5847951579904764e-08,True,,
X1+X2_to_X3,race_blind,COMPAS tool,break_even,African-American vs Caucasian,equalized_odds,0.2523364485981308,race,True,0.5037878787878788,False,,,636,420,,,,,2.3292082388076535e-11,9.316832955230614e-11,True,48.96581524955299,2.3292082388076535e-11
X1+X2_to_X3,race_blind,COMPAS tool,break_even,Hispanic vs Caucasian,fpr,0.2523364485981308,race,False,0.3441682600382409,False,0.203125,0.265625,64,256,-0.0625,-0.1749399422881932,0.0499399422881932,-1.028545518471772,0.3036932906962609,0.6073865813925219,False,,
X1+X2_to_X3,race_blind,COMPAS tool,break_even,Hispanic vs Caucasian,fnr,0.2523364485981308,race,False,0.3441682600382409,False,0.5641025641025641,0.5,39,164,0.0641025641025641,-0.1093214035406079,0.2375265317457361,0.7198522744518148,0.4716159553878633,1.0,False,,
X1+X2_to_X3,race_blind,COMPAS tool,break_even,Hispanic vs Caucasian,equalized_odds,0.2523364485981308,race,False,0.3441682600382409,False,,,103,420,,,,,0.4455342943936039,0.8910685887872078,False,1.6169621109497831,0.4455342943936039
X1+X2_to_X3,race_blind,COMPAS tool,break_even,Other vs Caucasian,fpr,0.2523364485981308,race,False,0.3353783231083844,False,0.0697674418604651,0.265625,43,256,-0.1958575581395348,-0.2892655604270707,-0.1024495558519989,-2.7927595293567333,0.0052260526215954,0.0156781578647862,True,,
X1+X2_to_X3,race_blind,COMPAS tool,break_even,Other vs Caucasian,fnr,0.2523364485981308,race,False,0.3353783231083844,False,0.5769230769230769,0.5,26,164,0.0769230769230768,-0.1278175771015649,0.2816637309477187,0.7289784749063989,0.466014829504519,1.0,False,,
X1+X2_to_X3,race_blind,COMPAS tool,break_even,Other vs Caucasian,equalized_odds,0.2523364485981308,race,False,0.3353783231083844,False,,,69,420,,,,,0.0061582640292763,0.0184747920878291,True,10.179920709165463,0.0061582640292763
X1+X2_to_X3,race_blind,COMPAS tool,break_even,Female vs Male,fpr,0.2523364485981308,sex,False,0.4663967611336032,False,0.3178807947019867,0.3147792706333973,151,521,0.0031015240685894,-0.081199169273228,0.0874022174104069,0.0722138137066458,0.9424317521274836,0.9424317521274836,False,,
X1+X2_to_X3,race_blind,COMPAS tool,break_even,Female vs Male,fnr,0.2523364485981308,sex,False,0.4663967611336032,False,0.3132530120481928,0.3604166666666666,83,480,-0.0471636546184738,-0.1557979527025797,0.061470643465632,-0.8299350049502094,0.40657553213119,1.0,False,,
X1+X2_to_X3,race_blind,COMPAS tool,break_even,Female vs Male,equalized_odds,0.2523364485981308,sex,False,0.4663967611336032,False,,,234,1001,,,,,0.7029961306909508,0.8910685887872078,False,0.7048077823648434,0.7029961306909508
X1+X2_to_X3,race_priors_blind,TabPFN,0.5,African-American vs Caucasian,fpr,0.5,race,True,0.4668560606060606,False,0.4356435643564356,0.31640625,303,256,0.1192373143564356,0.0394711335588129,0.1990034951540583,2.89222140107277,0.0038252827596301,0.0114758482788905,True,,
X1+X2_to_X3,race_priors_blind,TabPFN,0.5,African-American vs Caucasian,fnr,0.5,race,True,0.4668560606060606,False,0.3993993993993994,0.5121951219512195,333,164,-0.1127957225518201,-0.205637673691166,-0.0199537714124742,-2.3839985293480463,0.0171256708095896,0.0513770124287689,False,,
X1+X2_to_X3,race_priors_blind,TabPFN,0.5,African-American vs Caucasian,equalized_odds,0.5,race,True,0.4668560606060606,False,,,636,420,,,,,0.0008745287767756,0.0026235863303268,True,14.083650714999417,0.0008745287767756
X1+X2_to_X3,race_priors_blind,TabPFN,0.5,Hispanic vs Caucasian,fpr,0.5,race,False,0.395793499043977,False,0.375,0.31640625,64,256,0.05859375,-0.0729869284330047,0.1901744284330047,0.8929401954728154,0.3718892000800057,0.7437784001600114,False,,
X1+X2_to_X3,race_priors_blind,TabPFN,0.5,Hispanic vs Caucasian,fnr,0.5,race,False,0.395793499043977,False,0.4358974358974359,0.5121951219512195,39,164,-0.0762976860537836,-0.2497116098961292,0.097116237788562,-0.8565502390974199,0.3916934964999241,0.4534513442142369,False,,
X1+X2_to_X3,race_priors_blind,TabPFN,0.5,Hispanic vs Caucasian,equalized_odds,0.5,race,False,0.395793499043977,False,,,103,420,,,,,0.4677231569354252,0.9354463138708504,False,1.5197574062120882,0.4677231569354252
X1+X2_to_X3,race_priors_blind,TabPFN,0.5,Other vs Caucasian,fpr,0.5,race,False,0.3905930470347648,False,0.3255813953488372,0.31640625,43,256,0.0091751453488372,-0.1420264468097429,0.1603767375074173,0.119571002691717,0.9048229913852956,0.9048229913852956,False,,
X1+X2_to_X3,race_priors_blind,TabPFN,0.5,Other vs Caucasian,fnr,0.5,race,False,0.3905930470347648,False,0.3846153846153846,0.5121951219512195,26,164,-0.1275797373358349,-0.3296253710688877,0.0744658963972179,-1.2088364835464729,0.2267256721071184,0.4534513442142369,False,,
X1+X2_to_X3,race_priors_blind,TabPFN,0.5,Other vs Caucasian,equalized_odds,0.5,race,False,0.3905930470347648,False,,,69,420,,,,,0.4752240546049742,0.9354463138708504,False,1.4879377845097723,0.4752240546049742
X1+X2_to_X3,race_priors_blind,TabPFN,0.5,Female vs Male,fpr,0.5,sex,False,0.4631578947368421,False,0.0,0.4856046065259117,151,521,-0.4856046065259117,-0.5285205993175568,-0.4426886137342666,-10.844449173840188,2.1190846390285827e-27,8.476338556114331e-27,True,,
X1+X2_to_X3,race_priors_blind,TabPFN,0.5,Female vs Male,fnr,0.5,sex,False,0.4631578947368421,False,1.0,0.3354166666666666,83,480,0.6645833333333333,0.6223461922317693,0.7068204744348973,11.281661200368086,1.6166398559356697e-29,6.466559423742679e-29,True,,
X1+X2_to_X3,race_priors_blind,TabPFN,0.5,Female vs Male,equalized_odds,0.5,sex,False,0.4631578947368421,False,,,234,1001,,,,,1.3538557522907645e-71,5.415423009163057e-71,True,326.36116993651916,1.3538557522907645e-71
X1+X2_to_X3,race_priors_blind,TabPFN,break_even,African-American vs Caucasian,fpr,0.2523364485981308,race,True,0.9791666666666666,False,0.99009900990099,0.94921875,303,256,0.04088025990099,0.0117667726689871,0.069993747132993,2.888024963991427,0.0038766910354503,0.011630073106351,True,,
X1+X2_to_X3,race_priors_blind,TabPFN,break_even,African-American vs Caucasian,fnr,0.2523364485981308,race,True,0.9791666666666666,False,0.003003003003003,0.0304878048780487,333,164,-0.0274848018750457,-0.0544458483158851,-0.0005237554342064,-2.638143861905464,0.0083361209331881,0.0250083627995645,True,,
X1+X2_to_X3,race_priors_blind,TabPFN,break_even,African-American vs Caucasian,equalized_odds,0.2523364485981308,race,True,0.9791666666666666,False,,,636,420,,,,,0.0004661493528079,0.0013984480584237,True,15.342008951199652,0.0004661493528079
X1+X2_to_X3,race_priors_blind,TabPFN,break_even,Hispanic vs Caucasian,fpr,0.2523364485981308,race,False,0.9617590822179732,False,0.96875,0.94921875,64,256,0.01953125,-0.03087121727686,0.06993371727686,0.6611796049072862,0.5084971390779454,0.5084971390779454,False,,
X1+X2_to_X3,race_priors_blind,TabPFN,break_even,Hispanic vs Caucasian,fnr,0.2523364485981308,race,False,0.9617590822179732,False,0.0,0.0304878048780487,39,164,-0.0304878048780487,-0.0568005332970459,-0.0041750764590516,-1.1041060903212176,0.2695471196769027,0.5390942393538054,False,,
X1+X2_to_X3,race_priors_blind,TabPFN,break_even,Hispanic vs Caucasian,equalized_odds,0.2523364485981308,race,False,0.9617590822179732,False,,,103,420,,,,,0.2667495913104744,0.2667495913104744,False,2.6428898418167712,0.2667495913104744
X1+X2_to_X3,race_priors_blind,TabPFN,break_even,Other vs Caucasian,fpr,0.2523364485981308,race,False,0.9631901840490796,False,1.0,0.94921875,43,256,0.05078125,0.0238867821182933,0.0776757178817066,1.5109096635350632,0.1308114684369097,0.2616229368738194,False,,
X1+X2_to_X3,race_priors_blind,TabPFN,break_even,Other vs Caucasian,fnr,0.2523364485981308,race,False,0.9631901840490796,False,0.0,0.0304878048780487,26,164,-0.0304878048780487,-0.0568005332970459,-0.0041750764590516,-0.9022786652229708,0.3669088559197858,0.5390942393538054,False,,
X1+X2_to_X3,race_priors_blind,TabPFN,break_even,Other vs Caucasian,equalized_odds,0.2523364485981308,race,False,0.9631901840490796,False,,,69,420,,,,,0.0599709167461171,0.1199418334922343,False,5.627791110346468,0.0599709167461171
X1+X2_to_X3,race_priors_blind,TabPFN,break_even,Female vs Male,fpr,0.2523364485981308,sex,False,0.9805668016194332,False,0.8807947019867549,1.0,151,521,-0.119205298013245,-0.1708879443648707,-0.0675226516616194,-7.988447823001373,1.366482784082547e-15,5.465931136330188e-15,True,,
X1+X2_to_X3,race_priors_blind,TabPFN,break_even,Female vs Male,fnr,0.2523364485981308,sex,False,0.9805668016194332,False,0.072289156626506,0.0,83,480,0.072289156626506,0.0165767473044109,0.128001565948601,5.92220992140824,3.176437841609279e-09,1.2705751366437117e-08,True,,
X1+X2_to_X3,race_priors_blind,TabPFN,break_even,Female vs Male,equalized_odds,0.2523364485981308,sex,False,0.9805668016194332,False,,,234,1001,,,,,7.546749661387635e-18,3.018699864555054e-17,True,78.85082942350544,7.546749661387635e-18
X1+X2_to_X3,race_priors_blind,COMPAS tool,0.5,African-American vs Caucasian,fpr,0.5,race,True,0.5037878787878788,False,0.4224422442244224,0.265625,303,256,0.1568172442244224,0.0792260320768059,0.234408456372039,3.871325340396728,0.0001082452044104,0.0004329808176416,True,,
X1+X2_to_X3,race_priors_blind,COMPAS tool,0.5,African-American vs Caucasian,fnr,0.5,race,True,0.5037878787878788,False,0.2372372372372372,0.5,333,164,-0.2627627627627628,-0.3518883584094895,-0.173637167116036,-5.885772587297624,3.961987894976191e-09,1.5847951579904764e-08,True,,
X1+X2_to_X3,race_priors_blind,COMPAS tool,0.5,African-American vs Caucasian,equalized_odds,0.5,race,True,0.5037878787878788,False,,,636,420,,,,,2.3292082388076535e-11,9.316832955230614e-11,True,48.96581524955299,2.3292082388076535e-11
X1+X2_to_X3,race_priors_blind,COMPAS tool,0.5,Hispanic vs Caucasian,fpr,0.5,race,False,0.3441682600382409,False,0.203125,0.265625,64,256,-0.0625,-0.1749399422881932,0.0499399422881932,-1.028545518471772,0.3036932906962609,0.6073865813925219,False,,
X1+X2_to_X3,race_priors_blind,COMPAS tool,0.5,Hispanic vs Caucasian,fnr,0.5,race,False,0.3441682600382409,False,0.5641025641025641,0.5,39,164,0.0641025641025641,-0.1093214035406079,0.2375265317457361,0.7198522744518148,0.4716159553878633,1.0,False,,
X1+X2_to_X3,race_priors_blind,COMPAS tool,0.5,Hispanic vs Caucasian,equalized_odds,0.5,race,False,0.3441682600382409,False,,,103,420,,,,,0.4455342943936039,0.8910685887872078,False,1.6169621109497831,0.4455342943936039
X1+X2_to_X3,race_priors_blind,COMPAS tool,0.5,Other vs Caucasian,fpr,0.5,race,False,0.3353783231083844,False,0.0697674418604651,0.265625,43,256,-0.1958575581395348,-0.2892655604270707,-0.1024495558519989,-2.7927595293567333,0.0052260526215954,0.0156781578647862,True,,
X1+X2_to_X3,race_priors_blind,COMPAS tool,0.5,Other vs Caucasian,fnr,0.5,race,False,0.3353783231083844,False,0.5769230769230769,0.5,26,164,0.0769230769230768,-0.1278175771015649,0.2816637309477187,0.7289784749063989,0.466014829504519,1.0,False,,
X1+X2_to_X3,race_priors_blind,COMPAS tool,0.5,Other vs Caucasian,equalized_odds,0.5,race,False,0.3353783231083844,False,,,69,420,,,,,0.0061582640292763,0.0184747920878291,True,10.179920709165463,0.0061582640292763
X1+X2_to_X3,race_priors_blind,COMPAS tool,0.5,Female vs Male,fpr,0.5,sex,False,0.4663967611336032,False,0.3178807947019867,0.3147792706333973,151,521,0.0031015240685894,-0.081199169273228,0.0874022174104069,0.0722138137066458,0.9424317521274836,0.9424317521274836,False,,
X1+X2_to_X3,race_priors_blind,COMPAS tool,0.5,Female vs Male,fnr,0.5,sex,False,0.4663967611336032,False,0.3132530120481928,0.3604166666666666,83,480,-0.0471636546184738,-0.1557979527025797,0.061470643465632,-0.8299350049502094,0.40657553213119,1.0,False,,
X1+X2_to_X3,race_priors_blind,COMPAS tool,0.5,Female vs Male,equalized_odds,0.5,sex,False,0.4663967611336032,False,,,234,1001,,,,,0.7029961306909508,0.8910685887872078,False,0.7048077823648434,0.7029961306909508
X1+X2_to_X3,race_priors_blind,COMPAS tool,break_even,African-American vs Caucasian,fpr,0.2523364485981308,race,True,0.5037878787878788,False,0.4224422442244224,0.265625,303,256,0.1568172442244224,0.0792260320768059,0.234408456372039,3.871325340396728,0.0001082452044104,0.0004329808176416,True,,
X1+X2_to_X3,race_priors_blind,COMPAS tool,break_even,African-American vs Caucasian,fnr,0.2523364485981308,race,True,0.5037878787878788,False,0.2372372372372372,0.5,333,164,-0.2627627627627628,-0.3518883584094895,-0.173637167116036,-5.885772587297624,3.961987894976191e-09,1.5847951579904764e-08,True,,
X1+X2_to_X3,race_priors_blind,COMPAS tool,break_even,African-American vs Caucasian,equalized_odds,0.2523364485981308,race,True,0.5037878787878788,False,,,636,420,,,,,2.3292082388076535e-11,9.316832955230614e-11,True,48.96581524955299,2.3292082388076535e-11
X1+X2_to_X3,race_priors_blind,COMPAS tool,break_even,Hispanic vs Caucasian,fpr,0.2523364485981308,race,False,0.3441682600382409,False,0.203125,0.265625,64,256,-0.0625,-0.1749399422881932,0.0499399422881932,-1.028545518471772,0.3036932906962609,0.6073865813925219,False,,
X1+X2_to_X3,race_priors_blind,COMPAS tool,break_even,Hispanic vs Caucasian,fnr,0.2523364485981308,race,False,0.3441682600382409,False,0.5641025641025641,0.5,39,164,0.0641025641025641,-0.1093214035406079,0.2375265317457361,0.7198522744518148,0.4716159553878633,1.0,False,,
X1+X2_to_X3,race_priors_blind,COMPAS tool,break_even,Hispanic vs Caucasian,equalized_odds,0.2523364485981308,race,False,0.3441682600382409,False,,,103,420,,,,,0.4455342943936039,0.8910685887872078,False,1.6169621109497831,0.4455342943936039
X1+X2_to_X3,race_priors_blind,COMPAS tool,break_even,Other vs Caucasian,fpr,0.2523364485981308,race,False,0.3353783231083844,False,0.0697674418604651,0.265625,43,256,-0.1958575581395348,-0.2892655604270707,-0.1024495558519989,-2.7927595293567333,0.0052260526215954,0.0156781578647862,True,,
X1+X2_to_X3,race_priors_blind,COMPAS tool,break_even,Other vs Caucasian,fnr,0.2523364485981308,race,False,0.3353783231083844,False,0.5769230769230769,0.5,26,164,0.0769230769230768,-0.1278175771015649,0.2816637309477187,0.7289784749063989,0.466014829504519,1.0,False,,
X1+X2_to_X3,race_priors_blind,COMPAS tool,break_even,Other vs Caucasian,equalized_odds,0.2523364485981308,race,False,0.3353783231083844,False,,,69,420,,,,,0.0061582640292763,0.0184747920878291,True,10.179920709165463,0.0061582640292763
X1+X2_to_X3,race_priors_blind,COMPAS tool,break_even,Female vs Male,fpr,0.2523364485981308,sex,False,0.4663967611336032,False,0.3178807947019867,0.3147792706333973,151,521,0.0031015240685894,-0.081199169273228,0.0874022174104069,0.0722138137066458,0.9424317521274836,0.9424317521274836,False,,
X1+X2_to_X3,race_priors_blind,COMPAS tool,break_even,Female vs Male,fnr,0.2523364485981308,sex,False,0.4663967611336032,False,0.3132530120481928,0.3604166666666666,83,480,-0.0471636546184738,-0.1557979527025797,0.061470643465632,-0.8299350049502094,0.40657553213119,1.0,False,,
X1+X2_to_X3,race_priors_blind,COMPAS tool,break_even,Female vs Male,equalized_odds,0.2523364485981308,sex,False,0.4663967611336032,False,,,234,1001,,,,,0.7029961306909508,0.8910685887872078,False,0.7048077823648434,0.7029961306909508
X1+X2_to_X3,race_proxy_blind,TabPFN,0.5,African-American vs Caucasian,fpr,0.5,race,True,0.178030303030303,False,0.1551155115511551,0.1015625,303,256,0.0535530115511551,-0.001499285816231,0.1086053089185412,1.8721969549425508,0.061179360220908,0.1835380806627241,False,,
X1+X2_to_X3,race_proxy_blind,TabPFN,0.5,African-American vs Caucasian,fnr,0.5,race,True,0.178030303030303,False,0.7417417417417418,0.823170731707317,333,164,-0.0814289899655752,-0.1563914801193101,-0.0064664998118404,-2.024047412242339,0.0429652736598039,0.1288958209794117,False,,
X1+X2_to_X3,race_proxy_blind,TabPFN,0.5,African-American vs Caucasian,equalized_odds,0.5,race,True,0.178030303030303,False,,,636,420,,,,,0.0202506881407911,0.0607520644223733,False,7.799133007491365,0.0202506881407911
X1+X2_to_X3,race_proxy_blind,TabPFN,0.5,Hispanic vs Caucasian,fpr,0.5,race,False,0.141491395793499,False,0.140625,0.1015625,64,256,0.0390625,-0.0537974190832726,0.1319224190832726,0.8955473256792901,0.3704945790467679,0.7409891580935359,False,,
X1+X2_to_X3,race_proxy_blind,TabPFN,0.5,Hispanic vs Caucasian,fnr,0.5,race,False,0.141491395793499,False,0.7435897435897436,0.823170731707317,39,164,-0.0795809881175734,-0.2285432354557151,0.0693812592205683,-1.1338545475338448,0.2568555656143025,0.2568555656143025,False,,
X1+X2_to_X3,race_proxy_blind,TabPFN,0.5,Hispanic vs Caucasian,equalized_odds,0.5,race,False,0.141491395793499,False,,,103,420,,,,,0.3726202003884133,0.6316284137760456,False,1.9743912152156935,0.3726202003884133
X1+X2_to_X3,race_proxy_blind,TabPFN,0.5,Other vs Caucasian,fpr,0.5,race,False,0.1390593047034765,False,0.1162790697674418,0.1015625,43,256,0.0147165697674418,-0.0879930696533606,0.1174262091882443,0.292919412441861,0.7695837503588311,0.7695837503588311,False,,
X1+X2_to_X3,race_proxy_blind,TabPFN,0.5,Other vs Caucasian,fnr,0.5,race,False,0.1390593047034765,False,0.6923076923076923,0.823170731707317,26,164,-0.1308630393996247,-0.3176318275392602,0.0559057487400107,-1.565509920191733,0.1174633931797659,0.2349267863595319,False,,
X1+X2_to_X3,race_proxy_blind,TabPFN,0.5,Other vs Caucasian,equalized_odds,0.5,race,False,0.1390593047034765,False,,,69,420,,,,,0.3158142068880228,0.6316284137760456,False,2.305202382386613,0.3158142068880228
X1+X2_to_X3,race_proxy_blind,TabPFN,0.5,Female vs Male,fpr,0.5,sex,False,0.1789473684210526,False,0.0,0.1689059500959693,151,521,-0.1689059500959693,-0.2010778560377112,-0.1367340441542273,-5.417378265748963,6.047930013577038e-08,2.419172005430815e-07,True,,
X1+X2_to_X3,race_proxy_blind,TabPFN,0.5,Female vs Male,fnr,0.5,sex,False,0.1789473684210526,False,1.0,0.7229166666666667,83,480,0.2770833333333333,0.2370449260686118,0.3171217405980548,5.4873696590619625,4.0796282955155466e-08,1.6318513182062186e-07,True,,
X1+X2_to_X3,race_proxy_blind,TabPFN,0.5,Female vs Male,equalized_odds,0.5,sex,False,0.1789473684210526,False,,,234,1001,,,,,6.650001224601549e-22,2.66000048984062e-21,True,97.5245100141013,6.650001224601549e-22
X1+X2_to_X3,race_proxy_blind,TabPFN,break_even,African-American vs Caucasian,fpr,0.2523364485981308,race,True,1.0,True,1.0,1.0,303,256,0.0,,,,1.0,1.0,False,,
X1+X2_to_X3,race_proxy_blind,TabPFN,break_even,African-American vs Caucasian,fnr,0.2523364485981308,race,True,1.0,True,0.0,0.0,333,164,0.0,,,,1.0,1.0,False,,
X1+X2_to_X3,race_proxy_blind,TabPFN,break_even,African-American vs Caucasian,equalized_odds,0.2523364485981308,race,True,1.0,True,,,636,420,,,,,1.0,1.0,False,0.0,1.0
X1+X2_to_X3,race_proxy_blind,TabPFN,break_even,Hispanic vs Caucasian,fpr,0.2523364485981308,race,False,1.0,True,1.0,1.0,64,256,0.0,,,,1.0,1.0,False,,
X1+X2_to_X3,race_proxy_blind,TabPFN,break_even,Hispanic vs Caucasian,fnr,0.2523364485981308,race,False,1.0,True,0.0,0.0,39,164,0.0,,,,1.0,1.0,False,,
X1+X2_to_X3,race_proxy_blind,TabPFN,break_even,Hispanic vs Caucasian,equalized_odds,0.2523364485981308,race,False,1.0,True,,,103,420,,,,,1.0,1.0,False,0.0,1.0
X1+X2_to_X3,race_proxy_blind,TabPFN,break_even,Other vs Caucasian,fpr,0.2523364485981308,race,False,1.0,True,1.0,1.0,43,256,0.0,,,,1.0,1.0,False,,
X1+X2_to_X3,race_proxy_blind,TabPFN,break_even,Other vs Caucasian,fnr,0.2523364485981308,race,False,1.0,True,0.0,0.0,26,164,0.0,,,,1.0,1.0,False,,
X1+X2_to_X3,race_proxy_blind,TabPFN,break_even,Other vs Caucasian,equalized_odds,0.2523364485981308,race,False,1.0,True,,,69,420,,,,,1.0,1.0,False,0.0,1.0
X1+X2_to_X3,race_proxy_blind,TabPFN,break_even,Female vs Male,fpr,0.2523364485981308,sex,False,1.0,True,1.0,1.0,151,521,0.0,,,,1.0,1.0,False,,
X1+X2_to_X3,race_proxy_blind,TabPFN,break_even,Female vs Male,fnr,0.2523364485981308,sex,False,1.0,True,0.0,0.0,83,480,0.0,,,,1.0,1.0,False,,
X1+X2_to_X3,race_proxy_blind,TabPFN,break_even,Female vs Male,equalized_odds,0.2523364485981308,sex,False,1.0,True,,,234,1001,,,,,1.0,1.0,False,0.0,1.0
X1+X2_to_X3,race_proxy_blind,COMPAS tool,0.5,African-American vs Caucasian,fpr,0.5,race,True,0.5037878787878788,False,0.4224422442244224,0.265625,303,256,0.1568172442244224,0.0792260320768059,0.234408456372039,3.871325340396728,0.0001082452044104,0.0004329808176416,True,,
X1+X2_to_X3,race_proxy_blind,COMPAS tool,0.5,African-American vs Caucasian,fnr,0.5,race,True,0.5037878787878788,False,0.2372372372372372,0.5,333,164,-0.2627627627627628,-0.3518883584094895,-0.173637167116036,-5.885772587297624,3.961987894976191e-09,1.5847951579904764e-08,True,,
X1+X2_to_X3,race_proxy_blind,COMPAS tool,0.5,African-American vs Caucasian,equalized_odds,0.5,race,True,0.5037878787878788,False,,,636,420,,,,,2.3292082388076535e-11,9.316832955230614e-11,True,48.96581524955299,2.3292082388076535e-11
X1+X2_to_X3,race_proxy_blind,COMPAS tool,0.5,Hispanic vs Caucasian,fpr,0.5,race,False,0.3441682600382409,False,0.203125,0.265625,64,256,-0.0625,-0.1749399422881932,0.0499399422881932,-1.028545518471772,0.3036932906962609,0.6073865813925219,False,,
X1+X2_to_X3,race_proxy_blind,COMPAS tool,0.5,Hispanic vs Caucasian,fnr,0.5,race,False,0.3441682600382409,False,0.5641025641025641,0.5,39,164,0.0641025641025641,-0.1093214035406079,0.2375265317457361,0.7198522744518148,0.4716159553878633,1.0,False,,
X1+X2_to_X3,race_proxy_blind,COMPAS tool,0.5,Hispanic vs Caucasian,equalized_odds,0.5,race,False,0.3441682600382409,False,,,103,420,,,,,0.4455342943936039,0.8910685887872078,False,1.6169621109497831,0.4455342943936039
X1+X2_to_X3,race_proxy_blind,COMPAS tool,0.5,Other vs Caucasian,fpr,0.5,race,False,0.3353783231083844,False,0.0697674418604651,0.265625,43,256,-0.1958575581395348,-0.2892655604270707,-0.1024495558519989,-2.7927595293567333,0.0052260526215954,0.0156781578647862,True,,
X1+X2_to_X3,race_proxy_blind,COMPAS tool,0.5,Other vs Caucasian,fnr,0.5,race,False,0.3353783231083844,False,0.5769230769230769,0.5,26,164,0.0769230769230768,-0.1278175771015649,0.2816637309477187,0.7289784749063989,0.466014829504519,1.0,False,,
X1+X2_to_X3,race_proxy_blind,COMPAS tool,0.5,Other vs Caucasian,equalized_odds,0.5,race,False,0.3353783231083844,False,,,69,420,,,,,0.0061582640292763,0.0184747920878291,True,10.179920709165463,0.0061582640292763
X1+X2_to_X3,race_proxy_blind,COMPAS tool,0.5,Female vs Male,fpr,0.5,sex,False,0.4663967611336032,False,0.3178807947019867,0.3147792706333973,151,521,0.0031015240685894,-0.081199169273228,0.0874022174104069,0.0722138137066458,0.9424317521274836,0.9424317521274836,False,,
X1+X2_to_X3,race_proxy_blind,COMPAS tool,0.5,Female vs Male,fnr,0.5,sex,False,0.4663967611336032,False,0.3132530120481928,0.3604166666666666,83,480,-0.0471636546184738,-0.1557979527025797,0.061470643465632,-0.8299350049502094,0.40657553213119,1.0,False,,
X1+X2_to_X3,race_proxy_blind,COMPAS tool,0.5,Female vs Male,equalized_odds,0.5,sex,False,0.4663967611336032,False,,,234,1001,,,,,0.7029961306909508,0.8910685887872078,False,0.7048077823648434,0.7029961306909508
X1+X2_to_X3,race_proxy_blind,COMPAS tool,break_even,African-American vs Caucasian,fpr,0.2523364485981308,race,True,0.5037878787878788,False,0.4224422442244224,0.265625,303,256,0.1568172442244224,0.0792260320768059,0.234408456372039,3.871325340396728,0.0001082452044104,0.0004329808176416,True,,
X1+X2_to_X3,race_proxy_blind,COMPAS tool,break_even,African-American vs Caucasian,fnr,0.2523364485981308,race,True,0.5037878787878788,False,0.2372372372372372,0.5,333,164,-0.2627627627627628,-0.3518883584094895,-0.173637167116036,-5.885772587297624,3.961987894976191e-09,1.5847951579904764e-08,True,,
X1+X2_to_X3,race_proxy_blind,COMPAS tool,break_even,African-American vs Caucasian,equalized_odds,0.2523364485981308,race,True,0.5037878787878788,False,,,636,420,,,,,2.3292082388076535e-11,9.316832955230614e-11,True,48.96581524955299,2.3292082388076535e-11
X1+X2_to_X3,race_proxy_blind,COMPAS tool,break_even,Hispanic vs Caucasian,fpr,0.2523364485981308,race,False,0.3441682600382409,False,0.203125,0.265625,64,256,-0.0625,-0.1749399422881932,0.0499399422881932,-1.028545518471772,0.3036932906962609,0.6073865813925219,False,,
X1+X2_to_X3,race_proxy_blind,COMPAS tool,break_even,Hispanic vs Caucasian,fnr,0.2523364485981308,race,False,0.3441682600382409,False,0.5641025641025641,0.5,39,164,0.0641025641025641,-0.1093214035406079,0.2375265317457361,0.7198522744518148,0.4716159553878633,1.0,False,,
X1+X2_to_X3,race_proxy_blind,COMPAS tool,break_even,Hispanic vs Caucasian,equalized_odds,0.2523364485981308,race,False,0.3441682600382409,False,,,103,420,,,,,0.4455342943936039,0.8910685887872078,False,1.6169621109497831,0.4455342943936039
X1+X2_to_X3,race_proxy_blind,COMPAS tool,break_even,Other vs Caucasian,fpr,0.2523364485981308,race,False,0.3353783231083844,False,0.0697674418604651,0.265625,43,256,-0.1958575581395348,-0.2892655604270707,-0.1024495558519989,-2.7927595293567333,0.0052260526215954,0.0156781578647862,True,,
X1+X2_to_X3,race_proxy_blind,COMPAS tool,break_even,Other vs Caucasian,fnr,0.2523364485981308,race,False,0.3353783231083844,False,0.5769230769230769,0.5,26,164,0.0769230769230768,-0.1278175771015649,0.2816637309477187,0.7289784749063989,0.466014829504519,1.0,False,,
X1+X2_to_X3,race_proxy_blind,COMPAS tool,break_even,Other vs Caucasian,equalized_odds,0.2523364485981308,race,False,0.3353783231083844,False,,,69,420,,,,,0.0061582640292763,0.0184747920878291,True,10.179920709165463,0.0061582640292763
X1+X2_to_X3,race_proxy_blind,COMPAS tool,break_even,Female vs Male,fpr,0.2523364485981308,sex,False,0.4663967611336032,False,0.3178807947019867,0.3147792706333973,151,521,0.0031015240685894,-0.081199169273228,0.0874022174104069,0.0722138137066458,0.9424317521274836,0.9424317521274836,False,,
X1+X2_to_X3,race_proxy_blind,COMPAS tool,break_even,Female vs Male,fnr,0.2523364485981308,sex,False,0.4663967611336032,False,0.3132530120481928,0.3604166666666666,83,480,-0.0471636546184738,-0.1557979527025797,0.061470643465632,-0.8299350049502094,0.40657553213119,1.0,False,,
X1+X2_to_X3,race_proxy_blind,COMPAS tool,break_even,Female vs Male,equalized_odds,0.2523364485981308,sex,False,0.4663967611336032,False,,,234,1001,,,,,0.7029961306909508,0.8910685887872078,False,0.7048077823648434,0.7029961306909508
X1+X2_to_X3,sex_blind,TabPFN,0.5,African-American vs Caucasian,fpr,0.5,race,True,0.4109848484848485,False,0.33003300330033,0.19921875,303,256,0.13081425330033,0.0587230968161107,0.2029054097845493,3.4704333825008833,0.0005196192204706,0.0020784768818826,True,,
X1+X2_to_X3,sex_blind,TabPFN,0.5,African-American vs Caucasian,fnr,0.5,race,True,0.4109848484848485,False,0.3423423423423423,0.6097560975609756,333,164,-0.2674137552186332,-0.3578070918315441,-0.1770204186057223,-5.6611657878381205,1.5034808604724353e-08,6.013923441889741e-08,True,,
X1+X2_to_X3,sex_blind,TabPFN,0.5,African-American vs Caucasian,equalized_odds,0.5,race,True,0.4109848484848485,False,,,636,420,,,,,2.4225245415982065e-10,9.690098166392826e-10,True,44.282081469036584,2.4225245415982065e-10
X1+X2_to_X3,sex_blind,TabPFN,0.5,Hispanic vs Caucasian,fpr,0.5,race,False,0.2734225621414914,False,0.140625,0.19921875,64,256,-0.05859375,-0.1568159465767499,0.0396284465767499,-1.0741723110591497,0.2827454599327744,0.5912593348812855,False,,
X1+X2_to_X3,sex_blind,TabPFN,0.5,Hispanic vs Caucasian,fnr,0.5,race,False,0.2734225621414914,False,0.5128205128205128,0.6097560975609756,39,164,-0.0969355847404628,-0.2706660061377897,0.0767948366568641,-1.10676600666877,0.2683951088528005,0.3069609324305761,False,,
X1+X2_to_X3,sex_blind,TabPFN,0.5,Hispanic vs Caucasian,equalized_odds,0.5,race,False,0.2734225621414914,False,,,103,420,,,,,0.2967293241133216,0.2967293241133216,False,2.4298698446966123,0.2967293241133216
X1+X2_to_X3,sex_blind,TabPFN,0.5,Other vs Caucasian,fpr,0.5,race,False,0.2740286298568507,False,0.1162790697674418,0.19921875,43,256,-0.0829396802325581,-0.1905217668369786,0.0246424063718623,-1.2898969354294847,0.1970864449604285,0.5912593348812855,False,,
X1+X2_to_X3,sex_blind,TabPFN,0.5,Other vs Caucasian,fnr,0.5,race,False,0.2740286298568507,False,0.4615384615384615,0.6097560975609756,26,164,-0.148217636022514,-0.353868443025874,0.0574331709808459,-1.427345032965042,0.153480466215288,0.3069609324305761,False,,
X1+X2_to_X3,sex_blind,TabPFN,0.5,Other vs Caucasian,equalized_odds,0.5,race,False,0.2740286298568507,False,,,69,420,,,,,0.1466634560986231,0.2933269121972462,False,3.8392294624283902,0.1466634560986231
X1+X2_to_X3,sex_blind,TabPFN,0.5,Female vs Male,fpr,0.5,sex,False,0.3894736842105263,False,0.2317880794701986,0.2495201535508637,151,521,-0.017732074080665,-0.0946127663783915,0.0591486182170614,-0.4457645801530179,0.6557673097227311,0.6557673097227311,False,,
X1+X2_to_X3,sex_blind,TabPFN,0.5,Female vs Male,fnr,0.5,sex,False,0.3894736842105263,False,0.6144578313253012,0.4083333333333333,83,480,0.2061244979919678,0.0925558356816938,0.3196931603022418,3.4942297364455333,0.0004754317065051,0.0014262951195155,True,,
X1+X2_to_X3,sex_blind,TabPFN,0.5,Female vs Male,equalized_odds,0.5,sex,False,0.3894736842105263,False,,,234,1001,,,,,0.002095508097939,0.0062865242938172,True,12.335918452328396,0.002095508097939
X1+X2_to_X3,sex_blind,TabPFN,break_even,African-American vs Caucasian,fpr,0.2523364485981308,race,True,0.7973484848484849,False,0.8052805280528053,0.58984375,303,256,0.2154367780528052,0.1404816477982614,0.290391908307349,5.573738308872412,2.493301841903937e-08,9.973207367615749e-08,True,,
X1+X2_to_X3,sex_blind,TabPFN,break_even,African-American vs Caucasian,fnr,0.2523364485981308,race,True,0.7973484848484849,False,0.066066066066066,0.1707317073170731,333,164,-0.1046656412510071,-0.1681332752893558,-0.0411980072126584,-3.64743540976682,0.0002648708657294,0.0010594834629179,True,,
X1+X2_to_X3,sex_blind,TabPFN,break_even,African-American vs Caucasian,equalized_odds,0.2523364485981308,race,True,0.7973484848484849,False,,,636,420,,,,,3.246918255974215e-10,1.298767302389686e-09,True,43.696289224766545,3.246918255974215e-10
X1+X2_to_X3,sex_blind,TabPFN,break_even,Hispanic vs Caucasian,fpr,0.2523364485981308,race,False,0.6730401529636711,False,0.515625,0.58984375,64,256,-0.07421875,-0.210678797839591,0.062241297839591,-1.074286773450764,0.2826941712353784,0.5653883424707569,False,,
X1+X2_to_X3,sex_blind,TabPFN,break_even,Hispanic vs Caucasian,fnr,0.2523364485981308,race,False,0.6730401529636711,False,0.1794871794871795,0.1707317073170731,39,164,0.0087554721701063,-0.1247452757578973,0.1422562200981099,0.1301047508569108,0.8964835514316838,1.0,False,,
X1+X2_to_X3,sex_blind,TabPFN,break_even,Hispanic vs Caucasian,equalized_odds,0.2523364485981308,race,False,0.6730401529636711,False,,,103,420,,,,,0.5591306934703537,0.614147141550101,False,1.1627440689179285,0.5591306934703537
X1+X2_to_X3,sex_blind,TabPFN,break_even,Other vs Caucasian,fpr,0.2523364485981308,race,False,0.6728016359918201,False,0.4651162790697674,0.58984375,43,256,-0.1247274709302325,-0.2855243990442106,0.0360694571837454,-1.529497885554575,0.1261410628443074,0.3784231885329223,False,,
X1+X2_to_X3,sex_blind,TabPFN,break_even,Other vs Caucasian,fnr,0.2523364485981308,race,False,0.6728016359918201,False,0.1538461538461538,0.1707317073170731,26,164,-0.0168855534709193,-0.1670517312222924,0.1332806242804537,-0.2137455915426362,0.8307454559378824,1.0,False,,
X1+X2_to_X3,sex_blind,TabPFN,break_even,Other vs Caucasian,equalized_odds,0.2523364485981308,race,False,0.6728016359918201,False,,,69,420,,,,,0.3070735707750505,0.614147141550101,False,2.3613358317732467,0.3070735707750505
X1+X2_to_X3,sex_blind,TabPFN,break_even,Female vs Male,fpr,0.2523364485981308,sex,False,0.7716599190283401,False,0.6357615894039735,0.6813819577735125,151,521,-0.0456203683695389,-0.1321759802466312,0.0409352435075532,-1.0506700480192954,0.2934101569726774,0.5653883424707569,False,,
X1+X2_to_X3,sex_blind,TabPFN,break_even,Female vs Male,fnr,0.2523364485981308,sex,False,0.7716599190283401,False,0.1686746987951807,0.0979166666666666,83,480,0.070758032128514,-0.0140760160583563,0.1555920803153844,1.915017876167144,0.0554902239025073,0.1664706717075221,False,,
X1+X2_to_X3,sex_blind,TabPFN,break_even,Female vs Male,equalized_odds,0.2523364485981308,sex,False,0.7716599190283401,False,,,234,1001,,,,,0.1122889602914353,0.3368668808743059,False,4.3733594551563755,0.1122889602914353
X1+X2_to_X3,sex_blind,COMPAS tool,0.5,African-American vs Caucasian,fpr,0.5,race,True,0.5037878787878788,False,0.4224422442244224,0.265625,303,256,0.1568172442244224,0.0792260320768059,0.234408456372039,3.871325340396728,0.0001082452044104,0.0004329808176416,True,,
X1+X2_to_X3,sex_blind,COMPAS tool,0.5,African-American vs Caucasian,fnr,0.5,race,True,0.5037878787878788,False,0.2372372372372372,0.5,333,164,-0.2627627627627628,-0.3518883584094895,-0.173637167116036,-5.885772587297624,3.961987894976191e-09,1.5847951579904764e-08,True,,
X1+X2_to_X3,sex_blind,COMPAS tool,0.5,African-American vs Caucasian,equalized_odds,0.5,race,True,0.5037878787878788,False,,,636,420,,,,,2.3292082388076535e-11,9.316832955230614e-11,True,48.96581524955299,2.3292082388076535e-11
X1+X2_to_X3,sex_blind,COMPAS tool,0.5,Hispanic vs Caucasian,fpr,0.5,race,False,0.3441682600382409,False,0.203125,0.265625,64,256,-0.0625,-0.1749399422881932,0.0499399422881932,-1.028545518471772,0.3036932906962609,0.6073865813925219,False,,
X1+X2_to_X3,sex_blind,COMPAS tool,0.5,Hispanic vs Caucasian,fnr,0.5,race,False,0.3441682600382409,False,0.5641025641025641,0.5,39,164,0.0641025641025641,-0.1093214035406079,0.2375265317457361,0.7198522744518148,0.4716159553878633,1.0,False,,
X1+X2_to_X3,sex_blind,COMPAS tool,0.5,Hispanic vs Caucasian,equalized_odds,0.5,race,False,0.3441682600382409,False,,,103,420,,,,,0.4455342943936039,0.8910685887872078,False,1.6169621109497831,0.4455342943936039
X1+X2_to_X3,sex_blind,COMPAS tool,0.5,Other vs Caucasian,fpr,0.5,race,False,0.3353783231083844,False,0.0697674418604651,0.265625,43,256,-0.1958575581395348,-0.2892655604270707,-0.1024495558519989,-2.7927595293567333,0.0052260526215954,0.0156781578647862,True,,
X1+X2_to_X3,sex_blind,COMPAS tool,0.5,Other vs Caucasian,fnr,0.5,race,False,0.3353783231083844,False,0.5769230769230769,0.5,26,164,0.0769230769230768,-0.1278175771015649,0.2816637309477187,0.7289784749063989,0.466014829504519,1.0,False,,
X1+X2_to_X3,sex_blind,COMPAS tool,0.5,Other vs Caucasian,equalized_odds,0.5,race,False,0.3353783231083844,False,,,69,420,,,,,0.0061582640292763,0.0184747920878291,True,10.179920709165463,0.0061582640292763
X1+X2_to_X3,sex_blind,COMPAS tool,0.5,Female vs Male,fpr,0.5,sex,False,0.4663967611336032,False,0.3178807947019867,0.3147792706333973,151,521,0.0031015240685894,-0.081199169273228,0.0874022174104069,0.0722138137066458,0.9424317521274836,0.9424317521274836,False,,
X1+X2_to_X3,sex_blind,COMPAS tool,0.5,Female vs Male,fnr,0.5,sex,False,0.4663967611336032,False,0.3132530120481928,0.3604166666666666,83,480,-0.0471636546184738,-0.1557979527025797,0.061470643465632,-0.8299350049502094,0.40657553213119,1.0,False,,
X1+X2_to_X3,sex_blind,COMPAS tool,0.5,Female vs Male,equalized_odds,0.5,sex,False,0.4663967611336032,False,,,234,1001,,,,,0.7029961306909508,0.8910685887872078,False,0.7048077823648434,0.7029961306909508
X1+X2_to_X3,sex_blind,COMPAS tool,break_even,African-American vs Caucasian,fpr,0.2523364485981308,race,True,0.5037878787878788,False,0.4224422442244224,0.265625,303,256,0.1568172442244224,0.0792260320768059,0.234408456372039,3.871325340396728,0.0001082452044104,0.0004329808176416,True,,
X1+X2_to_X3,sex_blind,COMPAS tool,break_even,African-American vs Caucasian,fnr,0.2523364485981308,race,True,0.5037878787878788,False,0.2372372372372372,0.5,333,164,-0.2627627627627628,-0.3518883584094895,-0.173637167116036,-5.885772587297624,3.961987894976191e-09,1.5847951579904764e-08,True,,
X1+X2_to_X3,sex_blind,COMPAS tool,break_even,African-American vs Caucasian,equalized_odds,0.2523364485981308,race,True,0.5037878787878788,False,,,636,420,,,,,2.3292082388076535e-11,9.316832955230614e-11,True,48.96581524955299,2.3292082388076535e-11
X1+X2_to_X3,sex_blind,COMPAS tool,break_even,Hispanic vs Caucasian,fpr,0.2523364485981308,race,False,0.3441682600382409,False,0.203125,0.265625,64,256,-0.0625,-0.1749399422881932,0.0499399422881932,-1.028545518471772,0.3036932906962609,0.6073865813925219,False,,
X1+X2_to_X3,sex_blind,COMPAS tool,break_even,Hispanic vs Caucasian,fnr,0.2523364485981308,race,False,0.3441682600382409,False,0.5641025641025641,0.5,39,164,0.0641025641025641,-0.1093214035406079,0.2375265317457361,0.7198522744518148,0.4716159553878633,1.0,False,,
X1+X2_to_X3,sex_blind,COMPAS tool,break_even,Hispanic vs Caucasian,equalized_odds,0.2523364485981308,race,False,0.3441682600382409,False,,,103,420,,,,,0.4455342943936039,0.8910685887872078,False,1.6169621109497831,0.4455342943936039
X1+X2_to_X3,sex_blind,COMPAS tool,break_even,Other vs Caucasian,fpr,0.2523364485981308,race,False,0.3353783231083844,False,0.0697674418604651,0.265625,43,256,-0.1958575581395348,-0.2892655604270707,-0.1024495558519989,-2.7927595293567333,0.0052260526215954,0.0156781578647862,True,,
X1+X2_to_X3,sex_blind,COMPAS tool,break_even,Other vs Caucasian,fnr,0.2523364485981308,race,False,0.3353783231083844,False,0.5769230769230769,0.5,26,164,0.0769230769230768,-0.1278175771015649,0.2816637309477187,0.7289784749063989,0.466014829504519,1.0,False,,
X1+X2_to_X3,sex_blind,COMPAS tool,break_even,Other vs Caucasian,equalized_odds,0.2523364485981308,race,False,0.3353783231083844,False,,,69,420,,,,,0.0061582640292763,0.0184747920878291,True,10.179920709165463,0.0061582640292763
X1+X2_to_X3,sex_blind,COMPAS tool,break_even,Female vs Male,fpr,0.2523364485981308,sex,False,0.4663967611336032,False,0.3178807947019867,0.3147792706333973,151,521,0.0031015240685894,-0.081199169273228,0.0874022174104069,0.0722138137066458,0.9424317521274836,0.9424317521274836,False,,
X1+X2_to_X3,sex_blind,COMPAS tool,break_even,Female vs Male,fnr,0.2523364485981308,sex,False,0.4663967611336032,False,0.3132530120481928,0.3604166666666666,83,480,-0.0471636546184738,-0.1557979527025797,0.061470643465632,-0.8299350049502094,0.40657553213119,1.0,False,,
X1+X2_to_X3,sex_blind,COMPAS tool,break_even,Female vs Male,equalized_odds,0.2523364485981308,sex,False,0.4663967611336032,False,,,234,1001,,,,,0.7029961306909508,0.8910685887872078,False,0.7048077823648434,0.7029961306909508
X1_to_X3,age_blind,TabPFN,0.5,African-American vs Caucasian,fpr,0.5,race,True,0.4185606060606061,False,0.3828382838283828,0.23046875,303,256,0.1523695338283828,0.0771578701492194,0.2275811975075463,3.87044324215427,0.0001086376489462,0.000434550595785,True,,
X1_to_X3,age_blind,TabPFN,0.5,African-American vs Caucasian,fnr,0.5,race,True,0.4185606060606061,False,0.3813813813813814,0.6280487804878049,333,164,-0.2466673991064235,-0.3371852544717704,-0.1561495437410765,-5.185784210187813,2.1510776657343045e-07,8.604310662937218e-07,True,,
X1_to_X3,age_blind,TabPFN,0.5,African-American vs Caucasian,equalized_odds,0.5,race,True,0.4185606060606061,False,,,636,420,,,,,6.677345974514455e-10,2.670938389805782e-09,True,42.25426066108908,6.677345974514455e-10
X1_to_X3,age_blind,TabPFN,0.5,Hispanic vs Caucasian,fpr,0.5,race,False,0.27151051625239,False,0.125,0.23046875,64,256,-0.10546875,-0.2015223669524941,-0.0094151330475058,-1.85485982892418,0.0636162457369574,0.0636162457369574,False,,
X1_to_X3,age_blind,TabPFN,0.5,Hispanic vs Caucasian,fnr,0.5,race,False,0.27151051625239,False,0.6410256410256411,0.6280487804878049,39,164,0.0129768605378361,-0.1547657545394246,0.180719475615097,0.1509163410642089,0.8800417098241349,0.8800417098241349,False,,
X1_to_X3,age_blind,TabPFN,0.5,Hispanic vs Caucasian,equalized_odds,0.5,race,False,0.27151051625239,False,,,103,420,,,,,0.1496699150148809,0.1496699150148809,False,3.7986459525158,0.1496699150148809
X1_to_X3,age_blind,TabPFN,0.5,Other vs Caucasian,fpr,0.5,race,False,0.278118609406953,False,0.0697674418604651,0.23046875,43,256,-0.1607013081395348,-0.2526753377782586,-0.0687272785008111,-2.405133563268981,0.0161665559910623,0.0484996679731869,True,,
X1_to_X3,age_blind,TabPFN,0.5,Other vs Caucasian,fnr,0.5,race,False,0.278118609406953,False,0.5,0.6280487804878049,26,164,-0.1280487804878048,-0.3339830484568684,0.0778854874812586,-1.2439874262465311,0.2135041906292815,0.427008381258563,False,,
X1_to_X3,age_blind,TabPFN,0.5,Other vs Caucasian,equalized_odds,0.5,race,False,0.278118609406953,False,,,69,420,,,,,0.0136006671495662,0.0272013342991325,True,8.595272864656252,0.0136006671495662
X1_to_X3,age_blind,TabPFN,0.5,Female vs Male,fpr,0.5,sex,False,0.388663967611336,False,0.2052980132450331,0.2975047984644913,151,521,-0.0922067852194582,-0.167649152988759,-0.0167644174501574,-2.22987359946977,0.0257558355182939,0.0515116710365879,False,,
X1_to_X3,age_blind,TabPFN,0.5,Female vs Male,fnr,0.5,sex,False,0.388663967611336,False,0.6987951807228916,0.4395833333333333,83,480,0.2592118473895582,0.1509845926694406,0.3674391021096759,4.365348337101445,1.2692033809461236e-05,3.807610142838371e-05,True,,
X1_to_X3,age_blind,TabPFN,0.5,Female vs Male,equalized_odds,0.5,sex,False,0.388663967611336,False,,,234,1001,,,,,4.5419871890151575e-06,1.3625961567045473e-05,True,24.604291869690353,4.5419871890151575e-06
X1_to_X3,age_blind,TabPFN,break_even,African-American vs Caucasian,fpr,0.2523364485981308,race,True,0.8257575757575758,False,0.9537953795379538,0.53515625,303,256,0.4186391295379538,0.35312883948547,0.4841494195904375,11.5812756767373,5.127725479320874e-31,2.0510901917283497e-30,True,,
X1_to_X3,age_blind,TabPFN,break_even,African-American vs Caucasian,fnr,0.2523364485981308,race,True,0.8257575757575758,False,0.021021021021021,0.2682926829268293,333,164,-0.2472716619058082,-0.3168109490369893,-0.1777323747746272,-8.541695108918612,1.3226703709198821e-17,5.290681483679529e-17,True,,
X1_to_X3,age_blind,TabPFN,break_even,African-American vs Caucasian,equalized_odds,0.2523364485981308,race,True,0.8257575757575758,False,,,636,420,,,,,9.735531399945012e-48,3.8942125599780047e-47,True,216.49660447968412,9.735531399945012e-48
X1_to_X3,age_blind,TabPFN,break_even,Hispanic vs Caucasian,fpr,0.2523364485981308,race,False,0.6424474187380497,False,0.71875,0.53515625,64,256,0.18359375,0.0576318819841888,0.3095556180158112,2.6549541353198083,0.00793191922481,0.0158638384496201,True,,
X1_to_X3,age_blind,TabPFN,break_even,Hispanic vs Caucasian,fnr,0.2523364485981308,race,False,0.6424474187380497,False,0.1538461538461538,0.2682926829268293,39,164,-0.1144465290806754,-0.2464338810535837,0.0175408228922328,-1.4909880233108772,0.1359646393590329,0.2719292787180658,False,,
X1_to_X3,age_blind,TabPFN,break_even,Hispanic vs Caucasian,equalized_odds,0.2523364485981308,race,False,0.6424474187380497,False,,,103,420,,,,,0.0077735865476281,0.0155471730952562,True,9.714047263921492,0.0077735865476281
X1_to_X3,age_blind,TabPFN,break_even,Other vs Caucasian,fpr,0.2523364485981308,race,False,0.6032719836400818,False,0.4186046511627907,0.53515625,43,256,-0.1165515988372092,-0.2761607160050535,0.0430575183306349,-1.415340535082609,0.1569686755551587,0.1569686755551587,False,,
X1_to_X3,age_blind,TabPFN,break_even,Other vs Caucasian,fnr,0.2523364485981308,race,False,0.6032719836400818,False,0.2307692307692307,0.2682926829268293,26,164,-0.0375234521575985,-0.2130963510486622,0.1380494467334652,-0.4036817957590916,0.6864467278898336,0.6864467278898336,False,,
X1_to_X3,age_blind,TabPFN,break_even,Other vs Caucasian,equalized_odds,0.2523364485981308,race,False,0.6032719836400818,False,,,69,420,,,,,0.3373296495696931,0.3373296495696931,False,2.1733892762208145,0.3373296495696931
X1_to_X3,age_blind,TabPFN,break_even,Female vs Male,fpr,0.2523364485981308,sex,False,0.8048582995951417,False,0.6291390728476821,0.7658349328214972,151,521,-0.136695859973815,-0.2218899051114624,-0.0515018148361676,-3.351767285379687,0.000802974851845,0.002408924555535,True,,
X1_to_X3,age_blind,TabPFN,break_even,Female vs Male,fnr,0.2523364485981308,sex,False,0.8048582995951417,False,0.253012048192771,0.0875,83,480,0.165512048192771,0.0686292847348789,0.2623948116506631,4.416601325575618,1.0026491125777544e-05,3.007947337733263e-05,True,,
X1_to_X3,age_blind,TabPFN,break_even,Female vs Male,equalized_odds,0.2523364485981308,sex,False,0.8048582995951417,False,,,234,1001,,,,,1.6781214368985882e-06,5.034364310695765e-06,True,26.595671165029692,1.6781214368985882e-06
X1_to_X3,age_blind,COMPAS tool,0.5,African-American vs Caucasian,fpr,0.5,race,True,0.5037878787878788,False,0.4224422442244224,0.265625,303,256,0.1568172442244224,0.0792260320768059,0.234408456372039,3.871325340396728,0.0001082452044104,0.0004329808176416,True,,
X1_to_X3,age_blind,COMPAS tool,0.5,African-American vs Caucasian,fnr,0.5,race,True,0.5037878787878788,False,0.2372372372372372,0.5,333,164,-0.2627627627627628,-0.3518883584094895,-0.173637167116036,-5.885772587297624,3.961987894976191e-09,1.5847951579904764e-08,True,,
X1_to_X3,age_blind,COMPAS tool,0.5,African-American vs Caucasian,equalized_odds,0.5,race,True,0.5037878787878788,False,,,636,420,,,,,2.3292082388076535e-11,9.316832955230614e-11,True,48.96581524955299,2.3292082388076535e-11
X1_to_X3,age_blind,COMPAS tool,0.5,Hispanic vs Caucasian,fpr,0.5,race,False,0.3441682600382409,False,0.203125,0.265625,64,256,-0.0625,-0.1749399422881932,0.0499399422881932,-1.028545518471772,0.3036932906962609,0.6073865813925219,False,,
X1_to_X3,age_blind,COMPAS tool,0.5,Hispanic vs Caucasian,fnr,0.5,race,False,0.3441682600382409,False,0.5641025641025641,0.5,39,164,0.0641025641025641,-0.1093214035406079,0.2375265317457361,0.7198522744518148,0.4716159553878633,1.0,False,,
X1_to_X3,age_blind,COMPAS tool,0.5,Hispanic vs Caucasian,equalized_odds,0.5,race,False,0.3441682600382409,False,,,103,420,,,,,0.4455342943936039,0.8910685887872078,False,1.6169621109497831,0.4455342943936039
X1_to_X3,age_blind,COMPAS tool,0.5,Other vs Caucasian,fpr,0.5,race,False,0.3353783231083844,False,0.0697674418604651,0.265625,43,256,-0.1958575581395348,-0.2892655604270707,-0.1024495558519989,-2.7927595293567333,0.0052260526215954,0.0156781578647862,True,,
X1_to_X3,age_blind,COMPAS tool,0.5,Other vs Caucasian,fnr,0.5,race,False,0.3353783231083844,False,0.5769230769230769,0.5,26,164,0.0769230769230768,-0.1278175771015649,0.2816637309477187,0.7289784749063989,0.466014829504519,1.0,False,,
X1_to_X3,age_blind,COMPAS tool,0.5,Other vs Caucasian,equalized_odds,0.5,race,False,0.3353783231083844,False,,,69,420,,,,,0.0061582640292763,0.0184747920878291,True,10.179920709165463,0.0061582640292763
X1_to_X3,age_blind,COMPAS tool,0.5,Female vs Male,fpr,0.5,sex,False,0.4663967611336032,False,0.3178807947019867,0.3147792706333973,151,521,0.0031015240685894,-0.081199169273228,0.0874022174104069,0.0722138137066458,0.9424317521274836,0.9424317521274836,False,,
X1_to_X3,age_blind,COMPAS tool,0.5,Female vs Male,fnr,0.5,sex,False,0.4663967611336032,False,0.3132530120481928,0.3604166666666666,83,480,-0.0471636546184738,-0.1557979527025797,0.061470643465632,-0.8299350049502094,0.40657553213119,1.0,False,,
X1_to_X3,age_blind,COMPAS tool,0.5,Female vs Male,equalized_odds,0.5,sex,False,0.4663967611336032,False,,,234,1001,,,,,0.7029961306909508,0.8910685887872078,False,0.7048077823648434,0.7029961306909508
X1_to_X3,age_blind,COMPAS tool,break_even,African-American vs Caucasian,fpr,0.2523364485981308,race,True,0.5037878787878788,False,0.4224422442244224,0.265625,303,256,0.1568172442244224,0.0792260320768059,0.234408456372039,3.871325340396728,0.0001082452044104,0.0004329808176416,True,,
X1_to_X3,age_blind,COMPAS tool,break_even,African-American vs Caucasian,fnr,0.2523364485981308,race,True,0.5037878787878788,False,0.2372372372372372,0.5,333,164,-0.2627627627627628,-0.3518883584094895,-0.173637167116036,-5.885772587297624,3.961987894976191e-09,1.5847951579904764e-08,True,,
X1_to_X3,age_blind,COMPAS tool,break_even,African-American vs Caucasian,equalized_odds,0.2523364485981308,race,True,0.5037878787878788,False,,,636,420,,,,,2.3292082388076535e-11,9.316832955230614e-11,True,48.96581524955299,2.3292082388076535e-11
X1_to_X3,age_blind,COMPAS tool,break_even,Hispanic vs Caucasian,fpr,0.2523364485981308,race,False,0.3441682600382409,False,0.203125,0.265625,64,256,-0.0625,-0.1749399422881932,0.0499399422881932,-1.028545518471772,0.3036932906962609,0.6073865813925219,False,,
X1_to_X3,age_blind,COMPAS tool,break_even,Hispanic vs Caucasian,fnr,0.2523364485981308,race,False,0.3441682600382409,False,0.5641025641025641,0.5,39,164,0.0641025641025641,-0.1093214035406079,0.2375265317457361,0.7198522744518148,0.4716159553878633,1.0,False,,
X1_to_X3,age_blind,COMPAS tool,break_even,Hispanic vs Caucasian,equalized_odds,0.2523364485981308,race,False,0.3441682600382409,False,,,103,420,,,,,0.4455342943936039,0.8910685887872078,False,1.6169621109497831,0.4455342943936039
X1_to_X3,age_blind,COMPAS tool,break_even,Other vs Caucasian,fpr,0.2523364485981308,race,False,0.3353783231083844,False,0.0697674418604651,0.265625,43,256,-0.1958575581395348,-0.2892655604270707,-0.1024495558519989,-2.7927595293567333,0.0052260526215954,0.0156781578647862,True,,
X1_to_X3,age_blind,COMPAS tool,break_even,Other vs Caucasian,fnr,0.2523364485981308,race,False,0.3353783231083844,False,0.5769230769230769,0.5,26,164,0.0769230769230768,-0.1278175771015649,0.2816637309477187,0.7289784749063989,0.466014829504519,1.0,False,,
X1_to_X3,age_blind,COMPAS tool,break_even,Other vs Caucasian,equalized_odds,0.2523364485981308,race,False,0.3353783231083844,False,,,69,420,,,,,0.0061582640292763,0.0184747920878291,True,10.179920709165463,0.0061582640292763
X1_to_X3,age_blind,COMPAS tool,break_even,Female vs Male,fpr,0.2523364485981308,sex,False,0.4663967611336032,False,0.3178807947019867,0.3147792706333973,151,521,0.0031015240685894,-0.081199169273228,0.0874022174104069,0.0722138137066458,0.9424317521274836,0.9424317521274836,False,,
X1_to_X3,age_blind,COMPAS tool,break_even,Female vs Male,fnr,0.2523364485981308,sex,False,0.4663967611336032,False,0.3132530120481928,0.3604166666666666,83,480,-0.0471636546184738,-0.1557979527025797,0.061470643465632,-0.8299350049502094,0.40657553213119,1.0,False,,
X1_to_X3,age_blind,COMPAS tool,break_even,Female vs Male,equalized_odds,0.2523364485981308,sex,False,0.4663967611336032,False,,,234,1001,,,,,0.7029961306909508,0.8910685887872078,False,0.7048077823648434,0.7029961306909508
X1_to_X3,protected_blind,TabPFN,0.5,African-American vs Caucasian,fpr,0.5,race,True,0.4431818181818182,False,0.3795379537953795,0.296875,303,256,0.0826629537953795,0.0044463281184301,0.1608795794723289,2.0531351004018377,0.0400594765710731,0.1201784297132194,False,,
X1_to_X3,protected_blind,TabPFN,0.5,African-American vs Caucasian,fnr,0.5,race,True,0.4431818181818182,False,0.3933933933933934,0.5426829268292683,333,164,-0.1492895334358749,-0.2418426609873371,-0.0567364058844126,-3.1506515242288593,0.0016290673055117,0.006516269222047,True,,
X1_to_X3,protected_blind,TabPFN,0.5,African-American vs Caucasian,equalized_odds,0.5,race,True,0.4431818181818182,False,,,636,420,,,,,0.0008514631817689,0.0034058527270759,True,14.137108596115407,0.0008514631817689
X1_to_X3,protected_blind,TabPFN,0.5,Hispanic vs Caucasian,fpr,0.5,race,False,0.3422562141491396,False,0.140625,0.296875,64,256,-0.15625,-0.2581618454500655,-0.0543381545499345,-2.5314047508282127,0.0113606668298743,0.0454426673194972,True,,
X1_to_X3,protected_blind,TabPFN,0.5,Hispanic vs Caucasian,fnr,0.5,race,False,0.3422562141491396,False,0.5128205128205128,0.5426829268292683,39,164,-0.0298624140087555,-0.2042807467739676,0.1445559187564565,-0.3361630557844213,0.7367479105883024,0.7367479105883024,False,,
X1_to_X3,protected_blind,TabPFN,0.5,Hispanic vs Caucasian,equalized_odds,0.5,race,False,0.3422562141491396,False,,,103,420,,,,,0.0272267727907047,0.0544535455814095,False,7.20710899200751,0.0272267727907047
X1_to_X3,protected_blind,TabPFN,0.5,Other vs Caucasian,fpr,0.5,race,False,0.3558282208588957,False,0.1860465116279069,0.296875,43,256,-0.110828488372093,-0.239905086273931,0.0182481095297449,-1.4961748197560296,0.1346081045048905,0.269216209009781,False,,
X1_to_X3,protected_blind,TabPFN,0.5,Other vs Caucasian,fnr,0.5,race,False,0.3558282208588957,False,0.4230769230769231,0.5426829268292683,26,164,-0.1196060037523452,-0.324242417103804,0.0850304095991135,-1.134794242906433,0.256461538985765,0.5129230779715301,False,,
X1_to_X3,protected_blind,TabPFN,0.5,Other vs Caucasian,equalized_odds,0.5,race,False,0.3558282208588957,False,,,69,420,,,,,0.1581171431321438,0.1581171431321438,False,3.6888382168733687,0.1581171431321438
X1_to_X3,protected_blind,TabPFN,0.5,Female vs Male,fpr,0.5,sex,False,0.4218623481781376,False,0.2847682119205298,0.3186180422264875,151,521,-0.0338498303059577,-0.1162043049189733,0.0485046443070579,-0.7911973593265184,0.4288288322155202,0.4288288322155202,False,,
X1_to_X3,protected_blind,TabPFN,0.5,Female vs Male,fnr,0.5,sex,False,0.4218623481781376,False,0.5903614457831325,0.4208333333333333,83,480,0.1695281124497992,0.0548836428778428,0.2841725820217556,2.8690718943002693,0.004116782115908,0.0123503463477242,True,,
X1_to_X3,protected_blind,TabPFN,0.5,Female vs Male,equalized_odds,0.5,sex,False,0.4218623481781376,False,,,234,1001,,,,,0.0121490587540678,0.0364471762622035,True,8.821007161994883,0.0121490587540678
X1_to_X3,protected_blind,TabPFN,break_even,African-American vs Caucasian,fpr,0.2523364485981308,race,True,0.8446969696969697,False,0.8316831683168316,0.734375,303,256,0.0973081683168316,0.0287378069080958,0.1658785297255673,2.80024918554711,0.0051063172045032,0.020425268818013,True,,
X1_to_X3,protected_blind,TabPFN,break_even,African-American vs Caucasian,fnr,0.2523364485981308,race,True,0.8446969696969697,False,0.078078078078078,0.1158536585365853,333,164,-0.0377755804585072,-0.0946059078971511,0.0190547469801366,-1.3799327035215905,0.1676073661472962,0.3352147322945924,False,,
X1_to_X3,protected_blind,TabPFN,break_even,African-American vs Caucasian,equalized_odds,0.2523364485981308,race,True,0.8446969696969697,False,,,636,420,,,,,0.0079832596439368,0.0242251798913214,True,9.66081694848098,0.0079832596439368
X1_to_X3,protected_blind,TabPFN,break_even,Hispanic vs Caucasian,fpr,0.2523364485981308,race,False,0.7896749521988528,False,0.734375,0.734375,64,256,0.0,-0.1209780350156125,0.1209780350156125,0.0,1.0,1.0,False,,
X1_to_X3,protected_blind,TabPFN,break_even,Hispanic vs Caucasian,fnr,0.2523364485981308,race,False,0.7896749521988528,False,0.1538461538461538,0.1158536585365853,39,164,0.0379924953095684,-0.0853835845265355,0.1613685751456725,0.648963183652288,0.5163621732615542,0.5163621732615542,False,,
X1_to_X3,protected_blind,TabPFN,break_even,Hispanic vs Caucasian,equalized_odds,0.2523364485981308,race,False,0.7896749521988528,False,,,103,420,,,,,0.818331794010394,0.818331794010394,False,0.4009748169395131,0.818331794010394
X1_to_X3,protected_blind,TabPFN,break_even,Other vs Caucasian,fpr,0.2523364485981308,race,False,0.8016359918200409,False,0.7674418604651163,0.734375,43,256,0.0330668604651163,-0.1043063946339905,0.1704401155642231,0.4569191173494079,0.6477291824844442,1.0,False,,
X1_to_X3,protected_blind,TabPFN,break_even,Other vs Caucasian,fnr,0.2523364485981308,race,False,0.8016359918200409,False,0.0,0.1158536585365853,26,164,-0.1158536585365853,-0.1648364036659807,-0.06687091340719,-1.8294489522352593,0.0673323799591747,0.2019971398775242,False,,
X1_to_X3,protected_blind,TabPFN,break_even,Other vs Caucasian,equalized_odds,0.2523364485981308,race,False,0.8016359918200409,False,,,69,420,,,,,0.0466552590568657,0.0933105181137314,False,6.129939247409728,0.0466552590568657
X1_to_X3,protected_blind,TabPFN,break_even,Female vs Male,fpr,0.2523364485981308,sex,False,0.8388663967611336,False,0.7350993377483444,0.7927063339731286,151,521,-0.0576069962247842,-0.1361277287497331,0.0209137363001645,-1.5040791855113536,0.1325609789834284,0.3976829369502851,False,,
X1_to_X3,protected_blind,TabPFN,break_even,Female vs Male,fnr,0.2523364485981308,sex,False,0.8388663967611336,False,0.180722891566265,0.075,83,480,0.105722891566265,0.0196536375872296,0.1917921455453004,3.098580807369688,0.0019444993414663,0.0077779973658654,True,,
X1_to_X3,protected_blind,TabPFN,break_even,Female vs Male,equalized_odds,0.2523364485981308,sex,False,0.8388663967611336,False,,,234,1001,,,,,0.0060562949728303,0.0242251798913214,True,10.213314112996857,0.0060562949728303
X1_to_X3,protected_blind,COMPAS tool,0.5,African-American vs Caucasian,fpr,0.5,race,True,0.5037878787878788,False,0.4224422442244224,0.265625,303,256,0.1568172442244224,0.0792260320768059,0.234408456372039,3.871325340396728,0.0001082452044104,0.0004329808176416,True,,
X1_to_X3,protected_blind,COMPAS tool,0.5,African-American vs Caucasian,fnr,0.5,race,True,0.5037878787878788,False,0.2372372372372372,0.5,333,164,-0.2627627627627628,-0.3518883584094895,-0.173637167116036,-5.885772587297624,3.961987894976191e-09,1.5847951579904764e-08,True,,
X1_to_X3,protected_blind,COMPAS tool,0.5,African-American vs Caucasian,equalized_odds,0.5,race,True,0.5037878787878788,False,,,636,420,,,,,2.3292082388076535e-11,9.316832955230614e-11,True,48.96581524955299,2.3292082388076535e-11
X1_to_X3,protected_blind,COMPAS tool,0.5,Hispanic vs Caucasian,fpr,0.5,race,False,0.3441682600382409,False,0.203125,0.265625,64,256,-0.0625,-0.1749399422881932,0.0499399422881932,-1.028545518471772,0.3036932906962609,0.6073865813925219,False,,
X1_to_X3,protected_blind,COMPAS tool,0.5,Hispanic vs Caucasian,fnr,0.5,race,False,0.3441682600382409,False,0.5641025641025641,0.5,39,164,0.0641025641025641,-0.1093214035406079,0.2375265317457361,0.7198522744518148,0.4716159553878633,1.0,False,,
X1_to_X3,protected_blind,COMPAS tool,0.5,Hispanic vs Caucasian,equalized_odds,0.5,race,False,0.3441682600382409,False,,,103,420,,,,,0.4455342943936039,0.8910685887872078,False,1.6169621109497831,0.4455342943936039
X1_to_X3,protected_blind,COMPAS tool,0.5,Other vs Caucasian,fpr,0.5,race,False,0.3353783231083844,False,0.0697674418604651,0.265625,43,256,-0.1958575581395348,-0.2892655604270707,-0.1024495558519989,-2.7927595293567333,0.0052260526215954,0.0156781578647862,True,,
X1_to_X3,protected_blind,COMPAS tool,0.5,Other vs Caucasian,fnr,0.5,race,False,0.3353783231083844,False,0.5769230769230769,0.5,26,164,0.0769230769230768,-0.1278175771015649,0.2816637309477187,0.7289784749063989,0.466014829504519,1.0,False,,
X1_to_X3,protected_blind,COMPAS tool,0.5,Other vs Caucasian,equalized_odds,0.5,race,False,0.3353783231083844,False,,,69,420,,,,,0.0061582640292763,0.0184747920878291,True,10.179920709165463,0.0061582640292763
X1_to_X3,protected_blind,COMPAS tool,0.5,Female vs Male,fpr,0.5,sex,False,0.4663967611336032,False,0.3178807947019867,0.3147792706333973,151,521,0.0031015240685894,-0.081199169273228,0.0874022174104069,0.0722138137066458,0.9424317521274836,0.9424317521274836,False,,
X1_to_X3,protected_blind,COMPAS tool,0.5,Female vs Male,fnr,0.5,sex,False,0.4663967611336032,False,0.3132530120481928,0.3604166666666666,83,480,-0.0471636546184738,-0.1557979527025797,0.061470643465632,-0.8299350049502094,0.40657553213119,1.0,False,,
X1_to_X3,protected_blind,COMPAS tool,0.5,Female vs Male,equalized_odds,0.5,sex,False,0.4663967611336032,False,,,234,1001,,,,,0.7029961306909508,0.8910685887872078,False,0.7048077823648434,0.7029961306909508
X1_to_X3,protected_blind,COMPAS tool,break_even,African-American vs Caucasian,fpr,0.2523364485981308,race,True,0.5037878787878788,False,0.4224422442244224,0.265625,303,256,0.1568172442244224,0.0792260320768059,0.234408456372039,3.871325340396728,0.0001082452044104,0.0004329808176416,True,,
X1_to_X3,protected_blind,COMPAS tool,break_even,African-American vs Caucasian,fnr,0.2523364485981308,race,True,0.5037878787878788,False,0.2372372372372372,0.5,333,164,-0.2627627627627628,-0.3518883584094895,-0.173637167116036,-5.885772587297624,3.961987894976191e-09,1.5847951579904764e-08,True,,
X1_to_X3,protected_blind,COMPAS tool,break_even,African-American vs Caucasian,equalized_odds,0.2523364485981308,race,True,0.5037878787878788,False,,,636,420,,,,,2.3292082388076535e-11,9.316832955230614e-11,True,48.96581524955299,2.3292082388076535e-11
X1_to_X3,protected_blind,COMPAS tool,break_even,Hispanic vs Caucasian,fpr,0.2523364485981308,race,False,0.3441682600382409,False,0.203125,0.265625,64,256,-0.0625,-0.1749399422881932,0.0499399422881932,-1.028545518471772,0.3036932906962609,0.6073865813925219,False,,
X1_to_X3,protected_blind,COMPAS tool,break_even,Hispanic vs Caucasian,fnr,0.2523364485981308,race,False,0.3441682600382409,False,0.5641025641025641,0.5,39,164,0.0641025641025641,-0.1093214035406079,0.2375265317457361,0.7198522744518148,0.4716159553878633,1.0,False,,
X1_to_X3,protected_blind,COMPAS tool,break_even,Hispanic vs Caucasian,equalized_odds,0.2523364485981308,race,False,0.3441682600382409,False,,,103,420,,,,,0.4455342943936039,0.8910685887872078,False,1.6169621109497831,0.4455342943936039
X1_to_X3,protected_blind,COMPAS tool,break_even,Other vs Caucasian,fpr,0.2523364485981308,race,False,0.3353783231083844,False,0.0697674418604651,0.265625,43,256,-0.1958575581395348,-0.2892655604270707,-0.1024495558519989,-2.7927595293567333,0.0052260526215954,0.0156781578647862,True,,
X1_to_X3,protected_blind,COMPAS tool,break_even,Other vs Caucasian,fnr,0.2523364485981308,race,False,0.3353783231083844,False,0.5769230769230769,0.5,26,164,0.0769230769230768,-0.1278175771015649,0.2816637309477187,0.7289784749063989,0.466014829504519,1.0,False,,
X1_to_X3,protected_blind,COMPAS tool,break_even,Other vs Caucasian,equalized_odds,0.2523364485981308,race,False,0.3353783231083844,False,,,69,420,,,,,0.0061582640292763,0.0184747920878291,True,10.179920709165463,0.0061582640292763
X1_to_X3,protected_blind,COMPAS tool,break_even,Female vs Male,fpr,0.2523364485981308,sex,False,0.4663967611336032,False,0.3178807947019867,0.3147792706333973,151,521,0.0031015240685894,-0.081199169273228,0.0874022174104069,0.0722138137066458,0.9424317521274836,0.9424317521274836,False,,
X1_to_X3,protected_blind,COMPAS tool,break_even,Female vs Male,fnr,0.2523364485981308,sex,False,0.4663967611336032,False,0.3132530120481928,0.3604166666666666,83,480,-0.0471636546184738,-0.1557979527025797,0.061470643465632,-0.8299350049502094,0.40657553213119,1.0,False,,
X1_to_X3,protected_blind,COMPAS tool,break_even,Female vs Male,equalized_odds,0.2523364485981308,sex,False,0.4663967611336032,False,,,234,1001,,,,,0.7029961306909508,0.8910685887872078,False,0.7048077823648434,0.7029961306909508
X1_to_X3,race_aware,TabPFN,0.5,African-American vs Caucasian,fpr,0.5,race,True,0.4251893939393939,False,0.3432343234323432,0.21875,303,256,0.1244843234323432,0.0508473694314885,0.1981212774331978,3.2442583041986235,0.0011775690652167,0.004710276260867,True,,
X1_to_X3,race_aware,TabPFN,0.5,African-American vs Caucasian,fnr,0.5,race,True,0.4251893939393939,False,0.3303303303303303,0.5975609756097561,333,164,-0.2672306452794257,-0.3577006315508665,-0.1767606590079849,-5.678425164763177,1.3594048287132992e-08,5.437619314853197e-08,True,,
X1_to_X3,race_aware,TabPFN,0.5,African-American vs Caucasian,equalized_odds,0.5,race,True,0.4251893939393939,False,,,636,420,,,,,5.05338385874623e-10,2.021353543498492e-09,True,42.811585680023384,5.05338385874623e-10
X1_to_X3,race_aware,TabPFN,0.5,Hispanic vs Caucasian,fpr,0.5,race,False,0.2868068833652007,False,0.125,0.21875,64,256,-0.09375,-0.1892981215521893,0.0017981215521893,-1.677050983124842,0.0935325126890931,0.2389245451503637,False,,
X1_to_X3,race_aware,TabPFN,0.5,Hispanic vs Caucasian,fnr,0.5,race,False,0.2868068833652007,False,0.4871794871794871,0.5975609756097561,39,164,-0.1103814884302689,-0.2842822647965985,0.0635192879360607,-1.2538810415480155,0.2098852468833574,0.2098852468833574,False,,
X1_to_X3,race_aware,TabPFN,0.5,Hispanic vs Caucasian,equalized_odds,0.5,race,False,0.2868068833652007,False,,,103,420,,,,,0.0990790850721437,0.1981581701442874,False,4.62367381727425,0.0990790850721437
X1_to_X3,race_aware,TabPFN,0.5,Other vs Caucasian,fpr,0.5,race,False,0.294478527607362,False,0.1627906976744186,0.21875,43,256,-0.0559593023255813,-0.177368025325994,0.0654494206748312,-0.8325988748709057,0.4050709937672606,0.4050709937672606,False,,
X1_to_X3,race_aware,TabPFN,0.5,Other vs Caucasian,fnr,0.5,race,False,0.294478527607362,False,0.4230769230769231,0.5975609756097561,26,164,-0.174484052532833,-0.3786795149838018,0.0297114099181358,-1.6714191726633234,0.0946389115221071,0.1892778230442143,False,,
X1_to_X3,race_aware,TabPFN,0.5,Other vs Caucasian,equalized_odds,0.5,race,False,0.294478527607362,False,,,69,420,,,,,0.1745890206912329,0.1981581701442874,False,3.4906410403856363,0.1745890206912329
X1_to_X3,race_aware,TabPFN,0.5,Female vs Male,fpr,0.5,sex,False,0.4040485829959514,False,0.2052980132450331,0.2763915547024952,151,521,-0.0710935414574621,-0.1460949947928426,0.0039079118779184,-1.752769881002143,0.0796415150501212,0.2389245451503637,False,,
X1_to_X3,race_aware,TabPFN,0.5,Female vs Male,fnr,0.5,sex,False,0.4040485829959514,False,0.6385542168674698,0.3875,83,480,0.2510542168674698,0.138886351050517,0.3632220826844226,4.27277404834817,1.930560601664321e-05,5.7916818049929634e-05,True,,
X1_to_X3,race_aware,TabPFN,0.5,Female vs Male,equalized_odds,0.5,sex,False,0.4040485829959514,False,,,234,1001,,,,,2.4027281051672013e-05,7.208184315501604e-05,True,21.27264132539238,2.4027281051672013e-05
X1_to_X3,race_aware,TabPFN,break_even,African-American vs Caucasian,fpr,0.2523364485981308,race,True,0.7642045454545454,False,0.7920792079207921,0.515625,303,256,0.2764542079207921,0.2000623818096882,0.352846034031896,6.902050497224062,5.1257206687665875e-12,2.050288267506635e-11,True,,
X1_to_X3,race_aware,TabPFN,break_even,African-American vs Caucasian,fnr,0.2523364485981308,race,True,0.7642045454545454,False,0.075075075075075,0.2256097560975609,333,164,-0.1505346810224859,-0.2204872698787179,-0.0805820921662538,-4.7754942729305405,1.792663933120386e-06,7.170655732481544e-06,True,,
X1_to_X3,race_aware,TabPFN,break_even,African-American vs Caucasian,equalized_odds,0.2523364485981308,race,True,0.7642045454545454,False,,,636,420,,,,,8.168652298501068e-16,3.2674609194004273e-15,True,69.48211509996717,8.168652298501068e-16
X1_to_X3,race_aware,TabPFN,break_even,Hispanic vs Caucasian,fpr,0.2523364485981308,race,False,0.621414913957935,False,0.53125,0.515625,64,256,0.015625,-0.1211040884832794,0.1523540884832794,0.2237641872959001,0.8229407977739609,1.0,False,,
X1_to_X3,race_aware,TabPFN,break_even,Hispanic vs Caucasian,fnr,0.2523364485981308,race,False,0.621414913957935,False,0.1794871794871795,0.2256097560975609,39,164,-0.0461225766103814,-0.1824985828248753,0.0902534296041123,-0.6283345011438695,0.5297848348059613,0.8171236763387604,False,,
X1_to_X3,race_aware,TabPFN,break_even,Hispanic vs Caucasian,equalized_odds,0.2523364485981308,race,False,0.621414913957935,False,,,103,420,,,,,0.795014348972777,1.0,False,0.4587902309366514,0.795014348972777
X1_to_X3,race_aware,TabPFN,break_even,Other vs Caucasian,fpr,0.2523364485981308,race,False,0.6155419222903885,False,0.4651162790697674,0.515625,43,256,-0.0505087209302325,-0.2116704815291871,0.110653039668722,-0.6130215106042781,0.5398621166758388,1.0,False,,
X1_to_X3,race_aware,TabPFN,break_even,Other vs Caucasian,fnr,0.2523364485981308,race,False,0.6155419222903885,False,0.1538461538461538,0.2256097560975609,26,164,-0.0717636022514071,-0.2244916164273803,0.080964411924566,-0.8264271311256276,0.4085618381693802,0.8171236763387604,False,,
X1_to_X3,race_aware,TabPFN,break_even,Other vs Caucasian,equalized_odds,0.2523364485981308,race,False,0.6155419222903885,False,,,69,420,,,,,0.5750501552616815,1.0,False,1.1065960308934906,0.5750501552616815
X1_to_X3,race_aware,TabPFN,break_even,Female vs Male,fpr,0.2523364485981308,sex,False,0.7441295546558705,False,0.5761589403973509,0.6564299424184261,151,521,-0.0802710020210751,-0.1690142186406353,0.008472214598485,-1.807668845696128,0.0706580561610549,0.2119741684831649,False,,
X1_to_X3,race_aware,TabPFN,break_even,Female vs Male,fnr,0.2523364485981308,sex,False,0.7441295546558705,False,0.2409638554216867,0.1104166666666666,83,480,0.13054718875502,0.0343640088416218,0.2267303686684183,3.269052657884881,0.0010790821744,0.0032372465232,True,,
X1_to_X3,race_aware,TabPFN,break_even,Female vs Male,equalized_odds,0.2523364485981308,sex,False,0.7441295546558705,False,,,234,1001,,,,,0.0020152510029749,0.0060457530089247,True,12.414023048216272,0.0020152510029749
X1_to_X3,race_aware,COMPAS tool,0.5,African-American vs Caucasian,fpr,0.5,race,True,0.5037878787878788,False,0.4224422442244224,0.265625,303,256,0.1568172442244224,0.0792260320768059,0.234408456372039,3.871325340396728,0.0001082452044104,0.0004329808176416,True,,
X1_to_X3,race_aware,COMPAS tool,0.5,African-American vs Caucasian,fnr,0.5,race,True,0.5037878787878788,False,0.2372372372372372,0.5,333,164,-0.2627627627627628,-0.3518883584094895,-0.173637167116036,-5.885772587297624,3.961987894976191e-09,1.5847951579904764e-08,True,,
X1_to_X3,race_aware,COMPAS tool,0.5,African-American vs Caucasian,equalized_odds,0.5,race,True,0.5037878787878788,False,,,636,420,,,,,2.3292082388076535e-11,9.316832955230614e-11,True,48.96581524955299,2.3292082388076535e-11
X1_to_X3,race_aware,COMPAS tool,0.5,Hispanic vs Caucasian,fpr,0.5,race,False,0.3441682600382409,False,0.203125,0.265625,64,256,-0.0625,-0.1749399422881932,0.0499399422881932,-1.028545518471772,0.3036932906962609,0.6073865813925219,False,,
X1_to_X3,race_aware,COMPAS tool,0.5,Hispanic vs Caucasian,fnr,0.5,race,False,0.3441682600382409,False,0.5641025641025641,0.5,39,164,0.0641025641025641,-0.1093214035406079,0.2375265317457361,0.7198522744518148,0.4716159553878633,1.0,False,,
X1_to_X3,race_aware,COMPAS tool,0.5,Hispanic vs Caucasian,equalized_odds,0.5,race,False,0.3441682600382409,False,,,103,420,,,,,0.4455342943936039,0.8910685887872078,False,1.6169621109497831,0.4455342943936039
X1_to_X3,race_aware,COMPAS tool,0.5,Other vs Caucasian,fpr,0.5,race,False,0.3353783231083844,False,0.0697674418604651,0.265625,43,256,-0.1958575581395348,-0.2892655604270707,-0.1024495558519989,-2.7927595293567333,0.0052260526215954,0.0156781578647862,True,,
X1_to_X3,race_aware,COMPAS tool,0.5,Other vs Caucasian,fnr,0.5,race,False,0.3353783231083844,False,0.5769230769230769,0.5,26,164,0.0769230769230768,-0.1278175771015649,0.2816637309477187,0.7289784749063989,0.466014829504519,1.0,False,,
X1_to_X3,race_aware,COMPAS tool,0.5,Other vs Caucasian,equalized_odds,0.5,race,False,0.3353783231083844,False,,,69,420,,,,,0.0061582640292763,0.0184747920878291,True,10.179920709165463,0.0061582640292763
X1_to_X3,race_aware,COMPAS tool,0.5,Female vs Male,fpr,0.5,sex,False,0.4663967611336032,False,0.3178807947019867,0.3147792706333973,151,521,0.0031015240685894,-0.081199169273228,0.0874022174104069,0.0722138137066458,0.9424317521274836,0.9424317521274836,False,,
X1_to_X3,race_aware,COMPAS tool,0.5,Female vs Male,fnr,0.5,sex,False,0.4663967611336032,False,0.3132530120481928,0.3604166666666666,83,480,-0.0471636546184738,-0.1557979527025797,0.061470643465632,-0.8299350049502094,0.40657553213119,1.0,False,,
X1_to_X3,race_aware,COMPAS tool,0.5,Female vs Male,equalized_odds,0.5,sex,False,0.4663967611336032,False,,,234,1001,,,,,0.7029961306909508,0.8910685887872078,False,0.7048077823648434,0.7029961306909508
X1_to_X3,race_aware,COMPAS tool,break_even,African-American vs Caucasian,fpr,0.2523364485981308,race,True,0.5037878787878788,False,0.4224422442244224,0.265625,303,256,0.1568172442244224,0.0792260320768059,0.234408456372039,3.871325340396728,0.0001082452044104,0.0004329808176416,True,,
X1_to_X3,race_aware,COMPAS tool,break_even,African-American vs Caucasian,fnr,0.2523364485981308,race,True,0.5037878787878788,False,0.2372372372372372,0.5,333,164,-0.2627627627627628,-0.3518883584094895,-0.173637167116036,-5.885772587297624,3.961987894976191e-09,1.5847951579904764e-08,True,,
X1_to_X3,race_aware,COMPAS tool,break_even,African-American vs Caucasian,equalized_odds,0.2523364485981308,race,True,0.5037878787878788,False,,,636,420,,,,,2.3292082388076535e-11,9.316832955230614e-11,True,48.96581524955299,2.3292082388076535e-11
X1_to_X3,race_aware,COMPAS tool,break_even,Hispanic vs Caucasian,fpr,0.2523364485981308,race,False,0.3441682600382409,False,0.203125,0.265625,64,256,-0.0625,-0.1749399422881932,0.0499399422881932,-1.028545518471772,0.3036932906962609,0.6073865813925219,False,,
X1_to_X3,race_aware,COMPAS tool,break_even,Hispanic vs Caucasian,fnr,0.2523364485981308,race,False,0.3441682600382409,False,0.5641025641025641,0.5,39,164,0.0641025641025641,-0.1093214035406079,0.2375265317457361,0.7198522744518148,0.4716159553878633,1.0,False,,
X1_to_X3,race_aware,COMPAS tool,break_even,Hispanic vs Caucasian,equalized_odds,0.2523364485981308,race,False,0.3441682600382409,False,,,103,420,,,,,0.4455342943936039,0.8910685887872078,False,1.6169621109497831,0.4455342943936039
X1_to_X3,race_aware,COMPAS tool,break_even,Other vs Caucasian,fpr,0.2523364485981308,race,False,0.3353783231083844,False,0.0697674418604651,0.265625,43,256,-0.1958575581395348,-0.2892655604270707,-0.1024495558519989,-2.7927595293567333,0.0052260526215954,0.0156781578647862,True,,
X1_to_X3,race_aware,COMPAS tool,break_even,Other vs Caucasian,fnr,0.2523364485981308,race,False,0.3353783231083844,False,0.5769230769230769,0.5,26,164,0.0769230769230768,-0.1278175771015649,0.2816637309477187,0.7289784749063989,0.466014829504519,1.0,False,,
X1_to_X3,race_aware,COMPAS tool,break_even,Other vs Caucasian,equalized_odds,0.2523364485981308,race,False,0.3353783231083844,False,,,69,420,,,,,0.0061582640292763,0.0184747920878291,True,10.179920709165463,0.0061582640292763
X1_to_X3,race_aware,COMPAS tool,break_even,Female vs Male,fpr,0.2523364485981308,sex,False,0.4663967611336032,False,0.3178807947019867,0.3147792706333973,151,521,0.0031015240685894,-0.081199169273228,0.0874022174104069,0.0722138137066458,0.9424317521274836,0.9424317521274836,False,,
X1_to_X3,race_aware,COMPAS tool,break_even,Female vs Male,fnr,0.2523364485981308,sex,False,0.4663967611336032,False,0.3132530120481928,0.3604166666666666,83,480,-0.0471636546184738,-0.1557979527025797,0.061470643465632,-0.8299350049502094,0.40657553213119,1.0,False,,
X1_to_X3,race_aware,COMPAS tool,break_even,Female vs Male,equalized_odds,0.2523364485981308,sex,False,0.4663967611336032,False,,,234,1001,,,,,0.7029961306909508,0.8910685887872078,False,0.7048077823648434,0.7029961306909508
X1_to_X3,race_blind,TabPFN,0.5,African-American vs Caucasian,fpr,0.5,race,True,0.4232954545454545,False,0.3366336633663366,0.22265625,303,256,0.1139774133663366,0.0403000511915927,0.1876547755410805,2.9760309248299897,0.0029200541464136,0.0116802165856545,True,,
X1_to_X3,race_blind,TabPFN,0.5,African-American vs Caucasian,fnr,0.5,race,True,0.4232954545454545,False,0.3303303303303303,0.6036585365853658,333,164,-0.2733282062550355,-0.3636392186381899,-0.1830171938718811,-5.804132249749619,6.4700195845578605e-09,2.5880078338231442e-08,True,,
X1_to_X3,race_blind,TabPFN,0.5,African-American vs Caucasian,equalized_odds,0.5,race,True,0.4232954545454545,False,,,636,420,,,,,5.696470337854702e-10,2.2785881351418807e-09,True,42.5720083717609,5.696470337854702e-10
X1_to_X3,race_blind,TabPFN,0.5,Hispanic vs Caucasian,fpr,0.5,race,False,0.2944550669216061,False,0.171875,0.22265625,64,256,-0.05078125,-0.1563297052274651,0.0547672052274651,-0.8882467334983534,0.3744080453467625,0.7488160906935251,False,,
X1_to_X3,race_blind,TabPFN,0.5,Hispanic vs Caucasian,fnr,0.5,race,False,0.2944550669216061,False,0.4615384615384615,0.6036585365853658,39,164,-0.1421200750469042,-0.3155652303506275,0.031325080256819,-1.61441624187981,0.1064371710823891,0.1663062163577597,False,,
X1_to_X3,race_blind,TabPFN,0.5,Hispanic vs Caucasian,equalized_odds,0.5,race,False,0.2944550669216061,False,,,103,420,,,,,0.1828075336769188,0.3007097308468442,False,3.398642816273391,0.1828075336769188
X1_to_X3,race_blind,TabPFN,0.5,Other vs Caucasian,fpr,0.5,race,False,0.294478527607362,False,0.1627906976744186,0.22265625,43,256,-0.0598655523255813,-0.181409044777197,0.0616779401260342,-0.8856107512023955,0.3758273161046908,0.7488160906935251,False,,
X1_to_X3,race_blind,TabPFN,0.5,Other vs Caucasian,fnr,0.5,race,False,0.294478527607362,False,0.4230769230769231,0.6036585365853658,26,164,-0.1805816135084427,-0.3847066914074618,0.0235434643905762,-1.732676924466261,0.0831531081788798,0.1663062163577597,False,,
X1_to_X3,race_blind,TabPFN,0.5,Other vs Caucasian,equalized_odds,0.5,race,False,0.294478527607362,False,,,69,420,,,,,0.1503548654234221,0.3007097308468442,False,3.78951401884645,0.1503548654234221
X1_to_X3,race_blind,TabPFN,0.5,Female vs Male,fpr,0.5,sex,False,0.4056680161943319,False,0.2251655629139073,0.2744721689059501,151,521,-0.0493066059920428,-0.1261618221600592,0.0275486101759736,-1.2111776501083424,0.2258273265360407,0.6774819796081223,False,,
X1_to_X3,race_blind,TabPFN,0.5,Female vs Male,fnr,0.5,sex,False,0.4056680161943319,False,0.6385542168674698,0.3875,83,480,0.2510542168674698,0.138886351050517,0.3632220826844226,4.27277404834817,1.930560601664321e-05,5.7916818049929634e-05,True,,
X1_to_X3,race_blind,TabPFN,0.5,Female vs Male,equalized_odds,0.5,sex,False,0.4056680161943319,False,,,234,1001,,,,,5.579942840905606e-05,0.0001673982852271,True,19.58749386438956,5.579942840905606e-05
X1_to_X3,race_blind,TabPFN,break_even,African-American vs Caucasian,fpr,0.2523364485981308,race,True,0.7329545454545454,False,0.7095709570957096,0.5234375,303,256,0.1861334570957096,0.1064096773853429,0.2658572368060763,4.527404348729849,5.971261487882492e-06,2.3885045951529968e-05,True,,
X1_to_X3,race_blind,TabPFN,break_even,African-American vs Caucasian,fnr,0.2523364485981308,race,True,0.7329545454545454,False,0.1081081081081081,0.2195121951219512,333,164,-0.1114040870138431,-0.1829958093978976,-0.0398123646297885,-3.317895059247783,0.0009069855342516,0.0036279421370067,True,,
X1_to_X3,race_blind,TabPFN,break_even,African-American vs Caucasian,equalized_odds,0.2523364485981308,race,True,0.7329545454545454,False,,,636,420,,,,,1.8445716527075065e-07,7.378286610830026e-07,True,31.011697133949703,1.8445716527075065e-07
X1_to_X3,race_blind,TabPFN,break_even,Hispanic vs Caucasian,fpr,0.2523364485981308,race,False,0.6290630975143403,False,0.546875,0.5234375,64,256,0.0234375,-0.1130066066862301,0.1598816066862301,0.3359420885754641,0.7369145375071947,1.0,False,,
X1_to_X3,race_blind,TabPFN,break_even,Hispanic vs Caucasian,fnr,0.2523364485981308,race,False,0.6290630975143403,False,0.1794871794871795,0.2195121951219512,39,164,-0.0400250156347717,-0.1761101501556469,0.0960601188861034,-0.5498440598843364,0.5824263355719375,0.8908721591785524,False,,
X1_to_X3,race_blind,TabPFN,break_even,Hispanic vs Caucasian,equalized_odds,0.2523364485981308,race,False,0.6290630975143403,False,,,103,420,,,,,0.8086616401966723,1.0,False,0.4247493878315365,0.8086616401966723
X1_to_X3,race_blind,TabPFN,break_even,Other vs Caucasian,fpr,0.2523364485981308,race,False,0.621676891615542,False,0.4651162790697674,0.5234375,43,256,-0.0583212209302325,-0.2194687735135287,0.1028263316530636,-0.7080632436289195,0.4789059840323336,1.0,False,,
X1_to_X3,race_blind,TabPFN,break_even,Other vs Caucasian,fnr,0.2523364485981308,race,False,0.621676891615542,False,0.1538461538461538,0.2195121951219512,26,164,-0.0656660412757973,-0.2181343825164801,0.0868022999648854,-0.7630458042031749,0.4454360795892762,0.8908721591785524,False,,
X1_to_X3,race_blind,TabPFN,break_even,Other vs Caucasian,equalized_odds,0.2523364485981308,race,False,0.621676891615542,False,,,69,420,,,,,0.5707627743485404,1.0,False,1.1215632242689957,0.5707627743485404
X1_to_X3,race_blind,TabPFN,break_even,Female vs Male,fpr,0.2523364485981308,sex,False,0.7182186234817813,False,0.5960264900662252,0.6084452975047985,151,521,-0.0124188074385732,-0.1011996826126264,0.0763620677354799,-0.274948733400132,0.7833556255769689,1.0,False,,
X1_to_X3,race_blind,TabPFN,break_even,Female vs Male,fnr,0.2523364485981308,sex,False,0.7182186234817813,False,0.2289156626506024,0.1333333333333333,83,480,0.095582329317269,0.0002183125523029,0.1909463460822351,2.2679412877218565,0.0233327854211925,0.0699983562635776,False,,
X1_to_X3,race_blind,TabPFN,break_even,Female vs Male,equalized_odds,0.2523364485981308,sex,False,0.7182186234817813,False,,,234,1001,,,,,0.0945716046196816,0.2837148138590448,False,4.716796021129512,0.0945716046196816
X1_to_X3,race_blind,COMPAS tool,0.5,African-American vs Caucasian,fpr,0.5,race,True,0.5037878787878788,False,0.4224422442244224,0.265625,303,256,0.1568172442244224,0.0792260320768059,0.234408456372039,3.871325340396728,0.0001082452044104,0.0004329808176416,True,,
X1_to_X3,race_blind,COMPAS tool,0.5,African-American vs Caucasian,fnr,0.5,race,True,0.5037878787878788,False,0.2372372372372372,0.5,333,164,-0.2627627627627628,-0.3518883584094895,-0.173637167116036,-5.885772587297624,3.961987894976191e-09,1.5847951579904764e-08,True,,
X1_to_X3,race_blind,COMPAS tool,0.5,African-American vs Caucasian,equalized_odds,0.5,race,True,0.5037878787878788,False,,,636,420,,,,,2.3292082388076535e-11,9.316832955230614e-11,True,48.96581524955299,2.3292082388076535e-11
X1_to_X3,race_blind,COMPAS tool,0.5,Hispanic vs Caucasian,fpr,0.5,race,False,0.3441682600382409,False,0.203125,0.265625,64,256,-0.0625,-0.1749399422881932,0.0499399422881932,-1.028545518471772,0.3036932906962609,0.6073865813925219,False,,
X1_to_X3,race_blind,COMPAS tool,0.5,Hispanic vs Caucasian,fnr,0.5,race,False,0.3441682600382409,False,0.5641025641025641,0.5,39,164,0.0641025641025641,-0.1093214035406079,0.2375265317457361,0.7198522744518148,0.4716159553878633,1.0,False,,
X1_to_X3,race_blind,COMPAS tool,0.5,Hispanic vs Caucasian,equalized_odds,0.5,race,False,0.3441682600382409,False,,,103,420,,,,,0.4455342943936039,0.8910685887872078,False,1.6169621109497831,0.4455342943936039
X1_to_X3,race_blind,COMPAS tool,0.5,Other vs Caucasian,fpr,0.5,race,False,0.3353783231083844,False,0.0697674418604651,0.265625,43,256,-0.1958575581395348,-0.2892655604270707,-0.1024495558519989,-2.7927595293567333,0.0052260526215954,0.0156781578647862,True,,
X1_to_X3,race_blind,COMPAS tool,0.5,Other vs Caucasian,fnr,0.5,race,False,0.3353783231083844,False,0.5769230769230769,0.5,26,164,0.0769230769230768,-0.1278175771015649,0.2816637309477187,0.7289784749063989,0.466014829504519,1.0,False,,
X1_to_X3,race_blind,COMPAS tool,0.5,Other vs Caucasian,equalized_odds,0.5,race,False,0.3353783231083844,False,,,69,420,,,,,0.0061582640292763,0.0184747920878291,True,10.179920709165463,0.0061582640292763
X1_to_X3,race_blind,COMPAS tool,0.5,Female vs Male,fpr,0.5,sex,False,0.4663967611336032,False,0.3178807947019867,0.3147792706333973,151,521,0.0031015240685894,-0.081199169273228,0.0874022174104069,0.0722138137066458,0.9424317521274836,0.9424317521274836,False,,
X1_to_X3,race_blind,COMPAS tool,0.5,Female vs Male,fnr,0.5,sex,False,0.4663967611336032,False,0.3132530120481928,0.3604166666666666,83,480,-0.0471636546184738,-0.1557979527025797,0.061470643465632,-0.8299350049502094,0.40657553213119,1.0,False,,
X1_to_X3,race_blind,COMPAS tool,0.5,Female vs Male,equalized_odds,0.5,sex,False,0.4663967611336032,False,,,234,1001,,,,,0.7029961306909508,0.8910685887872078,False,0.7048077823648434,0.7029961306909508
X1_to_X3,race_blind,COMPAS tool,break_even,African-American vs Caucasian,fpr,0.2523364485981308,race,True,0.5037878787878788,False,0.4224422442244224,0.265625,303,256,0.1568172442244224,0.0792260320768059,0.234408456372039,3.871325340396728,0.0001082452044104,0.0004329808176416,True,,
X1_to_X3,race_blind,COMPAS tool,break_even,African-American vs Caucasian,fnr,0.2523364485981308,race,True,0.5037878787878788,False,0.2372372372372372,0.5,333,164,-0.2627627627627628,-0.3518883584094895,-0.173637167116036,-5.885772587297624,3.961987894976191e-09,1.5847951579904764e-08,True,,
X1_to_X3,race_blind,COMPAS tool,break_even,African-American vs Caucasian,equalized_odds,0.2523364485981308,race,True,0.5037878787878788,False,,,636,420,,,,,2.3292082388076535e-11,9.316832955230614e-11,True,48.96581524955299,2.3292082388076535e-11
X1_to_X3,race_blind,COMPAS tool,break_even,Hispanic vs Caucasian,fpr,0.2523364485981308,race,False,0.3441682600382409,False,0.203125,0.265625,64,256,-0.0625,-0.1749399422881932,0.0499399422881932,-1.028545518471772,0.3036932906962609,0.6073865813925219,False,,
X1_to_X3,race_blind,COMPAS tool,break_even,Hispanic vs Caucasian,fnr,0.2523364485981308,race,False,0.3441682600382409,False,0.5641025641025641,0.5,39,164,0.0641025641025641,-0.1093214035406079,0.2375265317457361,0.7198522744518148,0.4716159553878633,1.0,False,,
X1_to_X3,race_blind,COMPAS tool,break_even,Hispanic vs Caucasian,equalized_odds,0.2523364485981308,race,False,0.3441682600382409,False,,,103,420,,,,,0.4455342943936039,0.8910685887872078,False,1.6169621109497831,0.4455342943936039
X1_to_X3,race_blind,COMPAS tool,break_even,Other vs Caucasian,fpr,0.2523364485981308,race,False,0.3353783231083844,False,0.0697674418604651,0.265625,43,256,-0.1958575581395348,-0.2892655604270707,-0.1024495558519989,-2.7927595293567333,0.0052260526215954,0.0156781578647862,True,,
X1_to_X3,race_blind,COMPAS tool,break_even,Other vs Caucasian,fnr,0.2523364485981308,race,False,0.3353783231083844,False,0.5769230769230769,0.5,26,164,0.0769230769230768,-0.1278175771015649,0.2816637309477187,0.7289784749063989,0.466014829504519,1.0,False,,
X1_to_X3,race_blind,COMPAS tool,break_even,Other vs Caucasian,equalized_odds,0.2523364485981308,race,False,0.3353783231083844,False,,,69,420,,,,,0.0061582640292763,0.0184747920878291,True,10.179920709165463,0.0061582640292763
X1_to_X3,race_blind,COMPAS tool,break_even,Female vs Male,fpr,0.2523364485981308,sex,False,0.4663967611336032,False,0.3178807947019867,0.3147792706333973,151,521,0.0031015240685894,-0.081199169273228,0.0874022174104069,0.0722138137066458,0.9424317521274836,0.9424317521274836,False,,
X1_to_X3,race_blind,COMPAS tool,break_even,Female vs Male,fnr,0.2523364485981308,sex,False,0.4663967611336032,False,0.3132530120481928,0.3604166666666666,83,480,-0.0471636546184738,-0.1557979527025797,0.061470643465632,-0.8299350049502094,0.40657553213119,1.0,False,,
X1_to_X3,race_blind,COMPAS tool,break_even,Female vs Male,equalized_odds,0.2523364485981308,sex,False,0.4663967611336032,False,,,234,1001,,,,,0.7029961306909508,0.8910685887872078,False,0.7048077823648434,0.7029961306909508
X1_to_X3,race_priors_blind,TabPFN,0.5,African-American vs Caucasian,fpr,0.5,race,True,0.4668560606060606,False,0.4356435643564356,0.31640625,303,256,0.1192373143564356,0.0394711335588129,0.1990034951540583,2.89222140107277,0.0038252827596301,0.0114758482788905,True,,
X1_to_X3,race_priors_blind,TabPFN,0.5,African-American vs Caucasian,fnr,0.5,race,True,0.4668560606060606,False,0.3993993993993994,0.5121951219512195,333,164,-0.1127957225518201,-0.205637673691166,-0.0199537714124742,-2.3839985293480463,0.0171256708095896,0.0513770124287689,False,,
X1_to_X3,race_priors_blind,TabPFN,0.5,African-American vs Caucasian,equalized_odds,0.5,race,True,0.4668560606060606,False,,,636,420,,,,,0.0008745287767756,0.0026235863303268,True,14.083650714999417,0.0008745287767756
X1_to_X3,race_priors_blind,TabPFN,0.5,Hispanic vs Caucasian,fpr,0.5,race,False,0.395793499043977,False,0.375,0.31640625,64,256,0.05859375,-0.0729869284330047,0.1901744284330047,0.8929401954728154,0.3718892000800057,0.7437784001600114,False,,
X1_to_X3,race_priors_blind,TabPFN,0.5,Hispanic vs Caucasian,fnr,0.5,race,False,0.395793499043977,False,0.4358974358974359,0.5121951219512195,39,164,-0.0762976860537836,-0.2497116098961292,0.097116237788562,-0.8565502390974199,0.3916934964999241,0.4534513442142369,False,,
X1_to_X3,race_priors_blind,TabPFN,0.5,Hispanic vs Caucasian,equalized_odds,0.5,race,False,0.395793499043977,False,,,103,420,,,,,0.4677231569354252,0.9354463138708504,False,1.5197574062120882,0.4677231569354252
X1_to_X3,race_priors_blind,TabPFN,0.5,Other vs Caucasian,fpr,0.5,race,False,0.3905930470347648,False,0.3255813953488372,0.31640625,43,256,0.0091751453488372,-0.1420264468097429,0.1603767375074173,0.119571002691717,0.9048229913852956,0.9048229913852956,False,,
X1_to_X3,race_priors_blind,TabPFN,0.5,Other vs Caucasian,fnr,0.5,race,False,0.3905930470347648,False,0.3846153846153846,0.5121951219512195,26,164,-0.1275797373358349,-0.3296253710688877,0.0744658963972179,-1.2088364835464729,0.2267256721071184,0.4534513442142369,False,,
X1_to_X3,race_priors_blind,TabPFN,0.5,Other vs Caucasian,equalized_odds,0.5,race,False,0.3905930470347648,False,,,69,420,,,,,0.4752240546049742,0.9354463138708504,False,1.4879377845097723,0.4752240546049742
X1_to_X3,race_priors_blind,TabPFN,0.5,Female vs Male,fpr,0.5,sex,False,0.4631578947368421,False,0.0,0.4856046065259117,151,521,-0.4856046065259117,-0.5285205993175568,-0.4426886137342666,-10.844449173840188,2.1190846390285827e-27,8.476338556114331e-27,True,,
X1_to_X3,race_priors_blind,TabPFN,0.5,Female vs Male,fnr,0.5,sex,False,0.4631578947368421,False,1.0,0.3354166666666666,83,480,0.6645833333333333,0.6223461922317693,0.7068204744348973,11.281661200368086,1.6166398559356697e-29,6.466559423742679e-29,True,,
X1_to_X3,race_priors_blind,TabPFN,0.5,Female vs Male,equalized_odds,0.5,sex,False,0.4631578947368421,False,,,234,1001,,,,,1.3538557522907645e-71,5.415423009163057e-71,True,326.36116993651916,1.3538557522907645e-71
X1_to_X3,race_priors_blind,TabPFN,break_even,African-American vs Caucasian,fpr,0.2523364485981308,race,True,0.9791666666666666,False,0.99009900990099,0.94921875,303,256,0.04088025990099,0.0117667726689871,0.069993747132993,2.888024963991427,0.0038766910354503,0.011630073106351,True,,
X1_to_X3,race_priors_blind,TabPFN,break_even,African-American vs Caucasian,fnr,0.2523364485981308,race,True,0.9791666666666666,False,0.003003003003003,0.0304878048780487,333,164,-0.0274848018750457,-0.0544458483158851,-0.0005237554342064,-2.638143861905464,0.0083361209331881,0.0250083627995645,True,,
X1_to_X3,race_priors_blind,TabPFN,break_even,African-American vs Caucasian,equalized_odds,0.2523364485981308,race,True,0.9791666666666666,False,,,636,420,,,,,0.0004661493528079,0.0013984480584237,True,15.342008951199652,0.0004661493528079
X1_to_X3,race_priors_blind,TabPFN,break_even,Hispanic vs Caucasian,fpr,0.2523364485981308,race,False,0.9617590822179732,False,0.96875,0.94921875,64,256,0.01953125,-0.03087121727686,0.06993371727686,0.6611796049072862,0.5084971390779454,0.5084971390779454,False,,
X1_to_X3,race_priors_blind,TabPFN,break_even,Hispanic vs Caucasian,fnr,0.2523364485981308,race,False,0.9617590822179732,False,0.0,0.0304878048780487,39,164,-0.0304878048780487,-0.0568005332970459,-0.0041750764590516,-1.1041060903212176,0.2695471196769027,0.5390942393538054,False,,
X1_to_X3,race_priors_blind,TabPFN,break_even,Hispanic vs Caucasian,equalized_odds,0.2523364485981308,race,False,0.9617590822179732,False,,,103,420,,,,,0.2667495913104744,0.2667495913104744,False,2.6428898418167712,0.2667495913104744
X1_to_X3,race_priors_blind,TabPFN,break_even,Other vs Caucasian,fpr,0.2523364485981308,race,False,0.9631901840490796,False,1.0,0.94921875,43,256,0.05078125,0.0238867821182933,0.0776757178817066,1.5109096635350632,0.1308114684369097,0.2616229368738194,False,,
X1_to_X3,race_priors_blind,TabPFN,break_even,Other vs Caucasian,fnr,0.2523364485981308,race,False,0.9631901840490796,False,0.0,0.0304878048780487,26,164,-0.0304878048780487,-0.0568005332970459,-0.0041750764590516,-0.9022786652229708,0.3669088559197858,0.5390942393538054,False,,
X1_to_X3,race_priors_blind,TabPFN,break_even,Other vs Caucasian,equalized_odds,0.2523364485981308,race,False,0.9631901840490796,False,,,69,420,,,,,0.0599709167461171,0.1199418334922343,False,5.627791110346468,0.0599709167461171
X1_to_X3,race_priors_blind,TabPFN,break_even,Female vs Male,fpr,0.2523364485981308,sex,False,0.9805668016194332,False,0.8807947019867549,1.0,151,521,-0.119205298013245,-0.1708879443648707,-0.0675226516616194,-7.988447823001373,1.366482784082547e-15,5.465931136330188e-15,True,,
X1_to_X3,race_priors_blind,TabPFN,break_even,Female vs Male,fnr,0.2523364485981308,sex,False,0.9805668016194332,False,0.072289156626506,0.0,83,480,0.072289156626506,0.0165767473044109,0.128001565948601,5.92220992140824,3.176437841609279e-09,1.2705751366437117e-08,True,,
X1_to_X3,race_priors_blind,TabPFN,break_even,Female vs Male,equalized_odds,0.2523364485981308,sex,False,0.9805668016194332,False,,,234,1001,,,,,7.546749661387635e-18,3.018699864555054e-17,True,78.85082942350544,7.546749661387635e-18
X1_to_X3,race_priors_blind,COMPAS tool,0.5,African-American vs Caucasian,fpr,0.5,race,True,0.5037878787878788,False,0.4224422442244224,0.265625,303,256,0.1568172442244224,0.0792260320768059,0.234408456372039,3.871325340396728,0.0001082452044104,0.0004329808176416,True,,
X1_to_X3,race_priors_blind,COMPAS tool,0.5,African-American vs Caucasian,fnr,0.5,race,True,0.5037878787878788,False,0.2372372372372372,0.5,333,164,-0.2627627627627628,-0.3518883584094895,-0.173637167116036,-5.885772587297624,3.961987894976191e-09,1.5847951579904764e-08,True,,
X1_to_X3,race_priors_blind,COMPAS tool,0.5,African-American vs Caucasian,equalized_odds,0.5,race,True,0.5037878787878788,False,,,636,420,,,,,2.3292082388076535e-11,9.316832955230614e-11,True,48.96581524955299,2.3292082388076535e-11
X1_to_X3,race_priors_blind,COMPAS tool,0.5,Hispanic vs Caucasian,fpr,0.5,race,False,0.3441682600382409,False,0.203125,0.265625,64,256,-0.0625,-0.1749399422881932,0.0499399422881932,-1.028545518471772,0.3036932906962609,0.6073865813925219,False,,
X1_to_X3,race_priors_blind,COMPAS tool,0.5,Hispanic vs Caucasian,fnr,0.5,race,False,0.3441682600382409,False,0.5641025641025641,0.5,39,164,0.0641025641025641,-0.1093214035406079,0.2375265317457361,0.7198522744518148,0.4716159553878633,1.0,False,,
X1_to_X3,race_priors_blind,COMPAS tool,0.5,Hispanic vs Caucasian,equalized_odds,0.5,race,False,0.3441682600382409,False,,,103,420,,,,,0.4455342943936039,0.8910685887872078,False,1.6169621109497831,0.4455342943936039
X1_to_X3,race_priors_blind,COMPAS tool,0.5,Other vs Caucasian,fpr,0.5,race,False,0.3353783231083844,False,0.0697674418604651,0.265625,43,256,-0.1958575581395348,-0.2892655604270707,-0.1024495558519989,-2.7927595293567333,0.0052260526215954,0.0156781578647862,True,,
X1_to_X3,race_priors_blind,COMPAS tool,0.5,Other vs Caucasian,fnr,0.5,race,False,0.3353783231083844,False,0.5769230769230769,0.5,26,164,0.0769230769230768,-0.1278175771015649,0.2816637309477187,0.7289784749063989,0.466014829504519,1.0,False,,
X1_to_X3,race_priors_blind,COMPAS tool,0.5,Other vs Caucasian,equalized_odds,0.5,race,False,0.3353783231083844,False,,,69,420,,,,,0.0061582640292763,0.0184747920878291,True,10.179920709165463,0.0061582640292763
X1_to_X3,race_priors_blind,COMPAS tool,0.5,Female vs Male,fpr,0.5,sex,False,0.4663967611336032,False,0.3178807947019867,0.3147792706333973,151,521,0.0031015240685894,-0.081199169273228,0.0874022174104069,0.0722138137066458,0.9424317521274836,0.9424317521274836,False,,
X1_to_X3,race_priors_blind,COMPAS tool,0.5,Female vs Male,fnr,0.5,sex,False,0.4663967611336032,False,0.3132530120481928,0.3604166666666666,83,480,-0.0471636546184738,-0.1557979527025797,0.061470643465632,-0.8299350049502094,0.40657553213119,1.0,False,,
X1_to_X3,race_priors_blind,COMPAS tool,0.5,Female vs Male,equalized_odds,0.5,sex,False,0.4663967611336032,False,,,234,1001,,,,,0.7029961306909508,0.8910685887872078,False,0.7048077823648434,0.7029961306909508
X1_to_X3,race_priors_blind,COMPAS tool,break_even,African-American vs Caucasian,fpr,0.2523364485981308,race,True,0.5037878787878788,False,0.4224422442244224,0.265625,303,256,0.1568172442244224,0.0792260320768059,0.234408456372039,3.871325340396728,0.0001082452044104,0.0004329808176416,True,,
X1_to_X3,race_priors_blind,COMPAS tool,break_even,African-American vs Caucasian,fnr,0.2523364485981308,race,True,0.5037878787878788,False,0.2372372372372372,0.5,333,164,-0.2627627627627628,-0.3518883584094895,-0.173637167116036,-5.885772587297624,3.961987894976191e-09,1.5847951579904764e-08,True,,
X1_to_X3,race_priors_blind,COMPAS tool,break_even,African-American vs Caucasian,equalized_odds,0.2523364485981308,race,True,0.5037878787878788,False,,,636,420,,,,,2.3292082388076535e-11,9.316832955230614e-11,True,48.96581524955299,2.3292082388076535e-11
X1_to_X3,race_priors_blind,COMPAS tool,break_even,Hispanic vs Caucasian,fpr,0.2523364485981308,race,False,0.3441682600382409,False,0.203125,0.265625,64,256,-0.0625,-0.1749399422881932,0.0499399422881932,-1.028545518471772,0.3036932906962609,0.6073865813925219,False,,
X1_to_X3,race_priors_blind,COMPAS tool,break_even,Hispanic vs Caucasian,fnr,0.2523364485981308,race,False,0.3441682600382409,False,0.5641025641025641,0.5,39,164,0.0641025641025641,-0.1093214035406079,0.2375265317457361,0.7198522744518148,0.4716159553878633,1.0,False,,
X1_to_X3,race_priors_blind,COMPAS tool,break_even,Hispanic vs Caucasian,equalized_odds,0.2523364485981308,race,False,0.3441682600382409,False,,,103,420,,,,,0.4455342943936039,0.8910685887872078,False,1.6169621109497831,0.4455342943936039
X1_to_X3,race_priors_blind,COMPAS tool,break_even,Other vs Caucasian,fpr,0.2523364485981308,race,False,0.3353783231083844,False,0.0697674418604651,0.265625,43,256,-0.1958575581395348,-0.2892655604270707,-0.1024495558519989,-2.7927595293567333,0.0052260526215954,0.0156781578647862,True,,
X1_to_X3,race_priors_blind,COMPAS tool,break_even,Other vs Caucasian,fnr,0.2523364485981308,race,False,0.3353783231083844,False,0.5769230769230769,0.5,26,164,0.0769230769230768,-0.1278175771015649,0.2816637309477187,0.7289784749063989,0.466014829504519,1.0,False,,
X1_to_X3,race_priors_blind,COMPAS tool,break_even,Other vs Caucasian,equalized_odds,0.2523364485981308,race,False,0.3353783231083844,False,,,69,420,,,,,0.0061582640292763,0.0184747920878291,True,10.179920709165463,0.0061582640292763
X1_to_X3,race_priors_blind,COMPAS tool,break_even,Female vs Male,fpr,0.2523364485981308,sex,False,0.4663967611336032,False,0.3178807947019867,0.3147792706333973,151,521,0.0031015240685894,-0.081199169273228,0.0874022174104069,0.0722138137066458,0.9424317521274836,0.9424317521274836,False,,
X1_to_X3,race_priors_blind,COMPAS tool,break_even,Female vs Male,fnr,0.2523364485981308,sex,False,0.4663967611336032,False,0.3132530120481928,0.3604166666666666,83,480,-0.0471636546184738,-0.1557979527025797,0.061470643465632,-0.8299350049502094,0.40657553213119,1.0,False,,
X1_to_X3,race_priors_blind,COMPAS tool,break_even,Female vs Male,equalized_odds,0.2523364485981308,sex,False,0.4663967611336032,False,,,234,1001,,,,,0.7029961306909508,0.8910685887872078,False,0.7048077823648434,0.7029961306909508
X1_to_X3,race_proxy_blind,TabPFN,0.5,African-American vs Caucasian,fpr,0.5,race,True,0.178030303030303,False,0.1551155115511551,0.1015625,303,256,0.0535530115511551,-0.001499285816231,0.1086053089185412,1.8721969549425508,0.061179360220908,0.1835380806627241,False,,
X1_to_X3,race_proxy_blind,TabPFN,0.5,African-American vs Caucasian,fnr,0.5,race,True,0.178030303030303,False,0.7417417417417418,0.823170731707317,333,164,-0.0814289899655752,-0.1563914801193101,-0.0064664998118404,-2.024047412242339,0.0429652736598039,0.1288958209794117,False,,
X1_to_X3,race_proxy_blind,TabPFN,0.5,African-American vs Caucasian,equalized_odds,0.5,race,True,0.178030303030303,False,,,636,420,,,,,0.0202506881407911,0.0607520644223733,False,7.799133007491365,0.0202506881407911
X1_to_X3,race_proxy_blind,TabPFN,0.5,Hispanic vs Caucasian,fpr,0.5,race,False,0.141491395793499,False,0.140625,0.1015625,64,256,0.0390625,-0.0537974190832726,0.1319224190832726,0.8955473256792901,0.3704945790467679,0.7409891580935359,False,,
X1_to_X3,race_proxy_blind,TabPFN,0.5,Hispanic vs Caucasian,fnr,0.5,race,False,0.141491395793499,False,0.7435897435897436,0.823170731707317,39,164,-0.0795809881175734,-0.2285432354557151,0.0693812592205683,-1.1338545475338448,0.2568555656143025,0.2568555656143025,False,,
X1_to_X3,race_proxy_blind,TabPFN,0.5,Hispanic vs Caucasian,equalized_odds,0.5,race,False,0.141491395793499,False,,,103,420,,,,,0.3726202003884133,0.6316284137760456,False,1.9743912152156935,0.3726202003884133
X1_to_X3,race_proxy_blind,TabPFN,0.5,Other vs Caucasian,fpr,0.5,race,False,0.1390593047034765,False,0.1162790697674418,0.1015625,43,256,0.0147165697674418,-0.0879930696533606,0.1174262091882443,0.292919412441861,0.7695837503588311,0.7695837503588311,False,,
X1_to_X3,race_proxy_blind,TabPFN,0.5,Other vs Caucasian,fnr,0.5,race,False,0.1390593047034765,False,0.6923076923076923,0.823170731707317,26,164,-0.1308630393996247,-0.3176318275392602,0.0559057487400107,-1.565509920191733,0.1174633931797659,0.2349267863595319,False,,
X1_to_X3,race_proxy_blind,TabPFN,0.5,Other vs Caucasian,equalized_odds,0.5,race,False,0.1390593047034765,False,,,69,420,,,,,0.3158142068880228,0.6316284137760456,False,2.305202382386613,0.3158142068880228
X1_to_X3,race_proxy_blind,TabPFN,0.5,Female vs Male,fpr,0.5,sex,False,0.1789473684210526,False,0.0,0.1689059500959693,151,521,-0.1689059500959693,-0.2010778560377112,-0.1367340441542273,-5.417378265748963,6.047930013577038e-08,2.419172005430815e-07,True,,
X1_to_X3,race_proxy_blind,TabPFN,0.5,Female vs Male,fnr,0.5,sex,False,0.1789473684210526,False,1.0,0.7229166666666667,83,480,0.2770833333333333,0.2370449260686118,0.3171217405980548,5.4873696590619625,4.0796282955155466e-08,1.6318513182062186e-07,True,,
X1_to_X3,race_proxy_blind,TabPFN,0.5,Female vs Male,equalized_odds,0.5,sex,False,0.1789473684210526,False,,,234,1001,,,,,6.650001224601549e-22,2.66000048984062e-21,True,97.5245100141013,6.650001224601549e-22
X1_to_X3,race_proxy_blind,TabPFN,break_even,African-American vs Caucasian,fpr,0.2523364485981308,race,True,1.0,True,1.0,1.0,303,256,0.0,,,,1.0,1.0,False,,
X1_to_X3,race_proxy_blind,TabPFN,break_even,African-American vs Caucasian,fnr,0.2523364485981308,race,True,1.0,True,0.0,0.0,333,164,0.0,,,,1.0,1.0,False,,
X1_to_X3,race_proxy_blind,TabPFN,break_even,African-American vs Caucasian,equalized_odds,0.2523364485981308,race,True,1.0,True,,,636,420,,,,,1.0,1.0,False,0.0,1.0
X1_to_X3,race_proxy_blind,TabPFN,break_even,Hispanic vs Caucasian,fpr,0.2523364485981308,race,False,1.0,True,1.0,1.0,64,256,0.0,,,,1.0,1.0,False,,
X1_to_X3,race_proxy_blind,TabPFN,break_even,Hispanic vs Caucasian,fnr,0.2523364485981308,race,False,1.0,True,0.0,0.0,39,164,0.0,,,,1.0,1.0,False,,
X1_to_X3,race_proxy_blind,TabPFN,break_even,Hispanic vs Caucasian,equalized_odds,0.2523364485981308,race,False,1.0,True,,,103,420,,,,,1.0,1.0,False,0.0,1.0
X1_to_X3,race_proxy_blind,TabPFN,break_even,Other vs Caucasian,fpr,0.2523364485981308,race,False,1.0,True,1.0,1.0,43,256,0.0,,,,1.0,1.0,False,,
X1_to_X3,race_proxy_blind,TabPFN,break_even,Other vs Caucasian,fnr,0.2523364485981308,race,False,1.0,True,0.0,0.0,26,164,0.0,,,,1.0,1.0,False,,
X1_to_X3,race_proxy_blind,TabPFN,break_even,Other vs Caucasian,equalized_odds,0.2523364485981308,race,False,1.0,True,,,69,420,,,,,1.0,1.0,False,0.0,1.0
X1_to_X3,race_proxy_blind,TabPFN,break_even,Female vs Male,fpr,0.2523364485981308,sex,False,1.0,True,1.0,1.0,151,521,0.0,,,,1.0,1.0,False,,
X1_to_X3,race_proxy_blind,TabPFN,break_even,Female vs Male,fnr,0.2523364485981308,sex,False,1.0,True,0.0,0.0,83,480,0.0,,,,1.0,1.0,False,,
X1_to_X3,race_proxy_blind,TabPFN,break_even,Female vs Male,equalized_odds,0.2523364485981308,sex,False,1.0,True,,,234,1001,,,,,1.0,1.0,False,0.0,1.0
X1_to_X3,race_proxy_blind,COMPAS tool,0.5,African-American vs Caucasian,fpr,0.5,race,True,0.5037878787878788,False,0.4224422442244224,0.265625,303,256,0.1568172442244224,0.0792260320768059,0.234408456372039,3.871325340396728,0.0001082452044104,0.0004329808176416,True,,
X1_to_X3,race_proxy_blind,COMPAS tool,0.5,African-American vs Caucasian,fnr,0.5,race,True,0.5037878787878788,False,0.2372372372372372,0.5,333,164,-0.2627627627627628,-0.3518883584094895,-0.173637167116036,-5.885772587297624,3.961987894976191e-09,1.5847951579904764e-08,True,,
X1_to_X3,race_proxy_blind,COMPAS tool,0.5,African-American vs Caucasian,equalized_odds,0.5,race,True,0.5037878787878788,False,,,636,420,,,,,2.3292082388076535e-11,9.316832955230614e-11,True,48.96581524955299,2.3292082388076535e-11
X1_to_X3,race_proxy_blind,COMPAS tool,0.5,Hispanic vs Caucasian,fpr,0.5,race,False,0.3441682600382409,False,0.203125,0.265625,64,256,-0.0625,-0.1749399422881932,0.0499399422881932,-1.028545518471772,0.3036932906962609,0.6073865813925219,False,,
X1_to_X3,race_proxy_blind,COMPAS tool,0.5,Hispanic vs Caucasian,fnr,0.5,race,False,0.3441682600382409,False,0.5641025641025641,0.5,39,164,0.0641025641025641,-0.1093214035406079,0.2375265317457361,0.7198522744518148,0.4716159553878633,1.0,False,,
X1_to_X3,race_proxy_blind,COMPAS tool,0.5,Hispanic vs Caucasian,equalized_odds,0.5,race,False,0.3441682600382409,False,,,103,420,,,,,0.4455342943936039,0.8910685887872078,False,1.6169621109497831,0.4455342943936039
X1_to_X3,race_proxy_blind,COMPAS tool,0.5,Other vs Caucasian,fpr,0.5,race,False,0.3353783231083844,False,0.0697674418604651,0.265625,43,256,-0.1958575581395348,-0.2892655604270707,-0.1024495558519989,-2.7927595293567333,0.0052260526215954,0.0156781578647862,True,,
X1_to_X3,race_proxy_blind,COMPAS tool,0.5,Other vs Caucasian,fnr,0.5,race,False,0.3353783231083844,False,0.5769230769230769,0.5,26,164,0.0769230769230768,-0.1278175771015649,0.2816637309477187,0.7289784749063989,0.466014829504519,1.0,False,,
X1_to_X3,race_proxy_blind,COMPAS tool,0.5,Other vs Caucasian,equalized_odds,0.5,race,False,0.3353783231083844,False,,,69,420,,,,,0.0061582640292763,0.0184747920878291,True,10.179920709165463,0.0061582640292763
X1_to_X3,race_proxy_blind,COMPAS tool,0.5,Female vs Male,fpr,0.5,sex,False,0.4663967611336032,False,0.3178807947019867,0.3147792706333973,151,521,0.0031015240685894,-0.081199169273228,0.0874022174104069,0.0722138137066458,0.9424317521274836,0.9424317521274836,False,,
X1_to_X3,race_proxy_blind,COMPAS tool,0.5,Female vs Male,fnr,0.5,sex,False,0.4663967611336032,False,0.3132530120481928,0.3604166666666666,83,480,-0.0471636546184738,-0.1557979527025797,0.061470643465632,-0.8299350049502094,0.40657553213119,1.0,False,,
X1_to_X3,race_proxy_blind,COMPAS tool,0.5,Female vs Male,equalized_odds,0.5,sex,False,0.4663967611336032,False,,,234,1001,,,,,0.7029961306909508,0.8910685887872078,False,0.7048077823648434,0.7029961306909508
X1_to_X3,race_proxy_blind,COMPAS tool,break_even,African-American vs Caucasian,fpr,0.2523364485981308,race,True,0.5037878787878788,False,0.4224422442244224,0.265625,303,256,0.1568172442244224,0.0792260320768059,0.234408456372039,3.871325340396728,0.0001082452044104,0.0004329808176416,True,,
X1_to_X3,race_proxy_blind,COMPAS tool,break_even,African-American vs Caucasian,fnr,0.2523364485981308,race,True,0.5037878787878788,False,0.2372372372372372,0.5,333,164,-0.2627627627627628,-0.3518883584094895,-0.173637167116036,-5.885772587297624,3.961987894976191e-09,1.5847951579904764e-08,True,,
X1_to_X3,race_proxy_blind,COMPAS tool,break_even,African-American vs Caucasian,equalized_odds,0.2523364485981308,race,True,0.5037878787878788,False,,,636,420,,,,,2.3292082388076535e-11,9.316832955230614e-11,True,48.96581524955299,2.3292082388076535e-11
X1_to_X3,race_proxy_blind,COMPAS tool,break_even,Hispanic vs Caucasian,fpr,0.2523364485981308,race,False,0.3441682600382409,False,0.203125,0.265625,64,256,-0.0625,-0.1749399422881932,0.0499399422881932,-1.028545518471772,0.3036932906962609,0.6073865813925219,False,,
X1_to_X3,race_proxy_blind,COMPAS tool,break_even,Hispanic vs Caucasian,fnr,0.2523364485981308,race,False,0.3441682600382409,False,0.5641025641025641,0.5,39,164,0.0641025641025641,-0.1093214035406079,0.2375265317457361,0.7198522744518148,0.4716159553878633,1.0,False,,
X1_to_X3,race_proxy_blind,COMPAS tool,break_even,Hispanic vs Caucasian,equalized_odds,0.2523364485981308,race,False,0.3441682600382409,False,,,103,420,,,,,0.4455342943936039,0.8910685887872078,False,1.6169621109497831,0.4455342943936039
X1_to_X3,race_proxy_blind,COMPAS tool,break_even,Other vs Caucasian,fpr,0.2523364485981308,race,False,0.3353783231083844,False,0.0697674418604651,0.265625,43,256,-0.1958575581395348,-0.2892655604270707,-0.1024495558519989,-2.7927595293567333,0.0052260526215954,0.0156781578647862,True,,
X1_to_X3,race_proxy_blind,COMPAS tool,break_even,Other vs Caucasian,fnr,0.2523364485981308,race,False,0.3353783231083844,False,0.5769230769230769,0.5,26,164,0.0769230769230768,-0.1278175771015649,0.2816637309477187,0.7289784749063989,0.466014829504519,1.0,False,,
X1_to_X3,race_proxy_blind,COMPAS tool,break_even,Other vs Caucasian,equalized_odds,0.2523364485981308,race,False,0.3353783231083844,False,,,69,420,,,,,0.0061582640292763,0.0184747920878291,True,10.179920709165463,0.0061582640292763
X1_to_X3,race_proxy_blind,COMPAS tool,break_even,Female vs Male,fpr,0.2523364485981308,sex,False,0.4663967611336032,False,0.3178807947019867,0.3147792706333973,151,521,0.0031015240685894,-0.081199169273228,0.0874022174104069,0.0722138137066458,0.9424317521274836,0.9424317521274836,False,,
X1_to_X3,race_proxy_blind,COMPAS tool,break_even,Female vs Male,fnr,0.2523364485981308,sex,False,0.4663967611336032,False,0.3132530120481928,0.3604166666666666,83,480,-0.0471636546184738,-0.1557979527025797,0.061470643465632,-0.8299350049502094,0.40657553213119,1.0,False,,
X1_to_X3,race_proxy_blind,COMPAS tool,break_even,Female vs Male,equalized_odds,0.2523364485981308,sex,False,0.4663967611336032,False,,,234,1001,,,,,0.7029961306909508,0.8910685887872078,False,0.7048077823648434,0.7029961306909508
X1_to_X3,sex_blind,TabPFN,0.5,African-American vs Caucasian,fpr,0.5,race,True,0.4289772727272727,False,0.3465346534653465,0.234375,303,256,0.1121596534653465,0.0375700820939003,0.1867492248367926,2.8966350179097065,0.0037718829552654,0.0150875318210617,True,,
X1_to_X3,sex_blind,TabPFN,0.5,African-American vs Caucasian,fnr,0.5,race,True,0.4289772727272727,False,0.3243243243243243,0.6158536585365854,333,164,-0.291529334212261,-0.3813594378302782,-0.2016992305942438,-6.190633720658115,5.992280740849121e-10,2.396912296339649e-09,True,,
X1_to_X3,sex_blind,TabPFN,0.5,African-American vs Caucasian,equalized_odds,0.5,race,True,0.4289772727272727,False,,,636,420,,,,,7.029435213651673e-11,2.8117740854606686e-10,True,46.75665931958285,7.029435213651673e-11
X1_to_X3,sex_blind,TabPFN,0.5,Hispanic vs Caucasian,fpr,0.5,race,False,0.2906309751434034,False,0.140625,0.234375,64,256,-0.09375,-0.1934816608167067,0.0059816608167067,-1.6311534878796656,0.1028579368019527,0.247033798361491,False,,
X1_to_X3,sex_blind,TabPFN,0.5,Hispanic vs Caucasian,fnr,0.5,race,False,0.2906309751434034,False,0.4871794871794871,0.6158536585365854,39,164,-0.1286741713570982,-0.3023118293979368,0.0449634866837404,-1.4691426185296734,0.1417941102228184,0.2729479888056055,False,,
X1_to_X3,sex_blind,TabPFN,0.5,Hispanic vs Caucasian,equalized_odds,0.5,race,False,0.2906309751434034,False,,,103,420,,,,,0.0820099940552754,0.1227975178689819,False,5.001828320843241,0.0820099940552754
X1_to_X3,sex_blind,TabPFN,0.5,Other vs Caucasian,fpr,0.5,race,False,0.2903885480572597,False,0.1162790697674418,0.234375,43,256,-0.1180959302325581,-0.2270578943625148,-0.0091339661026014,-1.737241234239837,0.0823445994538303,0.247033798361491,False,,
X1_to_X3,sex_blind,TabPFN,0.5,Other vs Caucasian,fnr,0.5,race,False,0.2903885480572597,False,0.4615384615384615,0.6158536585365854,26,164,-0.1543151969981238,-0.3598876450356651,0.0512572510394176,-1.4890507913975322,0.1364739944028027,0.2729479888056055,False,,
X1_to_X3,sex_blind,TabPFN,0.5,Other vs Caucasian,equalized_odds,0.5,race,False,0.2903885480572597,False,,,69,420,,,,,0.0613987589344909,0.1227975178689819,False,5.5807313136532555,0.0613987589344909
X1_to_X3,sex_blind,TabPFN,0.5,Female vs Male,fpr,0.5,sex,False,0.4056680161943319,False,0.2649006622516556,0.2667946257197697,151,521,-0.001893963468114,-0.0818704022643235,0.0780824753280954,-0.0463568155246937,0.9630258557035668,0.9630258557035668,False,,
X1_to_X3,sex_blind,TabPFN,0.5,Female vs Male,fnr,0.5,sex,False,0.4056680161943319,False,0.6144578313253012,0.3958333333333333,83,480,0.2186244979919678,0.1051421192458407,0.3321068767380949,3.7168602331483873,0.0002017139579053,0.0006051418737159,True,,
X1_to_X3,sex_blind,TabPFN,0.5,Female vs Male,equalized_odds,0.5,sex,False,0.4056680161943319,False,,,234,1001,,,,,0.0010685586518067,0.0032056759554201,True,13.68288918597582,0.0010685586518067
X1_to_X3,sex_blind,TabPFN,break_even,African-American vs Caucasian,fpr,0.2523364485981308,race,True,0.7329545454545454,False,0.7095709570957096,0.5234375,303,256,0.1861334570957096,0.1064096773853429,0.2658572368060763,4.527404348729849,5.971261487882492e-06,2.3885045951529968e-05,True,,
X1_to_X3,sex_blind,TabPFN,break_even,African-American vs Caucasian,fnr,0.2523364485981308,race,True,0.7329545454545454,False,0.1081081081081081,0.2195121951219512,333,164,-0.1114040870138431,-0.1829958093978976,-0.0398123646297885,-3.317895059247783,0.0009069855342516,0.0036279421370067,True,,
X1_to_X3,sex_blind,TabPFN,break_even,African-American vs Caucasian,equalized_odds,0.2523364485981308,race,True,0.7329545454545454,False,,,636,420,,,,,1.8445716527075065e-07,7.378286610830026e-07,True,31.011697133949703,1.8445716527075065e-07
X1_to_X3,sex_blind,TabPFN,break_even,Hispanic vs Caucasian,fpr,0.2523364485981308,race,False,0.6290630975143403,False,0.546875,0.5234375,64,256,0.0234375,-0.1130066066862301,0.1598816066862301,0.3359420885754641,0.7369145375071947,1.0,False,,
X1_to_X3,sex_blind,TabPFN,break_even,Hispanic vs Caucasian,fnr,0.2523364485981308,race,False,0.6290630975143403,False,0.1794871794871795,0.2195121951219512,39,164,-0.0400250156347717,-0.1761101501556469,0.0960601188861034,-0.5498440598843364,0.5824263355719375,0.8908721591785524,False,,
X1_to_X3,sex_blind,TabPFN,break_even,Hispanic vs Caucasian,equalized_odds,0.2523364485981308,race,False,0.6290630975143403,False,,,103,420,,,,,0.8086616401966723,1.0,False,0.4247493878315365,0.8086616401966723
X1_to_X3,sex_blind,TabPFN,break_even,Other vs Caucasian,fpr,0.2523364485981308,race,False,0.621676891615542,False,0.4651162790697674,0.5234375,43,256,-0.0583212209302325,-0.2194687735135287,0.1028263316530636,-0.7080632436289195,0.4789059840323336,1.0,False,,
X1_to_X3,sex_blind,TabPFN,break_even,Other vs Caucasian,fnr,0.2523364485981308,race,False,0.621676891615542,False,0.1538461538461538,0.2195121951219512,26,164,-0.0656660412757973,-0.2181343825164801,0.0868022999648854,-0.7630458042031749,0.4454360795892762,0.8908721591785524,False,,
X1_to_X3,sex_blind,TabPFN,break_even,Other vs Caucasian,equalized_odds,0.2523364485981308,race,False,0.621676891615542,False,,,69,420,,,,,0.5707627743485404,1.0,False,1.1215632242689957,0.5707627743485404
X1_to_X3,sex_blind,TabPFN,break_even,Female vs Male,fpr,0.2523364485981308,sex,False,0.7182186234817813,False,0.5960264900662252,0.6084452975047985,151,521,-0.0124188074385732,-0.1011996826126264,0.0763620677354799,-0.274948733400132,0.7833556255769689,1.0,False,,
X1_to_X3,sex_blind,TabPFN,break_even,Female vs Male,fnr,0.2523364485981308,sex,False,0.7182186234817813,False,0.2289156626506024,0.1333333333333333,83,480,0.095582329317269,0.0002183125523029,0.1909463460822351,2.2679412877218565,0.0233327854211925,0.0699983562635776,False,,
X1_to_X3,sex_blind,TabPFN,break_even,Female vs Male,equalized_odds,0.2523364485981308,sex,False,0.7182186234817813,False,,,234,1001,,,,,0.0945716046196816,0.2837148138590448,False,4.716796021129512,0.0945716046196816
X1_to_X3,sex_blind,COMPAS tool,0.5,African-American vs Caucasian,fpr,0.5,race,True,0.5037878787878788,False,0.4224422442244224,0.265625,303,256,0.1568172442244224,0.0792260320768059,0.234408456372039,3.871325340396728,0.0001082452044104,0.0004329808176416,True,,
X1_to_X3,sex_blind,COMPAS tool,0.5,African-American vs Caucasian,fnr,0.5,race,True,0.5037878787878788,False,0.2372372372372372,0.5,333,164,-0.2627627627627628,-0.3518883584094895,-0.173637167116036,-5.885772587297624,3.961987894976191e-09,1.5847951579904764e-08,True,,
X1_to_X3,sex_blind,COMPAS tool,0.5,African-American vs Caucasian,equalized_odds,0.5,race,True,0.5037878787878788,False,,,636,420,,,,,2.3292082388076535e-11,9.316832955230614e-11,True,48.96581524955299,2.3292082388076535e-11
X1_to_X3,sex_blind,COMPAS tool,0.5,Hispanic vs Caucasian,fpr,0.5,race,False,0.3441682600382409,False,0.203125,0.265625,64,256,-0.0625,-0.1749399422881932,0.0499399422881932,-1.028545518471772,0.3036932906962609,0.6073865813925219,False,,
X1_to_X3,sex_blind,COMPAS tool,0.5,Hispanic vs Caucasian,fnr,0.5,race,False,0.3441682600382409,False,0.5641025641025641,0.5,39,164,0.0641025641025641,-0.1093214035406079,0.2375265317457361,0.7198522744518148,0.4716159553878633,1.0,False,,
X1_to_X3,sex_blind,COMPAS tool,0.5,Hispanic vs Caucasian,equalized_odds,0.5,race,False,0.3441682600382409,False,,,103,420,,,,,0.4455342943936039,0.8910685887872078,False,1.6169621109497831,0.4455342943936039
X1_to_X3,sex_blind,COMPAS tool,0.5,Other vs Caucasian,fpr,0.5,race,False,0.3353783231083844,False,0.0697674418604651,0.265625,43,256,-0.1958575581395348,-0.2892655604270707,-0.1024495558519989,-2.7927595293567333,0.0052260526215954,0.0156781578647862,True,,
X1_to_X3,sex_blind,COMPAS tool,0.5,Other vs Caucasian,fnr,0.5,race,False,0.3353783231083844,False,0.5769230769230769,0.5,26,164,0.0769230769230768,-0.1278175771015649,0.2816637309477187,0.7289784749063989,0.466014829504519,1.0,False,,
X1_to_X3,sex_blind,COMPAS tool,0.5,Other vs Caucasian,equalized_odds,0.5,race,False,0.3353783231083844,False,,,69,420,,,,,0.0061582640292763,0.0184747920878291,True,10.179920709165463,0.0061582640292763
X1_to_X3,sex_blind,COMPAS tool,0.5,Female vs Male,fpr,0.5,sex,False,0.4663967611336032,False,0.3178807947019867,0.3147792706333973,151,521,0.0031015240685894,-0.081199169273228,0.0874022174104069,0.0722138137066458,0.9424317521274836,0.9424317521274836,False,,
X1_to_X3,sex_blind,COMPAS tool,0.5,Female vs Male,fnr,0.5,sex,False,0.4663967611336032,False,0.3132530120481928,0.3604166666666666,83,480,-0.0471636546184738,-0.1557979527025797,0.061470643465632,-0.8299350049502094,0.40657553213119,1.0,False,,
X1_to_X3,sex_blind,COMPAS tool,0.5,Female vs Male,equalized_odds,0.5,sex,False,0.4663967611336032,False,,,234,1001,,,,,0.7029961306909508,0.8910685887872078,False,0.7048077823648434,0.7029961306909508
X1_to_X3,sex_blind,COMPAS tool,break_even,African-American vs Caucasian,fpr,0.2523364485981308,race,True,0.5037878787878788,False,0.4224422442244224,0.265625,303,256,0.1568172442244224,0.0792260320768059,0.234408456372039,3.871325340396728,0.0001082452044104,0.0004329808176416,True,,
X1_to_X3,sex_blind,COMPAS tool,break_even,African-American vs Caucasian,fnr,0.2523364485981308,race,True,0.5037878787878788,False,0.2372372372372372,0.5,333,164,-0.2627627627627628,-0.3518883584094895,-0.173637167116036,-5.885772587297624,3.961987894976191e-09,1.5847951579904764e-08,True,,
X1_to_X3,sex_blind,COMPAS tool,break_even,African-American vs Caucasian,equalized_odds,0.2523364485981308,race,True,0.5037878787878788,False,,,636,420,,,,,2.3292082388076535e-11,9.316832955230614e-11,True,48.96581524955299,2.3292082388076535e-11
X1_to_X3,sex_blind,COMPAS tool,break_even,Hispanic vs Caucasian,fpr,0.2523364485981308,race,False,0.3441682600382409,False,0.203125,0.265625,64,256,-0.0625,-0.1749399422881932,0.0499399422881932,-1.028545518471772,0.3036932906962609,0.6073865813925219,False,,
X1_to_X3,sex_blind,COMPAS tool,break_even,Hispanic vs Caucasian,fnr,0.2523364485981308,race,False,0.3441682600382409,False,0.5641025641025641,0.5,39,164,0.0641025641025641,-0.1093214035406079,0.2375265317457361,0.7198522744518148,0.4716159553878633,1.0,False,,
X1_to_X3,sex_blind,COMPAS tool,break_even,Hispanic vs Caucasian,equalized_odds,0.2523364485981308,race,False,0.3441682600382409,False,,,103,420,,,,,0.4455342943936039,0.8910685887872078,False,1.6169621109497831,0.4455342943936039
X1_to_X3,sex_blind,COMPAS tool,break_even,Other vs Caucasian,fpr,0.2523364485981308,race,False,0.3353783231083844,False,0.0697674418604651,0.265625,43,256,-0.1958575581395348,-0.2892655604270707,-0.1024495558519989,-2.7927595293567333,0.0052260526215954,0.0156781578647862,True,,
X1_to_X3,sex_blind,COMPAS tool,break_even,Other vs Caucasian,fnr,0.2523364485981308,race,False,0.3353783231083844,False,0.5769230769230769,0.5,26,164,0.0769230769230768,-0.1278175771015649,0.2816637309477187,0.7289784749063989,0.466014829504519,1.0,False,,
X1_to_X3,sex_blind,COMPAS tool,break_even,Other vs Caucasian,equalized_odds,0.2523364485981308,race,False,0.3353783231083844,False,,,69,420,,,,,0.0061582640292763,0.0184747920878291,True,10.179920709165463,0.0061582640292763
X1_to_X3,sex_blind,COMPAS tool,break_even,Female vs Male,fpr,0.2523364485981308,sex,False,0.4663967611336032,False,0.3178807947019867,0.3147792706333973,151,521,0.0031015240685894,-0.081199169273228,0.0874022174104069,0.0722138137066458,0.9424317521274836,0.9424317521274836,False,,
X1_to_X3,sex_blind,COMPAS tool,break_even,Female vs Male,fnr,0.2523364485981308,sex,False,0.4663967611336032,False,0.3132530120481928,0.3604166666666666,83,480,-0.0471636546184738,-0.1557979527025797,0.061470643465632,-0.8299350049502094,0.40657553213119,1.0,False,,
X1_to_X3,sex_blind,COMPAS tool,break_even,Female vs Male,equalized_odds,0.2523364485981308,sex,False,0.4663967611336032,False,,,234,1001,,,,,0.7029961306909508,0.8910685887872078,False,0.7048077823648434,0.7029961306909508
X2_to_X3,age_blind,TabPFN,0.5,African-American vs Caucasian,fpr,0.5,race,True,0.3446969696969697,False,0.3267326732673267,0.125,303,256,0.2017326732673267,0.1351732796774691,0.2682920668571843,5.6100394100047195,2.0228054504231945e-08,8.091221801692778e-08,True,,
X2_to_X3,age_blind,TabPFN,0.5,African-American vs Caucasian,fnr,0.5,race,True,0.3446969696969697,False,0.4354354354354354,0.725609756097561,333,164,-0.2901743206621255,-0.376774089493132,-0.2035745518311189,-6.095387043566772,1.091729795922671e-09,4.366919183690684e-09,True,,
X2_to_X3,age_blind,TabPFN,0.5,African-American vs Caucasian,equalized_odds,0.5,race,True,0.3446969696969697,False,,,636,420,,,,,3.490602547842672e-16,1.3962410191370688e-15,True,71.18257423356201,3.490602547842672e-16
X2_to_X3,age_blind,TabPFN,0.5,Hispanic vs Caucasian,fpr,0.5,race,False,0.1739961759082218,False,0.09375,0.125,64,256,-0.03125,-0.1133526256052992,0.0508526256052992,-0.6912237121449392,0.4894249646623906,0.5944201089983874,False,,
X2_to_X3,age_blind,TabPFN,0.5,Hispanic vs Caucasian,fnr,0.5,race,False,0.1739961759082218,False,0.7948717948717948,0.725609756097561,39,164,0.0692620387742338,-0.0746960962384979,0.2132201737869656,0.8851440478959027,0.3760789451129541,0.4991537293424795,False,,
X2_to_X3,age_blind,TabPFN,0.5,Hispanic vs Caucasian,equalized_odds,0.5,race,False,0.1739961759082218,False,,,103,420,,,,,0.5174115774761089,0.5761932667031645,False,1.3178332664442576,0.5174115774761089
X2_to_X3,age_blind,TabPFN,0.5,Other vs Caucasian,fpr,0.5,race,False,0.1840490797546012,False,0.0697674418604651,0.125,43,256,-0.0552325581395348,-0.1414831591550849,0.0310180428760151,-1.042434982935357,0.2972100544991937,0.5944201089983874,False,,
X2_to_X3,age_blind,TabPFN,0.5,Other vs Caucasian,fnr,0.5,race,False,0.1840490797546012,False,0.6153846153846154,0.725609756097561,26,164,-0.1102251407129455,-0.3093072082349258,0.0888569268090347,-1.1513777468383766,0.2495768646712397,0.4991537293424795,False,,
X2_to_X3,age_blind,TabPFN,0.5,Other vs Caucasian,equalized_odds,0.5,race,False,0.1840490797546012,False,,,69,420,,,,,0.2880966333515822,0.5761932667031645,False,2.488918645307701,0.2880966333515822
X2_to_X3,age_blind,TabPFN,0.5,Female vs Male,fpr,0.5,sex,False,0.3165991902834008,False,0.1324503311258278,0.2303262955854126,151,521,-0.0978759644595848,-0.1629171358629344,-0.0328347930562352,-2.6076433511248993,0.0091167888067963,0.027350366420389,True,,
X2_to_X3,age_blind,TabPFN,0.5,Female vs Male,fnr,0.5,sex,False,0.3165991902834008,False,0.7590361445783133,0.51875,83,480,0.2402861445783132,0.1379970777370239,0.3425752114196024,4.06657169738473,4.7709811485938125e-05,0.0001431294344578,True,,
X2_to_X3,age_blind,TabPFN,0.5,Female vs Male,equalized_odds,0.5,sex,False,0.3165991902834008,False,,,234,1001,,,,,4.104682732513363e-06,1.231404819754009e-05,True,24.80676421221368,4.104682732513363e-06
X2_to_X3,age_blind,TabPFN,break_even,African-American vs Caucasian,fpr,0.2523364485981308,race,True,0.9403409090909092,False,0.9537953795379538,0.8828125,303,256,0.0709828795379537,0.0250358629800478,0.1169298960958597,3.1050661825668784,0.0019023645327084,0.002020349522091,True,,
X2_to_X3,age_blind,TabPFN,break_even,African-American vs Caucasian,fnr,0.2523364485981308,race,True,0.9403409090909092,False,0.021021021021021,0.073170731707317,333,164,-0.052149710686296,-0.0948803480431909,-0.0094190733294011,-2.850909228223344,0.0043594412634843,0.0130783237904531,True,,
X2_to_X3,age_blind,TabPFN,break_even,African-American vs Caucasian,equalized_odds,0.2523364485981308,race,True,0.9403409090909092,False,,,636,420,,,,,0.0001801350138696,0.000540405041609,True,17.243607822374912,0.0001801350138696
X2_to_X3,age_blind,TabPFN,break_even,Hispanic vs Caucasian,fpr,0.2523364485981308,race,False,0.8738049713193117,False,0.71875,0.8828125,64,256,-0.1640625,-0.2810493472173028,-0.0470756527826971,-3.287677528197035,0.0010101747610455,0.002020349522091,True,,
X2_to_X3,age_blind,TabPFN,break_even,Hispanic vs Caucasian,fnr,0.2523364485981308,race,False,0.8738049713193117,False,0.1538461538461538,0.073170731707317,39,164,0.0806754221388367,-0.0393698026517978,0.2007206469294714,1.593020542839788,0.1111555826483551,0.2223111652967102,False,,
X2_to_X3,age_blind,TabPFN,break_even,Hispanic vs Caucasian,equalized_odds,0.2523364485981308,race,False,0.8738049713193117,False,,,103,420,,,,,0.0028248117503455,0.0028248117503455,True,11.738627107299802,0.0028248117503455
X2_to_X3,age_blind,TabPFN,break_even,Other vs Caucasian,fpr,0.2523364485981308,race,False,0.8834355828220859,False,0.6511627906976745,0.8828125,43,256,-0.2316497093023255,-0.3794506600295972,-0.0838487585750538,-3.930958409953447,8.460790862173221e-05,0.0002538237258651,True,,
X2_to_X3,age_blind,TabPFN,break_even,Other vs Caucasian,fnr,0.2523364485981308,race,False,0.8834355828220859,False,0.0,0.073170731707317,26,164,-0.073170731707317,-0.1130268258426006,-0.0333146375720334,-1.4250239789706247,0.1541502697424634,0.2223111652967102,False,,
X2_to_X3,age_blind,TabPFN,break_even,Other vs Caucasian,equalized_odds,0.2523364485981308,race,False,0.8834355828220859,False,,,69,420,,,,,0.0002799109137334,0.0005598218274668,True,16.362078341316344,0.0002799109137334
X2_to_X3,age_blind,TabPFN,break_even,Female vs Male,fpr,0.2523364485981308,sex,False,0.9157894736842104,False,0.6291390728476821,0.9558541266794626,151,521,-0.3267150538317804,-0.4057523711288689,-0.2476777365346919,-10.975396664213775,5.018510860198762e-28,2.007404344079505e-27,True,,
X2_to_X3,age_blind,TabPFN,break_even,Female vs Male,fnr,0.2523364485981308,sex,False,0.9157894736842104,False,0.253012048192771,0.0083333333333333,83,480,0.2446787148594377,0.1507989331163217,0.3385584966025536,9.991919141340206,1.6534898112299126e-23,6.61395924491965e-23,True,,
X2_to_X3,age_blind,TabPFN,break_even,Female vs Male,equalized_odds,0.2523364485981308,sex,False,0.9157894736842104,False,,,234,1001,,,,,3.356945267888188e-36,1.3427781071552753e-35,True,163.36406386759336,3.356945267888188e-36
X2_to_X3,age_blind,COMPAS tool,0.5,African-American vs Caucasian,fpr,0.5,race,True,0.5037878787878788,False,0.4224422442244224,0.265625,303,256,0.1568172442244224,0.0792260320768059,0.234408456372039,3.871325340396728,0.0001082452044104,0.0004329808176416,True,,
X2_to_X3,age_blind,COMPAS tool,0.5,African-American vs Caucasian,fnr,0.5,race,True,0.5037878787878788,False,0.2372372372372372,0.5,333,164,-0.2627627627627628,-0.3518883584094895,-0.173637167116036,-5.885772587297624,3.961987894976191e-09,1.5847951579904764e-08,True,,
X2_to_X3,age_blind,COMPAS tool,0.5,African-American vs Caucasian,equalized_odds,0.5,race,True,0.5037878787878788,False,,,636,420,,,,,2.3292082388076535e-11,9.316832955230614e-11,True,48.96581524955299,2.3292082388076535e-11
X2_to_X3,age_blind,COMPAS tool,0.5,Hispanic vs Caucasian,fpr,0.5,race,False,0.3441682600382409,False,0.203125,0.265625,64,256,-0.0625,-0.1749399422881932,0.0499399422881932,-1.028545518471772,0.3036932906962609,0.6073865813925219,False,,
X2_to_X3,age_blind,COMPAS tool,0.5,Hispanic vs Caucasian,fnr,0.5,race,False,0.3441682600382409,False,0.5641025641025641,0.5,39,164,0.0641025641025641,-0.1093214035406079,0.2375265317457361,0.7198522744518148,0.4716159553878633,1.0,False,,
X2_to_X3,age_blind,COMPAS tool,0.5,Hispanic vs Caucasian,equalized_odds,0.5,race,False,0.3441682600382409,False,,,103,420,,,,,0.4455342943936039,0.8910685887872078,False,1.6169621109497831,0.4455342943936039
X2_to_X3,age_blind,COMPAS tool,0.5,Other vs Caucasian,fpr,0.5,race,False,0.3353783231083844,False,0.0697674418604651,0.265625,43,256,-0.1958575581395348,-0.2892655604270707,-0.1024495558519989,-2.7927595293567333,0.0052260526215954,0.0156781578647862,True,,
X2_to_X3,age_blind,COMPAS tool,0.5,Other vs Caucasian,fnr,0.5,race,False,0.3353783231083844,False,0.5769230769230769,0.5,26,164,0.0769230769230768,-0.1278175771015649,0.2816637309477187,0.7289784749063989,0.466014829504519,1.0,False,,
X2_to_X3,age_blind,COMPAS tool,0.5,Other vs Caucasian,equalized_odds,0.5,race,False,0.3353783231083844,False,,,69,420,,,,,0.0061582640292763,0.0184747920878291,True,10.179920709165463,0.0061582640292763
X2_to_X3,age_blind,COMPAS tool,0.5,Female vs Male,fpr,0.5,sex,False,0.4663967611336032,False,0.3178807947019867,0.3147792706333973,151,521,0.0031015240685894,-0.081199169273228,0.0874022174104069,0.0722138137066458,0.9424317521274836,0.9424317521274836,False,,
X2_to_X3,age_blind,COMPAS tool,0.5,Female vs Male,fnr,0.5,sex,False,0.4663967611336032,False,0.3132530120481928,0.3604166666666666,83,480,-0.0471636546184738,-0.1557979527025797,0.061470643465632,-0.8299350049502094,0.40657553213119,1.0,False,,
X2_to_X3,age_blind,COMPAS tool,0.5,Female vs Male,equalized_odds,0.5,sex,False,0.4663967611336032,False,,,234,1001,,,,,0.7029961306909508,0.8910685887872078,False,0.7048077823648434,0.7029961306909508
X2_to_X3,age_blind,COMPAS tool,break_even,African-American vs Caucasian,fpr,0.2523364485981308,race,True,0.5037878787878788,False,0.4224422442244224,0.265625,303,256,0.1568172442244224,0.0792260320768059,0.234408456372039,3.871325340396728,0.0001082452044104,0.0004329808176416,True,,
X2_to_X3,age_blind,COMPAS tool,break_even,African-American vs Caucasian,fnr,0.2523364485981308,race,True,0.5037878787878788,False,0.2372372372372372,0.5,333,164,-0.2627627627627628,-0.3518883584094895,-0.173637167116036,-5.885772587297624,3.961987894976191e-09,1.5847951579904764e-08,True,,
X2_to_X3,age_blind,COMPAS tool,break_even,African-American vs Caucasian,equalized_odds,0.2523364485981308,race,True,0.5037878787878788,False,,,636,420,,,,,2.3292082388076535e-11,9.316832955230614e-11,True,48.96581524955299,2.3292082388076535e-11
X2_to_X3,age_blind,COMPAS tool,break_even,Hispanic vs Caucasian,fpr,0.2523364485981308,race,False,0.3441682600382409,False,0.203125,0.265625,64,256,-0.0625,-0.1749399422881932,0.0499399422881932,-1.028545518471772,0.3036932906962609,0.6073865813925219,False,,
X2_to_X3,age_blind,COMPAS tool,break_even,Hispanic vs Caucasian,fnr,0.2523364485981308,race,False,0.3441682600382409,False,0.5641025641025641,0.5,39,164,0.0641025641025641,-0.1093214035406079,0.2375265317457361,0.7198522744518148,0.4716159553878633,1.0,False,,
X2_to_X3,age_blind,COMPAS tool,break_even,Hispanic vs Caucasian,equalized_odds,0.2523364485981308,race,False,0.3441682600382409,False,,,103,420,,,,,0.4455342943936039,0.8910685887872078,False,1.6169621109497831,0.4455342943936039
X2_to_X3,age_blind,COMPAS tool,break_even,Other vs Caucasian,fpr,0.2523364485981308,race,False,0.3353783231083844,False,0.0697674418604651,0.265625,43,256,-0.1958575581395348,-0.2892655604270707,-0.1024495558519989,-2.7927595293567333,0.0052260526215954,0.0156781578647862,True,,
X2_to_X3,age_blind,COMPAS tool,break_even,Other vs Caucasian,fnr,0.2523364485981308,race,False,0.3353783231083844,False,0.5769230769230769,0.5,26,164,0.0769230769230768,-0.1278175771015649,0.2816637309477187,0.7289784749063989,0.466014829504519,1.0,False,,
X2_to_X3,age_blind,COMPAS tool,break_even,Other vs Caucasian,equalized_odds,0.2523364485981308,race,False,0.3353783231083844,False,,,69,420,,,,,0.0061582640292763,0.0184747920878291,True,10.179920709165463,0.0061582640292763
X2_to_X3,age_blind,COMPAS tool,break_even,Female vs Male,fpr,0.2523364485981308,sex,False,0.4663967611336032,False,0.3178807947019867,0.3147792706333973,151,521,0.0031015240685894,-0.081199169273228,0.0874022174104069,0.0722138137066458,0.9424317521274836,0.9424317521274836,False,,
X2_to_X3,age_blind,COMPAS tool,break_even,Female vs Male,fnr,0.2523364485981308,sex,False,0.4663967611336032,False,0.3132530120481928,0.3604166666666666,83,480,-0.0471636546184738,-0.1557979527025797,0.061470643465632,-0.8299350049502094,0.40657553213119,1.0,False,,
X2_to_X3,age_blind,COMPAS tool,break_even,Female vs Male,equalized_odds,0.2523364485981308,sex,False,0.4663967611336032,False,,,234,1001,,,,,0.7029961306909508,0.8910685887872078,False,0.7048077823648434,0.7029961306909508
X2_to_X3,protected_blind,TabPFN,0.5,African-American vs Caucasian,fpr,0.5,race,True,0.3551136363636363,False,0.2904290429042904,0.203125,303,256,0.0873040429042904,0.0162998162291308,0.15830826957945,2.3736163626481876,0.0176148417554074,0.0704593670216298,False,,
X2_to_X3,protected_blind,TabPFN,0.5,African-American vs Caucasian,fnr,0.5,race,True,0.3551136363636363,False,0.4684684684684684,0.6463414634146342,333,164,-0.1778729949461657,-0.268574465853819,-0.0871715240385124,-3.73463081168334,0.0001879907589005,0.0007519630356023,True,,
X2_to_X3,protected_blind,TabPFN,0.5,African-American vs Caucasian,equalized_odds,0.5,race,True,0.3551136363636363,False,,,636,420,,,,,4.995814140552717e-05,0.0001998325656221,True,19.808650150099343,4.995814140552717e-05
X2_to_X3,protected_blind,TabPFN,0.5,Hispanic vs Caucasian,fpr,0.5,race,False,0.2466539196940726,False,0.09375,0.203125,64,256,-0.109375,-0.196141893245477,-0.0226081067545229,-2.0316008337961033,0.0421940822271856,0.1102625540308245,False,,
X2_to_X3,protected_blind,TabPFN,0.5,Hispanic vs Caucasian,fnr,0.5,race,False,0.2466539196940726,False,0.6666666666666666,0.6463414634146342,39,164,0.0203252032520324,-0.1447290375799561,0.185379444084021,0.2392329544837094,0.8109249504566289,0.8109249504566289,False,,
X2_to_X3,protected_blind,TabPFN,0.5,Hispanic vs Caucasian,equalized_odds,0.5,race,False,0.2466539196940726,False,,,103,420,,,,,0.0941369137008177,0.0941369137008177,False,4.726010055378261,0.0941369137008177
X2_to_X3,protected_blind,TabPFN,0.5,Other vs Caucasian,fpr,0.5,race,False,0.2576687116564417,False,0.0697674418604651,0.203125,43,256,-0.1333575581395348,-0.2240593707329537,-0.042655745546116,-2.088484139083382,0.0367541846769415,0.1102625540308245,False,,
X2_to_X3,protected_blind,TabPFN,0.5,Other vs Caucasian,fnr,0.5,race,False,0.2576687116564417,False,0.5,0.6463414634146342,26,164,-0.1463414634146341,-0.3519900768619183,0.05930715003265,-1.4330130225962392,0.1518541157707589,0.3037082315415178,False,,
X2_to_X3,protected_blind,TabPFN,0.5,Other vs Caucasian,equalized_odds,0.5,race,False,0.2576687116564417,False,,,69,420,,,,,0.0264019567028468,0.0528039134056937,False,7.268634308088713,0.0264019567028468
X2_to_X3,protected_blind,TabPFN,0.5,Female vs Male,fpr,0.5,sex,False,0.3319838056680162,False,0.2052980132450331,0.2264875239923224,151,521,-0.0211895107472893,-0.0949614575645507,0.0525824360699719,-0.5519108379100496,0.5810094425993392,0.5810094425993392,False,,
X2_to_X3,protected_blind,TabPFN,0.5,Female vs Male,fnr,0.5,sex,False,0.3319838056680162,False,0.6987951807228916,0.5083333333333333,83,480,0.1904618473895583,0.082102282144151,0.2988214126349655,3.2129068140471975,0.0013139891457595,0.0039419674372787,True,,
X2_to_X3,protected_blind,TabPFN,0.5,Female vs Male,equalized_odds,0.5,sex,False,0.3319838056680162,False,,,234,1001,,,,,0.0042036881559144,0.0126110644677433,True,10.943586013329767,0.0042036881559144
X2_to_X3,protected_blind,TabPFN,break_even,African-American vs Caucasian,fpr,0.2523364485981308,race,True,0.8446969696969697,False,0.8316831683168316,0.734375,303,256,0.0973081683168316,0.0287378069080958,0.1658785297255673,2.80024918554711,0.0051063172045032,0.020425268818013,True,,
X2_to_X3,protected_blind,TabPFN,break_even,African-American vs Caucasian,fnr,0.2523364485981308,race,True,0.8446969696969697,False,0.078078078078078,0.1158536585365853,333,164,-0.0377755804585072,-0.0946059078971511,0.0190547469801366,-1.3799327035215905,0.1676073661472962,0.3352147322945924,False,,
X2_to_X3,protected_blind,TabPFN,break_even,African-American vs Caucasian,equalized_odds,0.2523364485981308,race,True,0.8446969696969697,False,,,636,420,,,,,0.0079832596439368,0.0242251798913214,True,9.66081694848098,0.0079832596439368
X2_to_X3,protected_blind,TabPFN,break_even,Hispanic vs Caucasian,fpr,0.2523364485981308,race,False,0.7896749521988528,False,0.734375,0.734375,64,256,0.0,-0.1209780350156125,0.1209780350156125,0.0,1.0,1.0,False,,
X2_to_X3,protected_blind,TabPFN,break_even,Hispanic vs Caucasian,fnr,0.2523364485981308,race,False,0.7896749521988528,False,0.1538461538461538,0.1158536585365853,39,164,0.0379924953095684,-0.0853835845265355,0.1613685751456725,0.648963183652288,0.5163621732615542,0.5163621732615542,False,,
X2_to_X3,protected_blind,TabPFN,break_even,Hispanic vs Caucasian,equalized_odds,0.2523364485981308,race,False,0.7896749521988528,False,,,103,420,,,,,0.818331794010394,0.818331794010394,False,0.4009748169395131,0.818331794010394
X2_to_X3,protected_blind,TabPFN,break_even,Other vs Caucasian,fpr,0.2523364485981308,race,False,0.8016359918200409,False,0.7674418604651163,0.734375,43,256,0.0330668604651163,-0.1043063946339905,0.1704401155642231,0.4569191173494079,0.6477291824844442,1.0,False,,
X2_to_X3,protected_blind,TabPFN,break_even,Other vs Caucasian,fnr,0.2523364485981308,race,False,0.8016359918200409,False,0.0,0.1158536585365853,26,164,-0.1158536585365853,-0.1648364036659807,-0.06687091340719,-1.8294489522352593,0.0673323799591747,0.2019971398775242,False,,
X2_to_X3,protected_blind,TabPFN,break_even,Other vs Caucasian,equalized_odds,0.2523364485981308,race,False,0.8016359918200409,False,,,69,420,,,,,0.0466552590568657,0.0933105181137314,False,6.129939247409728,0.0466552590568657
X2_to_X3,protected_blind,TabPFN,break_even,Female vs Male,fpr,0.2523364485981308,sex,False,0.8388663967611336,False,0.7350993377483444,0.7927063339731286,151,521,-0.0576069962247842,-0.1361277287497331,0.0209137363001645,-1.5040791855113536,0.1325609789834284,0.3976829369502851,False,,
X2_to_X3,protected_blind,TabPFN,break_even,Female vs Male,fnr,0.2523364485981308,sex,False,0.8388663967611336,False,0.180722891566265,0.075,83,480,0.105722891566265,0.0196536375872296,0.1917921455453004,3.098580807369688,0.0019444993414663,0.0077779973658654,True,,
X2_to_X3,protected_blind,TabPFN,break_even,Female vs Male,equalized_odds,0.2523364485981308,sex,False,0.8388663967611336,False,,,234,1001,,,,,0.0060562949728303,0.0242251798913214,True,10.213314112996857,0.0060562949728303
X2_to_X3,protected_blind,COMPAS tool,0.5,African-American vs Caucasian,fpr,0.5,race,True,0.5037878787878788,False,0.4224422442244224,0.265625,303,256,0.1568172442244224,0.0792260320768059,0.234408456372039,3.871325340396728,0.0001082452044104,0.0004329808176416,True,,
X2_to_X3,protected_blind,COMPAS tool,0.5,African-American vs Caucasian,fnr,0.5,race,True,0.5037878787878788,False,0.2372372372372372,0.5,333,164,-0.2627627627627628,-0.3518883584094895,-0.173637167116036,-5.885772587297624,3.961987894976191e-09,1.5847951579904764e-08,True,,
X2_to_X3,protected_blind,COMPAS tool,0.5,African-American vs Caucasian,equalized_odds,0.5,race,True,0.5037878787878788,False,,,636,420,,,,,2.3292082388076535e-11,9.316832955230614e-11,True,48.96581524955299,2.3292082388076535e-11
X2_to_X3,protected_blind,COMPAS tool,0.5,Hispanic vs Caucasian,fpr,0.5,race,False,0.3441682600382409,False,0.203125,0.265625,64,256,-0.0625,-0.1749399422881932,0.0499399422881932,-1.028545518471772,0.3036932906962609,0.6073865813925219,False,,
X2_to_X3,protected_blind,COMPAS tool,0.5,Hispanic vs Caucasian,fnr,0.5,race,False,0.3441682600382409,False,0.5641025641025641,0.5,39,164,0.0641025641025641,-0.1093214035406079,0.2375265317457361,0.7198522744518148,0.4716159553878633,1.0,False,,
X2_to_X3,protected_blind,COMPAS tool,0.5,Hispanic vs Caucasian,equalized_odds,0.5,race,False,0.3441682600382409,False,,,103,420,,,,,0.4455342943936039,0.8910685887872078,False,1.6169621109497831,0.4455342943936039
X2_to_X3,protected_blind,COMPAS tool,0.5,Other vs Caucasian,fpr,0.5,race,False,0.3353783231083844,False,0.0697674418604651,0.265625,43,256,-0.1958575581395348,-0.2892655604270707,-0.1024495558519989,-2.7927595293567333,0.0052260526215954,0.0156781578647862,True,,
X2_to_X3,protected_blind,COMPAS tool,0.5,Other vs Caucasian,fnr,0.5,race,False,0.3353783231083844,False,0.5769230769230769,0.5,26,164,0.0769230769230768,-0.1278175771015649,0.2816637309477187,0.7289784749063989,0.466014829504519,1.0,False,,
X2_to_X3,protected_blind,COMPAS tool,0.5,Other vs Caucasian,equalized_odds,0.5,race,False,0.3353783231083844,False,,,69,420,,,,,0.0061582640292763,0.0184747920878291,True,10.179920709165463,0.0061582640292763
X2_to_X3,protected_blind,COMPAS tool,0.5,Female vs Male,fpr,0.5,sex,False,0.4663967611336032,False,0.3178807947019867,0.3147792706333973,151,521,0.0031015240685894,-0.081199169273228,0.0874022174104069,0.0722138137066458,0.9424317521274836,0.9424317521274836,False,,
X2_to_X3,protected_blind,COMPAS tool,0.5,Female vs Male,fnr,0.5,sex,False,0.4663967611336032,False,0.3132530120481928,0.3604166666666666,83,480,-0.0471636546184738,-0.1557979527025797,0.061470643465632,-0.8299350049502094,0.40657553213119,1.0,False,,
X2_to_X3,protected_blind,COMPAS tool,0.5,Female vs Male,equalized_odds,0.5,sex,False,0.4663967611336032,False,,,234,1001,,,,,0.7029961306909508,0.8910685887872078,False,0.7048077823648434,0.7029961306909508
X2_to_X3,protected_blind,COMPAS tool,break_even,African-American vs Caucasian,fpr,0.2523364485981308,race,True,0.5037878787878788,False,0.4224422442244224,0.265625,303,256,0.1568172442244224,0.0792260320768059,0.234408456372039,3.871325340396728,0.0001082452044104,0.0004329808176416,True,,
X2_to_X3,protected_blind,COMPAS tool,break_even,African-American vs Caucasian,fnr,0.2523364485981308,race,True,0.5037878787878788,False,0.2372372372372372,0.5,333,164,-0.2627627627627628,-0.3518883584094895,-0.173637167116036,-5.885772587297624,3.961987894976191e-09,1.5847951579904764e-08,True,,
X2_to_X3,protected_blind,COMPAS tool,break_even,African-American vs Caucasian,equalized_odds,0.2523364485981308,race,True,0.5037878787878788,False,,,636,420,,,,,2.3292082388076535e-11,9.316832955230614e-11,True,48.96581524955299,2.3292082388076535e-11
X2_to_X3,protected_blind,COMPAS tool,break_even,Hispanic vs Caucasian,fpr,0.2523364485981308,race,False,0.3441682600382409,False,0.203125,0.265625,64,256,-0.0625,-0.1749399422881932,0.0499399422881932,-1.028545518471772,0.3036932906962609,0.6073865813925219,False,,
X2_to_X3,protected_blind,COMPAS tool,break_even,Hispanic vs Caucasian,fnr,0.2523364485981308,race,False,0.3441682600382409,False,0.5641025641025641,0.5,39,164,0.0641025641025641,-0.1093214035406079,0.2375265317457361,0.7198522744518148,0.4716159553878633,1.0,False,,
X2_to_X3,protected_blind,COMPAS tool,break_even,Hispanic vs Caucasian,equalized_odds,0.2523364485981308,race,False,0.3441682600382409,False,,,103,420,,,,,0.4455342943936039,0.8910685887872078,False,1.6169621109497831,0.4455342943936039
X2_to_X3,protected_blind,COMPAS tool,break_even,Other vs Caucasian,fpr,0.2523364485981308,race,False,0.3353783231083844,False,0.0697674418604651,0.265625,43,256,-0.1958575581395348,-0.2892655604270707,-0.1024495558519989,-2.7927595293567333,0.0052260526215954,0.0156781578647862,True,,
X2_to_X3,protected_blind,COMPAS tool,break_even,Other vs Caucasian,fnr,0.2523364485981308,race,False,0.3353783231083844,False,0.5769230769230769,0.5,26,164,0.0769230769230768,-0.1278175771015649,0.2816637309477187,0.7289784749063989,0.466014829504519,1.0,False,,
X2_to_X3,protected_blind,COMPAS tool,break_even,Other vs Caucasian,equalized_odds,0.2523364485981308,race,False,0.3353783231083844,False,,,69,420,,,,,0.0061582640292763,0.0184747920878291,True,10.179920709165463,0.0061582640292763
X2_to_X3,protected_blind,COMPAS tool,break_even,Female vs Male,fpr,0.2523364485981308,sex,False,0.4663967611336032,False,0.3178807947019867,0.3147792706333973,151,521,0.0031015240685894,-0.081199169273228,0.0874022174104069,0.0722138137066458,0.9424317521274836,0.9424317521274836,False,,
X2_to_X3,protected_blind,COMPAS tool,break_even,Female vs Male,fnr,0.2523364485981308,sex,False,0.4663967611336032,False,0.3132530120481928,0.3604166666666666,83,480,-0.0471636546184738,-0.1557979527025797,0.061470643465632,-0.8299350049502094,0.40657553213119,1.0,False,,
X2_to_X3,protected_blind,COMPAS tool,break_even,Female vs Male,equalized_odds,0.2523364485981308,sex,False,0.4663967611336032,False,,,234,1001,,,,,0.7029961306909508,0.8910685887872078,False,0.7048077823648434,0.7029961306909508
X2_to_X3,race_aware,TabPFN,0.5,African-American vs Caucasian,fpr,0.5,race,True,0.3948863636363636,False,0.3234323432343234,0.16796875,303,256,0.1554635932343234,0.0856682353061254,0.2252589511625214,4.21675341168621,2.4784473838102017e-05,9.913789535240808e-05,True,,
X2_to_X3,race_aware,TabPFN,0.5,African-American vs Caucasian,fnr,0.5,race,True,0.3948863636363636,False,0.3513513513513513,0.6341463414634146,333,164,-0.2827949901120632,-0.3725916827788365,-0.1929982974452901,-5.965450806178067,2.4395954286747006e-09,9.758381714698802e-09,True,,
X2_to_X3,race_aware,TabPFN,0.5,African-American vs Caucasian,equalized_odds,0.5,race,True,0.3948863636363636,False,,,636,420,,,,,1.9130571562607377e-12,7.652228625042949e-12,True,53.96463709620286,1.9130571562607377e-12
X2_to_X3,race_aware,TabPFN,0.5,Hispanic vs Caucasian,fpr,0.5,race,False,0.2409177820267686,False,0.125,0.16796875,64,256,-0.04296875,-0.1360392514221634,0.0501017514221634,-0.8399945157561887,0.4009114614756014,0.7858214259167358,False,,
X2_to_X3,race_aware,TabPFN,0.5,Hispanic vs Caucasian,fnr,0.5,race,False,0.2409177820267686,False,0.6153846153846154,0.6341463414634146,39,164,-0.0187617260787992,-0.188313281214387,0.1507898290567885,-0.2181923003337949,0.827279284010141,0.827279284010141,False,,
X2_to_X3,race_aware,TabPFN,0.5,Hispanic vs Caucasian,equalized_odds,0.5,race,False,0.2409177820267686,False,,,103,420,,,,,0.6743030020459714,0.6743030020459714,False,0.7881514223180266,0.6743030020459714
X2_to_X3,race_aware,TabPFN,0.5,Other vs Caucasian,fpr,0.5,race,False,0.2474437627811861,False,0.1162790697674418,0.16796875,43,256,-0.0516896802325581,-0.1578836622106342,0.0545043017455179,-0.8543506824577258,0.3929107129583679,0.7858214259167358,False,,
X2_to_X3,race_aware,TabPFN,0.5,Other vs Caucasian,fnr,0.5,race,False,0.2474437627811861,False,0.5,0.6341463414634146,26,164,-0.1341463414634146,-0.3399896662007419,0.0716969832739126,-1.3065013725908037,0.1913821125577816,0.3827642251155632,False,,
X2_to_X3,race_aware,TabPFN,0.5,Other vs Caucasian,equalized_odds,0.5,race,False,0.2474437627811861,False,,,69,420,,,,,0.2935662735645366,0.5871325471290731,False,2.4513037217909392,0.2935662735645366
X2_to_X3,race_aware,TabPFN,0.5,Female vs Male,fpr,0.5,sex,False,0.3708502024291498,False,0.1655629139072847,0.2476007677543186,151,521,-0.0820378538470338,-0.1519534829432042,-0.0121222247508634,-2.1119373070738225,0.03469182694646,0.10407548083938,False,,
X2_to_X3,race_aware,TabPFN,0.5,Female vs Male,fnr,0.5,sex,False,0.3708502024291498,False,0.6626506024096386,0.425,83,480,0.2376506024096386,0.1267362906709572,0.3485649141483199,4.011124184542677,6.043031169480338e-05,0.0001812909350844,True,,
X2_to_X3,race_aware,TabPFN,0.5,Female vs Male,equalized_odds,0.5,sex,False,0.3708502024291498,False,,,234,1001,,,,,2.9030342415511172e-05,8.709102724653352e-05,True,20.89433796953568,2.9030342415511172e-05
X2_to_X3,race_aware,TabPFN,break_even,African-American vs Caucasian,fpr,0.2523364485981308,race,True,0.8125,False,0.7920792079207921,0.66796875,303,256,0.1241104579207921,0.0505169031255325,0.1977040127160517,3.313628449272489,0.0009209379560188,0.0027628138680566,True,,
X2_to_X3,race_aware,TabPFN,break_even,African-American vs Caucasian,fnr,0.2523364485981308,race,True,0.8125,False,0.075075075075075,0.1524390243902439,333,164,-0.0773639493151688,-0.139229869280362,-0.0154980293499755,-2.6960137519707508,0.0070174769485784,0.0210524308457354,True,,
X2_to_X3,race_aware,TabPFN,break_even,African-American vs Caucasian,equalized_odds,0.2523364485981308,race,True,0.8125,False,,,636,420,,,,,0.0001331845263618,0.0003995535790854,True,17.847549950122016,0.0001331845263618
X2_to_X3,race_aware,TabPFN,break_even,Hispanic vs Caucasian,fpr,0.2523364485981308,race,False,0.734225621414914,False,0.625,0.66796875,64,256,-0.04296875,-0.1748622816864455,0.0889247816864455,-0.6487587106850815,0.5164943492339549,0.5164943492339549,False,,
X2_to_X3,race_aware,TabPFN,break_even,Hispanic vs Caucasian,fnr,0.2523364485981308,race,False,0.734225621414914,False,0.1282051282051282,0.1524390243902439,39,164,-0.0242338961851157,-0.1427051522061397,0.0942373598359083,-0.3833026401713969,0.7014953819049521,0.7014953819049521,False,,
X2_to_X3,race_aware,TabPFN,break_even,Hispanic vs Caucasian,equalized_odds,0.2523364485981308,race,False,0.734225621414914,False,,,103,420,,,,,0.7529525456131896,0.7529525456131896,False,0.5675061472042515,0.7529525456131896
X2_to_X3,race_aware,TabPFN,break_even,Other vs Caucasian,fpr,0.2523364485981308,race,False,0.7321063394683026,False,0.5348837209302325,0.66796875,43,256,-0.1330850290697675,-0.2929393793082533,0.0267693211687183,-1.6917005632523092,0.090703080994248,0.181406161988496,False,,
X2_to_X3,race_aware,TabPFN,break_even,Other vs Caucasian,fnr,0.2523364485981308,race,False,0.7321063394683026,False,0.0384615384615384,0.1524390243902439,26,164,-0.1139774859287054,-0.206120964766586,-0.0218340070908248,-1.5710712226819528,0.1161661061137237,0.2323322122274475,False,,
X2_to_X3,race_aware,TabPFN,break_even,Other vs Caucasian,equalized_odds,0.2523364485981308,race,False,0.7321063394683026,False,,,69,420,,,,,0.0508360864145347,0.1016721728290695,False,5.95829762818974,0.0508360864145347
X2_to_X3,race_aware,TabPFN,break_even,Female vs Male,fpr,0.2523364485981308,sex,False,0.7967611336032389,False,0.5761589403973509,0.7485604606525912,151,521,-0.1724015202552402,-0.2595809231452381,-0.0852221173652423,-4.110139552100626,3.954200727363807e-05,0.0001581680290945,True,,
X2_to_X3,race_aware,TabPFN,break_even,Female vs Male,fnr,0.2523364485981308,sex,False,0.7967611336032389,False,0.2409638554216867,0.075,83,480,0.1659638554216867,0.0709885017426004,0.260939209100773,4.664760858165697,3.0897615149944027e-06,1.235904605997761e-05,True,,
X2_to_X3,race_aware,TabPFN,break_even,Female vs Male,equalized_odds,0.2523364485981308,sex,False,0.7967611336032389,False,,,234,1001,,,,,5.5085657195075335e-08,2.203426287803013e-07,True,33.42875291932465,5.5085657195075335e-08
X2_to_X3,race_aware,COMPAS tool,0.5,African-American vs Caucasian,fpr,0.5,race,True,0.5037878787878788,False,0.4224422442244224,0.265625,303,256,0.1568172442244224,0.0792260320768059,0.234408456372039,3.871325340396728,0.0001082452044104,0.0004329808176416,True,,
X2_to_X3,race_aware,COMPAS tool,0.5,African-American vs Caucasian,fnr,0.5,race,True,0.5037878787878788,False,0.2372372372372372,0.5,333,164,-0.2627627627627628,-0.3518883584094895,-0.173637167116036,-5.885772587297624,3.961987894976191e-09,1.5847951579904764e-08,True,,
X2_to_X3,race_aware,COMPAS tool,0.5,African-American vs Caucasian,equalized_odds,0.5,race,True,0.5037878787878788,False,,,636,420,,,,,2.3292082388076535e-11,9.316832955230614e-11,True,48.96581524955299,2.3292082388076535e-11
X2_to_X3,race_aware,COMPAS tool,0.5,Hispanic vs Caucasian,fpr,0.5,race,False,0.3441682600382409,False,0.203125,0.265625,64,256,-0.0625,-0.1749399422881932,0.0499399422881932,-1.028545518471772,0.3036932906962609,0.6073865813925219,False,,
X2_to_X3,race_aware,COMPAS tool,0.5,Hispanic vs Caucasian,fnr,0.5,race,False,0.3441682600382409,False,0.5641025641025641,0.5,39,164,0.0641025641025641,-0.1093214035406079,0.2375265317457361,0.7198522744518148,0.4716159553878633,1.0,False,,
X2_to_X3,race_aware,COMPAS tool,0.5,Hispanic vs Caucasian,equalized_odds,0.5,race,False,0.3441682600382409,False,,,103,420,,,,,0.4455342943936039,0.8910685887872078,False,1.6169621109497831,0.4455342943936039
X2_to_X3,race_aware,COMPAS tool,0.5,Other vs Caucasian,fpr,0.5,race,False,0.3353783231083844,False,0.0697674418604651,0.265625,43,256,-0.1958575581395348,-0.2892655604270707,-0.1024495558519989,-2.7927595293567333,0.0052260526215954,0.0156781578647862,True,,
X2_to_X3,race_aware,COMPAS tool,0.5,Other vs Caucasian,fnr,0.5,race,False,0.3353783231083844,False,0.5769230769230769,0.5,26,164,0.0769230769230768,-0.1278175771015649,0.2816637309477187,0.7289784749063989,0.466014829504519,1.0,False,,
X2_to_X3,race_aware,COMPAS tool,0.5,Other vs Caucasian,equalized_odds,0.5,race,False,0.3353783231083844,False,,,69,420,,,,,0.0061582640292763,0.0184747920878291,True,10.179920709165463,0.0061582640292763
X2_to_X3,race_aware,COMPAS tool,0.5,Female vs Male,fpr,0.5,sex,False,0.4663967611336032,False,0.3178807947019867,0.3147792706333973,151,521,0.0031015240685894,-0.081199169273228,0.0874022174104069,0.0722138137066458,0.9424317521274836,0.9424317521274836,False,,
X2_to_X3,race_aware,COMPAS tool,0.5,Female vs Male,fnr,0.5,sex,False,0.4663967611336032,False,0.3132530120481928,0.3604166666666666,83,480,-0.0471636546184738,-0.1557979527025797,0.061470643465632,-0.8299350049502094,0.40657553213119,1.0,False,,
X2_to_X3,race_aware,COMPAS tool,0.5,Female vs Male,equalized_odds,0.5,sex,False,0.4663967611336032,False,,,234,1001,,,,,0.7029961306909508,0.8910685887872078,False,0.7048077823648434,0.7029961306909508
X2_to_X3,race_aware,COMPAS tool,break_even,African-American vs Caucasian,fpr,0.2523364485981308,race,True,0.5037878787878788,False,0.4224422442244224,0.265625,303,256,0.1568172442244224,0.0792260320768059,0.234408456372039,3.871325340396728,0.0001082452044104,0.0004329808176416,True,,
X2_to_X3,race_aware,COMPAS tool,break_even,African-American vs Caucasian,fnr,0.2523364485981308,race,True,0.5037878787878788,False,0.2372372372372372,0.5,333,164,-0.2627627627627628,-0.3518883584094895,-0.173637167116036,-5.885772587297624,3.961987894976191e-09,1.5847951579904764e-08,True,,
X2_to_X3,race_aware,COMPAS tool,break_even,African-American vs Caucasian,equalized_odds,0.2523364485981308,race,True,0.5037878787878788,False,,,636,420,,,,,2.3292082388076535e-11,9.316832955230614e-11,True,48.96581524955299,2.3292082388076535e-11
X2_to_X3,race_aware,COMPAS tool,break_even,Hispanic vs Caucasian,fpr,0.2523364485981308,race,False,0.3441682600382409,False,0.203125,0.265625,64,256,-0.0625,-0.1749399422881932,0.0499399422881932,-1.028545518471772,0.3036932906962609,0.6073865813925219,False,,
X2_to_X3,race_aware,COMPAS tool,break_even,Hispanic vs Caucasian,fnr,0.2523364485981308,race,False,0.3441682600382409,False,0.5641025641025641,0.5,39,164,0.0641025641025641,-0.1093214035406079,0.2375265317457361,0.7198522744518148,0.4716159553878633,1.0,False,,
X2_to_X3,race_aware,COMPAS tool,break_even,Hispanic vs Caucasian,equalized_odds,0.2523364485981308,race,False,0.3441682600382409,False,,,103,420,,,,,0.4455342943936039,0.8910685887872078,False,1.6169621109497831,0.4455342943936039
X2_to_X3,race_aware,COMPAS tool,break_even,Other vs Caucasian,fpr,0.2523364485981308,race,False,0.3353783231083844,False,0.0697674418604651,0.265625,43,256,-0.1958575581395348,-0.2892655604270707,-0.1024495558519989,-2.7927595293567333,0.0052260526215954,0.0156781578647862,True,,
X2_to_X3,race_aware,COMPAS tool,break_even,Other vs Caucasian,fnr,0.2523364485981308,race,False,0.3353783231083844,False,0.5769230769230769,0.5,26,164,0.0769230769230768,-0.1278175771015649,0.2816637309477187,0.7289784749063989,0.466014829504519,1.0,False,,
X2_to_X3,race_aware,COMPAS tool,break_even,Other vs Caucasian,equalized_odds,0.2523364485981308,race,False,0.3353783231083844,False,,,69,420,,,,,0.0061582640292763,0.0184747920878291,True,10.179920709165463,0.0061582640292763
X2_to_X3,race_aware,COMPAS tool,break_even,Female vs Male,fpr,0.2523364485981308,sex,False,0.4663967611336032,False,0.3178807947019867,0.3147792706333973,151,521,0.0031015240685894,-0.081199169273228,0.0874022174104069,0.0722138137066458,0.9424317521274836,0.9424317521274836,False,,
X2_to_X3,race_aware,COMPAS tool,break_even,Female vs Male,fnr,0.2523364485981308,sex,False,0.4663967611336032,False,0.3132530120481928,0.3604166666666666,83,480,-0.0471636546184738,-0.1557979527025797,0.061470643465632,-0.8299350049502094,0.40657553213119,1.0,False,,
X2_to_X3,race_aware,COMPAS tool,break_even,Female vs Male,equalized_odds,0.2523364485981308,sex,False,0.4663967611336032,False,,,234,1001,,,,,0.7029961306909508,0.8910685887872078,False,0.7048077823648434,0.7029961306909508
X2_to_X3,race_blind,TabPFN,0.5,African-American vs Caucasian,fpr,0.5,race,True,0.3920454545454545,False,0.3069306930693069,0.1796875,303,256,0.1272431930693069,0.0571805505909871,0.1973058355476267,3.4677654424289828,0.0005248051468874,0.0020992205875498,True,,
X2_to_X3,race_blind,TabPFN,0.5,African-American vs Caucasian,fnr,0.5,race,True,0.3920454545454545,False,0.3633633633633634,0.6158536585365854,333,164,-0.2524902951732219,-0.3430998843866643,-0.1618807059597796,-5.323828919658093,1.0160547231756519e-07,4.064218892702607e-07,True,,
X2_to_X3,race_blind,TabPFN,0.5,African-American vs Caucasian,equalized_odds,0.5,race,True,0.3920454545454545,False,,,636,420,,,,,1.4795476767171347e-09,5.918190706868539e-09,True,40.66305883944529,1.4795476767171347e-09
X2_to_X3,race_blind,TabPFN,0.5,Hispanic vs Caucasian,fpr,0.5,race,False,0.2619502868068833,False,0.125,0.1796875,64,256,-0.0546875,-0.1483722458126173,0.0389972458126173,-1.044805213292505,0.296113004935759,0.592226009871518,False,,
X2_to_X3,race_blind,TabPFN,0.5,Hispanic vs Caucasian,fnr,0.5,race,False,0.2619502868068833,False,0.4871794871794871,0.6158536585365854,39,164,-0.1286741713570982,-0.3023118293979368,0.0449634866837404,-1.4691426185296734,0.1417941102228184,0.2729479888056055,False,,
X2_to_X3,race_blind,TabPFN,0.5,Hispanic vs Caucasian,equalized_odds,0.5,race,False,0.2619502868068833,False,,,103,420,,,,,0.1932803744752667,0.3817327807510143,False,3.287226853524106,0.1932803744752667
X2_to_X3,race_blind,TabPFN,0.5,Other vs Caucasian,fpr,0.5,race,False,0.261758691206544,False,0.1162790697674418,0.1796875,43,256,-0.0634084302325581,-0.1701411579750915,0.0433242975099752,-1.022882804628513,0.3063632606024503,0.592226009871518,False,,
X2_to_X3,race_blind,TabPFN,0.5,Other vs Caucasian,fnr,0.5,race,False,0.261758691206544,False,0.4615384615384615,0.6158536585365854,26,164,-0.1543151969981238,-0.3598876450356651,0.0512572510394176,-1.4890507913975322,0.1364739944028027,0.2729479888056055,False,,
X2_to_X3,race_blind,TabPFN,0.5,Other vs Caucasian,equalized_odds,0.5,race,False,0.261758691206544,False,,,69,420,,,,,0.1908663903755071,0.3817327807510143,False,3.312363245096734,0.1908663903755071
X2_to_X3,race_blind,TabPFN,0.5,Female vs Male,fpr,0.5,sex,False,0.3732793522267206,False,0.1324503311258278,0.2533589251439539,151,521,-0.120908594018126,-0.1866203677518693,-0.0551968202843828,-3.1269841294566834,0.0017660946079791,0.0052982838239374,True,,
X2_to_X3,race_blind,TabPFN,0.5,Female vs Male,fnr,0.5,sex,False,0.3732793522267206,False,0.7108433734939759,0.40625,83,480,0.3045933734939758,0.1976186642688364,0.4115680827191152,5.149181677221255,2.616253769533293e-07,7.848761308599877e-07,True,,
X2_to_X3,race_blind,TabPFN,0.5,Female vs Male,equalized_odds,0.5,sex,False,0.3732793522267206,False,,,234,1001,,,,,7.138428775273978e-09,2.1415286325821936e-08,True,37.515546288593995,7.138428775273978e-09
X2_to_X3,race_blind,TabPFN,break_even,African-American vs Caucasian,fpr,0.2523364485981308,race,True,0.8399621212121212,False,0.858085808580858,0.66796875,303,256,0.190117058580858,0.1203178529489466,0.2599162642127695,5.329968807036935,9.822963679695025e-08,2.946889103908507e-07,True,,
X2_to_X3,race_blind,TabPFN,break_even,African-American vs Caucasian,fnr,0.2523364485981308,race,True,0.8399621212121212,False,0.048048048048048,0.1524390243902439,333,164,-0.1043909763421958,-0.1640063949788633,-0.0447755577055283,-3.9775060133418743,6.964186218676832e-05,0.0002089255865603,True,,
X2_to_X3,race_blind,TabPFN,break_even,African-American vs Caucasian,equalized_odds,0.2523364485981308,race,True,0.8399621212121212,False,,,636,420,,,,,3.915683638652881e-10,1.1747050915958643e-09,True,43.32172199079297,3.915683638652881e-10
X2_to_X3,race_blind,TabPFN,break_even,Hispanic vs Caucasian,fpr,0.2523364485981308,race,False,0.7476099426386233,False,0.71875,0.66796875,64,256,0.05078125,-0.0735633332197531,0.1751258332197531,0.7777497255459332,0.4367165713335333,0.8734331426670667,False,,
X2_to_X3,race_blind,TabPFN,break_even,Hispanic vs Caucasian,fnr,0.2523364485981308,race,False,0.7476099426386233,False,0.1025641025641025,0.1524390243902439,39,164,-0.0498749218261413,-0.159841546491413,0.0600917028391304,-0.8000384345572492,0.4236885291760064,0.4236885291760064,False,,
X2_to_X3,race_blind,TabPFN,break_even,Hispanic vs Caucasian,equalized_odds,0.2523364485981308,race,False,0.7476099426386233,False,,,103,420,,,,,0.5216642776081066,0.5216642776081066,False,1.3014620887029025,0.5216642776081066
X2_to_X3,race_blind,TabPFN,break_even,Other vs Caucasian,fpr,0.2523364485981308,race,False,0.7464212678936605,False,0.6976744186046512,0.66796875,43,256,0.0297056686046511,-0.119194615193298,0.1786059524026004,0.3839883690218275,0.7009870681006474,0.8734331426670667,False,,
X2_to_X3,race_blind,TabPFN,break_even,Other vs Caucasian,fnr,0.2523364485981308,race,False,0.7464212678936605,False,0.0384615384615384,0.1524390243902439,26,164,-0.1139774859287054,-0.206120964766586,-0.0218340070908248,-1.5710712226819528,0.1161661061137237,0.2323322122274475,False,,
X2_to_X3,race_blind,TabPFN,break_even,Other vs Caucasian,equalized_odds,0.2523364485981308,race,False,0.7464212678936605,False,,,69,420,,,,,0.1886956897379889,0.3773913794759778,False,3.3352393374891287,0.1886956897379889
X2_to_X3,race_blind,TabPFN,break_even,Female vs Male,fpr,0.2523364485981308,sex,False,0.8323886639676114,False,0.5761589403973509,0.8138195777351248,151,521,-0.2376606373377738,-0.3232739960695242,-0.1520472786060235,-6.024567035993117,1.6956291564289387e-09,6.782516625715755e-09,True,,
X2_to_X3,race_blind,TabPFN,break_even,Female vs Male,fnr,0.2523364485981308,sex,False,0.8323886639676114,False,0.2409638554216867,0.0541666666666666,83,480,0.18679718875502,0.0925893133987775,0.2810050641112626,5.7366718874547455,9.65550531173592e-09,3.862202124694368e-08,True,,
X2_to_X3,race_blind,TabPFN,break_even,Female vs Male,equalized_odds,0.2523364485981308,sex,False,0.8323886639676114,False,,,234,1001,,,,,2.437778464108176e-13,9.751113856432704e-13,True,58.085038099744814,2.437778464108176e-13
X2_to_X3,race_blind,COMPAS tool,0.5,African-American vs Caucasian,fpr,0.5,race,True,0.5037878787878788,False,0.4224422442244224,0.265625,303,256,0.1568172442244224,0.0792260320768059,0.234408456372039,3.871325340396728,0.0001082452044104,0.0004329808176416,True,,
X2_to_X3,race_blind,COMPAS tool,0.5,African-American vs Caucasian,fnr,0.5,race,True,0.5037878787878788,False,0.2372372372372372,0.5,333,164,-0.2627627627627628,-0.3518883584094895,-0.173637167116036,-5.885772587297624,3.961987894976191e-09,1.5847951579904764e-08,True,,
X2_to_X3,race_blind,COMPAS tool,0.5,African-American vs Caucasian,equalized_odds,0.5,race,True,0.5037878787878788,False,,,636,420,,,,,2.3292082388076535e-11,9.316832955230614e-11,True,48.96581524955299,2.3292082388076535e-11
X2_to_X3,race_blind,COMPAS tool,0.5,Hispanic vs Caucasian,fpr,0.5,race,False,0.3441682600382409,False,0.203125,0.265625,64,256,-0.0625,-0.1749399422881932,0.0499399422881932,-1.028545518471772,0.3036932906962609,0.6073865813925219,False,,
X2_to_X3,race_blind,COMPAS tool,0.5,Hispanic vs Caucasian,fnr,0.5,race,False,0.3441682600382409,False,0.5641025641025641,0.5,39,164,0.0641025641025641,-0.1093214035406079,0.2375265317457361,0.7198522744518148,0.4716159553878633,1.0,False,,
X2_to_X3,race_blind,COMPAS tool,0.5,Hispanic vs Caucasian,equalized_odds,0.5,race,False,0.3441682600382409,False,,,103,420,,,,,0.4455342943936039,0.8910685887872078,False,1.6169621109497831,0.4455342943936039
X2_to_X3,race_blind,COMPAS tool,0.5,Other vs Caucasian,fpr,0.5,race,False,0.3353783231083844,False,0.0697674418604651,0.265625,43,256,-0.1958575581395348,-0.2892655604270707,-0.1024495558519989,-2.7927595293567333,0.0052260526215954,0.0156781578647862,True,,
X2_to_X3,race_blind,COMPAS tool,0.5,Other vs Caucasian,fnr,0.5,race,False,0.3353783231083844,False,0.5769230769230769,0.5,26,164,0.0769230769230768,-0.1278175771015649,0.2816637309477187,0.7289784749063989,0.466014829504519,1.0,False,,
X2_to_X3,race_blind,COMPAS tool,0.5,Other vs Caucasian,equalized_odds,0.5,race,False,0.3353783231083844,False,,,69,420,,,,,0.0061582640292763,0.0184747920878291,True,10.179920709165463,0.0061582640292763
X2_to_X3,race_blind,COMPAS tool,0.5,Female vs Male,fpr,0.5,sex,False,0.4663967611336032,False,0.3178807947019867,0.3147792706333973,151,521,0.0031015240685894,-0.081199169273228,0.0874022174104069,0.0722138137066458,0.9424317521274836,0.9424317521274836,False,,
X2_to_X3,race_blind,COMPAS tool,0.5,Female vs Male,fnr,0.5,sex,False,0.4663967611336032,False,0.3132530120481928,0.3604166666666666,83,480,-0.0471636546184738,-0.1557979527025797,0.061470643465632,-0.8299350049502094,0.40657553213119,1.0,False,,
X2_to_X3,race_blind,COMPAS tool,0.5,Female vs Male,equalized_odds,0.5,sex,False,0.4663967611336032,False,,,234,1001,,,,,0.7029961306909508,0.8910685887872078,False,0.7048077823648434,0.7029961306909508
X2_to_X3,race_blind,COMPAS tool,break_even,African-American vs Caucasian,fpr,0.2523364485981308,race,True,0.5037878787878788,False,0.4224422442244224,0.265625,303,256,0.1568172442244224,0.0792260320768059,0.234408456372039,3.871325340396728,0.0001082452044104,0.0004329808176416,True,,
X2_to_X3,race_blind,COMPAS tool,break_even,African-American vs Caucasian,fnr,0.2523364485981308,race,True,0.5037878787878788,False,0.2372372372372372,0.5,333,164,-0.2627627627627628,-0.3518883584094895,-0.173637167116036,-5.885772587297624,3.961987894976191e-09,1.5847951579904764e-08,True,,
X2_to_X3,race_blind,COMPAS tool,break_even,African-American vs Caucasian,equalized_odds,0.2523364485981308,race,True,0.5037878787878788,False,,,636,420,,,,,2.3292082388076535e-11,9.316832955230614e-11,True,48.96581524955299,2.3292082388076535e-11
X2_to_X3,race_blind,COMPAS tool,break_even,Hispanic vs Caucasian,fpr,0.2523364485981308,race,False,0.3441682600382409,False,0.203125,0.265625,64,256,-0.0625,-0.1749399422881932,0.0499399422881932,-1.028545518471772,0.3036932906962609,0.6073865813925219,False,,
X2_to_X3,race_blind,COMPAS tool,break_even,Hispanic vs Caucasian,fnr,0.2523364485981308,race,False,0.3441682600382409,False,0.5641025641025641,0.5,39,164,0.0641025641025641,-0.1093214035406079,0.2375265317457361,0.7198522744518148,0.4716159553878633,1.0,False,,
X2_to_X3,race_blind,COMPAS tool,break_even,Hispanic vs Caucasian,equalized_odds,0.2523364485981308,race,False,0.3441682600382409,False,,,103,420,,,,,0.4455342943936039,0.8910685887872078,False,1.6169621109497831,0.4455342943936039
X2_to_X3,race_blind,COMPAS tool,break_even,Other vs Caucasian,fpr,0.2523364485981308,race,False,0.3353783231083844,False,0.0697674418604651,0.265625,43,256,-0.1958575581395348,-0.2892655604270707,-0.1024495558519989,-2.7927595293567333,0.0052260526215954,0.0156781578647862,True,,
X2_to_X3,race_blind,COMPAS tool,break_even,Other vs Caucasian,fnr,0.2523364485981308,race,False,0.3353783231083844,False,0.5769230769230769,0.5,26,164,0.0769230769230768,-0.1278175771015649,0.2816637309477187,0.7289784749063989,0.466014829504519,1.0,False,,
X2_to_X3,race_blind,COMPAS tool,break_even,Other vs Caucasian,equalized_odds,0.2523364485981308,race,False,0.3353783231083844,False,,,69,420,,,,,0.0061582640292763,0.0184747920878291,True,10.179920709165463,0.0061582640292763
X2_to_X3,race_blind,COMPAS tool,break_even,Female vs Male,fpr,0.2523364485981308,sex,False,0.4663967611336032,False,0.3178807947019867,0.3147792706333973,151,521,0.0031015240685894,-0.081199169273228,0.0874022174104069,0.0722138137066458,0.9424317521274836,0.9424317521274836,False,,
X2_to_X3,race_blind,COMPAS tool,break_even,Female vs Male,fnr,0.2523364485981308,sex,False,0.4663967611336032,False,0.3132530120481928,0.3604166666666666,83,480,-0.0471636546184738,-0.1557979527025797,0.061470643465632,-0.8299350049502094,0.40657553213119,1.0,False,,
X2_to_X3,race_blind,COMPAS tool,break_even,Female vs Male,equalized_odds,0.2523364485981308,sex,False,0.4663967611336032,False,,,234,1001,,,,,0.7029961306909508,0.8910685887872078,False,0.7048077823648434,0.7029961306909508
X2_to_X3,race_priors_blind,TabPFN,0.5,African-American vs Caucasian,fpr,0.5,race,True,0.4668560606060606,False,0.4356435643564356,0.31640625,303,256,0.1192373143564356,0.0394711335588129,0.1990034951540583,2.89222140107277,0.0038252827596301,0.0114758482788905,True,,
X2_to_X3,race_priors_blind,TabPFN,0.5,African-American vs Caucasian,fnr,0.5,race,True,0.4668560606060606,False,0.3993993993993994,0.5121951219512195,333,164,-0.1127957225518201,-0.205637673691166,-0.0199537714124742,-2.3839985293480463,0.0171256708095896,0.0513770124287689,False,,
X2_to_X3,race_priors_blind,TabPFN,0.5,African-American vs Caucasian,equalized_odds,0.5,race,True,0.4668560606060606,False,,,636,420,,,,,0.0008745287767756,0.0026235863303268,True,14.083650714999417,0.0008745287767756
X2_to_X3,race_priors_blind,TabPFN,0.5,Hispanic vs Caucasian,fpr,0.5,race,False,0.395793499043977,False,0.375,0.31640625,64,256,0.05859375,-0.0729869284330047,0.1901744284330047,0.8929401954728154,0.3718892000800057,0.7437784001600114,False,,
X2_to_X3,race_priors_blind,TabPFN,0.5,Hispanic vs Caucasian,fnr,0.5,race,False,0.395793499043977,False,0.4358974358974359,0.5121951219512195,39,164,-0.0762976860537836,-0.2497116098961292,0.097116237788562,-0.8565502390974199,0.3916934964999241,0.4534513442142369,False,,
X2_to_X3,race_priors_blind,TabPFN,0.5,Hispanic vs Caucasian,equalized_odds,0.5,race,False,0.395793499043977,False,,,103,420,,,,,0.4677231569354252,0.9354463138708504,False,1.5197574062120882,0.4677231569354252
X2_to_X3,race_priors_blind,TabPFN,0.5,Other vs Caucasian,fpr,0.5,race,False,0.3905930470347648,False,0.3255813953488372,0.31640625,43,256,0.0091751453488372,-0.1420264468097429,0.1603767375074173,0.119571002691717,0.9048229913852956,0.9048229913852956,False,,
X2_to_X3,race_priors_blind,TabPFN,0.5,Other vs Caucasian,fnr,0.5,race,False,0.3905930470347648,False,0.3846153846153846,0.5121951219512195,26,164,-0.1275797373358349,-0.3296253710688877,0.0744658963972179,-1.2088364835464729,0.2267256721071184,0.4534513442142369,False,,
X2_to_X3,race_priors_blind,TabPFN,0.5,Other vs Caucasian,equalized_odds,0.5,race,False,0.3905930470347648,False,,,69,420,,,,,0.4752240546049742,0.9354463138708504,False,1.4879377845097723,0.4752240546049742
X2_to_X3,race_priors_blind,TabPFN,0.5,Female vs Male,fpr,0.5,sex,False,0.4631578947368421,False,0.0,0.4856046065259117,151,521,-0.4856046065259117,-0.5285205993175568,-0.4426886137342666,-10.844449173840188,2.1190846390285827e-27,8.476338556114331e-27,True,,
X2_to_X3,race_priors_blind,TabPFN,0.5,Female vs Male,fnr,0.5,sex,False,0.4631578947368421,False,1.0,0.3354166666666666,83,480,0.6645833333333333,0.6223461922317693,0.7068204744348973,11.281661200368086,1.6166398559356697e-29,6.466559423742679e-29,True,,
X2_to_X3,race_priors_blind,TabPFN,0.5,Female vs Male,equalized_odds,0.5,sex,False,0.4631578947368421,False,,,234,1001,,,,,1.3538557522907645e-71,5.415423009163057e-71,True,326.36116993651916,1.3538557522907645e-71
X2_to_X3,race_priors_blind,TabPFN,break_even,African-American vs Caucasian,fpr,0.2523364485981308,race,True,0.9791666666666666,False,0.99009900990099,0.94921875,303,256,0.04088025990099,0.0117667726689871,0.069993747132993,2.888024963991427,0.0038766910354503,0.011630073106351,True,,
X2_to_X3,race_priors_blind,TabPFN,break_even,African-American vs Caucasian,fnr,0.2523364485981308,race,True,0.9791666666666666,False,0.003003003003003,0.0304878048780487,333,164,-0.0274848018750457,-0.0544458483158851,-0.0005237554342064,-2.638143861905464,0.0083361209331881,0.0250083627995645,True,,
X2_to_X3,race_priors_blind,TabPFN,break_even,African-American vs Caucasian,equalized_odds,0.2523364485981308,race,True,0.9791666666666666,False,,,636,420,,,,,0.0004661493528079,0.0013984480584237,True,15.342008951199652,0.0004661493528079
X2_to_X3,race_priors_blind,TabPFN,break_even,Hispanic vs Caucasian,fpr,0.2523364485981308,race,False,0.9617590822179732,False,0.96875,0.94921875,64,256,0.01953125,-0.03087121727686,0.06993371727686,0.6611796049072862,0.5084971390779454,0.5084971390779454,False,,
X2_to_X3,race_priors_blind,TabPFN,break_even,Hispanic vs Caucasian,fnr,0.2523364485981308,race,False,0.9617590822179732,False,0.0,0.0304878048780487,39,164,-0.0304878048780487,-0.0568005332970459,-0.0041750764590516,-1.1041060903212176,0.2695471196769027,0.5390942393538054,False,,
X2_to_X3,race_priors_blind,TabPFN,break_even,Hispanic vs Caucasian,equalized_odds,0.2523364485981308,race,False,0.9617590822179732,False,,,103,420,,,,,0.2667495913104744,0.2667495913104744,False,2.6428898418167712,0.2667495913104744
X2_to_X3,race_priors_blind,TabPFN,break_even,Other vs Caucasian,fpr,0.2523364485981308,race,False,0.9631901840490796,False,1.0,0.94921875,43,256,0.05078125,0.0238867821182933,0.0776757178817066,1.5109096635350632,0.1308114684369097,0.2616229368738194,False,,
X2_to_X3,race_priors_blind,TabPFN,break_even,Other vs Caucasian,fnr,0.2523364485981308,race,False,0.9631901840490796,False,0.0,0.0304878048780487,26,164,-0.0304878048780487,-0.0568005332970459,-0.0041750764590516,-0.9022786652229708,0.3669088559197858,0.5390942393538054,False,,
X2_to_X3,race_priors_blind,TabPFN,break_even,Other vs Caucasian,equalized_odds,0.2523364485981308,race,False,0.9631901840490796,False,,,69,420,,,,,0.0599709167461171,0.1199418334922343,False,5.627791110346468,0.0599709167461171
X2_to_X3,race_priors_blind,TabPFN,break_even,Female vs Male,fpr,0.2523364485981308,sex,False,0.9805668016194332,False,0.8807947019867549,1.0,151,521,-0.119205298013245,-0.1708879443648707,-0.0675226516616194,-7.988447823001373,1.366482784082547e-15,5.465931136330188e-15,True,,
X2_to_X3,race_priors_blind,TabPFN,break_even,Female vs Male,fnr,0.2523364485981308,sex,False,0.9805668016194332,False,0.072289156626506,0.0,83,480,0.072289156626506,0.0165767473044109,0.128001565948601,5.92220992140824,3.176437841609279e-09,1.2705751366437117e-08,True,,
X2_to_X3,race_priors_blind,TabPFN,break_even,Female vs Male,equalized_odds,0.2523364485981308,sex,False,0.9805668016194332,False,,,234,1001,,,,,7.546749661387635e-18,3.018699864555054e-17,True,78.85082942350544,7.546749661387635e-18
X2_to_X3,race_priors_blind,COMPAS tool,0.5,African-American vs Caucasian,fpr,0.5,race,True,0.5037878787878788,False,0.4224422442244224,0.265625,303,256,0.1568172442244224,0.0792260320768059,0.234408456372039,3.871325340396728,0.0001082452044104,0.0004329808176416,True,,
X2_to_X3,race_priors_blind,COMPAS tool,0.5,African-American vs Caucasian,fnr,0.5,race,True,0.5037878787878788,False,0.2372372372372372,0.5,333,164,-0.2627627627627628,-0.3518883584094895,-0.173637167116036,-5.885772587297624,3.961987894976191e-09,1.5847951579904764e-08,True,,
X2_to_X3,race_priors_blind,COMPAS tool,0.5,African-American vs Caucasian,equalized_odds,0.5,race,True,0.5037878787878788,False,,,636,420,,,,,2.3292082388076535e-11,9.316832955230614e-11,True,48.96581524955299,2.3292082388076535e-11
X2_to_X3,race_priors_blind,COMPAS tool,0.5,Hispanic vs Caucasian,fpr,0.5,race,False,0.3441682600382409,False,0.203125,0.265625,64,256,-0.0625,-0.1749399422881932,0.0499399422881932,-1.028545518471772,0.3036932906962609,0.6073865813925219,False,,
X2_to_X3,race_priors_blind,COMPAS tool,0.5,Hispanic vs Caucasian,fnr,0.5,race,False,0.3441682600382409,False,0.5641025641025641,0.5,39,164,0.0641025641025641,-0.1093214035406079,0.2375265317457361,0.7198522744518148,0.4716159553878633,1.0,False,,
X2_to_X3,race_priors_blind,COMPAS tool,0.5,Hispanic vs Caucasian,equalized_odds,0.5,race,False,0.3441682600382409,False,,,103,420,,,,,0.4455342943936039,0.8910685887872078,False,1.6169621109497831,0.4455342943936039
X2_to_X3,race_priors_blind,COMPAS tool,0.5,Other vs Caucasian,fpr,0.5,race,False,0.3353783231083844,False,0.0697674418604651,0.265625,43,256,-0.1958575581395348,-0.2892655604270707,-0.1024495558519989,-2.7927595293567333,0.0052260526215954,0.0156781578647862,True,,
X2_to_X3,race_priors_blind,COMPAS tool,0.5,Other vs Caucasian,fnr,0.5,race,False,0.3353783231083844,False,0.5769230769230769,0.5,26,164,0.0769230769230768,-0.1278175771015649,0.2816637309477187,0.7289784749063989,0.466014829504519,1.0,False,,
X2_to_X3,race_priors_blind,COMPAS tool,0.5,Other vs Caucasian,equalized_odds,0.5,race,False,0.3353783231083844,False,,,69,420,,,,,0.0061582640292763,0.0184747920878291,True,10.179920709165463,0.0061582640292763
X2_to_X3,race_priors_blind,COMPAS tool,0.5,Female vs Male,fpr,0.5,sex,False,0.4663967611336032,False,0.3178807947019867,0.3147792706333973,151,521,0.0031015240685894,-0.081199169273228,0.0874022174104069,0.0722138137066458,0.9424317521274836,0.9424317521274836,False,,
X2_to_X3,race_priors_blind,COMPAS tool,0.5,Female vs Male,fnr,0.5,sex,False,0.4663967611336032,False,0.3132530120481928,0.3604166666666666,83,480,-0.0471636546184738,-0.1557979527025797,0.061470643465632,-0.8299350049502094,0.40657553213119,1.0,False,,
X2_to_X3,race_priors_blind,COMPAS tool,0.5,Female vs Male,equalized_odds,0.5,sex,False,0.4663967611336032,False,,,234,1001,,,,,0.7029961306909508,0.8910685887872078,False,0.7048077823648434,0.7029961306909508
X2_to_X3,race_priors_blind,COMPAS tool,break_even,African-American vs Caucasian,fpr,0.2523364485981308,race,True,0.5037878787878788,False,0.4224422442244224,0.265625,303,256,0.1568172442244224,0.0792260320768059,0.234408456372039,3.871325340396728,0.0001082452044104,0.0004329808176416,True,,
X2_to_X3,race_priors_blind,COMPAS tool,break_even,African-American vs Caucasian,fnr,0.2523364485981308,race,True,0.5037878787878788,False,0.2372372372372372,0.5,333,164,-0.2627627627627628,-0.3518883584094895,-0.173637167116036,-5.885772587297624,3.961987894976191e-09,1.5847951579904764e-08,True,,
X2_to_X3,race_priors_blind,COMPAS tool,break_even,African-American vs Caucasian,equalized_odds,0.2523364485981308,race,True,0.5037878787878788,False,,,636,420,,,,,2.3292082388076535e-11,9.316832955230614e-11,True,48.96581524955299,2.3292082388076535e-11
X2_to_X3,race_priors_blind,COMPAS tool,break_even,Hispanic vs Caucasian,fpr,0.2523364485981308,race,False,0.3441682600382409,False,0.203125,0.265625,64,256,-0.0625,-0.1749399422881932,0.0499399422881932,-1.028545518471772,0.3036932906962609,0.6073865813925219,False,,
X2_to_X3,race_priors_blind,COMPAS tool,break_even,Hispanic vs Caucasian,fnr,0.2523364485981308,race,False,0.3441682600382409,False,0.5641025641025641,0.5,39,164,0.0641025641025641,-0.1093214035406079,0.2375265317457361,0.7198522744518148,0.4716159553878633,1.0,False,,
X2_to_X3,race_priors_blind,COMPAS tool,break_even,Hispanic vs Caucasian,equalized_odds,0.2523364485981308,race,False,0.3441682600382409,False,,,103,420,,,,,0.4455342943936039,0.8910685887872078,False,1.6169621109497831,0.4455342943936039
X2_to_X3,race_priors_blind,COMPAS tool,break_even,Other vs Caucasian,fpr,0.2523364485981308,race,False,0.3353783231083844,False,0.0697674418604651,0.265625,43,256,-0.1958575581395348,-0.2892655604270707,-0.1024495558519989,-2.7927595293567333,0.0052260526215954,0.0156781578647862,True,,
X2_to_X3,race_priors_blind,COMPAS tool,break_even,Other vs Caucasian,fnr,0.2523364485981308,race,False,0.3353783231083844,False,0.5769230769230769,0.5,26,164,0.0769230769230768,-0.1278175771015649,0.2816637309477187,0.7289784749063989,0.466014829504519,1.0,False,,
X2_to_X3,race_priors_blind,COMPAS tool,break_even,Other vs Caucasian,equalized_odds,0.2523364485981308,race,False,0.3353783231083844,False,,,69,420,,,,,0.0061582640292763,0.0184747920878291,True,10.179920709165463,0.0061582640292763
X2_to_X3,race_priors_blind,COMPAS tool,break_even,Female vs Male,fpr,0.2523364485981308,sex,False,0.4663967611336032,False,0.3178807947019867,0.3147792706333973,151,521,0.0031015240685894,-0.081199169273228,0.0874022174104069,0.0722138137066458,0.9424317521274836,0.9424317521274836,False,,
X2_to_X3,race_priors_blind,COMPAS tool,break_even,Female vs Male,fnr,0.2523364485981308,sex,False,0.4663967611336032,False,0.3132530120481928,0.3604166666666666,83,480,-0.0471636546184738,-0.1557979527025797,0.061470643465632,-0.8299350049502094,0.40657553213119,1.0,False,,
X2_to_X3,race_priors_blind,COMPAS tool,break_even,Female vs Male,equalized_odds,0.2523364485981308,sex,False,0.4663967611336032,False,,,234,1001,,,,,0.7029961306909508,0.8910685887872078,False,0.7048077823648434,0.7029961306909508
X2_to_X3,race_proxy_blind,TabPFN,0.5,African-American vs Caucasian,fpr,0.5,race,True,0.178030303030303,False,0.1551155115511551,0.1015625,303,256,0.0535530115511551,-0.001499285816231,0.1086053089185412,1.8721969549425508,0.061179360220908,0.1835380806627241,False,,
X2_to_X3,race_proxy_blind,TabPFN,0.5,African-American vs Caucasian,fnr,0.5,race,True,0.178030303030303,False,0.7417417417417418,0.823170731707317,333,164,-0.0814289899655752,-0.1563914801193101,-0.0064664998118404,-2.024047412242339,0.0429652736598039,0.1288958209794117,False,,
X2_to_X3,race_proxy_blind,TabPFN,0.5,African-American vs Caucasian,equalized_odds,0.5,race,True,0.178030303030303,False,,,636,420,,,,,0.0202506881407911,0.0607520644223733,False,7.799133007491365,0.0202506881407911
X2_to_X3,race_proxy_blind,TabPFN,0.5,Hispanic vs Caucasian,fpr,0.5,race,False,0.141491395793499,False,0.140625,0.1015625,64,256,0.0390625,-0.0537974190832726,0.1319224190832726,0.8955473256792901,0.3704945790467679,0.7409891580935359,False,,
X2_to_X3,race_proxy_blind,TabPFN,0.5,Hispanic vs Caucasian,fnr,0.5,race,False,0.141491395793499,False,0.7435897435897436,0.823170731707317,39,164,-0.0795809881175734,-0.2285432354557151,0.0693812592205683,-1.1338545475338448,0.2568555656143025,0.2568555656143025,False,,
X2_to_X3,race_proxy_blind,TabPFN,0.5,Hispanic vs Caucasian,equalized_odds,0.5,race,False,0.141491395793499,False,,,103,420,,,,,0.3726202003884133,0.6316284137760456,False,1.9743912152156935,0.3726202003884133
X2_to_X3,race_proxy_blind,TabPFN,0.5,Other vs Caucasian,fpr,0.5,race,False,0.1390593047034765,False,0.1162790697674418,0.1015625,43,256,0.0147165697674418,-0.0879930696533606,0.1174262091882443,0.292919412441861,0.7695837503588311,0.7695837503588311,False,,
X2_to_X3,race_proxy_blind,TabPFN,0.5,Other vs Caucasian,fnr,0.5,race,False,0.1390593047034765,False,0.6923076923076923,0.823170731707317,26,164,-0.1308630393996247,-0.3176318275392602,0.0559057487400107,-1.565509920191733,0.1174633931797659,0.2349267863595319,False,,
X2_to_X3,race_proxy_blind,TabPFN,0.5,Other vs Caucasian,equalized_odds,0.5,race,False,0.1390593047034765,False,,,69,420,,,,,0.3158142068880228,0.6316284137760456,False,2.305202382386613,0.3158142068880228
X2_to_X3,race_proxy_blind,TabPFN,0.5,Female vs Male,fpr,0.5,sex,False,0.1789473684210526,False,0.0,0.1689059500959693,151,521,-0.1689059500959693,-0.2010778560377112,-0.1367340441542273,-5.417378265748963,6.047930013577038e-08,2.419172005430815e-07,True,,
X2_to_X3,race_proxy_blind,TabPFN,0.5,Female vs Male,fnr,0.5,sex,False,0.1789473684210526,False,1.0,0.7229166666666667,83,480,0.2770833333333333,0.2370449260686118,0.3171217405980548,5.4873696590619625,4.0796282955155466e-08,1.6318513182062186e-07,True,,
X2_to_X3,race_proxy_blind,TabPFN,0.5,Female vs Male,equalized_odds,0.5,sex,False,0.1789473684210526,False,,,234,1001,,,,,6.650001224601549e-22,2.66000048984062e-21,True,97.5245100141013,6.650001224601549e-22
X2_to_X3,race_proxy_blind,TabPFN,break_even,African-American vs Caucasian,fpr,0.2523364485981308,race,True,1.0,True,1.0,1.0,303,256,0.0,,,,1.0,1.0,False,,
X2_to_X3,race_proxy_blind,TabPFN,break_even,African-American vs Caucasian,fnr,0.2523364485981308,race,True,1.0,True,0.0,0.0,333,164,0.0,,,,1.0,1.0,False,,
X2_to_X3,race_proxy_blind,TabPFN,break_even,African-American vs Caucasian,equalized_odds,0.2523364485981308,race,True,1.0,True,,,636,420,,,,,1.0,1.0,False,0.0,1.0
X2_to_X3,race_proxy_blind,TabPFN,break_even,Hispanic vs Caucasian,fpr,0.2523364485981308,race,False,1.0,True,1.0,1.0,64,256,0.0,,,,1.0,1.0,False,,
X2_to_X3,race_proxy_blind,TabPFN,break_even,Hispanic vs Caucasian,fnr,0.2523364485981308,race,False,1.0,True,0.0,0.0,39,164,0.0,,,,1.0,1.0,False,,
X2_to_X3,race_proxy_blind,TabPFN,break_even,Hispanic vs Caucasian,equalized_odds,0.2523364485981308,race,False,1.0,True,,,103,420,,,,,1.0,1.0,False,0.0,1.0
X2_to_X3,race_proxy_blind,TabPFN,break_even,Other vs Caucasian,fpr,0.2523364485981308,race,False,1.0,True,1.0,1.0,43,256,0.0,,,,1.0,1.0,False,,
X2_to_X3,race_proxy_blind,TabPFN,break_even,Other vs Caucasian,fnr,0.2523364485981308,race,False,1.0,True,0.0,0.0,26,164,0.0,,,,1.0,1.0,False,,
X2_to_X3,race_proxy_blind,TabPFN,break_even,Other vs Caucasian,equalized_odds,0.2523364485981308,race,False,1.0,True,,,69,420,,,,,1.0,1.0,False,0.0,1.0
X2_to_X3,race_proxy_blind,TabPFN,break_even,Female vs Male,fpr,0.2523364485981308,sex,False,1.0,True,1.0,1.0,151,521,0.0,,,,1.0,1.0,False,,
X2_to_X3,race_proxy_blind,TabPFN,break_even,Female vs Male,fnr,0.2523364485981308,sex,False,1.0,True,0.0,0.0,83,480,0.0,,,,1.0,1.0,False,,
X2_to_X3,race_proxy_blind,TabPFN,break_even,Female vs Male,equalized_odds,0.2523364485981308,sex,False,1.0,True,,,234,1001,,,,,1.0,1.0,False,0.0,1.0
X2_to_X3,race_proxy_blind,COMPAS tool,0.5,African-American vs Caucasian,fpr,0.5,race,True,0.5037878787878788,False,0.4224422442244224,0.265625,303,256,0.1568172442244224,0.0792260320768059,0.234408456372039,3.871325340396728,0.0001082452044104,0.0004329808176416,True,,
X2_to_X3,race_proxy_blind,COMPAS tool,0.5,African-American vs Caucasian,fnr,0.5,race,True,0.5037878787878788,False,0.2372372372372372,0.5,333,164,-0.2627627627627628,-0.3518883584094895,-0.173637167116036,-5.885772587297624,3.961987894976191e-09,1.5847951579904764e-08,True,,
X2_to_X3,race_proxy_blind,COMPAS tool,0.5,African-American vs Caucasian,equalized_odds,0.5,race,True,0.5037878787878788,False,,,636,420,,,,,2.3292082388076535e-11,9.316832955230614e-11,True,48.96581524955299,2.3292082388076535e-11
X2_to_X3,race_proxy_blind,COMPAS tool,0.5,Hispanic vs Caucasian,fpr,0.5,race,False,0.3441682600382409,False,0.203125,0.265625,64,256,-0.0625,-0.1749399422881932,0.0499399422881932,-1.028545518471772,0.3036932906962609,0.6073865813925219,False,,
X2_to_X3,race_proxy_blind,COMPAS tool,0.5,Hispanic vs Caucasian,fnr,0.5,race,False,0.3441682600382409,False,0.5641025641025641,0.5,39,164,0.0641025641025641,-0.1093214035406079,0.2375265317457361,0.7198522744518148,0.4716159553878633,1.0,False,,
X2_to_X3,race_proxy_blind,COMPAS tool,0.5,Hispanic vs Caucasian,equalized_odds,0.5,race,False,0.3441682600382409,False,,,103,420,,,,,0.4455342943936039,0.8910685887872078,False,1.6169621109497831,0.4455342943936039
X2_to_X3,race_proxy_blind,COMPAS tool,0.5,Other vs Caucasian,fpr,0.5,race,False,0.3353783231083844,False,0.0697674418604651,0.265625,43,256,-0.1958575581395348,-0.2892655604270707,-0.1024495558519989,-2.7927595293567333,0.0052260526215954,0.0156781578647862,True,,
X2_to_X3,race_proxy_blind,COMPAS tool,0.5,Other vs Caucasian,fnr,0.5,race,False,0.3353783231083844,False,0.5769230769230769,0.5,26,164,0.0769230769230768,-0.1278175771015649,0.2816637309477187,0.7289784749063989,0.466014829504519,1.0,False,,
X2_to_X3,race_proxy_blind,COMPAS tool,0.5,Other vs Caucasian,equalized_odds,0.5,race,False,0.3353783231083844,False,,,69,420,,,,,0.0061582640292763,0.0184747920878291,True,10.179920709165463,0.0061582640292763
X2_to_X3,race_proxy_blind,COMPAS tool,0.5,Female vs Male,fpr,0.5,sex,False,0.4663967611336032,False,0.3178807947019867,0.3147792706333973,151,521,0.0031015240685894,-0.081199169273228,0.0874022174104069,0.0722138137066458,0.9424317521274836,0.9424317521274836,False,,
X2_to_X3,race_proxy_blind,COMPAS tool,0.5,Female vs Male,fnr,0.5,sex,False,0.4663967611336032,False,0.3132530120481928,0.3604166666666666,83,480,-0.0471636546184738,-0.1557979527025797,0.061470643465632,-0.8299350049502094,0.40657553213119,1.0,False,,
X2_to_X3,race_proxy_blind,COMPAS tool,0.5,Female vs Male,equalized_odds,0.5,sex,False,0.4663967611336032,False,,,234,1001,,,,,0.7029961306909508,0.8910685887872078,False,0.7048077823648434,0.7029961306909508
X2_to_X3,race_proxy_blind,COMPAS tool,break_even,African-American vs Caucasian,fpr,0.2523364485981308,race,True,0.5037878787878788,False,0.4224422442244224,0.265625,303,256,0.1568172442244224,0.0792260320768059,0.234408456372039,3.871325340396728,0.0001082452044104,0.0004329808176416,True,,
X2_to_X3,race_proxy_blind,COMPAS tool,break_even,African-American vs Caucasian,fnr,0.2523364485981308,race,True,0.5037878787878788,False,0.2372372372372372,0.5,333,164,-0.2627627627627628,-0.3518883584094895,-0.173637167116036,-5.885772587297624,3.961987894976191e-09,1.5847951579904764e-08,True,,
X2_to_X3,race_proxy_blind,COMPAS tool,break_even,African-American vs Caucasian,equalized_odds,0.2523364485981308,race,True,0.5037878787878788,False,,,636,420,,,,,2.3292082388076535e-11,9.316832955230614e-11,True,48.96581524955299,2.3292082388076535e-11
X2_to_X3,race_proxy_blind,COMPAS tool,break_even,Hispanic vs Caucasian,fpr,0.2523364485981308,race,False,0.3441682600382409,False,0.203125,0.265625,64,256,-0.0625,-0.1749399422881932,0.0499399422881932,-1.028545518471772,0.3036932906962609,0.6073865813925219,False,,
X2_to_X3,race_proxy_blind,COMPAS tool,break_even,Hispanic vs Caucasian,fnr,0.2523364485981308,race,False,0.3441682600382409,False,0.5641025641025641,0.5,39,164,0.0641025641025641,-0.1093214035406079,0.2375265317457361,0.7198522744518148,0.4716159553878633,1.0,False,,
X2_to_X3,race_proxy_blind,COMPAS tool,break_even,Hispanic vs Caucasian,equalized_odds,0.2523364485981308,race,False,0.3441682600382409,False,,,103,420,,,,,0.4455342943936039,0.8910685887872078,False,1.6169621109497831,0.4455342943936039
X2_to_X3,race_proxy_blind,COMPAS tool,break_even,Other vs Caucasian,fpr,0.2523364485981308,race,False,0.3353783231083844,False,0.0697674418604651,0.265625,43,256,-0.1958575581395348,-0.2892655604270707,-0.1024495558519989,-2.7927595293567333,0.0052260526215954,0.0156781578647862,True,,
X2_to_X3,race_proxy_blind,COMPAS tool,break_even,Other vs Caucasian,fnr,0.2523364485981308,race,False,0.3353783231083844,False,0.5769230769230769,0.5,26,164,0.0769230769230768,-0.1278175771015649,0.2816637309477187,0.7289784749063989,0.466014829504519,1.0,False,,
X2_to_X3,race_proxy_blind,COMPAS tool,break_even,Other vs Caucasian,equalized_odds,0.2523364485981308,race,False,0.3353783231083844,False,,,69,420,,,,,0.0061582640292763,0.0184747920878291,True,10.179920709165463,0.0061582640292763
X2_to_X3,race_proxy_blind,COMPAS tool,break_even,Female vs Male,fpr,0.2523364485981308,sex,False,0.4663967611336032,False,0.3178807947019867,0.3147792706333973,151,521,0.0031015240685894,-0.081199169273228,0.0874022174104069,0.0722138137066458,0.9424317521274836,0.9424317521274836,False,,
X2_to_X3,race_proxy_blind,COMPAS tool,break_even,Female vs Male,fnr,0.2523364485981308,sex,False,0.4663967611336032,False,0.3132530120481928,0.3604166666666666,83,480,-0.0471636546184738,-0.1557979527025797,0.061470643465632,-0.8299350049502094,0.40657553213119,1.0,False,,
X2_to_X3,race_proxy_blind,COMPAS tool,break_even,Female vs Male,equalized_odds,0.2523364485981308,sex,False,0.4663967611336032,False,,,234,1001,,,,,0.7029961306909508,0.8910685887872078,False,0.7048077823648434,0.7029961306909508
X2_to_X3,sex_blind,TabPFN,0.5,African-American vs Caucasian,fpr,0.5,race,True,0.4005681818181818,False,0.33003300330033,0.171875,303,256,0.15815800330033,0.0878793648767291,0.2284366417239308,4.260230330081395,2.0421634342364057e-05,8.168653736945623e-05,True,,
X2_to_X3,sex_blind,TabPFN,0.5,African-American vs Caucasian,fnr,0.5,race,True,0.4005681818181818,False,0.3423423423423423,0.6341463414634146,333,164,-0.2918039991210723,-0.3814232630991331,-0.2021847351430114,-6.164290911958275,7.079967828944589e-10,2.8319871315778355e-09,True,,
X2_to_X3,sex_blind,TabPFN,0.5,African-American vs Caucasian,equalized_odds,0.5,race,True,0.4005681818181818,False,,,636,420,,,,,4.808586244489384e-13,1.9234344977957537e-12,True,56.72640617614494,4.808586244489384e-13
X2_to_X3,sex_blind,TabPFN,0.5,Hispanic vs Caucasian,fpr,0.5,race,False,0.2466539196940726,False,0.140625,0.171875,64,256,-0.03125,-0.1281497011130826,0.0656497011130826,-0.6015080099930415,0.547501678351999,1.0,False,,
X2_to_X3,sex_blind,TabPFN,0.5,Hispanic vs Caucasian,fnr,0.5,race,False,0.2466539196940726,False,0.5897435897435898,0.6341463414634146,39,164,-0.0444027517198248,-0.2154752641397826,0.1266697607001329,-0.5149955481795668,0.6065561308990495,0.6065561308990495,False,,
X2_to_X3,sex_blind,TabPFN,0.5,Hispanic vs Caucasian,equalized_odds,0.5,race,False,0.2466539196940726,False,,,103,420,,,,,0.7273640754483015,0.7273640754483015,False,0.6366562705292194,0.7273640754483015
X2_to_X3,sex_blind,TabPFN,0.5,Other vs Caucasian,fpr,0.5,race,False,0.2494887525562372,False,0.1162790697674418,0.171875,43,256,-0.0555959302325581,-0.1619719497745774,0.0507800893094611,-0.9113071160183832,0.3621335780673792,1.0,False,,
X2_to_X3,sex_blind,TabPFN,0.5,Other vs Caucasian,fnr,0.5,race,False,0.2494887525562372,False,0.5,0.6341463414634146,26,164,-0.1341463414634146,-0.3399896662007419,0.0716969832739126,-1.3065013725908037,0.1913821125577816,0.3827642251155632,False,,
X2_to_X3,sex_blind,TabPFN,0.5,Other vs Caucasian,equalized_odds,0.5,race,False,0.2494887525562372,False,,,69,420,,,,,0.2776589032080753,0.5553178064161507,False,2.5627237710181294,0.2776589032080753
X2_to_X3,sex_blind,TabPFN,0.5,Female vs Male,fpr,0.5,sex,False,0.377327935222672,False,0.2119205298013245,0.2418426103646833,151,521,-0.0299220805633587,-0.1047597697659186,0.044915608639201,-0.7634377955165311,0.4452023466211472,1.0,False,,
X2_to_X3,sex_blind,TabPFN,0.5,Female vs Male,fnr,0.5,sex,False,0.377327935222672,False,0.6265060240963856,0.4229166666666666,83,480,0.2035893574297189,0.090526678967341,0.3166520358920967,3.4405152365099863,0.0005806077455733,0.00174182323672,True,,
X2_to_X3,sex_blind,TabPFN,0.5,Female vs Male,equalized_odds,0.5,sex,False,0.377327935222672,False,,,234,1001,,,,,0.0020076731697598,0.0060230195092794,True,12.421557708927986,0.0020076731697598
X2_to_X3,sex_blind,TabPFN,break_even,African-American vs Caucasian,fpr,0.2523364485981308,race,True,0.7537878787878788,False,0.7029702970297029,0.58984375,303,256,0.1131265470297029,0.033895729661197,0.1923573643982087,2.796042282676886,0.0051732631764099,0.0206930527056397,True,,
X2_to_X3,sex_blind,TabPFN,break_even,African-American vs Caucasian,fnr,0.2523364485981308,race,True,0.7537878787878788,False,0.1111111111111111,0.1707317073170731,333,164,-0.059620596205962,-0.126371691161802,0.0071304987498778,-1.8536169754624203,0.0637939772347312,0.1913819317041937,False,,
X2_to_X3,sex_blind,TabPFN,break_even,African-American vs Caucasian,equalized_odds,0.2523364485981308,race,True,0.7537878787878788,False,,,636,420,,,,,0.0038365313273341,0.0153461253093365,True,11.126373241554711,0.0038365313273341
X2_to_X3,sex_blind,TabPFN,break_even,Hispanic vs Caucasian,fpr,0.2523364485981308,race,False,0.6921606118546845,False,0.640625,0.58984375,64,256,0.05078125,-0.081313505609897,0.182876005609897,0.7417076299549125,0.4582644959646691,0.9165289919293382,False,,
X2_to_X3,sex_blind,TabPFN,break_even,Hispanic vs Caucasian,fnr,0.2523364485981308,race,False,0.6921606118546845,False,0.1282051282051282,0.1707317073170731,39,164,-0.0425265791119449,-0.1622155333394302,0.0771623751155402,-0.6469657125372101,0.5176541346579056,1.0,False,,
X2_to_X3,sex_blind,TabPFN,break_even,Hispanic vs Caucasian,equalized_odds,0.2523364485981308,race,False,0.6921606118546845,False,,,103,420,,,,,0.6081864100899017,0.6081864100899017,False,0.9945476969283548,0.6081864100899017
X2_to_X3,sex_blind,TabPFN,break_even,Other vs Caucasian,fpr,0.2523364485981308,race,False,0.6687116564417178,False,0.4186046511627907,0.58984375,43,256,-0.1712390988372092,-0.3305265505271758,-0.0119516471472427,-2.095934516413388,0.0360880002953808,0.1082640008861424,False,,
X2_to_X3,sex_blind,TabPFN,break_even,Other vs Caucasian,fnr,0.2523364485981308,race,False,0.6687116564417178,False,0.1538461538461538,0.1707317073170731,26,164,-0.0168855534709193,-0.1670517312222924,0.1332806242804537,-0.2137455915426362,0.8307454559378824,1.0,False,,
X2_to_X3,sex_blind,TabPFN,break_even,Other vs Caucasian,equalized_odds,0.2523364485981308,race,False,0.6687116564417178,False,,,69,420,,,,,0.1107784182572454,0.3323352547717365,False,4.4004466094260835,0.1107784182572454
X2_to_X3,sex_blind,TabPFN,break_even,Female vs Male,fpr,0.2523364485981308,sex,False,0.7408906882591093,False,0.6158940397350994,0.6391554702495201,151,521,-0.0232614305144207,-0.1111185137055326,0.0645956526766911,-0.5224635991398638,0.6013475845089845,0.9165289919293382,False,,
X2_to_X3,sex_blind,TabPFN,break_even,Female vs Male,fnr,0.2523364485981308,sex,False,0.7408906882591093,False,0.2048192771084337,0.11875,83,480,0.0860692771084337,-0.0054483810096411,0.1775869352265086,2.142849787077798,0.032125162044405,0.1285006481776202,False,,
X2_to_X3,sex_blind,TabPFN,break_even,Female vs Male,equalized_odds,0.2523364485981308,sex,False,0.7408906882591093,False,,,234,1001,,,,,0.1108814221636816,0.3323352547717365,False,4.3985878349425365,0.1108814221636816
X2_to_X3,sex_blind,COMPAS tool,0.5,African-American vs Caucasian,fpr,0.5,race,True,0.5037878787878788,False,0.4224422442244224,0.265625,303,256,0.1568172442244224,0.0792260320768059,0.234408456372039,3.871325340396728,0.0001082452044104,0.0004329808176416,True,,
X2_to_X3,sex_blind,COMPAS tool,0.5,African-American vs Caucasian,fnr,0.5,race,True,0.5037878787878788,False,0.2372372372372372,0.5,333,164,-0.2627627627627628,-0.3518883584094895,-0.173637167116036,-5.885772587297624,3.961987894976191e-09,1.5847951579904764e-08,True,,
X2_to_X3,sex_blind,COMPAS tool,0.5,African-American vs Caucasian,equalized_odds,0.5,race,True,0.5037878787878788,False,,,636,420,,,,,2.3292082388076535e-11,9.316832955230614e-11,True,48.96581524955299,2.3292082388076535e-11
X2_to_X3,sex_blind,COMPAS tool,0.5,Hispanic vs Caucasian,fpr,0.5,race,False,0.3441682600382409,False,0.203125,0.265625,64,256,-0.0625,-0.1749399422881932,0.0499399422881932,-1.028545518471772,0.3036932906962609,0.6073865813925219,False,,
X2_to_X3,sex_blind,COMPAS tool,0.5,Hispanic vs Caucasian,fnr,0.5,race,False,0.3441682600382409,False,0.5641025641025641,0.5,39,164,0.0641025641025641,-0.1093214035406079,0.2375265317457361,0.7198522744518148,0.4716159553878633,1.0,False,,
X2_to_X3,sex_blind,COMPAS tool,0.5,Hispanic vs Caucasian,equalized_odds,0.5,race,False,0.3441682600382409,False,,,103,420,,,,,0.4455342943936039,0.8910685887872078,False,1.6169621109497831,0.4455342943936039
X2_to_X3,sex_blind,COMPAS tool,0.5,Other vs Caucasian,fpr,0.5,race,False,0.3353783231083844,False,0.0697674418604651,0.265625,43,256,-0.1958575581395348,-0.2892655604270707,-0.1024495558519989,-2.7927595293567333,0.0052260526215954,0.0156781578647862,True,,
X2_to_X3,sex_blind,COMPAS tool,0.5,Other vs Caucasian,fnr,0.5,race,False,0.3353783231083844,False,0.5769230769230769,0.5,26,164,0.0769230769230768,-0.1278175771015649,0.2816637309477187,0.7289784749063989,0.466014829504519,1.0,False,,
X2_to_X3,sex_blind,COMPAS tool,0.5,Other vs Caucasian,equalized_odds,0.5,race,False,0.3353783231083844,False,,,69,420,,,,,0.0061582640292763,0.0184747920878291,True,10.179920709165463,0.0061582640292763
X2_to_X3,sex_blind,COMPAS tool,0.5,Female vs Male,fpr,0.5,sex,False,0.4663967611336032,False,0.3178807947019867,0.3147792706333973,151,521,0.0031015240685894,-0.081199169273228,0.0874022174104069,0.0722138137066458,0.9424317521274836,0.9424317521274836,False,,
X2_to_X3,sex_blind,COMPAS tool,0.5,Female vs Male,fnr,0.5,sex,False,0.4663967611336032,False,0.3132530120481928,0.3604166666666666,83,480,-0.0471636546184738,-0.1557979527025797,0.061470643465632,-0.8299350049502094,0.40657553213119,1.0,False,,
X2_to_X3,sex_blind,COMPAS tool,0.5,Female vs Male,equalized_odds,0.5,sex,False,0.4663967611336032,False,,,234,1001,,,,,0.7029961306909508,0.8910685887872078,False,0.7048077823648434,0.7029961306909508
X2_to_X3,sex_blind,COMPAS tool,break_even,African-American vs Caucasian,fpr,0.2523364485981308,race,True,0.5037878787878788,False,0.4224422442244224,0.265625,303,256,0.1568172442244224,0.0792260320768059,0.234408456372039,3.871325340396728,0.0001082452044104,0.0004329808176416,True,,
X2_to_X3,sex_blind,COMPAS tool,break_even,African-American vs Caucasian,fnr,0.2523364485981308,race,True,0.5037878787878788,False,0.2372372372372372,0.5,333,164,-0.2627627627627628,-0.3518883584094895,-0.173637167116036,-5.885772587297624,3.961987894976191e-09,1.5847951579904764e-08,True,,
X2_to_X3,sex_blind,COMPAS tool,break_even,African-American vs Caucasian,equalized_odds,0.2523364485981308,race,True,0.5037878787878788,False,,,636,420,,,,,2.3292082388076535e-11,9.316832955230614e-11,True,48.96581524955299,2.3292082388076535e-11
X2_to_X3,sex_blind,COMPAS tool,break_even,Hispanic vs Caucasian,fpr,0.2523364485981308,race,False,0.3441682600382409,False,0.203125,0.265625,64,256,-0.0625,-0.1749399422881932,0.0499399422881932,-1.028545518471772,0.3036932906962609,0.6073865813925219,False,,
X2_to_X3,sex_blind,COMPAS tool,break_even,Hispanic vs Caucasian,fnr,0.2523364485981308,race,False,0.3441682600382409,False,0.5641025641025641,0.5,39,164,0.0641025641025641,-0.1093214035406079,0.2375265317457361,0.7198522744518148,0.4716159553878633,1.0,False,,
X2_to_X3,sex_blind,COMPAS tool,break_even,Hispanic vs Caucasian,equalized_odds,0.2523364485981308,race,False,0.3441682600382409,False,,,103,420,,,,,0.4455342943936039,0.8910685887872078,False,1.6169621109497831,0.4455342943936039
X2_to_X3,sex_blind,COMPAS tool,break_even,Other vs Caucasian,fpr,0.2523364485981308,race,False,0.3353783231083844,False,0.0697674418604651,0.265625,43,256,-0.1958575581395348,-0.2892655604270707,-0.1024495558519989,-2.7927595293567333,0.0052260526215954,0.0156781578647862,True,,
X2_to_X3,sex_blind,COMPAS tool,break_even,Other vs Caucasian,fnr,0.2523364485981308,race,False,0.3353783231083844,False,0.5769230769230769,0.5,26,164,0.0769230769230768,-0.1278175771015649,0.2816637309477187,0.7289784749063989,0.466014829504519,1.0,False,,
X2_to_X3,sex_blind,COMPAS tool,break_even,Other vs Caucasian,equalized_odds,0.2523364485981308,race,False,0.3353783231083844,False,,,69,420,,,,,0.0061582640292763,0.0184747920878291,True,10.179920709165463,0.0061582640292763
X2_to_X3,sex_blind,COMPAS tool,break_even,Female vs Male,fpr,0.2523364485981308,sex,False,0.4663967611336032,False,0.3178807947019867,0.3147792706333973,151,521,0.0031015240685894,-0.081199169273228,0.0874022174104069,0.0722138137066458,0.9424317521274836,0.9424317521274836,False,,
X2_to_X3,sex_blind,COMPAS tool,break_even,Female vs Male,fnr,0.2523364485981308,sex,False,0.4663967611336032,False,0.3132530120481928,0.3604166666666666,83,480,-0.0471636546184738,-0.1557979527025797,0.061470643465632,-0.8299350049502094,0.40657553213119,1.0,False,,
X2_to_X3,sex_blind,COMPAS tool,break_even,Female vs Male,equalized_odds,0.2523364485981308,sex,False,0.4663967611336032,False,,,234,1001,,,,,0.7029961306909508,0.8910685887872078,False,0.7048077823648434,0.7029961306909508
holdout,age_blind,TabPFN,0.5,African-American vs Caucasian,fpr,0.5,race,True,0.372891942535915,False,0.3325842696629214,0.1580246913580247,445,405,0.1745595783048966,0.1181841494376674,0.2309350071721259,5.874655368975216,4.237239134885025e-09,1.69489565395401e-08,True,,
holdout,age_blind,TabPFN,0.5,African-American vs Caucasian,fnr,0.5,race,True,0.372891942535915,False,0.3874755381604696,0.7,511,240,-0.3125244618395303,-0.3842564233967392,-0.2407925002823213,-7.990043577973695,1.348910634508428e-15,5.395642538033712e-15,True,,
holdout,age_blind,TabPFN,0.5,African-American vs Caucasian,equalized_odds,0.5,race,True,0.372891942535915,False,,,956,645,,,,,1.5125024368365336e-22,6.050009747346134e-22,True,100.48621304763172,1.5125024368365336e-22
holdout,age_blind,TabPFN,0.5,Hispanic vs Caucasian,fpr,0.5,race,False,0.2137404580152671,False,0.1234567901234567,0.1580246913580247,81,405,-0.0345679012345679,-0.1145314512222563,0.0453956487531205,-0.7904905823586331,0.4292413200445256,0.4292413200445256,False,,
holdout,age_blind,TabPFN,0.5,Hispanic vs Caucasian,fnr,0.5,race,False,0.2137404580152671,False,0.6333333333333333,0.7,60,240,-0.0666666666666666,-0.201682017152157,0.0683486838188237,-0.9957563333869748,0.3193685515994833,0.6387371031989666,False,,
holdout,age_blind,TabPFN,0.5,Hispanic vs Caucasian,equalized_odds,0.5,race,False,0.2137404580152671,False,,,141,645,,,,,0.4437389329679242,0.4437389329679242,False,1.6250377565882133,0.4437389329679242
holdout,age_blind,TabPFN,0.5,Other vs Caucasian,fpr,0.5,race,False,0.1994609164420485,False,0.0735294117647058,0.1580246913580247,68,405,-0.0844952795933188,-0.1559824526441761,-0.0130081065424614,-1.826542398807427,0.0677686008065971,0.1355372016131943,False,,
holdout,age_blind,TabPFN,0.5,Other vs Caucasian,fnr,0.5,race,False,0.1994609164420485,False,0.7586206896551724,0.7,29,240,0.0586206896551724,-0.1075644015190395,0.2248057808293844,0.654698486834352,0.5126618996919825,0.6387371031989666,False,,
holdout,age_blind,TabPFN,0.5,Other vs Caucasian,equalized_odds,0.5,race,False,0.1994609164420485,False,,,97,645,,,,,0.1161128125395572,0.2322256250791144,False,4.306386077152148,0.1161128125395572
holdout,age_blind,TabPFN,0.5,Female vs Male,fpr,0.5,sex,False,0.3461123110151188,False,0.0987124463519313,0.2628865979381443,233,776,-0.164174151586213,-0.213429381174373,-0.114918921998053,-5.263115245211548,1.4163473356859042e-07,4.249042007057713e-07,True,,
holdout,age_blind,TabPFN,0.5,Female vs Male,fnr,0.5,sex,False,0.3461123110151188,False,0.6929133858267716,0.4762569832402235,127,716,0.2166564025865481,0.1284832321206362,0.3048295730524601,4.5010607029789815,6.761519047800593e-06,2.0284557143401775e-05,True,,
holdout,age_blind,TabPFN,0.5,Female vs Male,equalized_odds,0.5,sex,False,0.3461123110151188,False,,,360,1492,,,,,4.155483190609879e-12,1.2466449571829636e-11,True,52.41318480604053,4.155483190609879e-12
holdout,age_blind,TabPFN,break_even,African-American vs Caucasian,fpr,0.2523364485981308,race,True,0.8713304184884447,False,0.9415730337078652,0.6765432098765433,445,405,0.2650298238313219,0.2145268935552066,0.3155327541074372,9.944782388226544,2.657542219830573e-23,7.972626659491721e-23,True,,
holdout,age_blind,TabPFN,break_even,African-American vs Caucasian,fnr,0.2523364485981308,race,True,0.8713304184884447,False,0.009784735812133,0.1833333333333333,511,240,-0.1735485975212002,-0.2232406789585998,-0.1238565160838006,-8.980293933169909,2.700443647572804e-19,1.0801774590291217e-18,True,,
holdout,age_blind,TabPFN,break_even,African-American vs Caucasian,equalized_odds,0.2523364485981308,race,True,0.8713304184884447,False,,,956,645,,,,,2.098599011016818e-40,8.394396044067274e-40,True,182.7242674705576,2.098599011016818e-40
holdout,age_blind,TabPFN,break_even,Hispanic vs Caucasian,fpr,0.2523364485981308,race,False,0.7290076335877863,False,0.6790123456790124,0.6765432098765433,81,405,0.0024691358024691,-0.108941058773111,0.1138793303780492,0.0433795814396673,0.9653989540280612,0.9653989540280612,False,,
holdout,age_blind,TabPFN,break_even,Hispanic vs Caucasian,fnr,0.2523364485981308,race,False,0.7290076335877863,False,0.2,0.1833333333333333,60,240,0.0166666666666666,-0.0957626703346568,0.1290960036679902,0.2963477923851003,0.7669644911053032,0.7669644911053032,False,,
holdout,age_blind,TabPFN,break_even,Hispanic vs Caucasian,equalized_odds,0.2523364485981308,race,False,0.7290076335877863,False,,,141,645,,,,,0.9566931609327592,0.9566931609327592,False,0.0885451298505217,0.9566931609327592
holdout,age_blind,TabPFN,break_even,Other vs Caucasian,fpr,0.2523364485981308,race,False,0.7088948787061995,False,0.4411764705882353,0.6765432098765433,68,405,-0.2353667392883079,-0.3618704177643865,-0.1088630608122294,-3.747809303857815,0.0001783857921707,0.0003567715843414,True,,
holdout,age_blind,TabPFN,break_even,Other vs Caucasian,fnr,0.2523364485981308,race,False,0.7088948787061995,False,0.1034482758620689,0.1833333333333333,29,240,-0.0798850574712643,-0.2010546803345254,0.0412845653919967,-1.0700914537289332,0.284578145585357,0.569156291170714,False,,
holdout,age_blind,TabPFN,break_even,Other vs Caucasian,equalized_odds,0.2523364485981308,race,False,0.7088948787061995,False,,,97,645,,,,,0.0006258105130102,0.0012516210260205,True,14.752925855114595,0.0006258105130102
holdout,age_blind,TabPFN,break_even,Female vs Male,fpr,0.2523364485981308,sex,False,0.8434125269978402,False,0.5064377682403434,0.8569587628865979,233,776,-0.3505209946462545,-0.4192804863781361,-0.2817615029143729,-11.254684863208164,2.1960967767180704e-29,8.784387106872281e-29,True,,
holdout,age_blind,TabPFN,break_even,Female vs Male,fnr,0.2523364485981308,sex,False,0.8434125269978402,False,0.2362204724409448,0.047486033519553,127,716,0.1887344389213918,0.1132362623301264,0.2642326155126572,7.40056022957,1.3561114329816518e-13,4.0683342989449554e-13,True,,
holdout,age_blind,TabPFN,break_even,Female vs Male,equalized_odds,0.2523364485981308,sex,False,0.8434125269978402,False,,,360,1492,,,,,3.6682476913345487e-34,1.1004743074003646e-33,True,153.97635816411315,3.6682476913345487e-34
holdout,age_blind,COMPAS tool,0.5,African-American vs Caucasian,fpr,0.5,race,True,0.4709556527170518,False,0.4112359550561797,0.2271604938271605,445,405,0.1840754612290192,0.1227949988592367,0.2453559235988017,5.729445702873658,1.0075933388056717e-08,4.030373355222686e-08,True,,
holdout,age_blind,COMPAS tool,0.5,African-American vs Caucasian,fnr,0.5,race,True,0.4709556527170518,False,0.2974559686888454,0.5,511,240,-0.2025440313111546,-0.277193229050897,-0.1278948335714121,-5.385217896019942,7.235693820816039e-08,2.894277528326415e-07,True,,
holdout,age_blind,COMPAS tool,0.5,African-American vs Caucasian,equalized_odds,0.5,race,True,0.4709556527170518,False,,,956,645,,,,,3.720189568194827e-14,1.4880758272779312e-13,True,61.84483335147561,3.720189568194827e-14
holdout,age_blind,COMPAS tool,0.5,Hispanic vs Caucasian,fpr,0.5,race,False,0.3206106870229007,False,0.1975308641975308,0.2271604938271605,81,405,-0.0296296296296296,-0.1254560654989727,0.0661968062397134,-0.5855400437691203,0.558184649422657,0.558184649422657,False,,
holdout,age_blind,COMPAS tool,0.5,Hispanic vs Caucasian,fnr,0.5,race,False,0.3206106870229007,False,0.6,0.5,60,240,0.0999999999999999,-0.0391666443069826,0.2391666443069826,1.3867504905630723,0.16551785869747,0.4965535760924101,False,,
holdout,age_blind,COMPAS tool,0.5,Hispanic vs Caucasian,equalized_odds,0.5,race,False,0.3206106870229007,False,,,141,645,,,,,0.3187412499310523,0.6374824998621046,False,2.2867512681659816,0.3187412499310523
holdout,age_blind,COMPAS tool,0.5,Other vs Caucasian,fpr,0.5,race,False,0.3140161725067385,False,0.1323529411764706,0.2271604938271605,68,405,-0.0948075526506899,-0.1850986804785146,-0.0045164248228651,-1.765319495433813,0.077510084817817,0.232530254453451,False,,
holdout,age_blind,COMPAS tool,0.5,Other vs Caucasian,fnr,0.5,race,False,0.3140161725067385,False,0.5862068965517241,0.5,29,240,0.086206896551724,-0.1038802410793898,0.276294034182838,0.8771533399764889,0.3804033559075932,0.7608067118151864,False,,
holdout,age_blind,COMPAS tool,0.5,Other vs Caucasian,equalized_odds,0.5,race,False,0.3140161725067385,False,,,97,645,,,,,0.1226709777394562,0.3680129332183688,False,4.196498970967482,0.1226709777394562
holdout,age_blind,COMPAS tool,0.5,Female vs Male,fpr,0.5,sex,False,0.4416846652267818,False,0.2660944206008583,0.3079896907216495,233,776,-0.0418952701207911,-0.1072770772563383,0.0234865370147561,-1.2257997332526165,0.2202740476166781,0.4405480952333562,False,,
holdout,age_blind,COMPAS tool,0.5,Female vs Male,fnr,0.5,sex,False,0.4416846652267818,False,0.4015748031496063,0.3840782122905028,127,716,0.0174965908591034,-0.0749052310735013,0.1098984127917083,0.3731397564627252,0.7090444305913325,0.7608067118151864,False,,
holdout,age_blind,COMPAS tool,0.5,Female vs Male,equalized_odds,0.5,sex,False,0.4416846652267818,False,,,360,1492,,,,,0.4349802927048571,0.6374824998621046,False,1.6649091060929608,0.4349802927048571
holdout,age_blind,COMPAS tool,break_even,African-American vs Caucasian,fpr,0.2523364485981308,race,True,0.4709556527170518,False,0.4112359550561797,0.2271604938271605,445,405,0.1840754612290192,0.1227949988592367,0.2453559235988017,5.729445702873658,1.0075933388056717e-08,4.030373355222686e-08,True,,
holdout,age_blind,COMPAS tool,break_even,African-American vs Caucasian,fnr,0.2523364485981308,race,True,0.4709556527170518,False,0.2974559686888454,0.5,511,240,-0.2025440313111546,-0.277193229050897,-0.1278948335714121,-5.385217896019942,7.235693820816039e-08,2.894277528326415e-07,True,,
holdout,age_blind,COMPAS tool,break_even,African-American vs Caucasian,equalized_odds,0.2523364485981308,race,True,0.4709556527170518,False,,,956,645,,,,,3.720189568194827e-14,1.4880758272779312e-13,True,61.84483335147561,3.720189568194827e-14
holdout,age_blind,COMPAS tool,break_even,Hispanic vs Caucasian,fpr,0.2523364485981308,race,False,0.3206106870229007,False,0.1975308641975308,0.2271604938271605,81,405,-0.0296296296296296,-0.1254560654989727,0.0661968062397134,-0.5855400437691203,0.558184649422657,0.558184649422657,False,,
holdout,age_blind,COMPAS tool,break_even,Hispanic vs Caucasian,fnr,0.2523364485981308,race,False,0.3206106870229007,False,0.6,0.5,60,240,0.0999999999999999,-0.0391666443069826,0.2391666443069826,1.3867504905630723,0.16551785869747,0.4965535760924101,False,,
holdout,age_blind,COMPAS tool,break_even,Hispanic vs Caucasian,equalized_odds,0.2523364485981308,race,False,0.3206106870229007,False,,,141,645,,,,,0.3187412499310523,0.6374824998621046,False,2.2867512681659816,0.3187412499310523
holdout,age_blind,COMPAS tool,break_even,Other vs Caucasian,fpr,0.2523364485981308,race,False,0.3140161725067385,False,0.1323529411764706,0.2271604938271605,68,405,-0.0948075526506899,-0.1850986804785146,-0.0045164248228651,-1.765319495433813,0.077510084817817,0.232530254453451,False,,
holdout,age_blind,COMPAS tool,break_even,Other vs Caucasian,fnr,0.2523364485981308,race,False,0.3140161725067385,False,0.5862068965517241,0.5,29,240,0.086206896551724,-0.1038802410793898,0.276294034182838,0.8771533399764889,0.3804033559075932,0.7608067118151864,False,,
holdout,age_blind,COMPAS tool,break_even,Other vs Caucasian,equalized_odds,0.2523364485981308,race,False,0.3140161725067385,False,,,97,645,,,,,0.1226709777394562,0.3680129332183688,False,4.196498970967482,0.1226709777394562
holdout,age_blind,COMPAS tool,break_even,Female vs Male,fpr,0.2523364485981308,sex,False,0.4416846652267818,False,0.2660944206008583,0.3079896907216495,233,776,-0.0418952701207911,-0.1072770772563383,0.0234865370147561,-1.2257997332526165,0.2202740476166781,0.4405480952333562,False,,
holdout,age_blind,COMPAS tool,break_even,Female vs Male,fnr,0.2523364485981308,sex,False,0.4416846652267818,False,0.4015748031496063,0.3840782122905028,127,716,0.0174965908591034,-0.0749052310735013,0.1098984127917083,0.3731397564627252,0.7090444305913325,0.7608067118151864,False,,
holdout,age_blind,COMPAS tool,break_even,Female vs Male,equalized_odds,0.2523364485981308,sex,False,0.4416846652267818,False,,,360,1492,,,,,0.4349802927048571,0.6374824998621046,False,1.6649091060929608,0.4349802927048571
holdout,protected_blind,TabPFN,0.5,African-American vs Caucasian,fpr,0.5,race,True,0.3466583385384135,False,0.2764044943820224,0.1629629629629629,445,405,0.1134415314190595,0.0584836877697366,0.1683993750683823,3.9724407546567817,7.11399331502794e-05,0.0002845597326011,True,,
holdout,protected_blind,TabPFN,0.5,African-American vs Caucasian,fnr,0.5,race,True,0.3466583385384135,False,0.4344422700587084,0.6791666666666667,511,240,-0.2447243966079583,-0.317764025497108,-0.1716847677188085,-6.256657741226377,3.9331526897546207e-10,1.5732610759018483e-09,True,,
holdout,protected_blind,TabPFN,0.5,African-American vs Caucasian,equalized_odds,0.5,race,True,0.3466583385384135,False,,,956,645,,,,,7.42629973891281e-13,2.970519895565124e-12,True,55.85715698108259,7.42629973891281e-13
holdout,protected_blind,TabPFN,0.5,Hispanic vs Caucasian,fpr,0.5,race,False,0.2226463104325699,False,0.1234567901234567,0.1629629629629629,81,405,-0.0395061728395061,-0.1196683472711211,0.0406560015921087,-0.8936231080868513,0.3715235782690409,0.3715235782690409,False,,
holdout,protected_blind,TabPFN,0.5,Hispanic vs Caucasian,fnr,0.5,race,False,0.2226463104325699,False,0.6333333333333333,0.6791666666666667,60,240,-0.0458333333333333,-0.181316106300608,0.0896494396339412,-0.6753170129601117,0.4994743772654271,0.7662970099777784,False,,
holdout,protected_blind,TabPFN,0.5,Hispanic vs Caucasian,equalized_odds,0.5,race,False,0.2226463104325699,False,,,141,645,,,,,0.5246450278475165,0.5246450278475165,False,1.2900667650156334,0.5246450278475165
holdout,protected_blind,TabPFN,0.5,Other vs Caucasian,fpr,0.5,race,False,0.2102425876010781,False,0.088235294117647,0.1629629629629629,68,405,-0.0747276688453159,-0.1511383853887794,0.0016830476981476,-1.5872872885418126,0.112447592864962,0.224895185729924,False,,
holdout,protected_blind,TabPFN,0.5,Other vs Caucasian,fnr,0.5,race,False,0.2102425876010781,False,0.7586206896551724,0.6791666666666667,29,240,0.0794540229885056,-0.0871110436754362,0.2460190896524476,0.8721097548832326,0.3831485049888892,0.7662970099777784,False,,
holdout,protected_blind,TabPFN,0.5,Other vs Caucasian,equalized_odds,0.5,race,False,0.2102425876010781,False,,,97,645,,,,,0.1630685357637128,0.3261370715274257,False,3.627169403475755,0.1630685357637128
holdout,protected_blind,TabPFN,0.5,Female vs Male,fpr,0.5,sex,False,0.3239740820734341,False,0.1330472103004291,0.2242268041237113,233,776,-0.0911795938232821,-0.1437419756846712,-0.038617211961893,-3.033521676305447,0.0024171734543087,0.0072515203629263,True,,
holdout,protected_blind,TabPFN,0.5,Female vs Male,fnr,0.5,sex,False,0.3239740820734341,False,0.6141732283464567,0.5167597765363129,127,716,0.0974134518101438,0.0051777943800061,0.1896491092402815,2.0274657986119036,0.042614798741819,0.1278443962254571,False,,
holdout,protected_blind,TabPFN,0.5,Female vs Male,equalized_odds,0.5,sex,False,0.3239740820734341,False,,,360,1492,,,,,0.0008883750390596,0.0026651251171788,True,14.052233125699466,0.0008883750390596
holdout,protected_blind,TabPFN,break_even,African-American vs Caucasian,fpr,0.2523364485981308,race,True,0.8550905683947533,False,0.8696629213483146,0.7481481481481481,445,405,0.1215147732001664,0.0689249431757977,0.1741046032245352,4.5264895689845455,5.997155805371135e-06,2.398862322148454e-05,True,,
holdout,protected_blind,TabPFN,break_even,African-American vs Caucasian,fnr,0.2523364485981308,race,True,0.8550905683947533,False,0.0743639921722113,0.1416666666666666,511,240,-0.0673026744944553,-0.1169389151263554,-0.0176664338625551,-2.921239919553217,0.0034864123060963,0.0139456492243853,True,,
holdout,protected_blind,TabPFN,break_even,African-American vs Caucasian,equalized_odds,0.2523364485981308,race,True,0.8550905683947533,False,,,956,645,,,,,5.872813010310276e-07,2.3491252041241103e-06,True,28.695523827591728,5.872813010310276e-07
holdout,protected_blind,TabPFN,break_even,Hispanic vs Caucasian,fpr,0.2523364485981308,race,False,0.7824427480916031,False,0.7037037037037037,0.7481481481481481,81,405,-0.0444444444444444,-0.1524982753147912,0.0636093864259024,-0.8332380897952953,0.4047104646272159,0.4047104646272159,False,,
holdout,protected_blind,TabPFN,break_even,Hispanic vs Caucasian,fnr,0.2523364485981308,race,False,0.7824427480916031,False,0.1833333333333333,0.1416666666666666,60,240,0.0416666666666666,-0.0657212153063354,0.1490545486396688,0.8084520834544432,0.4188303794861172,0.8376607589722345,False,,
holdout,protected_blind,TabPFN,break_even,Hispanic vs Caucasian,equalized_odds,0.2523364485981308,race,False,0.7824427480916031,False,,,141,645,,,,,0.5206072540316131,0.5206072540316131,False,1.3055187050712551,0.5206072540316131
holdout,protected_blind,TabPFN,break_even,Other vs Caucasian,fpr,0.2523364485981308,race,False,0.7762803234501348,False,0.6029411764705882,0.7481481481481481,68,405,-0.1452069716775599,-0.2689469158023752,-0.0214670275527446,-2.487859957424451,0.0128514327513955,0.0257028655027911,True,,
holdout,protected_blind,TabPFN,break_even,Other vs Caucasian,fnr,0.2523364485981308,race,False,0.7762803234501348,False,0.1034482758620689,0.1416666666666666,29,240,-0.0382183908045977,-0.1575159454705456,0.0810791638613502,-0.5644276781585131,0.5724631066223971,0.8376607589722345,False,,
holdout,protected_blind,TabPFN,break_even,Other vs Caucasian,equalized_odds,0.2523364485981308,race,False,0.7762803234501348,False,,,97,645,,,,,0.0460686604096276,0.0921373208192552,False,6.155244755477722,0.0460686604096276
holdout,protected_blind,TabPFN,break_even,Female vs Male,fpr,0.2523364485981308,sex,False,0.8369330453563715,False,0.6866952789699571,0.8157216494845361,233,776,-0.129026370514579,-0.1945337412198479,-0.06351899980931,-4.210846555192472,2.544155149357057e-05,7.632465448071171e-05,True,,
holdout,protected_blind,TabPFN,break_even,Female vs Male,fnr,0.2523364485981308,sex,False,0.8369330453563715,False,0.1496062992125984,0.0935754189944134,127,716,0.056030880218185,-0.0095687412444355,0.1216305016808055,1.922659767743666,0.0545227926157318,0.1635683778471955,False,,
holdout,protected_blind,TabPFN,break_even,Female vs Male,equalized_odds,0.2523364485981308,sex,False,0.8369330453563715,False,,,360,1492,,,,,4.502080334141811e-05,0.0001350624100242,True,20.01677175708818,4.502080334141811e-05
holdout,protected_blind,COMPAS tool,0.5,African-American vs Caucasian,fpr,0.5,race,True,0.4709556527170518,False,0.4112359550561797,0.2271604938271605,445,405,0.1840754612290192,0.1227949988592367,0.2453559235988017,5.729445702873658,1.0075933388056717e-08,4.030373355222686e-08,True,,
holdout,protected_blind,COMPAS tool,0.5,African-American vs Caucasian,fnr,0.5,race,True,0.4709556527170518,False,0.2974559686888454,0.5,511,240,-0.2025440313111546,-0.277193229050897,-0.1278948335714121,-5.385217896019942,7.235693820816039e-08,2.894277528326415e-07,True,,
holdout,protected_blind,COMPAS tool,0.5,African-American vs Caucasian,equalized_odds,0.5,race,True,0.4709556527170518,False,,,956,645,,,,,3.720189568194827e-14,1.4880758272779312e-13,True,61.84483335147561,3.720189568194827e-14
holdout,protected_blind,COMPAS tool,0.5,Hispanic vs Caucasian,fpr,0.5,race,False,0.3206106870229007,False,0.1975308641975308,0.2271604938271605,81,405,-0.0296296296296296,-0.1254560654989727,0.0661968062397134,-0.5855400437691203,0.558184649422657,0.558184649422657,False,,
holdout,protected_blind,COMPAS tool,0.5,Hispanic vs Caucasian,fnr,0.5,race,False,0.3206106870229007,False,0.6,0.5,60,240,0.0999999999999999,-0.0391666443069826,0.2391666443069826,1.3867504905630723,0.16551785869747,0.4965535760924101,False,,
holdout,protected_blind,COMPAS tool,0.5,Hispanic vs Caucasian,equalized_odds,0.5,race,False,0.3206106870229007,False,,,141,645,,,,,0.3187412499310523,0.6374824998621046,False,2.2867512681659816,0.3187412499310523
holdout,protected_blind,COMPAS tool,0.5,Other vs Caucasian,fpr,0.5,race,False,0.3140161725067385,False,0.1323529411764706,0.2271604938271605,68,405,-0.0948075526506899,-0.1850986804785146,-0.0045164248228651,-1.765319495433813,0.077510084817817,0.232530254453451,False,,
holdout,protected_blind,COMPAS tool,0.5,Other vs Caucasian,fnr,0.5,race,False,0.3140161725067385,False,0.5862068965517241,0.5,29,240,0.086206896551724,-0.1038802410793898,0.276294034182838,0.8771533399764889,0.3804033559075932,0.7608067118151864,False,,
holdout,protected_blind,COMPAS tool,0.5,Other vs Caucasian,equalized_odds,0.5,race,False,0.3140161725067385,False,,,97,645,,,,,0.1226709777394562,0.3680129332183688,False,4.196498970967482,0.1226709777394562
holdout,protected_blind,COMPAS tool,0.5,Female vs Male,fpr,0.5,sex,False,0.4416846652267818,False,0.2660944206008583,0.3079896907216495,233,776,-0.0418952701207911,-0.1072770772563383,0.0234865370147561,-1.2257997332526165,0.2202740476166781,0.4405480952333562,False,,
holdout,protected_blind,COMPAS tool,0.5,Female vs Male,fnr,0.5,sex,False,0.4416846652267818,False,0.4015748031496063,0.3840782122905028,127,716,0.0174965908591034,-0.0749052310735013,0.1098984127917083,0.3731397564627252,0.7090444305913325,0.7608067118151864,False,,
holdout,protected_blind,COMPAS tool,0.5,Female vs Male,equalized_odds,0.5,sex,False,0.4416846652267818,False,,,360,1492,,,,,0.4349802927048571,0.6374824998621046,False,1.6649091060929608,0.4349802927048571
holdout,protected_blind,COMPAS tool,break_even,African-American vs Caucasian,fpr,0.2523364485981308,race,True,0.4709556527170518,False,0.4112359550561797,0.2271604938271605,445,405,0.1840754612290192,0.1227949988592367,0.2453559235988017,5.729445702873658,1.0075933388056717e-08,4.030373355222686e-08,True,,
holdout,protected_blind,COMPAS tool,break_even,African-American vs Caucasian,fnr,0.2523364485981308,race,True,0.4709556527170518,False,0.2974559686888454,0.5,511,240,-0.2025440313111546,-0.277193229050897,-0.1278948335714121,-5.385217896019942,7.235693820816039e-08,2.894277528326415e-07,True,,
holdout,protected_blind,COMPAS tool,break_even,African-American vs Caucasian,equalized_odds,0.2523364485981308,race,True,0.4709556527170518,False,,,956,645,,,,,3.720189568194827e-14,1.4880758272779312e-13,True,61.84483335147561,3.720189568194827e-14
holdout,protected_blind,COMPAS tool,break_even,Hispanic vs Caucasian,fpr,0.2523364485981308,race,False,0.3206106870229007,False,0.1975308641975308,0.2271604938271605,81,405,-0.0296296296296296,-0.1254560654989727,0.0661968062397134,-0.5855400437691203,0.558184649422657,0.558184649422657,False,,
holdout,protected_blind,COMPAS tool,break_even,Hispanic vs Caucasian,fnr,0.2523364485981308,race,False,0.3206106870229007,False,0.6,0.5,60,240,0.0999999999999999,-0.0391666443069826,0.2391666443069826,1.3867504905630723,0.16551785869747,0.4965535760924101,False,,
holdout,protected_blind,COMPAS tool,break_even,Hispanic vs Caucasian,equalized_odds,0.2523364485981308,race,False,0.3206106870229007,False,,,141,645,,,,,0.3187412499310523,0.6374824998621046,False,2.2867512681659816,0.3187412499310523
holdout,protected_blind,COMPAS tool,break_even,Other vs Caucasian,fpr,0.2523364485981308,race,False,0.3140161725067385,False,0.1323529411764706,0.2271604938271605,68,405,-0.0948075526506899,-0.1850986804785146,-0.0045164248228651,-1.765319495433813,0.077510084817817,0.232530254453451,False,,
holdout,protected_blind,COMPAS tool,break_even,Other vs Caucasian,fnr,0.2523364485981308,race,False,0.3140161725067385,False,0.5862068965517241,0.5,29,240,0.086206896551724,-0.1038802410793898,0.276294034182838,0.8771533399764889,0.3804033559075932,0.7608067118151864,False,,
holdout,protected_blind,COMPAS tool,break_even,Other vs Caucasian,equalized_odds,0.2523364485981308,race,False,0.3140161725067385,False,,,97,645,,,,,0.1226709777394562,0.3680129332183688,False,4.196498970967482,0.1226709777394562
holdout,protected_blind,COMPAS tool,break_even,Female vs Male,fpr,0.2523364485981308,sex,False,0.4416846652267818,False,0.2660944206008583,0.3079896907216495,233,776,-0.0418952701207911,-0.1072770772563383,0.0234865370147561,-1.2257997332526165,0.2202740476166781,0.4405480952333562,False,,
holdout,protected_blind,COMPAS tool,break_even,Female vs Male,fnr,0.2523364485981308,sex,False,0.4416846652267818,False,0.4015748031496063,0.3840782122905028,127,716,0.0174965908591034,-0.0749052310735013,0.1098984127917083,0.3731397564627252,0.7090444305913325,0.7608067118151864,False,,
holdout,protected_blind,COMPAS tool,break_even,Female vs Male,equalized_odds,0.2523364485981308,sex,False,0.4416846652267818,False,,,360,1492,,,,,0.4349802927048571,0.6374824998621046,False,1.6649091060929608,0.4349802927048571
holdout,race_aware,TabPFN,0.5,African-American vs Caucasian,fpr,0.5,race,True,0.4003747657713928,False,0.298876404494382,0.1753086419753086,445,405,0.1235677625190733,0.0671741148848455,0.1799614101533012,4.212993800772718,2.5200798249897426e-05,7.560239474969227e-05,True,,
holdout,race_aware,TabPFN,0.5,African-American vs Caucasian,fnr,0.5,race,True,0.4003747657713928,False,0.324853228962818,0.6166666666666667,511,240,-0.2918134377038487,-0.365518466878265,-0.2181084085294323,-7.560243504591582,4.0231548267489153e-14,1.6092619306995661e-13,True,,
holdout,race_aware,TabPFN,0.5,African-American vs Caucasian,equalized_odds,0.5,race,True,0.4003747657713928,False,,,956,645,,,,,5.137327895275465e-17,2.054931158110186e-16,True,75.01482700268124,5.137327895275465e-17
holdout,race_aware,TabPFN,0.5,Hispanic vs Caucasian,fpr,0.5,race,False,0.2519083969465648,False,0.1111111111111111,0.1753086419753086,81,405,-0.0641975308641975,-0.1420133567310562,0.013618295002661,-1.4223237768203043,0.1549322795043391,0.1549322795043391,False,,
holdout,race_aware,TabPFN,0.5,Hispanic vs Caucasian,fnr,0.5,race,False,0.2519083969465648,False,0.5666666666666667,0.6166666666666667,60,240,-0.05,-0.1896609645083056,0.0896609645083055,-0.7091452203638621,0.4782343634297886,0.9564687268595772,False,,
holdout,race_aware,TabPFN,0.5,Hispanic vs Caucasian,equalized_odds,0.5,race,False,0.2519083969465648,False,,,141,645,,,,,0.2600096888681801,0.3165484547015396,False,2.694072767566623,0.2600096888681801
holdout,race_aware,TabPFN,0.5,Other vs Caucasian,fpr,0.5,race,False,0.2425876010781671,False,0.088235294117647,0.1753086419753086,68,405,-0.0870733478576615,-0.1639894441120553,-0.0101572516032678,-1.799719513880356,0.0719049382544127,0.1438098765088255,False,,
holdout,race_aware,TabPFN,0.5,Other vs Caucasian,fnr,0.5,race,False,0.2425876010781671,False,0.6206896551724138,0.6166666666666667,29,240,0.0040229885057471,-0.1829802529465793,0.1910262299580735,0.0420975571473364,0.9664209275602988,0.9664209275602988,False,,
holdout,race_aware,TabPFN,0.5,Other vs Caucasian,equalized_odds,0.5,race,False,0.2425876010781671,False,,,97,645,,,,,0.1582742273507698,0.3165484547015396,False,3.686852268504508,0.1582742273507698
holdout,race_aware,TabPFN,0.5,Female vs Male,fpr,0.5,sex,False,0.3747300215982721,False,0.0901287553648068,0.2564432989690721,233,776,-0.1663145436042652,-0.2142306336555295,-0.118398453553001,-5.391812616479021,6.975048317338708e-08,2.790019326935483e-07,True,,
holdout,race_aware,TabPFN,0.5,Female vs Male,fnr,0.5,sex,False,0.3747300215982721,False,0.6141732283464567,0.4064245810055866,127,716,0.2077486473408701,0.1157598208223845,0.2997374738593557,4.349186284553702,1.3664360451334226e-05,4.099308135400268e-05,True,,
holdout,race_aware,TabPFN,0.5,Female vs Male,equalized_odds,0.5,sex,False,0.3747300215982721,False,,,360,1492,,,,,4.225148393698135e-12,1.2675445181094404e-11,True,52.379933465934826,4.225148393698135e-12
holdout,race_aware,TabPFN,break_even,African-American vs Caucasian,fpr,0.2523364485981308,race,True,0.7863835103060587,False,0.8,0.5654320987654321,445,405,0.2345679012345679,0.1736428612163039,0.2954929412528319,7.373686887815772,1.6597274408067031e-13,4.979182322420108e-13,True,,
holdout,race_aware,TabPFN,break_even,African-American vs Caucasian,fnr,0.2523364485981308,race,True,0.7863835103060587,False,0.0567514677103718,0.2,511,240,-0.1432485322896282,-0.1976855746820344,-0.0888114898972219,-6.034633641273405,1.593237300149839e-09,6.372949200599356e-09,True,,
holdout,race_aware,TabPFN,break_even,African-American vs Caucasian,equalized_odds,0.2523364485981308,race,True,0.7863835103060587,False,,,956,645,,,,,5.602573194316056e-20,2.2410292777264225e-19,True,88.65695173738426,5.602573194316056e-20
holdout,race_aware,TabPFN,break_even,Hispanic vs Caucasian,fpr,0.2523364485981308,race,False,0.6475826972010178,False,0.5308641975308642,0.5654320987654321,81,405,-0.0345679012345678,-0.1534873648155897,0.084351562346454,-0.5720972095302345,0.5672561195053857,1.0,False,,
holdout,race_aware,TabPFN,break_even,Hispanic vs Caucasian,fnr,0.2523364485981308,race,False,0.6475826972010178,False,0.25,0.2,60,240,0.0499999999999999,-0.0706877432127992,0.1706877432127992,0.8504865111251244,0.3950546566964378,0.3950546566964378,False,,
holdout,race_aware,TabPFN,break_even,Hispanic vs Caucasian,equalized_odds,0.2523364485981308,race,False,0.6475826972010178,False,,,141,645,,,,,0.5984393440287306,0.5984393440287306,False,1.0268602115442145,0.5984393440287306
holdout,race_aware,TabPFN,break_even,Other vs Caucasian,fpr,0.2523364485981308,race,False,0.6563342318059299,False,0.5735294117647058,0.5654320987654321,68,405,0.0080973129992737,-0.1189784272872243,0.1351730532857717,0.1246835439326331,0.9007740857662284,1.0,False,,
holdout,race_aware,TabPFN,break_even,Other vs Caucasian,fnr,0.2523364485981308,race,False,0.6563342318059299,False,0.0689655172413793,0.2,29,240,-0.1310344827586207,-0.236231422603609,-0.0258375429136323,-1.713402116120365,0.0866385872673828,0.1732771745347656,False,,
holdout,race_aware,TabPFN,break_even,Other vs Caucasian,equalized_odds,0.2523364485981308,race,False,0.6563342318059299,False,,,97,645,,,,,0.1648016957664629,0.3296033915329258,False,3.606024743429328,0.1648016957664629
holdout,race_aware,TabPFN,break_even,Female vs Male,fpr,0.2523364485981308,sex,False,0.765658747300216,False,0.4592274678111588,0.7242268041237113,233,776,-0.2649993363125525,-0.336294646387469,-0.193704026237636,-7.504930471124926,6.146121436662985e-14,2.458448574665194e-13,True,,
holdout,race_aware,TabPFN,break_even,Female vs Male,fnr,0.2523364485981308,sex,False,0.765658747300216,False,0.2519685039370078,0.0865921787709497,127,716,0.1653763251660581,0.0871110611129685,0.2436415892191477,5.456832969961318,4.847019063188615e-08,1.4541057189565845e-07,True,,
holdout,race_aware,TabPFN,break_even,Female vs Male,equalized_odds,0.2523364485981308,sex,False,0.765658747300216,False,,,360,1492,,,,,9.6963940981053e-18,2.90891822943159e-17,True,78.34955519992043,9.6963940981053e-18
holdout,race_aware,COMPAS tool,0.5,African-American vs Caucasian,fpr,0.5,race,True,0.4709556527170518,False,0.4112359550561797,0.2271604938271605,445,405,0.1840754612290192,0.1227949988592367,0.2453559235988017,5.729445702873658,1.0075933388056717e-08,4.030373355222686e-08,True,,
holdout,race_aware,COMPAS tool,0.5,African-American vs Caucasian,fnr,0.5,race,True,0.4709556527170518,False,0.2974559686888454,0.5,511,240,-0.2025440313111546,-0.277193229050897,-0.1278948335714121,-5.385217896019942,7.235693820816039e-08,2.894277528326415e-07,True,,
holdout,race_aware,COMPAS tool,0.5,African-American vs Caucasian,equalized_odds,0.5,race,True,0.4709556527170518,False,,,956,645,,,,,3.720189568194827e-14,1.4880758272779312e-13,True,61.84483335147561,3.720189568194827e-14
holdout,race_aware,COMPAS tool,0.5,Hispanic vs Caucasian,fpr,0.5,race,False,0.3206106870229007,False,0.1975308641975308,0.2271604938271605,81,405,-0.0296296296296296,-0.1254560654989727,0.0661968062397134,-0.5855400437691203,0.558184649422657,0.558184649422657,False,,
holdout,race_aware,COMPAS tool,0.5,Hispanic vs Caucasian,fnr,0.5,race,False,0.3206106870229007,False,0.6,0.5,60,240,0.0999999999999999,-0.0391666443069826,0.2391666443069826,1.3867504905630723,0.16551785869747,0.4965535760924101,False,,
holdout,race_aware,COMPAS tool,0.5,Hispanic vs Caucasian,equalized_odds,0.5,race,False,0.3206106870229007,False,,,141,645,,,,,0.3187412499310523,0.6374824998621046,False,2.2867512681659816,0.3187412499310523
holdout,race_aware,COMPAS tool,0.5,Other vs Caucasian,fpr,0.5,race,False,0.3140161725067385,False,0.1323529411764706,0.2271604938271605,68,405,-0.0948075526506899,-0.1850986804785146,-0.0045164248228651,-1.765319495433813,0.077510084817817,0.232530254453451,False,,
holdout,race_aware,COMPAS tool,0.5,Other vs Caucasian,fnr,0.5,race,False,0.3140161725067385,False,0.5862068965517241,0.5,29,240,0.086206896551724,-0.1038802410793898,0.276294034182838,0.8771533399764889,0.3804033559075932,0.7608067118151864,False,,
holdout,race_aware,COMPAS tool,0.5,Other vs Caucasian,equalized_odds,0.5,race,False,0.3140161725067385,False,,,97,645,,,,,0.1226709777394562,0.3680129332183688,False,4.196498970967482,0.1226709777394562
holdout,race_aware,COMPAS tool,0.5,Female vs Male,fpr,0.5,sex,False,0.4416846652267818,False,0.2660944206008583,0.3079896907216495,233,776,-0.0418952701207911,-0.1072770772563383,0.0234865370147561,-1.2257997332526165,0.2202740476166781,0.4405480952333562,False,,
holdout,race_aware,COMPAS tool,0.5,Female vs Male,fnr,0.5,sex,False,0.4416846652267818,False,0.4015748031496063,0.3840782122905028,127,716,0.0174965908591034,-0.0749052310735013,0.1098984127917083,0.3731397564627252,0.7090444305913325,0.7608067118151864,False,,
holdout,race_aware,COMPAS tool,0.5,Female vs Male,equalized_odds,0.5,sex,False,0.4416846652267818,False,,,360,1492,,,,,0.4349802927048571,0.6374824998621046,False,1.6649091060929608,0.4349802927048571
holdout,race_aware,COMPAS tool,break_even,African-American vs Caucasian,fpr,0.2523364485981308,race,True,0.4709556527170518,False,0.4112359550561797,0.2271604938271605,445,405,0.1840754612290192,0.1227949988592367,0.2453559235988017,5.729445702873658,1.0075933388056717e-08,4.030373355222686e-08,True,,
holdout,race_aware,COMPAS tool,break_even,African-American vs Caucasian,fnr,0.2523364485981308,race,True,0.4709556527170518,False,0.2974559686888454,0.5,511,240,-0.2025440313111546,-0.277193229050897,-0.1278948335714121,-5.385217896019942,7.235693820816039e-08,2.894277528326415e-07,True,,
holdout,race_aware,COMPAS tool,break_even,African-American vs Caucasian,equalized_odds,0.2523364485981308,race,True,0.4709556527170518,False,,,956,645,,,,,3.720189568194827e-14,1.4880758272779312e-13,True,61.84483335147561,3.720189568194827e-14
holdout,race_aware,COMPAS tool,break_even,Hispanic vs Caucasian,fpr,0.2523364485981308,race,False,0.3206106870229007,False,0.1975308641975308,0.2271604938271605,81,405,-0.0296296296296296,-0.1254560654989727,0.0661968062397134,-0.5855400437691203,0.558184649422657,0.558184649422657,False,,
holdout,race_aware,COMPAS tool,break_even,Hispanic vs Caucasian,fnr,0.2523364485981308,race,False,0.3206106870229007,False,0.6,0.5,60,240,0.0999999999999999,-0.0391666443069826,0.2391666443069826,1.3867504905630723,0.16551785869747,0.4965535760924101,False,,
holdout,race_aware,COMPAS tool,break_even,Hispanic vs Caucasian,equalized_odds,0.2523364485981308,race,False,0.3206106870229007,False,,,141,645,,,,,0.3187412499310523,0.6374824998621046,False,2.2867512681659816,0.3187412499310523
holdout,race_aware,COMPAS tool,break_even,Other vs Caucasian,fpr,0.2523364485981308,race,False,0.3140161725067385,False,0.1323529411764706,0.2271604938271605,68,405,-0.0948075526506899,-0.1850986804785146,-0.0045164248228651,-1.765319495433813,0.077510084817817,0.232530254453451,False,,
holdout,race_aware,COMPAS tool,break_even,Other vs Caucasian,fnr,0.2523364485981308,race,False,0.3140161725067385,False,0.5862068965517241,0.5,29,240,0.086206896551724,-0.1038802410793898,0.276294034182838,0.8771533399764889,0.3804033559075932,0.7608067118151864,False,,
holdout,race_aware,COMPAS tool,break_even,Other vs Caucasian,equalized_odds,0.2523364485981308,race,False,0.3140161725067385,False,,,97,645,,,,,0.1226709777394562,0.3680129332183688,False,4.196498970967482,0.1226709777394562
holdout,race_aware,COMPAS tool,break_even,Female vs Male,fpr,0.2523364485981308,sex,False,0.4416846652267818,False,0.2660944206008583,0.3079896907216495,233,776,-0.0418952701207911,-0.1072770772563383,0.0234865370147561,-1.2257997332526165,0.2202740476166781,0.4405480952333562,False,,
holdout,race_aware,COMPAS tool,break_even,Female vs Male,fnr,0.2523364485981308,sex,False,0.4416846652267818,False,0.4015748031496063,0.3840782122905028,127,716,0.0174965908591034,-0.0749052310735013,0.1098984127917083,0.3731397564627252,0.7090444305913325,0.7608067118151864,False,,
holdout,race_aware,COMPAS tool,break_even,Female vs Male,equalized_odds,0.2523364485981308,sex,False,0.4416846652267818,False,,,360,1492,,,,,0.4349802927048571,0.6374824998621046,False,1.6649091060929608,0.4349802927048571
holdout,race_blind,TabPFN,0.5,African-American vs Caucasian,fpr,0.5,race,True,0.4003747657713928,False,0.3033707865168539,0.1703703703703703,445,405,0.1330004161464835,0.0767418430033348,0.1892589892896322,4.534596380984377,5.771374344332171e-06,1.7314123032996514e-05,True,,
holdout,race_blind,TabPFN,0.5,African-American vs Caucasian,fnr,0.5,race,True,0.4003747657713928,False,0.3228962818003913,0.6208333333333333,511,240,-0.297937051532942,-0.371499337215286,-0.2243747658505978,-7.71889285275153,1.1734449183575016e-14,4.6937796734300066e-14,True,,
holdout,race_blind,TabPFN,0.5,African-American vs Caucasian,equalized_odds,0.5,race,True,0.4003747657713928,False,,,956,645,,,,,3.5659559988990445e-18,1.4263823995596178e-17,True,80.35019898718329,3.5659559988990445e-18
holdout,race_blind,TabPFN,0.5,Hispanic vs Caucasian,fpr,0.5,race,False,0.2493638676844783,False,0.1111111111111111,0.1703703703703703,81,405,-0.0592592592592592,-0.136877906590742,0.0183593880722234,-1.3263770271305018,0.1847148442851844,0.1847148442851844,False,,
holdout,race_blind,TabPFN,0.5,Hispanic vs Caucasian,fnr,0.5,race,False,0.2493638676844783,False,0.55,0.6208333333333333,60,240,-0.0708333333333333,-0.2108827438283267,0.0692160771616601,-1.00462239551547,0.3150787091379726,0.6301574182759453,False,,
holdout,race_blind,TabPFN,0.5,Hispanic vs Caucasian,equalized_odds,0.5,race,False,0.2493638676844783,False,,,141,645,,,,,0.2347072898503907,0.2347072898503907,False,2.898832232632248,0.2347072898503907
holdout,race_blind,TabPFN,0.5,Other vs Caucasian,fpr,0.5,race,False,0.2371967654986523,False,0.0735294117647058,0.1703703703703703,68,405,-0.0968409586056644,-0.1688760938684777,-0.0248058233428512,-2.0340859985513773,0.041942925410342,0.083885850820684,False,,
holdout,race_blind,TabPFN,0.5,Other vs Caucasian,fnr,0.5,race,False,0.2371967654986523,False,0.6206896551724138,0.6208333333333333,29,240,-0.0001436781609195,-0.1871045643516976,0.1868172080298585,-0.0015063059748135,0.9987981421733452,0.9987981421733452,False,,
holdout,race_blind,TabPFN,0.5,Other vs Caucasian,equalized_odds,0.5,race,False,0.2371967654986523,False,,,97,645,,,,,0.088718449314266,0.177436898628532,False,4.844574829032575,0.088718449314266
holdout,race_blind,TabPFN,0.5,Female vs Male,fpr,0.5,sex,False,0.3741900647948164,False,0.0858369098712446,0.2551546391752577,233,776,-0.169317729304013,-0.2165885217963387,-0.1220469368116874,-5.5073205023819245,3.643365893100777e-08,1.4573463572403108e-07,True,,
holdout,race_blind,TabPFN,0.5,Female vs Male,fnr,0.5,sex,False,0.3741900647948164,False,0.6299212598425197,0.4022346368715084,127,716,0.2276866229710112,0.1363555193264686,0.3190177266155539,4.768029794023907,1.8603627644232548e-06,5.581088293269764e-06,True,,
holdout,race_blind,TabPFN,0.5,Female vs Male,equalized_odds,0.5,sex,False,0.3741900647948164,False,,,360,1492,,,,,2.709841967698484e-13,8.129525903095454e-13,True,57.87343178046749,2.709841967698484e-13
holdout,race_blind,TabPFN,break_even,African-American vs Caucasian,fpr,0.2523364485981308,race,True,0.7888819487820112,False,0.8,0.5728395061728395,445,405,0.2271604938271605,0.1663152347254368,0.2880057529288842,7.163256052163646,7.878299778062593e-13,3.151319911225037e-12,True,,
holdout,race_blind,TabPFN,break_even,African-American vs Caucasian,fnr,0.2523364485981308,race,True,0.7888819487820112,False,0.0587084148727984,0.1916666666666666,511,240,-0.1329582517938682,-0.1867658952463849,-0.0791506083413515,-5.633686202254693,1.7639786528901993e-08,7.055914611560797e-08,True,,
holdout,race_blind,TabPFN,break_even,African-American vs Caucasian,equalized_odds,0.2523364485981308,race,True,0.7888819487820112,False,,,956,645,,,,,2.2874942269618027e-18,9.149976907847209e-18,True,81.23814935892203,2.2874942269618027e-18
holdout,race_blind,TabPFN,break_even,Hispanic vs Caucasian,fpr,0.2523364485981308,race,False,0.6628498727735369,False,0.6049382716049383,0.5728395061728395,81,405,0.0320987654320987,-0.0847560617157775,0.148953592579975,0.5340063167129999,0.5933371637850859,1.0,False,,
holdout,race_blind,TabPFN,break_even,Hispanic vs Caucasian,fnr,0.2523364485981308,race,False,0.6628498727735369,False,0.2333333333333333,0.1916666666666666,60,240,0.0416666666666666,-0.0763717548645503,0.1597050881978836,0.7216878364870319,0.4704864220587899,0.4704864220587899,False,,
holdout,race_blind,TabPFN,break_even,Hispanic vs Caucasian,equalized_odds,0.2523364485981308,race,False,0.6628498727735369,False,,,141,645,,,,,0.67280149348006,0.67280149348006,False,0.7926099010558274,0.67280149348006
holdout,race_blind,TabPFN,break_even,Other vs Caucasian,fpr,0.2523364485981308,race,False,0.6630727762803235,False,0.5735294117647058,0.5728395061728395,68,405,0.0006899055918663,-0.1263476039212311,0.1277274151049637,0.0106424562423073,0.991508708765473,1.0,False,,
holdout,race_blind,TabPFN,break_even,Other vs Caucasian,fnr,0.2523364485981308,race,False,0.6630727762803235,False,0.0689655172413793,0.1916666666666666,29,240,-0.1227011494252873,-0.227511712955061,-0.0178905858955137,-1.630093949214233,0.103081642365842,0.206163284731684,False,,
holdout,race_blind,TabPFN,break_even,Other vs Caucasian,equalized_odds,0.2523364485981308,race,False,0.6630727762803235,False,,,97,645,,,,,0.1985392711830041,0.3970785423660082,False,3.2335367174194403,0.1985392711830041
holdout,race_blind,TabPFN,break_even,Female vs Male,fpr,0.2523364485981308,sex,False,0.7721382289416847,False,0.4849785407725321,0.729381443298969,233,776,-0.2444029025264368,-0.3157831108541142,-0.1730226941987594,-6.973790658754156,3.085130592656835e-12,9.255391777970505e-12,True,,
holdout,race_blind,TabPFN,break_even,Female vs Male,fnr,0.2523364485981308,sex,False,0.7721382289416847,False,0.2362204724409448,0.0865921787709497,127,716,0.1496282936699951,0.0729363478785733,0.2263202394614168,4.983930759286976,6.230538321011924e-07,1.8691614963035776e-06,True,,
holdout,race_blind,TabPFN,break_even,Female vs Male,equalized_odds,0.2523364485981308,sex,False,0.7721382289416847,False,,,360,1492,,,,,2.7889824744192597e-15,8.366947423257778e-15,True,67.026199140215,2.7889824744192597e-15
holdout,race_blind,COMPAS tool,0.5,African-American vs Caucasian,fpr,0.5,race,True,0.4709556527170518,False,0.4112359550561797,0.2271604938271605,445,405,0.1840754612290192,0.1227949988592367,0.2453559235988017,5.729445702873658,1.0075933388056717e-08,4.030373355222686e-08,True,,
holdout,race_blind,COMPAS tool,0.5,African-American vs Caucasian,fnr,0.5,race,True,0.4709556527170518,False,0.2974559686888454,0.5,511,240,-0.2025440313111546,-0.277193229050897,-0.1278948335714121,-5.385217896019942,7.235693820816039e-08,2.894277528326415e-07,True,,
holdout,race_blind,COMPAS tool,0.5,African-American vs Caucasian,equalized_odds,0.5,race,True,0.4709556527170518,False,,,956,645,,,,,3.720189568194827e-14,1.4880758272779312e-13,True,61.84483335147561,3.720189568194827e-14
holdout,race_blind,COMPAS tool,0.5,Hispanic vs Caucasian,fpr,0.5,race,False,0.3206106870229007,False,0.1975308641975308,0.2271604938271605,81,405,-0.0296296296296296,-0.1254560654989727,0.0661968062397134,-0.5855400437691203,0.558184649422657,0.558184649422657,False,,
holdout,race_blind,COMPAS tool,0.5,Hispanic vs Caucasian,fnr,0.5,race,False,0.3206106870229007,False,0.6,0.5,60,240,0.0999999999999999,-0.0391666443069826,0.2391666443069826,1.3867504905630723,0.16551785869747,0.4965535760924101,False,,
holdout,race_blind,COMPAS tool,0.5,Hispanic vs Caucasian,equalized_odds,0.5,race,False,0.3206106870229007,False,,,141,645,,,,,0.3187412499310523,0.6374824998621046,False,2.2867512681659816,0.3187412499310523
holdout,race_blind,COMPAS tool,0.5,Other vs Caucasian,fpr,0.5,race,False,0.3140161725067385,False,0.1323529411764706,0.2271604938271605,68,405,-0.0948075526506899,-0.1850986804785146,-0.0045164248228651,-1.765319495433813,0.077510084817817,0.232530254453451,False,,
holdout,race_blind,COMPAS tool,0.5,Other vs Caucasian,fnr,0.5,race,False,0.3140161725067385,False,0.5862068965517241,0.5,29,240,0.086206896551724,-0.1038802410793898,0.276294034182838,0.8771533399764889,0.3804033559075932,0.7608067118151864,False,,
holdout,race_blind,COMPAS tool,0.5,Other vs Caucasian,equalized_odds,0.5,race,False,0.3140161725067385,False,,,97,645,,,,,0.1226709777394562,0.3680129332183688,False,4.196498970967482,0.1226709777394562
holdout,race_blind,COMPAS tool,0.5,Female vs Male,fpr,0.5,sex,False,0.4416846652267818,False,0.2660944206008583,0.3079896907216495,233,776,-0.0418952701207911,-0.1072770772563383,0.0234865370147561,-1.2257997332526165,0.2202740476166781,0.4405480952333562,False,,
holdout,race_blind,COMPAS tool,0.5,Female vs Male,fnr,0.5,sex,False,0.4416846652267818,False,0.4015748031496063,0.3840782122905028,127,716,0.0174965908591034,-0.0749052310735013,0.1098984127917083,0.3731397564627252,0.7090444305913325,0.7608067118151864,False,,
holdout,race_blind,COMPAS tool,0.5,Female vs Male,equalized_odds,0.5,sex,False,0.4416846652267818,False,,,360,1492,,,,,0.4349802927048571,0.6374824998621046,False,1.6649091060929608,0.4349802927048571
holdout,race_blind,COMPAS tool,break_even,African-American vs Caucasian,fpr,0.2523364485981308,race,True,0.4709556527170518,False,0.4112359550561797,0.2271604938271605,445,405,0.1840754612290192,0.1227949988592367,0.2453559235988017,5.729445702873658,1.0075933388056717e-08,4.030373355222686e-08,True,,
holdout,race_blind,COMPAS tool,break_even,African-American vs Caucasian,fnr,0.2523364485981308,race,True,0.4709556527170518,False,0.2974559686888454,0.5,511,240,-0.2025440313111546,-0.277193229050897,-0.1278948335714121,-5.385217896019942,7.235693820816039e-08,2.894277528326415e-07,True,,
holdout,race_blind,COMPAS tool,break_even,African-American vs Caucasian,equalized_odds,0.2523364485981308,race,True,0.4709556527170518,False,,,956,645,,,,,3.720189568194827e-14,1.4880758272779312e-13,True,61.84483335147561,3.720189568194827e-14
holdout,race_blind,COMPAS tool,break_even,Hispanic vs Caucasian,fpr,0.2523364485981308,race,False,0.3206106870229007,False,0.1975308641975308,0.2271604938271605,81,405,-0.0296296296296296,-0.1254560654989727,0.0661968062397134,-0.5855400437691203,0.558184649422657,0.558184649422657,False,,
holdout,race_blind,COMPAS tool,break_even,Hispanic vs Caucasian,fnr,0.2523364485981308,race,False,0.3206106870229007,False,0.6,0.5,60,240,0.0999999999999999,-0.0391666443069826,0.2391666443069826,1.3867504905630723,0.16551785869747,0.4965535760924101,False,,
holdout,race_blind,COMPAS tool,break_even,Hispanic vs Caucasian,equalized_odds,0.2523364485981308,race,False,0.3206106870229007,False,,,141,645,,,,,0.3187412499310523,0.6374824998621046,False,2.2867512681659816,0.3187412499310523
holdout,race_blind,COMPAS tool,break_even,Other vs Caucasian,fpr,0.2523364485981308,race,False,0.3140161725067385,False,0.1323529411764706,0.2271604938271605,68,405,-0.0948075526506899,-0.1850986804785146,-0.0045164248228651,-1.765319495433813,0.077510084817817,0.232530254453451,False,,
holdout,race_blind,COMPAS tool,break_even,Other vs Caucasian,fnr,0.2523364485981308,race,False,0.3140161725067385,False,0.5862068965517241,0.5,29,240,0.086206896551724,-0.1038802410793898,0.276294034182838,0.8771533399764889,0.3804033559075932,0.7608067118151864,False,,
holdout,race_blind,COMPAS tool,break_even,Other vs Caucasian,equalized_odds,0.2523364485981308,race,False,0.3140161725067385,False,,,97,645,,,,,0.1226709777394562,0.3680129332183688,False,4.196498970967482,0.1226709777394562
holdout,race_blind,COMPAS tool,break_even,Female vs Male,fpr,0.2523364485981308,sex,False,0.4416846652267818,False,0.2660944206008583,0.3079896907216495,233,776,-0.0418952701207911,-0.1072770772563383,0.0234865370147561,-1.2257997332526165,0.2202740476166781,0.4405480952333562,False,,
holdout,race_blind,COMPAS tool,break_even,Female vs Male,fnr,0.2523364485981308,sex,False,0.4416846652267818,False,0.4015748031496063,0.3840782122905028,127,716,0.0174965908591034,-0.0749052310735013,0.1098984127917083,0.3731397564627252,0.7090444305913325,0.7608067118151864,False,,
holdout,race_blind,COMPAS tool,break_even,Female vs Male,equalized_odds,0.2523364485981308,sex,False,0.4416846652267818,False,,,360,1492,,,,,0.4349802927048571,0.6374824998621046,False,1.6649091060929608,0.4349802927048571
holdout,race_priors_blind,TabPFN,0.5,African-American vs Caucasian,fpr,0.5,race,True,0.4778263585259213,False,0.4808988764044943,0.3333333333333333,445,405,0.147565543071161,0.0822756535152552,0.2128554326270668,4.367876637174015,1.2546032019756551e-05,3.763809605926965e-05,True,,
holdout,race_priors_blind,TabPFN,0.5,African-American vs Caucasian,fnr,0.5,race,True,0.4778263585259213,False,0.4090019569471624,0.525,511,240,-0.1159980430528376,-0.1922125350213941,-0.039783551084281,-2.982068622624171,0.0028630781599189,0.0085892344797569,True,,
holdout,race_priors_blind,TabPFN,0.5,African-American vs Caucasian,equalized_odds,0.5,race,True,0.4778263585259213,False,,,956,645,,,,,8.062988829133684e-07,2.418896648740105e-06,True,28.061622681408565,8.062988829133684e-07
holdout,race_priors_blind,TabPFN,0.5,Hispanic vs Caucasian,fpr,0.5,race,False,0.3905852417302799,False,0.3086419753086419,0.3333333333333333,81,405,-0.0246913580246913,-0.1352695286819072,0.0858868126325244,-0.4316823985889785,0.6659722618408884,1.0,False,,
holdout,race_priors_blind,TabPFN,0.5,Hispanic vs Caucasian,fnr,0.5,race,False,0.3905852417302799,False,0.45,0.525,60,240,-0.075,-0.2158457789258903,0.0658457789258902,-1.0394383930128557,0.2986008961027074,0.2986008961027074,False,,
holdout,race_priors_blind,TabPFN,0.5,Hispanic vs Caucasian,equalized_odds,0.5,race,False,0.3905852417302799,False,,,141,645,,,,,0.530132553375984,0.530132553375984,False,1.2692564059930698,0.530132553375984
holdout,race_priors_blind,TabPFN,0.5,Other vs Caucasian,fpr,0.5,race,False,0.3935309973045822,False,0.3382352941176471,0.3333333333333333,68,405,0.0049019607843137,-0.1165580455077717,0.1263619670763992,0.0793046313312143,0.9367903226367224,1.0,False,,
holdout,race_priors_blind,TabPFN,0.5,Other vs Caucasian,fnr,0.5,race,False,0.3935309973045822,False,0.3103448275862069,0.525,29,240,-0.2146551724137931,-0.3944965687179063,-0.0348137761096799,-2.1837495789045795,0.028980654452327,0.057961308904654,False,,
holdout,race_priors_blind,TabPFN,0.5,Other vs Caucasian,equalized_odds,0.5,race,False,0.3935309973045822,False,,,97,645,,,,,0.0870945105692614,0.1741890211385229,False,4.881522843145868,0.0870945105692614
holdout,race_priors_blind,TabPFN,0.5,Female vs Male,fpr,0.5,sex,False,0.4703023758099352,False,0.0,0.5141752577319587,233,776,-0.5141752577319587,-0.549340420509545,-0.4790100949543724,-14.077132984406756,5.2496711923062033e-45,2.099868476922481e-44,True,,
holdout,race_priors_blind,TabPFN,0.5,Female vs Male,fnr,0.5,sex,False,0.4703023758099352,False,1.0,0.3407821229050279,127,716,0.6592178770949721,0.6245006947854427,0.6939350594045016,13.792505986974009,2.827639303776407e-43,1.1310557215105628e-42,True,,
holdout,race_priors_blind,TabPFN,0.5,Female vs Male,equalized_odds,0.5,sex,False,0.4703023758099352,False,,,360,1492,,,,,5.453818698707773e-113,2.181527479483109e-112,True,516.9915989327014,5.453818698707773e-113
holdout,race_priors_blind,TabPFN,break_even,African-American vs Caucasian,fpr,0.2523364485981308,race,True,0.9800124921923796,False,0.9887640449438202,0.9506172839506172,445,405,0.0381467609932029,0.0148836393788363,0.0614098826075694,3.2875901429579306,0.0010104883309106,0.0030314649927319,True,,
holdout,race_priors_blind,TabPFN,break_even,African-American vs Caucasian,fnr,0.2523364485981308,race,True,0.9800124921923796,False,0.0039138943248532,0.0208333333333333,511,240,-0.0169194390084801,-0.0357826453156957,0.0019437672987355,-2.2500206857254335,0.0244476322252006,0.0733428966756019,False,,
holdout,race_priors_blind,TabPFN,break_even,African-American vs Caucasian,equalized_odds,0.2523364485981308,race,True,0.9800124921923796,False,,,956,645,,,,,0.0003283435667765,0.0009850307003296,True,16.04290007619727,0.0003283435667765
holdout,race_priors_blind,TabPFN,break_even,Hispanic vs Caucasian,fpr,0.2523364485981308,race,False,0.9669211195928752,False,1.0,0.9506172839506172,81,405,0.0493827160493827,0.0282813331185021,0.0704840989802632,2.0424675810750306,0.0411051720262381,0.0822103440524763,False,,
holdout,race_priors_blind,TabPFN,break_even,Hispanic vs Caucasian,fnr,0.2523364485981308,race,False,0.9669211195928752,False,0.0166666666666666,0.0208333333333333,60,240,-0.0041666666666666,-0.0412584480674936,0.0329251147341603,-0.2061965247105806,0.8366374024005889,0.8653672473485208,False,,
holdout,race_priors_blind,TabPFN,break_even,Hispanic vs Caucasian,equalized_odds,0.2523364485981308,race,False,0.9669211195928752,False,,,141,645,,,,,0.0234350981194783,0.0468701962389567,True,7.507040921477111,0.0234350981194783
holdout,race_priors_blind,TabPFN,break_even,Other vs Caucasian,fpr,0.2523364485981308,race,False,0.9649595687331536,False,0.9852941176470588,0.9506172839506172,68,405,0.0346768336964415,-0.0008733637782739,0.0702270311711571,1.2846153561564988,0.1989267298230873,0.1989267298230873,False,,
holdout,race_priors_blind,TabPFN,break_even,Other vs Caucasian,fnr,0.2523364485981308,race,False,0.9649595687331536,False,0.0,0.0208333333333333,29,240,-0.0208333333333333,-0.0389030008573019,-0.0027636658093647,-0.7846076836048173,0.4326836236742604,0.8653672473485208,False,,
holdout,race_priors_blind,TabPFN,break_even,Other vs Caucasian,equalized_odds,0.2523364485981308,race,False,0.9649595687331536,False,,,97,645,,,,,0.1947959019254912,0.1947959019254912,False,3.271605850676929,0.1947959019254912
holdout,race_priors_blind,TabPFN,break_even,Female vs Male,fpr,0.2523364485981308,sex,False,0.9816414686825052,False,0.8884120171673819,1.0,233,776,-0.111587982832618,-0.1520163364944088,-0.0711596291708273,-9.427757395686276,4.1895023956182755e-21,1.6758009582473102e-20,True,,
holdout,race_priors_blind,TabPFN,break_even,Female vs Male,fnr,0.2523364485981308,sex,False,0.9816414686825052,False,0.0629921259842519,0.0,127,716,0.0629921259842519,0.020738791874545,0.1052454600939588,6.747924173033452,1.4997528461189046e-11,5.999011384475618e-11,True,,
holdout,race_priors_blind,TabPFN,break_even,Female vs Male,equalized_odds,0.2523364485981308,sex,False,0.9816414686825052,False,,,360,1492,,,,,1.8643831159955064e-24,7.457532463982026e-24,True,109.27822400476126,1.8643831159955064e-24
holdout,race_priors_blind,COMPAS tool,0.5,African-American vs Caucasian,fpr,0.5,race,True,0.4709556527170518,False,0.4112359550561797,0.2271604938271605,445,405,0.1840754612290192,0.1227949988592367,0.2453559235988017,5.729445702873658,1.0075933388056717e-08,4.030373355222686e-08,True,,
holdout,race_priors_blind,COMPAS tool,0.5,African-American vs Caucasian,fnr,0.5,race,True,0.4709556527170518,False,0.2974559686888454,0.5,511,240,-0.2025440313111546,-0.277193229050897,-0.1278948335714121,-5.385217896019942,7.235693820816039e-08,2.894277528326415e-07,True,,
holdout,race_priors_blind,COMPAS tool,0.5,African-American vs Caucasian,equalized_odds,0.5,race,True,0.4709556527170518,False,,,956,645,,,,,3.720189568194827e-14,1.4880758272779312e-13,True,61.84483335147561,3.720189568194827e-14
holdout,race_priors_blind,COMPAS tool,0.5,Hispanic vs Caucasian,fpr,0.5,race,False,0.3206106870229007,False,0.1975308641975308,0.2271604938271605,81,405,-0.0296296296296296,-0.1254560654989727,0.0661968062397134,-0.5855400437691203,0.558184649422657,0.558184649422657,False,,
holdout,race_priors_blind,COMPAS tool,0.5,Hispanic vs Caucasian,fnr,0.5,race,False,0.3206106870229007,False,0.6,0.5,60,240,0.0999999999999999,-0.0391666443069826,0.2391666443069826,1.3867504905630723,0.16551785869747,0.4965535760924101,False,,
holdout,race_priors_blind,COMPAS tool,0.5,Hispanic vs Caucasian,equalized_odds,0.5,race,False,0.3206106870229007,False,,,141,645,,,,,0.3187412499310523,0.6374824998621046,False,2.2867512681659816,0.3187412499310523
holdout,race_priors_blind,COMPAS tool,0.5,Other vs Caucasian,fpr,0.5,race,False,0.3140161725067385,False,0.1323529411764706,0.2271604938271605,68,405,-0.0948075526506899,-0.1850986804785146,-0.0045164248228651,-1.765319495433813,0.077510084817817,0.232530254453451,False,,
holdout,race_priors_blind,COMPAS tool,0.5,Other vs Caucasian,fnr,0.5,race,False,0.3140161725067385,False,0.5862068965517241,0.5,29,240,0.086206896551724,-0.1038802410793898,0.276294034182838,0.8771533399764889,0.3804033559075932,0.7608067118151864,False,,
holdout,race_priors_blind,COMPAS tool,0.5,Other vs Caucasian,equalized_odds,0.5,race,False,0.3140161725067385,False,,,97,645,,,,,0.1226709777394562,0.3680129332183688,False,4.196498970967482,0.1226709777394562
holdout,race_priors_blind,COMPAS tool,0.5,Female vs Male,fpr,0.5,sex,False,0.4416846652267818,False,0.2660944206008583,0.3079896907216495,233,776,-0.0418952701207911,-0.1072770772563383,0.0234865370147561,-1.2257997332526165,0.2202740476166781,0.4405480952333562,False,,
holdout,race_priors_blind,COMPAS tool,0.5,Female vs Male,fnr,0.5,sex,False,0.4416846652267818,False,0.4015748031496063,0.3840782122905028,127,716,0.0174965908591034,-0.0749052310735013,0.1098984127917083,0.3731397564627252,0.7090444305913325,0.7608067118151864,False,,
holdout,race_priors_blind,COMPAS tool,0.5,Female vs Male,equalized_odds,0.5,sex,False,0.4416846652267818,False,,,360,1492,,,,,0.4349802927048571,0.6374824998621046,False,1.6649091060929608,0.4349802927048571
holdout,race_priors_blind,COMPAS tool,break_even,African-American vs Caucasian,fpr,0.2523364485981308,race,True,0.4709556527170518,False,0.4112359550561797,0.2271604938271605,445,405,0.1840754612290192,0.1227949988592367,0.2453559235988017,5.729445702873658,1.0075933388056717e-08,4.030373355222686e-08,True,,
holdout,race_priors_blind,COMPAS tool,break_even,African-American vs Caucasian,fnr,0.2523364485981308,race,True,0.4709556527170518,False,0.2974559686888454,0.5,511,240,-0.2025440313111546,-0.277193229050897,-0.1278948335714121,-5.385217896019942,7.235693820816039e-08,2.894277528326415e-07,True,,
holdout,race_priors_blind,COMPAS tool,break_even,African-American vs Caucasian,equalized_odds,0.2523364485981308,race,True,0.4709556527170518,False,,,956,645,,,,,3.720189568194827e-14,1.4880758272779312e-13,True,61.84483335147561,3.720189568194827e-14
holdout,race_priors_blind,COMPAS tool,break_even,Hispanic vs Caucasian,fpr,0.2523364485981308,race,False,0.3206106870229007,False,0.1975308641975308,0.2271604938271605,81,405,-0.0296296296296296,-0.1254560654989727,0.0661968062397134,-0.5855400437691203,0.558184649422657,0.558184649422657,False,,
holdout,race_priors_blind,COMPAS tool,break_even,Hispanic vs Caucasian,fnr,0.2523364485981308,race,False,0.3206106870229007,False,0.6,0.5,60,240,0.0999999999999999,-0.0391666443069826,0.2391666443069826,1.3867504905630723,0.16551785869747,0.4965535760924101,False,,
holdout,race_priors_blind,COMPAS tool,break_even,Hispanic vs Caucasian,equalized_odds,0.2523364485981308,race,False,0.3206106870229007,False,,,141,645,,,,,0.3187412499310523,0.6374824998621046,False,2.2867512681659816,0.3187412499310523
holdout,race_priors_blind,COMPAS tool,break_even,Other vs Caucasian,fpr,0.2523364485981308,race,False,0.3140161725067385,False,0.1323529411764706,0.2271604938271605,68,405,-0.0948075526506899,-0.1850986804785146,-0.0045164248228651,-1.765319495433813,0.077510084817817,0.232530254453451,False,,
holdout,race_priors_blind,COMPAS tool,break_even,Other vs Caucasian,fnr,0.2523364485981308,race,False,0.3140161725067385,False,0.5862068965517241,0.5,29,240,0.086206896551724,-0.1038802410793898,0.276294034182838,0.8771533399764889,0.3804033559075932,0.7608067118151864,False,,
holdout,race_priors_blind,COMPAS tool,break_even,Other vs Caucasian,equalized_odds,0.2523364485981308,race,False,0.3140161725067385,False,,,97,645,,,,,0.1226709777394562,0.3680129332183688,False,4.196498970967482,0.1226709777394562
holdout,race_priors_blind,COMPAS tool,break_even,Female vs Male,fpr,0.2523364485981308,sex,False,0.4416846652267818,False,0.2660944206008583,0.3079896907216495,233,776,-0.0418952701207911,-0.1072770772563383,0.0234865370147561,-1.2257997332526165,0.2202740476166781,0.4405480952333562,False,,
holdout,race_priors_blind,COMPAS tool,break_even,Female vs Male,fnr,0.2523364485981308,sex,False,0.4416846652267818,False,0.4015748031496063,0.3840782122905028,127,716,0.0174965908591034,-0.0749052310735013,0.1098984127917083,0.3731397564627252,0.7090444305913325,0.7608067118151864,False,,
holdout,race_priors_blind,COMPAS tool,break_even,Female vs Male,equalized_odds,0.2523364485981308,sex,False,0.4416846652267818,False,,,360,1492,,,,,0.4349802927048571,0.6374824998621046,False,1.6649091060929608,0.4349802927048571
holdout,race_proxy_blind,TabPFN,0.5,African-American vs Caucasian,fpr,0.5,race,True,0.1873828856964397,False,0.1707865168539326,0.1135802469135802,445,405,0.0572062699403523,0.0105428319255006,0.103869707955204,2.3758280530858387,0.0175096200907736,0.0525288602723208,False,,
holdout,race_proxy_blind,TabPFN,0.5,African-American vs Caucasian,fnr,0.5,race,True,0.1873828856964397,False,0.7573385518590998,0.775,511,240,-0.0176614481409002,-0.0822571787442821,0.0469342824624817,-0.5307317115009956,0.595604707676286,0.9898158088200342,False,,
holdout,race_proxy_blind,TabPFN,0.5,African-American vs Caucasian,equalized_odds,0.5,race,True,0.1873828856964397,False,,,956,645,,,,,0.0500100744286159,0.1500302232858479,False,5.991061610555535,0.0500100744286159
holdout,race_proxy_blind,TabPFN,0.5,Hispanic vs Caucasian,fpr,0.5,race,False,0.1603053435114503,False,0.1234567901234567,0.1135802469135802,81,405,0.0098765432098765,-0.0681433750053611,0.0878964614251142,0.2541352348809061,0.7993910832262756,0.8582259446721334,False,,
holdout,race_proxy_blind,TabPFN,0.5,Hispanic vs Caucasian,fnr,0.5,race,False,0.1603053435114503,False,0.7333333333333333,0.775,60,240,-0.0416666666666667,-0.1654057880261667,0.0820724546928332,-0.6825236327899363,0.4949079044100171,0.9898158088200342,False,,
holdout,race_proxy_blind,TabPFN,0.5,Hispanic vs Caucasian,equalized_odds,0.5,race,False,0.1603053435114503,False,,,141,645,,,,,0.7715302976296643,0.7715302976296643,False,0.5187586737621988,0.7715302976296643
holdout,race_proxy_blind,TabPFN,0.5,Other vs Caucasian,fpr,0.5,race,False,0.1630727762803234,False,0.1470588235294117,0.1135802469135802,68,405,0.0334785766158315,-0.0561924640108345,0.1231496172424976,0.7907104573134791,0.4291129723360667,0.8582259446721334,False,,
holdout,race_proxy_blind,TabPFN,0.5,Other vs Caucasian,fnr,0.5,race,False,0.1630727762803234,False,0.6206896551724138,0.775,29,240,-0.1543103448275862,-0.338640519093819,0.0300198294386465,-1.8335976324522336,0.0667137439351605,0.2001412318054815,False,,
holdout,race_proxy_blind,TabPFN,0.5,Other vs Caucasian,equalized_odds,0.5,race,False,0.1630727762803234,False,,,97,645,,,,,0.1596423426183544,0.3192846852367088,False,3.669638649054394,0.1596423426183544
holdout,race_proxy_blind,TabPFN,0.5,Female vs Male,fpr,0.5,sex,False,0.1884449244060475,False,0.0,0.1842783505154639,233,776,-0.1842783505154639,-0.2115571581265319,-0.1569995429043958,-7.07296901794375,1.5165335648148801e-12,6.066134259259521e-12,True,,
holdout,race_proxy_blind,TabPFN,0.5,Female vs Male,fnr,0.5,sex,False,0.1884449244060475,False,1.0,0.7122905027932961,127,716,0.2877094972067039,0.2545508155104489,0.3208681789029589,6.95381336947345,3.5554190512277865e-12,1.4221676204911146e-11,True,,
holdout,race_proxy_blind,TabPFN,0.5,Female vs Male,equalized_odds,0.5,sex,False,0.1884449244060475,False,,,360,1492,,,,,1.6965324104116137e-35,6.786129641646455e-35,True,160.12378369090317,1.6965324104116137e-35
holdout,race_proxy_blind,TabPFN,break_even,African-American vs Caucasian,fpr,0.2523364485981308,race,True,1.0,True,1.0,1.0,445,405,0.0,,,,1.0,1.0,False,,
holdout,race_proxy_blind,TabPFN,break_even,African-American vs Caucasian,fnr,0.2523364485981308,race,True,1.0,True,0.0,0.0,511,240,0.0,,,,1.0,1.0,False,,
holdout,race_proxy_blind,TabPFN,break_even,African-American vs Caucasian,equalized_odds,0.2523364485981308,race,True,1.0,True,,,956,645,,,,,1.0,1.0,False,0.0,1.0
holdout,race_proxy_blind,TabPFN,break_even,Hispanic vs Caucasian,fpr,0.2523364485981308,race,False,1.0,True,1.0,1.0,81,405,0.0,,,,1.0,1.0,False,,
holdout,race_proxy_blind,TabPFN,break_even,Hispanic vs Caucasian,fnr,0.2523364485981308,race,False,1.0,True,0.0,0.0,60,240,0.0,,,,1.0,1.0,False,,
holdout,race_proxy_blind,TabPFN,break_even,Hispanic vs Caucasian,equalized_odds,0.2523364485981308,race,False,1.0,True,,,141,645,,,,,1.0,1.0,False,0.0,1.0
holdout,race_proxy_blind,TabPFN,break_even,Other vs Caucasian,fpr,0.2523364485981308,race,False,1.0,True,1.0,1.0,68,405,0.0,,,,1.0,1.0,False,,
holdout,race_proxy_blind,TabPFN,break_even,Other vs Caucasian,fnr,0.2523364485981308,race,False,1.0,True,0.0,0.0,29,240,0.0,,,,1.0,1.0,False,,
holdout,race_proxy_blind,TabPFN,break_even,Other vs Caucasian,equalized_odds,0.2523364485981308,race,False,1.0,True,,,97,645,,,,,1.0,1.0,False,0.0,1.0
holdout,race_proxy_blind,TabPFN,break_even,Female vs Male,fpr,0.2523364485981308,sex,False,1.0,True,1.0,1.0,233,776,0.0,,,,1.0,1.0,False,,
holdout,race_proxy_blind,TabPFN,break_even,Female vs Male,fnr,0.2523364485981308,sex,False,1.0,True,0.0,0.0,127,716,0.0,,,,1.0,1.0,False,,
holdout,race_proxy_blind,TabPFN,break_even,Female vs Male,equalized_odds,0.2523364485981308,sex,False,1.0,True,,,360,1492,,,,,1.0,1.0,False,0.0,1.0
holdout,race_proxy_blind,COMPAS tool,0.5,African-American vs Caucasian,fpr,0.5,race,True,0.4709556527170518,False,0.4112359550561797,0.2271604938271605,445,405,0.1840754612290192,0.1227949988592367,0.2453559235988017,5.729445702873658,1.0075933388056717e-08,4.030373355222686e-08,True,,
holdout,race_proxy_blind,COMPAS tool,0.5,African-American vs Caucasian,fnr,0.5,race,True,0.4709556527170518,False,0.2974559686888454,0.5,511,240,-0.2025440313111546,-0.277193229050897,-0.1278948335714121,-5.385217896019942,7.235693820816039e-08,2.894277528326415e-07,True,,
holdout,race_proxy_blind,COMPAS tool,0.5,African-American vs Caucasian,equalized_odds,0.5,race,True,0.4709556527170518,False,,,956,645,,,,,3.720189568194827e-14,1.4880758272779312e-13,True,61.84483335147561,3.720189568194827e-14
holdout,race_proxy_blind,COMPAS tool,0.5,Hispanic vs Caucasian,fpr,0.5,race,False,0.3206106870229007,False,0.1975308641975308,0.2271604938271605,81,405,-0.0296296296296296,-0.1254560654989727,0.0661968062397134,-0.5855400437691203,0.558184649422657,0.558184649422657,False,,
holdout,race_proxy_blind,COMPAS tool,0.5,Hispanic vs Caucasian,fnr,0.5,race,False,0.3206106870229007,False,0.6,0.5,60,240,0.0999999999999999,-0.0391666443069826,0.2391666443069826,1.3867504905630723,0.16551785869747,0.4965535760924101,False,,
holdout,race_proxy_blind,COMPAS tool,0.5,Hispanic vs Caucasian,equalized_odds,0.5,race,False,0.3206106870229007,False,,,141,645,,,,,0.3187412499310523,0.6374824998621046,False,2.2867512681659816,0.3187412499310523
holdout,race_proxy_blind,COMPAS tool,0.5,Other vs Caucasian,fpr,0.5,race,False,0.3140161725067385,False,0.1323529411764706,0.2271604938271605,68,405,-0.0948075526506899,-0.1850986804785146,-0.0045164248228651,-1.765319495433813,0.077510084817817,0.232530254453451,False,,
holdout,race_proxy_blind,COMPAS tool,0.5,Other vs Caucasian,fnr,0.5,race,False,0.3140161725067385,False,0.5862068965517241,0.5,29,240,0.086206896551724,-0.1038802410793898,0.276294034182838,0.8771533399764889,0.3804033559075932,0.7608067118151864,False,,
holdout,race_proxy_blind,COMPAS tool,0.5,Other vs Caucasian,equalized_odds,0.5,race,False,0.3140161725067385,False,,,97,645,,,,,0.1226709777394562,0.3680129332183688,False,4.196498970967482,0.1226709777394562
holdout,race_proxy_blind,COMPAS tool,0.5,Female vs Male,fpr,0.5,sex,False,0.4416846652267818,False,0.2660944206008583,0.3079896907216495,233,776,-0.0418952701207911,-0.1072770772563383,0.0234865370147561,-1.2257997332526165,0.2202740476166781,0.4405480952333562,False,,
holdout,race_proxy_blind,COMPAS tool,0.5,Female vs Male,fnr,0.5,sex,False,0.4416846652267818,False,0.4015748031496063,0.3840782122905028,127,716,0.0174965908591034,-0.0749052310735013,0.1098984127917083,0.3731397564627252,0.7090444305913325,0.7608067118151864,False,,
holdout,race_proxy_blind,COMPAS tool,0.5,Female vs Male,equalized_odds,0.5,sex,False,0.4416846652267818,False,,,360,1492,,,,,0.4349802927048571,0.6374824998621046,False,1.6649091060929608,0.4349802927048571
holdout,race_proxy_blind,COMPAS tool,break_even,African-American vs Caucasian,fpr,0.2523364485981308,race,True,0.4709556527170518,False,0.4112359550561797,0.2271604938271605,445,405,0.1840754612290192,0.1227949988592367,0.2453559235988017,5.729445702873658,1.0075933388056717e-08,4.030373355222686e-08,True,,
holdout,race_proxy_blind,COMPAS tool,break_even,African-American vs Caucasian,fnr,0.2523364485981308,race,True,0.4709556527170518,False,0.2974559686888454,0.5,511,240,-0.2025440313111546,-0.277193229050897,-0.1278948335714121,-5.385217896019942,7.235693820816039e-08,2.894277528326415e-07,True,,
holdout,race_proxy_blind,COMPAS tool,break_even,African-American vs Caucasian,equalized_odds,0.2523364485981308,race,True,0.4709556527170518,False,,,956,645,,,,,3.720189568194827e-14,1.4880758272779312e-13,True,61.84483335147561,3.720189568194827e-14
holdout,race_proxy_blind,COMPAS tool,break_even,Hispanic vs Caucasian,fpr,0.2523364485981308,race,False,0.3206106870229007,False,0.1975308641975308,0.2271604938271605,81,405,-0.0296296296296296,-0.1254560654989727,0.0661968062397134,-0.5855400437691203,0.558184649422657,0.558184649422657,False,,
holdout,race_proxy_blind,COMPAS tool,break_even,Hispanic vs Caucasian,fnr,0.2523364485981308,race,False,0.3206106870229007,False,0.6,0.5,60,240,0.0999999999999999,-0.0391666443069826,0.2391666443069826,1.3867504905630723,0.16551785869747,0.4965535760924101,False,,
holdout,race_proxy_blind,COMPAS tool,break_even,Hispanic vs Caucasian,equalized_odds,0.2523364485981308,race,False,0.3206106870229007,False,,,141,645,,,,,0.3187412499310523,0.6374824998621046,False,2.2867512681659816,0.3187412499310523
holdout,race_proxy_blind,COMPAS tool,break_even,Other vs Caucasian,fpr,0.2523364485981308,race,False,0.3140161725067385,False,0.1323529411764706,0.2271604938271605,68,405,-0.0948075526506899,-0.1850986804785146,-0.0045164248228651,-1.765319495433813,0.077510084817817,0.232530254453451,False,,
holdout,race_proxy_blind,COMPAS tool,break_even,Other vs Caucasian,fnr,0.2523364485981308,race,False,0.3140161725067385,False,0.5862068965517241,0.5,29,240,0.086206896551724,-0.1038802410793898,0.276294034182838,0.8771533399764889,0.3804033559075932,0.7608067118151864,False,,
holdout,race_proxy_blind,COMPAS tool,break_even,Other vs Caucasian,equalized_odds,0.2523364485981308,race,False,0.3140161725067385,False,,,97,645,,,,,0.1226709777394562,0.3680129332183688,False,4.196498970967482,0.1226709777394562
holdout,race_proxy_blind,COMPAS tool,break_even,Female vs Male,fpr,0.2523364485981308,sex,False,0.4416846652267818,False,0.2660944206008583,0.3079896907216495,233,776,-0.0418952701207911,-0.1072770772563383,0.0234865370147561,-1.2257997332526165,0.2202740476166781,0.4405480952333562,False,,
holdout,race_proxy_blind,COMPAS tool,break_even,Female vs Male,fnr,0.2523364485981308,sex,False,0.4416846652267818,False,0.4015748031496063,0.3840782122905028,127,716,0.0174965908591034,-0.0749052310735013,0.1098984127917083,0.3731397564627252,0.7090444305913325,0.7608067118151864,False,,
holdout,race_proxy_blind,COMPAS tool,break_even,Female vs Male,equalized_odds,0.2523364485981308,sex,False,0.4416846652267818,False,,,360,1492,,,,,0.4349802927048571,0.6374824998621046,False,1.6649091060929608,0.4349802927048571
holdout,sex_blind,TabPFN,0.5,African-American vs Caucasian,fpr,0.5,race,True,0.4097439100562148,False,0.3235955056179775,0.1654320987654321,445,405,0.1581634068525454,0.1016033154044684,0.2147234983006223,5.331278060504834,9.752395780462523e-08,3.900958312185009e-07,True,,
holdout,sex_blind,TabPFN,0.5,African-American vs Caucasian,fnr,0.5,race,True,0.4097439100562148,False,0.3072407045009784,0.6208333333333333,511,240,-0.3135926288323549,-0.3868584477046706,-0.2403268099600391,-8.155698576957162,3.4716730169175547e-16,1.388669206767022e-15,True,,
holdout,sex_blind,TabPFN,0.5,African-American vs Caucasian,equalized_odds,0.5,race,True,0.4097439100562148,False,,,956,645,,,,,2.073500533378652e-21,8.294002133514606e-21,True,95.25009738986958,2.073500533378652e-21
holdout,sex_blind,TabPFN,0.5,Hispanic vs Caucasian,fpr,0.5,race,False,0.2455470737913486,False,0.1234567901234567,0.1654320987654321,81,405,-0.0419753086419753,-0.122235530233436,0.0382849129494854,-0.9444414455369292,0.3449441106699072,0.3449441106699072,False,,
holdout,sex_blind,TabPFN,0.5,Hispanic vs Caucasian,fnr,0.5,race,False,0.2455470737913486,False,0.5833333333333334,0.6208333333333333,60,240,-0.0374999999999999,-0.1765297985136948,0.1015297985136948,-0.5335009965720102,0.5936868213633353,1.0,False,,
holdout,sex_blind,TabPFN,0.5,Hispanic vs Caucasian,equalized_odds,0.5,race,False,0.2455470737913486,False,,,141,645,,,,,0.5424553381651014,0.5424553381651014,False,1.2232990458388744,0.5424553381651014
holdout,sex_blind,TabPFN,0.5,Other vs Caucasian,fpr,0.5,race,False,0.2358490566037736,False,0.088235294117647,0.1654320987654321,68,405,-0.077196804647785,-0.1537103757511602,-0.0006832335444098,-1.6304986248876103,0.1029961555975887,0.2059923111951774,False,,
holdout,sex_blind,TabPFN,0.5,Other vs Caucasian,fnr,0.5,race,False,0.2358490566037736,False,0.6206896551724138,0.6208333333333333,29,240,-0.0001436781609195,-0.1871045643516976,0.1868172080298585,-0.0015063059748135,0.9987981421733452,1.0,False,,
holdout,sex_blind,TabPFN,0.5,Other vs Caucasian,equalized_odds,0.5,race,False,0.2358490566037736,False,,,97,645,,,,,0.223401969895715,0.44680393979143,False,2.997565149179033,0.223401969895715
holdout,sex_blind,TabPFN,0.5,Female vs Male,fpr,0.5,sex,False,0.3822894168466522,False,0.1459227467811159,0.2487113402061855,233,776,-0.1027885934250696,-0.1573756468584205,-0.0482015399917188,-3.2952094337776785,0.0009834835282742,0.0029504505848228,True,,
holdout,sex_blind,TabPFN,0.5,Female vs Male,fnr,0.5,sex,False,0.3822894168466522,False,0.5275590551181102,0.4120111731843575,127,716,0.1155478819337526,0.0215334797117412,0.209562284155764,2.424417021576565,0.0153329869212519,0.0459989607637559,True,,
holdout,sex_blind,TabPFN,0.5,Female vs Male,equalized_odds,0.5,sex,False,0.3822894168466522,False,,,360,1492,,,,,0.0001594803278119,0.0004784409834359,True,17.487179959896025,0.0001594803278119
holdout,sex_blind,TabPFN,break_even,African-American vs Caucasian,fpr,0.2523364485981308,race,True,0.8126171143035603,False,0.8337078651685393,0.6098765432098765,445,405,0.2238313219586628,0.1650643296335981,0.2825983142837275,7.316436533308093,2.5464237171596617e-13,1.0185694868638649e-12,True,,
holdout,sex_blind,TabPFN,break_even,African-American vs Caucasian,fnr,0.2523364485981308,race,True,0.8126171143035603,False,0.0528375733855185,0.1708333333333333,511,240,-0.1179957599478147,-0.1694104516589639,-0.0665810682366655,-5.254575455951265,1.4836630976528876e-07,5.934652390611551e-07,True,,
holdout,sex_blind,TabPFN,break_even,African-American vs Caucasian,equalized_odds,0.2523364485981308,race,True,0.8126171143035603,False,,,956,645,,,,,4.708825302923739e-18,1.8835301211694957e-17,True,79.79418640374098,4.708825302923739e-18
holdout,sex_blind,TabPFN,break_even,Hispanic vs Caucasian,fpr,0.2523364485981308,race,False,0.683206106870229,False,0.5679012345679012,0.6098765432098765,81,405,-0.0419753086419752,-0.159850050024269,0.0758994327403184,-0.7048059944824198,0.4809309775703901,0.4809309775703901,False,,
holdout,sex_blind,TabPFN,break_even,Hispanic vs Caucasian,fnr,0.2523364485981308,race,False,0.683206106870229,False,0.25,0.1708333333333333,60,240,0.0791666666666666,-0.0402980088967291,0.1986313422300624,1.4076520138292243,0.1592341375182755,0.318468275036551,False,,
holdout,sex_blind,TabPFN,break_even,Hispanic vs Caucasian,equalized_odds,0.2523364485981308,race,False,0.683206106870229,False,,,141,645,,,,,0.3062808815862451,0.3062808815862451,False,2.3665053687487108,0.3062808815862451
holdout,sex_blind,TabPFN,break_even,Other vs Caucasian,fpr,0.2523364485981308,race,False,0.6778975741239892,False,0.4705882352941176,0.6098765432098765,68,405,-0.1392883079157588,-0.2670807203028638,-0.0114958955286539,-2.160848078700823,0.0307070767516107,0.0614141535032214,False,,
holdout,sex_blind,TabPFN,break_even,Other vs Caucasian,fnr,0.2523364485981308,race,False,0.6778975741239892,False,0.1379310344827586,0.1708333333333333,29,240,-0.0329022988505747,-0.1671335707198801,0.1013289730187307,-0.4484114942815304,0.6538562478556413,0.6538562478556413,False,,
holdout,sex_blind,TabPFN,break_even,Other vs Caucasian,equalized_odds,0.2523364485981308,race,False,0.6778975741239892,False,,,97,645,,,,,0.0904436398152245,0.1808872796304491,False,4.80605677349451,0.0904436398152245
holdout,sex_blind,TabPFN,break_even,Female vs Male,fpr,0.2523364485981308,sex,False,0.7856371490280778,False,0.6137339055793991,0.7164948453608248,233,776,-0.1027609397814256,-0.1728611024647746,-0.0326607770980766,-2.9816937627485336,0.0028665858343446,0.0085997575030338,True,,
holdout,sex_blind,TabPFN,break_even,Female vs Male,fnr,0.2523364485981308,sex,False,0.7856371490280778,False,0.1811023622047244,0.0893854748603352,127,716,0.0917168873443892,0.0215558835826733,0.161877891106105,3.131128867982917,0.0017413572977981,0.0052240718933943,True,,
holdout,sex_blind,TabPFN,break_even,Female vs Male,equalized_odds,0.2523364485981308,sex,False,0.7856371490280778,False,,,360,1492,,,,,0.0001884957765963,0.000565487329789,True,17.15286991330311,0.0001884957765963
holdout,sex_blind,COMPAS tool,0.5,African-American vs Caucasian,fpr,0.5,race,True,0.4709556527170518,False,0.4112359550561797,0.2271604938271605,445,405,0.1840754612290192,0.1227949988592367,0.2453559235988017,5.729445702873658,1.0075933388056717e-08,4.030373355222686e-08,True,,
holdout,sex_blind,COMPAS tool,0.5,African-American vs Caucasian,fnr,0.5,race,True,0.4709556527170518,False,0.2974559686888454,0.5,511,240,-0.2025440313111546,-0.277193229050897,-0.1278948335714121,-5.385217896019942,7.235693820816039e-08,2.894277528326415e-07,True,,
holdout,sex_blind,COMPAS tool,0.5,African-American vs Caucasian,equalized_odds,0.5,race,True,0.4709556527170518,False,,,956,645,,,,,3.720189568194827e-14,1.4880758272779312e-13,True,61.84483335147561,3.720189568194827e-14
holdout,sex_blind,COMPAS tool,0.5,Hispanic vs Caucasian,fpr,0.5,race,False,0.3206106870229007,False,0.1975308641975308,0.2271604938271605,81,405,-0.0296296296296296,-0.1254560654989727,0.0661968062397134,-0.5855400437691203,0.558184649422657,0.558184649422657,False,,
holdout,sex_blind,COMPAS tool,0.5,Hispanic vs Caucasian,fnr,0.5,race,False,0.3206106870229007,False,0.6,0.5,60,240,0.0999999999999999,-0.0391666443069826,0.2391666443069826,1.3867504905630723,0.16551785869747,0.4965535760924101,False,,
holdout,sex_blind,COMPAS tool,0.5,Hispanic vs Caucasian,equalized_odds,0.5,race,False,0.3206106870229007,False,,,141,645,,,,,0.3187412499310523,0.6374824998621046,False,2.2867512681659816,0.3187412499310523
holdout,sex_blind,COMPAS tool,0.5,Other vs Caucasian,fpr,0.5,race,False,0.3140161725067385,False,0.1323529411764706,0.2271604938271605,68,405,-0.0948075526506899,-0.1850986804785146,-0.0045164248228651,-1.765319495433813,0.077510084817817,0.232530254453451,False,,
holdout,sex_blind,COMPAS tool,0.5,Other vs Caucasian,fnr,0.5,race,False,0.3140161725067385,False,0.5862068965517241,0.5,29,240,0.086206896551724,-0.1038802410793898,0.276294034182838,0.8771533399764889,0.3804033559075932,0.7608067118151864,False,,
holdout,sex_blind,COMPAS tool,0.5,Other vs Caucasian,equalized_odds,0.5,race,False,0.3140161725067385,False,,,97,645,,,,,0.1226709777394562,0.3680129332183688,False,4.196498970967482,0.1226709777394562
holdout,sex_blind,COMPAS tool,0.5,Female vs Male,fpr,0.5,sex,False,0.4416846652267818,False,0.2660944206008583,0.3079896907216495,233,776,-0.0418952701207911,-0.1072770772563383,0.0234865370147561,-1.2257997332526165,0.2202740476166781,0.4405480952333562,False,,
holdout,sex_blind,COMPAS tool,0.5,Female vs Male,fnr,0.5,sex,False,0.4416846652267818,False,0.4015748031496063,0.3840782122905028,127,716,0.0174965908591034,-0.0749052310735013,0.1098984127917083,0.3731397564627252,0.7090444305913325,0.7608067118151864,False,,
holdout,sex_blind,COMPAS tool,0.5,Female vs Male,equalized_odds,0.5,sex,False,0.4416846652267818,False,,,360,1492,,,,,0.4349802927048571,0.6374824998621046,False,1.6649091060929608,0.4349802927048571
holdout,sex_blind,COMPAS tool,break_even,African-American vs Caucasian,fpr,0.2523364485981308,race,True,0.4709556527170518,False,0.4112359550561797,0.2271604938271605,445,405,0.1840754612290192,0.1227949988592367,0.2453559235988017,5.729445702873658,1.0075933388056717e-08,4.030373355222686e-08,True,,
holdout,sex_blind,COMPAS tool,break_even,African-American vs Caucasian,fnr,0.2523364485981308,race,True,0.4709556527170518,False,0.2974559686888454,0.5,511,240,-0.2025440313111546,-0.277193229050897,-0.1278948335714121,-5.385217896019942,7.235693820816039e-08,2.894277528326415e-07,True,,
holdout,sex_blind,COMPAS tool,break_even,African-American vs Caucasian,equalized_odds,0.2523364485981308,race,True,0.4709556527170518,False,,,956,645,,,,,3.720189568194827e-14,1.4880758272779312e-13,True,61.84483335147561,3.720189568194827e-14
holdout,sex_blind,COMPAS tool,break_even,Hispanic vs Caucasian,fpr,0.2523364485981308,race,False,0.3206106870229007,False,0.1975308641975308,0.2271604938271605,81,405,-0.0296296296296296,-0.1254560654989727,0.0661968062397134,-0.5855400437691203,0.558184649422657,0.558184649422657,False,,
holdout,sex_blind,COMPAS tool,break_even,Hispanic vs Caucasian,fnr,0.2523364485981308,race,False,0.3206106870229007,False,0.6,0.5,60,240,0.0999999999999999,-0.0391666443069826,0.2391666443069826,1.3867504905630723,0.16551785869747,0.4965535760924101,False,,
holdout,sex_blind,COMPAS tool,break_even,Hispanic vs Caucasian,equalized_odds,0.2523364485981308,race,False,0.3206106870229007,False,,,141,645,,,,,0.3187412499310523,0.6374824998621046,False,2.2867512681659816,0.3187412499310523
holdout,sex_blind,COMPAS tool,break_even,Other vs Caucasian,fpr,0.2523364485981308,race,False,0.3140161725067385,False,0.1323529411764706,0.2271604938271605,68,405,-0.0948075526506899,-0.1850986804785146,-0.0045164248228651,-1.765319495433813,0.077510084817817,0.232530254453451,False,,
holdout,sex_blind,COMPAS tool,break_even,Other vs Caucasian,fnr,0.2523364485981308,race,False,0.3140161725067385,False,0.5862068965517241,0.5,29,240,0.086206896551724,-0.1038802410793898,0.276294034182838,0.8771533399764889,0.3804033559075932,0.7608067118151864,False,,
holdout,sex_blind,COMPAS tool,break_even,Other vs Caucasian,equalized_odds,0.2523364485981308,race,False,0.3140161725067385,False,,,97,645,,,,,0.1226709777394562,0.3680129332183688,False,4.196498970967482,0.1226709777394562
holdout,sex_blind,COMPAS tool,break_even,Female vs Male,fpr,0.2523364485981308,sex,False,0.4416846652267818,False,0.2660944206008583,0.3079896907216495,233,776,-0.0418952701207911,-0.1072770772563383,0.0234865370147561,-1.2257997332526165,0.2202740476166781,0.4405480952333562,False,,
holdout,sex_blind,COMPAS tool,break_even,Female vs Male,fnr,0.2523364485981308,sex,False,0.4416846652267818,False,0.4015748031496063,0.3840782122905028,127,716,0.0174965908591034,-0.0749052310735013,0.1098984127917083,0.3731397564627252,0.7090444305913325,0.7608067118151864,False,,
holdout,sex_blind,COMPAS tool,break_even,Female vs Male,equalized_odds,0.2523364485981308,sex,False,0.4416846652267818,False,,,360,1492,,,,,0.4349802927048571,0.6374824998621046,False,1.6649091060929608,0.4349802927048571
temporal_1,age_blind,TabPFN,0.5,African-American vs Caucasian,fpr,0.5,race,True,0.1807610993657505,False,0.1783625730994152,0.0561403508771929,342,285,0.1222222222222222,0.0736391518121227,0.1708052926323216,4.642936263062109,3.4349233835428195e-06,1.3739693534171278e-05,True,,
temporal_1,age_blind,TabPFN,0.5,African-American vs Caucasian,fnr,0.5,race,True,0.1807610993657505,False,0.5963302752293578,0.9405940594059404,218,101,-0.3442637841765827,-0.4240576409365819,-0.2644699274165836,-6.2736520423660505,3.5267619983762036e-10,1.4107047993504812e-09,True,,
temporal_1,age_blind,TabPFN,0.5,African-American vs Caucasian,equalized_odds,0.5,race,True,0.1807610993657505,False,,,560,386,,,,,5.31400284939247e-16,2.125601139756988e-15,True,70.34203220872485,5.31400284939247e-16
temporal_1,age_blind,TabPFN,0.5,Hispanic vs Caucasian,fpr,0.5,race,False,0.0602409638554216,False,0.0459770114942528,0.0561403508771929,87,285,-0.0101633393829401,-0.061651067823445,0.0413243890575647,-0.3678778374451043,0.712964326345875,0.712964326345875,False,,
temporal_1,age_blind,TabPFN,0.5,Hispanic vs Caucasian,fnr,0.5,race,False,0.0602409638554216,False,0.84,0.9405940594059404,25,101,-0.1005940594059405,-0.2515142946579499,0.0503261758460687,-1.665939798252988,0.0957254057442798,0.1914508114885596,False,,
temporal_1,age_blind,TabPFN,0.5,Hispanic vs Caucasian,equalized_odds,0.5,race,False,0.0602409638554216,False,,,112,386,,,,,0.2867484644955684,0.5734969289911368,False,2.498299755682317,0.2867484644955684
temporal_1,age_blind,TabPFN,0.5,Other vs Caucasian,fpr,0.5,race,False,0.0544662309368191,False,0.0178571428571428,0.0561403508771929,56,285,-0.0382832080200501,-0.0820702362293415,0.0055038201892412,-1.2033860991051504,0.2288269446468942,0.4576538892937885,False,,
temporal_1,age_blind,TabPFN,0.5,Other vs Caucasian,fnr,0.5,race,False,0.0544662309368191,False,0.8823529411764706,0.9405940594059404,17,101,-0.0582411182294699,-0.2181852891938378,0.1017030527348978,-0.883719666515391,0.3768475612347394,0.3768475612347394,False,,
temporal_1,age_blind,TabPFN,0.5,Other vs Caucasian,equalized_odds,0.5,race,False,0.0544662309368191,False,,,73,386,,,,,0.2876771172919354,0.5734969289911368,False,2.491833096572039,0.2876771172919354
temporal_1,age_blind,TabPFN,0.5,Female vs Male,fpr,0.5,sex,False,0.1599297012302284,False,0.0223463687150838,0.1308724832214765,179,596,-0.1085261145063927,-0.1431957353769772,-0.0738564936358081,-4.1396269688516725,3.478710234745369e-05,0.0001043613070423,True,,
temporal_1,age_blind,TabPFN,0.5,Female vs Male,fnr,0.5,sex,False,0.1599297012302284,False,0.9411764705882352,0.6891025641025641,51,312,0.2520739064856712,0.169563782677689,0.3345840302936533,3.735646005315052,0.0001872339054361,0.0005617017163085,True,,
temporal_1,age_blind,TabPFN,0.5,Female vs Male,equalized_odds,0.5,sex,False,0.1599297012302284,False,,,230,908,,,,,1.8026746930780521e-09,5.408024079234156e-09,True,40.26798866872532,1.8026746930780521e-09
temporal_1,age_blind,TabPFN,break_even,African-American vs Caucasian,fpr,0.2523364485981308,race,True,0.6596194503171248,False,0.7017543859649122,0.4456140350877193,342,285,0.2561403508771929,0.1807698907424035,0.3315108110119824,6.482276434721644,9.034890501045356e-11,2.7104671503136065e-10,True,,
temporal_1,age_blind,TabPFN,break_even,African-American vs Caucasian,fnr,0.2523364485981308,race,True,0.6596194503171248,False,0.1330275229357798,0.3267326732673267,218,101,-0.1937051503315469,-0.2956806750939229,-0.0917296255691709,-4.066895721861731,4.7643549158568816e-05,0.0001905741966342,True,,
temporal_1,age_blind,TabPFN,break_even,African-American vs Caucasian,equalized_odds,0.2523364485981308,race,True,0.6596194503171248,False,,,560,386,,,,,2.612933727973137e-13,7.83880118391941e-13,True,57.94626517026941,2.612933727973137e-13
temporal_1,age_blind,TabPFN,break_even,Hispanic vs Caucasian,fpr,0.2523364485981308,race,False,0.5040160642570282,False,0.4942528735632184,0.4456140350877193,87,285,0.0486388384754991,-0.071223787207706,0.1685014641587042,0.7971436227179873,0.4253676239432929,0.4432775607083177,False,,
temporal_1,age_blind,TabPFN,break_even,Hispanic vs Caucasian,fnr,0.2523364485981308,race,False,0.5040160642570282,False,0.48,0.3267326732673267,25,101,0.1532673267326732,-0.0628803974390832,0.3694150509044297,1.431913488177188,0.1521685815704196,0.3043371631408392,False,,
temporal_1,age_blind,TabPFN,break_even,Hispanic vs Caucasian,equalized_odds,0.2523364485981308,race,False,0.5040160642570282,False,,,112,386,,,,,0.2688074937616554,0.5376149875233108,False,2.627519584288311,0.2688074937616554
temporal_1,age_blind,TabPFN,break_even,Other vs Caucasian,fpr,0.2523364485981308,race,False,0.494553376906318,False,0.3571428571428571,0.4456140350877193,56,285,-0.0884711779448621,-0.2265988502446465,0.0496564943549222,-1.2221820763158424,0.2216387803541588,0.4432775607083177,False,,
temporal_1,age_blind,TabPFN,break_even,Other vs Caucasian,fnr,0.2523364485981308,race,False,0.494553376906318,False,0.2941176470588235,0.3267326732673267,17,101,-0.0326150262085032,-0.2677331239229007,0.2025030715058943,-0.2662607133907017,0.7900384274436668,0.7900384274436668,False,,
temporal_1,age_blind,TabPFN,break_even,Other vs Caucasian,equalized_odds,0.2523364485981308,race,False,0.494553376906318,False,,,73,386,,,,,0.4521380756507146,0.5376149875233108,False,1.587535337390371,0.4521380756507146
temporal_1,age_blind,TabPFN,break_even,Female vs Male,fpr,0.2523364485981308,sex,False,0.6265377855887522,False,0.3016759776536313,0.6325503355704698,179,596,-0.3308743579168385,-0.4084576890785803,-0.2532910267550967,-7.813502434077968,5.5620339751557506e-15,2.2248135900623e-14,True,,
temporal_1,age_blind,TabPFN,break_even,Female vs Male,fnr,0.2523364485981308,sex,False,0.6265377855887522,False,0.4313725490196078,0.1891025641025641,51,312,0.2422699849170437,0.099567694019221,0.3849722758148665,3.852549666155092,0.0001168942568335,0.0003506827705006,True,,
temporal_1,age_blind,TabPFN,break_even,Female vs Male,equalized_odds,0.2523364485981308,sex,False,0.6265377855887522,False,,,230,908,,,,,6.232005075998805e-17,2.492802030399522e-16,True,74.62849691565015,6.232005075998805e-17
temporal_1,age_blind,COMPAS tool,0.5,African-American vs Caucasian,fpr,0.5,race,True,0.4587737843551797,False,0.4824561403508772,0.2491228070175438,342,285,0.2333333333333333,0.160354019969956,0.3063126466967106,6.004843021370408,1.915171085679105e-09,7.660684342716421e-09,True,,
temporal_1,age_blind,COMPAS tool,0.5,African-American vs Caucasian,fnr,0.5,race,True,0.4587737843551797,False,0.3027522935779816,0.5445544554455446,218,101,-0.2418021618675629,-0.3564878790260042,-0.1271164447091216,-4.14017953544563,3.470341074684919e-05,0.0001388136429873,True,,
temporal_1,age_blind,COMPAS tool,0.5,African-American vs Caucasian,equalized_odds,0.5,race,True,0.4587737843551797,False,,,560,386,,,,,2.166963360116146e-12,8.667853440464584e-12,True,53.71538860326329,2.166963360116146e-12
temporal_1,age_blind,COMPAS tool,0.5,Hispanic vs Caucasian,fpr,0.5,race,False,0.2931726907630522,False,0.2183908045977011,0.2491228070175438,87,285,-0.0307320024198426,-0.1310235546843334,0.069559549844648,-0.5858663791862166,0.5579653122257244,1.0,False,,
temporal_1,age_blind,COMPAS tool,0.5,Hispanic vs Caucasian,fnr,0.5,race,False,0.2931726907630522,False,0.6,0.5445544554455446,25,101,0.0554455445544553,-0.1597545120296527,0.2706456011385635,0.4995047051780883,0.617423872891717,0.6929734504095852,False,,
temporal_1,age_blind,COMPAS tool,0.5,Hispanic vs Caucasian,equalized_odds,0.5,race,False,0.2931726907630522,False,,,112,386,,,,,0.7408523006445901,1.0,False,0.5999079958401343,0.7408523006445901
temporal_1,age_blind,COMPAS tool,0.5,Other vs Caucasian,fpr,0.5,race,False,0.2810457516339869,False,0.1428571428571428,0.2491228070175438,56,285,-0.106265664160401,-0.210769466539425,-0.0017618617813769,-1.7231472949378648,0.084861891952851,0.2545856758585532,False,,
temporal_1,age_blind,COMPAS tool,0.5,Other vs Caucasian,fnr,0.5,race,False,0.2810457516339869,False,0.7647058823529411,0.5445544554455446,17,101,0.2201514269073965,-0.0036603055955149,0.443963159410308,1.6994492400028682,0.0892345709646498,0.2677037128939495,False,,
temporal_1,age_blind,COMPAS tool,0.5,Other vs Caucasian,equalized_odds,0.5,race,False,0.2810457516339869,False,,,73,386,,,,,0.0426745037619551,0.1280235112858655,False,6.308307277354528,0.0426745037619551
temporal_1,age_blind,COMPAS tool,0.5,Female vs Male,fpr,0.5,sex,False,0.4200351493848858,False,0.3240223463687151,0.3456375838926174,179,596,-0.0216152375239023,-0.1000903289238305,0.0568598538760257,-0.5351161956044256,0.592569511463841,1.0,False,,
temporal_1,age_blind,COMPAS tool,0.5,Female vs Male,fnr,0.5,sex,False,0.4200351493848858,False,0.4705882352941176,0.4006410256410256,51,312,0.0699472096530919,-0.0774368607297512,0.2173312800359352,0.9414257454509344,0.3464867252047926,0.6929734504095852,False,,
temporal_1,age_blind,COMPAS tool,0.5,Female vs Male,equalized_odds,0.5,sex,False,0.4200351493848858,False,,,230,908,,,,,0.5584038892178963,1.0,False,1.165345525252933,0.5584038892178963
temporal_1,age_blind,COMPAS tool,break_even,African-American vs Caucasian,fpr,0.2523364485981308,race,True,0.4587737843551797,False,0.4824561403508772,0.2491228070175438,342,285,0.2333333333333333,0.160354019969956,0.3063126466967106,6.004843021370408,1.915171085679105e-09,7.660684342716421e-09,True,,
temporal_1,age_blind,COMPAS tool,break_even,African-American vs Caucasian,fnr,0.2523364485981308,race,True,0.4587737843551797,False,0.3027522935779816,0.5445544554455446,218,101,-0.2418021618675629,-0.3564878790260042,-0.1271164447091216,-4.14017953544563,3.470341074684919e-05,0.0001388136429873,True,,
temporal_1,age_blind,COMPAS tool,break_even,African-American vs Caucasian,equalized_odds,0.2523364485981308,race,True,0.4587737843551797,False,,,560,386,,,,,2.166963360116146e-12,8.667853440464584e-12,True,53.71538860326329,2.166963360116146e-12
temporal_1,age_blind,COMPAS tool,break_even,Hispanic vs Caucasian,fpr,0.2523364485981308,race,False,0.2931726907630522,False,0.2183908045977011,0.2491228070175438,87,285,-0.0307320024198426,-0.1310235546843334,0.069559549844648,-0.5858663791862166,0.5579653122257244,1.0,False,,
temporal_1,age_blind,COMPAS tool,break_even,Hispanic vs Caucasian,fnr,0.2523364485981308,race,False,0.2931726907630522,False,0.6,0.5445544554455446,25,101,0.0554455445544553,-0.1597545120296527,0.2706456011385635,0.4995047051780883,0.617423872891717,0.6929734504095852,False,,
temporal_1,age_blind,COMPAS tool,break_even,Hispanic vs Caucasian,equalized_odds,0.2523364485981308,race,False,0.2931726907630522,False,,,112,386,,,,,0.7408523006445901,1.0,False,0.5999079958401343,0.7408523006445901
temporal_1,age_blind,COMPAS tool,break_even,Other vs Caucasian,fpr,0.2523364485981308,race,False,0.2810457516339869,False,0.1428571428571428,0.2491228070175438,56,285,-0.106265664160401,-0.210769466539425,-0.0017618617813769,-1.7231472949378648,0.084861891952851,0.2545856758585532,False,,
temporal_1,age_blind,COMPAS tool,break_even,Other vs Caucasian,fnr,0.2523364485981308,race,False,0.2810457516339869,False,0.7647058823529411,0.5445544554455446,17,101,0.2201514269073965,-0.0036603055955149,0.443963159410308,1.6994492400028682,0.0892345709646498,0.2677037128939495,False,,
temporal_1,age_blind,COMPAS tool,break_even,Other vs Caucasian,equalized_odds,0.2523364485981308,race,False,0.2810457516339869,False,,,73,386,,,,,0.0426745037619551,0.1280235112858655,False,6.308307277354528,0.0426745037619551
temporal_1,age_blind,COMPAS tool,break_even,Female vs Male,fpr,0.2523364485981308,sex,False,0.4200351493848858,False,0.3240223463687151,0.3456375838926174,179,596,-0.0216152375239023,-0.1000903289238305,0.0568598538760257,-0.5351161956044256,0.592569511463841,1.0,False,,
temporal_1,age_blind,COMPAS tool,break_even,Female vs Male,fnr,0.2523364485981308,sex,False,0.4200351493848858,False,0.4705882352941176,0.4006410256410256,51,312,0.0699472096530919,-0.0774368607297512,0.2173312800359352,0.9414257454509344,0.3464867252047926,0.6929734504095852,False,,
temporal_1,age_blind,COMPAS tool,break_even,Female vs Male,equalized_odds,0.2523364485981308,sex,False,0.4200351493848858,False,,,230,908,,,,,0.5584038892178963,1.0,False,1.165345525252933,0.5584038892178963
temporal_1,protected_blind,TabPFN,0.5,African-American vs Caucasian,fpr,0.5,race,True,0.1966173361522198,False,0.1783625730994152,0.087719298245614,342,285,0.0906432748538011,0.0384443496304219,0.1428422000771803,3.285163455542318,0.0010192322388428,0.0030576967165286,True,,
temporal_1,protected_blind,TabPFN,0.5,African-American vs Caucasian,fnr,0.5,race,True,0.1966173361522198,False,0.5871559633027523,0.900990099009901,218,101,-0.3138341357071487,-0.4013807324197227,-0.2262875389945746,-5.620337527839875,1.905847477114288e-08,7.623389908457154e-08,True,,
temporal_1,protected_blind,TabPFN,0.5,African-American vs Caucasian,equalized_odds,0.5,race,True,0.1966173361522198,False,,,560,386,,,,,5.820026084221289e-11,2.3280104336885157e-10,True,47.13426255875247,5.820026084221289e-11
temporal_1,protected_blind,TabPFN,0.5,Hispanic vs Caucasian,fpr,0.5,race,False,0.0863453815261044,False,0.0459770114942528,0.087719298245614,87,285,-0.0417422867513611,-0.0966549377888627,0.0131703642861404,-1.2711116655480177,0.2036889258238626,0.2036889258238626,False,,
temporal_1,protected_blind,TabPFN,0.5,Hispanic vs Caucasian,fnr,0.5,race,False,0.0863453815261044,False,0.84,0.900990099009901,25,101,-0.060990099009901,-0.2160533161744945,0.0940731181546924,-0.8687649136835154,0.3849757277120453,0.7699514554240907,False,,
temporal_1,protected_blind,TabPFN,0.5,Hispanic vs Caucasian,equalized_odds,0.5,race,False,0.0863453815261044,False,,,112,386,,,,,0.2870705906233673,0.2870705906233673,False,2.496054266211283,0.2870705906233673
temporal_1,protected_blind,TabPFN,0.5,Other vs Caucasian,fpr,0.5,race,False,0.0827886710239651,False,0.0178571428571428,0.087719298245614,56,285,-0.0698621553884711,-0.1176294758429883,-0.022094834933954,-1.800916854101816,0.0717159860884181,0.1434319721768363,False,,
temporal_1,protected_blind,TabPFN,0.5,Other vs Caucasian,fnr,0.5,race,False,0.0827886710239651,False,0.8823529411764706,0.900990099009901,17,101,-0.0186371578334304,-0.182496309956194,0.1452219942893331,-0.2352135186476027,0.8140430139489943,0.8140430139489943,False,,
temporal_1,protected_blind,TabPFN,0.5,Other vs Caucasian,equalized_odds,0.5,race,False,0.0827886710239651,False,,,73,386,,,,,0.1106875828253959,0.2213751656507918,False,4.402087230315957,0.1106875828253959
temporal_1,protected_blind,TabPFN,0.5,Female vs Male,fpr,0.5,sex,False,0.1731107205623901,False,0.0335195530726257,0.1426174496644295,179,596,-0.1090978965918038,-0.147612418039344,-0.0705833751442636,-3.9761991401698977,7.002549253088933e-05,0.0002801019701235,True,,
temporal_1,protected_blind,TabPFN,0.5,Female vs Male,fnr,0.5,sex,False,0.1731107205623901,False,0.8823529411764706,0.6794871794871795,51,312,0.202865761689291,0.1003942594378515,0.3053372639407306,2.953962374085658,0.003137222528448,0.0094116675853442,True,,
temporal_1,protected_blind,TabPFN,0.5,Female vs Male,equalized_odds,0.5,sex,False,0.1731107205623901,False,,,230,908,,,,,3.16213851246748e-07,9.48641553740244e-07,True,29.933694215592062,3.16213851246748e-07
temporal_1,protected_blind,TabPFN,break_even,African-American vs Caucasian,fpr,0.2523364485981308,race,True,0.7145877378435518,False,0.7134502923976608,0.5859649122807018,342,285,0.1274853801169589,0.0528769355481518,0.2020938246857661,3.344890077091821,0.0008231518725495,0.0024694556176485,True,,
temporal_1,protected_blind,TabPFN,break_even,African-American vs Caucasian,fnr,0.2523364485981308,race,True,0.7145877378435518,False,0.128440366972477,0.2574257425742574,218,101,-0.1289853756017803,-0.2251266097724937,-0.0328441414310669,-2.857622988790669,0.0042682718852315,0.0170730875409263,True,,
temporal_1,protected_blind,TabPFN,break_even,African-American vs Caucasian,equalized_odds,0.2523364485981308,race,True,0.7145877378435518,False,,,560,386,,,,,7.773542015017294e-05,0.0002332062604505,True,18.92439909334737,7.773542015017294e-05
temporal_1,protected_blind,TabPFN,break_even,Hispanic vs Caucasian,fpr,0.2523364485981308,race,False,0.606425702811245,False,0.5172413793103449,0.5859649122807018,87,285,-0.0687235329703569,-0.1882879170542884,0.0508408511135745,-1.133263972234167,0.2571034165499898,0.303004007717412,False,,
temporal_1,protected_blind,TabPFN,break_even,Hispanic vs Caucasian,fnr,0.2523364485981308,race,False,0.606425702811245,False,0.4,0.2574257425742574,25,101,0.1425742574257426,-0.0675412935086962,0.3526898083601814,1.4128126570640556,0.157710815704374,0.3154216314087481,False,,
temporal_1,protected_blind,TabPFN,break_even,Hispanic vs Caucasian,equalized_odds,0.2523364485981308,race,False,0.606425702811245,False,,,112,386,,,,,0.2038641211911145,0.407728242382229,False,3.1806031593107935,0.2038641211911145
temporal_1,protected_blind,TabPFN,break_even,Other vs Caucasian,fpr,0.2523364485981308,race,False,0.616557734204793,False,0.4821428571428571,0.5859649122807018,56,285,-0.1038220551378446,-0.2466421810379554,0.0389980707622661,-1.4342462467814103,0.151502003858706,0.303004007717412,False,,
temporal_1,protected_blind,TabPFN,break_even,Other vs Caucasian,fnr,0.2523364485981308,race,False,0.616557734204793,False,0.1764705882352941,0.2574257425742574,17,101,-0.0809551543389633,-0.2812304756285104,0.1193201669505838,-0.7172600696697728,0.4732136405476433,0.4732136405476433,False,,
temporal_1,protected_blind,TabPFN,break_even,Other vs Caucasian,equalized_odds,0.2523364485981308,race,False,0.616557734204793,False,,,73,386,,,,,0.2743924113030749,0.407728242382229,False,2.5863920782277376,0.2743924113030749
temporal_1,protected_blind,TabPFN,break_even,Female vs Male,fpr,0.2523364485981308,sex,False,0.6836555360281195,False,0.4916201117318435,0.6644295302013423,179,596,-0.1728094184694987,-0.2552760441580106,-0.0903427927809868,-4.186959210792002,2.8271660896809997e-05,0.0001130866435872,True,,
temporal_1,protected_blind,TabPFN,break_even,Female vs Male,fnr,0.2523364485981308,sex,False,0.6836555360281195,False,0.3333333333333333,0.1666666666666666,51,312,0.1666666666666666,0.0308416550738922,0.3024916782594411,2.8123297214219907,0.0049184057178206,0.0170730875409263,True,,
temporal_1,protected_blind,TabPFN,break_even,Female vs Male,equalized_odds,0.2523364485981308,sex,False,0.6836555360281195,False,,,230,908,,,,,5.6738098072985405e-06,2.269523922919416e-05,True,24.159299484356907,5.6738098072985405e-06
temporal_1,protected_blind,COMPAS tool,0.5,African-American vs Caucasian,fpr,0.5,race,True,0.4587737843551797,False,0.4824561403508772,0.2491228070175438,342,285,0.2333333333333333,0.160354019969956,0.3063126466967106,6.004843021370408,1.915171085679105e-09,7.660684342716421e-09,True,,
temporal_1,protected_blind,COMPAS tool,0.5,African-American vs Caucasian,fnr,0.5,race,True,0.4587737843551797,False,0.3027522935779816,0.5445544554455446,218,101,-0.2418021618675629,-0.3564878790260042,-0.1271164447091216,-4.14017953544563,3.470341074684919e-05,0.0001388136429873,True,,
temporal_1,protected_blind,COMPAS tool,0.5,African-American vs Caucasian,equalized_odds,0.5,race,True,0.4587737843551797,False,,,560,386,,,,,2.166963360116146e-12,8.667853440464584e-12,True,53.71538860326329,2.166963360116146e-12
temporal_1,protected_blind,COMPAS tool,0.5,Hispanic vs Caucasian,fpr,0.5,race,False,0.2931726907630522,False,0.2183908045977011,0.2491228070175438,87,285,-0.0307320024198426,-0.1310235546843334,0.069559549844648,-0.5858663791862166,0.5579653122257244,1.0,False,,
temporal_1,protected_blind,COMPAS tool,0.5,Hispanic vs Caucasian,fnr,0.5,race,False,0.2931726907630522,False,0.6,0.5445544554455446,25,101,0.0554455445544553,-0.1597545120296527,0.2706456011385635,0.4995047051780883,0.617423872891717,0.6929734504095852,False,,
temporal_1,protected_blind,COMPAS tool,0.5,Hispanic vs Caucasian,equalized_odds,0.5,race,False,0.2931726907630522,False,,,112,386,,,,,0.7408523006445901,1.0,False,0.5999079958401343,0.7408523006445901
temporal_1,protected_blind,COMPAS tool,0.5,Other vs Caucasian,fpr,0.5,race,False,0.2810457516339869,False,0.1428571428571428,0.2491228070175438,56,285,-0.106265664160401,-0.210769466539425,-0.0017618617813769,-1.7231472949378648,0.084861891952851,0.2545856758585532,False,,
temporal_1,protected_blind,COMPAS tool,0.5,Other vs Caucasian,fnr,0.5,race,False,0.2810457516339869,False,0.7647058823529411,0.5445544554455446,17,101,0.2201514269073965,-0.0036603055955149,0.443963159410308,1.6994492400028682,0.0892345709646498,0.2677037128939495,False,,
temporal_1,protected_blind,COMPAS tool,0.5,Other vs Caucasian,equalized_odds,0.5,race,False,0.2810457516339869,False,,,73,386,,,,,0.0426745037619551,0.1280235112858655,False,6.308307277354528,0.0426745037619551
temporal_1,protected_blind,COMPAS tool,0.5,Female vs Male,fpr,0.5,sex,False,0.4200351493848858,False,0.3240223463687151,0.3456375838926174,179,596,-0.0216152375239023,-0.1000903289238305,0.0568598538760257,-0.5351161956044256,0.592569511463841,1.0,False,,
temporal_1,protected_blind,COMPAS tool,0.5,Female vs Male,fnr,0.5,sex,False,0.4200351493848858,False,0.4705882352941176,0.4006410256410256,51,312,0.0699472096530919,-0.0774368607297512,0.2173312800359352,0.9414257454509344,0.3464867252047926,0.6929734504095852,False,,
temporal_1,protected_blind,COMPAS tool,0.5,Female vs Male,equalized_odds,0.5,sex,False,0.4200351493848858,False,,,230,908,,,,,0.5584038892178963,1.0,False,1.165345525252933,0.5584038892178963
temporal_1,protected_blind,COMPAS tool,break_even,African-American vs Caucasian,fpr,0.2523364485981308,race,True,0.4587737843551797,False,0.4824561403508772,0.2491228070175438,342,285,0.2333333333333333,0.160354019969956,0.3063126466967106,6.004843021370408,1.915171085679105e-09,7.660684342716421e-09,True,,
temporal_1,protected_blind,COMPAS tool,break_even,African-American vs Caucasian,fnr,0.2523364485981308,race,True,0.4587737843551797,False,0.3027522935779816,0.5445544554455446,218,101,-0.2418021618675629,-0.3564878790260042,-0.1271164447091216,-4.14017953544563,3.470341074684919e-05,0.0001388136429873,True,,
temporal_1,protected_blind,COMPAS tool,break_even,African-American vs Caucasian,equalized_odds,0.2523364485981308,race,True,0.4587737843551797,False,,,560,386,,,,,2.166963360116146e-12,8.667853440464584e-12,True,53.71538860326329,2.166963360116146e-12
temporal_1,protected_blind,COMPAS tool,break_even,Hispanic vs Caucasian,fpr,0.2523364485981308,race,False,0.2931726907630522,False,0.2183908045977011,0.2491228070175438,87,285,-0.0307320024198426,-0.1310235546843334,0.069559549844648,-0.5858663791862166,0.5579653122257244,1.0,False,,
temporal_1,protected_blind,COMPAS tool,break_even,Hispanic vs Caucasian,fnr,0.2523364485981308,race,False,0.2931726907630522,False,0.6,0.5445544554455446,25,101,0.0554455445544553,-0.1597545120296527,0.2706456011385635,0.4995047051780883,0.617423872891717,0.6929734504095852,False,,
temporal_1,protected_blind,COMPAS tool,break_even,Hispanic vs Caucasian,equalized_odds,0.2523364485981308,race,False,0.2931726907630522,False,,,112,386,,,,,0.7408523006445901,1.0,False,0.5999079958401343,0.7408523006445901
temporal_1,protected_blind,COMPAS tool,break_even,Other vs Caucasian,fpr,0.2523364485981308,race,False,0.2810457516339869,False,0.1428571428571428,0.2491228070175438,56,285,-0.106265664160401,-0.210769466539425,-0.0017618617813769,-1.7231472949378648,0.084861891952851,0.2545856758585532,False,,
temporal_1,protected_blind,COMPAS tool,break_even,Other vs Caucasian,fnr,0.2523364485981308,race,False,0.2810457516339869,False,0.7647058823529411,0.5445544554455446,17,101,0.2201514269073965,-0.0036603055955149,0.443963159410308,1.6994492400028682,0.0892345709646498,0.2677037128939495,False,,
temporal_1,protected_blind,COMPAS tool,break_even,Other vs Caucasian,equalized_odds,0.2523364485981308,race,False,0.2810457516339869,False,,,73,386,,,,,0.0426745037619551,0.1280235112858655,False,6.308307277354528,0.0426745037619551
temporal_1,protected_blind,COMPAS tool,break_even,Female vs Male,fpr,0.2523364485981308,sex,False,0.4200351493848858,False,0.3240223463687151,0.3456375838926174,179,596,-0.0216152375239023,-0.1000903289238305,0.0568598538760257,-0.5351161956044256,0.592569511463841,1.0,False,,
temporal_1,protected_blind,COMPAS tool,break_even,Female vs Male,fnr,0.2523364485981308,sex,False,0.4200351493848858,False,0.4705882352941176,0.4006410256410256,51,312,0.0699472096530919,-0.0774368607297512,0.2173312800359352,0.9414257454509344,0.3464867252047926,0.6929734504095852,False,,
temporal_1,protected_blind,COMPAS tool,break_even,Female vs Male,equalized_odds,0.2523364485981308,sex,False,0.4200351493848858,False,,,230,908,,,,,0.5584038892178963,1.0,False,1.165345525252933,0.5584038892178963
temporal_1,race_aware,TabPFN,0.5,African-American vs Caucasian,fpr,0.5,race,True,0.2040169133192389,False,0.2076023391812865,0.0631578947368421,342,285,0.1444444444444444,0.0930120936785025,0.1958767952103863,5.160406993882232,2.464135565425471e-07,9.856542261701883e-07,True,,
temporal_1,race_aware,TabPFN,0.5,African-American vs Caucasian,fnr,0.5,race,True,0.2040169133192389,False,0.573394495412844,0.8910891089108911,218,101,-0.317694613498047,-0.4071463770086999,-0.2282428499873942,-5.6306460395382265,1.7953584617060835e-08,7.181433846824335e-08,True,,
temporal_1,race_aware,TabPFN,0.5,African-American vs Caucasian,equalized_odds,0.5,race,True,0.2040169133192389,False,,,560,386,,,,,1.0636019238016004e-14,4.2544076952064027e-14,True,64.3490602255347,1.0636019238016004e-14
temporal_1,race_aware,TabPFN,0.5,Hispanic vs Caucasian,fpr,0.5,race,False,0.0763052208835341,False,0.0689655172413793,0.0631578947368421,87,285,0.0058076225045372,-0.0544639972963414,0.0660792423054158,0.1929997128677441,0.8469591929600347,0.8485369508376621,False,,
temporal_1,race_aware,TabPFN,0.5,Hispanic vs Caucasian,fnr,0.5,race,False,0.0763052208835341,False,0.88,0.8910891089108911,25,101,-0.011089108910891,-0.1522185506400962,0.130040332818314,-0.1579572570333664,0.8744904797425039,1.0,False,,
temporal_1,race_aware,TabPFN,0.5,Hispanic vs Caucasian,equalized_odds,0.5,race,False,0.0763052208835341,False,,,112,386,,,,,0.9698407434202846,1.0,False,0.0612468060099978,0.9698407434202846
temporal_1,race_aware,TabPFN,0.5,Other vs Caucasian,fpr,0.5,race,False,0.0697167755991285,False,0.0357142857142857,0.0631578947368421,56,285,-0.0274436090225563,-0.0836569537848279,0.0287697357397151,-0.7990378322593821,0.424268475418831,0.8485369508376621,False,,
temporal_1,race_aware,TabPFN,0.5,Other vs Caucasian,fnr,0.5,race,False,0.0697167755991285,False,0.9411764705882352,0.8910891089108911,17,101,0.0500873616773441,-0.0771979302875555,0.1773726536422438,0.6321363313654303,0.5272977965864907,1.0,False,,
temporal_1,race_aware,TabPFN,0.5,Other vs Caucasian,equalized_odds,0.5,race,False,0.0697167755991285,False,,,73,386,,,,,0.5566688384990746,1.0,False,1.1715695215034263,0.5566688384990746
temporal_1,race_aware,TabPFN,0.5,Female vs Male,fpr,0.5,sex,False,0.180140597539543,False,0.0223463687150838,0.1560402684563758,179,596,-0.133693899741292,-0.169993446583037,-0.097394352899547,-4.740360537249146,2.133382554770743e-06,6.400147664312229e-06,True,,
temporal_1,race_aware,TabPFN,0.5,Female vs Male,fnr,0.5,sex,False,0.180140597539543,False,0.8823529411764706,0.6730769230769231,51,312,0.2092760180995474,0.1066688300025264,0.3118832061965684,3.030771488257737,0.0024392978162293,0.007317893448688,True,,
temporal_1,race_aware,TabPFN,0.5,Female vs Male,equalized_odds,0.5,sex,False,0.180140597539543,False,,,230,908,,,,,1.5090526199532254e-09,4.5271578598596766e-09,True,40.62356757404864,1.5090526199532254e-09
temporal_1,race_aware,TabPFN,break_even,African-American vs Caucasian,fpr,0.2523364485981308,race,True,0.6215644820295984,False,0.6578947368421053,0.343859649122807,342,285,0.3140350877192983,0.2394083935653308,0.3886617818732657,7.834465560534111,4.7084110518312106e-15,1.883364420732484e-14,True,,
temporal_1,race_aware,TabPFN,break_even,African-American vs Caucasian,fnr,0.2523364485981308,race,True,0.6215644820295984,False,0.091743119266055,0.3366336633663366,218,101,-0.2448905441002816,-0.3446993921792212,-0.145081696021342,-5.425458857591298,5.7805844300978776e-08,2.312233772039151e-07,True,,
temporal_1,race_aware,TabPFN,break_even,African-American vs Caucasian,equalized_odds,0.2523364485981308,race,True,0.6215644820295984,False,,,560,386,,,,,3.1344742330699905e-20,1.2537896932279962e-19,True,89.81848081722063,3.1344742330699905e-20
temporal_1,race_aware,TabPFN,break_even,Hispanic vs Caucasian,fpr,0.2523364485981308,race,False,0.4518072289156626,False,0.5057471264367817,0.343859649122807,87,285,0.1618874773139746,0.0432354379552868,0.2805395166726623,2.720562400348502,0.0065170970397219,0.0130341940794439,True,,
temporal_1,race_aware,TabPFN,break_even,Hispanic vs Caucasian,fnr,0.2523364485981308,race,False,0.4518072289156626,False,0.36,0.3366336633663366,25,101,0.0233663366336633,-0.1861482611423099,0.2328809344096365,0.2206141270022508,0.8253929003161888,1.0,False,,
temporal_1,race_aware,TabPFN,break_even,Hispanic vs Caucasian,equalized_odds,0.2523364485981308,race,False,0.4518072289156626,False,,,112,386,,,,,0.0258961205706464,0.0517922411412929,False,7.307324212825301,0.0258961205706464
temporal_1,race_aware,TabPFN,break_even,Other vs Caucasian,fpr,0.2523364485981308,race,False,0.4030501089324618,False,0.1785714285714285,0.343859649122807,56,285,-0.1652882205513784,-0.2797575189664295,-0.0508189221363274,-2.430780249327295,0.0150663493378251,0.0150663493378251,True,,
temporal_1,race_aware,TabPFN,break_even,Other vs Caucasian,fnr,0.2523364485981308,race,False,0.4030501089324618,False,0.4117647058823529,0.3366336633663366,17,101,0.0751310425160162,-0.1763172741272476,0.3265793591592801,0.6018777314934145,0.5472555282528775,1.0,False,,
temporal_1,race_aware,TabPFN,break_even,Other vs Caucasian,equalized_odds,0.2523364485981308,race,False,0.4030501089324618,False,,,73,386,,,,,0.0335217551128236,0.0517922411412929,False,6.79112128914246,0.0335217551128236
temporal_1,race_aware,TabPFN,break_even,Female vs Male,fpr,0.2523364485981308,sex,False,0.5878734622144113,False,0.2905027932960894,0.5469798657718121,179,596,-0.2564770724757227,-0.3340683197320597,-0.1788858252193857,-6.020158022435937,1.7424687478399596e-09,5.227406243519879e-09,True,,
temporal_1,race_aware,TabPFN,break_even,Female vs Male,fnr,0.2523364485981308,sex,False,0.5878734622144113,False,0.4313725490196078,0.1602564102564102,51,312,0.2711161387631976,0.1292258316323798,0.4130064458940154,4.501511101407967,6.74720402843626e-06,2.024161208530878e-05,True,,
temporal_1,race_aware,TabPFN,break_even,Female vs Male,equalized_odds,0.2523364485981308,sex,False,0.5878734622144113,False,,,230,908,,,,,1.4746961994113552e-12,4.4240885982340655e-12,True,54.48513822770311,1.4746961994113552e-12
temporal_1,race_aware,COMPAS tool,0.5,African-American vs Caucasian,fpr,0.5,race,True,0.4587737843551797,False,0.4824561403508772,0.2491228070175438,342,285,0.2333333333333333,0.160354019969956,0.3063126466967106,6.004843021370408,1.915171085679105e-09,7.660684342716421e-09,True,,
temporal_1,race_aware,COMPAS tool,0.5,African-American vs Caucasian,fnr,0.5,race,True,0.4587737843551797,False,0.3027522935779816,0.5445544554455446,218,101,-0.2418021618675629,-0.3564878790260042,-0.1271164447091216,-4.14017953544563,3.470341074684919e-05,0.0001388136429873,True,,
temporal_1,race_aware,COMPAS tool,0.5,African-American vs Caucasian,equalized_odds,0.5,race,True,0.4587737843551797,False,,,560,386,,,,,2.166963360116146e-12,8.667853440464584e-12,True,53.71538860326329,2.166963360116146e-12
temporal_1,race_aware,COMPAS tool,0.5,Hispanic vs Caucasian,fpr,0.5,race,False,0.2931726907630522,False,0.2183908045977011,0.2491228070175438,87,285,-0.0307320024198426,-0.1310235546843334,0.069559549844648,-0.5858663791862166,0.5579653122257244,1.0,False,,
temporal_1,race_aware,COMPAS tool,0.5,Hispanic vs Caucasian,fnr,0.5,race,False,0.2931726907630522,False,0.6,0.5445544554455446,25,101,0.0554455445544553,-0.1597545120296527,0.2706456011385635,0.4995047051780883,0.617423872891717,0.6929734504095852,False,,
temporal_1,race_aware,COMPAS tool,0.5,Hispanic vs Caucasian,equalized_odds,0.5,race,False,0.2931726907630522,False,,,112,386,,,,,0.7408523006445901,1.0,False,0.5999079958401343,0.7408523006445901
temporal_1,race_aware,COMPAS tool,0.5,Other vs Caucasian,fpr,0.5,race,False,0.2810457516339869,False,0.1428571428571428,0.2491228070175438,56,285,-0.106265664160401,-0.210769466539425,-0.0017618617813769,-1.7231472949378648,0.084861891952851,0.2545856758585532,False,,
temporal_1,race_aware,COMPAS tool,0.5,Other vs Caucasian,fnr,0.5,race,False,0.2810457516339869,False,0.7647058823529411,0.5445544554455446,17,101,0.2201514269073965,-0.0036603055955149,0.443963159410308,1.6994492400028682,0.0892345709646498,0.2677037128939495,False,,
temporal_1,race_aware,COMPAS tool,0.5,Other vs Caucasian,equalized_odds,0.5,race,False,0.2810457516339869,False,,,73,386,,,,,0.0426745037619551,0.1280235112858655,False,6.308307277354528,0.0426745037619551
temporal_1,race_aware,COMPAS tool,0.5,Female vs Male,fpr,0.5,sex,False,0.4200351493848858,False,0.3240223463687151,0.3456375838926174,179,596,-0.0216152375239023,-0.1000903289238305,0.0568598538760257,-0.5351161956044256,0.592569511463841,1.0,False,,
temporal_1,race_aware,COMPAS tool,0.5,Female vs Male,fnr,0.5,sex,False,0.4200351493848858,False,0.4705882352941176,0.4006410256410256,51,312,0.0699472096530919,-0.0774368607297512,0.2173312800359352,0.9414257454509344,0.3464867252047926,0.6929734504095852,False,,
temporal_1,race_aware,COMPAS tool,0.5,Female vs Male,equalized_odds,0.5,sex,False,0.4200351493848858,False,,,230,908,,,,,0.5584038892178963,1.0,False,1.165345525252933,0.5584038892178963
temporal_1,race_aware,COMPAS tool,break_even,African-American vs Caucasian,fpr,0.2523364485981308,race,True,0.4587737843551797,False,0.4824561403508772,0.2491228070175438,342,285,0.2333333333333333,0.160354019969956,0.3063126466967106,6.004843021370408,1.915171085679105e-09,7.660684342716421e-09,True,,
temporal_1,race_aware,COMPAS tool,break_even,African-American vs Caucasian,fnr,0.2523364485981308,race,True,0.4587737843551797,False,0.3027522935779816,0.5445544554455446,218,101,-0.2418021618675629,-0.3564878790260042,-0.1271164447091216,-4.14017953544563,3.470341074684919e-05,0.0001388136429873,True,,
temporal_1,race_aware,COMPAS tool,break_even,African-American vs Caucasian,equalized_odds,0.2523364485981308,race,True,0.4587737843551797,False,,,560,386,,,,,2.166963360116146e-12,8.667853440464584e-12,True,53.71538860326329,2.166963360116146e-12
temporal_1,race_aware,COMPAS tool,break_even,Hispanic vs Caucasian,fpr,0.2523364485981308,race,False,0.2931726907630522,False,0.2183908045977011,0.2491228070175438,87,285,-0.0307320024198426,-0.1310235546843334,0.069559549844648,-0.5858663791862166,0.5579653122257244,1.0,False,,
temporal_1,race_aware,COMPAS tool,break_even,Hispanic vs Caucasian,fnr,0.2523364485981308,race,False,0.2931726907630522,False,0.6,0.5445544554455446,25,101,0.0554455445544553,-0.1597545120296527,0.2706456011385635,0.4995047051780883,0.617423872891717,0.6929734504095852,False,,
temporal_1,race_aware,COMPAS tool,break_even,Hispanic vs Caucasian,equalized_odds,0.2523364485981308,race,False,0.2931726907630522,False,,,112,386,,,,,0.7408523006445901,1.0,False,0.5999079958401343,0.7408523006445901
temporal_1,race_aware,COMPAS tool,break_even,Other vs Caucasian,fpr,0.2523364485981308,race,False,0.2810457516339869,False,0.1428571428571428,0.2491228070175438,56,285,-0.106265664160401,-0.210769466539425,-0.0017618617813769,-1.7231472949378648,0.084861891952851,0.2545856758585532,False,,
temporal_1,race_aware,COMPAS tool,break_even,Other vs Caucasian,fnr,0.2523364485981308,race,False,0.2810457516339869,False,0.7647058823529411,0.5445544554455446,17,101,0.2201514269073965,-0.0036603055955149,0.443963159410308,1.6994492400028682,0.0892345709646498,0.2677037128939495,False,,
temporal_1,race_aware,COMPAS tool,break_even,Other vs Caucasian,equalized_odds,0.2523364485981308,race,False,0.2810457516339869,False,,,73,386,,,,,0.0426745037619551,0.1280235112858655,False,6.308307277354528,0.0426745037619551
temporal_1,race_aware,COMPAS tool,break_even,Female vs Male,fpr,0.2523364485981308,sex,False,0.4200351493848858,False,0.3240223463687151,0.3456375838926174,179,596,-0.0216152375239023,-0.1000903289238305,0.0568598538760257,-0.5351161956044256,0.592569511463841,1.0,False,,
temporal_1,race_aware,COMPAS tool,break_even,Female vs Male,fnr,0.2523364485981308,sex,False,0.4200351493848858,False,0.4705882352941176,0.4006410256410256,51,312,0.0699472096530919,-0.0774368607297512,0.2173312800359352,0.9414257454509344,0.3464867252047926,0.6929734504095852,False,,
temporal_1,race_aware,COMPAS tool,break_even,Female vs Male,equalized_odds,0.2523364485981308,sex,False,0.4200351493848858,False,,,230,908,,,,,0.5584038892178963,1.0,False,1.165345525252933,0.5584038892178963
temporal_1,race_blind,TabPFN,0.5,African-American vs Caucasian,fpr,0.5,race,True,0.2135306553911205,False,0.1988304093567251,0.0701754385964912,342,285,0.1286549707602339,0.0769947413010197,0.1803152002194481,4.618065678641318,3.873336697159506e-06,1.1620010091478518e-05,True,,
temporal_1,race_blind,TabPFN,0.5,African-American vs Caucasian,fnr,0.5,race,True,0.2135306553911205,False,0.5275229357798165,0.8910891089108911,218,101,-0.3635661731310746,-0.4534727443524505,-0.2736596019096988,-6.302870554794385,2.9218290806485253e-10,1.16873163225941e-09,True,,
temporal_1,race_blind,TabPFN,0.5,African-American vs Caucasian,equalized_odds,0.5,race,True,0.2135306553911205,False,,,560,386,,,,,2.2624444988122387e-15,9.049777995248952e-15,True,67.4446610590627,2.2624444988122387e-15
temporal_1,race_blind,TabPFN,0.5,Hispanic vs Caucasian,fpr,0.5,race,False,0.0843373493975903,False,0.0804597701149425,0.0701754385964912,87,285,0.0102843315184513,-0.0541076917838257,0.0746763548207283,0.3236220945809228,0.7462241583773355,0.7462241583773355,False,,
temporal_1,race_blind,TabPFN,0.5,Hispanic vs Caucasian,fnr,0.5,race,False,0.0843373493975903,False,0.84,0.8910891089108911,25,101,-0.0510891089108911,-0.2071111582636564,0.1049329404418741,-0.7062153820956348,0.4800542059816626,0.9601084119633252,False,,
temporal_1,race_blind,TabPFN,0.5,Hispanic vs Caucasian,equalized_odds,0.5,race,False,0.0843373493975903,False,,,112,386,,,,,0.7520615837687299,0.9399263703607704,False,0.56987413015178,0.7520615837687299
temporal_1,race_blind,TabPFN,0.5,Other vs Caucasian,fpr,0.5,race,False,0.074074074074074,False,0.0357142857142857,0.0701754385964912,56,285,-0.0344611528822055,-0.0913989827878219,0.0224766770234109,-0.959658586626789,0.3372270725792454,0.6744541451584909,False,,
temporal_1,race_blind,TabPFN,0.5,Other vs Caucasian,fnr,0.5,race,False,0.074074074074074,False,0.9411764705882352,0.8910891089108911,17,101,0.0500873616773441,-0.0771979302875555,0.1773726536422438,0.6321363313654303,0.5272977965864907,0.9601084119633252,False,,
temporal_1,race_blind,TabPFN,0.5,Other vs Caucasian,equalized_odds,0.5,race,False,0.074074074074074,False,,,73,386,,,,,0.4699631851803852,0.9399263703607704,False,1.5102018334987533,0.4699631851803852
temporal_1,race_blind,TabPFN,0.5,Female vs Male,fpr,0.5,sex,False,0.1898066783831282,False,0.0223463687150838,0.1560402684563758,179,596,-0.133693899741292,-0.169993446583037,-0.097394352899547,-4.740360537249146,2.133382554770743e-06,8.533530219082972e-06,True,,
temporal_1,race_blind,TabPFN,0.5,Female vs Male,fnr,0.5,sex,False,0.1898066783831282,False,0.8627450980392157,0.6410256410256411,51,312,0.2217194570135746,0.1133098828919078,0.3301290311352414,3.1271672561772137,0.0017649948547247,0.0052949845641743,True,,
temporal_1,race_blind,TabPFN,0.5,Female vs Male,equalized_odds,0.5,sex,False,0.1898066783831282,False,,,230,908,,,,,1.1888228158917924e-09,3.566468447675377e-09,True,41.10060449955452,1.1888228158917924e-09
temporal_1,race_blind,TabPFN,break_even,African-American vs Caucasian,fpr,0.2523364485981308,race,True,0.6035940803382663,False,0.6052631578947368,0.3824561403508772,342,285,0.2228070175438596,0.1462100465524596,0.2994039885352596,5.5561553859187045,2.757813899724628e-08,1.1031255598898512e-07,True,,
temporal_1,race_blind,TabPFN,break_even,African-American vs Caucasian,fnr,0.2523364485981308,race,True,0.6035940803382663,False,0.1422018348623853,0.3267326732673267,218,101,-0.1845308384049414,-0.2870792510531565,-0.0819824257567263,-3.8281870778410374,0.0001290906220457,0.000516362488183,True,,
temporal_1,race_blind,TabPFN,break_even,African-American vs Caucasian,equalized_odds,0.2523364485981308,race,True,0.6035940803382663,False,,,560,386,,,,,1.6818145188380482e-10,6.727258075352194e-10,True,45.011955297290214,1.6818145188380482e-10
temporal_1,race_blind,TabPFN,break_even,Hispanic vs Caucasian,fpr,0.2523364485981308,race,False,0.4518072289156626,False,0.3793103448275862,0.3824561403508772,87,285,-0.003145795523291,-0.1196747094702887,0.1133831184237067,-0.052865936030689,0.957838725535014,0.957838725535014,False,,
temporal_1,race_blind,TabPFN,break_even,Hispanic vs Caucasian,fnr,0.2523364485981308,race,False,0.4518072289156626,False,0.4,0.3267326732673267,25,101,0.0732673267326732,-0.1394407325351485,0.285975386000495,0.6917561609392621,0.4890904715772646,0.9781809431545292,False,,
temporal_1,race_blind,TabPFN,break_even,Hispanic vs Caucasian,equalized_odds,0.2523364485981308,race,False,0.4518072289156626,False,,,112,386,,,,,0.7895022076283573,0.7895022076283573,False,0.4727052981086101,0.7895022076283573
temporal_1,race_blind,TabPFN,break_even,Other vs Caucasian,fpr,0.2523364485981308,race,False,0.4422657952069717,False,0.25,0.3824561403508772,56,285,-0.1324561403508772,-0.2591269631432431,-0.0057853175585112,-1.88705659972095,0.0591527132785221,0.1183054265570443,False,,
temporal_1,race_blind,TabPFN,break_even,Other vs Caucasian,fnr,0.2523364485981308,race,False,0.4422657952069717,False,0.2941176470588235,0.3267326732673267,17,101,-0.0326150262085032,-0.2677331239229007,0.2025030715058943,-0.2662607133907017,0.7900384274436668,0.9781809431545292,False,,
temporal_1,race_blind,TabPFN,break_even,Other vs Caucasian,equalized_odds,0.2523364485981308,race,False,0.4422657952069717,False,,,73,386,,,,,0.1493940545140673,0.2987881090281347,False,3.802335605662401,0.1493940545140673
temporal_1,race_blind,TabPFN,break_even,Female vs Male,fpr,0.2523364485981308,sex,False,0.5694200351493849,False,0.3240223463687151,0.5134228187919463,179,596,-0.1894004724232312,-0.2688407526420049,-0.1099601922044574,-4.452561756439121,8.485182442403391e-06,2.545554732721017e-05,True,,
temporal_1,race_blind,TabPFN,break_even,Female vs Male,fnr,0.2523364485981308,sex,False,0.5694200351493849,False,0.4117647058823529,0.1858974358974359,51,312,0.225867269984917,0.0840659776342341,0.3676685623355998,3.6240675545778154,0.0002900058043469,0.0008700174130407,True,,
temporal_1,race_blind,TabPFN,break_even,Female vs Male,equalized_odds,0.2523364485981308,sex,False,0.5694200351493849,False,,,230,908,,,,,1.2326300507094486e-07,3.697890152128345e-07,True,31.81789102354646,1.2326300507094486e-07
temporal_1,race_blind,COMPAS tool,0.5,African-American vs Caucasian,fpr,0.5,race,True,0.4587737843551797,False,0.4824561403508772,0.2491228070175438,342,285,0.2333333333333333,0.160354019969956,0.3063126466967106,6.004843021370408,1.915171085679105e-09,7.660684342716421e-09,True,,
temporal_1,race_blind,COMPAS tool,0.5,African-American vs Caucasian,fnr,0.5,race,True,0.4587737843551797,False,0.3027522935779816,0.5445544554455446,218,101,-0.2418021618675629,-0.3564878790260042,-0.1271164447091216,-4.14017953544563,3.470341074684919e-05,0.0001388136429873,True,,
temporal_1,race_blind,COMPAS tool,0.5,African-American vs Caucasian,equalized_odds,0.5,race,True,0.4587737843551797,False,,,560,386,,,,,2.166963360116146e-12,8.667853440464584e-12,True,53.71538860326329,2.166963360116146e-12
temporal_1,race_blind,COMPAS tool,0.5,Hispanic vs Caucasian,fpr,0.5,race,False,0.2931726907630522,False,0.2183908045977011,0.2491228070175438,87,285,-0.0307320024198426,-0.1310235546843334,0.069559549844648,-0.5858663791862166,0.5579653122257244,1.0,False,,
temporal_1,race_blind,COMPAS tool,0.5,Hispanic vs Caucasian,fnr,0.5,race,False,0.2931726907630522,False,0.6,0.5445544554455446,25,101,0.0554455445544553,-0.1597545120296527,0.2706456011385635,0.4995047051780883,0.617423872891717,0.6929734504095852,False,,
temporal_1,race_blind,COMPAS tool,0.5,Hispanic vs Caucasian,equalized_odds,0.5,race,False,0.2931726907630522,False,,,112,386,,,,,0.7408523006445901,1.0,False,0.5999079958401343,0.7408523006445901
temporal_1,race_blind,COMPAS tool,0.5,Other vs Caucasian,fpr,0.5,race,False,0.2810457516339869,False,0.1428571428571428,0.2491228070175438,56,285,-0.106265664160401,-0.210769466539425,-0.0017618617813769,-1.7231472949378648,0.084861891952851,0.2545856758585532,False,,
temporal_1,race_blind,COMPAS tool,0.5,Other vs Caucasian,fnr,0.5,race,False,0.2810457516339869,False,0.7647058823529411,0.5445544554455446,17,101,0.2201514269073965,-0.0036603055955149,0.443963159410308,1.6994492400028682,0.0892345709646498,0.2677037128939495,False,,
temporal_1,race_blind,COMPAS tool,0.5,Other vs Caucasian,equalized_odds,0.5,race,False,0.2810457516339869,False,,,73,386,,,,,0.0426745037619551,0.1280235112858655,False,6.308307277354528,0.0426745037619551
temporal_1,race_blind,COMPAS tool,0.5,Female vs Male,fpr,0.5,sex,False,0.4200351493848858,False,0.3240223463687151,0.3456375838926174,179,596,-0.0216152375239023,-0.1000903289238305,0.0568598538760257,-0.5351161956044256,0.592569511463841,1.0,False,,
temporal_1,race_blind,COMPAS tool,0.5,Female vs Male,fnr,0.5,sex,False,0.4200351493848858,False,0.4705882352941176,0.4006410256410256,51,312,0.0699472096530919,-0.0774368607297512,0.2173312800359352,0.9414257454509344,0.3464867252047926,0.6929734504095852,False,,
temporal_1,race_blind,COMPAS tool,0.5,Female vs Male,equalized_odds,0.5,sex,False,0.4200351493848858,False,,,230,908,,,,,0.5584038892178963,1.0,False,1.165345525252933,0.5584038892178963
temporal_1,race_blind,COMPAS tool,break_even,African-American vs Caucasian,fpr,0.2523364485981308,race,True,0.4587737843551797,False,0.4824561403508772,0.2491228070175438,342,285,0.2333333333333333,0.160354019969956,0.3063126466967106,6.004843021370408,1.915171085679105e-09,7.660684342716421e-09,True,,
temporal_1,race_blind,COMPAS tool,break_even,African-American vs Caucasian,fnr,0.2523364485981308,race,True,0.4587737843551797,False,0.3027522935779816,0.5445544554455446,218,101,-0.2418021618675629,-0.3564878790260042,-0.1271164447091216,-4.14017953544563,3.470341074684919e-05,0.0001388136429873,True,,
temporal_1,race_blind,COMPAS tool,break_even,African-American vs Caucasian,equalized_odds,0.2523364485981308,race,True,0.4587737843551797,False,,,560,386,,,,,2.166963360116146e-12,8.667853440464584e-12,True,53.71538860326329,2.166963360116146e-12
temporal_1,race_blind,COMPAS tool,break_even,Hispanic vs Caucasian,fpr,0.2523364485981308,race,False,0.2931726907630522,False,0.2183908045977011,0.2491228070175438,87,285,-0.0307320024198426,-0.1310235546843334,0.069559549844648,-0.5858663791862166,0.5579653122257244,1.0,False,,
temporal_1,race_blind,COMPAS tool,break_even,Hispanic vs Caucasian,fnr,0.2523364485981308,race,False,0.2931726907630522,False,0.6,0.5445544554455446,25,101,0.0554455445544553,-0.1597545120296527,0.2706456011385635,0.4995047051780883,0.617423872891717,0.6929734504095852,False,,
temporal_1,race_blind,COMPAS tool,break_even,Hispanic vs Caucasian,equalized_odds,0.2523364485981308,race,False,0.2931726907630522,False,,,112,386,,,,,0.7408523006445901,1.0,False,0.5999079958401343,0.7408523006445901
temporal_1,race_blind,COMPAS tool,break_even,Other vs Caucasian,fpr,0.2523364485981308,race,False,0.2810457516339869,False,0.1428571428571428,0.2491228070175438,56,285,-0.106265664160401,-0.210769466539425,-0.0017618617813769,-1.7231472949378648,0.084861891952851,0.2545856758585532,False,,
temporal_1,race_blind,COMPAS tool,break_even,Other vs Caucasian,fnr,0.2523364485981308,race,False,0.2810457516339869,False,0.7647058823529411,0.5445544554455446,17,101,0.2201514269073965,-0.0036603055955149,0.443963159410308,1.6994492400028682,0.0892345709646498,0.2677037128939495,False,,
temporal_1,race_blind,COMPAS tool,break_even,Other vs Caucasian,equalized_odds,0.2523364485981308,race,False,0.2810457516339869,False,,,73,386,,,,,0.0426745037619551,0.1280235112858655,False,6.308307277354528,0.0426745037619551
temporal_1,race_blind,COMPAS tool,break_even,Female vs Male,fpr,0.2523364485981308,sex,False,0.4200351493848858,False,0.3240223463687151,0.3456375838926174,179,596,-0.0216152375239023,-0.1000903289238305,0.0568598538760257,-0.5351161956044256,0.592569511463841,1.0,False,,
temporal_1,race_blind,COMPAS tool,break_even,Female vs Male,fnr,0.2523364485981308,sex,False,0.4200351493848858,False,0.4705882352941176,0.4006410256410256,51,312,0.0699472096530919,-0.0774368607297512,0.2173312800359352,0.9414257454509344,0.3464867252047926,0.6929734504095852,False,,
temporal_1,race_blind,COMPAS tool,break_even,Female vs Male,equalized_odds,0.2523364485981308,sex,False,0.4200351493848858,False,,,230,908,,,,,0.5584038892178963,1.0,False,1.165345525252933,0.5584038892178963
temporal_1,race_priors_blind,TabPFN,0.5,African-American vs Caucasian,fpr,0.5,race,True,0.0,True,0.0,0.0,342,285,0.0,,,,1.0,1.0,False,,
temporal_1,race_priors_blind,TabPFN,0.5,African-American vs Caucasian,fnr,0.5,race,True,0.0,True,1.0,1.0,218,101,0.0,,,,1.0,1.0,False,,
temporal_1,race_priors_blind,TabPFN,0.5,African-American vs Caucasian,equalized_odds,0.5,race,True,0.0,True,,,560,386,,,,,1.0,1.0,False,0.0,1.0
temporal_1,race_priors_blind,TabPFN,0.5,Hispanic vs Caucasian,fpr,0.5,race,False,0.0,True,0.0,0.0,87,285,0.0,,,,1.0,1.0,False,,
temporal_1,race_priors_blind,TabPFN,0.5,Hispanic vs Caucasian,fnr,0.5,race,False,0.0,True,1.0,1.0,25,101,0.0,,,,1.0,1.0,False,,
temporal_1,race_priors_blind,TabPFN,0.5,Hispanic vs Caucasian,equalized_odds,0.5,race,False,0.0,True,,,112,386,,,,,1.0,1.0,False,0.0,1.0
temporal_1,race_priors_blind,TabPFN,0.5,Other vs Caucasian,fpr,0.5,race,False,0.0,True,0.0,0.0,56,285,0.0,,,,1.0,1.0,False,,
temporal_1,race_priors_blind,TabPFN,0.5,Other vs Caucasian,fnr,0.5,race,False,0.0,True,1.0,1.0,17,101,0.0,,,,1.0,1.0,False,,
temporal_1,race_priors_blind,TabPFN,0.5,Other vs Caucasian,equalized_odds,0.5,race,False,0.0,True,,,73,386,,,,,1.0,1.0,False,0.0,1.0
temporal_1,race_priors_blind,TabPFN,0.5,Female vs Male,fpr,0.5,sex,False,0.0,True,0.0,0.0,179,596,0.0,,,,1.0,1.0,False,,
temporal_1,race_priors_blind,TabPFN,0.5,Female vs Male,fnr,0.5,sex,False,0.0,True,1.0,1.0,51,312,0.0,,,,1.0,1.0,False,,
temporal_1,race_priors_blind,TabPFN,0.5,Female vs Male,equalized_odds,0.5,sex,False,0.0,True,,,230,908,,,,,1.0,1.0,False,0.0,1.0
temporal_1,race_priors_blind,TabPFN,break_even,African-American vs Caucasian,fpr,0.2523364485981308,race,True,0.8731501057082452,False,0.912280701754386,0.7649122807017544,342,285,0.1473684210526314,0.0897260602224695,0.2050107818827934,5.081008037439229,3.7543723123078386e-07,1.1263116936923517e-06,True,,
temporal_1,race_priors_blind,TabPFN,break_even,African-American vs Caucasian,fnr,0.2523364485981308,race,True,0.8731501057082452,False,0.0412844036697247,0.1386138613861386,218,101,-0.0973294577164138,-0.1697086333335198,-0.0249502820993078,-3.1262147320802285,0.001770722050962,0.005312166152886,True,,
temporal_1,race_priors_blind,TabPFN,break_even,African-American vs Caucasian,equalized_odds,0.2523364485981308,race,True,0.8731501057082452,False,,,560,386,,,,,2.4759697127735425e-08,7.427909138320628e-08,True,35.02809724305139,2.4759697127735425e-08
temporal_1,race_priors_blind,TabPFN,break_even,Hispanic vs Caucasian,fpr,0.2523364485981308,race,False,0.8052208835341366,False,0.8390804597701149,0.7649122807017544,87,285,0.0741681790683604,-0.0174055176322997,0.1657418757690207,1.4671757456784855,0.1423282530751582,0.2846565061503164,False,,
temporal_1,race_priors_blind,TabPFN,break_even,Hispanic vs Caucasian,fnr,0.2523364485981308,race,False,0.8052208835341366,False,0.08,0.1386138613861386,25,101,-0.0586138613861386,-0.184512812722902,0.0672850899506247,-0.7880612311555526,0.4306608908173068,0.8613217816346137,False,,
temporal_1,race_priors_blind,TabPFN,break_even,Hispanic vs Caucasian,equalized_odds,0.2523364485981308,race,False,0.8052208835341366,False,,,112,386,,,,,0.2290138617383801,0.4580277234767603,False,2.9479454913024288,0.2290138617383801
temporal_1,race_priors_blind,TabPFN,break_even,Other vs Caucasian,fpr,0.2523364485981308,race,False,0.7952069716775599,False,0.8214285714285714,0.7649122807017544,56,285,0.0565162907268169,-0.0552240714162731,0.1682566528699071,0.9247406683689904,0.3551008195863202,0.3551008195863202,False,,
temporal_1,race_priors_blind,TabPFN,break_even,Other vs Caucasian,fnr,0.2523364485981308,race,False,0.7952069716775599,False,0.1764705882352941,0.1386138613861386,17,101,0.0378567268491555,-0.1554848243791963,0.2311982780775073,0.4112293138777018,0.6809043954149522,0.8613217816346137,False,,
temporal_1,race_priors_blind,TabPFN,break_even,Other vs Caucasian,equalized_odds,0.2523364485981308,race,False,0.7952069716775599,False,,,73,386,,,,,0.5900468470102049,0.5900468470102049,False,1.0551066870446186,0.5900468470102049
temporal_1,race_priors_blind,TabPFN,break_even,Female vs Male,fpr,0.2523364485981308,sex,False,0.867311072056239,False,0.6927374301675978,0.8859060402684564,179,596,-0.1931686101008586,-0.2654142328806489,-0.1209229873210682,-6.202413239381498,5.56038402281006e-10,2.2241536091240246e-09,True,,
temporal_1,race_priors_blind,TabPFN,break_even,Female vs Male,fnr,0.2523364485981308,sex,False,0.867311072056239,False,0.2156862745098039,0.0544871794871794,51,312,0.1611990950226244,0.0455429927132687,0.2768551973319801,4.000155532425175,6.330086673416463e-05,0.0002532034669366,True,,
temporal_1,race_priors_blind,TabPFN,break_even,Female vs Male,equalized_odds,0.2523364485981308,sex,False,0.867311072056239,False,,,230,908,,,,,9.008408734205516e-11,3.603363493682206e-10,True,46.260555155975595,9.008408734205516e-11
temporal_1,race_priors_blind,COMPAS tool,0.5,African-American vs Caucasian,fpr,0.5,race,True,0.4587737843551797,False,0.4824561403508772,0.2491228070175438,342,285,0.2333333333333333,0.160354019969956,0.3063126466967106,6.004843021370408,1.915171085679105e-09,7.660684342716421e-09,True,,
temporal_1,race_priors_blind,COMPAS tool,0.5,African-American vs Caucasian,fnr,0.5,race,True,0.4587737843551797,False,0.3027522935779816,0.5445544554455446,218,101,-0.2418021618675629,-0.3564878790260042,-0.1271164447091216,-4.14017953544563,3.470341074684919e-05,0.0001388136429873,True,,
temporal_1,race_priors_blind,COMPAS tool,0.5,African-American vs Caucasian,equalized_odds,0.5,race,True,0.4587737843551797,False,,,560,386,,,,,2.166963360116146e-12,8.667853440464584e-12,True,53.71538860326329,2.166963360116146e-12
temporal_1,race_priors_blind,COMPAS tool,0.5,Hispanic vs Caucasian,fpr,0.5,race,False,0.2931726907630522,False,0.2183908045977011,0.2491228070175438,87,285,-0.0307320024198426,-0.1310235546843334,0.069559549844648,-0.5858663791862166,0.5579653122257244,1.0,False,,
temporal_1,race_priors_blind,COMPAS tool,0.5,Hispanic vs Caucasian,fnr,0.5,race,False,0.2931726907630522,False,0.6,0.5445544554455446,25,101,0.0554455445544553,-0.1597545120296527,0.2706456011385635,0.4995047051780883,0.617423872891717,0.6929734504095852,False,,
temporal_1,race_priors_blind,COMPAS tool,0.5,Hispanic vs Caucasian,equalized_odds,0.5,race,False,0.2931726907630522,False,,,112,386,,,,,0.7408523006445901,1.0,False,0.5999079958401343,0.7408523006445901
temporal_1,race_priors_blind,COMPAS tool,0.5,Other vs Caucasian,fpr,0.5,race,False,0.2810457516339869,False,0.1428571428571428,0.2491228070175438,56,285,-0.106265664160401,-0.210769466539425,-0.0017618617813769,-1.7231472949378648,0.084861891952851,0.2545856758585532,False,,
temporal_1,race_priors_blind,COMPAS tool,0.5,Other vs Caucasian,fnr,0.5,race,False,0.2810457516339869,False,0.7647058823529411,0.5445544554455446,17,101,0.2201514269073965,-0.0036603055955149,0.443963159410308,1.6994492400028682,0.0892345709646498,0.2677037128939495,False,,
temporal_1,race_priors_blind,COMPAS tool,0.5,Other vs Caucasian,equalized_odds,0.5,race,False,0.2810457516339869,False,,,73,386,,,,,0.0426745037619551,0.1280235112858655,False,6.308307277354528,0.0426745037619551
temporal_1,race_priors_blind,COMPAS tool,0.5,Female vs Male,fpr,0.5,sex,False,0.4200351493848858,False,0.3240223463687151,0.3456375838926174,179,596,-0.0216152375239023,-0.1000903289238305,0.0568598538760257,-0.5351161956044256,0.592569511463841,1.0,False,,
temporal_1,race_priors_blind,COMPAS tool,0.5,Female vs Male,fnr,0.5,sex,False,0.4200351493848858,False,0.4705882352941176,0.4006410256410256,51,312,0.0699472096530919,-0.0774368607297512,0.2173312800359352,0.9414257454509344,0.3464867252047926,0.6929734504095852,False,,
temporal_1,race_priors_blind,COMPAS tool,0.5,Female vs Male,equalized_odds,0.5,sex,False,0.4200351493848858,False,,,230,908,,,,,0.5584038892178963,1.0,False,1.165345525252933,0.5584038892178963
temporal_1,race_priors_blind,COMPAS tool,break_even,African-American vs Caucasian,fpr,0.2523364485981308,race,True,0.4587737843551797,False,0.4824561403508772,0.2491228070175438,342,285,0.2333333333333333,0.160354019969956,0.3063126466967106,6.004843021370408,1.915171085679105e-09,7.660684342716421e-09,True,,
temporal_1,race_priors_blind,COMPAS tool,break_even,African-American vs Caucasian,fnr,0.2523364485981308,race,True,0.4587737843551797,False,0.3027522935779816,0.5445544554455446,218,101,-0.2418021618675629,-0.3564878790260042,-0.1271164447091216,-4.14017953544563,3.470341074684919e-05,0.0001388136429873,True,,
temporal_1,race_priors_blind,COMPAS tool,break_even,African-American vs Caucasian,equalized_odds,0.2523364485981308,race,True,0.4587737843551797,False,,,560,386,,,,,2.166963360116146e-12,8.667853440464584e-12,True,53.71538860326329,2.166963360116146e-12
temporal_1,race_priors_blind,COMPAS tool,break_even,Hispanic vs Caucasian,fpr,0.2523364485981308,race,False,0.2931726907630522,False,0.2183908045977011,0.2491228070175438,87,285,-0.0307320024198426,-0.1310235546843334,0.069559549844648,-0.5858663791862166,0.5579653122257244,1.0,False,,
temporal_1,race_priors_blind,COMPAS tool,break_even,Hispanic vs Caucasian,fnr,0.2523364485981308,race,False,0.2931726907630522,False,0.6,0.5445544554455446,25,101,0.0554455445544553,-0.1597545120296527,0.2706456011385635,0.4995047051780883,0.617423872891717,0.6929734504095852,False,,
temporal_1,race_priors_blind,COMPAS tool,break_even,Hispanic vs Caucasian,equalized_odds,0.2523364485981308,race,False,0.2931726907630522,False,,,112,386,,,,,0.7408523006445901,1.0,False,0.5999079958401343,0.7408523006445901
temporal_1,race_priors_blind,COMPAS tool,break_even,Other vs Caucasian,fpr,0.2523364485981308,race,False,0.2810457516339869,False,0.1428571428571428,0.2491228070175438,56,285,-0.106265664160401,-0.210769466539425,-0.0017618617813769,-1.7231472949378648,0.084861891952851,0.2545856758585532,False,,
temporal_1,race_priors_blind,COMPAS tool,break_even,Other vs Caucasian,fnr,0.2523364485981308,race,False,0.2810457516339869,False,0.7647058823529411,0.5445544554455446,17,101,0.2201514269073965,-0.0036603055955149,0.443963159410308,1.6994492400028682,0.0892345709646498,0.2677037128939495,False,,
temporal_1,race_priors_blind,COMPAS tool,break_even,Other vs Caucasian,equalized_odds,0.2523364485981308,race,False,0.2810457516339869,False,,,73,386,,,,,0.0426745037619551,0.1280235112858655,False,6.308307277354528,0.0426745037619551
temporal_1,race_priors_blind,COMPAS tool,break_even,Female vs Male,fpr,0.2523364485981308,sex,False,0.4200351493848858,False,0.3240223463687151,0.3456375838926174,179,596,-0.0216152375239023,-0.1000903289238305,0.0568598538760257,-0.5351161956044256,0.592569511463841,1.0,False,,
temporal_1,race_priors_blind,COMPAS tool,break_even,Female vs Male,fnr,0.2523364485981308,sex,False,0.4200351493848858,False,0.4705882352941176,0.4006410256410256,51,312,0.0699472096530919,-0.0774368607297512,0.2173312800359352,0.9414257454509344,0.3464867252047926,0.6929734504095852,False,,
temporal_1,race_priors_blind,COMPAS tool,break_even,Female vs Male,equalized_odds,0.2523364485981308,sex,False,0.4200351493848858,False,,,230,908,,,,,0.5584038892178963,1.0,False,1.165345525252933,0.5584038892178963
temporal_1,race_proxy_blind,TabPFN,0.5,African-American vs Caucasian,fpr,0.5,race,True,0.0,True,0.0,0.0,342,285,0.0,,,,1.0,1.0,False,,
temporal_1,race_proxy_blind,TabPFN,0.5,African-American vs Caucasian,fnr,0.5,race,True,0.0,True,1.0,1.0,218,101,0.0,,,,1.0,1.0,False,,
temporal_1,race_proxy_blind,TabPFN,0.5,African-American vs Caucasian,equalized_odds,0.5,race,True,0.0,True,,,560,386,,,,,1.0,1.0,False,0.0,1.0
temporal_1,race_proxy_blind,TabPFN,0.5,Hispanic vs Caucasian,fpr,0.5,race,False,0.0,True,0.0,0.0,87,285,0.0,,,,1.0,1.0,False,,
temporal_1,race_proxy_blind,TabPFN,0.5,Hispanic vs Caucasian,fnr,0.5,race,False,0.0,True,1.0,1.0,25,101,0.0,,,,1.0,1.0,False,,
temporal_1,race_proxy_blind,TabPFN,0.5,Hispanic vs Caucasian,equalized_odds,0.5,race,False,0.0,True,,,112,386,,,,,1.0,1.0,False,0.0,1.0
temporal_1,race_proxy_blind,TabPFN,0.5,Other vs Caucasian,fpr,0.5,race,False,0.0,True,0.0,0.0,56,285,0.0,,,,1.0,1.0,False,,
temporal_1,race_proxy_blind,TabPFN,0.5,Other vs Caucasian,fnr,0.5,race,False,0.0,True,1.0,1.0,17,101,0.0,,,,1.0,1.0,False,,
temporal_1,race_proxy_blind,TabPFN,0.5,Other vs Caucasian,equalized_odds,0.5,race,False,0.0,True,,,73,386,,,,,1.0,1.0,False,0.0,1.0
temporal_1,race_proxy_blind,TabPFN,0.5,Female vs Male,fpr,0.5,sex,False,0.0,True,0.0,0.0,179,596,0.0,,,,1.0,1.0,False,,
temporal_1,race_proxy_blind,TabPFN,0.5,Female vs Male,fnr,0.5,sex,False,0.0,True,1.0,1.0,51,312,0.0,,,,1.0,1.0,False,,
temporal_1,race_proxy_blind,TabPFN,0.5,Female vs Male,equalized_odds,0.5,sex,False,0.0,True,,,230,908,,,,,1.0,1.0,False,0.0,1.0
temporal_1,race_proxy_blind,TabPFN,break_even,African-American vs Caucasian,fpr,0.2523364485981308,race,True,1.0,True,1.0,1.0,342,285,0.0,,,,1.0,1.0,False,,
temporal_1,race_proxy_blind,TabPFN,break_even,African-American vs Caucasian,fnr,0.2523364485981308,race,True,1.0,True,0.0,0.0,218,101,0.0,,,,1.0,1.0,False,,
temporal_1,race_proxy_blind,TabPFN,break_even,African-American vs Caucasian,equalized_odds,0.2523364485981308,race,True,1.0,True,,,560,386,,,,,1.0,1.0,False,0.0,1.0
temporal_1,race_proxy_blind,TabPFN,break_even,Hispanic vs Caucasian,fpr,0.2523364485981308,race,False,1.0,True,1.0,1.0,87,285,0.0,,,,1.0,1.0,False,,
temporal_1,race_proxy_blind,TabPFN,break_even,Hispanic vs Caucasian,fnr,0.2523364485981308,race,False,1.0,True,0.0,0.0,25,101,0.0,,,,1.0,1.0,False,,
temporal_1,race_proxy_blind,TabPFN,break_even,Hispanic vs Caucasian,equalized_odds,0.2523364485981308,race,False,1.0,True,,,112,386,,,,,1.0,1.0,False,0.0,1.0
temporal_1,race_proxy_blind,TabPFN,break_even,Other vs Caucasian,fpr,0.2523364485981308,race,False,1.0,True,1.0,1.0,56,285,0.0,,,,1.0,1.0,False,,
temporal_1,race_proxy_blind,TabPFN,break_even,Other vs Caucasian,fnr,0.2523364485981308,race,False,1.0,True,0.0,0.0,17,101,0.0,,,,1.0,1.0,False,,
temporal_1,race_proxy_blind,TabPFN,break_even,Other vs Caucasian,equalized_odds,0.2523364485981308,race,False,1.0,True,,,73,386,,,,,1.0,1.0,False,0.0,1.0
temporal_1,race_proxy_blind,TabPFN,break_even,Female vs Male,fpr,0.2523364485981308,sex,False,1.0,True,1.0,1.0,179,596,0.0,,,,1.0,1.0,False,,
temporal_1,race_proxy_blind,TabPFN,break_even,Female vs Male,fnr,0.2523364485981308,sex,False,1.0,True,0.0,0.0,51,312,0.0,,,,1.0,1.0,False,,
temporal_1,race_proxy_blind,TabPFN,break_even,Female vs Male,equalized_odds,0.2523364485981308,sex,False,1.0,True,,,230,908,,,,,1.0,1.0,False,0.0,1.0
temporal_1,race_proxy_blind,COMPAS tool,0.5,African-American vs Caucasian,fpr,0.5,race,True,0.4587737843551797,False,0.4824561403508772,0.2491228070175438,342,285,0.2333333333333333,0.160354019969956,0.3063126466967106,6.004843021370408,1.915171085679105e-09,7.660684342716421e-09,True,,
temporal_1,race_proxy_blind,COMPAS tool,0.5,African-American vs Caucasian,fnr,0.5,race,True,0.4587737843551797,False,0.3027522935779816,0.5445544554455446,218,101,-0.2418021618675629,-0.3564878790260042,-0.1271164447091216,-4.14017953544563,3.470341074684919e-05,0.0001388136429873,True,,
temporal_1,race_proxy_blind,COMPAS tool,0.5,African-American vs Caucasian,equalized_odds,0.5,race,True,0.4587737843551797,False,,,560,386,,,,,2.166963360116146e-12,8.667853440464584e-12,True,53.71538860326329,2.166963360116146e-12
temporal_1,race_proxy_blind,COMPAS tool,0.5,Hispanic vs Caucasian,fpr,0.5,race,False,0.2931726907630522,False,0.2183908045977011,0.2491228070175438,87,285,-0.0307320024198426,-0.1310235546843334,0.069559549844648,-0.5858663791862166,0.5579653122257244,1.0,False,,
temporal_1,race_proxy_blind,COMPAS tool,0.5,Hispanic vs Caucasian,fnr,0.5,race,False,0.2931726907630522,False,0.6,0.5445544554455446,25,101,0.0554455445544553,-0.1597545120296527,0.2706456011385635,0.4995047051780883,0.617423872891717,0.6929734504095852,False,,
temporal_1,race_proxy_blind,COMPAS tool,0.5,Hispanic vs Caucasian,equalized_odds,0.5,race,False,0.2931726907630522,False,,,112,386,,,,,0.7408523006445901,1.0,False,0.5999079958401343,0.7408523006445901
temporal_1,race_proxy_blind,COMPAS tool,0.5,Other vs Caucasian,fpr,0.5,race,False,0.2810457516339869,False,0.1428571428571428,0.2491228070175438,56,285,-0.106265664160401,-0.210769466539425,-0.0017618617813769,-1.7231472949378648,0.084861891952851,0.2545856758585532,False,,
temporal_1,race_proxy_blind,COMPAS tool,0.5,Other vs Caucasian,fnr,0.5,race,False,0.2810457516339869,False,0.7647058823529411,0.5445544554455446,17,101,0.2201514269073965,-0.0036603055955149,0.443963159410308,1.6994492400028682,0.0892345709646498,0.2677037128939495,False,,
temporal_1,race_proxy_blind,COMPAS tool,0.5,Other vs Caucasian,equalized_odds,0.5,race,False,0.2810457516339869,False,,,73,386,,,,,0.0426745037619551,0.1280235112858655,False,6.308307277354528,0.0426745037619551
temporal_1,race_proxy_blind,COMPAS tool,0.5,Female vs Male,fpr,0.5,sex,False,0.4200351493848858,False,0.3240223463687151,0.3456375838926174,179,596,-0.0216152375239023,-0.1000903289238305,0.0568598538760257,-0.5351161956044256,0.592569511463841,1.0,False,,
temporal_1,race_proxy_blind,COMPAS tool,0.5,Female vs Male,fnr,0.5,sex,False,0.4200351493848858,False,0.4705882352941176,0.4006410256410256,51,312,0.0699472096530919,-0.0774368607297512,0.2173312800359352,0.9414257454509344,0.3464867252047926,0.6929734504095852,False,,
temporal_1,race_proxy_blind,COMPAS tool,0.5,Female vs Male,equalized_odds,0.5,sex,False,0.4200351493848858,False,,,230,908,,,,,0.5584038892178963,1.0,False,1.165345525252933,0.5584038892178963
temporal_1,race_proxy_blind,COMPAS tool,break_even,African-American vs Caucasian,fpr,0.2523364485981308,race,True,0.4587737843551797,False,0.4824561403508772,0.2491228070175438,342,285,0.2333333333333333,0.160354019969956,0.3063126466967106,6.004843021370408,1.915171085679105e-09,7.660684342716421e-09,True,,
temporal_1,race_proxy_blind,COMPAS tool,break_even,African-American vs Caucasian,fnr,0.2523364485981308,race,True,0.4587737843551797,False,0.3027522935779816,0.5445544554455446,218,101,-0.2418021618675629,-0.3564878790260042,-0.1271164447091216,-4.14017953544563,3.470341074684919e-05,0.0001388136429873,True,,
temporal_1,race_proxy_blind,COMPAS tool,break_even,African-American vs Caucasian,equalized_odds,0.2523364485981308,race,True,0.4587737843551797,False,,,560,386,,,,,2.166963360116146e-12,8.667853440464584e-12,True,53.71538860326329,2.166963360116146e-12
temporal_1,race_proxy_blind,COMPAS tool,break_even,Hispanic vs Caucasian,fpr,0.2523364485981308,race,False,0.2931726907630522,False,0.2183908045977011,0.2491228070175438,87,285,-0.0307320024198426,-0.1310235546843334,0.069559549844648,-0.5858663791862166,0.5579653122257244,1.0,False,,
temporal_1,race_proxy_blind,COMPAS tool,break_even,Hispanic vs Caucasian,fnr,0.2523364485981308,race,False,0.2931726907630522,False,0.6,0.5445544554455446,25,101,0.0554455445544553,-0.1597545120296527,0.2706456011385635,0.4995047051780883,0.617423872891717,0.6929734504095852,False,,
temporal_1,race_proxy_blind,COMPAS tool,break_even,Hispanic vs Caucasian,equalized_odds,0.2523364485981308,race,False,0.2931726907630522,False,,,112,386,,,,,0.7408523006445901,1.0,False,0.5999079958401343,0.7408523006445901
temporal_1,race_proxy_blind,COMPAS tool,break_even,Other vs Caucasian,fpr,0.2523364485981308,race,False,0.2810457516339869,False,0.1428571428571428,0.2491228070175438,56,285,-0.106265664160401,-0.210769466539425,-0.0017618617813769,-1.7231472949378648,0.084861891952851,0.2545856758585532,False,,
temporal_1,race_proxy_blind,COMPAS tool,break_even,Other vs Caucasian,fnr,0.2523364485981308,race,False,0.2810457516339869,False,0.7647058823529411,0.5445544554455446,17,101,0.2201514269073965,-0.0036603055955149,0.443963159410308,1.6994492400028682,0.0892345709646498,0.2677037128939495,False,,
temporal_1,race_proxy_blind,COMPAS tool,break_even,Other vs Caucasian,equalized_odds,0.2523364485981308,race,False,0.2810457516339869,False,,,73,386,,,,,0.0426745037619551,0.1280235112858655,False,6.308307277354528,0.0426745037619551
temporal_1,race_proxy_blind,COMPAS tool,break_even,Female vs Male,fpr,0.2523364485981308,sex,False,0.4200351493848858,False,0.3240223463687151,0.3456375838926174,179,596,-0.0216152375239023,-0.1000903289238305,0.0568598538760257,-0.5351161956044256,0.592569511463841,1.0,False,,
temporal_1,race_proxy_blind,COMPAS tool,break_even,Female vs Male,fnr,0.2523364485981308,sex,False,0.4200351493848858,False,0.4705882352941176,0.4006410256410256,51,312,0.0699472096530919,-0.0774368607297512,0.2173312800359352,0.9414257454509344,0.3464867252047926,0.6929734504095852,False,,
temporal_1,race_proxy_blind,COMPAS tool,break_even,Female vs Male,equalized_odds,0.2523364485981308,sex,False,0.4200351493848858,False,,,230,908,,,,,0.5584038892178963,1.0,False,1.165345525252933,0.5584038892178963
temporal_1,sex_blind,TabPFN,0.5,African-American vs Caucasian,fpr,0.5,race,True,0.1923890063424947,False,0.1812865497076023,0.0596491228070175,342,285,0.1216374269005848,0.0724117859947101,0.1708630678064594,4.570173135778491,4.873214451698608e-06,1.949285780679443e-05,True,,
temporal_1,sex_blind,TabPFN,0.5,African-American vs Caucasian,fnr,0.5,race,True,0.1923890063424947,False,0.5779816513761468,0.8910891089108911,218,101,-0.3131074575347443,-0.4024908002901089,-0.2237241147793797,-5.563296402333094,2.647256807947888e-08,1.0589027231791552e-07,True,,
temporal_1,sex_blind,TabPFN,0.5,African-American vs Caucasian,equalized_odds,0.5,race,True,0.1923890063424947,False,,,560,386,,,,,3.7812745811107385e-13,1.5125098324442954e-12,True,57.207090130714185,3.7812745811107385e-13
temporal_1,sex_blind,TabPFN,0.5,Hispanic vs Caucasian,fpr,0.5,race,False,0.07429718875502,False,0.0689655172413793,0.0596491228070175,87,285,0.0093163944343617,-0.0506100784208593,0.0692428672895829,0.3158091887425521,0.7521473431891373,0.9506146487675422,False,,
temporal_1,sex_blind,TabPFN,0.5,Hispanic vs Caucasian,fnr,0.5,race,False,0.07429718875502,False,0.88,0.8910891089108911,25,101,-0.011089108910891,-0.1522185506400962,0.130040332818314,-0.1579572570333664,0.8744904797425039,1.0,False,,
temporal_1,sex_blind,TabPFN,0.5,Hispanic vs Caucasian,equalized_odds,0.5,race,False,0.07429718875502,False,,,112,386,,,,,0.9408564808497484,1.0,False,0.1219293374459476,0.9408564808497484
temporal_1,sex_blind,TabPFN,0.5,Other vs Caucasian,fpr,0.5,race,False,0.0675381263616557,False,0.0357142857142857,0.0596491228070175,56,285,-0.0239348370927318,-0.0797779577505881,0.0319082835651244,-0.7138703965120368,0.4753073243837711,0.9506146487675422,False,,
temporal_1,sex_blind,TabPFN,0.5,Other vs Caucasian,fnr,0.5,race,False,0.0675381263616557,False,0.9411764705882352,0.8910891089108911,17,101,0.0500873616773441,-0.0771979302875555,0.1773726536422438,0.6321363313654303,0.5272977965864907,1.0,False,,
temporal_1,sex_blind,TabPFN,0.5,Other vs Caucasian,equalized_odds,0.5,race,False,0.0675381263616557,False,,,73,386,,,,,0.6004075057976228,1.0,False,1.020293355944971,0.6004075057976228
temporal_1,sex_blind,TabPFN,0.5,Female vs Male,fpr,0.5,sex,False,0.1704745166959578,False,0.0223463687150838,0.1392617449664429,179,596,-0.1169153762513591,-0.1521495645549221,-0.0816811879477961,-4.345285164485992,1.3909484656373884e-05,4.172845396912165e-05,True,,
temporal_1,sex_blind,TabPFN,0.5,Female vs Male,fnr,0.5,sex,False,0.1704745166959578,False,0.8431372549019608,0.6826923076923077,51,312,0.160444947209653,0.0480657119678266,0.2728241824514795,2.3298602439382132,0.0198135388441576,0.059440616532473,False,,
temporal_1,sex_blind,TabPFN,0.5,Female vs Male,equalized_odds,0.5,sex,False,0.1704745166959578,False,,,230,908,,,,,1.89310809425597e-07,5.679324282767909e-07,True,30.959751356543215,1.89310809425597e-07
temporal_1,sex_blind,TabPFN,break_even,African-American vs Caucasian,fpr,0.2523364485981308,race,True,0.5961945031712473,False,0.5906432748538012,0.3719298245614035,342,285,0.2187134502923977,0.1421339583820634,0.2952929422027319,5.454739883085007,4.904458540614209e-08,1.9617834162456836e-07,True,,
temporal_1,sex_blind,TabPFN,break_even,African-American vs Caucasian,fnr,0.2523364485981308,race,True,0.5961945031712473,False,0.1330275229357798,0.3366336633663366,218,101,-0.2036061404305568,-0.3062013451988751,-0.1010109356622385,-4.248981980728023,2.147441899856512e-05,8.589767599426048e-05,True,,
temporal_1,sex_blind,TabPFN,break_even,African-American vs Caucasian,equalized_odds,0.2523364485981308,race,True,0.5961945031712473,False,,,560,386,,,,,6.057762930891399e-11,2.4231051723565597e-10,True,47.05419088865078,6.057762930891399e-11
temporal_1,sex_blind,TabPFN,break_even,Hispanic vs Caucasian,fpr,0.2523364485981308,race,False,0.4618473895582329,False,0.4827586206896552,0.3719298245614035,87,285,0.1108287961282517,-0.0082265310101652,0.2298841232666686,1.848635442362749,0.0645104713326185,0.0645104713326185,False,,
temporal_1,sex_blind,TabPFN,break_even,Hispanic vs Caucasian,fnr,0.2523364485981308,race,False,0.4618473895582329,False,0.4,0.3366336633663366,25,101,0.0633663366336633,-0.1496395010055299,0.2763721742728567,0.5950333392005518,0.5518211858437865,1.0,False,,
temporal_1,sex_blind,TabPFN,break_even,Hispanic vs Caucasian,equalized_odds,0.2523364485981308,race,False,0.4618473895582329,False,,,112,386,,,,,0.1553777928865578,0.1553777928865578,False,3.723791508356177,0.1553777928865578
temporal_1,sex_blind,TabPFN,break_even,Other vs Caucasian,fpr,0.2523364485981308,race,False,0.420479302832244,False,0.1785714285714285,0.3719298245614035,56,285,-0.1933583959899749,-0.3082964314849243,-0.0784203604950255,-2.792135009048911,0.0052361503625377,0.0104723007250754,True,,
temporal_1,sex_blind,TabPFN,break_even,Other vs Caucasian,fnr,0.2523364485981308,race,False,0.420479302832244,False,0.4117647058823529,0.3366336633663366,17,101,0.0751310425160162,-0.1763172741272476,0.3265793591592801,0.6018777314934145,0.5472555282528775,1.0,False,,
temporal_1,sex_blind,TabPFN,break_even,Other vs Caucasian,equalized_odds,0.2523364485981308,race,False,0.420479302832244,False,,,73,386,,,,,0.011782744475903,0.0235654889518061,True,8.882238300625708,0.011782744475903
temporal_1,sex_blind,TabPFN,break_even,Female vs Male,fpr,0.2523364485981308,sex,False,0.5641476274165202,False,0.3687150837988827,0.4949664429530201,179,596,-0.1262513591541374,-0.2075315082175258,-0.044971210090749,-2.9694962918972747,0.0029828841240886,0.008948652372266,True,,
temporal_1,sex_blind,TabPFN,break_even,Female vs Male,fnr,0.2523364485981308,sex,False,0.5641476274165202,False,0.3725490196078431,0.2019230769230769,51,312,0.1706259426847662,0.0306570290842341,0.3105948562852983,2.7014732732001088,0.0069033028395749,0.0207099085187248,True,,
temporal_1,sex_blind,TabPFN,break_even,Female vs Male,equalized_odds,0.2523364485981308,sex,False,0.5641476274165202,False,,,230,908,,,,,0.0004220080371333,0.0012660241114,True,15.540972397539928,0.0004220080371333
temporal_1,sex_blind,COMPAS tool,0.5,African-American vs Caucasian,fpr,0.5,race,True,0.4587737843551797,False,0.4824561403508772,0.2491228070175438,342,285,0.2333333333333333,0.160354019969956,0.3063126466967106,6.004843021370408,1.915171085679105e-09,7.660684342716421e-09,True,,
temporal_1,sex_blind,COMPAS tool,0.5,African-American vs Caucasian,fnr,0.5,race,True,0.4587737843551797,False,0.3027522935779816,0.5445544554455446,218,101,-0.2418021618675629,-0.3564878790260042,-0.1271164447091216,-4.14017953544563,3.470341074684919e-05,0.0001388136429873,True,,
temporal_1,sex_blind,COMPAS tool,0.5,African-American vs Caucasian,equalized_odds,0.5,race,True,0.4587737843551797,False,,,560,386,,,,,2.166963360116146e-12,8.667853440464584e-12,True,53.71538860326329,2.166963360116146e-12
temporal_1,sex_blind,COMPAS tool,0.5,Hispanic vs Caucasian,fpr,0.5,race,False,0.2931726907630522,False,0.2183908045977011,0.2491228070175438,87,285,-0.0307320024198426,-0.1310235546843334,0.069559549844648,-0.5858663791862166,0.5579653122257244,1.0,False,,
temporal_1,sex_blind,COMPAS tool,0.5,Hispanic vs Caucasian,fnr,0.5,race,False,0.2931726907630522,False,0.6,0.5445544554455446,25,101,0.0554455445544553,-0.1597545120296527,0.2706456011385635,0.4995047051780883,0.617423872891717,0.6929734504095852,False,,
temporal_1,sex_blind,COMPAS tool,0.5,Hispanic vs Caucasian,equalized_odds,0.5,race,False,0.2931726907630522,False,,,112,386,,,,,0.7408523006445901,1.0,False,0.5999079958401343,0.7408523006445901
temporal_1,sex_blind,COMPAS tool,0.5,Other vs Caucasian,fpr,0.5,race,False,0.2810457516339869,False,0.1428571428571428,0.2491228070175438,56,285,-0.106265664160401,-0.210769466539425,-0.0017618617813769,-1.7231472949378648,0.084861891952851,0.2545856758585532,False,,
temporal_1,sex_blind,COMPAS tool,0.5,Other vs Caucasian,fnr,0.5,race,False,0.2810457516339869,False,0.7647058823529411,0.5445544554455446,17,101,0.2201514269073965,-0.0036603055955149,0.443963159410308,1.6994492400028682,0.0892345709646498,0.2677037128939495,False,,
temporal_1,sex_blind,COMPAS tool,0.5,Other vs Caucasian,equalized_odds,0.5,race,False,0.2810457516339869,False,,,73,386,,,,,0.0426745037619551,0.1280235112858655,False,6.308307277354528,0.0426745037619551
temporal_1,sex_blind,COMPAS tool,0.5,Female vs Male,fpr,0.5,sex,False,0.4200351493848858,False,0.3240223463687151,0.3456375838926174,179,596,-0.0216152375239023,-0.1000903289238305,0.0568598538760257,-0.5351161956044256,0.592569511463841,1.0,False,,
temporal_1,sex_blind,COMPAS tool,0.5,Female vs Male,fnr,0.5,sex,False,0.4200351493848858,False,0.4705882352941176,0.4006410256410256,51,312,0.0699472096530919,-0.0774368607297512,0.2173312800359352,0.9414257454509344,0.3464867252047926,0.6929734504095852,False,,
temporal_1,sex_blind,COMPAS tool,0.5,Female vs Male,equalized_odds,0.5,sex,False,0.4200351493848858,False,,,230,908,,,,,0.5584038892178963,1.0,False,1.165345525252933,0.5584038892178963
temporal_1,sex_blind,COMPAS tool,break_even,African-American vs Caucasian,fpr,0.2523364485981308,race,True,0.4587737843551797,False,0.4824561403508772,0.2491228070175438,342,285,0.2333333333333333,0.160354019969956,0.3063126466967106,6.004843021370408,1.915171085679105e-09,7.660684342716421e-09,True,,
temporal_1,sex_blind,COMPAS tool,break_even,African-American vs Caucasian,fnr,0.2523364485981308,race,True,0.4587737843551797,False,0.3027522935779816,0.5445544554455446,218,101,-0.2418021618675629,-0.3564878790260042,-0.1271164447091216,-4.14017953544563,3.470341074684919e-05,0.0001388136429873,True,,
temporal_1,sex_blind,COMPAS tool,break_even,African-American vs Caucasian,equalized_odds,0.2523364485981308,race,True,0.4587737843551797,False,,,560,386,,,,,2.166963360116146e-12,8.667853440464584e-12,True,53.71538860326329,2.166963360116146e-12
temporal_1,sex_blind,COMPAS tool,break_even,Hispanic vs Caucasian,fpr,0.2523364485981308,race,False,0.2931726907630522,False,0.2183908045977011,0.2491228070175438,87,285,-0.0307320024198426,-0.1310235546843334,0.069559549844648,-0.5858663791862166,0.5579653122257244,1.0,False,,
temporal_1,sex_blind,COMPAS tool,break_even,Hispanic vs Caucasian,fnr,0.2523364485981308,race,False,0.2931726907630522,False,0.6,0.5445544554455446,25,101,0.0554455445544553,-0.1597545120296527,0.2706456011385635,0.4995047051780883,0.617423872891717,0.6929734504095852,False,,
temporal_1,sex_blind,COMPAS tool,break_even,Hispanic vs Caucasian,equalized_odds,0.2523364485981308,race,False,0.2931726907630522,False,,,112,386,,,,,0.7408523006445901,1.0,False,0.5999079958401343,0.7408523006445901
temporal_1,sex_blind,COMPAS tool,break_even,Other vs Caucasian,fpr,0.2523364485981308,race,False,0.2810457516339869,False,0.1428571428571428,0.2491228070175438,56,285,-0.106265664160401,-0.210769466539425,-0.0017618617813769,-1.7231472949378648,0.084861891952851,0.2545856758585532,False,,
temporal_1,sex_blind,COMPAS tool,break_even,Other vs Caucasian,fnr,0.2523364485981308,race,False,0.2810457516339869,False,0.7647058823529411,0.5445544554455446,17,101,0.2201514269073965,-0.0036603055955149,0.443963159410308,1.6994492400028682,0.0892345709646498,0.2677037128939495,False,,
temporal_1,sex_blind,COMPAS tool,break_even,Other vs Caucasian,equalized_odds,0.2523364485981308,race,False,0.2810457516339869,False,,,73,386,,,,,0.0426745037619551,0.1280235112858655,False,6.308307277354528,0.0426745037619551
temporal_1,sex_blind,COMPAS tool,break_even,Female vs Male,fpr,0.2523364485981308,sex,False,0.4200351493848858,False,0.3240223463687151,0.3456375838926174,179,596,-0.0216152375239023,-0.1000903289238305,0.0568598538760257,-0.5351161956044256,0.592569511463841,1.0,False,,
temporal_1,sex_blind,COMPAS tool,break_even,Female vs Male,fnr,0.2523364485981308,sex,False,0.4200351493848858,False,0.4705882352941176,0.4006410256410256,51,312,0.0699472096530919,-0.0774368607297512,0.2173312800359352,0.9414257454509344,0.3464867252047926,0.6929734504095852,False,,
temporal_1,sex_blind,COMPAS tool,break_even,Female vs Male,equalized_odds,0.2523364485981308,sex,False,0.4200351493848858,False,,,230,908,,,,,0.5584038892178963,1.0,False,1.165345525252933,0.5584038892178963
temporal_2,age_blind,TabPFN,0.5,African-American vs Caucasian,fpr,0.5,race,True,0.1448087431693989,False,0.1560693641618497,0.0309734513274336,519,452,0.1250959128344161,0.0900250054017982,0.1601668202670339,6.544730625017756,5.960271997069524e-11,2.3841087988278096e-10,True,,
temporal_2,age_blind,TabPFN,0.5,African-American vs Caucasian,fnr,0.5,race,True,0.1448087431693989,False,0.691358024691358,0.8994082840236687,324,169,-0.2080502593323107,-0.2757734697344874,-0.1403270489301339,-5.153718877538812,2.553706888339111e-07,1.0214827553356443e-06,True,,
temporal_2,age_blind,TabPFN,0.5,African-American vs Caucasian,equalized_odds,0.5,race,True,0.1448087431693989,False,,,843,621,,,,,1.7716023799341773e-17,7.086409519736709e-17,True,77.1441242889031,1.7716023799341773e-17
temporal_2,age_blind,TabPFN,0.5,Hispanic vs Caucasian,fpr,0.5,race,False,0.0490066225165562,False,0.0202020202020202,0.0309734513274336,99,452,-0.0107714311254134,-0.0427579735885294,0.0212151113377025,-0.5780949034752102,0.5632000477391669,0.5632000477391669,False,,
temporal_2,age_blind,TabPFN,0.5,Hispanic vs Caucasian,fnr,0.5,race,False,0.0490066225165562,False,0.8857142857142857,0.8994082840236687,35,169,-0.013693998309383,-0.1284393295687063,0.1010513329499403,-0.2426540453093294,0.8082734100463538,0.8082734100463538,False,,
temporal_2,age_blind,TabPFN,0.5,Hispanic vs Caucasian,equalized_odds,0.5,race,False,0.0490066225165562,False,,,134,621,,,,,0.8096054125282713,0.8096054125282713,False,0.4224165900723312,0.8096054125282713
temporal_2,age_blind,TabPFN,0.5,Other vs Caucasian,fpr,0.5,race,False,0.0445682451253481,False,0.0,0.0309734513274336,71,452,-0.0309734513274336,-0.0469447970936544,-0.0150021055612128,-1.503197095898952,0.1327882262060624,0.2655764524121249,False,,
temporal_2,age_blind,TabPFN,0.5,Other vs Caucasian,fnr,0.5,race,False,0.0445682451253481,False,0.9615384615384616,0.8994082840236687,26,169,0.0621301775147928,-0.0245910309650538,0.1488513859946396,1.018889392044268,0.308255480354948,0.616510960709896,False,,
temporal_2,age_blind,TabPFN,0.5,Other vs Caucasian,equalized_odds,0.5,race,False,0.0445682451253481,False,,,97,621,,,,,0.0668508551514733,0.1337017103029467,False,5.410582366844322,0.0668508551514733
temporal_2,age_blind,TabPFN,0.5,Female vs Male,fpr,0.5,sex,False,0.1283704572098476,False,0.0248226950354609,0.1036866359447004,282,868,-0.0788639409092394,-0.1060861087832256,-0.0516417730352532,-4.140108850428442,3.471410600617925e-05,0.0001041423180185,True,,
temporal_2,age_blind,TabPFN,0.5,Female vs Male,fnr,0.5,sex,False,0.1283704572098476,False,0.8536585365853658,0.7679324894514767,82,474,0.0857260471338891,0.0003053733479501,0.171146720919828,1.7318948125562352,0.0832922925368921,0.2498768776106765,False,,
temporal_2,age_blind,TabPFN,0.5,Female vs Male,equalized_odds,0.5,sex,False,0.1283704572098476,False,,,364,1342,,,,,4.325618307758933e-06,1.29768549232768e-05,True,24.701910932933767,4.325618307758933e-06
temporal_2,age_blind,TabPFN,break_even,African-American vs Caucasian,fpr,0.2523364485981308,race,True,0.5273224043715847,False,0.5664739884393064,0.3141592920353982,519,452,0.2523146964039082,0.1919086800197486,0.3127207127880678,7.884695446131283,3.15303552462706e-15,1.2612142098508239e-14,True,,
temporal_2,age_blind,TabPFN,break_even,African-American vs Caucasian,fnr,0.2523364485981308,race,True,0.5273224043715847,False,0.2222222222222222,0.5029585798816568,324,169,-0.2807363576594346,-0.3686663233351224,-0.1928063919837467,-6.3506548952223065,2.1440020487546867e-10,8.576008195018746e-10,True,,
temporal_2,age_blind,TabPFN,break_even,African-American vs Caucasian,equalized_odds,0.2523364485981308,race,True,0.5273224043715847,False,,,843,621,,,,,5.609098827025337e-23,2.2436395308101347e-22,True,102.47013413825162,5.609098827025337e-23
temporal_2,age_blind,TabPFN,break_even,Hispanic vs Caucasian,fpr,0.2523364485981308,race,False,0.3549668874172185,False,0.2222222222222222,0.3141592920353982,99,452,-0.091937069813176,-0.1843373089594949,0.0004631693331428,-1.812073734965999,0.0699748040981813,0.1399496081963626,False,,
temporal_2,age_blind,TabPFN,break_even,Hispanic vs Caucasian,fnr,0.2523364485981308,race,False,0.3549668874172185,False,0.4285714285714285,0.5029585798816568,35,169,-0.0743871513102282,-0.254835051224023,0.1060607486035664,-0.8012604674466934,0.4229808718971142,0.9783539949972582,False,,
temporal_2,age_blind,TabPFN,break_even,Hispanic vs Caucasian,equalized_odds,0.2523364485981308,race,False,0.3549668874172185,False,,,134,621,,,,,0.1301415028125192,0.2602830056250385,False,4.078265874643225,0.1301415028125192
temporal_2,age_blind,TabPFN,break_even,Other vs Caucasian,fpr,0.2523364485981308,race,False,0.3551532033426184,False,0.2112676056338028,0.3141592920353982,71,452,-0.1028916864015954,-0.2070401363524041,0.0012567635492132,-1.758486962123162,0.0786646880474856,0.1399496081963626,False,,
temporal_2,age_blind,TabPFN,break_even,Other vs Caucasian,fnr,0.2523364485981308,race,False,0.3551532033426184,False,0.4615384615384615,0.5029585798816568,26,169,-0.0414201183431952,-0.247335085565457,0.1644948488790665,-0.3932418788198071,0.6941408412330249,0.9783539949972582,False,,
temporal_2,age_blind,TabPFN,break_even,Other vs Caucasian,equalized_odds,0.2523364485981308,race,False,0.3551532033426184,False,,,97,621,,,,,0.1800009078827204,0.2602830056250385,False,3.42958676862351,0.1800009078827204
temporal_2,age_blind,TabPFN,break_even,Female vs Male,fpr,0.2523364485981308,sex,False,0.4958968347010551,False,0.2836879432624113,0.4539170506912442,282,868,-0.1702291074288328,-0.2323995688078837,-0.1080586460497819,-5.04550499097216,4.523250861327118e-07,1.3569752583981353e-06,True,,
temporal_2,age_blind,TabPFN,break_even,Female vs Male,fnr,0.2523364485981308,sex,False,0.4958968347010551,False,0.3780487804878049,0.3227848101265823,82,474,0.0552639703612226,-0.0578139572536555,0.1683418979761007,0.9819631589587768,0.3261179983324194,0.9783539949972582,False,,
temporal_2,age_blind,TabPFN,break_even,Female vs Male,equalized_odds,0.2523364485981308,sex,False,0.4958968347010551,False,,,364,1342,,,,,1.2231396776602755e-06,3.6694190329808264e-06,True,27.228178997474068,1.2231396776602755e-06
temporal_2,age_blind,COMPAS tool,0.5,African-American vs Caucasian,fpr,0.5,race,True,0.4180327868852459,False,0.420038535645472,0.2234513274336283,519,452,0.1965872082118437,0.1393350638139517,0.2538393526097358,6.50576882514281,7.729701886580012e-11,3.0918807546320046e-10,True,,
temporal_2,age_blind,COMPAS tool,0.5,African-American vs Caucasian,fnr,0.5,race,True,0.4180327868852459,False,0.3518518518518518,0.5088757396449705,324,169,-0.1570238877931186,-0.2485919364537885,-0.0654558391324486,-3.3702043514466964,0.0007511245885141,0.0030044983540566,True,,
temporal_2,age_blind,COMPAS tool,0.5,African-American vs Caucasian,equalized_odds,0.5,race,True,0.4180327868852459,False,,,843,621,,,,,1.522283631669097e-12,6.089134526676387e-12,True,54.42161903854401,1.522283631669097e-12
temporal_2,age_blind,COMPAS tool,0.5,Hispanic vs Caucasian,fpr,0.5,race,False,0.2887417218543046,False,0.202020202020202,0.2234513274336283,99,452,-0.0214311254134262,-0.1093516163085475,0.0664893654816949,-0.4665311847148267,0.6408353312616617,0.6408353312616617,False,,
temporal_2,age_blind,COMPAS tool,0.5,Hispanic vs Caucasian,fnr,0.5,race,False,0.2887417218543046,False,0.6,0.5088757396449705,35,169,0.0911242603550295,-0.0878234208884083,0.2700719415984674,0.9825365579143972,0.3258355818168676,0.977506745450603,False,,
temporal_2,age_blind,COMPAS tool,0.5,Hispanic vs Caucasian,equalized_odds,0.5,race,False,0.2887417218543046,False,,,134,621,,,,,0.5506194312168607,0.6787045577757904,False,1.193422791820797,0.5506194312168607
temporal_2,age_blind,COMPAS tool,0.5,Other vs Caucasian,fpr,0.5,race,False,0.2827298050139276,False,0.1126760563380281,0.2234513274336283,71,452,-0.1107752710956001,-0.1937460574865307,-0.0278044847046695,-2.1363806620833294,0.0326483989676604,0.0979451969029814,False,,
temporal_2,age_blind,COMPAS tool,0.5,Other vs Caucasian,fnr,0.5,race,False,0.2827298050139276,False,0.5769230769230769,0.5088757396449705,26,169,0.0680473372781064,-0.1362653979365417,0.2723600724927545,0.6464483838293276,0.5179890146077311,1.0,False,,
temporal_2,age_blind,COMPAS tool,0.5,Other vs Caucasian,equalized_odds,0.5,race,False,0.2827298050139276,False,,,97,621,,,,,0.0616000943956509,0.1848002831869529,False,5.574183752093811,0.0616000943956509
temporal_2,age_blind,COMPAS tool,0.5,Female vs Male,fpr,0.5,sex,False,0.391559202813599,False,0.2695035460992908,0.3133640552995391,282,868,-0.0438605092002483,-0.1041437811882923,0.0164227627877956,-1.392932912608021,0.1636400786285531,0.3272801572571062,False,,
temporal_2,age_blind,COMPAS tool,0.5,Female vs Male,fnr,0.5,sex,False,0.391559202813599,False,0.4024390243902439,0.4282700421940928,82,474,-0.0258310178038488,-0.1409407704827107,0.0892787348750129,-0.4369623524872639,0.6621386511116207,1.0,False,,
temporal_2,age_blind,COMPAS tool,0.5,Female vs Male,equalized_odds,0.5,sex,False,0.391559202813599,False,,,364,1342,,,,,0.3393522788878952,0.6787045577757904,False,2.1614330808102045,0.3393522788878952
temporal_2,age_blind,COMPAS tool,break_even,African-American vs Caucasian,fpr,0.2523364485981308,race,True,0.4180327868852459,False,0.420038535645472,0.2234513274336283,519,452,0.1965872082118437,0.1393350638139517,0.2538393526097358,6.50576882514281,7.729701886580012e-11,3.0918807546320046e-10,True,,
temporal_2,age_blind,COMPAS tool,break_even,African-American vs Caucasian,fnr,0.2523364485981308,race,True,0.4180327868852459,False,0.3518518518518518,0.5088757396449705,324,169,-0.1570238877931186,-0.2485919364537885,-0.0654558391324486,-3.3702043514466964,0.0007511245885141,0.0030044983540566,True,,
temporal_2,age_blind,COMPAS tool,break_even,African-American vs Caucasian,equalized_odds,0.2523364485981308,race,True,0.4180327868852459,False,,,843,621,,,,,1.522283631669097e-12,6.089134526676387e-12,True,54.42161903854401,1.522283631669097e-12
temporal_2,age_blind,COMPAS tool,break_even,Hispanic vs Caucasian,fpr,0.2523364485981308,race,False,0.2887417218543046,False,0.202020202020202,0.2234513274336283,99,452,-0.0214311254134262,-0.1093516163085475,0.0664893654816949,-0.4665311847148267,0.6408353312616617,0.6408353312616617,False,,
temporal_2,age_blind,COMPAS tool,break_even,Hispanic vs Caucasian,fnr,0.2523364485981308,race,False,0.2887417218543046,False,0.6,0.5088757396449705,35,169,0.0911242603550295,-0.0878234208884083,0.2700719415984674,0.9825365579143972,0.3258355818168676,0.977506745450603,False,,
temporal_2,age_blind,COMPAS tool,break_even,Hispanic vs Caucasian,equalized_odds,0.2523364485981308,race,False,0.2887417218543046,False,,,134,621,,,,,0.5506194312168607,0.6787045577757904,False,1.193422791820797,0.5506194312168607
temporal_2,age_blind,COMPAS tool,break_even,Other vs Caucasian,fpr,0.2523364485981308,race,False,0.2827298050139276,False,0.1126760563380281,0.2234513274336283,71,452,-0.1107752710956001,-0.1937460574865307,-0.0278044847046695,-2.1363806620833294,0.0326483989676604,0.0979451969029814,False,,
temporal_2,age_blind,COMPAS tool,break_even,Other vs Caucasian,fnr,0.2523364485981308,race,False,0.2827298050139276,False,0.5769230769230769,0.5088757396449705,26,169,0.0680473372781064,-0.1362653979365417,0.2723600724927545,0.6464483838293276,0.5179890146077311,1.0,False,,
temporal_2,age_blind,COMPAS tool,break_even,Other vs Caucasian,equalized_odds,0.2523364485981308,race,False,0.2827298050139276,False,,,97,621,,,,,0.0616000943956509,0.1848002831869529,False,5.574183752093811,0.0616000943956509
temporal_2,age_blind,COMPAS tool,break_even,Female vs Male,fpr,0.2523364485981308,sex,False,0.391559202813599,False,0.2695035460992908,0.3133640552995391,282,868,-0.0438605092002483,-0.1041437811882923,0.0164227627877956,-1.392932912608021,0.1636400786285531,0.3272801572571062,False,,
temporal_2,age_blind,COMPAS tool,break_even,Female vs Male,fnr,0.2523364485981308,sex,False,0.391559202813599,False,0.4024390243902439,0.4282700421940928,82,474,-0.0258310178038488,-0.1409407704827107,0.0892787348750129,-0.4369623524872639,0.6621386511116207,1.0,False,,
temporal_2,age_blind,COMPAS tool,break_even,Female vs Male,equalized_odds,0.2523364485981308,sex,False,0.391559202813599,False,,,364,1342,,,,,0.3393522788878952,0.6787045577757904,False,2.1614330808102045,0.3393522788878952
temporal_2,protected_blind,TabPFN,0.5,African-American vs Caucasian,fpr,0.5,race,True,0.1461748633879781,False,0.1425818882466281,0.0597345132743362,519,452,0.0828473749722918,0.0456692149631593,0.1200255349814243,4.218139616555855,2.4632628467698785e-05,9.853051387079514e-05,True,,
temporal_2,protected_blind,TabPFN,0.5,African-American vs Caucasian,fnr,0.5,race,True,0.1461748633879781,False,0.7129629629629629,0.8816568047337278,324,169,-0.1686938417707648,-0.2379616133319662,-0.0994260702095634,-4.229680137301755,2.3402382105923668e-05,9.360952842369468e-05,True,,
temporal_2,protected_blind,TabPFN,0.5,African-American vs Caucasian,equalized_odds,0.5,race,True,0.1461748633879781,False,,,843,621,,,,,5.625990973924063e-09,2.2503963895696253e-08,True,37.991737462461074,5.625990973924063e-09
temporal_2,protected_blind,TabPFN,0.5,Hispanic vs Caucasian,fpr,0.5,race,False,0.0847682119205298,False,0.0606060606060606,0.0597345132743362,99,452,0.0008715473317243,-0.0509598547017958,0.0527029493652445,0.03310028566942,0.9735946149447748,0.9735946149447748,False,,
temporal_2,protected_blind,TabPFN,0.5,Hispanic vs Caucasian,fnr,0.5,race,False,0.0847682119205298,False,0.6857142857142857,0.8816568047337278,35,169,-0.195942519019442,-0.3572657664760658,-0.0346192715628183,-2.939119517239425,0.0032914612280751,0.0098743836842255,True,,
temporal_2,protected_blind,TabPFN,0.5,Hispanic vs Caucasian,equalized_odds,0.5,race,False,0.0847682119205298,False,,,134,621,,,,,0.0250546510107435,0.0347073638809099,True,7.373391599188155,0.0250546510107435
temporal_2,protected_blind,TabPFN,0.5,Other vs Caucasian,fpr,0.5,race,False,0.0696378830083565,False,0.0,0.0597345132743362,71,452,-0.0597345132743362,-0.0815827697793516,-0.0378862567693209,-2.1147149971056924,0.0344542453837174,0.0689084907674348,False,,
temporal_2,protected_blind,TabPFN,0.5,Other vs Caucasian,fnr,0.5,race,False,0.0696378830083565,False,0.8846153846153846,0.8816568047337278,26,169,0.0029585798816568,-0.1291492886746149,0.1350664484379285,0.0435414101561056,0.9652699552787732,1.0,False,,
temporal_2,protected_blind,TabPFN,0.5,Other vs Caucasian,equalized_odds,0.5,race,False,0.0696378830083565,False,,,97,621,,,,,0.0173536819404549,0.0347073638809099,True,8.107901159031256,0.0173536819404549
temporal_2,protected_blind,TabPFN,0.5,Female vs Male,fpr,0.5,sex,False,0.1371629542790152,False,0.0496453900709219,0.1071428571428571,282,868,-0.0574974670719351,-0.0901482947705924,-0.0248466393732778,-2.8876729659297404,0.003881031574442,0.0116430947233262,True,,
temporal_2,protected_blind,TabPFN,0.5,Female vs Male,fnr,0.5,sex,False,0.1371629542790152,False,0.7926829268292683,0.7679324894514767,82,474,0.0247504373777915,-0.0708685146225774,0.1203693893781605,0.4929306967414314,0.6220615566205518,1.0,False,,
temporal_2,protected_blind,TabPFN,0.5,Female vs Male,equalized_odds,0.5,sex,False,0.1371629542790152,False,,,364,1342,,,,,0.0079439831408719,0.0238319494226158,True,9.6706809489765,0.0079439831408719
temporal_2,protected_blind,TabPFN,break_even,African-American vs Caucasian,fpr,0.2523364485981308,race,True,0.5710382513661202,False,0.5491329479768786,0.4579646017699115,519,452,0.0911683462069671,0.0283811719071331,0.153955520506801,2.834368285825277,0.0045916381723665,0.0091832763447331,True,,
temporal_2,protected_blind,TabPFN,break_even,African-American vs Caucasian,fnr,0.2523364485981308,race,True,0.5710382513661202,False,0.2623456790123457,0.378698224852071,324,169,-0.1163525458397253,-0.2037746163947725,-0.028930475284678,-2.6701942220855583,0.0075807383269708,0.0303229533078834,True,,
temporal_2,protected_blind,TabPFN,break_even,African-American vs Caucasian,equalized_odds,0.2523364485981308,race,True,0.5710382513661202,False,,,843,621,,,,,0.000539404121656,0.001815893030098,True,15.05009101220266,0.000539404121656
temporal_2,protected_blind,TabPFN,break_even,Hispanic vs Caucasian,fpr,0.2523364485981308,race,False,0.4900662251655629,False,0.3535353535353535,0.4579646017699115,99,452,-0.1044292482345579,-0.2092049494980465,0.0003464530289306,-1.8962598208665988,0.05792569642433,0.05792569642433,False,,
temporal_2,protected_blind,TabPFN,break_even,Hispanic vs Caucasian,fnr,0.2523364485981308,race,False,0.4900662251655629,False,0.3428571428571428,0.378698224852071,35,169,-0.0358410819949281,-0.2092679048332409,0.1375857408433847,-0.399173580153526,0.6897653088337039,1.0,False,,
temporal_2,protected_blind,TabPFN,break_even,Hispanic vs Caucasian,equalized_odds,0.2523364485981308,race,False,0.4900662251655629,False,,,134,621,,,,,0.148607990988823,0.148607990988823,False,3.812886745967988,0.148607990988823
temporal_2,protected_blind,TabPFN,break_even,Other vs Caucasian,fpr,0.2523364485981308,race,False,0.4860724233983287,False,0.2676056338028169,0.4579646017699115,71,452,-0.1903589679670946,-0.3031148443773099,-0.0776030915568793,-3.0101638340845827,0.0026110680580343,0.0078332041741031,True,,
temporal_2,protected_blind,TabPFN,break_even,Other vs Caucasian,fnr,0.2523364485981308,race,False,0.4860724233983287,False,0.3076923076923077,0.378698224852071,26,169,-0.0710059171597632,-0.2628944449441353,0.1208826106246086,-0.6984302957695779,0.4849081354502285,1.0,False,,
temporal_2,protected_blind,TabPFN,break_even,Other vs Caucasian,equalized_odds,0.2523364485981308,race,False,0.4860724233983287,False,,,97,621,,,,,0.0068284145801464,0.0136568291602928,True,9.973325516476931,0.0068284145801464
temporal_2,protected_blind,TabPFN,break_even,Female vs Male,fpr,0.2523364485981308,sex,False,0.5480656506447831,False,0.375886524822695,0.5092165898617511,282,868,-0.1333300650390561,-0.1989177561231961,-0.067742373954916,-3.894690067616927,9.83243683330766e-05,0.0003932974733323,True,,
temporal_2,protected_blind,TabPFN,break_even,Female vs Male,fnr,0.2523364485981308,sex,False,0.5480656506447831,False,0.3170731707317073,0.3016877637130801,82,474,0.0153854070186271,-0.0934792714525388,0.1242500854897932,0.2796685610799529,0.779731800793655,1.0,False,,
temporal_2,protected_blind,TabPFN,break_even,Female vs Male,equalized_odds,0.2523364485981308,sex,False,0.5480656506447831,False,,,364,1342,,,,,0.0004539732575245,0.001815893030098,True,15.39494453157772,0.0004539732575245
temporal_2,protected_blind,COMPAS tool,0.5,African-American vs Caucasian,fpr,0.5,race,True,0.4180327868852459,False,0.420038535645472,0.2234513274336283,519,452,0.1965872082118437,0.1393350638139517,0.2538393526097358,6.50576882514281,7.729701886580012e-11,3.0918807546320046e-10,True,,
temporal_2,protected_blind,COMPAS tool,0.5,African-American vs Caucasian,fnr,0.5,race,True,0.4180327868852459,False,0.3518518518518518,0.5088757396449705,324,169,-0.1570238877931186,-0.2485919364537885,-0.0654558391324486,-3.3702043514466964,0.0007511245885141,0.0030044983540566,True,,
temporal_2,protected_blind,COMPAS tool,0.5,African-American vs Caucasian,equalized_odds,0.5,race,True,0.4180327868852459,False,,,843,621,,,,,1.522283631669097e-12,6.089134526676387e-12,True,54.42161903854401,1.522283631669097e-12
temporal_2,protected_blind,COMPAS tool,0.5,Hispanic vs Caucasian,fpr,0.5,race,False,0.2887417218543046,False,0.202020202020202,0.2234513274336283,99,452,-0.0214311254134262,-0.1093516163085475,0.0664893654816949,-0.4665311847148267,0.6408353312616617,0.6408353312616617,False,,
temporal_2,protected_blind,COMPAS tool,0.5,Hispanic vs Caucasian,fnr,0.5,race,False,0.2887417218543046,False,0.6,0.5088757396449705,35,169,0.0911242603550295,-0.0878234208884083,0.2700719415984674,0.9825365579143972,0.3258355818168676,0.977506745450603,False,,
temporal_2,protected_blind,COMPAS tool,0.5,Hispanic vs Caucasian,equalized_odds,0.5,race,False,0.2887417218543046,False,,,134,621,,,,,0.5506194312168607,0.6787045577757904,False,1.193422791820797,0.5506194312168607
temporal_2,protected_blind,COMPAS tool,0.5,Other vs Caucasian,fpr,0.5,race,False,0.2827298050139276,False,0.1126760563380281,0.2234513274336283,71,452,-0.1107752710956001,-0.1937460574865307,-0.0278044847046695,-2.1363806620833294,0.0326483989676604,0.0979451969029814,False,,
temporal_2,protected_blind,COMPAS tool,0.5,Other vs Caucasian,fnr,0.5,race,False,0.2827298050139276,False,0.5769230769230769,0.5088757396449705,26,169,0.0680473372781064,-0.1362653979365417,0.2723600724927545,0.6464483838293276,0.5179890146077311,1.0,False,,
temporal_2,protected_blind,COMPAS tool,0.5,Other vs Caucasian,equalized_odds,0.5,race,False,0.2827298050139276,False,,,97,621,,,,,0.0616000943956509,0.1848002831869529,False,5.574183752093811,0.0616000943956509
temporal_2,protected_blind,COMPAS tool,0.5,Female vs Male,fpr,0.5,sex,False,0.391559202813599,False,0.2695035460992908,0.3133640552995391,282,868,-0.0438605092002483,-0.1041437811882923,0.0164227627877956,-1.392932912608021,0.1636400786285531,0.3272801572571062,False,,
temporal_2,protected_blind,COMPAS tool,0.5,Female vs Male,fnr,0.5,sex,False,0.391559202813599,False,0.4024390243902439,0.4282700421940928,82,474,-0.0258310178038488,-0.1409407704827107,0.0892787348750129,-0.4369623524872639,0.6621386511116207,1.0,False,,
temporal_2,protected_blind,COMPAS tool,0.5,Female vs Male,equalized_odds,0.5,sex,False,0.391559202813599,False,,,364,1342,,,,,0.3393522788878952,0.6787045577757904,False,2.1614330808102045,0.3393522788878952
temporal_2,protected_blind,COMPAS tool,break_even,African-American vs Caucasian,fpr,0.2523364485981308,race,True,0.4180327868852459,False,0.420038535645472,0.2234513274336283,519,452,0.1965872082118437,0.1393350638139517,0.2538393526097358,6.50576882514281,7.729701886580012e-11,3.0918807546320046e-10,True,,
temporal_2,protected_blind,COMPAS tool,break_even,African-American vs Caucasian,fnr,0.2523364485981308,race,True,0.4180327868852459,False,0.3518518518518518,0.5088757396449705,324,169,-0.1570238877931186,-0.2485919364537885,-0.0654558391324486,-3.3702043514466964,0.0007511245885141,0.0030044983540566,True,,
temporal_2,protected_blind,COMPAS tool,break_even,African-American vs Caucasian,equalized_odds,0.2523364485981308,race,True,0.4180327868852459,False,,,843,621,,,,,1.522283631669097e-12,6.089134526676387e-12,True,54.42161903854401,1.522283631669097e-12
temporal_2,protected_blind,COMPAS tool,break_even,Hispanic vs Caucasian,fpr,0.2523364485981308,race,False,0.2887417218543046,False,0.202020202020202,0.2234513274336283,99,452,-0.0214311254134262,-0.1093516163085475,0.0664893654816949,-0.4665311847148267,0.6408353312616617,0.6408353312616617,False,,
temporal_2,protected_blind,COMPAS tool,break_even,Hispanic vs Caucasian,fnr,0.2523364485981308,race,False,0.2887417218543046,False,0.6,0.5088757396449705,35,169,0.0911242603550295,-0.0878234208884083,0.2700719415984674,0.9825365579143972,0.3258355818168676,0.977506745450603,False,,
temporal_2,protected_blind,COMPAS tool,break_even,Hispanic vs Caucasian,equalized_odds,0.2523364485981308,race,False,0.2887417218543046,False,,,134,621,,,,,0.5506194312168607,0.6787045577757904,False,1.193422791820797,0.5506194312168607
temporal_2,protected_blind,COMPAS tool,break_even,Other vs Caucasian,fpr,0.2523364485981308,race,False,0.2827298050139276,False,0.1126760563380281,0.2234513274336283,71,452,-0.1107752710956001,-0.1937460574865307,-0.0278044847046695,-2.1363806620833294,0.0326483989676604,0.0979451969029814,False,,
temporal_2,protected_blind,COMPAS tool,break_even,Other vs Caucasian,fnr,0.2523364485981308,race,False,0.2827298050139276,False,0.5769230769230769,0.5088757396449705,26,169,0.0680473372781064,-0.1362653979365417,0.2723600724927545,0.6464483838293276,0.5179890146077311,1.0,False,,
temporal_2,protected_blind,COMPAS tool,break_even,Other vs Caucasian,equalized_odds,0.2523364485981308,race,False,0.2827298050139276,False,,,97,621,,,,,0.0616000943956509,0.1848002831869529,False,5.574183752093811,0.0616000943956509
temporal_2,protected_blind,COMPAS tool,break_even,Female vs Male,fpr,0.2523364485981308,sex,False,0.391559202813599,False,0.2695035460992908,0.3133640552995391,282,868,-0.0438605092002483,-0.1041437811882923,0.0164227627877956,-1.392932912608021,0.1636400786285531,0.3272801572571062,False,,
temporal_2,protected_blind,COMPAS tool,break_even,Female vs Male,fnr,0.2523364485981308,sex,False,0.391559202813599,False,0.4024390243902439,0.4282700421940928,82,474,-0.0258310178038488,-0.1409407704827107,0.0892787348750129,-0.4369623524872639,0.6621386511116207,1.0,False,,
temporal_2,protected_blind,COMPAS tool,break_even,Female vs Male,equalized_odds,0.2523364485981308,sex,False,0.391559202813599,False,,,364,1342,,,,,0.3393522788878952,0.6787045577757904,False,2.1614330808102045,0.3393522788878952
temporal_2,race_aware,TabPFN,0.5,African-American vs Caucasian,fpr,0.5,race,True,0.1769125683060109,False,0.1522157996146435,0.0663716814159292,519,452,0.0858441181987143,0.0473500154165961,0.1243382209808325,4.226746223150362,2.3709480847403405e-05,9.483792338961362e-05,True,,
temporal_2,race_aware,TabPFN,0.5,African-American vs Caucasian,fnr,0.5,race,True,0.1769125683060109,False,0.6111111111111112,0.8579881656804734,324,169,-0.2468770545693622,-0.3216253171889297,-0.1721287919497948,-5.654931581274423,1.5590836555433184e-08,6.236334622173275e-08,True,,
temporal_2,race_aware,TabPFN,0.5,African-American vs Caucasian,equalized_odds,0.5,race,True,0.1769125683060109,False,,,843,621,,,,,2.6899942694917316e-12,1.0759977077966926e-11,True,53.28296410523508,2.6899942694917316e-12
temporal_2,race_aware,TabPFN,0.5,Hispanic vs Caucasian,fpr,0.5,race,False,0.0887417218543046,False,0.0404040404040404,0.0663716814159292,99,452,-0.0259676410118888,-0.0710351298863888,0.0190998478626112,-0.9725465166939692,0.330778735144089,0.4236147089668094,False,,
temporal_2,race_aware,TabPFN,0.5,Hispanic vs Caucasian,fnr,0.5,race,False,0.0887417218543046,False,0.7428571428571429,0.8579881656804734,35,169,-0.1151310228233305,-0.2691934075769113,0.0389313619302502,-1.6835646413477512,0.0922658369552742,0.1845316739105485,False,,
temporal_2,race_aware,TabPFN,0.5,Hispanic vs Caucasian,equalized_odds,0.5,race,False,0.0887417218543046,False,,,134,621,,,,,0.1645890691995834,0.3291781383991669,False,3.6086068024185582,0.1645890691995834
temporal_2,race_aware,TabPFN,0.5,Other vs Caucasian,fpr,0.5,race,False,0.0835654596100278,False,0.028169014084507,0.0663716814159292,71,452,-0.0382026673314221,-0.0830110919974823,0.006605757334638,-1.2486110890521511,0.2118073544834047,0.4236147089668094,False,,
temporal_2,race_aware,TabPFN,0.5,Other vs Caucasian,fnr,0.5,race,False,0.0835654596100278,False,0.8461538461538461,0.8579881656804734,26,169,-0.0118343195266272,-0.160168774549361,0.1365001354961064,-0.1601966285372341,0.8727261851349982,0.8727261851349982,False,,
temporal_2,race_aware,TabPFN,0.5,Other vs Caucasian,equalized_odds,0.5,race,False,0.0835654596100278,False,,,97,621,,,,,0.3870099734446224,0.3870099734446224,False,1.8986096302193831,0.3870099734446224
temporal_2,race_aware,TabPFN,0.5,Female vs Male,fpr,0.5,sex,False,0.1629542790152403,False,0.0425531914893617,0.118663594470046,282,868,-0.0761104029806843,-0.1080141053625329,-0.0442067005988358,-3.701333886117705,0.0002144690421103,0.000643407126331,True,,
temporal_2,race_aware,TabPFN,0.5,Female vs Male,fnr,0.5,sex,False,0.1629542790152403,False,0.8048780487804879,0.689873417721519,82,474,0.1150046310589688,0.0196567936658201,0.2103524684521176,2.112315298819419,0.034659414507537,0.1039782435226111,False,,
temporal_2,race_aware,TabPFN,0.5,Female vs Male,equalized_odds,0.5,sex,False,0.1629542790152403,False,,,364,1342,,,,,2.9450909074867017e-05,8.835272722460105e-05,True,20.865571559853123,2.9450909074867017e-05
temporal_2,race_aware,TabPFN,break_even,African-American vs Caucasian,fpr,0.2523364485981308,race,True,0.5717213114754098,False,0.5973025048169557,0.3517699115044247,519,452,0.2455325933125309,0.1845547276570416,0.3065104589680202,7.637186254141371,2.2202021447318794e-14,8.88080857892752e-14,True,,
temporal_2,race_aware,TabPFN,break_even,African-American vs Caucasian,fnr,0.2523364485981308,race,True,0.5717213114754098,False,0.1851851851851851,0.3846153846153846,324,169,-0.1994301994301994,-0.2841003282732918,-0.114760070587107,-4.831158931183851,1.35740592247522e-06,5.42962368990088e-06,True,,
temporal_2,race_aware,TabPFN,break_even,African-American vs Caucasian,equalized_odds,0.2523364485981308,race,True,0.5717213114754098,False,,,843,621,,,,,1.945990592294333e-18,7.783962369177329e-18,True,81.56152104904363,1.945990592294333e-18
temporal_2,race_aware,TabPFN,break_even,Hispanic vs Caucasian,fpr,0.2523364485981308,race,False,0.4198675496688742,False,0.2929292929292929,0.3517699115044247,99,452,-0.0588406185751318,-0.1587146789848904,0.0410334418346267,-1.1184269068406834,0.2633847079275846,0.3281976695893578,False,,
temporal_2,race_aware,TabPFN,break_even,Hispanic vs Caucasian,fnr,0.2523364485981308,race,False,0.4198675496688742,False,0.2857142857142857,0.3846153846153846,35,169,-0.0989010989010989,-0.2655719807258218,0.0677697829236239,-1.10450602298823,0.2693736923032819,0.2693736923032819,False,,
temporal_2,race_aware,TabPFN,break_even,Hispanic vs Caucasian,equalized_odds,0.2523364485981308,race,False,0.4198675496688742,False,,,134,621,,,,,0.2818112237732234,0.2818112237732234,False,2.5330357028980366,0.2818112237732234
temporal_2,race_aware,TabPFN,break_even,Other vs Caucasian,fpr,0.2523364485981308,race,False,0.4206128133704735,False,0.2676056338028169,0.3517699115044247,71,452,-0.0841642777016078,-0.1961560978896289,0.0278275424864131,-1.391417586320702,0.1640988347946789,0.3281976695893578,False,,
temporal_2,race_aware,TabPFN,break_even,Other vs Caucasian,fnr,0.2523364485981308,race,False,0.4206128133704735,False,0.2307692307692307,0.3846153846153846,26,169,-0.1538461538461538,-0.3316312363212737,0.023938928628966,-1.5177280421121964,0.1290829717621323,0.2581659435242646,False,,
temporal_2,race_aware,TabPFN,break_even,Other vs Caucasian,equalized_odds,0.2523364485981308,race,False,0.4206128133704735,False,,,97,621,,,,,0.1080767199397489,0.2161534398794979,False,4.4498278684772705,0.1080767199397489
temporal_2,race_aware,TabPFN,break_even,Female vs Male,fpr,0.2523364485981308,sex,False,0.5474794841735052,False,0.2588652482269503,0.5138248847926268,282,868,-0.2549596365656764,-0.3159435524940985,-0.1939757206372543,-7.474917603658178,7.725224284609785e-14,2.317567285382935e-13,True,,
temporal_2,race_aware,TabPFN,break_even,Female vs Male,fnr,0.2523364485981308,sex,False,0.5474794841735052,False,0.3902439024390244,0.229957805907173,82,474,0.1602860965318514,0.0481142604597794,0.2724579326039233,3.08031932673496,0.0020677876704645,0.0062033630113937,True,,
temporal_2,race_aware,TabPFN,break_even,Female vs Male,equalized_odds,0.2523364485981308,sex,False,0.5474794841735052,False,,,364,1342,,,,,2.918445218392768e-15,8.755335655178305e-15,True,66.9354507597838,2.918445218392768e-15
temporal_2,race_aware,COMPAS tool,0.5,African-American vs Caucasian,fpr,0.5,race,True,0.4180327868852459,False,0.420038535645472,0.2234513274336283,519,452,0.1965872082118437,0.1393350638139517,0.2538393526097358,6.50576882514281,7.729701886580012e-11,3.0918807546320046e-10,True,,
temporal_2,race_aware,COMPAS tool,0.5,African-American vs Caucasian,fnr,0.5,race,True,0.4180327868852459,False,0.3518518518518518,0.5088757396449705,324,169,-0.1570238877931186,-0.2485919364537885,-0.0654558391324486,-3.3702043514466964,0.0007511245885141,0.0030044983540566,True,,
temporal_2,race_aware,COMPAS tool,0.5,African-American vs Caucasian,equalized_odds,0.5,race,True,0.4180327868852459,False,,,843,621,,,,,1.522283631669097e-12,6.089134526676387e-12,True,54.42161903854401,1.522283631669097e-12
temporal_2,race_aware,COMPAS tool,0.5,Hispanic vs Caucasian,fpr,0.5,race,False,0.2887417218543046,False,0.202020202020202,0.2234513274336283,99,452,-0.0214311254134262,-0.1093516163085475,0.0664893654816949,-0.4665311847148267,0.6408353312616617,0.6408353312616617,False,,
temporal_2,race_aware,COMPAS tool,0.5,Hispanic vs Caucasian,fnr,0.5,race,False,0.2887417218543046,False,0.6,0.5088757396449705,35,169,0.0911242603550295,-0.0878234208884083,0.2700719415984674,0.9825365579143972,0.3258355818168676,0.977506745450603,False,,
temporal_2,race_aware,COMPAS tool,0.5,Hispanic vs Caucasian,equalized_odds,0.5,race,False,0.2887417218543046,False,,,134,621,,,,,0.5506194312168607,0.6787045577757904,False,1.193422791820797,0.5506194312168607
temporal_2,race_aware,COMPAS tool,0.5,Other vs Caucasian,fpr,0.5,race,False,0.2827298050139276,False,0.1126760563380281,0.2234513274336283,71,452,-0.1107752710956001,-0.1937460574865307,-0.0278044847046695,-2.1363806620833294,0.0326483989676604,0.0979451969029814,False,,
temporal_2,race_aware,COMPAS tool,0.5,Other vs Caucasian,fnr,0.5,race,False,0.2827298050139276,False,0.5769230769230769,0.5088757396449705,26,169,0.0680473372781064,-0.1362653979365417,0.2723600724927545,0.6464483838293276,0.5179890146077311,1.0,False,,
temporal_2,race_aware,COMPAS tool,0.5,Other vs Caucasian,equalized_odds,0.5,race,False,0.2827298050139276,False,,,97,621,,,,,0.0616000943956509,0.1848002831869529,False,5.574183752093811,0.0616000943956509
temporal_2,race_aware,COMPAS tool,0.5,Female vs Male,fpr,0.5,sex,False,0.391559202813599,False,0.2695035460992908,0.3133640552995391,282,868,-0.0438605092002483,-0.1041437811882923,0.0164227627877956,-1.392932912608021,0.1636400786285531,0.3272801572571062,False,,
temporal_2,race_aware,COMPAS tool,0.5,Female vs Male,fnr,0.5,sex,False,0.391559202813599,False,0.4024390243902439,0.4282700421940928,82,474,-0.0258310178038488,-0.1409407704827107,0.0892787348750129,-0.4369623524872639,0.6621386511116207,1.0,False,,
temporal_2,race_aware,COMPAS tool,0.5,Female vs Male,equalized_odds,0.5,sex,False,0.391559202813599,False,,,364,1342,,,,,0.3393522788878952,0.6787045577757904,False,2.1614330808102045,0.3393522788878952
temporal_2,race_aware,COMPAS tool,break_even,African-American vs Caucasian,fpr,0.2523364485981308,race,True,0.4180327868852459,False,0.420038535645472,0.2234513274336283,519,452,0.1965872082118437,0.1393350638139517,0.2538393526097358,6.50576882514281,7.729701886580012e-11,3.0918807546320046e-10,True,,
temporal_2,race_aware,COMPAS tool,break_even,African-American vs Caucasian,fnr,0.2523364485981308,race,True,0.4180327868852459,False,0.3518518518518518,0.5088757396449705,324,169,-0.1570238877931186,-0.2485919364537885,-0.0654558391324486,-3.3702043514466964,0.0007511245885141,0.0030044983540566,True,,
temporal_2,race_aware,COMPAS tool,break_even,African-American vs Caucasian,equalized_odds,0.2523364485981308,race,True,0.4180327868852459,False,,,843,621,,,,,1.522283631669097e-12,6.089134526676387e-12,True,54.42161903854401,1.522283631669097e-12
temporal_2,race_aware,COMPAS tool,break_even,Hispanic vs Caucasian,fpr,0.2523364485981308,race,False,0.2887417218543046,False,0.202020202020202,0.2234513274336283,99,452,-0.0214311254134262,-0.1093516163085475,0.0664893654816949,-0.4665311847148267,0.6408353312616617,0.6408353312616617,False,,
temporal_2,race_aware,COMPAS tool,break_even,Hispanic vs Caucasian,fnr,0.2523364485981308,race,False,0.2887417218543046,False,0.6,0.5088757396449705,35,169,0.0911242603550295,-0.0878234208884083,0.2700719415984674,0.9825365579143972,0.3258355818168676,0.977506745450603,False,,
temporal_2,race_aware,COMPAS tool,break_even,Hispanic vs Caucasian,equalized_odds,0.2523364485981308,race,False,0.2887417218543046,False,,,134,621,,,,,0.5506194312168607,0.6787045577757904,False,1.193422791820797,0.5506194312168607
temporal_2,race_aware,COMPAS tool,break_even,Other vs Caucasian,fpr,0.2523364485981308,race,False,0.2827298050139276,False,0.1126760563380281,0.2234513274336283,71,452,-0.1107752710956001,-0.1937460574865307,-0.0278044847046695,-2.1363806620833294,0.0326483989676604,0.0979451969029814,False,,
temporal_2,race_aware,COMPAS tool,break_even,Other vs Caucasian,fnr,0.2523364485981308,race,False,0.2827298050139276,False,0.5769230769230769,0.5088757396449705,26,169,0.0680473372781064,-0.1362653979365417,0.2723600724927545,0.6464483838293276,0.5179890146077311,1.0,False,,
temporal_2,race_aware,COMPAS tool,break_even,Other vs Caucasian,equalized_odds,0.2523364485981308,race,False,0.2827298050139276,False,,,97,621,,,,,0.0616000943956509,0.1848002831869529,False,5.574183752093811,0.0616000943956509
temporal_2,race_aware,COMPAS tool,break_even,Female vs Male,fpr,0.2523364485981308,sex,False,0.391559202813599,False,0.2695035460992908,0.3133640552995391,282,868,-0.0438605092002483,-0.1041437811882923,0.0164227627877956,-1.392932912608021,0.1636400786285531,0.3272801572571062,False,,
temporal_2,race_aware,COMPAS tool,break_even,Female vs Male,fnr,0.2523364485981308,sex,False,0.391559202813599,False,0.4024390243902439,0.4282700421940928,82,474,-0.0258310178038488,-0.1409407704827107,0.0892787348750129,-0.4369623524872639,0.6621386511116207,1.0,False,,
temporal_2,race_aware,COMPAS tool,break_even,Female vs Male,equalized_odds,0.2523364485981308,sex,False,0.391559202813599,False,,,364,1342,,,,,0.3393522788878952,0.6787045577757904,False,2.1614330808102045,0.3393522788878952
temporal_2,race_blind,TabPFN,0.5,African-American vs Caucasian,fpr,0.5,race,True,0.174863387978142,False,0.1464354527938343,0.0730088495575221,519,452,0.0734266032363121,0.034692443120438,0.1121607633521863,3.615339343220031,0.0002999544485074,0.0008998633455224,True,,
temporal_2,race_blind,TabPFN,0.5,African-American vs Caucasian,fnr,0.5,race,True,0.174863387978142,False,0.6234567901234568,0.8520710059171598,324,169,-0.228614215793703,-0.3037705263324547,-0.1534579052549512,-5.2667879428866105,1.3883141748483733e-07,5.553256699393493e-07,True,,
temporal_2,race_blind,TabPFN,0.5,African-American vs Caucasian,equalized_odds,0.5,race,True,0.174863387978142,False,,,843,621,,,,,3.7696374994622206e-10,1.5078549997848882e-09,True,43.39774417418486,3.7696374994622206e-10
temporal_2,race_blind,TabPFN,0.5,Hispanic vs Caucasian,fpr,0.5,race,False,0.1006622516556291,False,0.0707070707070707,0.0730088495575221,99,452,-0.0023017788504514,-0.058201802345579,0.0535982446446762,-0.0799439796211988,0.9362818110628413,0.9362818110628413,False,,
temporal_2,race_blind,TabPFN,0.5,Hispanic vs Caucasian,fnr,0.5,race,False,0.1006622516556291,False,0.6857142857142857,0.8520710059171598,35,169,-0.166356720202874,-0.3292021152179119,-0.0035113251878362,-2.349778449347768,0.0187845882051283,0.056353764615385,False,,
temporal_2,race_blind,TabPFN,0.5,Hispanic vs Caucasian,equalized_odds,0.5,race,False,0.1006622516556291,False,,,134,621,,,,,0.0861082648826707,0.1722165297653415,False,4.904299760973414,0.0861082648826707
temporal_2,race_blind,TabPFN,0.5,Other vs Caucasian,fpr,0.5,race,False,0.0905292479108635,False,0.028169014084507,0.0730088495575221,71,452,-0.044839835473015,-0.0901867287406332,0.0005070577946031,-1.4056244842486367,0.1598356616228519,0.3196713232457038,False,,
temporal_2,race_blind,TabPFN,0.5,Other vs Caucasian,fnr,0.5,race,False,0.0905292479108635,False,0.8076923076923077,0.8520710059171598,26,169,-0.044378698224852,-0.2050466175242107,0.1162892210745065,-0.5838742081211423,0.5593049468922573,0.5593049468922573,False,,
temporal_2,race_blind,TabPFN,0.5,Other vs Caucasian,equalized_odds,0.5,race,False,0.0905292479108635,False,,,97,621,,,,,0.2542429232129425,0.2542429232129425,False,2.738930156823135,0.2542429232129425
temporal_2,race_blind,TabPFN,0.5,Female vs Male,fpr,0.5,sex,False,0.1647127784290738,False,0.0425531914893617,0.1221198156682027,282,868,-0.079566624178841,-0.1116518108793874,-0.0474814374782946,-3.825457813531573,0.0001305292865202,0.0005221171460809,True,,
temporal_2,race_blind,TabPFN,0.5,Female vs Male,fnr,0.5,sex,False,0.1647127784290738,False,0.7804878048780488,0.6940928270042194,82,474,0.0863949778738294,-0.0123315420498522,0.185121497797511,1.5868355197842534,0.1125499018153371,0.2250998036306743,False,,
temporal_2,race_blind,TabPFN,0.5,Female vs Male,equalized_odds,0.5,sex,False,0.1647127784290738,False,,,364,1342,,,,,4.770679852475067e-05,0.0001431203955742,True,19.90087328700323,4.770679852475067e-05
temporal_2,race_blind,TabPFN,break_even,African-American vs Caucasian,fpr,0.2523364485981308,race,True,0.5532786885245902,False,0.5549132947976878,0.3561946902654867,519,452,0.198718604532201,0.1372609773610995,0.2601762317033026,6.195018648265969,5.827812984316997e-10,1.7483438952950992e-09,True,,
temporal_2,race_blind,TabPFN,break_even,African-American vs Caucasian,fnr,0.2523364485981308,race,True,0.5532786885245902,False,0.2067901234567901,0.3846153846153846,324,169,-0.1778252611585945,-0.2634101884083394,-0.0922403339088496,-4.232453600023969,2.311556125196799e-05,9.246224500787197e-05,True,,
temporal_2,race_blind,TabPFN,break_even,African-American vs Caucasian,equalized_odds,0.2523364485981308,race,True,0.5532786885245902,False,,,843,621,,,,,6.56210346219885e-13,2.62484138487954e-12,True,56.1045900152766,6.56210346219885e-13
temporal_2,race_blind,TabPFN,break_even,Hispanic vs Caucasian,fpr,0.2523364485981308,race,False,0.4225165562913907,False,0.2929292929292929,0.3561946902654867,99,452,-0.0632653973361938,-0.1631944222880352,0.0366636276156476,-1.1994950294749986,0.2303355163351691,0.2882233358815024,False,,
temporal_2,race_blind,TabPFN,break_even,Hispanic vs Caucasian,fnr,0.2523364485981308,race,False,0.4225165562913907,False,0.2857142857142857,0.3846153846153846,35,169,-0.0989010989010989,-0.2655719807258218,0.0677697829236239,-1.10450602298823,0.2693736923032819,0.2693736923032819,False,,
temporal_2,race_blind,TabPFN,break_even,Hispanic vs Caucasian,equalized_odds,0.2523364485981308,race,False,0.4225165562913907,False,,,134,621,,,,,0.2558535810008682,0.2558535810008682,False,2.726299894686557,0.2558535810008682
temporal_2,race_blind,TabPFN,break_even,Other vs Caucasian,fpr,0.2523364485981308,race,False,0.4233983286908078,False,0.2676056338028169,0.3561946902654867,71,452,-0.0885890564626698,-0.2006298966689075,0.0234517837435678,-1.4606494509322314,0.1441116679407512,0.2882233358815024,False,,
temporal_2,race_blind,TabPFN,break_even,Other vs Caucasian,fnr,0.2523364485981308,race,False,0.4233983286908078,False,0.2307692307692307,0.3846153846153846,26,169,-0.1538461538461538,-0.3316312363212737,0.023938928628966,-1.5177280421121964,0.1290829717621323,0.2581659435242646,False,,
temporal_2,race_blind,TabPFN,break_even,Other vs Caucasian,equalized_odds,0.2523364485981308,race,False,0.4233983286908078,False,,,97,621,,,,,0.0974647857239225,0.1949295714478451,False,4.656528276558013,0.0974647857239225
temporal_2,race_blind,TabPFN,break_even,Female vs Male,fpr,0.2523364485981308,sex,False,0.5316529894490035,False,0.2695035460992908,0.4873271889400922,282,868,-0.2178236428408014,-0.2793664772432433,-0.1562808084383595,-6.412060134351128,1.4356618161847975e-10,5.74264726473919e-10,True,,
temporal_2,race_blind,TabPFN,break_even,Female vs Male,fnr,0.2523364485981308,sex,False,0.5316529894490035,False,0.3902439024390244,0.2447257383966244,82,474,0.1455181640423999,0.0330664277667934,0.2579699003180064,2.7528957182729643,0.005907070888362,0.017721212665086,True,,
temporal_2,race_blind,TabPFN,break_even,Female vs Male,equalized_odds,0.2523364485981308,sex,False,0.5316529894490035,False,,,364,1342,,,,,1.560289039151203e-11,4.6808671174536085e-11,True,49.767129874656746,1.560289039151203e-11
temporal_2,race_blind,COMPAS tool,0.5,African-American vs Caucasian,fpr,0.5,race,True,0.4180327868852459,False,0.420038535645472,0.2234513274336283,519,452,0.1965872082118437,0.1393350638139517,0.2538393526097358,6.50576882514281,7.729701886580012e-11,3.0918807546320046e-10,True,,
temporal_2,race_blind,COMPAS tool,0.5,African-American vs Caucasian,fnr,0.5,race,True,0.4180327868852459,False,0.3518518518518518,0.5088757396449705,324,169,-0.1570238877931186,-0.2485919364537885,-0.0654558391324486,-3.3702043514466964,0.0007511245885141,0.0030044983540566,True,,
temporal_2,race_blind,COMPAS tool,0.5,African-American vs Caucasian,equalized_odds,0.5,race,True,0.4180327868852459,False,,,843,621,,,,,1.522283631669097e-12,6.089134526676387e-12,True,54.42161903854401,1.522283631669097e-12
temporal_2,race_blind,COMPAS tool,0.5,Hispanic vs Caucasian,fpr,0.5,race,False,0.2887417218543046,False,0.202020202020202,0.2234513274336283,99,452,-0.0214311254134262,-0.1093516163085475,0.0664893654816949,-0.4665311847148267,0.6408353312616617,0.6408353312616617,False,,
temporal_2,race_blind,COMPAS tool,0.5,Hispanic vs Caucasian,fnr,0.5,race,False,0.2887417218543046,False,0.6,0.5088757396449705,35,169,0.0911242603550295,-0.0878234208884083,0.2700719415984674,0.9825365579143972,0.3258355818168676,0.977506745450603,False,,
temporal_2,race_blind,COMPAS tool,0.5,Hispanic vs Caucasian,equalized_odds,0.5,race,False,0.2887417218543046,False,,,134,621,,,,,0.5506194312168607,0.6787045577757904,False,1.193422791820797,0.5506194312168607
temporal_2,race_blind,COMPAS tool,0.5,Other vs Caucasian,fpr,0.5,race,False,0.2827298050139276,False,0.1126760563380281,0.2234513274336283,71,452,-0.1107752710956001,-0.1937460574865307,-0.0278044847046695,-2.1363806620833294,0.0326483989676604,0.0979451969029814,False,,
temporal_2,race_blind,COMPAS tool,0.5,Other vs Caucasian,fnr,0.5,race,False,0.2827298050139276,False,0.5769230769230769,0.5088757396449705,26,169,0.0680473372781064,-0.1362653979365417,0.2723600724927545,0.6464483838293276,0.5179890146077311,1.0,False,,
temporal_2,race_blind,COMPAS tool,0.5,Other vs Caucasian,equalized_odds,0.5,race,False,0.2827298050139276,False,,,97,621,,,,,0.0616000943956509,0.1848002831869529,False,5.574183752093811,0.0616000943956509
temporal_2,race_blind,COMPAS tool,0.5,Female vs Male,fpr,0.5,sex,False,0.391559202813599,False,0.2695035460992908,0.3133640552995391,282,868,-0.0438605092002483,-0.1041437811882923,0.0164227627877956,-1.392932912608021,0.1636400786285531,0.3272801572571062,False,,
temporal_2,race_blind,COMPAS tool,0.5,Female vs Male,fnr,0.5,sex,False,0.391559202813599,False,0.4024390243902439,0.4282700421940928,82,474,-0.0258310178038488,-0.1409407704827107,0.0892787348750129,-0.4369623524872639,0.6621386511116207,1.0,False,,
temporal_2,race_blind,COMPAS tool,0.5,Female vs Male,equalized_odds,0.5,sex,False,0.391559202813599,False,,,364,1342,,,,,0.3393522788878952,0.6787045577757904,False,2.1614330808102045,0.3393522788878952
temporal_2,race_blind,COMPAS tool,break_even,African-American vs Caucasian,fpr,0.2523364485981308,race,True,0.4180327868852459,False,0.420038535645472,0.2234513274336283,519,452,0.1965872082118437,0.1393350638139517,0.2538393526097358,6.50576882514281,7.729701886580012e-11,3.0918807546320046e-10,True,,
temporal_2,race_blind,COMPAS tool,break_even,African-American vs Caucasian,fnr,0.2523364485981308,race,True,0.4180327868852459,False,0.3518518518518518,0.5088757396449705,324,169,-0.1570238877931186,-0.2485919364537885,-0.0654558391324486,-3.3702043514466964,0.0007511245885141,0.0030044983540566,True,,
temporal_2,race_blind,COMPAS tool,break_even,African-American vs Caucasian,equalized_odds,0.2523364485981308,race,True,0.4180327868852459,False,,,843,621,,,,,1.522283631669097e-12,6.089134526676387e-12,True,54.42161903854401,1.522283631669097e-12
temporal_2,race_blind,COMPAS tool,break_even,Hispanic vs Caucasian,fpr,0.2523364485981308,race,False,0.2887417218543046,False,0.202020202020202,0.2234513274336283,99,452,-0.0214311254134262,-0.1093516163085475,0.0664893654816949,-0.4665311847148267,0.6408353312616617,0.6408353312616617,False,,
temporal_2,race_blind,COMPAS tool,break_even,Hispanic vs Caucasian,fnr,0.2523364485981308,race,False,0.2887417218543046,False,0.6,0.5088757396449705,35,169,0.0911242603550295,-0.0878234208884083,0.2700719415984674,0.9825365579143972,0.3258355818168676,0.977506745450603,False,,
temporal_2,race_blind,COMPAS tool,break_even,Hispanic vs Caucasian,equalized_odds,0.2523364485981308,race,False,0.2887417218543046,False,,,134,621,,,,,0.5506194312168607,0.6787045577757904,False,1.193422791820797,0.5506194312168607
temporal_2,race_blind,COMPAS tool,break_even,Other vs Caucasian,fpr,0.2523364485981308,race,False,0.2827298050139276,False,0.1126760563380281,0.2234513274336283,71,452,-0.1107752710956001,-0.1937460574865307,-0.0278044847046695,-2.1363806620833294,0.0326483989676604,0.0979451969029814,False,,
temporal_2,race_blind,COMPAS tool,break_even,Other vs Caucasian,fnr,0.2523364485981308,race,False,0.2827298050139276,False,0.5769230769230769,0.5088757396449705,26,169,0.0680473372781064,-0.1362653979365417,0.2723600724927545,0.6464483838293276,0.5179890146077311,1.0,False,,
temporal_2,race_blind,COMPAS tool,break_even,Other vs Caucasian,equalized_odds,0.2523364485981308,race,False,0.2827298050139276,False,,,97,621,,,,,0.0616000943956509,0.1848002831869529,False,5.574183752093811,0.0616000943956509
temporal_2,race_blind,COMPAS tool,break_even,Female vs Male,fpr,0.2523364485981308,sex,False,0.391559202813599,False,0.2695035460992908,0.3133640552995391,282,868,-0.0438605092002483,-0.1041437811882923,0.0164227627877956,-1.392932912608021,0.1636400786285531,0.3272801572571062,False,,
temporal_2,race_blind,COMPAS tool,break_even,Female vs Male,fnr,0.2523364485981308,sex,False,0.391559202813599,False,0.4024390243902439,0.4282700421940928,82,474,-0.0258310178038488,-0.1409407704827107,0.0892787348750129,-0.4369623524872639,0.6621386511116207,1.0,False,,
temporal_2,race_blind,COMPAS tool,break_even,Female vs Male,equalized_odds,0.2523364485981308,sex,False,0.391559202813599,False,,,364,1342,,,,,0.3393522788878952,0.6787045577757904,False,2.1614330808102045,0.3393522788878952
temporal_2,race_priors_blind,TabPFN,0.5,African-American vs Caucasian,fpr,0.5,race,True,0.0,True,0.0,0.0,519,452,0.0,,,,1.0,1.0,False,,
temporal_2,race_priors_blind,TabPFN,0.5,African-American vs Caucasian,fnr,0.5,race,True,0.0,True,1.0,1.0,324,169,0.0,,,,1.0,1.0,False,,
temporal_2,race_priors_blind,TabPFN,0.5,African-American vs Caucasian,equalized_odds,0.5,race,True,0.0,True,,,843,621,,,,,1.0,1.0,False,0.0,1.0
temporal_2,race_priors_blind,TabPFN,0.5,Hispanic vs Caucasian,fpr,0.5,race,False,0.0,True,0.0,0.0,99,452,0.0,,,,1.0,1.0,False,,
temporal_2,race_priors_blind,TabPFN,0.5,Hispanic vs Caucasian,fnr,0.5,race,False,0.0,True,1.0,1.0,35,169,0.0,,,,1.0,1.0,False,,
temporal_2,race_priors_blind,TabPFN,0.5,Hispanic vs Caucasian,equalized_odds,0.5,race,False,0.0,True,,,134,621,,,,,1.0,1.0,False,0.0,1.0
temporal_2,race_priors_blind,TabPFN,0.5,Other vs Caucasian,fpr,0.5,race,False,0.0,True,0.0,0.0,71,452,0.0,,,,1.0,1.0,False,,
temporal_2,race_priors_blind,TabPFN,0.5,Other vs Caucasian,fnr,0.5,race,False,0.0,True,1.0,1.0,26,169,0.0,,,,1.0,1.0,False,,
temporal_2,race_priors_blind,TabPFN,0.5,Other vs Caucasian,equalized_odds,0.5,race,False,0.0,True,,,97,621,,,,,1.0,1.0,False,0.0,1.0
temporal_2,race_priors_blind,TabPFN,0.5,Female vs Male,fpr,0.5,sex,False,0.0,True,0.0,0.0,282,868,0.0,,,,1.0,1.0,False,,
temporal_2,race_priors_blind,TabPFN,0.5,Female vs Male,fnr,0.5,sex,False,0.0,True,1.0,1.0,82,474,0.0,,,,1.0,1.0,False,,
temporal_2,race_priors_blind,TabPFN,0.5,Female vs Male,equalized_odds,0.5,sex,False,0.0,True,,,364,1342,,,,,1.0,1.0,False,0.0,1.0
temporal_2,race_priors_blind,TabPFN,break_even,African-American vs Caucasian,fpr,0.2523364485981308,race,True,0.7213114754098361,False,0.7341040462427746,0.5929203539823009,519,452,0.1411836922604736,0.0820559613069275,0.2003114232140198,4.661189532376253,3.1438703937328526e-06,9.431611181198558e-06,True,,
temporal_2,race_priors_blind,TabPFN,break_even,African-American vs Caucasian,fnr,0.2523364485981308,race,True,0.7213114754098361,False,0.132716049382716,0.2544378698224852,324,169,-0.1217218204397691,-0.1970654296965794,-0.0463782111829589,-3.380347326139401,0.0007239428247617,0.0021718284742852,True,,
temporal_2,race_priors_blind,TabPFN,break_even,African-American vs Caucasian,equalized_odds,0.2523364485981308,race,True,0.7213114754098361,False,,,843,621,,,,,7.849984952823464e-08,2.3549954858470394e-07,True,32.72033825799532,7.849984952823464e-08
temporal_2,race_priors_blind,TabPFN,break_even,Hispanic vs Caucasian,fpr,0.2523364485981308,race,False,0.6423841059602649,False,0.6565656565656566,0.5929203539823009,99,452,0.0636453025833556,-0.040281657609871,0.1675722627765823,1.1729475869197314,0.2408168247835612,0.3659111995656852,False,,
temporal_2,race_priors_blind,TabPFN,break_even,Hispanic vs Caucasian,fnr,0.2523364485981308,race,False,0.6423841059602649,False,0.2571428571428571,0.2544378698224852,35,169,0.0027049873203718,-0.1562842982048374,0.1616942728455812,0.0334221378474089,0.9733379560733852,0.9871255794067786,False,,
temporal_2,race_priors_blind,TabPFN,break_even,Hispanic vs Caucasian,equalized_odds,0.2523364485981308,race,False,0.6423841059602649,False,,,134,621,,,,,0.4975920213752064,0.6323664207335769,False,1.395949543799061,0.4975920213752064
temporal_2,race_priors_blind,TabPFN,break_even,Other vs Caucasian,fpr,0.2523364485981308,race,False,0.6448467966573816,False,0.676056338028169,0.5929203539823009,71,452,0.083135984045868,-0.0347646205211612,0.2010365886128974,1.3317097023742004,0.1829555997828426,0.3659111995656852,False,,
temporal_2,race_priors_blind,TabPFN,break_even,Other vs Caucasian,fnr,0.2523364485981308,race,False,0.6448467966573816,False,0.1923076923076923,0.2544378698224852,26,169,-0.0621301775147929,-0.2272393890744272,0.1029790340448414,-0.6846531968814576,0.4935627897033893,0.9871255794067786,False,,
temporal_2,race_priors_blind,TabPFN,break_even,Other vs Caucasian,equalized_odds,0.2523364485981308,race,False,0.6448467966573816,False,,,97,621,,,,,0.3161832103667884,0.6323664207335769,False,2.302866907521541,0.3161832103667884
temporal_2,race_priors_blind,TabPFN,break_even,Female vs Male,fpr,0.2523364485981308,sex,False,0.7174677608440797,False,0.4397163120567376,0.7419354838709677,282,868,-0.3022191718142301,-0.3670528790379429,-0.2373854645905173,-9.361448588652628,7.865086396502978e-21,3.1460345586011913e-20,True,,
temporal_2,race_priors_blind,TabPFN,break_even,Female vs Male,fnr,0.2523364485981308,sex,False,0.7174677608440797,False,0.4146341463414634,0.1392405063291139,82,474,0.2753936400123494,0.1643004300071799,0.386486850017519,5.995217974866229,2.0321267945229033e-09,8.128507178091615e-09,True,,
temporal_2,race_priors_blind,TabPFN,break_even,Female vs Male,equalized_odds,0.2523364485981308,sex,False,0.7174677608440797,False,,,364,1342,,,,,1.6875511607880874e-25,6.7502046431523505e-25,True,114.0826977280842,1.6875511607880874e-25
temporal_2,race_priors_blind,COMPAS tool,0.5,African-American vs Caucasian,fpr,0.5,race,True,0.4180327868852459,False,0.420038535645472,0.2234513274336283,519,452,0.1965872082118437,0.1393350638139517,0.2538393526097358,6.50576882514281,7.729701886580012e-11,3.0918807546320046e-10,True,,
temporal_2,race_priors_blind,COMPAS tool,0.5,African-American vs Caucasian,fnr,0.5,race,True,0.4180327868852459,False,0.3518518518518518,0.5088757396449705,324,169,-0.1570238877931186,-0.2485919364537885,-0.0654558391324486,-3.3702043514466964,0.0007511245885141,0.0030044983540566,True,,
temporal_2,race_priors_blind,COMPAS tool,0.5,African-American vs Caucasian,equalized_odds,0.5,race,True,0.4180327868852459,False,,,843,621,,,,,1.522283631669097e-12,6.089134526676387e-12,True,54.42161903854401,1.522283631669097e-12
temporal_2,race_priors_blind,COMPAS tool,0.5,Hispanic vs Caucasian,fpr,0.5,race,False,0.2887417218543046,False,0.202020202020202,0.2234513274336283,99,452,-0.0214311254134262,-0.1093516163085475,0.0664893654816949,-0.4665311847148267,0.6408353312616617,0.6408353312616617,False,,
temporal_2,race_priors_blind,COMPAS tool,0.5,Hispanic vs Caucasian,fnr,0.5,race,False,0.2887417218543046,False,0.6,0.5088757396449705,35,169,0.0911242603550295,-0.0878234208884083,0.2700719415984674,0.9825365579143972,0.3258355818168676,0.977506745450603,False,,
temporal_2,race_priors_blind,COMPAS tool,0.5,Hispanic vs Caucasian,equalized_odds,0.5,race,False,0.2887417218543046,False,,,134,621,,,,,0.5506194312168607,0.6787045577757904,False,1.193422791820797,0.5506194312168607
temporal_2,race_priors_blind,COMPAS tool,0.5,Other vs Caucasian,fpr,0.5,race,False,0.2827298050139276,False,0.1126760563380281,0.2234513274336283,71,452,-0.1107752710956001,-0.1937460574865307,-0.0278044847046695,-2.1363806620833294,0.0326483989676604,0.0979451969029814,False,,
temporal_2,race_priors_blind,COMPAS tool,0.5,Other vs Caucasian,fnr,0.5,race,False,0.2827298050139276,False,0.5769230769230769,0.5088757396449705,26,169,0.0680473372781064,-0.1362653979365417,0.2723600724927545,0.6464483838293276,0.5179890146077311,1.0,False,,
temporal_2,race_priors_blind,COMPAS tool,0.5,Other vs Caucasian,equalized_odds,0.5,race,False,0.2827298050139276,False,,,97,621,,,,,0.0616000943956509,0.1848002831869529,False,5.574183752093811,0.0616000943956509
temporal_2,race_priors_blind,COMPAS tool,0.5,Female vs Male,fpr,0.5,sex,False,0.391559202813599,False,0.2695035460992908,0.3133640552995391,282,868,-0.0438605092002483,-0.1041437811882923,0.0164227627877956,-1.392932912608021,0.1636400786285531,0.3272801572571062,False,,
temporal_2,race_priors_blind,COMPAS tool,0.5,Female vs Male,fnr,0.5,sex,False,0.391559202813599,False,0.4024390243902439,0.4282700421940928,82,474,-0.0258310178038488,-0.1409407704827107,0.0892787348750129,-0.4369623524872639,0.6621386511116207,1.0,False,,
temporal_2,race_priors_blind,COMPAS tool,0.5,Female vs Male,equalized_odds,0.5,sex,False,0.391559202813599,False,,,364,1342,,,,,0.3393522788878952,0.6787045577757904,False,2.1614330808102045,0.3393522788878952
temporal_2,race_priors_blind,COMPAS tool,break_even,African-American vs Caucasian,fpr,0.2523364485981308,race,True,0.4180327868852459,False,0.420038535645472,0.2234513274336283,519,452,0.1965872082118437,0.1393350638139517,0.2538393526097358,6.50576882514281,7.729701886580012e-11,3.0918807546320046e-10,True,,
temporal_2,race_priors_blind,COMPAS tool,break_even,African-American vs Caucasian,fnr,0.2523364485981308,race,True,0.4180327868852459,False,0.3518518518518518,0.5088757396449705,324,169,-0.1570238877931186,-0.2485919364537885,-0.0654558391324486,-3.3702043514466964,0.0007511245885141,0.0030044983540566,True,,
temporal_2,race_priors_blind,COMPAS tool,break_even,African-American vs Caucasian,equalized_odds,0.2523364485981308,race,True,0.4180327868852459,False,,,843,621,,,,,1.522283631669097e-12,6.089134526676387e-12,True,54.42161903854401,1.522283631669097e-12
temporal_2,race_priors_blind,COMPAS tool,break_even,Hispanic vs Caucasian,fpr,0.2523364485981308,race,False,0.2887417218543046,False,0.202020202020202,0.2234513274336283,99,452,-0.0214311254134262,-0.1093516163085475,0.0664893654816949,-0.4665311847148267,0.6408353312616617,0.6408353312616617,False,,
temporal_2,race_priors_blind,COMPAS tool,break_even,Hispanic vs Caucasian,fnr,0.2523364485981308,race,False,0.2887417218543046,False,0.6,0.5088757396449705,35,169,0.0911242603550295,-0.0878234208884083,0.2700719415984674,0.9825365579143972,0.3258355818168676,0.977506745450603,False,,
temporal_2,race_priors_blind,COMPAS tool,break_even,Hispanic vs Caucasian,equalized_odds,0.2523364485981308,race,False,0.2887417218543046,False,,,134,621,,,,,0.5506194312168607,0.6787045577757904,False,1.193422791820797,0.5506194312168607
temporal_2,race_priors_blind,COMPAS tool,break_even,Other vs Caucasian,fpr,0.2523364485981308,race,False,0.2827298050139276,False,0.1126760563380281,0.2234513274336283,71,452,-0.1107752710956001,-0.1937460574865307,-0.0278044847046695,-2.1363806620833294,0.0326483989676604,0.0979451969029814,False,,
temporal_2,race_priors_blind,COMPAS tool,break_even,Other vs Caucasian,fnr,0.2523364485981308,race,False,0.2827298050139276,False,0.5769230769230769,0.5088757396449705,26,169,0.0680473372781064,-0.1362653979365417,0.2723600724927545,0.6464483838293276,0.5179890146077311,1.0,False,,
temporal_2,race_priors_blind,COMPAS tool,break_even,Other vs Caucasian,equalized_odds,0.2523364485981308,race,False,0.2827298050139276,False,,,97,621,,,,,0.0616000943956509,0.1848002831869529,False,5.574183752093811,0.0616000943956509
temporal_2,race_priors_blind,COMPAS tool,break_even,Female vs Male,fpr,0.2523364485981308,sex,False,0.391559202813599,False,0.2695035460992908,0.3133640552995391,282,868,-0.0438605092002483,-0.1041437811882923,0.0164227627877956,-1.392932912608021,0.1636400786285531,0.3272801572571062,False,,
temporal_2,race_priors_blind,COMPAS tool,break_even,Female vs Male,fnr,0.2523364485981308,sex,False,0.391559202813599,False,0.4024390243902439,0.4282700421940928,82,474,-0.0258310178038488,-0.1409407704827107,0.0892787348750129,-0.4369623524872639,0.6621386511116207,1.0,False,,
temporal_2,race_priors_blind,COMPAS tool,break_even,Female vs Male,equalized_odds,0.2523364485981308,sex,False,0.391559202813599,False,,,364,1342,,,,,0.3393522788878952,0.6787045577757904,False,2.1614330808102045,0.3393522788878952
temporal_2,race_proxy_blind,TabPFN,0.5,African-American vs Caucasian,fpr,0.5,race,True,0.0,True,0.0,0.0,519,452,0.0,,,,1.0,1.0,False,,
temporal_2,race_proxy_blind,TabPFN,0.5,African-American vs Caucasian,fnr,0.5,race,True,0.0,True,1.0,1.0,324,169,0.0,,,,1.0,1.0,False,,
temporal_2,race_proxy_blind,TabPFN,0.5,African-American vs Caucasian,equalized_odds,0.5,race,True,0.0,True,,,843,621,,,,,1.0,1.0,False,0.0,1.0
temporal_2,race_proxy_blind,TabPFN,0.5,Hispanic vs Caucasian,fpr,0.5,race,False,0.0,True,0.0,0.0,99,452,0.0,,,,1.0,1.0,False,,
temporal_2,race_proxy_blind,TabPFN,0.5,Hispanic vs Caucasian,fnr,0.5,race,False,0.0,True,1.0,1.0,35,169,0.0,,,,1.0,1.0,False,,
temporal_2,race_proxy_blind,TabPFN,0.5,Hispanic vs Caucasian,equalized_odds,0.5,race,False,0.0,True,,,134,621,,,,,1.0,1.0,False,0.0,1.0
temporal_2,race_proxy_blind,TabPFN,0.5,Other vs Caucasian,fpr,0.5,race,False,0.0,True,0.0,0.0,71,452,0.0,,,,1.0,1.0,False,,
temporal_2,race_proxy_blind,TabPFN,0.5,Other vs Caucasian,fnr,0.5,race,False,0.0,True,1.0,1.0,26,169,0.0,,,,1.0,1.0,False,,
temporal_2,race_proxy_blind,TabPFN,0.5,Other vs Caucasian,equalized_odds,0.5,race,False,0.0,True,,,97,621,,,,,1.0,1.0,False,0.0,1.0
temporal_2,race_proxy_blind,TabPFN,0.5,Female vs Male,fpr,0.5,sex,False,0.0,True,0.0,0.0,282,868,0.0,,,,1.0,1.0,False,,
temporal_2,race_proxy_blind,TabPFN,0.5,Female vs Male,fnr,0.5,sex,False,0.0,True,1.0,1.0,82,474,0.0,,,,1.0,1.0,False,,
temporal_2,race_proxy_blind,TabPFN,0.5,Female vs Male,equalized_odds,0.5,sex,False,0.0,True,,,364,1342,,,,,1.0,1.0,False,0.0,1.0
temporal_2,race_proxy_blind,TabPFN,break_even,African-American vs Caucasian,fpr,0.2523364485981308,race,True,0.7868852459016393,False,0.7533718689788054,0.7522123893805309,519,452,0.0011594795982744,-0.0532402445423806,0.0555592037389295,0.0417793148240824,0.9666746249917848,1.0,False,,
temporal_2,race_proxy_blind,TabPFN,break_even,African-American vs Caucasian,fnr,0.2523364485981308,race,True,0.7868852459016393,False,0.1296296296296296,0.1775147928994082,324,169,-0.0478851632697786,-0.1161232323998265,0.0203529058602692,-1.429002516028711,0.15300351028118,0.45901053084354,False,,
temporal_2,race_proxy_blind,TabPFN,break_even,African-American vs Caucasian,equalized_odds,0.2523364485981308,race,True,0.7868852459016393,False,,,843,621,,,,,0.3688201561973352,1.0,False,1.9948922706593089,0.3688201561973352
temporal_2,race_proxy_blind,TabPFN,break_even,Hispanic vs Caucasian,fpr,0.2523364485981308,race,False,0.7735099337748345,False,0.7777777777777778,0.7522123893805309,99,452,0.0255653883972468,-0.0654879326827111,0.1166187094772049,0.5370250973519183,0.5912502781493256,1.0,False,,
temporal_2,race_proxy_blind,TabPFN,break_even,Hispanic vs Caucasian,fnr,0.2523364485981308,race,False,0.7735099337748345,False,0.2,0.1775147928994082,35,169,0.0224852071005917,-0.1220128418561091,0.1669832560572926,0.3142174158244397,0.7533559161589527,0.7533559161589527,False,,
temporal_2,race_proxy_blind,TabPFN,break_even,Hispanic vs Caucasian,equalized_odds,0.2523364485981308,race,False,0.7735099337748345,False,,,134,621,,,,,0.8229197819404308,1.0,False,0.3897931067176985,0.8229197819404308
temporal_2,race_proxy_blind,TabPFN,break_even,Other vs Caucasian,fpr,0.2523364485981308,race,False,0.7743732590529248,False,0.7464788732394366,0.7522123893805309,71,452,-0.0057335161410942,-0.1144688127605708,0.1030017804783823,-0.1039207624287155,0.9172322302810048,1.0,False,,
temporal_2,race_proxy_blind,TabPFN,break_even,Other vs Caucasian,fnr,0.2523364485981308,race,False,0.7743732590529248,False,0.0769230769230769,0.1775147928994082,26,169,-0.1005917159763313,-0.2181065803263683,0.0169231483737056,-1.2892607383821713,0.1973074554597016,0.45901053084354,False,,
temporal_2,race_proxy_blind,TabPFN,break_even,Other vs Caucasian,equalized_odds,0.2523364485981308,race,False,0.7743732590529248,False,,,97,621,,,,,0.3755161896843644,1.0,False,1.9589073874048153,0.3755161896843644
temporal_2,race_proxy_blind,TabPFN,break_even,Female vs Male,fpr,0.2523364485981308,sex,False,0.7866354044548651,False,0.0,1.0,282,868,-1.0,,,,,,False,,
temporal_2,race_proxy_blind,TabPFN,break_even,Female vs Male,fnr,0.2523364485981308,sex,False,0.7866354044548651,False,1.0,0.0,82,474,1.0,,,,,,False,,
temporal_2,race_proxy_blind,TabPFN,break_even,Female vs Male,equalized_odds,0.2523364485981308,sex,False,0.7866354044548651,False,,,364,1342,,,,,0.0,0.0,True,1746.3130501506937,0.0
temporal_2,race_proxy_blind,COMPAS tool,0.5,African-American vs Caucasian,fpr,0.5,race,True,0.4180327868852459,False,0.420038535645472,0.2234513274336283,519,452,0.1965872082118437,0.1393350638139517,0.2538393526097358,6.50576882514281,7.729701886580012e-11,3.0918807546320046e-10,True,,
temporal_2,race_proxy_blind,COMPAS tool,0.5,African-American vs Caucasian,fnr,0.5,race,True,0.4180327868852459,False,0.3518518518518518,0.5088757396449705,324,169,-0.1570238877931186,-0.2485919364537885,-0.0654558391324486,-3.3702043514466964,0.0007511245885141,0.0030044983540566,True,,
temporal_2,race_proxy_blind,COMPAS tool,0.5,African-American vs Caucasian,equalized_odds,0.5,race,True,0.4180327868852459,False,,,843,621,,,,,1.522283631669097e-12,6.089134526676387e-12,True,54.42161903854401,1.522283631669097e-12
temporal_2,race_proxy_blind,COMPAS tool,0.5,Hispanic vs Caucasian,fpr,0.5,race,False,0.2887417218543046,False,0.202020202020202,0.2234513274336283,99,452,-0.0214311254134262,-0.1093516163085475,0.0664893654816949,-0.4665311847148267,0.6408353312616617,0.6408353312616617,False,,
temporal_2,race_proxy_blind,COMPAS tool,0.5,Hispanic vs Caucasian,fnr,0.5,race,False,0.2887417218543046,False,0.6,0.5088757396449705,35,169,0.0911242603550295,-0.0878234208884083,0.2700719415984674,0.9825365579143972,0.3258355818168676,0.977506745450603,False,,
temporal_2,race_proxy_blind,COMPAS tool,0.5,Hispanic vs Caucasian,equalized_odds,0.5,race,False,0.2887417218543046,False,,,134,621,,,,,0.5506194312168607,0.6787045577757904,False,1.193422791820797,0.5506194312168607
temporal_2,race_proxy_blind,COMPAS tool,0.5,Other vs Caucasian,fpr,0.5,race,False,0.2827298050139276,False,0.1126760563380281,0.2234513274336283,71,452,-0.1107752710956001,-0.1937460574865307,-0.0278044847046695,-2.1363806620833294,0.0326483989676604,0.0979451969029814,False,,
temporal_2,race_proxy_blind,COMPAS tool,0.5,Other vs Caucasian,fnr,0.5,race,False,0.2827298050139276,False,0.5769230769230769,0.5088757396449705,26,169,0.0680473372781064,-0.1362653979365417,0.2723600724927545,0.6464483838293276,0.5179890146077311,1.0,False,,
temporal_2,race_proxy_blind,COMPAS tool,0.5,Other vs Caucasian,equalized_odds,0.5,race,False,0.2827298050139276,False,,,97,621,,,,,0.0616000943956509,0.1848002831869529,False,5.574183752093811,0.0616000943956509
temporal_2,race_proxy_blind,COMPAS tool,0.5,Female vs Male,fpr,0.5,sex,False,0.391559202813599,False,0.2695035460992908,0.3133640552995391,282,868,-0.0438605092002483,-0.1041437811882923,0.0164227627877956,-1.392932912608021,0.1636400786285531,0.3272801572571062,False,,
temporal_2,race_proxy_blind,COMPAS tool,0.5,Female vs Male,fnr,0.5,sex,False,0.391559202813599,False,0.4024390243902439,0.4282700421940928,82,474,-0.0258310178038488,-0.1409407704827107,0.0892787348750129,-0.4369623524872639,0.6621386511116207,1.0,False,,
temporal_2,race_proxy_blind,COMPAS tool,0.5,Female vs Male,equalized_odds,0.5,sex,False,0.391559202813599,False,,,364,1342,,,,,0.3393522788878952,0.6787045577757904,False,2.1614330808102045,0.3393522788878952
temporal_2,race_proxy_blind,COMPAS tool,break_even,African-American vs Caucasian,fpr,0.2523364485981308,race,True,0.4180327868852459,False,0.420038535645472,0.2234513274336283,519,452,0.1965872082118437,0.1393350638139517,0.2538393526097358,6.50576882514281,7.729701886580012e-11,3.0918807546320046e-10,True,,
temporal_2,race_proxy_blind,COMPAS tool,break_even,African-American vs Caucasian,fnr,0.2523364485981308,race,True,0.4180327868852459,False,0.3518518518518518,0.5088757396449705,324,169,-0.1570238877931186,-0.2485919364537885,-0.0654558391324486,-3.3702043514466964,0.0007511245885141,0.0030044983540566,True,,
temporal_2,race_proxy_blind,COMPAS tool,break_even,African-American vs Caucasian,equalized_odds,0.2523364485981308,race,True,0.4180327868852459,False,,,843,621,,,,,1.522283631669097e-12,6.089134526676387e-12,True,54.42161903854401,1.522283631669097e-12
temporal_2,race_proxy_blind,COMPAS tool,break_even,Hispanic vs Caucasian,fpr,0.2523364485981308,race,False,0.2887417218543046,False,0.202020202020202,0.2234513274336283,99,452,-0.0214311254134262,-0.1093516163085475,0.0664893654816949,-0.4665311847148267,0.6408353312616617,0.6408353312616617,False,,
temporal_2,race_proxy_blind,COMPAS tool,break_even,Hispanic vs Caucasian,fnr,0.2523364485981308,race,False,0.2887417218543046,False,0.6,0.5088757396449705,35,169,0.0911242603550295,-0.0878234208884083,0.2700719415984674,0.9825365579143972,0.3258355818168676,0.977506745450603,False,,
temporal_2,race_proxy_blind,COMPAS tool,break_even,Hispanic vs Caucasian,equalized_odds,0.2523364485981308,race,False,0.2887417218543046,False,,,134,621,,,,,0.5506194312168607,0.6787045577757904,False,1.193422791820797,0.5506194312168607
temporal_2,race_proxy_blind,COMPAS tool,break_even,Other vs Caucasian,fpr,0.2523364485981308,race,False,0.2827298050139276,False,0.1126760563380281,0.2234513274336283,71,452,-0.1107752710956001,-0.1937460574865307,-0.0278044847046695,-2.1363806620833294,0.0326483989676604,0.0979451969029814,False,,
temporal_2,race_proxy_blind,COMPAS tool,break_even,Other vs Caucasian,fnr,0.2523364485981308,race,False,0.2827298050139276,False,0.5769230769230769,0.5088757396449705,26,169,0.0680473372781064,-0.1362653979365417,0.2723600724927545,0.6464483838293276,0.5179890146077311,1.0,False,,
temporal_2,race_proxy_blind,COMPAS tool,break_even,Other vs Caucasian,equalized_odds,0.2523364485981308,race,False,0.2827298050139276,False,,,97,621,,,,,0.0616000943956509,0.1848002831869529,False,5.574183752093811,0.0616000943956509
temporal_2,race_proxy_blind,COMPAS tool,break_even,Female vs Male,fpr,0.2523364485981308,sex,False,0.391559202813599,False,0.2695035460992908,0.3133640552995391,282,868,-0.0438605092002483,-0.1041437811882923,0.0164227627877956,-1.392932912608021,0.1636400786285531,0.3272801572571062,False,,
temporal_2,race_proxy_blind,COMPAS tool,break_even,Female vs Male,fnr,0.2523364485981308,sex,False,0.391559202813599,False,0.4024390243902439,0.4282700421940928,82,474,-0.0258310178038488,-0.1409407704827107,0.0892787348750129,-0.4369623524872639,0.6621386511116207,1.0,False,,
temporal_2,race_proxy_blind,COMPAS tool,break_even,Female vs Male,equalized_odds,0.2523364485981308,sex,False,0.391559202813599,False,,,364,1342,,,,,0.3393522788878952,0.6787045577757904,False,2.1614330808102045,0.3393522788878952
temporal_2,sex_blind,TabPFN,0.5,African-American vs Caucasian,fpr,0.5,race,True,0.180327868852459,False,0.1560693641618497,0.0597345132743362,519,452,0.0963348508875134,0.0582267024823229,0.1344429992927038,4.762430656522511,1.912749351098588e-06,7.650997404394351e-06,True,,
temporal_2,sex_blind,TabPFN,0.5,African-American vs Caucasian,fnr,0.5,race,True,0.180327868852459,False,0.595679012345679,0.8520710059171598,324,169,-0.2563919935714808,-0.3320269186739438,-0.1807570684690178,-5.809871495671634,6.252081316917642e-09,2.5008325267670573e-08,True,,
temporal_2,sex_blind,TabPFN,0.5,African-American vs Caucasian,equalized_odds,0.5,race,True,0.180327868852459,False,,,843,621,,,,,7.823429090563748e-14,3.1293716362254993e-13,True,60.35813668168793,7.823429090563748e-14
temporal_2,sex_blind,TabPFN,0.5,Hispanic vs Caucasian,fpr,0.5,race,False,0.0887417218543046,False,0.0505050505050505,0.0597345132743362,99,452,-0.0092294627692857,-0.0575833472907639,0.0391244217521923,-0.3556152430899919,0.7221287266104717,0.7221287266104717,False,,
temporal_2,sex_blind,TabPFN,0.5,Hispanic vs Caucasian,fnr,0.5,race,False,0.0887417218543046,False,0.7142857142857143,0.8520710059171598,35,169,-0.1377852916314454,-0.2967326690145557,0.0211620857516648,-1.9679675973837445,0.0490717660675114,0.1472152982025344,False,,
temporal_2,sex_blind,TabPFN,0.5,Hispanic vs Caucasian,equalized_odds,0.5,race,False,0.0887417218543046,False,,,134,621,,,,,0.1645562993768421,0.1645562993768421,False,3.609005043754796,0.1645562993768421
temporal_2,sex_blind,TabPFN,0.5,Other vs Caucasian,fpr,0.5,race,False,0.0793871866295264,False,0.0,0.0597345132743362,71,452,-0.0597345132743362,-0.0815827697793516,-0.0378862567693209,-2.1147149971056924,0.0344542453837174,0.0689084907674348,False,,
temporal_2,sex_blind,TabPFN,0.5,Other vs Caucasian,fnr,0.5,race,False,0.0793871866295264,False,0.8076923076923077,0.8520710059171598,26,169,-0.044378698224852,-0.2050466175242107,0.1162892210745065,-0.5838742081211423,0.5593049468922573,1.0,False,,
temporal_2,sex_blind,TabPFN,0.5,Other vs Caucasian,equalized_odds,0.5,race,False,0.0793871866295264,False,,,97,621,,,,,0.0147757856913687,0.0295515713827374,True,8.429531080046067,0.0147757856913687
temporal_2,sex_blind,TabPFN,0.5,Female vs Male,fpr,0.5,sex,False,0.1664712778429073,False,0.0496453900709219,0.1140552995391705,282,868,-0.0644099094682485,-0.0974235681796611,-0.0313962507568359,-3.156875289763747,0.0015946953265774,0.0047840859797324,True,,
temporal_2,sex_blind,TabPFN,0.5,Female vs Male,fnr,0.5,sex,False,0.1664712778429073,False,0.7073170731707317,0.689873417721519,82,474,0.0174436554492126,-0.0894776689286564,0.1243649798270818,0.3160403780846938,0.7519718603160854,1.0,False,,
temporal_2,sex_blind,TabPFN,0.5,Female vs Male,equalized_odds,0.5,sex,False,0.1664712778429073,False,,,364,1342,,,,,0.0032379931193831,0.0097139793581494,True,11.465603097375668,0.0032379931193831
temporal_2,sex_blind,TabPFN,break_even,African-American vs Caucasian,fpr,0.2523364485981308,race,True,0.5846994535519126,False,0.605009633911368,0.3805309734513274,519,452,0.2244786604600405,0.1630604707708163,0.2858968501492647,6.97828286254498,2.9880958776164028e-12,1.1952383510465611e-11,True,,
temporal_2,sex_blind,TabPFN,break_even,African-American vs Caucasian,fnr,0.2523364485981308,race,True,0.5846994535519126,False,0.1882716049382716,0.3668639053254438,324,169,-0.1785923003871721,-0.2628044136769483,-0.094380187097396,-4.349593095541786,1.3639037342113286e-05,5.4556149368453144e-05,True,,
temporal_2,sex_blind,TabPFN,break_even,African-American vs Caucasian,equalized_odds,0.2523364485981308,race,True,0.5846994535519126,False,,,843,621,,,,,2.274979516988199e-15,9.099918067952796e-15,True,67.43361069213995,2.274979516988199e-15
temporal_2,sex_blind,TabPFN,break_even,Hispanic vs Caucasian,fpr,0.2523364485981308,race,False,0.4423841059602649,False,0.303030303030303,0.3805309734513274,99,452,-0.0775006704210243,-0.1784889109483189,0.0234875701062701,-1.4493713601369609,0.1472339023532927,0.2944678047065855,False,,
temporal_2,sex_blind,TabPFN,break_even,Hispanic vs Caucasian,fnr,0.2523364485981308,race,False,0.4423841059602649,False,0.2857142857142857,0.3668639053254438,35,169,-0.081149619611158,-0.2475194024112014,0.0852201631888852,-0.9143779251125564,0.3605182970862896,0.7210365941725791,False,,
temporal_2,sex_blind,TabPFN,break_even,Hispanic vs Caucasian,equalized_odds,0.2523364485981308,race,False,0.4423841059602649,False,,,134,621,,,,,0.2224026124935317,0.5157389879372068,False,3.0065319397025387,0.2224026124935317
temporal_2,sex_blind,TabPFN,break_even,Other vs Caucasian,fpr,0.2523364485981308,race,False,0.4526462395543175,False,0.352112676056338,0.3805309734513274,71,452,-0.0284182973949894,-0.1481945418628424,0.0913579470728636,-0.4594152189542865,0.6459360214166855,0.6459360214166855,False,,
temporal_2,sex_blind,TabPFN,break_even,Other vs Caucasian,fnr,0.2523364485981308,race,False,0.4526462395543175,False,0.1923076923076923,0.3668639053254438,26,169,-0.1745562130177514,-0.342570546168081,-0.0065418798674218,-1.7447783238147276,0.0810234633659042,0.2430703900977127,False,,
temporal_2,sex_blind,TabPFN,break_even,Other vs Caucasian,equalized_odds,0.2523364485981308,race,False,0.4526462395543175,False,,,97,621,,,,,0.1719129959790689,0.5157389879372068,False,3.521533534957082,0.1719129959790689
temporal_2,sex_blind,TabPFN,break_even,Female vs Male,fpr,0.2523364485981308,sex,False,0.5638921453692849,False,0.4290780141843971,0.4873271889400922,282,868,-0.058249174755695,-0.1249029828504962,0.0084046333391061,-1.702108936495382,0.0887349489976766,0.26620484699303,False,,
temporal_2,sex_blind,TabPFN,break_even,Female vs Male,fnr,0.2523364485981308,sex,False,0.5638921453692849,False,0.2682926829268293,0.2447257383966244,82,474,0.0235669445302048,-0.0798477227020559,0.1269816117624655,0.4561514800583617,0.6482810531585261,0.7210365941725791,False,,
temporal_2,sex_blind,TabPFN,break_even,Female vs Male,equalized_odds,0.2523364485981308,sex,False,0.5638921453692849,False,,,364,1342,,,,,0.211032956043692,0.5157389879372068,False,3.1114819358437864,0.211032956043692
temporal_2,sex_blind,COMPAS tool,0.5,African-American vs Caucasian,fpr,0.5,race,True,0.4180327868852459,False,0.420038535645472,0.2234513274336283,519,452,0.1965872082118437,0.1393350638139517,0.2538393526097358,6.50576882514281,7.729701886580012e-11,3.0918807546320046e-10,True,,
temporal_2,sex_blind,COMPAS tool,0.5,African-American vs Caucasian,fnr,0.5,race,True,0.4180327868852459,False,0.3518518518518518,0.5088757396449705,324,169,-0.1570238877931186,-0.2485919364537885,-0.0654558391324486,-3.3702043514466964,0.0007511245885141,0.0030044983540566,True,,
temporal_2,sex_blind,COMPAS tool,0.5,African-American vs Caucasian,equalized_odds,0.5,race,True,0.4180327868852459,False,,,843,621,,,,,1.522283631669097e-12,6.089134526676387e-12,True,54.42161903854401,1.522283631669097e-12
temporal_2,sex_blind,COMPAS tool,0.5,Hispanic vs Caucasian,fpr,0.5,race,False,0.2887417218543046,False,0.202020202020202,0.2234513274336283,99,452,-0.0214311254134262,-0.1093516163085475,0.0664893654816949,-0.4665311847148267,0.6408353312616617,0.6408353312616617,False,,
temporal_2,sex_blind,COMPAS tool,0.5,Hispanic vs Caucasian,fnr,0.5,race,False,0.2887417218543046,False,0.6,0.5088757396449705,35,169,0.0911242603550295,-0.0878234208884083,0.2700719415984674,0.9825365579143972,0.3258355818168676,0.977506745450603,False,,
temporal_2,sex_blind,COMPAS tool,0.5,Hispanic vs Caucasian,equalized_odds,0.5,race,False,0.2887417218543046,False,,,134,621,,,,,0.5506194312168607,0.6787045577757904,False,1.193422791820797,0.5506194312168607
temporal_2,sex_blind,COMPAS tool,0.5,Other vs Caucasian,fpr,0.5,race,False,0.2827298050139276,False,0.1126760563380281,0.2234513274336283,71,452,-0.1107752710956001,-0.1937460574865307,-0.0278044847046695,-2.1363806620833294,0.0326483989676604,0.0979451969029814,False,,
temporal_2,sex_blind,COMPAS tool,0.5,Other vs Caucasian,fnr,0.5,race,False,0.2827298050139276,False,0.5769230769230769,0.5088757396449705,26,169,0.0680473372781064,-0.1362653979365417,0.2723600724927545,0.6464483838293276,0.5179890146077311,1.0,False,,
temporal_2,sex_blind,COMPAS tool,0.5,Other vs Caucasian,equalized_odds,0.5,race,False,0.2827298050139276,False,,,97,621,,,,,0.0616000943956509,0.1848002831869529,False,5.574183752093811,0.0616000943956509
temporal_2,sex_blind,COMPAS tool,0.5,Female vs Male,fpr,0.5,sex,False,0.391559202813599,False,0.2695035460992908,0.3133640552995391,282,868,-0.0438605092002483,-0.1041437811882923,0.0164227627877956,-1.392932912608021,0.1636400786285531,0.3272801572571062,False,,
temporal_2,sex_blind,COMPAS tool,0.5,Female vs Male,fnr,0.5,sex,False,0.391559202813599,False,0.4024390243902439,0.4282700421940928,82,474,-0.0258310178038488,-0.1409407704827107,0.0892787348750129,-0.4369623524872639,0.6621386511116207,1.0,False,,
temporal_2,sex_blind,COMPAS tool,0.5,Female vs Male,equalized_odds,0.5,sex,False,0.391559202813599,False,,,364,1342,,,,,0.3393522788878952,0.6787045577757904,False,2.1614330808102045,0.3393522788878952
temporal_2,sex_blind,COMPAS tool,break_even,African-American vs Caucasian,fpr,0.2523364485981308,race,True,0.4180327868852459,False,0.420038535645472,0.2234513274336283,519,452,0.1965872082118437,0.1393350638139517,0.2538393526097358,6.50576882514281,7.729701886580012e-11,3.0918807546320046e-10,True,,
temporal_2,sex_blind,COMPAS tool,break_even,African-American vs Caucasian,fnr,0.2523364485981308,race,True,0.4180327868852459,False,0.3518518518518518,0.5088757396449705,324,169,-0.1570238877931186,-0.2485919364537885,-0.0654558391324486,-3.3702043514466964,0.0007511245885141,0.0030044983540566,True,,
temporal_2,sex_blind,COMPAS tool,break_even,African-American vs Caucasian,equalized_odds,0.2523364485981308,race,True,0.4180327868852459,False,,,843,621,,,,,1.522283631669097e-12,6.089134526676387e-12,True,54.42161903854401,1.522283631669097e-12
temporal_2,sex_blind,COMPAS tool,break_even,Hispanic vs Caucasian,fpr,0.2523364485981308,race,False,0.2887417218543046,False,0.202020202020202,0.2234513274336283,99,452,-0.0214311254134262,-0.1093516163085475,0.0664893654816949,-0.4665311847148267,0.6408353312616617,0.6408353312616617,False,,
temporal_2,sex_blind,COMPAS tool,break_even,Hispanic vs Caucasian,fnr,0.2523364485981308,race,False,0.2887417218543046,False,0.6,0.5088757396449705,35,169,0.0911242603550295,-0.0878234208884083,0.2700719415984674,0.9825365579143972,0.3258355818168676,0.977506745450603,False,,
temporal_2,sex_blind,COMPAS tool,break_even,Hispanic vs Caucasian,equalized_odds,0.2523364485981308,race,False,0.2887417218543046,False,,,134,621,,,,,0.5506194312168607,0.6787045577757904,False,1.193422791820797,0.5506194312168607
temporal_2,sex_blind,COMPAS tool,break_even,Other vs Caucasian,fpr,0.2523364485981308,race,False,0.2827298050139276,False,0.1126760563380281,0.2234513274336283,71,452,-0.1107752710956001,-0.1937460574865307,-0.0278044847046695,-2.1363806620833294,0.0326483989676604,0.0979451969029814,False,,
temporal_2,sex_blind,COMPAS tool,break_even,Other vs Caucasian,fnr,0.2523364485981308,race,False,0.2827298050139276,False,0.5769230769230769,0.5088757396449705,26,169,0.0680473372781064,-0.1362653979365417,0.2723600724927545,0.6464483838293276,0.5179890146077311,1.0,False,,
temporal_2,sex_blind,COMPAS tool,break_even,Other vs Caucasian,equalized_odds,0.2523364485981308,race,False,0.2827298050139276,False,,,97,621,,,,,0.0616000943956509,0.1848002831869529,False,5.574183752093811,0.0616000943956509
temporal_2,sex_blind,COMPAS tool,break_even,Female vs Male,fpr,0.2523364485981308,sex,False,0.391559202813599,False,0.2695035460992908,0.3133640552995391,282,868,-0.0438605092002483,-0.1041437811882923,0.0164227627877956,-1.392932912608021,0.1636400786285531,0.3272801572571062,False,,
temporal_2,sex_blind,COMPAS tool,break_even,Female vs Male,fnr,0.2523364485981308,sex,False,0.391559202813599,False,0.4024390243902439,0.4282700421940928,82,474,-0.0258310178038488,-0.1409407704827107,0.0892787348750129,-0.4369623524872639,0.6621386511116207,1.0,False,,
temporal_2,sex_blind,COMPAS tool,break_even,Female vs Male,equalized_odds,0.2523364485981308,sex,False,0.391559202813599,False,,,364,1342,,,,,0.3393522788878952,0.6787045577757904,False,2.1614330808102045,0.3393522788878952
