run,feature_set,model,threshold_name,comparison,degenerate,fnr_gap,fpr_gap,fnr_p_holm,fpr_p_holm,fnr_rate_protected,fpr_rate_protected,fnr_rate_reference,fpr_rate_reference,equalized_odds_p_holm
X1+X2_to_X3,age_blind,COMPAS tool,0.5,African-American vs Caucasian,False,-0.2627627627627628,0.1568172442244224,1.5847951579904764e-08,0.0004329808176416,0.2372372372372372,0.4224422442244224,0.5,0.265625,9.316832955230614e-11
X1+X2_to_X3,age_blind,COMPAS tool,0.5,Female vs Male,False,-0.0471636546184738,0.0031015240685894,1.0,0.9424317521274836,0.3132530120481928,0.3178807947019867,0.3604166666666666,0.3147792706333973,0.8910685887872078
X1+X2_to_X3,age_blind,COMPAS tool,0.5,Hispanic vs Caucasian,False,0.0641025641025641,-0.0625,1.0,0.6073865813925219,0.5641025641025641,0.203125,0.5,0.265625,0.8910685887872078
X1+X2_to_X3,age_blind,COMPAS tool,0.5,Other vs Caucasian,False,0.0769230769230768,-0.1958575581395348,1.0,0.0156781578647862,0.5769230769230769,0.0697674418604651,0.5,0.265625,0.0184747920878291
X1+X2_to_X3,age_blind,COMPAS tool,break_even,African-American vs Caucasian,False,-0.2627627627627628,0.1568172442244224,1.5847951579904764e-08,0.0004329808176416,0.2372372372372372,0.4224422442244224,0.5,0.265625,9.316832955230614e-11
X1+X2_to_X3,age_blind,COMPAS tool,break_even,Female vs Male,False,-0.0471636546184738,0.0031015240685894,1.0,0.9424317521274836,0.3132530120481928,0.3178807947019867,0.3604166666666666,0.3147792706333973,0.8910685887872078
X1+X2_to_X3,age_blind,COMPAS tool,break_even,Hispanic vs Caucasian,False,0.0641025641025641,-0.0625,1.0,0.6073865813925219,0.5641025641025641,0.203125,0.5,0.265625,0.8910685887872078
X1+X2_to_X3,age_blind,COMPAS tool,break_even,Other vs Caucasian,False,0.0769230769230768,-0.1958575581395348,1.0,0.0156781578647862,0.5769230769230769,0.0697674418604651,0.5,0.265625,0.0184747920878291
X1+X2_to_X3,age_blind,TabPFN,0.5,African-American vs Caucasian,False,-0.2500366219878415,0.1689356435643564,6.271033904878024e-07,3.655047008366709e-05,0.4024024024024024,0.3564356435643564,0.6524390243902439,0.1875,1.5470624591826454e-10
X1+X2_to_X3,age_blind,TabPFN,0.5,Female vs Male,False,0.2483433734939758,-0.0946091952561935,8.814943391035255e-05,0.0521681406299921,0.7108433734939759,0.1721854304635761,0.4625,0.2667946257197697,1.91733972479608e-05
X1+X2_to_X3,age_blind,TabPFN,0.5,Hispanic vs Caucasian,False,0.0142276422764227,-0.09375,0.8665677389415197,0.1150709034332418,0.6666666666666666,0.09375,0.6524390243902439,0.1875,0.1637174854709294
X1+X2_to_X3,age_blind,TabPFN,0.5,Other vs Caucasian,False,-0.1524390243902439,-0.1177325581395348,0.2687504331578944,0.1150709034332418,0.5,0.0697674418604651,0.6524390243902439,0.1875,0.0778335547897779
X1+X2_to_X3,age_blind,TabPFN,break_even,African-American vs Caucasian,False,-0.1314180033692228,0.2584828795379538,5.974114800808224e-08,8.732002798049052e-16,0.021021021021021,0.9537953795379538,0.1524390243902439,0.6953125,4.1581340373660207e-22
X1+X2_to_X3,age_blind,TabPFN,break_even,Female vs Male,False,0.2175953815261044,-0.2345845355976153,1.1847217246846628e-12,2.6934348012200885e-10,0.253012048192771,0.6291390728476821,0.0354166666666666,0.8637236084452975,1.6474141617334447e-16
X1+X2_to_X3,age_blind,TabPFN,break_even,Hispanic vs Caucasian,False,0.0014071294559099,0.0234375,0.982481521120997,1.0,0.1538461538461538,0.71875,0.1524390243902439,0.6953125,0.9344187945075102
X1+X2_to_X3,age_blind,TabPFN,break_even,Other vs Caucasian,False,-0.1524390243902439,-0.0441497093023255,0.0653040541166925,1.0,0.0,0.6511627906976745,0.1524390243902439,0.6953125,0.0321031969011187
X1+X2_to_X3,protected_blind,COMPAS tool,0.5,African-American vs Caucasian,False,-0.2627627627627628,0.1568172442244224,1.5847951579904764e-08,0.0004329808176416,0.2372372372372372,0.4224422442244224,0.5,0.265625,9.316832955230614e-11
X1+X2_to_X3,protected_blind,COMPAS tool,0.5,Female vs Male,False,-0.0471636546184738,0.0031015240685894,1.0,0.9424317521274836,0.3132530120481928,0.3178807947019867,0.3604166666666666,0.3147792706333973,0.8910685887872078
X1+X2_to_X3,protected_blind,COMPAS tool,0.5,Hispanic vs Caucasian,False,0.0641025641025641,-0.0625,1.0,0.6073865813925219,0.5641025641025641,0.203125,0.5,0.265625,0.8910685887872078
X1+X2_to_X3,protected_blind,COMPAS tool,0.5,Other vs Caucasian,False,0.0769230769230768,-0.1958575581395348,1.0,0.0156781578647862,0.5769230769230769,0.0697674418604651,0.5,0.265625,0.0184747920878291
X1+X2_to_X3,protected_blind,COMPAS tool,break_even,African-American vs Caucasian,False,-0.2627627627627628,0.1568172442244224,1.5847951579904764e-08,0.0004329808176416,0.2372372372372372,0.4224422442244224,0.5,0.265625,9.316832955230614e-11
X1+X2_to_X3,protected_blind,COMPAS tool,break_even,Female vs Male,False,-0.0471636546184738,0.0031015240685894,1.0,0.9424317521274836,0.3132530120481928,0.3178807947019867,0.3604166666666666,0.3147792706333973,0.8910685887872078
X1+X2_to_X3,protected_blind,COMPAS tool,break_even,Hispanic vs Caucasian,False,0.0641025641025641,-0.0625,1.0,0.6073865813925219,0.5641025641025641,0.203125,0.5,0.265625,0.8910685887872078
X1+X2_to_X3,protected_blind,COMPAS tool,break_even,Other vs Caucasian,False,0.0769230769230768,-0.1958575581395348,1.0,0.0156781578647862,0.5769230769230769,0.0697674418604651,0.5,0.265625,0.0184747920878291
X1+X2_to_X3,protected_blind,TabPFN,0.5,African-American vs Caucasian,False,-0.1778729949461657,0.0873040429042904,0.0007519630356023,0.0704593670216298,0.4684684684684684,0.2904290429042904,0.6463414634146342,0.203125,0.0001998325656221
X1+X2_to_X3,protected_blind,TabPFN,0.5,Female vs Male,False,0.1904618473895583,-0.0211895107472893,0.0039419674372787,0.5810094425993392,0.6987951807228916,0.2052980132450331,0.5083333333333333,0.2264875239923224,0.0126110644677433
X1+X2_to_X3,protected_blind,TabPFN,0.5,Hispanic vs Caucasian,False,0.0203252032520324,-0.109375,0.8109249504566289,0.1102625540308245,0.6666666666666666,0.09375,0.6463414634146342,0.203125,0.0941369137008177
X1+X2_to_X3,protected_blind,TabPFN,0.5,Other vs Caucasian,False,-0.1463414634146341,-0.1333575581395348,0.3037082315415178,0.1102625540308245,0.5,0.0697674418604651,0.6463414634146342,0.203125,0.0528039134056937
X1+X2_to_X3,protected_blind,TabPFN,break_even,African-American vs Caucasian,False,-0.0377755804585072,0.0973081683168316,0.3352147322945924,0.020425268818013,0.078078078078078,0.8316831683168316,0.1158536585365853,0.734375,0.0242251798913214
X1+X2_to_X3,protected_blind,TabPFN,break_even,Female vs Male,False,0.105722891566265,-0.0576069962247842,0.0077779973658654,0.3976829369502851,0.180722891566265,0.7350993377483444,0.075,0.7927063339731286,0.0242251798913214
X1+X2_to_X3,protected_blind,TabPFN,break_even,Hispanic vs Caucasian,False,0.0379924953095684,0.0,0.5163621732615542,1.0,0.1538461538461538,0.734375,0.1158536585365853,0.734375,0.818331794010394
X1+X2_to_X3,protected_blind,TabPFN,break_even,Other vs Caucasian,False,-0.1158536585365853,0.0330668604651163,0.2019971398775242,1.0,0.0,0.7674418604651163,0.1158536585365853,0.734375,0.0933105181137314
X1+X2_to_X3,race_aware,COMPAS tool,0.5,African-American vs Caucasian,False,-0.2627627627627628,0.1568172442244224,1.5847951579904764e-08,0.0004329808176416,0.2372372372372372,0.4224422442244224,0.5,0.265625,9.316832955230614e-11
X1+X2_to_X3,race_aware,COMPAS tool,0.5,Female vs Male,False,-0.0471636546184738,0.0031015240685894,1.0,0.9424317521274836,0.3132530120481928,0.3178807947019867,0.3604166666666666,0.3147792706333973,0.8910685887872078
X1+X2_to_X3,race_aware,COMPAS tool,0.5,Hispanic vs Caucasian,False,0.0641025641025641,-0.0625,1.0,0.6073865813925219,0.5641025641025641,0.203125,0.5,0.265625,0.8910685887872078
X1+X2_to_X3,race_aware,COMPAS tool,0.5,Other vs Caucasian,False,0.0769230769230768,-0.1958575581395348,1.0,0.0156781578647862,0.5769230769230769,0.0697674418604651,0.5,0.265625,0.0184747920878291
X1+X2_to_X3,race_aware,COMPAS tool,break_even,African-American vs Caucasian,False,-0.2627627627627628,0.1568172442244224,1.5847951579904764e-08,0.0004329808176416,0.2372372372372372,0.4224422442244224,0.5,0.265625,9.316832955230614e-11
X1+X2_to_X3,race_aware,COMPAS tool,break_even,Female vs Male,False,-0.0471636546184738,0.0031015240685894,1.0,0.9424317521274836,0.3132530120481928,0.3178807947019867,0.3604166666666666,0.3147792706333973,0.8910685887872078
X1+X2_to_X3,race_aware,COMPAS tool,break_even,Hispanic vs Caucasian,False,0.0641025641025641,-0.0625,1.0,0.6073865813925219,0.5641025641025641,0.203125,0.5,0.265625,0.8910685887872078
X1+X2_to_X3,race_aware,COMPAS tool,break_even,Other vs Caucasian,False,0.0769230769230768,-0.1958575581395348,1.0,0.0156781578647862,0.5769230769230769,0.0697674418604651,0.5,0.265625,0.0184747920878291
X1+X2_to_X3,race_aware,TabPFN,0.5,African-American vs Caucasian,False,-0.2552186332674137,0.1145833333333333,2.5303020656721e-07,0.0106810412420842,0.3423423423423423,0.3333333333333333,0.5975609756097561,0.21875,1.893544744465919e-08
X1+X2_to_X3,race_aware,TabPFN,0.5,Female vs Male,False,0.2851154618473895,-0.0909610911263362,3.849303561120078e-06,0.0723492917368241,0.6746987951807228,0.1854304635761589,0.3895833333333333,0.2763915547024952,1.7243234215510228e-06
X1+X2_to_X3,race_aware,TabPFN,0.5,Hispanic vs Caucasian,False,-0.1103814884302689,-0.09375,0.2098852468833574,0.1870650253781862,0.4871794871794871,0.125,0.5975609756097561,0.21875,0.1981581701442874
X1+X2_to_X3,race_aware,TabPFN,0.5,Other vs Caucasian,False,-0.174484052532833,-0.0559593023255813,0.1892778230442143,0.4050709937672606,0.4230769230769231,0.1627906976744186,0.5975609756097561,0.21875,0.1981581701442874
X1+X2_to_X3,race_aware,TabPFN,break_even,African-American vs Caucasian,False,-0.1500769061744671,0.2748427186468647,2.281366030597595e-07,6.814274134264785e-13,0.045045045045045,0.8646864686468647,0.1951219512195122,0.58984375,5.734535097485368e-18
X1+X2_to_X3,race_aware,TabPFN,break_even,Female vs Male,False,0.2062751004016064,-0.1724015202552402,3.519714462497052e-08,0.0001186260218209,0.2771084337349397,0.5761589403973509,0.0708333333333333,0.7485604606525912,2.673997892569918e-09
X1+X2_to_X3,race_aware,TabPFN,break_even,Hispanic vs Caucasian,False,-0.0412757973733583,0.06640625,1.0,0.3314434318594942,0.1538461538461538,0.65625,0.1951219512195122,0.58984375,0.5162282349348924
X1+X2_to_X3,race_aware,TabPFN,break_even,Other vs Caucasian,False,-0.0412757973733583,-0.1479832848837209,1.0,0.1396825111796517,0.1538461538461538,0.4418604651162791,0.1951219512195122,0.58984375,0.3451618675865415
X1+X2_to_X3,race_blind,COMPAS tool,0.5,African-American vs Caucasian,False,-0.2627627627627628,0.1568172442244224,1.5847951579904764e-08,0.0004329808176416,0.2372372372372372,0.4224422442244224,0.5,0.265625,9.316832955230614e-11
X1+X2_to_X3,race_blind,COMPAS tool,0.5,Female vs Male,False,-0.0471636546184738,0.0031015240685894,1.0,0.9424317521274836,0.3132530120481928,0.3178807947019867,0.3604166666666666,0.3147792706333973,0.8910685887872078
X1+X2_to_X3,race_blind,COMPAS tool,0.5,Hispanic vs Caucasian,False,0.0641025641025641,-0.0625,1.0,0.6073865813925219,0.5641025641025641,0.203125,0.5,0.265625,0.8910685887872078
X1+X2_to_X3,race_blind,COMPAS tool,0.5,Other vs Caucasian,False,0.0769230769230768,-0.1958575581395348,1.0,0.0156781578647862,0.5769230769230769,0.0697674418604651,0.5,0.265625,0.0184747920878291
X1+X2_to_X3,race_blind,COMPAS tool,break_even,African-American vs Caucasian,False,-0.2627627627627628,0.1568172442244224,1.5847951579904764e-08,0.0004329808176416,0.2372372372372372,0.4224422442244224,0.5,0.265625,9.316832955230614e-11
X1+X2_to_X3,race_blind,COMPAS tool,break_even,Female vs Male,False,-0.0471636546184738,0.0031015240685894,1.0,0.9424317521274836,0.3132530120481928,0.3178807947019867,0.3604166666666666,0.3147792706333973,0.8910685887872078
X1+X2_to_X3,race_blind,COMPAS tool,break_even,Hispanic vs Caucasian,False,0.0641025641025641,-0.0625,1.0,0.6073865813925219,0.5641025641025641,0.203125,0.5,0.265625,0.8910685887872078
X1+X2_to_X3,race_blind,COMPAS tool,break_even,Other vs Caucasian,False,0.0769230769230768,-0.1958575581395348,1.0,0.0156781578647862,0.5769230769230769,0.0697674418604651,0.5,0.265625,0.0184747920878291
X1+X2_to_X3,race_blind,TabPFN,0.5,African-American vs Caucasian,False,-0.261499304182231,0.1176129331683168,1.3453237754159254e-07,0.0065984824146623,0.3543543543543543,0.3168316831683168,0.6158536585365854,0.19921875,6.149484543290896e-09
X1+X2_to_X3,race_blind,TabPFN,0.5,Female vs Male,False,0.2684487951807228,-0.0679284615677949,1.6622562213575155e-05,0.2532396429311553,0.6746987951807228,0.1854304635761589,0.40625,0.2533589251439539,2.032140526052209e-05
X1+X2_to_X3,race_blind,TabPFN,0.5,Hispanic vs Caucasian,False,-0.1286741713570982,-0.07421875,0.2729479888056055,0.3417051826806914,0.4871794871794871,0.125,0.6158536585365854,0.19921875,0.2512882234383501
X1+X2_to_X3,race_blind,TabPFN,0.5,Other vs Caucasian,False,-0.1543151969981238,-0.0829396802325581,0.2729479888056055,0.3417051826806914,0.4615384615384615,0.1162790697674418,0.6158536585365854,0.19921875,0.2512882234383501
X1+X2_to_X3,race_blind,TabPFN,break_even,African-American vs Caucasian,False,-0.1078517541932176,0.2061417079207921,0.0009409067601797,4.964254999374912e-07,0.075075075075075,0.7920792079207921,0.1829268292682926,0.5859375,7.180896152213175e-09
X1+X2_to_X3,race_blind,TabPFN,break_even,Female vs Male,False,0.15554718875502,-0.1359331901208832,0.0001022484381559,0.0047816501701425,0.2409638554216867,0.5761589403973509,0.0854166666666666,0.7120921305182342,1.734181843862893e-05
X1+X2_to_X3,race_blind,TabPFN,break_even,Hispanic vs Caucasian,False,-0.0547217010631644,0.0703125,0.4161293720957679,0.6088599562456634,0.1282051282051282,0.65625,0.1829268292682926,0.5859375,0.412601481764849
X1+X2_to_X3,race_blind,TabPFN,break_even,Other vs Caucasian,False,-0.1444652908067542,-0.0510537790697674,0.1280167160043935,0.6088599562456634,0.0384615384615384,0.5348837209302325,0.1829268292682926,0.5859375,0.1725129044107198
X1+X2_to_X3,race_priors_blind,COMPAS tool,0.5,African-American vs Caucasian,False,-0.2627627627627628,0.1568172442244224,1.5847951579904764e-08,0.0004329808176416,0.2372372372372372,0.4224422442244224,0.5,0.265625,9.316832955230614e-11
X1+X2_to_X3,race_priors_blind,COMPAS tool,0.5,Female vs Male,False,-0.0471636546184738,0.0031015240685894,1.0,0.9424317521274836,0.3132530120481928,0.3178807947019867,0.3604166666666666,0.3147792706333973,0.8910685887872078
X1+X2_to_X3,race_priors_blind,COMPAS tool,0.5,Hispanic vs Caucasian,False,0.0641025641025641,-0.0625,1.0,0.6073865813925219,0.5641025641025641,0.203125,0.5,0.265625,0.8910685887872078
X1+X2_to_X3,race_priors_blind,COMPAS tool,0.5,Other vs Caucasian,False,0.0769230769230768,-0.1958575581395348,1.0,0.0156781578647862,0.5769230769230769,0.0697674418604651,0.5,0.265625,0.0184747920878291
X1+X2_to_X3,race_priors_blind,COMPAS tool,break_even,African-American vs Caucasian,False,-0.2627627627627628,0.1568172442244224,1.5847951579904764e-08,0.0004329808176416,0.2372372372372372,0.4224422442244224,0.5,0.265625,9.316832955230614e-11
X1+X2_to_X3,race_priors_blind,COMPAS tool,break_even,Female vs Male,False,-0.0471636546184738,0.0031015240685894,1.0,0.9424317521274836,0.3132530120481928,0.3178807947019867,0.3604166666666666,0.3147792706333973,0.8910685887872078
X1+X2_to_X3,race_priors_blind,COMPAS tool,break_even,Hispanic vs Caucasian,False,0.0641025641025641,-0.0625,1.0,0.6073865813925219,0.5641025641025641,0.203125,0.5,0.265625,0.8910685887872078
X1+X2_to_X3,race_priors_blind,COMPAS tool,break_even,Other vs Caucasian,False,0.0769230769230768,-0.1958575581395348,1.0,0.0156781578647862,0.5769230769230769,0.0697674418604651,0.5,0.265625,0.0184747920878291
X1+X2_to_X3,race_priors_blind,TabPFN,0.5,African-American vs Caucasian,False,-0.1127957225518201,0.1192373143564356,0.0513770124287689,0.0114758482788905,0.3993993993993994,0.4356435643564356,0.5121951219512195,0.31640625,0.0026235863303268
X1+X2_to_X3,race_priors_blind,TabPFN,0.5,Female vs Male,False,0.6645833333333333,-0.4856046065259117,6.466559423742679e-29,8.476338556114331e-27,1.0,0.0,0.3354166666666666,0.4856046065259117,5.415423009163057e-71
X1+X2_to_X3,race_priors_blind,TabPFN,0.5,Hispanic vs Caucasian,False,-0.0762976860537836,0.05859375,0.4534513442142369,0.7437784001600114,0.4358974358974359,0.375,0.5121951219512195,0.31640625,0.9354463138708504
X1+X2_to_X3,race_priors_blind,TabPFN,0.5,Other vs Caucasian,False,-0.1275797373358349,0.0091751453488372,0.4534513442142369,0.9048229913852956,0.3846153846153846,0.3255813953488372,0.5121951219512195,0.31640625,0.9354463138708504
X1+X2_to_X3,race_priors_blind,TabPFN,break_even,African-American vs Caucasian,False,-0.0274848018750457,0.04088025990099,0.0250083627995645,0.011630073106351,0.003003003003003,0.99009900990099,0.0304878048780487,0.94921875,0.0013984480584237
X1+X2_to_X3,race_priors_blind,TabPFN,break_even,Female vs Male,False,0.072289156626506,-0.119205298013245,1.2705751366437117e-08,5.465931136330188e-15,0.072289156626506,0.8807947019867549,0.0,1.0,3.018699864555054e-17
X1+X2_to_X3,race_priors_blind,TabPFN,break_even,Hispanic vs Caucasian,False,-0.0304878048780487,0.01953125,0.5390942393538054,0.5084971390779454,0.0,0.96875,0.0304878048780487,0.94921875,0.2667495913104744
X1+X2_to_X3,race_priors_blind,TabPFN,break_even,Other vs Caucasian,False,-0.0304878048780487,0.05078125,0.5390942393538054,0.2616229368738194,0.0,1.0,0.0304878048780487,0.94921875,0.1199418334922343
X1+X2_to_X3,race_proxy_blind,COMPAS tool,0.5,African-American vs Caucasian,False,-0.2627627627627628,0.1568172442244224,1.5847951579904764e-08,0.0004329808176416,0.2372372372372372,0.4224422442244224,0.5,0.265625,9.316832955230614e-11
X1+X2_to_X3,race_proxy_blind,COMPAS tool,0.5,Female vs Male,False,-0.0471636546184738,0.0031015240685894,1.0,0.9424317521274836,0.3132530120481928,0.3178807947019867,0.3604166666666666,0.3147792706333973,0.8910685887872078
X1+X2_to_X3,race_proxy_blind,COMPAS tool,0.5,Hispanic vs Caucasian,False,0.0641025641025641,-0.0625,1.0,0.6073865813925219,0.5641025641025641,0.203125,0.5,0.265625,0.8910685887872078
X1+X2_to_X3,race_proxy_blind,COMPAS tool,0.5,Other vs Caucasian,False,0.0769230769230768,-0.1958575581395348,1.0,0.0156781578647862,0.5769230769230769,0.0697674418604651,0.5,0.265625,0.0184747920878291
X1+X2_to_X3,race_proxy_blind,COMPAS tool,break_even,African-American vs Caucasian,False,-0.2627627627627628,0.1568172442244224,1.5847951579904764e-08,0.0004329808176416,0.2372372372372372,0.4224422442244224,0.5,0.265625,9.316832955230614e-11
X1+X2_to_X3,race_proxy_blind,COMPAS tool,break_even,Female vs Male,False,-0.0471636546184738,0.0031015240685894,1.0,0.9424317521274836,0.3132530120481928,0.3178807947019867,0.3604166666666666,0.3147792706333973,0.8910685887872078
X1+X2_to_X3,race_proxy_blind,COMPAS tool,break_even,Hispanic vs Caucasian,False,0.0641025641025641,-0.0625,1.0,0.6073865813925219,0.5641025641025641,0.203125,0.5,0.265625,0.8910685887872078
X1+X2_to_X3,race_proxy_blind,COMPAS tool,break_even,Other vs Caucasian,False,0.0769230769230768,-0.1958575581395348,1.0,0.0156781578647862,0.5769230769230769,0.0697674418604651,0.5,0.265625,0.0184747920878291
X1+X2_to_X3,race_proxy_blind,TabPFN,0.5,African-American vs Caucasian,False,-0.0814289899655752,0.0535530115511551,0.1288958209794117,0.1835380806627241,0.7417417417417418,0.1551155115511551,0.823170731707317,0.1015625,0.0607520644223733
X1+X2_to_X3,race_proxy_blind,TabPFN,0.5,Female vs Male,False,0.2770833333333333,-0.1689059500959693,1.6318513182062186e-07,2.419172005430815e-07,1.0,0.0,0.7229166666666667,0.1689059500959693,2.66000048984062e-21
X1+X2_to_X3,race_proxy_blind,TabPFN,0.5,Hispanic vs Caucasian,False,-0.0795809881175734,0.0390625,0.2568555656143025,0.7409891580935359,0.7435897435897436,0.140625,0.823170731707317,0.1015625,0.6316284137760456
X1+X2_to_X3,race_proxy_blind,TabPFN,0.5,Other vs Caucasian,False,-0.1308630393996247,0.0147165697674418,0.2349267863595319,0.7695837503588311,0.6923076923076923,0.1162790697674418,0.823170731707317,0.1015625,0.6316284137760456
X1+X2_to_X3,race_proxy_blind,TabPFN,break_even,African-American vs Caucasian,True,0.0,0.0,1.0,1.0,0.0,1.0,0.0,1.0,1.0
X1+X2_to_X3,race_proxy_blind,TabPFN,break_even,Female vs Male,True,0.0,0.0,1.0,1.0,0.0,1.0,0.0,1.0,1.0
X1+X2_to_X3,race_proxy_blind,TabPFN,break_even,Hispanic vs Caucasian,True,0.0,0.0,1.0,1.0,0.0,1.0,0.0,1.0,1.0
X1+X2_to_X3,race_proxy_blind,TabPFN,break_even,Other vs Caucasian,True,0.0,0.0,1.0,1.0,0.0,1.0,0.0,1.0,1.0
X1+X2_to_X3,sex_blind,COMPAS tool,0.5,African-American vs Caucasian,False,-0.2627627627627628,0.1568172442244224,1.5847951579904764e-08,0.0004329808176416,0.2372372372372372,0.4224422442244224,0.5,0.265625,9.316832955230614e-11
X1+X2_to_X3,sex_blind,COMPAS tool,0.5,Female vs Male,False,-0.0471636546184738,0.0031015240685894,1.0,0.9424317521274836,0.3132530120481928,0.3178807947019867,0.3604166666666666,0.3147792706333973,0.8910685887872078
X1+X2_to_X3,sex_blind,COMPAS tool,0.5,Hispanic vs Caucasian,False,0.0641025641025641,-0.0625,1.0,0.6073865813925219,0.5641025641025641,0.203125,0.5,0.265625,0.8910685887872078
X1+X2_to_X3,sex_blind,COMPAS tool,0.5,Other vs Caucasian,False,0.0769230769230768,-0.1958575581395348,1.0,0.0156781578647862,0.5769230769230769,0.0697674418604651,0.5,0.265625,0.0184747920878291
X1+X2_to_X3,sex_blind,COMPAS tool,break_even,African-American vs Caucasian,False,-0.2627627627627628,0.1568172442244224,1.5847951579904764e-08,0.0004329808176416,0.2372372372372372,0.4224422442244224,0.5,0.265625,9.316832955230614e-11
X1+X2_to_X3,sex_blind,COMPAS tool,break_even,Female vs Male,False,-0.0471636546184738,0.0031015240685894,1.0,0.9424317521274836,0.3132530120481928,0.3178807947019867,0.3604166666666666,0.3147792706333973,0.8910685887872078
X1+X2_to_X3,sex_blind,COMPAS tool,break_even,Hispanic vs Caucasian,False,0.0641025641025641,-0.0625,1.0,0.6073865813925219,0.5641025641025641,0.203125,0.5,0.265625,0.8910685887872078
X1+X2_to_X3,sex_blind,COMPAS tool,break_even,Other vs Caucasian,False,0.0769230769230768,-0.1958575581395348,1.0,0.0156781578647862,0.5769230769230769,0.0697674418604651,0.5,0.265625,0.0184747920878291
X1+X2_to_X3,sex_blind,TabPFN,0.5,African-American vs Caucasian,False,-0.2674137552186332,0.13081425330033,6.013923441889741e-08,0.0020784768818826,0.3423423423423423,0.33003300330033,0.6097560975609756,0.19921875,9.690098166392826e-10
X1+X2_to_X3,sex_blind,TabPFN,0.5,Female vs Male,False,0.2061244979919678,-0.017732074080665,0.0014262951195155,0.6557673097227311,0.6144578313253012,0.2317880794701986,0.4083333333333333,0.2495201535508637,0.0062865242938172
X1+X2_to_X3,sex_blind,TabPFN,0.5,Hispanic vs Caucasian,False,-0.0969355847404628,-0.05859375,0.3069609324305761,0.5912593348812855,0.5128205128205128,0.140625,0.6097560975609756,0.19921875,0.2967293241133216
X1+X2_to_X3,sex_blind,TabPFN,0.5,Other vs Caucasian,False,-0.148217636022514,-0.0829396802325581,0.3069609324305761,0.5912593348812855,0.4615384615384615,0.1162790697674418,0.6097560975609756,0.19921875,0.2933269121972462
X1+X2_to_X3,sex_blind,TabPFN,break_even,African-American vs Caucasian,False,-0.1046656412510071,0.2154367780528052,0.0010594834629179,9.973207367615749e-08,0.066066066066066,0.8052805280528053,0.1707317073170731,0.58984375,1.298767302389686e-09
X1+X2_to_X3,sex_blind,TabPFN,break_even,Female vs Male,False,0.070758032128514,-0.0456203683695389,0.1664706717075221,0.5653883424707569,0.1686746987951807,0.6357615894039735,0.0979166666666666,0.6813819577735125,0.3368668808743059
X1+X2_to_X3,sex_blind,TabPFN,break_even,Hispanic vs Caucasian,False,0.0087554721701063,-0.07421875,1.0,0.5653883424707569,0.1794871794871795,0.515625,0.1707317073170731,0.58984375,0.614147141550101
X1+X2_to_X3,sex_blind,TabPFN,break_even,Other vs Caucasian,False,-0.0168855534709193,-0.1247274709302325,1.0,0.3784231885329223,0.1538461538461538,0.4651162790697674,0.1707317073170731,0.58984375,0.614147141550101
X1_to_X3,age_blind,COMPAS tool,0.5,African-American vs Caucasian,False,-0.2627627627627628,0.1568172442244224,1.5847951579904764e-08,0.0004329808176416,0.2372372372372372,0.4224422442244224,0.5,0.265625,9.316832955230614e-11
X1_to_X3,age_blind,COMPAS tool,0.5,Female vs Male,False,-0.0471636546184738,0.0031015240685894,1.0,0.9424317521274836,0.3132530120481928,0.3178807947019867,0.3604166666666666,0.3147792706333973,0.8910685887872078
X1_to_X3,age_blind,COMPAS tool,0.5,Hispanic vs Caucasian,False,0.0641025641025641,-0.0625,1.0,0.6073865813925219,0.5641025641025641,0.203125,0.5,0.265625,0.8910685887872078
X1_to_X3,age_blind,COMPAS tool,0.5,Other vs Caucasian,False,0.0769230769230768,-0.1958575581395348,1.0,0.0156781578647862,0.5769230769230769,0.0697674418604651,0.5,0.265625,0.0184747920878291
X1_to_X3,age_blind,COMPAS tool,break_even,African-American vs Caucasian,False,-0.2627627627627628,0.1568172442244224,1.5847951579904764e-08,0.0004329808176416,0.2372372372372372,0.4224422442244224,0.5,0.265625,9.316832955230614e-11
X1_to_X3,age_blind,COMPAS tool,break_even,Female vs Male,False,-0.0471636546184738,0.0031015240685894,1.0,0.9424317521274836,0.3132530120481928,0.3178807947019867,0.3604166666666666,0.3147792706333973,0.8910685887872078
X1_to_X3,age_blind,COMPAS tool,break_even,Hispanic vs Caucasian,False,0.0641025641025641,-0.0625,1.0,0.6073865813925219,0.5641025641025641,0.203125,0.5,0.265625,0.8910685887872078
X1_to_X3,age_blind,COMPAS tool,break_even,Other vs Caucasian,False,0.0769230769230768,-0.1958575581395348,1.0,0.0156781578647862,0.5769230769230769,0.0697674418604651,0.5,0.265625,0.0184747920878291
X1_to_X3,age_blind,TabPFN,0.5,African-American vs Caucasian,False,-0.2466673991064235,0.1523695338283828,8.604310662937218e-07,0.000434550595785,0.3813813813813814,0.3828382838283828,0.6280487804878049,0.23046875,2.670938389805782e-09
X1_to_X3,age_blind,TabPFN,0.5,Female vs Male,False,0.2592118473895582,-0.0922067852194582,3.807610142838371e-05,0.0515116710365879,0.6987951807228916,0.2052980132450331,0.4395833333333333,0.2975047984644913,1.3625961567045473e-05
X1_to_X3,age_blind,TabPFN,0.5,Hispanic vs Caucasian,False,0.0129768605378361,-0.10546875,0.8800417098241349,0.0636162457369574,0.6410256410256411,0.125,0.6280487804878049,0.23046875,0.1496699150148809
X1_to_X3,age_blind,TabPFN,0.5,Other vs Caucasian,False,-0.1280487804878048,-0.1607013081395348,0.427008381258563,0.0484996679731869,0.5,0.0697674418604651,0.6280487804878049,0.23046875,0.0272013342991325
X1_to_X3,age_blind,TabPFN,break_even,African-American vs Caucasian,False,-0.2472716619058082,0.4186391295379538,5.290681483679529e-17,2.0510901917283497e-30,0.021021021021021,0.9537953795379538,0.2682926829268293,0.53515625,3.8942125599780047e-47
X1_to_X3,age_blind,TabPFN,break_even,Female vs Male,False,0.165512048192771,-0.136695859973815,3.007947337733263e-05,0.002408924555535,0.253012048192771,0.6291390728476821,0.0875,0.7658349328214972,5.034364310695765e-06
X1_to_X3,age_blind,TabPFN,break_even,Hispanic vs Caucasian,False,-0.1144465290806754,0.18359375,0.2719292787180658,0.0158638384496201,0.1538461538461538,0.71875,0.2682926829268293,0.53515625,0.0155471730952562
X1_to_X3,age_blind,TabPFN,break_even,Other vs Caucasian,False,-0.0375234521575985,-0.1165515988372092,0.6864467278898336,0.1569686755551587,0.2307692307692307,0.4186046511627907,0.2682926829268293,0.53515625,0.3373296495696931
X1_to_X3,protected_blind,COMPAS tool,0.5,African-American vs Caucasian,False,-0.2627627627627628,0.1568172442244224,1.5847951579904764e-08,0.0004329808176416,0.2372372372372372,0.4224422442244224,0.5,0.265625,9.316832955230614e-11
X1_to_X3,protected_blind,COMPAS tool,0.5,Female vs Male,False,-0.0471636546184738,0.0031015240685894,1.0,0.9424317521274836,0.3132530120481928,0.3178807947019867,0.3604166666666666,0.3147792706333973,0.8910685887872078
X1_to_X3,protected_blind,COMPAS tool,0.5,Hispanic vs Caucasian,False,0.0641025641025641,-0.0625,1.0,0.6073865813925219,0.5641025641025641,0.203125,0.5,0.265625,0.8910685887872078
X1_to_X3,protected_blind,COMPAS tool,0.5,Other vs Caucasian,False,0.0769230769230768,-0.1958575581395348,1.0,0.0156781578647862,0.5769230769230769,0.0697674418604651,0.5,0.265625,0.0184747920878291
X1_to_X3,protected_blind,COMPAS tool,break_even,African-American vs Caucasian,False,-0.2627627627627628,0.1568172442244224,1.5847951579904764e-08,0.0004329808176416,0.2372372372372372,0.4224422442244224,0.5,0.265625,9.316832955230614e-11
X1_to_X3,protected_blind,COMPAS tool,break_even,Female vs Male,False,-0.0471636546184738,0.0031015240685894,1.0,0.9424317521274836,0.3132530120481928,0.3178807947019867,0.3604166666666666,0.3147792706333973,0.8910685887872078
X1_to_X3,protected_blind,COMPAS tool,break_even,Hispanic vs Caucasian,False,0.0641025641025641,-0.0625,1.0,0.6073865813925219,0.5641025641025641,0.203125,0.5,0.265625,0.8910685887872078
X1_to_X3,protected_blind,COMPAS tool,break_even,Other vs Caucasian,False,0.0769230769230768,-0.1958575581395348,1.0,0.0156781578647862,0.5769230769230769,0.0697674418604651,0.5,0.265625,0.0184747920878291
X1_to_X3,protected_blind,TabPFN,0.5,African-American vs Caucasian,False,-0.1492895334358749,0.0826629537953795,0.006516269222047,0.1201784297132194,0.3933933933933934,0.3795379537953795,0.5426829268292683,0.296875,0.0034058527270759
X1_to_X3,protected_blind,TabPFN,0.5,Female vs Male,False,0.1695281124497992,-0.0338498303059577,0.0123503463477242,0.4288288322155202,0.5903614457831325,0.2847682119205298,0.4208333333333333,0.3186180422264875,0.0364471762622035
X1_to_X3,protected_blind,TabPFN,0.5,Hispanic vs Caucasian,False,-0.0298624140087555,-0.15625,0.7367479105883024,0.0454426673194972,0.5128205128205128,0.140625,0.5426829268292683,0.296875,0.0544535455814095
X1_to_X3,protected_blind,TabPFN,0.5,Other vs Caucasian,False,-0.1196060037523452,-0.110828488372093,0.5129230779715301,0.269216209009781,0.4230769230769231,0.1860465116279069,0.5426829268292683,0.296875,0.1581171431321438
X1_to_X3,protected_blind,TabPFN,break_even,African-American vs Caucasian,False,-0.0377755804585072,0.0973081683168316,0.3352147322945924,0.020425268818013,0.078078078078078,0.8316831683168316,0.1158536585365853,0.734375,0.0242251798913214
X1_to_X3,protected_blind,TabPFN,break_even,Female vs Male,False,0.105722891566265,-0.0576069962247842,0.0077779973658654,0.3976829369502851,0.180722891566265,0.7350993377483444,0.075,0.7927063339731286,0.0242251798913214
X1_to_X3,protected_blind,TabPFN,break_even,Hispanic vs Caucasian,False,0.0379924953095684,0.0,0.5163621732615542,1.0,0.1538461538461538,0.734375,0.1158536585365853,0.734375,0.818331794010394
X1_to_X3,protected_blind,TabPFN,break_even,Other vs Caucasian,False,-0.1158536585365853,0.0330668604651163,0.2019971398775242,1.0,0.0,0.7674418604651163,0.1158536585365853,0.734375,0.0933105181137314
X1_to_X3,race_aware,COMPAS tool,0.5,African-American vs Caucasian,False,-0.2627627627627628,0.1568172442244224,1.5847951579904764e-08,0.0004329808176416,0.2372372372372372,0.4224422442244224,0.5,0.265625,9.316832955230614e-11
X1_to_X3,race_aware,COMPAS tool,0.5,Female vs Male,False,-0.0471636546184738,0.0031015240685894,1.0,0.9424317521274836,0.3132530120481928,0.3178807947019867,0.3604166666666666,0.3147792706333973,0.8910685887872078
X1_to_X3,race_aware,COMPAS tool,0.5,Hispanic vs Caucasian,False,0.0641025641025641,-0.0625,1.0,0.6073865813925219,0.5641025641025641,0.203125,0.5,0.265625,0.8910685887872078
X1_to_X3,race_aware,COMPAS tool,0.5,Other vs Caucasian,False,0.0769230769230768,-0.1958575581395348,1.0,0.0156781578647862,0.5769230769230769,0.0697674418604651,0.5,0.265625,0.0184747920878291
X1_to_X3,race_aware,COMPAS tool,break_even,African-American vs Caucasian,False,-0.2627627627627628,0.1568172442244224,1.5847951579904764e-08,0.0004329808176416,0.2372372372372372,0.4224422442244224,0.5,0.265625,9.316832955230614e-11
X1_to_X3,race_aware,COMPAS tool,break_even,Female vs Male,False,-0.0471636546184738,0.0031015240685894,1.0,0.9424317521274836,0.3132530120481928,0.3178807947019867,0.3604166666666666,0.3147792706333973,0.8910685887872078
X1_to_X3,race_aware,COMPAS tool,break_even,Hispanic vs Caucasian,False,0.0641025641025641,-0.0625,1.0,0.6073865813925219,0.5641025641025641,0.203125,0.5,0.265625,0.8910685887872078
X1_to_X3,race_aware,COMPAS tool,break_even,Other vs Caucasian,False,0.0769230769230768,-0.1958575581395348,1.0,0.0156781578647862,0.5769230769230769,0.0697674418604651,0.5,0.265625,0.0184747920878291
X1_to_X3,race_aware,TabPFN,0.5,African-American vs Caucasian,False,-0.2672306452794257,0.1244843234323432,5.437619314853197e-08,0.004710276260867,0.3303303303303303,0.3432343234323432,0.5975609756097561,0.21875,2.021353543498492e-09
X1_to_X3,race_aware,TabPFN,0.5,Female vs Male,False,0.2510542168674698,-0.0710935414574621,5.7916818049929634e-05,0.2389245451503637,0.6385542168674698,0.2052980132450331,0.3875,0.2763915547024952,7.208184315501604e-05
X1_to_X3,race_aware,TabPFN,0.5,Hispanic vs Caucasian,False,-0.1103814884302689,-0.09375,0.2098852468833574,0.2389245451503637,0.4871794871794871,0.125,0.5975609756097561,0.21875,0.1981581701442874
X1_to_X3,race_aware,TabPFN,0.5,Other vs Caucasian,False,-0.174484052532833,-0.0559593023255813,0.1892778230442143,0.4050709937672606,0.4230769230769231,0.1627906976744186,0.5975609756097561,0.21875,0.1981581701442874
X1_to_X3,race_aware,TabPFN,break_even,African-American vs Caucasian,False,-0.1505346810224859,0.2764542079207921,7.170655732481544e-06,2.050288267506635e-11,0.075075075075075,0.7920792079207921,0.2256097560975609,0.515625,3.2674609194004273e-15
X1_to_X3,race_aware,TabPFN,break_even,Female vs Male,False,0.13054718875502,-0.0802710020210751,0.0032372465232,0.2119741684831649,0.2409638554216867,0.5761589403973509,0.1104166666666666,0.6564299424184261,0.0060457530089247
X1_to_X3,race_aware,TabPFN,break_even,Hispanic vs Caucasian,False,-0.0461225766103814,0.015625,0.8171236763387604,1.0,0.1794871794871795,0.53125,0.2256097560975609,0.515625,1.0
X1_to_X3,race_aware,TabPFN,break_even,Other vs Caucasian,False,-0.0717636022514071,-0.0505087209302325,0.8171236763387604,1.0,0.1538461538461538,0.4651162790697674,0.2256097560975609,0.515625,1.0
X1_to_X3,race_blind,COMPAS tool,0.5,African-American vs Caucasian,False,-0.2627627627627628,0.1568172442244224,1.5847951579904764e-08,0.0004329808176416,0.2372372372372372,0.4224422442244224,0.5,0.265625,9.316832955230614e-11
X1_to_X3,race_blind,COMPAS tool,0.5,Female vs Male,False,-0.0471636546184738,0.0031015240685894,1.0,0.9424317521274836,0.3132530120481928,0.3178807947019867,0.3604166666666666,0.3147792706333973,0.8910685887872078
X1_to_X3,race_blind,COMPAS tool,0.5,Hispanic vs Caucasian,False,0.0641025641025641,-0.0625,1.0,0.6073865813925219,0.5641025641025641,0.203125,0.5,0.265625,0.8910685887872078
X1_to_X3,race_blind,COMPAS tool,0.5,Other vs Caucasian,False,0.0769230769230768,-0.1958575581395348,1.0,0.0156781578647862,0.5769230769230769,0.0697674418604651,0.5,0.265625,0.0184747920878291
X1_to_X3,race_blind,COMPAS tool,break_even,African-American vs Caucasian,False,-0.2627627627627628,0.1568172442244224,1.5847951579904764e-08,0.0004329808176416,0.2372372372372372,0.4224422442244224,0.5,0.265625,9.316832955230614e-11
X1_to_X3,race_blind,COMPAS tool,break_even,Female vs Male,False,-0.0471636546184738,0.0031015240685894,1.0,0.9424317521274836,0.3132530120481928,0.3178807947019867,0.3604166666666666,0.3147792706333973,0.8910685887872078
X1_to_X3,race_blind,COMPAS tool,break_even,Hispanic vs Caucasian,False,0.0641025641025641,-0.0625,1.0,0.6073865813925219,0.5641025641025641,0.203125,0.5,0.265625,0.8910685887872078
X1_to_X3,race_blind,COMPAS tool,break_even,Other vs Caucasian,False,0.0769230769230768,-0.1958575581395348,1.0,0.0156781578647862,0.5769230769230769,0.0697674418604651,0.5,0.265625,0.0184747920878291
X1_to_X3,race_blind,TabPFN,0.5,African-American vs Caucasian,False,-0.2733282062550355,0.1139774133663366,2.5880078338231442e-08,0.0116802165856545,0.3303303303303303,0.3366336633663366,0.6036585365853658,0.22265625,2.2785881351418807e-09
X1_to_X3,race_blind,TabPFN,0.5,Female vs Male,False,0.2510542168674698,-0.0493066059920428,5.7916818049929634e-05,0.6774819796081223,0.6385542168674698,0.2251655629139073,0.3875,0.2744721689059501,0.0001673982852271
X1_to_X3,race_blind,TabPFN,0.5,Hispanic vs Caucasian,False,-0.1421200750469042,-0.05078125,0.1663062163577597,0.7488160906935251,0.4615384615384615,0.171875,0.6036585365853658,0.22265625,0.3007097308468442
X1_to_X3,race_blind,TabPFN,0.5,Other vs Caucasian,False,-0.1805816135084427,-0.0598655523255813,0.1663062163577597,0.7488160906935251,0.4230769230769231,0.1627906976744186,0.6036585365853658,0.22265625,0.3007097308468442
X1_to_X3,race_blind,TabPFN,break_even,African-American vs Caucasian,False,-0.1114040870138431,0.1861334570957096,0.0036279421370067,2.3885045951529968e-05,0.1081081081081081,0.7095709570957096,0.2195121951219512,0.5234375,7.378286610830026e-07
X1_to_X3,race_blind,TabPFN,break_even,Female vs Male,False,0.095582329317269,-0.0124188074385732,0.0699983562635776,1.0,0.2289156626506024,0.5960264900662252,0.1333333333333333,0.6084452975047985,0.2837148138590448
X1_to_X3,race_blind,TabPFN,break_even,Hispanic vs Caucasian,False,-0.0400250156347717,0.0234375,0.8908721591785524,1.0,0.1794871794871795,0.546875,0.2195121951219512,0.5234375,1.0
X1_to_X3,race_blind,TabPFN,break_even,Other vs Caucasian,False,-0.0656660412757973,-0.0583212209302325,0.8908721591785524,1.0,0.1538461538461538,0.4651162790697674,0.2195121951219512,0.5234375,1.0
X1_to_X3,race_priors_blind,COMPAS tool,0.5,African-American vs Caucasian,False,-0.2627627627627628,0.1568172442244224,1.5847951579904764e-08,0.0004329808176416,0.2372372372372372,0.4224422442244224,0.5,0.265625,9.316832955230614e-11
X1_to_X3,race_priors_blind,COMPAS tool,0.5,Female vs Male,False,-0.0471636546184738,0.0031015240685894,1.0,0.9424317521274836,0.3132530120481928,0.3178807947019867,0.3604166666666666,0.3147792706333973,0.8910685887872078
X1_to_X3,race_priors_blind,COMPAS tool,0.5,Hispanic vs Caucasian,False,0.0641025641025641,-0.0625,1.0,0.6073865813925219,0.5641025641025641,0.203125,0.5,0.265625,0.8910685887872078
X1_to_X3,race_priors_blind,COMPAS tool,0.5,Other vs Caucasian,False,0.0769230769230768,-0.1958575581395348,1.0,0.0156781578647862,0.5769230769230769,0.0697674418604651,0.5,0.265625,0.0184747920878291
X1_to_X3,race_priors_blind,COMPAS tool,break_even,African-American vs Caucasian,False,-0.2627627627627628,0.1568172442244224,1.5847951579904764e-08,0.0004329808176416,0.2372372372372372,0.4224422442244224,0.5,0.265625,9.316832955230614e-11
X1_to_X3,race_priors_blind,COMPAS tool,break_even,Female vs Male,False,-0.0471636546184738,0.0031015240685894,1.0,0.9424317521274836,0.3132530120481928,0.3178807947019867,0.3604166666666666,0.3147792706333973,0.8910685887872078
X1_to_X3,race_priors_blind,COMPAS tool,break_even,Hispanic vs Caucasian,False,0.0641025641025641,-0.0625,1.0,0.6073865813925219,0.5641025641025641,0.203125,0.5,0.265625,0.8910685887872078
X1_to_X3,race_priors_blind,COMPAS tool,break_even,Other vs Caucasian,False,0.0769230769230768,-0.1958575581395348,1.0,0.0156781578647862,0.5769230769230769,0.0697674418604651,0.5,0.265625,0.0184747920878291
X1_to_X3,race_priors_blind,TabPFN,0.5,African-American vs Caucasian,False,-0.1127957225518201,0.1192373143564356,0.0513770124287689,0.0114758482788905,0.3993993993993994,0.4356435643564356,0.5121951219512195,0.31640625,0.0026235863303268
X1_to_X3,race_priors_blind,TabPFN,0.5,Female vs Male,False,0.6645833333333333,-0.4856046065259117,6.466559423742679e-29,8.476338556114331e-27,1.0,0.0,0.3354166666666666,0.4856046065259117,5.415423009163057e-71
X1_to_X3,race_priors_blind,TabPFN,0.5,Hispanic vs Caucasian,False,-0.0762976860537836,0.05859375,0.4534513442142369,0.7437784001600114,0.4358974358974359,0.375,0.5121951219512195,0.31640625,0.9354463138708504
X1_to_X3,race_priors_blind,TabPFN,0.5,Other vs Caucasian,False,-0.1275797373358349,0.0091751453488372,0.4534513442142369,0.9048229913852956,0.3846153846153846,0.3255813953488372,0.5121951219512195,0.31640625,0.9354463138708504
X1_to_X3,race_priors_blind,TabPFN,break_even,African-American vs Caucasian,False,-0.0274848018750457,0.04088025990099,0.0250083627995645,0.011630073106351,0.003003003003003,0.99009900990099,0.0304878048780487,0.94921875,0.0013984480584237
X1_to_X3,race_priors_blind,TabPFN,break_even,Female vs Male,False,0.072289156626506,-0.119205298013245,1.2705751366437117e-08,5.465931136330188e-15,0.072289156626506,0.8807947019867549,0.0,1.0,3.018699864555054e-17
X1_to_X3,race_priors_blind,TabPFN,break_even,Hispanic vs Caucasian,False,-0.0304878048780487,0.01953125,0.5390942393538054,0.5084971390779454,0.0,0.96875,0.0304878048780487,0.94921875,0.2667495913104744
X1_to_X3,race_priors_blind,TabPFN,break_even,Other vs Caucasian,False,-0.0304878048780487,0.05078125,0.5390942393538054,0.2616229368738194,0.0,1.0,0.0304878048780487,0.94921875,0.1199418334922343
X1_to_X3,race_proxy_blind,COMPAS tool,0.5,African-American vs Caucasian,False,-0.2627627627627628,0.1568172442244224,1.5847951579904764e-08,0.0004329808176416,0.2372372372372372,0.4224422442244224,0.5,0.265625,9.316832955230614e-11
X1_to_X3,race_proxy_blind,COMPAS tool,0.5,Female vs Male,False,-0.0471636546184738,0.0031015240685894,1.0,0.9424317521274836,0.3132530120481928,0.3178807947019867,0.3604166666666666,0.3147792706333973,0.8910685887872078
X1_to_X3,race_proxy_blind,COMPAS tool,0.5,Hispanic vs Caucasian,False,0.0641025641025641,-0.0625,1.0,0.6073865813925219,0.5641025641025641,0.203125,0.5,0.265625,0.8910685887872078
X1_to_X3,race_proxy_blind,COMPAS tool,0.5,Other vs Caucasian,False,0.0769230769230768,-0.1958575581395348,1.0,0.0156781578647862,0.5769230769230769,0.0697674418604651,0.5,0.265625,0.0184747920878291
X1_to_X3,race_proxy_blind,COMPAS tool,break_even,African-American vs Caucasian,False,-0.2627627627627628,0.1568172442244224,1.5847951579904764e-08,0.0004329808176416,0.2372372372372372,0.4224422442244224,0.5,0.265625,9.316832955230614e-11
X1_to_X3,race_proxy_blind,COMPAS tool,break_even,Female vs Male,False,-0.0471636546184738,0.0031015240685894,1.0,0.9424317521274836,0.3132530120481928,0.3178807947019867,0.3604166666666666,0.3147792706333973,0.8910685887872078
X1_to_X3,race_proxy_blind,COMPAS tool,break_even,Hispanic vs Caucasian,False,0.0641025641025641,-0.0625,1.0,0.6073865813925219,0.5641025641025641,0.203125,0.5,0.265625,0.8910685887872078
X1_to_X3,race_proxy_blind,COMPAS tool,break_even,Other vs Caucasian,False,0.0769230769230768,-0.1958575581395348,1.0,0.0156781578647862,0.5769230769230769,0.0697674418604651,0.5,0.265625,0.0184747920878291
X1_to_X3,race_proxy_blind,TabPFN,0.5,African-American vs Caucasian,False,-0.0814289899655752,0.0535530115511551,0.1288958209794117,0.1835380806627241,0.7417417417417418,0.1551155115511551,0.823170731707317,0.1015625,0.0607520644223733
X1_to_X3,race_proxy_blind,TabPFN,0.5,Female vs Male,False,0.2770833333333333,-0.1689059500959693,1.6318513182062186e-07,2.419172005430815e-07,1.0,0.0,0.7229166666666667,0.1689059500959693,2.66000048984062e-21
X1_to_X3,race_proxy_blind,TabPFN,0.5,Hispanic vs Caucasian,False,-0.0795809881175734,0.0390625,0.2568555656143025,0.7409891580935359,0.7435897435897436,0.140625,0.823170731707317,0.1015625,0.6316284137760456
X1_to_X3,race_proxy_blind,TabPFN,0.5,Other vs Caucasian,False,-0.1308630393996247,0.0147165697674418,0.2349267863595319,0.7695837503588311,0.6923076923076923,0.1162790697674418,0.823170731707317,0.1015625,0.6316284137760456
X1_to_X3,race_proxy_blind,TabPFN,break_even,African-American vs Caucasian,True,0.0,0.0,1.0,1.0,0.0,1.0,0.0,1.0,1.0
X1_to_X3,race_proxy_blind,TabPFN,break_even,Female vs Male,True,0.0,0.0,1.0,1.0,0.0,1.0,0.0,1.0,1.0
X1_to_X3,race_proxy_blind,TabPFN,break_even,Hispanic vs Caucasian,True,0.0,0.0,1.0,1.0,0.0,1.0,0.0,1.0,1.0
X1_to_X3,race_proxy_blind,TabPFN,break_even,Other vs Caucasian,True,0.0,0.0,1.0,1.0,0.0,1.0,0.0,1.0,1.0
X1_to_X3,sex_blind,COMPAS tool,0.5,African-American vs Caucasian,False,-0.2627627627627628,0.1568172442244224,1.5847951579904764e-08,0.0004329808176416,0.2372372372372372,0.4224422442244224,0.5,0.265625,9.316832955230614e-11
X1_to_X3,sex_blind,COMPAS tool,0.5,Female vs Male,False,-0.0471636546184738,0.0031015240685894,1.0,0.9424317521274836,0.3132530120481928,0.3178807947019867,0.3604166666666666,0.3147792706333973,0.8910685887872078
X1_to_X3,sex_blind,COMPAS tool,0.5,Hispanic vs Caucasian,False,0.0641025641025641,-0.0625,1.0,0.6073865813925219,0.5641025641025641,0.203125,0.5,0.265625,0.8910685887872078
X1_to_X3,sex_blind,COMPAS tool,0.5,Other vs Caucasian,False,0.0769230769230768,-0.1958575581395348,1.0,0.0156781578647862,0.5769230769230769,0.0697674418604651,0.5,0.265625,0.0184747920878291
X1_to_X3,sex_blind,COMPAS tool,break_even,African-American vs Caucasian,False,-0.2627627627627628,0.1568172442244224,1.5847951579904764e-08,0.0004329808176416,0.2372372372372372,0.4224422442244224,0.5,0.265625,9.316832955230614e-11
X1_to_X3,sex_blind,COMPAS tool,break_even,Female vs Male,False,-0.0471636546184738,0.0031015240685894,1.0,0.9424317521274836,0.3132530120481928,0.3178807947019867,0.3604166666666666,0.3147792706333973,0.8910685887872078
X1_to_X3,sex_blind,COMPAS tool,break_even,Hispanic vs Caucasian,False,0.0641025641025641,-0.0625,1.0,0.6073865813925219,0.5641025641025641,0.203125,0.5,0.265625,0.8910685887872078
X1_to_X3,sex_blind,COMPAS tool,break_even,Other vs Caucasian,False,0.0769230769230768,-0.1958575581395348,1.0,0.0156781578647862,0.5769230769230769,0.0697674418604651,0.5,0.265625,0.0184747920878291
X1_to_X3,sex_blind,TabPFN,0.5,African-American vs Caucasian,False,-0.291529334212261,0.1121596534653465,2.396912296339649e-09,0.0150875318210617,0.3243243243243243,0.3465346534653465,0.6158536585365854,0.234375,2.8117740854606686e-10
X1_to_X3,sex_blind,TabPFN,0.5,Female vs Male,False,0.2186244979919678,-0.001893963468114,0.0006051418737159,0.9630258557035668,0.6144578313253012,0.2649006622516556,0.3958333333333333,0.2667946257197697,0.0032056759554201
X1_to_X3,sex_blind,TabPFN,0.5,Hispanic vs Caucasian,False,-0.1286741713570982,-0.09375,0.2729479888056055,0.247033798361491,0.4871794871794871,0.140625,0.6158536585365854,0.234375,0.1227975178689819
X1_to_X3,sex_blind,TabPFN,0.5,Other vs Caucasian,False,-0.1543151969981238,-0.1180959302325581,0.2729479888056055,0.247033798361491,0.4615384615384615,0.1162790697674418,0.6158536585365854,0.234375,0.1227975178689819
X1_to_X3,sex_blind,TabPFN,break_even,African-American vs Caucasian,False,-0.1114040870138431,0.1861334570957096,0.0036279421370067,2.3885045951529968e-05,0.1081081081081081,0.7095709570957096,0.2195121951219512,0.5234375,7.378286610830026e-07
X1_to_X3,sex_blind,TabPFN,break_even,Female vs Male,False,0.095582329317269,-0.0124188074385732,0.0699983562635776,1.0,0.2289156626506024,0.5960264900662252,0.1333333333333333,0.6084452975047985,0.2837148138590448
X1_to_X3,sex_blind,TabPFN,break_even,Hispanic vs Caucasian,False,-0.0400250156347717,0.0234375,0.8908721591785524,1.0,0.1794871794871795,0.546875,0.2195121951219512,0.5234375,1.0
X1_to_X3,sex_blind,TabPFN,break_even,Other vs Caucasian,False,-0.0656660412757973,-0.0583212209302325,0.8908721591785524,1.0,0.1538461538461538,0.4651162790697674,0.2195121951219512,0.5234375,1.0
X2_to_X3,age_blind,COMPAS tool,0.5,African-American vs Caucasian,False,-0.2627627627627628,0.1568172442244224,1.5847951579904764e-08,0.0004329808176416,0.2372372372372372,0.4224422442244224,0.5,0.265625,9.316832955230614e-11
X2_to_X3,age_blind,COMPAS tool,0.5,Female vs Male,False,-0.0471636546184738,0.0031015240685894,1.0,0.9424317521274836,0.3132530120481928,0.3178807947019867,0.3604166666666666,0.3147792706333973,0.8910685887872078
X2_to_X3,age_blind,COMPAS tool,0.5,Hispanic vs Caucasian,False,0.0641025641025641,-0.0625,1.0,0.6073865813925219,0.5641025641025641,0.203125,0.5,0.265625,0.8910685887872078
X2_to_X3,age_blind,COMPAS tool,0.5,Other vs Caucasian,False,0.0769230769230768,-0.1958575581395348,1.0,0.0156781578647862,0.5769230769230769,0.0697674418604651,0.5,0.265625,0.0184747920878291
X2_to_X3,age_blind,COMPAS tool,break_even,African-American vs Caucasian,False,-0.2627627627627628,0.1568172442244224,1.5847951579904764e-08,0.0004329808176416,0.2372372372372372,0.4224422442244224,0.5,0.265625,9.316832955230614e-11
X2_to_X3,age_blind,COMPAS tool,break_even,Female vs Male,False,-0.0471636546184738,0.0031015240685894,1.0,0.9424317521274836,0.3132530120481928,0.3178807947019867,0.3604166666666666,0.3147792706333973,0.8910685887872078
X2_to_X3,age_blind,COMPAS tool,break_even,Hispanic vs Caucasian,False,0.0641025641025641,-0.0625,1.0,0.6073865813925219,0.5641025641025641,0.203125,0.5,0.265625,0.8910685887872078
X2_to_X3,age_blind,COMPAS tool,break_even,Other vs Caucasian,False,0.0769230769230768,-0.1958575581395348,1.0,0.0156781578647862,0.5769230769230769,0.0697674418604651,0.5,0.265625,0.0184747920878291
X2_to_X3,age_blind,TabPFN,0.5,African-American vs Caucasian,False,-0.2901743206621255,0.2017326732673267,4.366919183690684e-09,8.091221801692778e-08,0.4354354354354354,0.3267326732673267,0.725609756097561,0.125,1.3962410191370688e-15
X2_to_X3,age_blind,TabPFN,0.5,Female vs Male,False,0.2402861445783132,-0.0978759644595848,0.0001431294344578,0.027350366420389,0.7590361445783133,0.1324503311258278,0.51875,0.2303262955854126,1.231404819754009e-05
X2_to_X3,age_blind,TabPFN,0.5,Hispanic vs Caucasian,False,0.0692620387742338,-0.03125,0.4991537293424795,0.5944201089983874,0.7948717948717948,0.09375,0.725609756097561,0.125,0.5761932667031645
X2_to_X3,age_blind,TabPFN,0.5,Other vs Caucasian,False,-0.1102251407129455,-0.0552325581395348,0.4991537293424795,0.5944201089983874,0.6153846153846154,0.0697674418604651,0.725609756097561,0.125,0.5761932667031645
X2_to_X3,age_blind,TabPFN,break_even,African-American vs Caucasian,False,-0.052149710686296,0.0709828795379537,0.0130783237904531,0.002020349522091,0.021021021021021,0.9537953795379538,0.073170731707317,0.8828125,0.000540405041609
X2_to_X3,age_blind,TabPFN,break_even,Female vs Male,False,0.2446787148594377,-0.3267150538317804,6.61395924491965e-23,2.007404344079505e-27,0.253012048192771,0.6291390728476821,0.0083333333333333,0.9558541266794626,1.3427781071552753e-35
X2_to_X3,age_blind,TabPFN,break_even,Hispanic vs Caucasian,False,0.0806754221388367,-0.1640625,0.2223111652967102,0.002020349522091,0.1538461538461538,0.71875,0.073170731707317,0.8828125,0.0028248117503455
X2_to_X3,age_blind,TabPFN,break_even,Other vs Caucasian,False,-0.073170731707317,-0.2316497093023255,0.2223111652967102,0.0002538237258651,0.0,0.6511627906976745,0.073170731707317,0.8828125,0.0005598218274668
X2_to_X3,protected_blind,COMPAS tool,0.5,African-American vs Caucasian,False,-0.2627627627627628,0.1568172442244224,1.5847951579904764e-08,0.0004329808176416,0.2372372372372372,0.4224422442244224,0.5,0.265625,9.316832955230614e-11
X2_to_X3,protected_blind,COMPAS tool,0.5,Female vs Male,False,-0.0471636546184738,0.0031015240685894,1.0,0.9424317521274836,0.3132530120481928,0.3178807947019867,0.3604166666666666,0.3147792706333973,0.8910685887872078
X2_to_X3,protected_blind,COMPAS tool,0.5,Hispanic vs Caucasian,False,0.0641025641025641,-0.0625,1.0,0.6073865813925219,0.5641025641025641,0.203125,0.5,0.265625,0.8910685887872078
X2_to_X3,protected_blind,COMPAS tool,0.5,Other vs Caucasian,False,0.0769230769230768,-0.1958575581395348,1.0,0.0156781578647862,0.5769230769230769,0.0697674418604651,0.5,0.265625,0.0184747920878291
X2_to_X3,protected_blind,COMPAS tool,break_even,African-American vs Caucasian,False,-0.2627627627627628,0.1568172442244224,1.5847951579904764e-08,0.0004329808176416,0.2372372372372372,0.4224422442244224,0.5,0.265625,9.316832955230614e-11
X2_to_X3,protected_blind,COMPAS tool,break_even,Female vs Male,False,-0.0471636546184738,0.0031015240685894,1.0,0.9424317521274836,0.3132530120481928,0.3178807947019867,0.3604166666666666,0.3147792706333973,0.8910685887872078
X2_to_X3,protected_blind,COMPAS tool,break_even,Hispanic vs Caucasian,False,0.0641025641025641,-0.0625,1.0,0.6073865813925219,0.5641025641025641,0.203125,0.5,0.265625,0.8910685887872078
X2_to_X3,protected_blind,COMPAS tool,break_even,Other vs Caucasian,False,0.0769230769230768,-0.1958575581395348,1.0,0.0156781578647862,0.5769230769230769,0.0697674418604651,0.5,0.265625,0.0184747920878291
X2_to_X3,protected_blind,TabPFN,0.5,African-American vs Caucasian,False,-0.1778729949461657,0.0873040429042904,0.0007519630356023,0.0704593670216298,0.4684684684684684,0.2904290429042904,0.6463414634146342,0.203125,0.0001998325656221
X2_to_X3,protected_blind,TabPFN,0.5,Female vs Male,False,0.1904618473895583,-0.0211895107472893,0.0039419674372787,0.5810094425993392,0.6987951807228916,0.2052980132450331,0.5083333333333333,0.2264875239923224,0.0126110644677433
X2_to_X3,protected_blind,TabPFN,0.5,Hispanic vs Caucasian,False,0.0203252032520324,-0.109375,0.8109249504566289,0.1102625540308245,0.6666666666666666,0.09375,0.6463414634146342,0.203125,0.0941369137008177
X2_to_X3,protected_blind,TabPFN,0.5,Other vs Caucasian,False,-0.1463414634146341,-0.1333575581395348,0.3037082315415178,0.1102625540308245,0.5,0.0697674418604651,0.6463414634146342,0.203125,0.0528039134056937
X2_to_X3,protected_blind,TabPFN,break_even,African-American vs Caucasian,False,-0.0377755804585072,0.0973081683168316,0.3352147322945924,0.020425268818013,0.078078078078078,0.8316831683168316,0.1158536585365853,0.734375,0.0242251798913214
X2_to_X3,protected_blind,TabPFN,break_even,Female vs Male,False,0.105722891566265,-0.0576069962247842,0.0077779973658654,0.3976829369502851,0.180722891566265,0.7350993377483444,0.075,0.7927063339731286,0.0242251798913214
X2_to_X3,protected_blind,TabPFN,break_even,Hispanic vs Caucasian,False,0.0379924953095684,0.0,0.5163621732615542,1.0,0.1538461538461538,0.734375,0.1158536585365853,0.734375,0.818331794010394
X2_to_X3,protected_blind,TabPFN,break_even,Other vs Caucasian,False,-0.1158536585365853,0.0330668604651163,0.2019971398775242,1.0,0.0,0.7674418604651163,0.1158536585365853,0.734375,0.0933105181137314
X2_to_X3,race_aware,COMPAS tool,0.5,African-American vs Caucasian,False,-0.2627627627627628,0.1568172442244224,1.5847951579904764e-08,0.0004329808176416,0.2372372372372372,0.4224422442244224,0.5,0.265625,9.316832955230614e-11
X2_to_X3,race_aware,COMPAS tool,0.5,Female vs Male,False,-0.0471636546184738,0.0031015240685894,1.0,0.9424317521274836,0.3132530120481928,0.3178807947019867,0.3604166666666666,0.3147792706333973,0.8910685887872078
X2_to_X3,race_aware,COMPAS tool,0.5,Hispanic vs Caucasian,False,0.0641025641025641,-0.0625,1.0,0.6073865813925219,0.5641025641025641,0.203125,0.5,0.265625,0.8910685887872078
X2_to_X3,race_aware,COMPAS tool,0.5,Other vs Caucasian,False,0.0769230769230768,-0.1958575581395348,1.0,0.0156781578647862,0.5769230769230769,0.0697674418604651,0.5,0.265625,0.0184747920878291
X2_to_X3,race_aware,COMPAS tool,break_even,African-American vs Caucasian,False,-0.2627627627627628,0.1568172442244224,1.5847951579904764e-08,0.0004329808176416,0.2372372372372372,0.4224422442244224,0.5,0.265625,9.316832955230614e-11
X2_to_X3,race_aware,COMPAS tool,break_even,Female vs Male,False,-0.0471636546184738,0.0031015240685894,1.0,0.9424317521274836,0.3132530120481928,0.3178807947019867,0.3604166666666666,0.3147792706333973,0.8910685887872078
X2_to_X3,race_aware,COMPAS tool,break_even,Hispanic vs Caucasian,False,0.0641025641025641,-0.0625,1.0,0.6073865813925219,0.5641025641025641,0.203125,0.5,0.265625,0.8910685887872078
X2_to_X3,race_aware,COMPAS tool,break_even,Other vs Caucasian,False,0.0769230769230768,-0.1958575581395348,1.0,0.0156781578647862,0.5769230769230769,0.0697674418604651,0.5,0.265625,0.0184747920878291
X2_to_X3,race_aware,TabPFN,0.5,African-American vs Caucasian,False,-0.2827949901120632,0.1554635932343234,9.758381714698802e-09,9.913789535240808e-05,0.3513513513513513,0.3234323432343234,0.6341463414634146,0.16796875,7.652228625042949e-12
X2_to_X3,race_aware,TabPFN,0.5,Female vs Male,False,0.2376506024096386,-0.0820378538470338,0.0001812909350844,0.10407548083938,0.6626506024096386,0.1655629139072847,0.425,0.2476007677543186,8.709102724653352e-05
X2_to_X3,race_aware,TabPFN,0.5,Hispanic vs Caucasian,False,-0.0187617260787992,-0.04296875,0.827279284010141,0.7858214259167358,0.6153846153846154,0.125,0.6341463414634146,0.16796875,0.6743030020459714
X2_to_X3,race_aware,TabPFN,0.5,Other vs Caucasian,False,-0.1341463414634146,-0.0516896802325581,0.3827642251155632,0.7858214259167358,0.5,0.1162790697674418,0.6341463414634146,0.16796875,0.5871325471290731
X2_to_X3,race_aware,TabPFN,break_even,African-American vs Caucasian,False,-0.0773639493151688,0.1241104579207921,0.0210524308457354,0.0027628138680566,0.075075075075075,0.7920792079207921,0.1524390243902439,0.66796875,0.0003995535790854
X2_to_X3,race_aware,TabPFN,break_even,Female vs Male,False,0.1659638554216867,-0.1724015202552402,1.235904605997761e-05,0.0001581680290945,0.2409638554216867,0.5761589403973509,0.075,0.7485604606525912,2.203426287803013e-07
X2_to_X3,race_aware,TabPFN,break_even,Hispanic vs Caucasian,False,-0.0242338961851157,-0.04296875,0.7014953819049521,0.5164943492339549,0.1282051282051282,0.625,0.1524390243902439,0.66796875,0.7529525456131896
X2_to_X3,race_aware,TabPFN,break_even,Other vs Caucasian,False,-0.1139774859287054,-0.1330850290697675,0.2323322122274475,0.181406161988496,0.0384615384615384,0.5348837209302325,0.1524390243902439,0.66796875,0.1016721728290695
X2_to_X3,race_blind,COMPAS tool,0.5,African-American vs Caucasian,False,-0.2627627627627628,0.1568172442244224,1.5847951579904764e-08,0.0004329808176416,0.2372372372372372,0.4224422442244224,0.5,0.265625,9.316832955230614e-11
X2_to_X3,race_blind,COMPAS tool,0.5,Female vs Male,False,-0.0471636546184738,0.0031015240685894,1.0,0.9424317521274836,0.3132530120481928,0.3178807947019867,0.3604166666666666,0.3147792706333973,0.8910685887872078
X2_to_X3,race_blind,COMPAS tool,0.5,Hispanic vs Caucasian,False,0.0641025641025641,-0.0625,1.0,0.6073865813925219,0.5641025641025641,0.203125,0.5,0.265625,0.8910685887872078
X2_to_X3,race_blind,COMPAS tool,0.5,Other vs Caucasian,False,0.0769230769230768,-0.1958575581395348,1.0,0.0156781578647862,0.5769230769230769,0.0697674418604651,0.5,0.265625,0.0184747920878291
X2_to_X3,race_blind,COMPAS tool,break_even,African-American vs Caucasian,False,-0.2627627627627628,0.1568172442244224,1.5847951579904764e-08,0.0004329808176416,0.2372372372372372,0.4224422442244224,0.5,0.265625,9.316832955230614e-11
X2_to_X3,race_blind,COMPAS tool,break_even,Female vs Male,False,-0.0471636546184738,0.0031015240685894,1.0,0.9424317521274836,0.3132530120481928,0.3178807947019867,0.3604166666666666,0.3147792706333973,0.8910685887872078
X2_to_X3,race_blind,COMPAS tool,break_even,Hispanic vs Caucasian,False,0.0641025641025641,-0.0625,1.0,0.6073865813925219,0.5641025641025641,0.203125,0.5,0.265625,0.8910685887872078
X2_to_X3,race_blind,COMPAS tool,break_even,Other vs Caucasian,False,0.0769230769230768,-0.1958575581395348,1.0,0.0156781578647862,0.5769230769230769,0.0697674418604651,0.5,0.265625,0.0184747920878291
X2_to_X3,race_blind,TabPFN,0.5,African-American vs Caucasian,False,-0.2524902951732219,0.1272431930693069,4.064218892702607e-07,0.0020992205875498,0.3633633633633634,0.3069306930693069,0.6158536585365854,0.1796875,5.918190706868539e-09
X2_to_X3,race_blind,TabPFN,0.5,Female vs Male,False,0.3045933734939758,-0.120908594018126,7.848761308599877e-07,0.0052982838239374,0.7108433734939759,0.1324503311258278,0.40625,0.2533589251439539,2.1415286325821936e-08
X2_to_X3,race_blind,TabPFN,0.5,Hispanic vs Caucasian,False,-0.1286741713570982,-0.0546875,0.2729479888056055,0.592226009871518,0.4871794871794871,0.125,0.6158536585365854,0.1796875,0.3817327807510143
X2_to_X3,race_blind,TabPFN,0.5,Other vs Caucasian,False,-0.1543151969981238,-0.0634084302325581,0.2729479888056055,0.592226009871518,0.4615384615384615,0.1162790697674418,0.6158536585365854,0.1796875,0.3817327807510143
X2_to_X3,race_blind,TabPFN,break_even,African-American vs Caucasian,False,-0.1043909763421958,0.190117058580858,0.0002089255865603,2.946889103908507e-07,0.048048048048048,0.858085808580858,0.1524390243902439,0.66796875,1.1747050915958643e-09
X2_to_X3,race_blind,TabPFN,break_even,Female vs Male,False,0.18679718875502,-0.2376606373377738,3.862202124694368e-08,6.782516625715755e-09,0.2409638554216867,0.5761589403973509,0.0541666666666666,0.8138195777351248,9.751113856432704e-13
X2_to_X3,race_blind,TabPFN,break_even,Hispanic vs Caucasian,False,-0.0498749218261413,0.05078125,0.4236885291760064,0.8734331426670667,0.1025641025641025,0.71875,0.1524390243902439,0.66796875,0.5216642776081066
X2_to_X3,race_blind,TabPFN,break_even,Other vs Caucasian,False,-0.1139774859287054,0.0297056686046511,0.2323322122274475,0.8734331426670667,0.0384615384615384,0.6976744186046512,0.1524390243902439,0.66796875,0.3773913794759778
X2_to_X3,race_priors_blind,COMPAS tool,0.5,African-American vs Caucasian,False,-0.2627627627627628,0.1568172442244224,1.5847951579904764e-08,0.0004329808176416,0.2372372372372372,0.4224422442244224,0.5,0.265625,9.316832955230614e-11
X2_to_X3,race_priors_blind,COMPAS tool,0.5,Female vs Male,False,-0.0471636546184738,0.0031015240685894,1.0,0.9424317521274836,0.3132530120481928,0.3178807947019867,0.3604166666666666,0.3147792706333973,0.8910685887872078
X2_to_X3,race_priors_blind,COMPAS tool,0.5,Hispanic vs Caucasian,False,0.0641025641025641,-0.0625,1.0,0.6073865813925219,0.5641025641025641,0.203125,0.5,0.265625,0.8910685887872078
X2_to_X3,race_priors_blind,COMPAS tool,0.5,Other vs Caucasian,False,0.0769230769230768,-0.1958575581395348,1.0,0.0156781578647862,0.5769230769230769,0.0697674418604651,0.5,0.265625,0.0184747920878291
X2_to_X3,race_priors_blind,COMPAS tool,break_even,African-American vs Caucasian,False,-0.2627627627627628,0.1568172442244224,1.5847951579904764e-08,0.0004329808176416,0.2372372372372372,0.4224422442244224,0.5,0.265625,9.316832955230614e-11
X2_to_X3,race_priors_blind,COMPAS tool,break_even,Female vs Male,False,-0.0471636546184738,0.0031015240685894,1.0,0.9424317521274836,0.3132530120481928,0.3178807947019867,0.3604166666666666,0.3147792706333973,0.8910685887872078
X2_to_X3,race_priors_blind,COMPAS tool,break_even,Hispanic vs Caucasian,False,0.0641025641025641,-0.0625,1.0,0.6073865813925219,0.5641025641025641,0.203125,0.5,0.265625,0.8910685887872078
X2_to_X3,race_priors_blind,COMPAS tool,break_even,Other vs Caucasian,False,0.0769230769230768,-0.1958575581395348,1.0,0.0156781578647862,0.5769230769230769,0.0697674418604651,0.5,0.265625,0.0184747920878291
X2_to_X3,race_priors_blind,TabPFN,0.5,African-American vs Caucasian,False,-0.1127957225518201,0.1192373143564356,0.0513770124287689,0.0114758482788905,0.3993993993993994,0.4356435643564356,0.5121951219512195,0.31640625,0.0026235863303268
X2_to_X3,race_priors_blind,TabPFN,0.5,Female vs Male,False,0.6645833333333333,-0.4856046065259117,6.466559423742679e-29,8.476338556114331e-27,1.0,0.0,0.3354166666666666,0.4856046065259117,5.415423009163057e-71
X2_to_X3,race_priors_blind,TabPFN,0.5,Hispanic vs Caucasian,False,-0.0762976860537836,0.05859375,0.4534513442142369,0.7437784001600114,0.4358974358974359,0.375,0.5121951219512195,0.31640625,0.9354463138708504
X2_to_X3,race_priors_blind,TabPFN,0.5,Other vs Caucasian,False,-0.1275797373358349,0.0091751453488372,0.4534513442142369,0.9048229913852956,0.3846153846153846,0.3255813953488372,0.5121951219512195,0.31640625,0.9354463138708504
X2_to_X3,race_priors_blind,TabPFN,break_even,African-American vs Caucasian,False,-0.0274848018750457,0.04088025990099,0.0250083627995645,0.011630073106351,0.003003003003003,0.99009900990099,0.0304878048780487,0.94921875,0.0013984480584237
X2_to_X3,race_priors_blind,TabPFN,break_even,Female vs Male,False,0.072289156626506,-0.119205298013245,1.2705751366437117e-08,5.465931136330188e-15,0.072289156626506,0.8807947019867549,0.0,1.0,3.018699864555054e-17
X2_to_X3,race_priors_blind,TabPFN,break_even,Hispanic vs Caucasian,False,-0.0304878048780487,0.01953125,0.5390942393538054,0.5084971390779454,0.0,0.96875,0.0304878048780487,0.94921875,0.2667495913104744
X2_to_X3,race_priors_blind,TabPFN,break_even,Other vs Caucasian,False,-0.0304878048780487,0.05078125,0.5390942393538054,0.2616229368738194,0.0,1.0,0.0304878048780487,0.94921875,0.1199418334922343
X2_to_X3,race_proxy_blind,COMPAS tool,0.5,African-American vs Caucasian,False,-0.2627627627627628,0.1568172442244224,1.5847951579904764e-08,0.0004329808176416,0.2372372372372372,0.4224422442244224,0.5,0.265625,9.316832955230614e-11
X2_to_X3,race_proxy_blind,COMPAS tool,0.5,Female vs Male,False,-0.0471636546184738,0.0031015240685894,1.0,0.9424317521274836,0.3132530120481928,0.3178807947019867,0.3604166666666666,0.3147792706333973,0.8910685887872078
X2_to_X3,race_proxy_blind,COMPAS tool,0.5,Hispanic vs Caucasian,False,0.0641025641025641,-0.0625,1.0,0.6073865813925219,0.5641025641025641,0.203125,0.5,0.265625,0.8910685887872078
X2_to_X3,race_proxy_blind,COMPAS tool,0.5,Other vs Caucasian,False,0.0769230769230768,-0.1958575581395348,1.0,0.0156781578647862,0.5769230769230769,0.0697674418604651,0.5,0.265625,0.0184747920878291
X2_to_X3,race_proxy_blind,COMPAS tool,break_even,African-American vs Caucasian,False,-0.2627627627627628,0.1568172442244224,1.5847951579904764e-08,0.0004329808176416,0.2372372372372372,0.4224422442244224,0.5,0.265625,9.316832955230614e-11
X2_to_X3,race_proxy_blind,COMPAS tool,break_even,Female vs Male,False,-0.0471636546184738,0.0031015240685894,1.0,0.9424317521274836,0.3132530120481928,0.3178807947019867,0.3604166666666666,0.3147792706333973,0.8910685887872078
X2_to_X3,race_proxy_blind,COMPAS tool,break_even,Hispanic vs Caucasian,False,0.0641025641025641,-0.0625,1.0,0.6073865813925219,0.5641025641025641,0.203125,0.5,0.265625,0.8910685887872078
X2_to_X3,race_proxy_blind,COMPAS tool,break_even,Other vs Caucasian,False,0.0769230769230768,-0.1958575581395348,1.0,0.0156781578647862,0.5769230769230769,0.0697674418604651,0.5,0.265625,0.0184747920878291
X2_to_X3,race_proxy_blind,TabPFN,0.5,African-American vs Caucasian,False,-0.0814289899655752,0.0535530115511551,0.1288958209794117,0.1835380806627241,0.7417417417417418,0.1551155115511551,0.823170731707317,0.1015625,0.0607520644223733
X2_to_X3,race_proxy_blind,TabPFN,0.5,Female vs Male,False,0.2770833333333333,-0.1689059500959693,1.6318513182062186e-07,2.419172005430815e-07,1.0,0.0,0.7229166666666667,0.1689059500959693,2.66000048984062e-21
X2_to_X3,race_proxy_blind,TabPFN,0.5,Hispanic vs Caucasian,False,-0.0795809881175734,0.0390625,0.2568555656143025,0.7409891580935359,0.7435897435897436,0.140625,0.823170731707317,0.1015625,0.6316284137760456
X2_to_X3,race_proxy_blind,TabPFN,0.5,Other vs Caucasian,False,-0.1308630393996247,0.0147165697674418,0.2349267863595319,0.7695837503588311,0.6923076923076923,0.1162790697674418,0.823170731707317,0.1015625,0.6316284137760456
X2_to_X3,race_proxy_blind,TabPFN,break_even,African-American vs Caucasian,True,0.0,0.0,1.0,1.0,0.0,1.0,0.0,1.0,1.0
X2_to_X3,race_proxy_blind,TabPFN,break_even,Female vs Male,True,0.0,0.0,1.0,1.0,0.0,1.0,0.0,1.0,1.0
X2_to_X3,race_proxy_blind,TabPFN,break_even,Hispanic vs Caucasian,True,0.0,0.0,1.0,1.0,0.0,1.0,0.0,1.0,1.0
X2_to_X3,race_proxy_blind,TabPFN,break_even,Other vs Caucasian,True,0.0,0.0,1.0,1.0,0.0,1.0,0.0,1.0,1.0
X2_to_X3,sex_blind,COMPAS tool,0.5,African-American vs Caucasian,False,-0.2627627627627628,0.1568172442244224,1.5847951579904764e-08,0.0004329808176416,0.2372372372372372,0.4224422442244224,0.5,0.265625,9.316832955230614e-11
X2_to_X3,sex_blind,COMPAS tool,0.5,Female vs Male,False,-0.0471636546184738,0.0031015240685894,1.0,0.9424317521274836,0.3132530120481928,0.3178807947019867,0.3604166666666666,0.3147792706333973,0.8910685887872078
X2_to_X3,sex_blind,COMPAS tool,0.5,Hispanic vs Caucasian,False,0.0641025641025641,-0.0625,1.0,0.6073865813925219,0.5641025641025641,0.203125,0.5,0.265625,0.8910685887872078
X2_to_X3,sex_blind,COMPAS tool,0.5,Other vs Caucasian,False,0.0769230769230768,-0.1958575581395348,1.0,0.0156781578647862,0.5769230769230769,0.0697674418604651,0.5,0.265625,0.0184747920878291
X2_to_X3,sex_blind,COMPAS tool,break_even,African-American vs Caucasian,False,-0.2627627627627628,0.1568172442244224,1.5847951579904764e-08,0.0004329808176416,0.2372372372372372,0.4224422442244224,0.5,0.265625,9.316832955230614e-11
X2_to_X3,sex_blind,COMPAS tool,break_even,Female vs Male,False,-0.0471636546184738,0.0031015240685894,1.0,0.9424317521274836,0.3132530120481928,0.3178807947019867,0.3604166666666666,0.3147792706333973,0.8910685887872078
X2_to_X3,sex_blind,COMPAS tool,break_even,Hispanic vs Caucasian,False,0.0641025641025641,-0.0625,1.0,0.6073865813925219,0.5641025641025641,0.203125,0.5,0.265625,0.8910685887872078
X2_to_X3,sex_blind,COMPAS tool,break_even,Other vs Caucasian,False,0.0769230769230768,-0.1958575581395348,1.0,0.0156781578647862,0.5769230769230769,0.0697674418604651,0.5,0.265625,0.0184747920878291
X2_to_X3,sex_blind,TabPFN,0.5,African-American vs Caucasian,False,-0.2918039991210723,0.15815800330033,2.8319871315778355e-09,8.168653736945623e-05,0.3423423423423423,0.33003300330033,0.6341463414634146,0.171875,1.9234344977957537e-12
X2_to_X3,sex_blind,TabPFN,0.5,Female vs Male,False,0.2035893574297189,-0.0299220805633587,0.00174182323672,1.0,0.6265060240963856,0.2119205298013245,0.4229166666666666,0.2418426103646833,0.0060230195092794
X2_to_X3,sex_blind,TabPFN,0.5,Hispanic vs Caucasian,False,-0.0444027517198248,-0.03125,0.6065561308990495,1.0,0.5897435897435898,0.140625,0.6341463414634146,0.171875,0.7273640754483015
X2_to_X3,sex_blind,TabPFN,0.5,Other vs Caucasian,False,-0.1341463414634146,-0.0555959302325581,0.3827642251155632,1.0,0.5,0.1162790697674418,0.6341463414634146,0.171875,0.5553178064161507
X2_to_X3,sex_blind,TabPFN,break_even,African-American vs Caucasian,False,-0.059620596205962,0.1131265470297029,0.1913819317041937,0.0206930527056397,0.1111111111111111,0.7029702970297029,0.1707317073170731,0.58984375,0.0153461253093365
X2_to_X3,sex_blind,TabPFN,break_even,Female vs Male,False,0.0860692771084337,-0.0232614305144207,0.1285006481776202,0.9165289919293382,0.2048192771084337,0.6158940397350994,0.11875,0.6391554702495201,0.3323352547717365
X2_to_X3,sex_blind,TabPFN,break_even,Hispanic vs Caucasian,False,-0.0425265791119449,0.05078125,1.0,0.9165289919293382,0.1282051282051282,0.640625,0.1707317073170731,0.58984375,0.6081864100899017
X2_to_X3,sex_blind,TabPFN,break_even,Other vs Caucasian,False,-0.0168855534709193,-0.1712390988372092,1.0,0.1082640008861424,0.1538461538461538,0.4186046511627907,0.1707317073170731,0.58984375,0.3323352547717365
holdout,age_blind,COMPAS tool,0.5,African-American vs Caucasian,False,-0.2025440313111546,0.1840754612290192,2.894277528326415e-07,4.030373355222686e-08,0.2974559686888454,0.4112359550561797,0.5,0.2271604938271605,1.4880758272779312e-13
holdout,age_blind,COMPAS tool,0.5,Female vs Male,False,0.0174965908591034,-0.0418952701207911,0.7608067118151864,0.4405480952333562,0.4015748031496063,0.2660944206008583,0.3840782122905028,0.3079896907216495,0.6374824998621046
holdout,age_blind,COMPAS tool,0.5,Hispanic vs Caucasian,False,0.0999999999999999,-0.0296296296296296,0.4965535760924101,0.558184649422657,0.6,0.1975308641975308,0.5,0.2271604938271605,0.6374824998621046
holdout,age_blind,COMPAS tool,0.5,Other vs Caucasian,False,0.086206896551724,-0.0948075526506899,0.7608067118151864,0.232530254453451,0.5862068965517241,0.1323529411764706,0.5,0.2271604938271605,0.3680129332183688
holdout,age_blind,COMPAS tool,break_even,African-American vs Caucasian,False,-0.2025440313111546,0.1840754612290192,2.894277528326415e-07,4.030373355222686e-08,0.2974559686888454,0.4112359550561797,0.5,0.2271604938271605,1.4880758272779312e-13
holdout,age_blind,COMPAS tool,break_even,Female vs Male,False,0.0174965908591034,-0.0418952701207911,0.7608067118151864,0.4405480952333562,0.4015748031496063,0.2660944206008583,0.3840782122905028,0.3079896907216495,0.6374824998621046
holdout,age_blind,COMPAS tool,break_even,Hispanic vs Caucasian,False,0.0999999999999999,-0.0296296296296296,0.4965535760924101,0.558184649422657,0.6,0.1975308641975308,0.5,0.2271604938271605,0.6374824998621046
holdout,age_blind,COMPAS tool,break_even,Other vs Caucasian,False,0.086206896551724,-0.0948075526506899,0.7608067118151864,0.232530254453451,0.5862068965517241,0.1323529411764706,0.5,0.2271604938271605,0.3680129332183688
holdout,age_blind,TabPFN,0.5,African-American vs Caucasian,False,-0.3125244618395303,0.1745595783048966,5.395642538033712e-15,1.69489565395401e-08,0.3874755381604696,0.3325842696629214,0.7,0.1580246913580247,6.050009747346134e-22
holdout,age_blind,TabPFN,0.5,Female vs Male,False,0.2166564025865481,-0.164174151586213,2.0284557143401775e-05,4.249042007057713e-07,0.6929133858267716,0.0987124463519313,0.4762569832402235,0.2628865979381443,1.2466449571829636e-11
holdout,age_blind,TabPFN,0.5,Hispanic vs Caucasian,False,-0.0666666666666666,-0.0345679012345679,0.6387371031989666,0.4292413200445256,0.6333333333333333,0.1234567901234567,0.7,0.1580246913580247,0.4437389329679242
holdout,age_blind,TabPFN,0.5,Other vs Caucasian,False,0.0586206896551724,-0.0844952795933188,0.6387371031989666,0.1355372016131943,0.7586206896551724,0.0735294117647058,0.7,0.1580246913580247,0.2322256250791144
holdout,age_blind,TabPFN,break_even,African-American vs Caucasian,False,-0.1735485975212002,0.2650298238313219,1.0801774590291217e-18,7.972626659491721e-23,0.009784735812133,0.9415730337078652,0.1833333333333333,0.6765432098765433,8.394396044067274e-40
holdout,age_blind,TabPFN,break_even,Female vs Male,False,0.1887344389213918,-0.3505209946462545,4.0683342989449554e-13,8.784387106872281e-29,0.2362204724409448,0.5064377682403434,0.047486033519553,0.8569587628865979,1.1004743074003646e-33
holdout,age_blind,TabPFN,break_even,Hispanic vs Caucasian,False,0.0166666666666666,0.0024691358024691,0.7669644911053032,0.9653989540280612,0.2,0.6790123456790124,0.1833333333333333,0.6765432098765433,0.9566931609327592
holdout,age_blind,TabPFN,break_even,Other vs Caucasian,False,-0.0798850574712643,-0.2353667392883079,0.569156291170714,0.0003567715843414,0.1034482758620689,0.4411764705882353,0.1833333333333333,0.6765432098765433,0.0012516210260205
holdout,protected_blind,COMPAS tool,0.5,African-American vs Caucasian,False,-0.2025440313111546,0.1840754612290192,2.894277528326415e-07,4.030373355222686e-08,0.2974559686888454,0.4112359550561797,0.5,0.2271604938271605,1.4880758272779312e-13
holdout,protected_blind,COMPAS tool,0.5,Female vs Male,False,0.0174965908591034,-0.0418952701207911,0.7608067118151864,0.4405480952333562,0.4015748031496063,0.2660944206008583,0.3840782122905028,0.3079896907216495,0.6374824998621046
holdout,protected_blind,COMPAS tool,0.5,Hispanic vs Caucasian,False,0.0999999999999999,-0.0296296296296296,0.4965535760924101,0.558184649422657,0.6,0.1975308641975308,0.5,0.2271604938271605,0.6374824998621046
holdout,protected_blind,COMPAS tool,0.5,Other vs Caucasian,False,0.086206896551724,-0.0948075526506899,0.7608067118151864,0.232530254453451,0.5862068965517241,0.1323529411764706,0.5,0.2271604938271605,0.3680129332183688
holdout,protected_blind,COMPAS tool,break_even,African-American vs Caucasian,False,-0.2025440313111546,0.1840754612290192,2.894277528326415e-07,4.030373355222686e-08,0.2974559686888454,0.4112359550561797,0.5,0.2271604938271605,1.4880758272779312e-13
holdout,protected_blind,COMPAS tool,break_even,Female vs Male,False,0.0174965908591034,-0.0418952701207911,0.7608067118151864,0.4405480952333562,0.4015748031496063,0.2660944206008583,0.3840782122905028,0.3079896907216495,0.6374824998621046
holdout,protected_blind,COMPAS tool,break_even,Hispanic vs Caucasian,False,0.0999999999999999,-0.0296296296296296,0.4965535760924101,0.558184649422657,0.6,0.1975308641975308,0.5,0.2271604938271605,0.6374824998621046
holdout,protected_blind,COMPAS tool,break_even,Other vs Caucasian,False,0.086206896551724,-0.0948075526506899,0.7608067118151864,0.232530254453451,0.5862068965517241,0.1323529411764706,0.5,0.2271604938271605,0.3680129332183688
holdout,protected_blind,TabPFN,0.5,African-American vs Caucasian,False,-0.2447243966079583,0.1134415314190595,1.5732610759018483e-09,0.0002845597326011,0.4344422700587084,0.2764044943820224,0.6791666666666667,0.1629629629629629,2.970519895565124e-12
holdout,protected_blind,TabPFN,0.5,Female vs Male,False,0.0974134518101438,-0.0911795938232821,0.1278443962254571,0.0072515203629263,0.6141732283464567,0.1330472103004291,0.5167597765363129,0.2242268041237113,0.0026651251171788
holdout,protected_blind,TabPFN,0.5,Hispanic vs Caucasian,False,-0.0458333333333333,-0.0395061728395061,0.7662970099777784,0.3715235782690409,0.6333333333333333,0.1234567901234567,0.6791666666666667,0.1629629629629629,0.5246450278475165
holdout,protected_blind,TabPFN,0.5,Other vs Caucasian,False,0.0794540229885056,-0.0747276688453159,0.7662970099777784,0.224895185729924,0.7586206896551724,0.088235294117647,0.6791666666666667,0.1629629629629629,0.3261370715274257
holdout,protected_blind,TabPFN,break_even,African-American vs Caucasian,False,-0.0673026744944553,0.1215147732001664,0.0139456492243853,2.398862322148454e-05,0.0743639921722113,0.8696629213483146,0.1416666666666666,0.7481481481481481,2.3491252041241103e-06
holdout,protected_blind,TabPFN,break_even,Female vs Male,False,0.056030880218185,-0.129026370514579,0.1635683778471955,7.632465448071171e-05,0.1496062992125984,0.6866952789699571,0.0935754189944134,0.8157216494845361,0.0001350624100242
holdout,protected_blind,TabPFN,break_even,Hispanic vs Caucasian,False,0.0416666666666666,-0.0444444444444444,0.8376607589722345,0.4047104646272159,0.1833333333333333,0.7037037037037037,0.1416666666666666,0.7481481481481481,0.5206072540316131
holdout,protected_blind,TabPFN,break_even,Other vs Caucasian,False,-0.0382183908045977,-0.1452069716775599,0.8376607589722345,0.0257028655027911,0.1034482758620689,0.6029411764705882,0.1416666666666666,0.7481481481481481,0.0921373208192552
holdout,race_aware,COMPAS tool,0.5,African-American vs Caucasian,False,-0.2025440313111546,0.1840754612290192,2.894277528326415e-07,4.030373355222686e-08,0.2974559686888454,0.4112359550561797,0.5,0.2271604938271605,1.4880758272779312e-13
holdout,race_aware,COMPAS tool,0.5,Female vs Male,False,0.0174965908591034,-0.0418952701207911,0.7608067118151864,0.4405480952333562,0.4015748031496063,0.2660944206008583,0.3840782122905028,0.3079896907216495,0.6374824998621046
holdout,race_aware,COMPAS tool,0.5,Hispanic vs Caucasian,False,0.0999999999999999,-0.0296296296296296,0.4965535760924101,0.558184649422657,0.6,0.1975308641975308,0.5,0.2271604938271605,0.6374824998621046
holdout,race_aware,COMPAS tool,0.5,Other vs Caucasian,False,0.086206896551724,-0.0948075526506899,0.7608067118151864,0.232530254453451,0.5862068965517241,0.1323529411764706,0.5,0.2271604938271605,0.3680129332183688
holdout,race_aware,COMPAS tool,break_even,African-American vs Caucasian,False,-0.2025440313111546,0.1840754612290192,2.894277528326415e-07,4.030373355222686e-08,0.2974559686888454,0.4112359550561797,0.5,0.2271604938271605,1.4880758272779312e-13
holdout,race_aware,COMPAS tool,break_even,Female vs Male,False,0.0174965908591034,-0.0418952701207911,0.7608067118151864,0.4405480952333562,0.4015748031496063,0.2660944206008583,0.3840782122905028,0.3079896907216495,0.6374824998621046
holdout,race_aware,COMPAS tool,break_even,Hispanic vs Caucasian,False,0.0999999999999999,-0.0296296296296296,0.4965535760924101,0.558184649422657,0.6,0.1975308641975308,0.5,0.2271604938271605,0.6374824998621046
holdout,race_aware,COMPAS tool,break_even,Other vs Caucasian,False,0.086206896551724,-0.0948075526506899,0.7608067118151864,0.232530254453451,0.5862068965517241,0.1323529411764706,0.5,0.2271604938271605,0.3680129332183688
holdout,race_aware,TabPFN,0.5,African-American vs Caucasian,False,-0.2918134377038487,0.1235677625190733,1.6092619306995661e-13,7.560239474969227e-05,0.324853228962818,0.298876404494382,0.6166666666666667,0.1753086419753086,2.054931158110186e-16
holdout,race_aware,TabPFN,0.5,Female vs Male,False,0.2077486473408701,-0.1663145436042652,4.099308135400268e-05,2.790019326935483e-07,0.6141732283464567,0.0901287553648068,0.4064245810055866,0.2564432989690721,1.2675445181094404e-11
holdout,race_aware,TabPFN,0.5,Hispanic vs Caucasian,False,-0.05,-0.0641975308641975,0.9564687268595772,0.1549322795043391,0.5666666666666667,0.1111111111111111,0.6166666666666667,0.1753086419753086,0.3165484547015396
holdout,race_aware,TabPFN,0.5,Other vs Caucasian,False,0.0040229885057471,-0.0870733478576615,0.9664209275602988,0.1438098765088255,0.6206896551724138,0.088235294117647,0.6166666666666667,0.1753086419753086,0.3165484547015396
holdout,race_aware,TabPFN,break_even,African-American vs Caucasian,False,-0.1432485322896282,0.2345679012345679,6.372949200599356e-09,4.979182322420108e-13,0.0567514677103718,0.8,0.2,0.5654320987654321,2.2410292777264225e-19
holdout,race_aware,TabPFN,break_even,Female vs Male,False,0.1653763251660581,-0.2649993363125525,1.4541057189565845e-07,2.458448574665194e-13,0.2519685039370078,0.4592274678111588,0.0865921787709497,0.7242268041237113,2.90891822943159e-17
holdout,race_aware,TabPFN,break_even,Hispanic vs Caucasian,False,0.0499999999999999,-0.0345679012345678,0.3950546566964378,1.0,0.25,0.5308641975308642,0.2,0.5654320987654321,0.5984393440287306
holdout,race_aware,TabPFN,break_even,Other vs Caucasian,False,-0.1310344827586207,0.0080973129992737,0.1732771745347656,1.0,0.0689655172413793,0.5735294117647058,0.2,0.5654320987654321,0.3296033915329258
holdout,race_blind,COMPAS tool,0.5,African-American vs Caucasian,False,-0.2025440313111546,0.1840754612290192,2.894277528326415e-07,4.030373355222686e-08,0.2974559686888454,0.4112359550561797,0.5,0.2271604938271605,1.4880758272779312e-13
holdout,race_blind,COMPAS tool,0.5,Female vs Male,False,0.0174965908591034,-0.0418952701207911,0.7608067118151864,0.4405480952333562,0.4015748031496063,0.2660944206008583,0.3840782122905028,0.3079896907216495,0.6374824998621046
holdout,race_blind,COMPAS tool,0.5,Hispanic vs Caucasian,False,0.0999999999999999,-0.0296296296296296,0.4965535760924101,0.558184649422657,0.6,0.1975308641975308,0.5,0.2271604938271605,0.6374824998621046
holdout,race_blind,COMPAS tool,0.5,Other vs Caucasian,False,0.086206896551724,-0.0948075526506899,0.7608067118151864,0.232530254453451,0.5862068965517241,0.1323529411764706,0.5,0.2271604938271605,0.3680129332183688
holdout,race_blind,COMPAS tool,break_even,African-American vs Caucasian,False,-0.2025440313111546,0.1840754612290192,2.894277528326415e-07,4.030373355222686e-08,0.2974559686888454,0.4112359550561797,0.5,0.2271604938271605,1.4880758272779312e-13
holdout,race_blind,COMPAS tool,break_even,Female vs Male,False,0.0174965908591034,-0.0418952701207911,0.7608067118151864,0.4405480952333562,0.4015748031496063,0.2660944206008583,0.3840782122905028,0.3079896907216495,0.6374824998621046
holdout,race_blind,COMPAS tool,break_even,Hispanic vs Caucasian,False,0.0999999999999999,-0.0296296296296296,0.4965535760924101,0.558184649422657,0.6,0.1975308641975308,0.5,0.2271604938271605,0.6374824998621046
holdout,race_blind,COMPAS tool,break_even,Other vs Caucasian,False,0.086206896551724,-0.0948075526506899,0.7608067118151864,0.232530254453451,0.5862068965517241,0.1323529411764706,0.5,0.2271604938271605,0.3680129332183688
holdout,race_blind,TabPFN,0.5,African-American vs Caucasian,False,-0.297937051532942,0.1330004161464835,4.6937796734300066e-14,1.7314123032996514e-05,0.3228962818003913,0.3033707865168539,0.6208333333333333,0.1703703703703703,1.4263823995596178e-17
holdout,race_blind,TabPFN,0.5,Female vs Male,False,0.2276866229710112,-0.169317729304013,5.581088293269764e-06,1.4573463572403108e-07,0.6299212598425197,0.0858369098712446,0.4022346368715084,0.2551546391752577,8.129525903095454e-13
holdout,race_blind,TabPFN,0.5,Hispanic vs Caucasian,False,-0.0708333333333333,-0.0592592592592592,0.6301574182759453,0.1847148442851844,0.55,0.1111111111111111,0.6208333333333333,0.1703703703703703,0.2347072898503907
holdout,race_blind,TabPFN,0.5,Other vs Caucasian,False,-0.0001436781609195,-0.0968409586056644,0.9987981421733452,0.083885850820684,0.6206896551724138,0.0735294117647058,0.6208333333333333,0.1703703703703703,0.177436898628532
holdout,race_blind,TabPFN,break_even,African-American vs Caucasian,False,-0.1329582517938682,0.2271604938271605,7.055914611560797e-08,3.151319911225037e-12,0.0587084148727984,0.8,0.1916666666666666,0.5728395061728395,9.149976907847209e-18
holdout,race_blind,TabPFN,break_even,Female vs Male,False,0.1496282936699951,-0.2444029025264368,1.8691614963035776e-06,9.255391777970505e-12,0.2362204724409448,0.4849785407725321,0.0865921787709497,0.729381443298969,8.366947423257778e-15
holdout,race_blind,TabPFN,break_even,Hispanic vs Caucasian,False,0.0416666666666666,0.0320987654320987,0.4704864220587899,1.0,0.2333333333333333,0.6049382716049383,0.1916666666666666,0.5728395061728395,0.67280149348006
holdout,race_blind,TabPFN,break_even,Other vs Caucasian,False,-0.1227011494252873,0.0006899055918663,0.206163284731684,1.0,0.0689655172413793,0.5735294117647058,0.1916666666666666,0.5728395061728395,0.3970785423660082
holdout,race_priors_blind,COMPAS tool,0.5,African-American vs Caucasian,False,-0.2025440313111546,0.1840754612290192,2.894277528326415e-07,4.030373355222686e-08,0.2974559686888454,0.4112359550561797,0.5,0.2271604938271605,1.4880758272779312e-13
holdout,race_priors_blind,COMPAS tool,0.5,Female vs Male,False,0.0174965908591034,-0.0418952701207911,0.7608067118151864,0.4405480952333562,0.4015748031496063,0.2660944206008583,0.3840782122905028,0.3079896907216495,0.6374824998621046
holdout,race_priors_blind,COMPAS tool,0.5,Hispanic vs Caucasian,False,0.0999999999999999,-0.0296296296296296,0.4965535760924101,0.558184649422657,0.6,0.1975308641975308,0.5,0.2271604938271605,0.6374824998621046
holdout,race_priors_blind,COMPAS tool,0.5,Other vs Caucasian,False,0.086206896551724,-0.0948075526506899,0.7608067118151864,0.232530254453451,0.5862068965517241,0.1323529411764706,0.5,0.2271604938271605,0.3680129332183688
holdout,race_priors_blind,COMPAS tool,break_even,African-American vs Caucasian,False,-0.2025440313111546,0.1840754612290192,2.894277528326415e-07,4.030373355222686e-08,0.2974559686888454,0.4112359550561797,0.5,0.2271604938271605,1.4880758272779312e-13
holdout,race_priors_blind,COMPAS tool,break_even,Female vs Male,False,0.0174965908591034,-0.0418952701207911,0.7608067118151864,0.4405480952333562,0.4015748031496063,0.2660944206008583,0.3840782122905028,0.3079896907216495,0.6374824998621046
holdout,race_priors_blind,COMPAS tool,break_even,Hispanic vs Caucasian,False,0.0999999999999999,-0.0296296296296296,0.4965535760924101,0.558184649422657,0.6,0.1975308641975308,0.5,0.2271604938271605,0.6374824998621046
holdout,race_priors_blind,COMPAS tool,break_even,Other vs Caucasian,False,0.086206896551724,-0.0948075526506899,0.7608067118151864,0.232530254453451,0.5862068965517241,0.1323529411764706,0.5,0.2271604938271605,0.3680129332183688
holdout,race_priors_blind,TabPFN,0.5,African-American vs Caucasian,False,-0.1159980430528376,0.147565543071161,0.0085892344797569,3.763809605926965e-05,0.4090019569471624,0.4808988764044943,0.525,0.3333333333333333,2.418896648740105e-06
holdout,race_priors_blind,TabPFN,0.5,Female vs Male,False,0.6592178770949721,-0.5141752577319587,1.1310557215105628e-42,2.099868476922481e-44,1.0,0.0,0.3407821229050279,0.5141752577319587,2.181527479483109e-112
holdout,race_priors_blind,TabPFN,0.5,Hispanic vs Caucasian,False,-0.075,-0.0246913580246913,0.2986008961027074,1.0,0.45,0.3086419753086419,0.525,0.3333333333333333,0.530132553375984
holdout,race_priors_blind,TabPFN,0.5,Other vs Caucasian,False,-0.2146551724137931,0.0049019607843137,0.057961308904654,1.0,0.3103448275862069,0.3382352941176471,0.525,0.3333333333333333,0.1741890211385229
holdout,race_priors_blind,TabPFN,break_even,African-American vs Caucasian,False,-0.0169194390084801,0.0381467609932029,0.0733428966756019,0.0030314649927319,0.0039138943248532,0.9887640449438202,0.0208333333333333,0.9506172839506172,0.0009850307003296
holdout,race_priors_blind,TabPFN,break_even,Female vs Male,False,0.0629921259842519,-0.111587982832618,5.999011384475618e-11,1.6758009582473102e-20,0.0629921259842519,0.8884120171673819,0.0,1.0,7.457532463982026e-24
holdout,race_priors_blind,TabPFN,break_even,Hispanic vs Caucasian,False,-0.0041666666666666,0.0493827160493827,0.8653672473485208,0.0822103440524763,0.0166666666666666,1.0,0.0208333333333333,0.9506172839506172,0.0468701962389567
holdout,race_priors_blind,TabPFN,break_even,Other vs Caucasian,False,-0.0208333333333333,0.0346768336964415,0.8653672473485208,0.1989267298230873,0.0,0.9852941176470588,0.0208333333333333,0.9506172839506172,0.1947959019254912
holdout,race_proxy_blind,COMPAS tool,0.5,African-American vs Caucasian,False,-0.2025440313111546,0.1840754612290192,2.894277528326415e-07,4.030373355222686e-08,0.2974559686888454,0.4112359550561797,0.5,0.2271604938271605,1.4880758272779312e-13
holdout,race_proxy_blind,COMPAS tool,0.5,Female vs Male,False,0.0174965908591034,-0.0418952701207911,0.7608067118151864,0.4405480952333562,0.4015748031496063,0.2660944206008583,0.3840782122905028,0.3079896907216495,0.6374824998621046
holdout,race_proxy_blind,COMPAS tool,0.5,Hispanic vs Caucasian,False,0.0999999999999999,-0.0296296296296296,0.4965535760924101,0.558184649422657,0.6,0.1975308641975308,0.5,0.2271604938271605,0.6374824998621046
holdout,race_proxy_blind,COMPAS tool,0.5,Other vs Caucasian,False,0.086206896551724,-0.0948075526506899,0.7608067118151864,0.232530254453451,0.5862068965517241,0.1323529411764706,0.5,0.2271604938271605,0.3680129332183688
holdout,race_proxy_blind,COMPAS tool,break_even,African-American vs Caucasian,False,-0.2025440313111546,0.1840754612290192,2.894277528326415e-07,4.030373355222686e-08,0.2974559686888454,0.4112359550561797,0.5,0.2271604938271605,1.4880758272779312e-13
holdout,race_proxy_blind,COMPAS tool,break_even,Female vs Male,False,0.0174965908591034,-0.0418952701207911,0.7608067118151864,0.4405480952333562,0.4015748031496063,0.2660944206008583,0.3840782122905028,0.3079896907216495,0.6374824998621046
holdout,race_proxy_blind,COMPAS tool,break_even,Hispanic vs Caucasian,False,0.0999999999999999,-0.0296296296296296,0.4965535760924101,0.558184649422657,0.6,0.1975308641975308,0.5,0.2271604938271605,0.6374824998621046
holdout,race_proxy_blind,COMPAS tool,break_even,Other vs Caucasian,False,0.086206896551724,-0.0948075526506899,0.7608067118151864,0.232530254453451,0.5862068965517241,0.1323529411764706,0.5,0.2271604938271605,0.3680129332183688
holdout,race_proxy_blind,TabPFN,0.5,African-American vs Caucasian,False,-0.0176614481409002,0.0572062699403523,0.9898158088200342,0.0525288602723208,0.7573385518590998,0.1707865168539326,0.775,0.1135802469135802,0.1500302232858479
holdout,race_proxy_blind,TabPFN,0.5,Female vs Male,False,0.2877094972067039,-0.1842783505154639,1.4221676204911146e-11,6.066134259259521e-12,1.0,0.0,0.7122905027932961,0.1842783505154639,6.786129641646455e-35
holdout,race_proxy_blind,TabPFN,0.5,Hispanic vs Caucasian,False,-0.0416666666666667,0.0098765432098765,0.9898158088200342,0.8582259446721334,0.7333333333333333,0.1234567901234567,0.775,0.1135802469135802,0.7715302976296643
holdout,race_proxy_blind,TabPFN,0.5,Other vs Caucasian,False,-0.1543103448275862,0.0334785766158315,0.2001412318054815,0.8582259446721334,0.6206896551724138,0.1470588235294117,0.775,0.1135802469135802,0.3192846852367088
holdout,race_proxy_blind,TabPFN,break_even,African-American vs Caucasian,True,0.0,0.0,1.0,1.0,0.0,1.0,0.0,1.0,1.0
holdout,race_proxy_blind,TabPFN,break_even,Female vs Male,True,0.0,0.0,1.0,1.0,0.0,1.0,0.0,1.0,1.0
holdout,race_proxy_blind,TabPFN,break_even,Hispanic vs Caucasian,True,0.0,0.0,1.0,1.0,0.0,1.0,0.0,1.0,1.0
holdout,race_proxy_blind,TabPFN,break_even,Other vs Caucasian,True,0.0,0.0,1.0,1.0,0.0,1.0,0.0,1.0,1.0
holdout,sex_blind,COMPAS tool,0.5,African-American vs Caucasian,False,-0.2025440313111546,0.1840754612290192,2.894277528326415e-07,4.030373355222686e-08,0.2974559686888454,0.4112359550561797,0.5,0.2271604938271605,1.4880758272779312e-13
holdout,sex_blind,COMPAS tool,0.5,Female vs Male,False,0.0174965908591034,-0.0418952701207911,0.7608067118151864,0.4405480952333562,0.4015748031496063,0.2660944206008583,0.3840782122905028,0.3079896907216495,0.6374824998621046
holdout,sex_blind,COMPAS tool,0.5,Hispanic vs Caucasian,False,0.0999999999999999,-0.0296296296296296,0.4965535760924101,0.558184649422657,0.6,0.1975308641975308,0.5,0.2271604938271605,0.6374824998621046
holdout,sex_blind,COMPAS tool,0.5,Other vs Caucasian,False,0.086206896551724,-0.0948075526506899,0.7608067118151864,0.232530254453451,0.5862068965517241,0.1323529411764706,0.5,0.2271604938271605,0.3680129332183688
holdout,sex_blind,COMPAS tool,break_even,African-American vs Caucasian,False,-0.2025440313111546,0.1840754612290192,2.894277528326415e-07,4.030373355222686e-08,0.2974559686888454,0.4112359550561797,0.5,0.2271604938271605,1.4880758272779312e-13
holdout,sex_blind,COMPAS tool,break_even,Female vs Male,False,0.0174965908591034,-0.0418952701207911,0.7608067118151864,0.4405480952333562,0.4015748031496063,0.2660944206008583,0.3840782122905028,0.3079896907216495,0.6374824998621046
holdout,sex_blind,COMPAS tool,break_even,Hispanic vs Caucasian,False,0.0999999999999999,-0.0296296296296296,0.4965535760924101,0.558184649422657,0.6,0.1975308641975308,0.5,0.2271604938271605,0.6374824998621046
holdout,sex_blind,COMPAS tool,break_even,Other vs Caucasian,False,0.086206896551724,-0.0948075526506899,0.7608067118151864,0.232530254453451,0.5862068965517241,0.1323529411764706,0.5,0.2271604938271605,0.3680129332183688
holdout,sex_blind,TabPFN,0.5,African-American vs Caucasian,False,-0.3135926288323549,0.1581634068525454,1.388669206767022e-15,3.900958312185009e-07,0.3072407045009784,0.3235955056179775,0.6208333333333333,0.1654320987654321,8.294002133514606e-21
holdout,sex_blind,TabPFN,0.5,Female vs Male,False,0.1155478819337526,-0.1027885934250696,0.0459989607637559,0.0029504505848228,0.5275590551181102,0.1459227467811159,0.4120111731843575,0.2487113402061855,0.0004784409834359
holdout,sex_blind,TabPFN,0.5,Hispanic vs Caucasian,False,-0.0374999999999999,-0.0419753086419753,1.0,0.3449441106699072,0.5833333333333334,0.1234567901234567,0.6208333333333333,0.1654320987654321,0.5424553381651014
holdout,sex_blind,TabPFN,0.5,Other vs Caucasian,False,-0.0001436781609195,-0.077196804647785,1.0,0.2059923111951774,0.6206896551724138,0.088235294117647,0.6208333333333333,0.1654320987654321,0.44680393979143
holdout,sex_blind,TabPFN,break_even,African-American vs Caucasian,False,-0.1179957599478147,0.2238313219586628,5.934652390611551e-07,1.0185694868638649e-12,0.0528375733855185,0.8337078651685393,0.1708333333333333,0.6098765432098765,1.8835301211694957e-17
holdout,sex_blind,TabPFN,break_even,Female vs Male,False,0.0917168873443892,-0.1027609397814256,0.0052240718933943,0.0085997575030338,0.1811023622047244,0.6137339055793991,0.0893854748603352,0.7164948453608248,0.000565487329789
holdout,sex_blind,TabPFN,break_even,Hispanic vs Caucasian,False,0.0791666666666666,-0.0419753086419752,0.318468275036551,0.4809309775703901,0.25,0.5679012345679012,0.1708333333333333,0.6098765432098765,0.3062808815862451
holdout,sex_blind,TabPFN,break_even,Other vs Caucasian,False,-0.0329022988505747,-0.1392883079157588,0.6538562478556413,0.0614141535032214,0.1379310344827586,0.4705882352941176,0.1708333333333333,0.6098765432098765,0.1808872796304491
temporal_1,age_blind,COMPAS tool,0.5,African-American vs Caucasian,False,-0.2418021618675629,0.2333333333333333,0.0001388136429873,7.660684342716421e-09,0.3027522935779816,0.4824561403508772,0.5445544554455446,0.2491228070175438,8.667853440464584e-12
temporal_1,age_blind,COMPAS tool,0.5,Female vs Male,False,0.0699472096530919,-0.0216152375239023,0.6929734504095852,1.0,0.4705882352941176,0.3240223463687151,0.4006410256410256,0.3456375838926174,1.0
temporal_1,age_blind,COMPAS tool,0.5,Hispanic vs Caucasian,False,0.0554455445544553,-0.0307320024198426,0.6929734504095852,1.0,0.6,0.2183908045977011,0.5445544554455446,0.2491228070175438,1.0
temporal_1,age_blind,COMPAS tool,0.5,Other vs Caucasian,False,0.2201514269073965,-0.106265664160401,0.2677037128939495,0.2545856758585532,0.7647058823529411,0.1428571428571428,0.5445544554455446,0.2491228070175438,0.1280235112858655
temporal_1,age_blind,COMPAS tool,break_even,African-American vs Caucasian,False,-0.2418021618675629,0.2333333333333333,0.0001388136429873,7.660684342716421e-09,0.3027522935779816,0.4824561403508772,0.5445544554455446,0.2491228070175438,8.667853440464584e-12
temporal_1,age_blind,COMPAS tool,break_even,Female vs Male,False,0.0699472096530919,-0.0216152375239023,0.6929734504095852,1.0,0.4705882352941176,0.3240223463687151,0.4006410256410256,0.3456375838926174,1.0
temporal_1,age_blind,COMPAS tool,break_even,Hispanic vs Caucasian,False,0.0554455445544553,-0.0307320024198426,0.6929734504095852,1.0,0.6,0.2183908045977011,0.5445544554455446,0.2491228070175438,1.0
temporal_1,age_blind,COMPAS tool,break_even,Other vs Caucasian,False,0.2201514269073965,-0.106265664160401,0.2677037128939495,0.2545856758585532,0.7647058823529411,0.1428571428571428,0.5445544554455446,0.2491228070175438,0.1280235112858655
temporal_1,age_blind,TabPFN,0.5,African-American vs Caucasian,False,-0.3442637841765827,0.1222222222222222,1.4107047993504812e-09,1.3739693534171278e-05,0.5963302752293578,0.1783625730994152,0.9405940594059404,0.0561403508771929,2.125601139756988e-15
temporal_1,age_blind,TabPFN,0.5,Female vs Male,False,0.2520739064856712,-0.1085261145063927,0.0005617017163085,0.0001043613070423,0.9411764705882352,0.0223463687150838,0.6891025641025641,0.1308724832214765,5.408024079234156e-09
temporal_1,age_blind,TabPFN,0.5,Hispanic vs Caucasian,False,-0.1005940594059405,-0.0101633393829401,0.1914508114885596,0.712964326345875,0.84,0.0459770114942528,0.9405940594059404,0.0561403508771929,0.5734969289911368
temporal_1,age_blind,TabPFN,0.5,Other vs Caucasian,False,-0.0582411182294699,-0.0382832080200501,0.3768475612347394,0.4576538892937885,0.8823529411764706,0.0178571428571428,0.9405940594059404,0.0561403508771929,0.5734969289911368
temporal_1,age_blind,TabPFN,break_even,African-American vs Caucasian,False,-0.1937051503315469,0.2561403508771929,0.0001905741966342,2.7104671503136065e-10,0.1330275229357798,0.7017543859649122,0.3267326732673267,0.4456140350877193,7.83880118391941e-13
temporal_1,age_blind,TabPFN,break_even,Female vs Male,False,0.2422699849170437,-0.3308743579168385,0.0003506827705006,2.2248135900623e-14,0.4313725490196078,0.3016759776536313,0.1891025641025641,0.6325503355704698,2.492802030399522e-16
temporal_1,age_blind,TabPFN,break_even,Hispanic vs Caucasian,False,0.1532673267326732,0.0486388384754991,0.3043371631408392,0.4432775607083177,0.48,0.4942528735632184,0.3267326732673267,0.4456140350877193,0.5376149875233108
temporal_1,age_blind,TabPFN,break_even,Other vs Caucasian,False,-0.0326150262085032,-0.0884711779448621,0.7900384274436668,0.4432775607083177,0.2941176470588235,0.3571428571428571,0.3267326732673267,0.4456140350877193,0.5376149875233108
temporal_1,protected_blind,COMPAS tool,0.5,African-American vs Caucasian,False,-0.2418021618675629,0.2333333333333333,0.0001388136429873,7.660684342716421e-09,0.3027522935779816,0.4824561403508772,0.5445544554455446,0.2491228070175438,8.667853440464584e-12
temporal_1,protected_blind,COMPAS tool,0.5,Female vs Male,False,0.0699472096530919,-0.0216152375239023,0.6929734504095852,1.0,0.4705882352941176,0.3240223463687151,0.4006410256410256,0.3456375838926174,1.0
temporal_1,protected_blind,COMPAS tool,0.5,Hispanic vs Caucasian,False,0.0554455445544553,-0.0307320024198426,0.6929734504095852,1.0,0.6,0.2183908045977011,0.5445544554455446,0.2491228070175438,1.0
temporal_1,protected_blind,COMPAS tool,0.5,Other vs Caucasian,False,0.2201514269073965,-0.106265664160401,0.2677037128939495,0.2545856758585532,0.7647058823529411,0.1428571428571428,0.5445544554455446,0.2491228070175438,0.1280235112858655
temporal_1,protected_blind,COMPAS tool,break_even,African-American vs Caucasian,False,-0.2418021618675629,0.2333333333333333,0.0001388136429873,7.660684342716421e-09,0.3027522935779816,0.4824561403508772,0.5445544554455446,0.2491228070175438,8.667853440464584e-12
temporal_1,protected_blind,COMPAS tool,break_even,Female vs Male,False,0.0699472096530919,-0.0216152375239023,0.6929734504095852,1.0,0.4705882352941176,0.3240223463687151,0.4006410256410256,0.3456375838926174,1.0
temporal_1,protected_blind,COMPAS tool,break_even,Hispanic vs Caucasian,False,0.0554455445544553,-0.0307320024198426,0.6929734504095852,1.0,0.6,0.2183908045977011,0.5445544554455446,0.2491228070175438,1.0
temporal_1,protected_blind,COMPAS tool,break_even,Other vs Caucasian,False,0.2201514269073965,-0.106265664160401,0.2677037128939495,0.2545856758585532,0.7647058823529411,0.1428571428571428,0.5445544554455446,0.2491228070175438,0.1280235112858655
temporal_1,protected_blind,TabPFN,0.5,African-American vs Caucasian,False,-0.3138341357071487,0.0906432748538011,7.623389908457154e-08,0.0030576967165286,0.5871559633027523,0.1783625730994152,0.900990099009901,0.087719298245614,2.3280104336885157e-10
temporal_1,protected_blind,TabPFN,0.5,Female vs Male,False,0.202865761689291,-0.1090978965918038,0.0094116675853442,0.0002801019701235,0.8823529411764706,0.0335195530726257,0.6794871794871795,0.1426174496644295,9.48641553740244e-07
temporal_1,protected_blind,TabPFN,0.5,Hispanic vs Caucasian,False,-0.060990099009901,-0.0417422867513611,0.7699514554240907,0.2036889258238626,0.84,0.0459770114942528,0.900990099009901,0.087719298245614,0.2870705906233673
temporal_1,protected_blind,TabPFN,0.5,Other vs Caucasian,False,-0.0186371578334304,-0.0698621553884711,0.8140430139489943,0.1434319721768363,0.8823529411764706,0.0178571428571428,0.900990099009901,0.087719298245614,0.2213751656507918
temporal_1,protected_blind,TabPFN,break_even,African-American vs Caucasian,False,-0.1289853756017803,0.1274853801169589,0.0170730875409263,0.0024694556176485,0.128440366972477,0.7134502923976608,0.2574257425742574,0.5859649122807018,0.0002332062604505
temporal_1,protected_blind,TabPFN,break_even,Female vs Male,False,0.1666666666666666,-0.1728094184694987,0.0170730875409263,0.0001130866435872,0.3333333333333333,0.4916201117318435,0.1666666666666666,0.6644295302013423,2.269523922919416e-05
temporal_1,protected_blind,TabPFN,break_even,Hispanic vs Caucasian,False,0.1425742574257426,-0.0687235329703569,0.3154216314087481,0.303004007717412,0.4,0.5172413793103449,0.2574257425742574,0.5859649122807018,0.407728242382229
temporal_1,protected_blind,TabPFN,break_even,Other vs Caucasian,False,-0.0809551543389633,-0.1038220551378446,0.4732136405476433,0.303004007717412,0.1764705882352941,0.4821428571428571,0.2574257425742574,0.5859649122807018,0.407728242382229
temporal_1,race_aware,COMPAS tool,0.5,African-American vs Caucasian,False,-0.2418021618675629,0.2333333333333333,0.0001388136429873,7.660684342716421e-09,0.3027522935779816,0.4824561403508772,0.5445544554455446,0.2491228070175438,8.667853440464584e-12
temporal_1,race_aware,COMPAS tool,0.5,Female vs Male,False,0.0699472096530919,-0.0216152375239023,0.6929734504095852,1.0,0.4705882352941176,0.3240223463687151,0.4006410256410256,0.3456375838926174,1.0
temporal_1,race_aware,COMPAS tool,0.5,Hispanic vs Caucasian,False,0.0554455445544553,-0.0307320024198426,0.6929734504095852,1.0,0.6,0.2183908045977011,0.5445544554455446,0.2491228070175438,1.0
temporal_1,race_aware,COMPAS tool,0.5,Other vs Caucasian,False,0.2201514269073965,-0.106265664160401,0.2677037128939495,0.2545856758585532,0.7647058823529411,0.1428571428571428,0.5445544554455446,0.2491228070175438,0.1280235112858655
temporal_1,race_aware,COMPAS tool,break_even,African-American vs Caucasian,False,-0.2418021618675629,0.2333333333333333,0.0001388136429873,7.660684342716421e-09,0.3027522935779816,0.4824561403508772,0.5445544554455446,0.2491228070175438,8.667853440464584e-12
temporal_1,race_aware,COMPAS tool,break_even,Female vs Male,False,0.0699472096530919,-0.0216152375239023,0.6929734504095852,1.0,0.4705882352941176,0.3240223463687151,0.4006410256410256,0.3456375838926174,1.0
temporal_1,race_aware,COMPAS tool,break_even,Hispanic vs Caucasian,False,0.0554455445544553,-0.0307320024198426,0.6929734504095852,1.0,0.6,0.2183908045977011,0.5445544554455446,0.2491228070175438,1.0
temporal_1,race_aware,COMPAS tool,break_even,Other vs Caucasian,False,0.2201514269073965,-0.106265664160401,0.2677037128939495,0.2545856758585532,0.7647058823529411,0.1428571428571428,0.5445544554455446,0.2491228070175438,0.1280235112858655
temporal_1,race_aware,TabPFN,0.5,African-American vs Caucasian,False,-0.317694613498047,0.1444444444444444,7.181433846824335e-08,9.856542261701883e-07,0.573394495412844,0.2076023391812865,0.8910891089108911,0.0631578947368421,4.2544076952064027e-14
temporal_1,race_aware,TabPFN,0.5,Female vs Male,False,0.2092760180995474,-0.133693899741292,0.007317893448688,6.400147664312229e-06,0.8823529411764706,0.0223463687150838,0.6730769230769231,0.1560402684563758,4.5271578598596766e-09
temporal_1,race_aware,TabPFN,0.5,Hispanic vs Caucasian,False,-0.011089108910891,0.0058076225045372,1.0,0.8485369508376621,0.88,0.0689655172413793,0.8910891089108911,0.0631578947368421,1.0
temporal_1,race_aware,TabPFN,0.5,Other vs Caucasian,False,0.0500873616773441,-0.0274436090225563,1.0,0.8485369508376621,0.9411764705882352,0.0357142857142857,0.8910891089108911,0.0631578947368421,1.0
temporal_1,race_aware,TabPFN,break_even,African-American vs Caucasian,False,-0.2448905441002816,0.3140350877192983,2.312233772039151e-07,1.883364420732484e-14,0.091743119266055,0.6578947368421053,0.3366336633663366,0.343859649122807,1.2537896932279962e-19
temporal_1,race_aware,TabPFN,break_even,Female vs Male,False,0.2711161387631976,-0.2564770724757227,2.024161208530878e-05,5.227406243519879e-09,0.4313725490196078,0.2905027932960894,0.1602564102564102,0.5469798657718121,4.4240885982340655e-12
temporal_1,race_aware,TabPFN,break_even,Hispanic vs Caucasian,False,0.0233663366336633,0.1618874773139746,1.0,0.0130341940794439,0.36,0.5057471264367817,0.3366336633663366,0.343859649122807,0.0517922411412929
temporal_1,race_aware,TabPFN,break_even,Other vs Caucasian,False,0.0751310425160162,-0.1652882205513784,1.0,0.0150663493378251,0.4117647058823529,0.1785714285714285,0.3366336633663366,0.343859649122807,0.0517922411412929
temporal_1,race_blind,COMPAS tool,0.5,African-American vs Caucasian,False,-0.2418021618675629,0.2333333333333333,0.0001388136429873,7.660684342716421e-09,0.3027522935779816,0.4824561403508772,0.5445544554455446,0.2491228070175438,8.667853440464584e-12
temporal_1,race_blind,COMPAS tool,0.5,Female vs Male,False,0.0699472096530919,-0.0216152375239023,0.6929734504095852,1.0,0.4705882352941176,0.3240223463687151,0.4006410256410256,0.3456375838926174,1.0
temporal_1,race_blind,COMPAS tool,0.5,Hispanic vs Caucasian,False,0.0554455445544553,-0.0307320024198426,0.6929734504095852,1.0,0.6,0.2183908045977011,0.5445544554455446,0.2491228070175438,1.0
temporal_1,race_blind,COMPAS tool,0.5,Other vs Caucasian,False,0.2201514269073965,-0.106265664160401,0.2677037128939495,0.2545856758585532,0.7647058823529411,0.1428571428571428,0.5445544554455446,0.2491228070175438,0.1280235112858655
temporal_1,race_blind,COMPAS tool,break_even,African-American vs Caucasian,False,-0.2418021618675629,0.2333333333333333,0.0001388136429873,7.660684342716421e-09,0.3027522935779816,0.4824561403508772,0.5445544554455446,0.2491228070175438,8.667853440464584e-12
temporal_1,race_blind,COMPAS tool,break_even,Female vs Male,False,0.0699472096530919,-0.0216152375239023,0.6929734504095852,1.0,0.4705882352941176,0.3240223463687151,0.4006410256410256,0.3456375838926174,1.0
temporal_1,race_blind,COMPAS tool,break_even,Hispanic vs Caucasian,False,0.0554455445544553,-0.0307320024198426,0.6929734504095852,1.0,0.6,0.2183908045977011,0.5445544554455446,0.2491228070175438,1.0
temporal_1,race_blind,COMPAS tool,break_even,Other vs Caucasian,False,0.2201514269073965,-0.106265664160401,0.2677037128939495,0.2545856758585532,0.7647058823529411,0.1428571428571428,0.5445544554455446,0.2491228070175438,0.1280235112858655
temporal_1,race_blind,TabPFN,0.5,African-American vs Caucasian,False,-0.3635661731310746,0.1286549707602339,1.16873163225941e-09,1.1620010091478518e-05,0.5275229357798165,0.1988304093567251,0.8910891089108911,0.0701754385964912,9.049777995248952e-15
temporal_1,race_blind,TabPFN,0.5,Female vs Male,False,0.2217194570135746,-0.133693899741292,0.0052949845641743,8.533530219082972e-06,0.8627450980392157,0.0223463687150838,0.6410256410256411,0.1560402684563758,3.566468447675377e-09
temporal_1,race_blind,TabPFN,0.5,Hispanic vs Caucasian,False,-0.0510891089108911,0.0102843315184513,0.9601084119633252,0.7462241583773355,0.84,0.0804597701149425,0.8910891089108911,0.0701754385964912,0.9399263703607704
temporal_1,race_blind,TabPFN,0.5,Other vs Caucasian,False,0.0500873616773441,-0.0344611528822055,0.9601084119633252,0.6744541451584909,0.9411764705882352,0.0357142857142857,0.8910891089108911,0.0701754385964912,0.9399263703607704
temporal_1,race_blind,TabPFN,break_even,African-American vs Caucasian,False,-0.1845308384049414,0.2228070175438596,0.000516362488183,1.1031255598898512e-07,0.1422018348623853,0.6052631578947368,0.3267326732673267,0.3824561403508772,6.727258075352194e-10
temporal_1,race_blind,TabPFN,break_even,Female vs Male,False,0.225867269984917,-0.1894004724232312,0.0008700174130407,2.545554732721017e-05,0.4117647058823529,0.3240223463687151,0.1858974358974359,0.5134228187919463,3.697890152128345e-07
temporal_1,race_blind,TabPFN,break_even,Hispanic vs Caucasian,False,0.0732673267326732,-0.003145795523291,0.9781809431545292,0.957838725535014,0.4,0.3793103448275862,0.3267326732673267,0.3824561403508772,0.7895022076283573
temporal_1,race_blind,TabPFN,break_even,Other vs Caucasian,False,-0.0326150262085032,-0.1324561403508772,0.9781809431545292,0.1183054265570443,0.2941176470588235,0.25,0.3267326732673267,0.3824561403508772,0.2987881090281347
temporal_1,race_priors_blind,COMPAS tool,0.5,African-American vs Caucasian,False,-0.2418021618675629,0.2333333333333333,0.0001388136429873,7.660684342716421e-09,0.3027522935779816,0.4824561403508772,0.5445544554455446,0.2491228070175438,8.667853440464584e-12
temporal_1,race_priors_blind,COMPAS tool,0.5,Female vs Male,False,0.0699472096530919,-0.0216152375239023,0.6929734504095852,1.0,0.4705882352941176,0.3240223463687151,0.4006410256410256,0.3456375838926174,1.0
temporal_1,race_priors_blind,COMPAS tool,0.5,Hispanic vs Caucasian,False,0.0554455445544553,-0.0307320024198426,0.6929734504095852,1.0,0.6,0.2183908045977011,0.5445544554455446,0.2491228070175438,1.0
temporal_1,race_priors_blind,COMPAS tool,0.5,Other vs Caucasian,False,0.2201514269073965,-0.106265664160401,0.2677037128939495,0.2545856758585532,0.7647058823529411,0.1428571428571428,0.5445544554455446,0.2491228070175438,0.1280235112858655
temporal_1,race_priors_blind,COMPAS tool,break_even,African-American vs Caucasian,False,-0.2418021618675629,0.2333333333333333,0.0001388136429873,7.660684342716421e-09,0.3027522935779816,0.4824561403508772,0.5445544554455446,0.2491228070175438,8.667853440464584e-12
temporal_1,race_priors_blind,COMPAS tool,break_even,Female vs Male,False,0.0699472096530919,-0.0216152375239023,0.6929734504095852,1.0,0.4705882352941176,0.3240223463687151,0.4006410256410256,0.3456375838926174,1.0
temporal_1,race_priors_blind,COMPAS tool,break_even,Hispanic vs Caucasian,False,0.0554455445544553,-0.0307320024198426,0.6929734504095852,1.0,0.6,0.2183908045977011,0.5445544554455446,0.2491228070175438,1.0
temporal_1,race_priors_blind,COMPAS tool,break_even,Other vs Caucasian,False,0.2201514269073965,-0.106265664160401,0.2677037128939495,0.2545856758585532,0.7647058823529411,0.1428571428571428,0.5445544554455446,0.2491228070175438,0.1280235112858655
temporal_1,race_priors_blind,TabPFN,0.5,African-American vs Caucasian,True,0.0,0.0,1.0,1.0,1.0,0.0,1.0,0.0,1.0
temporal_1,race_priors_blind,TabPFN,0.5,Female vs Male,True,0.0,0.0,1.0,1.0,1.0,0.0,1.0,0.0,1.0
temporal_1,race_priors_blind,TabPFN,0.5,Hispanic vs Caucasian,True,0.0,0.0,1.0,1.0,1.0,0.0,1.0,0.0,1.0
temporal_1,race_priors_blind,TabPFN,0.5,Other vs Caucasian,True,0.0,0.0,1.0,1.0,1.0,0.0,1.0,0.0,1.0
temporal_1,race_priors_blind,TabPFN,break_even,African-American vs Caucasian,False,-0.0973294577164138,0.1473684210526314,0.005312166152886,1.1263116936923517e-06,0.0412844036697247,0.912280701754386,0.1386138613861386,0.7649122807017544,7.427909138320628e-08
temporal_1,race_priors_blind,TabPFN,break_even,Female vs Male,False,0.1611990950226244,-0.1931686101008586,0.0002532034669366,2.2241536091240246e-09,0.2156862745098039,0.6927374301675978,0.0544871794871794,0.8859060402684564,3.603363493682206e-10
temporal_1,race_priors_blind,TabPFN,break_even,Hispanic vs Caucasian,False,-0.0586138613861386,0.0741681790683604,0.8613217816346137,0.2846565061503164,0.08,0.8390804597701149,0.1386138613861386,0.7649122807017544,0.4580277234767603
temporal_1,race_priors_blind,TabPFN,break_even,Other vs Caucasian,False,0.0378567268491555,0.0565162907268169,0.8613217816346137,0.3551008195863202,0.1764705882352941,0.8214285714285714,0.1386138613861386,0.7649122807017544,0.5900468470102049
temporal_1,race_proxy_blind,COMPAS tool,0.5,African-American vs Caucasian,False,-0.2418021618675629,0.2333333333333333,0.0001388136429873,7.660684342716421e-09,0.3027522935779816,0.4824561403508772,0.5445544554455446,0.2491228070175438,8.667853440464584e-12
temporal_1,race_proxy_blind,COMPAS tool,0.5,Female vs Male,False,0.0699472096530919,-0.0216152375239023,0.6929734504095852,1.0,0.4705882352941176,0.3240223463687151,0.4006410256410256,0.3456375838926174,1.0
temporal_1,race_proxy_blind,COMPAS tool,0.5,Hispanic vs Caucasian,False,0.0554455445544553,-0.0307320024198426,0.6929734504095852,1.0,0.6,0.2183908045977011,0.5445544554455446,0.2491228070175438,1.0
temporal_1,race_proxy_blind,COMPAS tool,0.5,Other vs Caucasian,False,0.2201514269073965,-0.106265664160401,0.2677037128939495,0.2545856758585532,0.7647058823529411,0.1428571428571428,0.5445544554455446,0.2491228070175438,0.1280235112858655
temporal_1,race_proxy_blind,COMPAS tool,break_even,African-American vs Caucasian,False,-0.2418021618675629,0.2333333333333333,0.0001388136429873,7.660684342716421e-09,0.3027522935779816,0.4824561403508772,0.5445544554455446,0.2491228070175438,8.667853440464584e-12
temporal_1,race_proxy_blind,COMPAS tool,break_even,Female vs Male,False,0.0699472096530919,-0.0216152375239023,0.6929734504095852,1.0,0.4705882352941176,0.3240223463687151,0.4006410256410256,0.3456375838926174,1.0
temporal_1,race_proxy_blind,COMPAS tool,break_even,Hispanic vs Caucasian,False,0.0554455445544553,-0.0307320024198426,0.6929734504095852,1.0,0.6,0.2183908045977011,0.5445544554455446,0.2491228070175438,1.0
temporal_1,race_proxy_blind,COMPAS tool,break_even,Other vs Caucasian,False,0.2201514269073965,-0.106265664160401,0.2677037128939495,0.2545856758585532,0.7647058823529411,0.1428571428571428,0.5445544554455446,0.2491228070175438,0.1280235112858655
temporal_1,race_proxy_blind,TabPFN,0.5,African-American vs Caucasian,True,0.0,0.0,1.0,1.0,1.0,0.0,1.0,0.0,1.0
temporal_1,race_proxy_blind,TabPFN,0.5,Female vs Male,True,0.0,0.0,1.0,1.0,1.0,0.0,1.0,0.0,1.0
temporal_1,race_proxy_blind,TabPFN,0.5,Hispanic vs Caucasian,True,0.0,0.0,1.0,1.0,1.0,0.0,1.0,0.0,1.0
temporal_1,race_proxy_blind,TabPFN,0.5,Other vs Caucasian,True,0.0,0.0,1.0,1.0,1.0,0.0,1.0,0.0,1.0
temporal_1,race_proxy_blind,TabPFN,break_even,African-American vs Caucasian,True,0.0,0.0,1.0,1.0,0.0,1.0,0.0,1.0,1.0
temporal_1,race_proxy_blind,TabPFN,break_even,Female vs Male,True,0.0,0.0,1.0,1.0,0.0,1.0,0.0,1.0,1.0
temporal_1,race_proxy_blind,TabPFN,break_even,Hispanic vs Caucasian,True,0.0,0.0,1.0,1.0,0.0,1.0,0.0,1.0,1.0
temporal_1,race_proxy_blind,TabPFN,break_even,Other vs Caucasian,True,0.0,0.0,1.0,1.0,0.0,1.0,0.0,1.0,1.0
temporal_1,sex_blind,COMPAS tool,0.5,African-American vs Caucasian,False,-0.2418021618675629,0.2333333333333333,0.0001388136429873,7.660684342716421e-09,0.3027522935779816,0.4824561403508772,0.5445544554455446,0.2491228070175438,8.667853440464584e-12
temporal_1,sex_blind,COMPAS tool,0.5,Female vs Male,False,0.0699472096530919,-0.0216152375239023,0.6929734504095852,1.0,0.4705882352941176,0.3240223463687151,0.4006410256410256,0.3456375838926174,1.0
temporal_1,sex_blind,COMPAS tool,0.5,Hispanic vs Caucasian,False,0.0554455445544553,-0.0307320024198426,0.6929734504095852,1.0,0.6,0.2183908045977011,0.5445544554455446,0.2491228070175438,1.0
temporal_1,sex_blind,COMPAS tool,0.5,Other vs Caucasian,False,0.2201514269073965,-0.106265664160401,0.2677037128939495,0.2545856758585532,0.7647058823529411,0.1428571428571428,0.5445544554455446,0.2491228070175438,0.1280235112858655
temporal_1,sex_blind,COMPAS tool,break_even,African-American vs Caucasian,False,-0.2418021618675629,0.2333333333333333,0.0001388136429873,7.660684342716421e-09,0.3027522935779816,0.4824561403508772,0.5445544554455446,0.2491228070175438,8.667853440464584e-12
temporal_1,sex_blind,COMPAS tool,break_even,Female vs Male,False,0.0699472096530919,-0.0216152375239023,0.6929734504095852,1.0,0.4705882352941176,0.3240223463687151,0.4006410256410256,0.3456375838926174,1.0
temporal_1,sex_blind,COMPAS tool,break_even,Hispanic vs Caucasian,False,0.0554455445544553,-0.0307320024198426,0.6929734504095852,1.0,0.6,0.2183908045977011,0.5445544554455446,0.2491228070175438,1.0
temporal_1,sex_blind,COMPAS tool,break_even,Other vs Caucasian,False,0.2201514269073965,-0.106265664160401,0.2677037128939495,0.2545856758585532,0.7647058823529411,0.1428571428571428,0.5445544554455446,0.2491228070175438,0.1280235112858655
temporal_1,sex_blind,TabPFN,0.5,African-American vs Caucasian,False,-0.3131074575347443,0.1216374269005848,1.0589027231791552e-07,1.949285780679443e-05,0.5779816513761468,0.1812865497076023,0.8910891089108911,0.0596491228070175,1.5125098324442954e-12
temporal_1,sex_blind,TabPFN,0.5,Female vs Male,False,0.160444947209653,-0.1169153762513591,0.059440616532473,4.172845396912165e-05,0.8431372549019608,0.0223463687150838,0.6826923076923077,0.1392617449664429,5.679324282767909e-07
temporal_1,sex_blind,TabPFN,0.5,Hispanic vs Caucasian,False,-0.011089108910891,0.0093163944343617,1.0,0.9506146487675422,0.88,0.0689655172413793,0.8910891089108911,0.0596491228070175,1.0
temporal_1,sex_blind,TabPFN,0.5,Other vs Caucasian,False,0.0500873616773441,-0.0239348370927318,1.0,0.9506146487675422,0.9411764705882352,0.0357142857142857,0.8910891089108911,0.0596491228070175,1.0
temporal_1,sex_blind,TabPFN,break_even,African-American vs Caucasian,False,-0.2036061404305568,0.2187134502923977,8.589767599426048e-05,1.9617834162456836e-07,0.1330275229357798,0.5906432748538012,0.3366336633663366,0.3719298245614035,2.4231051723565597e-10
temporal_1,sex_blind,TabPFN,break_even,Female vs Male,False,0.1706259426847662,-0.1262513591541374,0.0207099085187248,0.008948652372266,0.3725490196078431,0.3687150837988827,0.2019230769230769,0.4949664429530201,0.0012660241114
temporal_1,sex_blind,TabPFN,break_even,Hispanic vs Caucasian,False,0.0633663366336633,0.1108287961282517,1.0,0.0645104713326185,0.4,0.4827586206896552,0.3366336633663366,0.3719298245614035,0.1553777928865578
temporal_1,sex_blind,TabPFN,break_even,Other vs Caucasian,False,0.0751310425160162,-0.1933583959899749,1.0,0.0104723007250754,0.4117647058823529,0.1785714285714285,0.3366336633663366,0.3719298245614035,0.0235654889518061
temporal_2,age_blind,COMPAS tool,0.5,African-American vs Caucasian,False,-0.1570238877931186,0.1965872082118437,0.0030044983540566,3.0918807546320046e-10,0.3518518518518518,0.420038535645472,0.5088757396449705,0.2234513274336283,6.089134526676387e-12
temporal_2,age_blind,COMPAS tool,0.5,Female vs Male,False,-0.0258310178038488,-0.0438605092002483,1.0,0.3272801572571062,0.4024390243902439,0.2695035460992908,0.4282700421940928,0.3133640552995391,0.6787045577757904
temporal_2,age_blind,COMPAS tool,0.5,Hispanic vs Caucasian,False,0.0911242603550295,-0.0214311254134262,0.977506745450603,0.6408353312616617,0.6,0.202020202020202,0.5088757396449705,0.2234513274336283,0.6787045577757904
temporal_2,age_blind,COMPAS tool,0.5,Other vs Caucasian,False,0.0680473372781064,-0.1107752710956001,1.0,0.0979451969029814,0.5769230769230769,0.1126760563380281,0.5088757396449705,0.2234513274336283,0.1848002831869529
temporal_2,age_blind,COMPAS tool,break_even,African-American vs Caucasian,False,-0.1570238877931186,0.1965872082118437,0.0030044983540566,3.0918807546320046e-10,0.3518518518518518,0.420038535645472,0.5088757396449705,0.2234513274336283,6.089134526676387e-12
temporal_2,age_blind,COMPAS tool,break_even,Female vs Male,False,-0.0258310178038488,-0.0438605092002483,1.0,0.3272801572571062,0.4024390243902439,0.2695035460992908,0.4282700421940928,0.3133640552995391,0.6787045577757904
temporal_2,age_blind,COMPAS tool,break_even,Hispanic vs Caucasian,False,0.0911242603550295,-0.0214311254134262,0.977506745450603,0.6408353312616617,0.6,0.202020202020202,0.5088757396449705,0.2234513274336283,0.6787045577757904
temporal_2,age_blind,COMPAS tool,break_even,Other vs Caucasian,False,0.0680473372781064,-0.1107752710956001,1.0,0.0979451969029814,0.5769230769230769,0.1126760563380281,0.5088757396449705,0.2234513274336283,0.1848002831869529
temporal_2,age_blind,TabPFN,0.5,African-American vs Caucasian,False,-0.2080502593323107,0.1250959128344161,1.0214827553356443e-06,2.3841087988278096e-10,0.691358024691358,0.1560693641618497,0.8994082840236687,0.0309734513274336,7.086409519736709e-17
temporal_2,age_blind,TabPFN,0.5,Female vs Male,False,0.0857260471338891,-0.0788639409092394,0.2498768776106765,0.0001041423180185,0.8536585365853658,0.0248226950354609,0.7679324894514767,0.1036866359447004,1.29768549232768e-05
temporal_2,age_blind,TabPFN,0.5,Hispanic vs Caucasian,False,-0.013693998309383,-0.0107714311254134,0.8082734100463538,0.5632000477391669,0.8857142857142857,0.0202020202020202,0.8994082840236687,0.0309734513274336,0.8096054125282713
temporal_2,age_blind,TabPFN,0.5,Other vs Caucasian,False,0.0621301775147928,-0.0309734513274336,0.616510960709896,0.2655764524121249,0.9615384615384616,0.0,0.8994082840236687,0.0309734513274336,0.1337017103029467
temporal_2,age_blind,TabPFN,break_even,African-American vs Caucasian,False,-0.2807363576594346,0.2523146964039082,8.576008195018746e-10,1.2612142098508239e-14,0.2222222222222222,0.5664739884393064,0.5029585798816568,0.3141592920353982,2.2436395308101347e-22
temporal_2,age_blind,TabPFN,break_even,Female vs Male,False,0.0552639703612226,-0.1702291074288328,0.9783539949972582,1.3569752583981353e-06,0.3780487804878049,0.2836879432624113,0.3227848101265823,0.4539170506912442,3.6694190329808264e-06
temporal_2,age_blind,TabPFN,break_even,Hispanic vs Caucasian,False,-0.0743871513102282,-0.091937069813176,0.9783539949972582,0.1399496081963626,0.4285714285714285,0.2222222222222222,0.5029585798816568,0.3141592920353982,0.2602830056250385
temporal_2,age_blind,TabPFN,break_even,Other vs Caucasian,False,-0.0414201183431952,-0.1028916864015954,0.9783539949972582,0.1399496081963626,0.4615384615384615,0.2112676056338028,0.5029585798816568,0.3141592920353982,0.2602830056250385
temporal_2,protected_blind,COMPAS tool,0.5,African-American vs Caucasian,False,-0.1570238877931186,0.1965872082118437,0.0030044983540566,3.0918807546320046e-10,0.3518518518518518,0.420038535645472,0.5088757396449705,0.2234513274336283,6.089134526676387e-12
temporal_2,protected_blind,COMPAS tool,0.5,Female vs Male,False,-0.0258310178038488,-0.0438605092002483,1.0,0.3272801572571062,0.4024390243902439,0.2695035460992908,0.4282700421940928,0.3133640552995391,0.6787045577757904
temporal_2,protected_blind,COMPAS tool,0.5,Hispanic vs Caucasian,False,0.0911242603550295,-0.0214311254134262,0.977506745450603,0.6408353312616617,0.6,0.202020202020202,0.5088757396449705,0.2234513274336283,0.6787045577757904
temporal_2,protected_blind,COMPAS tool,0.5,Other vs Caucasian,False,0.0680473372781064,-0.1107752710956001,1.0,0.0979451969029814,0.5769230769230769,0.1126760563380281,0.5088757396449705,0.2234513274336283,0.1848002831869529
temporal_2,protected_blind,COMPAS tool,break_even,African-American vs Caucasian,False,-0.1570238877931186,0.1965872082118437,0.0030044983540566,3.0918807546320046e-10,0.3518518518518518,0.420038535645472,0.5088757396449705,0.2234513274336283,6.089134526676387e-12
temporal_2,protected_blind,COMPAS tool,break_even,Female vs Male,False,-0.0258310178038488,-0.0438605092002483,1.0,0.3272801572571062,0.4024390243902439,0.2695035460992908,0.4282700421940928,0.3133640552995391,0.6787045577757904
temporal_2,protected_blind,COMPAS tool,break_even,Hispanic vs Caucasian,False,0.0911242603550295,-0.0214311254134262,0.977506745450603,0.6408353312616617,0.6,0.202020202020202,0.5088757396449705,0.2234513274336283,0.6787045577757904
temporal_2,protected_blind,COMPAS tool,break_even,Other vs Caucasian,False,0.0680473372781064,-0.1107752710956001,1.0,0.0979451969029814,0.5769230769230769,0.1126760563380281,0.5088757396449705,0.2234513274336283,0.1848002831869529
temporal_2,protected_blind,TabPFN,0.5,African-American vs Caucasian,False,-0.1686938417707648,0.0828473749722918,9.360952842369468e-05,9.853051387079514e-05,0.7129629629629629,0.1425818882466281,0.8816568047337278,0.0597345132743362,2.2503963895696253e-08
temporal_2,protected_blind,TabPFN,0.5,Female vs Male,False,0.0247504373777915,-0.0574974670719351,1.0,0.0116430947233262,0.7926829268292683,0.0496453900709219,0.7679324894514767,0.1071428571428571,0.0238319494226158
temporal_2,protected_blind,TabPFN,0.5,Hispanic vs Caucasian,False,-0.195942519019442,0.0008715473317243,0.0098743836842255,0.9735946149447748,0.6857142857142857,0.0606060606060606,0.8816568047337278,0.0597345132743362,0.0347073638809099
temporal_2,protected_blind,TabPFN,0.5,Other vs Caucasian,False,0.0029585798816568,-0.0597345132743362,1.0,0.0689084907674348,0.8846153846153846,0.0,0.8816568047337278,0.0597345132743362,0.0347073638809099
temporal_2,protected_blind,TabPFN,break_even,African-American vs Caucasian,False,-0.1163525458397253,0.0911683462069671,0.0303229533078834,0.0091832763447331,0.2623456790123457,0.5491329479768786,0.378698224852071,0.4579646017699115,0.001815893030098
temporal_2,protected_blind,TabPFN,break_even,Female vs Male,False,0.0153854070186271,-0.1333300650390561,1.0,0.0003932974733323,0.3170731707317073,0.375886524822695,0.3016877637130801,0.5092165898617511,0.001815893030098
temporal_2,protected_blind,TabPFN,break_even,Hispanic vs Caucasian,False,-0.0358410819949281,-0.1044292482345579,1.0,0.05792569642433,0.3428571428571428,0.3535353535353535,0.378698224852071,0.4579646017699115,0.148607990988823
temporal_2,protected_blind,TabPFN,break_even,Other vs Caucasian,False,-0.0710059171597632,-0.1903589679670946,1.0,0.0078332041741031,0.3076923076923077,0.2676056338028169,0.378698224852071,0.4579646017699115,0.0136568291602928
temporal_2,race_aware,COMPAS tool,0.5,African-American vs Caucasian,False,-0.1570238877931186,0.1965872082118437,0.0030044983540566,3.0918807546320046e-10,0.3518518518518518,0.420038535645472,0.5088757396449705,0.2234513274336283,6.089134526676387e-12
temporal_2,race_aware,COMPAS tool,0.5,Female vs Male,False,-0.0258310178038488,-0.0438605092002483,1.0,0.3272801572571062,0.4024390243902439,0.2695035460992908,0.4282700421940928,0.3133640552995391,0.6787045577757904
temporal_2,race_aware,COMPAS tool,0.5,Hispanic vs Caucasian,False,0.0911242603550295,-0.0214311254134262,0.977506745450603,0.6408353312616617,0.6,0.202020202020202,0.5088757396449705,0.2234513274336283,0.6787045577757904
temporal_2,race_aware,COMPAS tool,0.5,Other vs Caucasian,False,0.0680473372781064,-0.1107752710956001,1.0,0.0979451969029814,0.5769230769230769,0.1126760563380281,0.5088757396449705,0.2234513274336283,0.1848002831869529
temporal_2,race_aware,COMPAS tool,break_even,African-American vs Caucasian,False,-0.1570238877931186,0.1965872082118437,0.0030044983540566,3.0918807546320046e-10,0.3518518518518518,0.420038535645472,0.5088757396449705,0.2234513274336283,6.089134526676387e-12
temporal_2,race_aware,COMPAS tool,break_even,Female vs Male,False,-0.0258310178038488,-0.0438605092002483,1.0,0.3272801572571062,0.4024390243902439,0.2695035460992908,0.4282700421940928,0.3133640552995391,0.6787045577757904
temporal_2,race_aware,COMPAS tool,break_even,Hispanic vs Caucasian,False,0.0911242603550295,-0.0214311254134262,0.977506745450603,0.6408353312616617,0.6,0.202020202020202,0.5088757396449705,0.2234513274336283,0.6787045577757904
temporal_2,race_aware,COMPAS tool,break_even,Other vs Caucasian,False,0.0680473372781064,-0.1107752710956001,1.0,0.0979451969029814,0.5769230769230769,0.1126760563380281,0.5088757396449705,0.2234513274336283,0.1848002831869529
temporal_2,race_aware,TabPFN,0.5,African-American vs Caucasian,False,-0.2468770545693622,0.0858441181987143,6.236334622173275e-08,9.483792338961362e-05,0.6111111111111112,0.1522157996146435,0.8579881656804734,0.0663716814159292,1.0759977077966926e-11
temporal_2,race_aware,TabPFN,0.5,Female vs Male,False,0.1150046310589688,-0.0761104029806843,0.1039782435226111,0.000643407126331,0.8048780487804879,0.0425531914893617,0.689873417721519,0.118663594470046,8.835272722460105e-05
temporal_2,race_aware,TabPFN,0.5,Hispanic vs Caucasian,False,-0.1151310228233305,-0.0259676410118888,0.1845316739105485,0.4236147089668094,0.7428571428571429,0.0404040404040404,0.8579881656804734,0.0663716814159292,0.3291781383991669
temporal_2,race_aware,TabPFN,0.5,Other vs Caucasian,False,-0.0118343195266272,-0.0382026673314221,0.8727261851349982,0.4236147089668094,0.8461538461538461,0.028169014084507,0.8579881656804734,0.0663716814159292,0.3870099734446224
temporal_2,race_aware,TabPFN,break_even,African-American vs Caucasian,False,-0.1994301994301994,0.2455325933125309,5.42962368990088e-06,8.88080857892752e-14,0.1851851851851851,0.5973025048169557,0.3846153846153846,0.3517699115044247,7.783962369177329e-18
temporal_2,race_aware,TabPFN,break_even,Female vs Male,False,0.1602860965318514,-0.2549596365656764,0.0062033630113937,2.317567285382935e-13,0.3902439024390244,0.2588652482269503,0.229957805907173,0.5138248847926268,8.755335655178305e-15
temporal_2,race_aware,TabPFN,break_even,Hispanic vs Caucasian,False,-0.0989010989010989,-0.0588406185751318,0.2693736923032819,0.3281976695893578,0.2857142857142857,0.2929292929292929,0.3846153846153846,0.3517699115044247,0.2818112237732234
temporal_2,race_aware,TabPFN,break_even,Other vs Caucasian,False,-0.1538461538461538,-0.0841642777016078,0.2581659435242646,0.3281976695893578,0.2307692307692307,0.2676056338028169,0.3846153846153846,0.3517699115044247,0.2161534398794979
temporal_2,race_blind,COMPAS tool,0.5,African-American vs Caucasian,False,-0.1570238877931186,0.1965872082118437,0.0030044983540566,3.0918807546320046e-10,0.3518518518518518,0.420038535645472,0.5088757396449705,0.2234513274336283,6.089134526676387e-12
temporal_2,race_blind,COMPAS tool,0.5,Female vs Male,False,-0.0258310178038488,-0.0438605092002483,1.0,0.3272801572571062,0.4024390243902439,0.2695035460992908,0.4282700421940928,0.3133640552995391,0.6787045577757904
temporal_2,race_blind,COMPAS tool,0.5,Hispanic vs Caucasian,False,0.0911242603550295,-0.0214311254134262,0.977506745450603,0.6408353312616617,0.6,0.202020202020202,0.5088757396449705,0.2234513274336283,0.6787045577757904
temporal_2,race_blind,COMPAS tool,0.5,Other vs Caucasian,False,0.0680473372781064,-0.1107752710956001,1.0,0.0979451969029814,0.5769230769230769,0.1126760563380281,0.5088757396449705,0.2234513274336283,0.1848002831869529
temporal_2,race_blind,COMPAS tool,break_even,African-American vs Caucasian,False,-0.1570238877931186,0.1965872082118437,0.0030044983540566,3.0918807546320046e-10,0.3518518518518518,0.420038535645472,0.5088757396449705,0.2234513274336283,6.089134526676387e-12
temporal_2,race_blind,COMPAS tool,break_even,Female vs Male,False,-0.0258310178038488,-0.0438605092002483,1.0,0.3272801572571062,0.4024390243902439,0.2695035460992908,0.4282700421940928,0.3133640552995391,0.6787045577757904
temporal_2,race_blind,COMPAS tool,break_even,Hispanic vs Caucasian,False,0.0911242603550295,-0.0214311254134262,0.977506745450603,0.6408353312616617,0.6,0.202020202020202,0.5088757396449705,0.2234513274336283,0.6787045577757904
temporal_2,race_blind,COMPAS tool,break_even,Other vs Caucasian,False,0.0680473372781064,-0.1107752710956001,1.0,0.0979451969029814,0.5769230769230769,0.1126760563380281,0.5088757396449705,0.2234513274336283,0.1848002831869529
temporal_2,race_blind,TabPFN,0.5,African-American vs Caucasian,False,-0.228614215793703,0.0734266032363121,5.553256699393493e-07,0.0008998633455224,0.6234567901234568,0.1464354527938343,0.8520710059171598,0.0730088495575221,1.5078549997848882e-09
temporal_2,race_blind,TabPFN,0.5,Female vs Male,False,0.0863949778738294,-0.079566624178841,0.2250998036306743,0.0005221171460809,0.7804878048780488,0.0425531914893617,0.6940928270042194,0.1221198156682027,0.0001431203955742
temporal_2,race_blind,TabPFN,0.5,Hispanic vs Caucasian,False,-0.166356720202874,-0.0023017788504514,0.056353764615385,0.9362818110628413,0.6857142857142857,0.0707070707070707,0.8520710059171598,0.0730088495575221,0.1722165297653415
temporal_2,race_blind,TabPFN,0.5,Other vs Caucasian,False,-0.044378698224852,-0.044839835473015,0.5593049468922573,0.3196713232457038,0.8076923076923077,0.028169014084507,0.8520710059171598,0.0730088495575221,0.2542429232129425
temporal_2,race_blind,TabPFN,break_even,African-American vs Caucasian,False,-0.1778252611585945,0.198718604532201,9.246224500787197e-05,1.7483438952950992e-09,0.2067901234567901,0.5549132947976878,0.3846153846153846,0.3561946902654867,2.62484138487954e-12
temporal_2,race_blind,TabPFN,break_even,Female vs Male,False,0.1455181640423999,-0.2178236428408014,0.017721212665086,5.74264726473919e-10,0.3902439024390244,0.2695035460992908,0.2447257383966244,0.4873271889400922,4.6808671174536085e-11
temporal_2,race_blind,TabPFN,break_even,Hispanic vs Caucasian,False,-0.0989010989010989,-0.0632653973361938,0.2693736923032819,0.2882233358815024,0.2857142857142857,0.2929292929292929,0.3846153846153846,0.3561946902654867,0.2558535810008682
temporal_2,race_blind,TabPFN,break_even,Other vs Caucasian,False,-0.1538461538461538,-0.0885890564626698,0.2581659435242646,0.2882233358815024,0.2307692307692307,0.2676056338028169,0.3846153846153846,0.3561946902654867,0.1949295714478451
temporal_2,race_priors_blind,COMPAS tool,0.5,African-American vs Caucasian,False,-0.1570238877931186,0.1965872082118437,0.0030044983540566,3.0918807546320046e-10,0.3518518518518518,0.420038535645472,0.5088757396449705,0.2234513274336283,6.089134526676387e-12
temporal_2,race_priors_blind,COMPAS tool,0.5,Female vs Male,False,-0.0258310178038488,-0.0438605092002483,1.0,0.3272801572571062,0.4024390243902439,0.2695035460992908,0.4282700421940928,0.3133640552995391,0.6787045577757904
temporal_2,race_priors_blind,COMPAS tool,0.5,Hispanic vs Caucasian,False,0.0911242603550295,-0.0214311254134262,0.977506745450603,0.6408353312616617,0.6,0.202020202020202,0.5088757396449705,0.2234513274336283,0.6787045577757904
temporal_2,race_priors_blind,COMPAS tool,0.5,Other vs Caucasian,False,0.0680473372781064,-0.1107752710956001,1.0,0.0979451969029814,0.5769230769230769,0.1126760563380281,0.5088757396449705,0.2234513274336283,0.1848002831869529
temporal_2,race_priors_blind,COMPAS tool,break_even,African-American vs Caucasian,False,-0.1570238877931186,0.1965872082118437,0.0030044983540566,3.0918807546320046e-10,0.3518518518518518,0.420038535645472,0.5088757396449705,0.2234513274336283,6.089134526676387e-12
temporal_2,race_priors_blind,COMPAS tool,break_even,Female vs Male,False,-0.0258310178038488,-0.0438605092002483,1.0,0.3272801572571062,0.4024390243902439,0.2695035460992908,0.4282700421940928,0.3133640552995391,0.6787045577757904
temporal_2,race_priors_blind,COMPAS tool,break_even,Hispanic vs Caucasian,False,0.0911242603550295,-0.0214311254134262,0.977506745450603,0.6408353312616617,0.6,0.202020202020202,0.5088757396449705,0.2234513274336283,0.6787045577757904
temporal_2,race_priors_blind,COMPAS tool,break_even,Other vs Caucasian,False,0.0680473372781064,-0.1107752710956001,1.0,0.0979451969029814,0.5769230769230769,0.1126760563380281,0.5088757396449705,0.2234513274336283,0.1848002831869529
temporal_2,race_priors_blind,TabPFN,0.5,African-American vs Caucasian,True,0.0,0.0,1.0,1.0,1.0,0.0,1.0,0.0,1.0
temporal_2,race_priors_blind,TabPFN,0.5,Female vs Male,True,0.0,0.0,1.0,1.0,1.0,0.0,1.0,0.0,1.0
temporal_2,race_priors_blind,TabPFN,0.5,Hispanic vs Caucasian,True,0.0,0.0,1.0,1.0,1.0,0.0,1.0,0.0,1.0
temporal_2,race_priors_blind,TabPFN,0.5,Other vs Caucasian,True,0.0,0.0,1.0,1.0,1.0,0.0,1.0,0.0,1.0
temporal_2,race_priors_blind,TabPFN,break_even,African-American vs Caucasian,False,-0.1217218204397691,0.1411836922604736,0.0021718284742852,9.431611181198558e-06,0.132716049382716,0.7341040462427746,0.2544378698224852,0.5929203539823009,2.3549954858470394e-07
temporal_2,race_priors_blind,TabPFN,break_even,Female vs Male,False,0.2753936400123494,-0.3022191718142301,8.128507178091615e-09,3.1460345586011913e-20,0.4146341463414634,0.4397163120567376,0.1392405063291139,0.7419354838709677,6.7502046431523505e-25
temporal_2,race_priors_blind,TabPFN,break_even,Hispanic vs Caucasian,False,0.0027049873203718,0.0636453025833556,0.9871255794067786,0.3659111995656852,0.2571428571428571,0.6565656565656566,0.2544378698224852,0.5929203539823009,0.6323664207335769
temporal_2,race_priors_blind,TabPFN,break_even,Other vs Caucasian,False,-0.0621301775147929,0.083135984045868,0.9871255794067786,0.3659111995656852,0.1923076923076923,0.676056338028169,0.2544378698224852,0.5929203539823009,0.6323664207335769
temporal_2,race_proxy_blind,COMPAS tool,0.5,African-American vs Caucasian,False,-0.1570238877931186,0.1965872082118437,0.0030044983540566,3.0918807546320046e-10,0.3518518518518518,0.420038535645472,0.5088757396449705,0.2234513274336283,6.089134526676387e-12
temporal_2,race_proxy_blind,COMPAS tool,0.5,Female vs Male,False,-0.0258310178038488,-0.0438605092002483,1.0,0.3272801572571062,0.4024390243902439,0.2695035460992908,0.4282700421940928,0.3133640552995391,0.6787045577757904
temporal_2,race_proxy_blind,COMPAS tool,0.5,Hispanic vs Caucasian,False,0.0911242603550295,-0.0214311254134262,0.977506745450603,0.6408353312616617,0.6,0.202020202020202,0.5088757396449705,0.2234513274336283,0.6787045577757904
temporal_2,race_proxy_blind,COMPAS tool,0.5,Other vs Caucasian,False,0.0680473372781064,-0.1107752710956001,1.0,0.0979451969029814,0.5769230769230769,0.1126760563380281,0.5088757396449705,0.2234513274336283,0.1848002831869529
temporal_2,race_proxy_blind,COMPAS tool,break_even,African-American vs Caucasian,False,-0.1570238877931186,0.1965872082118437,0.0030044983540566,3.0918807546320046e-10,0.3518518518518518,0.420038535645472,0.5088757396449705,0.2234513274336283,6.089134526676387e-12
temporal_2,race_proxy_blind,COMPAS tool,break_even,Female vs Male,False,-0.0258310178038488,-0.0438605092002483,1.0,0.3272801572571062,0.4024390243902439,0.2695035460992908,0.4282700421940928,0.3133640552995391,0.6787045577757904
temporal_2,race_proxy_blind,COMPAS tool,break_even,Hispanic vs Caucasian,False,0.0911242603550295,-0.0214311254134262,0.977506745450603,0.6408353312616617,0.6,0.202020202020202,0.5088757396449705,0.2234513274336283,0.6787045577757904
temporal_2,race_proxy_blind,COMPAS tool,break_even,Other vs Caucasian,False,0.0680473372781064,-0.1107752710956001,1.0,0.0979451969029814,0.5769230769230769,0.1126760563380281,0.5088757396449705,0.2234513274336283,0.1848002831869529
temporal_2,race_proxy_blind,TabPFN,0.5,African-American vs Caucasian,True,0.0,0.0,1.0,1.0,1.0,0.0,1.0,0.0,1.0
temporal_2,race_proxy_blind,TabPFN,0.5,Female vs Male,True,0.0,0.0,1.0,1.0,1.0,0.0,1.0,0.0,1.0
temporal_2,race_proxy_blind,TabPFN,0.5,Hispanic vs Caucasian,True,0.0,0.0,1.0,1.0,1.0,0.0,1.0,0.0,1.0
temporal_2,race_proxy_blind,TabPFN,0.5,Other vs Caucasian,True,0.0,0.0,1.0,1.0,1.0,0.0,1.0,0.0,1.0
temporal_2,race_proxy_blind,TabPFN,break_even,African-American vs Caucasian,False,-0.0478851632697786,0.0011594795982744,0.45901053084354,1.0,0.1296296296296296,0.7533718689788054,0.1775147928994082,0.7522123893805309,1.0
temporal_2,race_proxy_blind,TabPFN,break_even,Female vs Male,False,1.0,-1.0,,,1.0,0.0,0.0,1.0,0.0
temporal_2,race_proxy_blind,TabPFN,break_even,Hispanic vs Caucasian,False,0.0224852071005917,0.0255653883972468,0.7533559161589527,1.0,0.2,0.7777777777777778,0.1775147928994082,0.7522123893805309,1.0
temporal_2,race_proxy_blind,TabPFN,break_even,Other vs Caucasian,False,-0.1005917159763313,-0.0057335161410942,0.45901053084354,1.0,0.0769230769230769,0.7464788732394366,0.1775147928994082,0.7522123893805309,1.0
temporal_2,sex_blind,COMPAS tool,0.5,African-American vs Caucasian,False,-0.1570238877931186,0.1965872082118437,0.0030044983540566,3.0918807546320046e-10,0.3518518518518518,0.420038535645472,0.5088757396449705,0.2234513274336283,6.089134526676387e-12
temporal_2,sex_blind,COMPAS tool,0.5,Female vs Male,False,-0.0258310178038488,-0.0438605092002483,1.0,0.3272801572571062,0.4024390243902439,0.2695035460992908,0.4282700421940928,0.3133640552995391,0.6787045577757904
temporal_2,sex_blind,COMPAS tool,0.5,Hispanic vs Caucasian,False,0.0911242603550295,-0.0214311254134262,0.977506745450603,0.6408353312616617,0.6,0.202020202020202,0.5088757396449705,0.2234513274336283,0.6787045577757904
temporal_2,sex_blind,COMPAS tool,0.5,Other vs Caucasian,False,0.0680473372781064,-0.1107752710956001,1.0,0.0979451969029814,0.5769230769230769,0.1126760563380281,0.5088757396449705,0.2234513274336283,0.1848002831869529
temporal_2,sex_blind,COMPAS tool,break_even,African-American vs Caucasian,False,-0.1570238877931186,0.1965872082118437,0.0030044983540566,3.0918807546320046e-10,0.3518518518518518,0.420038535645472,0.5088757396449705,0.2234513274336283,6.089134526676387e-12
temporal_2,sex_blind,COMPAS tool,break_even,Female vs Male,False,-0.0258310178038488,-0.0438605092002483,1.0,0.3272801572571062,0.4024390243902439,0.2695035460992908,0.4282700421940928,0.3133640552995391,0.6787045577757904
temporal_2,sex_blind,COMPAS tool,break_even,Hispanic vs Caucasian,False,0.0911242603550295,-0.0214311254134262,0.977506745450603,0.6408353312616617,0.6,0.202020202020202,0.5088757396449705,0.2234513274336283,0.6787045577757904
temporal_2,sex_blind,COMPAS tool,break_even,Other vs Caucasian,False,0.0680473372781064,-0.1107752710956001,1.0,0.0979451969029814,0.5769230769230769,0.1126760563380281,0.5088757396449705,0.2234513274336283,0.1848002831869529
temporal_2,sex_blind,TabPFN,0.5,African-American vs Caucasian,False,-0.2563919935714808,0.0963348508875134,2.5008325267670573e-08,7.650997404394351e-06,0.595679012345679,0.1560693641618497,0.8520710059171598,0.0597345132743362,3.1293716362254993e-13
temporal_2,sex_blind,TabPFN,0.5,Female vs Male,False,0.0174436554492126,-0.0644099094682485,1.0,0.0047840859797324,0.7073170731707317,0.0496453900709219,0.689873417721519,0.1140552995391705,0.0097139793581494
temporal_2,sex_blind,TabPFN,0.5,Hispanic vs Caucasian,False,-0.1377852916314454,-0.0092294627692857,0.1472152982025344,0.7221287266104717,0.7142857142857143,0.0505050505050505,0.8520710059171598,0.0597345132743362,0.1645562993768421
temporal_2,sex_blind,TabPFN,0.5,Other vs Caucasian,False,-0.044378698224852,-0.0597345132743362,1.0,0.0689084907674348,0.8076923076923077,0.0,0.8520710059171598,0.0597345132743362,0.0295515713827374
temporal_2,sex_blind,TabPFN,break_even,African-American vs Caucasian,False,-0.1785923003871721,0.2244786604600405,5.4556149368453144e-05,1.1952383510465611e-11,0.1882716049382716,0.605009633911368,0.3668639053254438,0.3805309734513274,9.099918067952796e-15
temporal_2,sex_blind,TabPFN,break_even,Female vs Male,False,0.0235669445302048,-0.058249174755695,0.7210365941725791,0.26620484699303,0.2682926829268293,0.4290780141843971,0.2447257383966244,0.4873271889400922,0.5157389879372068
temporal_2,sex_blind,TabPFN,break_even,Hispanic vs Caucasian,False,-0.081149619611158,-0.0775006704210243,0.7210365941725791,0.2944678047065855,0.2857142857142857,0.303030303030303,0.3668639053254438,0.3805309734513274,0.5157389879372068
temporal_2,sex_blind,TabPFN,break_even,Other vs Caucasian,False,-0.1745562130177514,-0.0284182973949894,0.2430703900977127,0.6459360214166855,0.1923076923076923,0.352112676056338,0.3668639053254438,0.3805309734513274,0.5157389879372068
