row,Number_of_Priors,predicted_risk,kind
790,0.0,0.2547655006325495,raw
1489,0.0,0.19083601138006848,raw
4093,0.0,0.19083601138006848,raw
5632,0.0,0.24443349642099726,raw
1352,0.0,0.3781591712860467,raw
4429,0.0,0.29945961045556513,raw
5095,0.0,0.39668100234733195,raw
4032,0.0,0.19896993446161548,raw
4065,0.0,0.24504842075307712,raw
4797,0.0,0.23498623292478893,raw
6123,0.0,0.3104470572432294,raw
3446,0.0,0.23498623292478893,raw
4971,0.0,0.2547655006325495,raw
4245,0.0,0.29945961045556513,raw
3343,0.0,0.15188244249141497,raw
5621,0.0,0.15145440695276785,raw
3470,0.0,0.20138879339646654,raw
1157,0.0,0.24443349642099726,raw
3104,0.0,0.4583779100500213,raw
4619,0.0,0.39042488378768414,raw
2652,0.0,0.19896993446161548,raw
2662,0.0,0.15188244249141497,raw
612,0.0,0.4583779100500213,raw
2761,0.0,0.3912169143266767,raw
1900,0.0,0.1586816585643212,raw
4463,0.0,0.29945961045556513,raw
1893,0.0,0.15188244249141497,raw
1296,0.0,0.24930702538486102,raw
5574,0.0,0.15485405615568285,raw
5177,0.0,0.40363124805536815,raw
5195,0.0,0.3104470572432294,raw
5769,0.0,0.3104470572432294,raw
3033,0.0,0.1586816585643212,raw
3665,0.0,0.4712736291707063,raw
4729,0.0,0.39042488378768414,raw
3341,0.0,0.29945961045556513,raw
5904,0.0,0.29945961045556513,raw
6127,0.0,0.20138879339646654,raw
3636,0.0,0.4583779100500213,raw
1151,0.0,0.32720541445037243,raw
1731,0.0,0.3104470572432294,raw
355,0.0,0.1586816585643212,raw
1246,0.0,0.4712736291707063,raw
1635,0.0,0.12213653209583558,raw
4426,0.0,0.29945961045556513,raw
994,0.0,0.24504842075307712,raw
5939,0.0,0.29945961045556513,raw
649,0.0,0.3104470572432294,raw
3939,0.0,0.2547655006325495,raw
1410,0.0,0.15188244249141497,raw
5520,0.0,0.19896993446161548,raw
4342,0.0,0.39668100234733195,raw
4468,0.0,0.4712736291707063,raw
1551,0.0,0.15188244249141497,raw
3687,0.0,0.4712736291707063,raw
5611,0.0,0.39042488378768414,raw
4332,0.0,0.12213653209583558,raw
5243,0.0,0.19896993446161548,raw
3401,0.0,0.23498623292478893,raw
214,0.0,0.23266877505439904,raw
4927,0.0,0.4712736291707063,raw
1154,0.0,0.19083601138006848,raw
2524,0.0,0.45516814882570233,raw
1013,0.0,0.19083601138006848,raw
803,0.0,0.2547655006325495,raw
566,0.0,0.24266320580553072,raw
3204,0.0,0.2444334964209973,raw
101,0.0,0.3104470572432295,raw
3077,0.0,0.2547655006325495,raw
4774,0.0,0.1891270737147591,raw
2439,0.0,0.31310775055782164,raw
902,0.0,0.19896993446161548,raw
1935,0.0,0.40363124805536815,raw
2181,0.0,0.3104470572432295,raw
3141,0.0,0.15188244249141494,raw
351,0.0,0.3104470572432295,raw
2054,0.0,0.3104470572432295,raw
5313,0.0,0.20138879339646654,raw
5957,0.0,0.2444334964209973,raw
1568,0.0,0.2547655006325495,raw
3587,0.0,0.19896993446161548,raw
2320,0.0,0.4712736291707063,raw
3479,0.0,0.4712736291707063,raw
5242,0.0,0.4712736291707063,raw
1375,0.0,0.29945961045556513,raw
4964,0.0,0.4712736291707063,raw
782,0.0,0.2547655006325495,raw
2029,0.0,0.15145440695276782,raw
4491,0.0,0.19896993446161548,raw
1391,0.0,0.15188244249141494,raw
2487,0.0,0.3104470572432295,raw
2086,0.0,0.39668100234733195,raw
2826,0.0,0.3104470572432295,raw
4411,0.0,0.24930702538486102,raw
1965,0.0,0.3104470572432295,raw
3091,0.0,0.15340624894709137,raw
677,0.0,0.4583779100500213,raw
1136,0.0,0.19896993446161548,raw
426,0.0,0.15188244249141494,raw
2846,0.0,0.11935372292164667,raw
790,1.0,0.35160139336911544,raw
1489,1.0,0.27224952513656625,raw
4093,1.0,0.27224952513656625,raw
5632,1.0,0.33912932947747476,raw
1352,1.0,0.5236293837001379,raw
4429,1.0,0.4040725317590789,raw
5095,1.0,0.5430539451098253,raw
4032,1.0,0.28264141049476144,raw
4065,1.0,0.33987531977916213,raw
4797,1.0,0.327609043160712,raw
6123,1.0,0.4166156358691421,raw
3446,1.0,0.327609043160712,raw
4971,1.0,0.35160139336911544,raw
4245,1.0,0.4040725317590789,raw
3343,1.0,0.22122109864453515,raw
5621,1.0,0.22064849118781038,raw
3470,1.0,0.28571464162778315,raw
1157,1.0,0.33912932947747476,raw
3104,1.0,0.6046987874694643,raw
4619,1.0,0.5365423199164865,raw
2652,1.0,0.28264141049476144,raw
2662,1.0,0.22122109864453515,raw
612,1.0,0.6046987874694643,raw
2761,1.0,0.5373694620423359,raw
1900,1.0,0.2302815401374541,raw
4463,1.0,0.4040725317590789,raw
1893,1.0,0.22122109864453515,raw
1296,1.0,0.34502873267998924,raw
5574,1.0,0.22518913197277576,raw
5177,1.0,0.5502298630919736,raw
5195,1.0,0.4166156358691421,raw
5769,1.0,0.4166156358691421,raw
3033,1.0,0.2302815401374541,raw
3665,1.0,0.617021447430935,raw
4729,1.0,0.5365423199164865,raw
3341,1.0,0.4040725317590789,raw
5904,1.0,0.4040725317590789,raw
6127,1.0,0.28571464162778315,raw
3636,1.0,0.6046987874694643,raw
1151,1.0,0.4678208015503066,raw
1731,1.0,0.4166156358691421,raw
355,1.0,0.2302815401374541,raw
1246,1.0,0.617021447430935,raw
1635,1.0,0.1807901014936062,raw
4426,1.0,0.4040725317590789,raw
994,1.0,0.33987531977916213,raw
5939,1.0,0.4040725317590789,raw
649,1.0,0.4166156358691421,raw
3939,1.0,0.35160139336911544,raw
1410,1.0,0.22122109864453515,raw
5520,1.0,0.28264141049476144,raw
4342,1.0,0.5430539451098253,raw
4468,1.0,0.617021447430935,raw
1551,1.0,0.22122109864453515,raw
3687,1.0,0.617021447430935,raw
5611,1.0,0.5365423199164865,raw
4332,1.0,0.1807901014936062,raw
5243,1.0,0.28264141049476144,raw
3401,1.0,0.327609043160712,raw
214,1.0,0.32476591264305543,raw
4927,1.0,0.617021447430935,raw
1154,1.0,0.27224952513656625,raw
2524,1.0,0.6016024929266318,raw
1013,1.0,0.27224952513656625,raw
803,1.0,0.35160139336911544,raw
566,1.0,0.33697908734036713,raw
3204,1.0,0.33912932947747476,raw
101,1.0,0.4166156358691421,raw
3077,1.0,0.35160139336911544,raw
4774,1.0,0.27005484895928455,raw
2439,1.0,0.4517325042689428,raw
902,1.0,0.28264141049476144,raw
1935,1.0,0.5502298630919736,raw
2181,1.0,0.4166156358691421,raw
3141,1.0,0.22122109864453515,raw
351,1.0,0.4166156358691421,raw
2054,1.0,0.4166156358691421,raw
5313,1.0,0.2857146416277832,raw
5957,1.0,0.33912932947747476,raw
1568,1.0,0.35160139336911544,raw
3587,1.0,0.28264141049476144,raw
2320,1.0,0.617021447430935,raw
3479,1.0,0.617021447430935,raw
5242,1.0,0.617021447430935,raw
1375,1.0,0.404072531759079,raw
4964,1.0,0.617021447430935,raw
782,1.0,0.35160139336911544,raw
2029,1.0,0.22064849118781038,raw
4491,1.0,0.28264141049476144,raw
1391,1.0,0.22122109864453515,raw
2487,1.0,0.4166156358691421,raw
2086,1.0,0.5430539451098253,raw
2826,1.0,0.4166156358691421,raw
4411,1.0,0.34502873267998924,raw
1965,1.0,0.4166156358691421,raw
3091,1.0,0.2232574411393052,raw
677,1.0,0.6046987874694643,raw
1136,1.0,0.28264141049476144,raw
426,1.0,0.22122109864453515,raw
2846,1.0,0.1769402644835577,raw
790,2.0,0.4265949274495719,raw
1489,2.0,0.33917133901847635,raw
4093,2.0,0.33917133901847635,raw
5632,2.0,0.41315774147052226,raw
1352,2.0,0.6194558948908807,raw
4429,2.0,0.48193922655257726,raw
5095,2.0,0.6376767547538946,raw
4032,2.0,0.35088603472267427,raw
4065,2.0,0.4139645707074227,raw
4797,2.0,0.4006472475385641,raw
6123,2.0,0.49489213571657104,raw
3446,2.0,0.4006472475385641,raw
4971,2.0,0.4265949274495719,raw
4245,2.0,0.48193922655257726,raw
3343,2.0,0.2804330602271369,raw
5621,2.0,0.2797622461497685,raw
3470,2.0,0.35433478033358,raw
1157,2.0,0.41315774147052226,raw
3104,2.0,0.6937550877402764,raw
4619,2.0,0.6315987929176792,raw
2652,2.0,0.35088603472267427,raw
2662,2.0,0.2804330602271369,raw
612,2.0,0.6937550877402764,raw
2761,2.0,0.6323725259028063,raw
1900,2.0,0.29101240476761275,raw
4463,2.0,0.48193922655257726,raw
1893,2.0,0.2804330602271369,raw
1296,2.0,0.4195274282646113,raw
5574,2.0,0.28507439745084906,raw
5177,2.0,0.6443399049486773,raw
5195,2.0,0.49489213571657104,raw
5769,2.0,0.49489213571657104,raw
3033,2.0,0.29101240476761275,raw
3665,2.0,0.7046575106733461,raw
4729,2.0,0.6315987929176792,raw
3341,2.0,0.48193922655257726,raw
5904,2.0,0.48193922655257726,raw
6127,2.0,0.35433478033358,raw
3636,2.0,0.6937550877402764,raw
1151,2.0,0.5655594909994953,raw
1731,2.0,0.49489213571657104,raw
355,2.0,0.29101240476761275,raw
1246,2.0,0.7046575106733461,raw
1635,2.0,0.23240983435976853,raw
4426,2.0,0.48193922655257726,raw
994,2.0,0.4139645707074227,raw
5939,2.0,0.48193922655257726,raw
649,2.0,0.49489213571657104,raw
3939,2.0,0.4265949274495719,raw
1410,2.0,0.2804330602271369,raw
5520,2.0,0.35088603472267427,raw
4342,2.0,0.6376767547538946,raw
4468,2.0,0.7046575106733461,raw
1551,2.0,0.2804330602271369,raw
3687,2.0,0.7046575106733461,raw
5611,2.0,0.6315987929176792,raw
4332,2.0,0.23240983435976853,raw
5243,2.0,0.35088603472267427,raw
3401,2.0,0.4006472475385641,raw
214,2.0,0.39754502236413936,raw
4927,2.0,0.7046575106733461,raw
1154,2.0,0.33917133901847635,raw
2524,2.0,0.6909998989686492,raw
1013,2.0,0.33917133901847635,raw
803,2.0,0.4265949274495719,raw
566,2.0,0.4108299108568261,raw
3204,2.0,0.41315774147052226,raw
101,2.0,0.49489213571657104,raw
3077,2.0,0.4265949274495719,raw
4774,2.0,0.33668677097225846,raw
2439,2.0,0.5495811034029574,raw
902,2.0,0.35088603472267427,raw
1935,2.0,0.6443399049486773,raw
2181,2.0,0.49489213571657104,raw
3141,2.0,0.2804330602271369,raw
351,2.0,0.49489213571657104,raw
2054,2.0,0.49489213571657104,raw
5313,2.0,0.35433478033358,raw
5957,2.0,0.41315774147052226,raw
1568,2.0,0.4265949274495719,raw
3587,2.0,0.35088603472267427,raw
2320,2.0,0.7046575106733461,raw
3479,2.0,0.7046575106733461,raw
5242,2.0,0.7046575106733461,raw
1375,2.0,0.48193922655257726,raw
4964,2.0,0.7046575106733461,raw
782,2.0,0.4265949274495719,raw
2029,2.0,0.2797622461497685,raw
4491,2.0,0.35088603472267427,raw
1391,2.0,0.2804330602271369,raw
2487,2.0,0.49489213571657104,raw
2086,2.0,0.6376767547538946,raw
2826,2.0,0.49489213571657104,raw
4411,2.0,0.4195274282646113,raw
1965,2.0,0.49489213571657104,raw
3091,2.0,0.28281651365512606,raw
677,2.0,0.6937550877402764,raw
1136,2.0,0.35088603472267427,raw
426,2.0,0.2804330602271369,raw
2846,2.0,0.22776639760389641,raw
790,3.0,0.4838705551703248,raw
1489,3.0,0.39274890583282107,raw
4093,3.0,0.39274890583282107,raw
5632,3.0,0.4701083661368921,raw
1352,3.0,0.6840969718224202,raw
4429,3.0,0.5396522510860082,raw
5095,3.0,0.7007180964438173,raw
4032,3.0,0.40517949823084803,raw
4065,3.0,0.4709371610906496,raw
4797,3.0,0.45721695951142766,raw
6123,3.0,0.5525020392127574,raw
3446,3.0,0.45721695951142766,raw
4971,3.0,0.4838705551703248,raw
4245,3.0,0.5396522510860082,raw
3343,3.0,0.3293564455238223,raw
5621,3.0,0.3286220495032162,raw
3470,3.0,0.40882578340213677,raw
1157,3.0,0.4701083661368921,raw
3104,3.0,0.750851504546954,raw
4619,3.0,0.6951921610412253,raw
2652,3.0,0.40517949823084803,raw
2662,3.0,0.3293564455238223,raw
612,3.0,0.750851504546954,raw
2761,3.0,0.6958966398687487,raw
1900,3.0,0.34090702474595747,raw
4463,3.0,0.5396522510860082,raw
1893,3.0,0.3293564455238223,raw
1296,3.0,0.47664292923627233,raw
5574,3.0,0.334431166944646,raw
5177,3.0,0.7067550488742514,raw
5195,3.0,0.5525020392127574,raw
5769,3.0,0.5525020392127574,raw
3033,3.0,0.34090702474595747,raw
3665,3.0,0.7604232181492151,raw
4729,3.0,0.6951921610412253,raw
3341,3.0,0.5396522510860082,raw
5904,3.0,0.5396522510860082,raw
6127,3.0,0.40882578340213677,raw
3636,3.0,0.750851504546954,raw
1151,3.0,0.6339456578974341,raw
1731,3.0,0.5525020392127574,raw
355,3.0,0.34090702474595747,raw
1246,3.0,0.7604232181492151,raw
1635,3.0,0.2761707276023368,raw
4426,3.0,0.5396522510860082,raw
994,3.0,0.4709371610906496,raw
5939,3.0,0.5396522510860082,raw
649,3.0,0.5525020392127574,raw
3939,3.0,0.4838705551703248,raw
1410,3.0,0.3293564455238223,raw
5520,3.0,0.40517949823084803,raw
4342,3.0,0.7007180964438173,raw
4468,3.0,0.7604232181492151,raw
1551,3.0,0.3293564455238223,raw
3687,3.0,0.7604232181492151,raw
5611,3.0,0.6951921610412253,raw
4332,3.0,0.2761707276023368,raw
5243,3.0,0.40517949823084803,raw
3401,3.0,0.45721695951142766,raw
214,3.0,0.45400851332360054,raw
4927,3.0,0.7604232181492151,raw
1154,3.0,0.39274890583282107,raw
2524,3.0,0.7484237190915476,raw
1013,3.0,0.39274890583282107,raw
803,3.0,0.4838705551703248,raw
566,3.0,0.46771539934329986,raw
3204,3.0,0.4701083661368921,raw
101,3.0,0.5525020392127574,raw
3077,3.0,0.4838705551703248,raw
4774,3.0,0.3901035495002229,raw
2439,3.0,0.6187871077151684,raw
902,3.0,0.40517949823084803,raw
1935,3.0,0.7067550488742513,raw
2181,3.0,0.5525020392127574,raw
3141,3.0,0.3293564455238223,raw
351,3.0,0.5525020392127574,raw
2054,3.0,0.5525020392127574,raw
5313,3.0,0.40882578340213677,raw
5957,3.0,0.4701083661368921,raw
1568,3.0,0.4838705551703248,raw
3587,3.0,0.40517949823084803,raw
2320,3.0,0.7604232181492151,raw
3479,3.0,0.7604232181492151,raw
5242,3.0,0.7604232181492151,raw
1375,3.0,0.5396522510860082,raw
4964,3.0,0.7604232181492151,raw
782,3.0,0.4838705551703248,raw
2029,3.0,0.3286220495032162,raw
4491,3.0,0.40517949823084803,raw
1391,3.0,0.3293564455238223,raw
2487,3.0,0.5525020392127574,raw
2086,3.0,0.7007180964438173,raw
2826,3.0,0.5525020392127574,raw
4411,3.0,0.47664292923627233,raw
1965,3.0,0.5525020392127574,raw
3091,3.0,0.3319638793207992,raw
677,3.0,0.750851504546954,raw
1136,3.0,0.40517949823084803,raw
426,3.0,0.3293564455238223,raw
2846,3.0,0.27096160736168645,raw
790,4.0,0.5299849667929887,raw
1489,4.0,0.4375410205112542,raw
4093,4.0,0.4375410205112542,raw
5632,4.0,0.5162230155400838,raw
1352,4.0,0.7309278596032389,raw
4429,4.0,0.5850567064700076,raw
5095,4.0,0.7459998552453768,raw
4032,4.0,0.45033794035187474,raw
4065,4.0,0.5170537801634713,raw
4797,4.0,0.50326807284883,raw
6123,4.0,0.5975841919484058,raw
3446,4.0,0.50326807284883,raw
4971,4.0,0.5299849667929887,raw
4245,4.0,0.5850567064700076,raw
3343,4.0,0.37133986575286415,raw
5621,4.0,0.37056358196417893,raw
3470,4.0,0.45408038101872905,raw
1157,4.0,0.5162230155400838,raw
3104,4.0,0.790812459533832,raw
4619,4.0,0.741000969390318,raw
2652,4.0,0.45033794035187474,raw
2662,4.0,0.37133986575286415,raw
612,4.0,0.790812459533832,raw
2761,4.0,0.7416389209828325,raw
1900,4.0,0.3835208087615246,raw
4463,4.0,0.5850567064700076,raw
1893,4.0,0.37133986575286415,raw
1296,4.0,0.5227661981350462,raw
5574,4.0,0.376698117047103,raw
5177,4.0,0.7514474015155367,raw
5195,4.0,0.5975841919484058,raw
5769,4.0,0.5975841919484058,raw
3033,4.0,0.3835208087615246,raw
3665,4.0,0.7992594037519802,raw
4729,4.0,0.741000969390318,raw
3341,4.0,0.5850567064700076,raw
5904,4.0,0.5850567064700076,raw
6127,4.0,0.45408038101872905,raw
3636,4.0,0.790812459533832,raw
1151,4.0,0.6847855015025128,raw
1731,4.0,0.5975841919484058,raw
355,4.0,0.3835208087615246,raw
1246,4.0,0.7992594037519802,raw
1635,4.0,0.31455438670651353,raw
4426,4.0,0.5850567064700076,raw
994,4.0,0.5170537801634713,raw
5939,4.0,0.5850567064700076,raw
649,4.0,0.5975841919484058,raw
3939,4.0,0.5299849667929887,raw
1410,4.0,0.37133986575286415,raw
5520,4.0,0.45033794035187474,raw
4342,4.0,0.7459998552453768,raw
4468,4.0,0.7992594037519802,raw
1551,4.0,0.37133986575286415,raw
3687,4.0,0.7992594037519802,raw
5611,4.0,0.741000969390318,raw
4332,4.0,0.31455438670651353,raw
5243,4.0,0.45033794035187474,raw
3401,4.0,0.50326807284883,raw
214,4.0,0.5000341753074731,raw
4927,4.0,0.7992594037519802,raw
1154,4.0,0.4375410205112542,raw
2524,4.0,0.7886644679166902,raw
1013,4.0,0.4375410205112542,raw
803,4.0,0.5299849667929887,raw
566,4.0,0.5138229305270355,raw
3204,4.0,0.5162230155400838,raw
101,4.0,0.5975841919484058,raw
3077,4.0,0.5299849667929887,raw
4774,4.0,0.4348099913219167,raw
2439,4.0,0.6706384644808834,raw
902,4.0,0.45033794035187485,raw
1935,4.0,0.7514474015155367,raw
2181,4.0,0.5975841919484058,raw
3141,4.0,0.37133986575286415,raw
351,4.0,0.5975841919484058,raw
2054,4.0,0.5975841919484058,raw
5313,4.0,0.45408038101872905,raw
5957,4.0,0.5162230155400838,raw
1568,4.0,0.5299849667929887,raw
3587,4.0,0.45033794035187485,raw
2320,4.0,0.7992594037519802,raw
3479,4.0,0.7992594037519802,raw
5242,4.0,0.7992594037519802,raw
1375,4.0,0.5850567064700076,raw
4964,4.0,0.7992594037519802,raw
782,4.0,0.5299849667929887,raw
2029,4.0,0.37056358196417893,raw
4491,4.0,0.45033794035187485,raw
1391,4.0,0.37133986575286415,raw
2487,4.0,0.5975841919484058,raw
2086,4.0,0.7459998552453768,raw
2826,4.0,0.5975841919484058,raw
4411,4.0,0.5227661981350462,raw
1965,4.0,0.5975841919484058,raw
3091,4.0,0.3740942700137233,raw
677,4.0,0.7908124595338318,raw
1136,4.0,0.45033794035187485,raw
426,4.0,0.37133986575286415,raw
2846,4.0,0.30893027481934654,raw
790,5.0,0.568378105849185,raw
1489,5.0,0.4760197148411323,raw
4093,5.0,0.4760197148411323,raw
5632,5.0,0.5547959823052608,raw
1352,5.0,0.7665340491630775,raw
4429,5.0,0.6221584470348535,raw
5095,5.0,0.7802113082869374,raw
4032,5.0,0.48896368828200726,raw
4065,5.0,0.5556175286870804,raw
4797,5.0,0.5419574557573135,raw
6123,5.0,0.6342660235706669,raw
3446,5.0,0.5419574557573135,raw
4971,5.0,0.568378105849185,raw
4245,5.0,0.6221584470348535,raw
3343,5.0,0.4082220761235306,raw
5621,5.0,0.407418658166959,raw
3470,5.0,0.49273937062664586,raw
1157,5.0,0.5547959823052608,raw
3104,5.0,0.8204408744501837,raw
4619,5.0,0.7756832683616255,raw
2652,5.0,0.48896368828200726,raw
2662,5.0,0.4082220761235306,raw
612,5.0,0.8204408744501837,raw
2761,5.0,0.7762615865323204,raw
1900,5.0,0.4208030331594264,raw
4463,5.0,0.6221584470348535,raw
1893,5.0,0.4082220761235306,raw
1296,5.0,0.5612608578545715,raw
5574,5.0,0.4137622491834696,raw
5177,5.0,0.7851364514758195,raw
5195,5.0,0.6342660235706669,raw
5769,5.0,0.6342660235706669,raw
3033,5.0,0.4208030331594264,raw
3665,5.0,0.8279517151272465,raw
4729,5.0,0.7756832683616255,raw
3341,5.0,0.6221584470348535,raw
5904,5.0,0.6221584470348535,raw
6127,5.0,0.49273937062664586,raw
3636,5.0,0.8204408744501837,raw
1151,5.0,0.7241936674375233,raw
1731,5.0,0.6342660235706669,raw
355,5.0,0.4208030331594264,raw
1246,5.0,0.8279517151272465,raw
1635,5.0,0.3489269612301277,raw
4426,5.0,0.6221584470348535,raw
994,5.0,0.5556175286870804,raw
5939,5.0,0.6221584470348535,raw
649,5.0,0.6342660235706669,raw
3939,5.0,0.568378105849185,raw
1410,5.0,0.4082220761235306,raw
5520,5.0,0.48896368828200726,raw
4342,5.0,0.7802113082869374,raw
4468,5.0,0.8279517151272465,raw
1551,5.0,0.4082220761235306,raw
3687,5.0,0.8279517151272465,raw
5611,5.0,0.7756832683616255,raw
4332,5.0,0.3489269612301277,raw
5243,5.0,0.48896368828200726,raw
3401,5.0,0.5419574557573135,raw
214,5.0,0.5387445851892668,raw
4927,5.0,0.8279517151272465,raw
1154,5.0,0.4760197148411323,raw
2524,5.0,0.8185273009649332,raw
1013,5.0,0.4760197148411323,raw
803,5.0,0.568378105849185,raw
566,5.0,0.5524213440208828,raw
3204,5.0,0.5547959823052608,raw
101,5.0,0.6342660235706669,raw
3077,5.0,0.568378105849185,raw
4774,5.0,0.4732505928669287,raw
2439,5.0,0.7110690439922431,raw
902,5.0,0.48896368828200726,raw
1935,5.0,0.7851364514758195,raw
2181,5.0,0.6342660235706669,raw
3141,5.0,0.4082220761235306,raw
351,5.0,0.6342660235706669,raw
2054,5.0,0.6342660235706669,raw
5313,5.0,0.49273937062664586,raw
5957,5.0,0.5547959823052608,raw
1568,5.0,0.568378105849185,raw
3587,5.0,0.48896368828200726,raw
2320,5.0,0.8279517151272465,raw
3479,5.0,0.8279517151272465,raw
5242,5.0,0.8279517151272465,raw
1375,5.0,0.6221584470348535,raw
4964,5.0,0.8279517151272465,raw
782,5.0,0.568378105849185,raw
2029,5.0,0.407418658166959,raw
4491,5.0,0.48896368828200726,raw
1391,5.0,0.4082220761235306,raw
2487,5.0,0.6342660235706669,raw
2086,5.0,0.7802113082869374,raw
2826,5.0,0.6342660235706669,raw
4411,5.0,0.5612608578545715,raw
1965,5.0,0.6342660235706669,raw
3091,5.0,0.41107116817731043,raw
677,5.0,0.8204408744501834,raw
1136,5.0,0.48896368828200726,raw
426,5.0,0.4082220761235306,raw
2846,5.0,0.3429958098869239,raw
790,6.0,0.6011003678378345,raw
1489,6.0,0.509703876329658,raw
4093,6.0,0.509703876329658,raw
5632,6.0,0.5878011838257433,raw
1352,6.0,0.7945714300088226,raw
4429,6.0,0.6532905871035716,raw
5095,6.0,0.807019678555108,raw
4032,6.0,0.522650174867774,raw
4065,6.0,0.588606987470598,raw
4797,6.0,0.5751856481932532,raw
6123,6.0,0.6649378190707217,raw
3446,6.0,0.5751856481932532,raw
4971,6.0,0.6011003678378345,raw
4245,6.0,0.6532905871035716,raw
3343,6.0,0.44114783304346183,raw
5621,6.0,0.44032783099869444,raw
3470,6.0,0.5264180278284887,raw
1157,6.0,0.5878011838257433,raw
3104,6.0,0.8433276584178319,raw
4619,6.0,0.8029044178538566,raw
2652,6.0,0.522650174867774,raw
2662,6.0,0.44114783304346183,raw
612,6.0,0.8433276584178319,raw
2761,6.0,0.8034303408878998,raw
1900,6.0,0.45396510101974086,raw
4463,6.0,0.6532905871035716,raw
1893,6.0,0.44114783304346183,raw
1296,6.0,0.5941373997660214,raw
5574,6.0,0.4467974806801441,raw
5177,6.0,0.8114892322967684,raw
5195,6.0,0.6649378190707217,raw
5769,6.0,0.6649378190707217,raw
3033,6.0,0.45396510101974086,raw
3665,6.0,0.8500561233339846,raw
4729,6.0,0.8029044178538566,raw
3341,6.0,0.6532905871035716,raw
5904,6.0,0.6532905871035716,raw
6127,6.0,0.5264180278284887,raw
3636,6.0,0.8433276584178319,raw
1151,6.0,0.7556952120139382,raw
1731,6.0,0.6649378190707217,raw
355,6.0,0.45396510101974086,raw
1246,6.0,0.8500561233339846,raw
1635,6.0,0.3801423559354315,raw
4426,6.0,0.6532905871035716,raw
994,6.0,0.588606987470598,raw
5939,6.0,0.6532905871035716,raw
649,6.0,0.6649378190707217,raw
3939,6.0,0.6011003678378345,raw
1410,6.0,0.44114783304346183,raw
5520,6.0,0.522650174867774,raw
4342,6.0,0.807019678555108,raw
4468,6.0,0.8500561233339846,raw
1551,6.0,0.44114783304346183,raw
3687,6.0,0.8500561233339846,raw
5611,6.0,0.8029044178538566,raw
4332,6.0,0.3801423559354315,raw
5243,6.0,0.522650174867774,raw
3401,6.0,0.5751856481932532,raw
214,6.0,0.572021795528797,raw
4927,6.0,0.8500561233339846,raw
1154,6.0,0.509703876329658,raw
2524,6.0,0.8416109039688373,raw
1013,6.0,0.509703876329658,raw
803,6.0,0.6011003678378345,raw
566,6.0,0.5854710540551682,raw
3204,6.0,0.5878011838257433,raw
101,6.0,0.6649378190707217,raw
3077,6.0,0.6011003678378345,raw
4774,6.0,0.506928377583148,raw
2439,6.0,0.7435387710825895,raw
902,6.0,0.522650174867774,raw
1935,6.0,0.8114892322967684,raw
2181,6.0,0.6649378190707217,raw
3141,6.0,0.44114783304346183,raw
351,6.0,0.6649378190707217,raw
2054,6.0,0.6649378190707217,raw
5313,6.0,0.5264180278284887,raw
5957,6.0,0.5878011838257433,raw
1568,6.0,0.6011003678378345,raw
3587,6.0,0.522650174867774,raw
2320,6.0,0.8500561233339846,raw
3479,6.0,0.8500561233339846,raw
5242,6.0,0.8500561233339846,raw
1375,6.0,0.6532905871035716,raw
4964,6.0,0.8500561233339846,raw
782,6.0,0.6011003678378345,raw
2029,6.0,0.44032783099869444,raw
4491,6.0,0.522650174867774,raw
1391,6.0,0.44114783304346183,raw
2487,6.0,0.6649378190707217,raw
2086,6.0,0.807019678555108,raw
2826,6.0,0.6649378190707217,raw
4411,6.0,0.5941373997660214,raw
1965,6.0,0.6649378190707217,raw
3091,6.0,0.44405428877507863,raw
677,6.0,0.8433276584178319,raw
1136,6.0,0.522650174867774,raw
426,6.0,0.44114783304346183,raw
2846,6.0,0.37398538544050025,raw
790,7.0,0.6294787481639,raw
1489,7.0,0.539604257431001,raw
4093,7.0,0.539604257431001,raw
5632,7.0,0.616522099740749,raw
1352,7.0,0.817245363203911,raw
4429,7.0,0.6799330698701684,raw
5095,7.0,0.8286160057168793,raw
4032,7.0,0.5524542742072072,raw
4065,7.0,0.6173083115069388,raw
4797,7.0,0.604193679445922,raw
6123,7.0,0.6911084698947566,raw
3446,7.0,0.604193679445922,raw
4971,7.0,0.6294787481639,raw
4245,7.0,0.6799330698701684,raw
3343,7.0,0.4708890274997186,raw
5621,7.0,0.47006024199301233,raw
3470,7.0,0.5561866416490802,raw
1157,7.0,0.616522099740749,raw
3104,7.0,0.8615578114027457,raw
4619,7.0,0.824861336451334,raw
2652,7.0,0.5524542742072072,raw
2662,7.0,0.4708890274997186,raw
612,7.0,0.8615578114027457,raw
2761,7.0,0.8253414154896284,raw
1900,7.0,0.4838223085430135,raw
4463,7.0,0.6799330698701684,raw
1893,7.0,0.4708890274997186,raw
1296,7.0,0.6227002105240887,raw
5574,7.0,0.47659473781077144,raw
5177,7.0,0.8326890722297223,raw
5195,7.0,0.6911084698947566,raw
5769,7.0,0.6911084698947566,raw
3033,7.0,0.4838223085430135,raw
3665,7.0,0.8676262533106767,raw
4729,7.0,0.824861336451334,raw
3341,7.0,0.6799330698701684,raw
5904,7.0,0.6799330698701684,raw
6127,7.0,0.5561866416490802,raw
3636,7.0,0.8615578114027457,raw
1151,7.0,0.7814799899369633,raw
1731,7.0,0.6911084698947566,raw
355,7.0,0.4838223085430135,raw
1246,7.0,0.8676262533106767,raw
1635,7.0,0.4087790931096713,raw
4426,7.0,0.6799330698701684,raw
994,7.0,0.6173083115069388,raw
5939,7.0,0.6799330698701684,raw
649,7.0,0.6911084698947566,raw
3939,7.0,0.6294787481639,raw
1410,7.0,0.4708890274997186,raw
5520,7.0,0.5524542742072072,raw
4342,7.0,0.8286160057168793,raw
4468,7.0,0.8676262533106767,raw
1551,7.0,0.4708890274997186,raw
3687,7.0,0.8676262533106767,raw
5611,7.0,0.824861336451334,raw
4332,7.0,0.4087790931096713,raw
5243,7.0,0.5524542742072072,raw
3401,7.0,0.604193679445922,raw
214,7.0,0.6010960384422036,raw
4927,7.0,0.8676262533106767,raw
1154,7.0,0.539604257431001,raw
2524,7.0,0.8600076558961951,raw
1013,7.0,0.539604257431001,raw
803,7.0,0.6294787481639,raw
566,7.0,0.6142477781452258,raw
3204,7.0,0.616522099740749,raw
101,7.0,0.6911084698947565,raw
3077,7.0,0.6294787481639,raw
4774,7.0,0.5368442163267936,raw
2439,7.0,0.770216451410862,raw
902,7.0,0.5524542742072072,raw
1935,7.0,0.8326890722297223,raw
2181,7.0,0.6911084698947565,raw
3141,7.0,0.4708890274997186,raw
351,7.0,0.6911084698947565,raw
2054,7.0,0.6911084698947565,raw
5313,7.0,0.5561866416490802,raw
5957,7.0,0.616522099740749,raw
1568,7.0,0.6294787481639,raw
3587,7.0,0.5524542742072072,raw
2320,7.0,0.8676262533106767,raw
3479,7.0,0.8676262533106767,raw
5242,7.0,0.8676262533106767,raw
1375,7.0,0.6799330698701683,raw
4964,7.0,0.8676262533106767,raw
782,7.0,0.6294787481639,raw
2029,7.0,0.47006024199301233,raw
4491,7.0,0.5524542742072072,raw
1391,7.0,0.4708890274997186,raw
2487,7.0,0.6911084698947565,raw
2086,7.0,0.8286160057168793,raw
2826,7.0,0.6911084698947565,raw
4411,7.0,0.6227002105240887,raw
1965,7.0,0.6911084698947565,raw
3091,7.0,0.4738252956511595,raw
677,7.0,0.8615578114027457,raw
1136,7.0,0.5524542742072072,raw
426,7.0,0.4708890274997186,raw
2846,7.0,0.4024594522987605,raw
790,8.0,0.6544235927121331,raw
1489,8.0,0.5664322386535245,raw
4093,8.0,0.5664322386535245,raw
5632,8.0,0.6418429234419807,raw
1352,8.0,0.8359706902409375,raw
4429,8.0,0.7030833554347827,raw
5095,8.0,0.8463952557048469,raw
4032,8.0,0.5791175092424504,raw
4065,8.0,0.642607315693106,raw
4797,8.0,0.6298397924656823,raw
6123,8.0,0.7137906927005273,raw
3446,8.0,0.6298397924656823,raw
4971,8.0,0.6544235927121331,raw
4245,8.0,0.7030833554347827,raw
3343,8.0,0.49799602234475254,raw
5621,8.0,0.4971643562374419,raw
3470,8.0,0.5827954389759993,raw
1157,8.0,0.6418429234419807,raw
3104,8.0,0.876429329879044,raw
4619,8.0,0.8429562717005518,raw
2652,8.0,0.5791175092424504,raw
2662,8.0,0.49799602234475254,raw
612,8.0,0.876429329879044,raw
2761,8.0,0.8433961669722911,raw
1900,8.0,0.5109548508542572,raw
4463,8.0,0.7030833554347827,raw
1893,8.0,0.49799602234475254,raw
1296,8.0,0.6478461084695202,raw
5574,8.0,0.5037174959838997,raw
5177,8.0,0.8501222126025706,raw
5195,8.0,0.7137906927005273,raw
5769,8.0,0.7137906927005273,raw
3033,8.0,0.5109548508542572,raw
3665,8.0,0.8819352277311419,raw
4729,8.0,0.8429562717005518,raw
3341,8.0,0.7030833554347827,raw
5904,8.0,0.7030833554347827,raw
6127,8.0,0.5827954389759993,raw
3636,8.0,0.876429329879044,raw
1151,8.0,0.8029864730269137,raw
1731,8.0,0.7137906927005273,raw
355,8.0,0.5109548508542572,raw
1246,8.0,0.8819352277311419,raw
1635,8.0,0.43525184799050476,raw
4426,8.0,0.7030833554347827,raw
994,8.0,0.642607315693106,raw
5939,8.0,0.7030833554347827,raw
649,8.0,0.7137906927005273,raw
3939,8.0,0.6544235927121331,raw
1410,8.0,0.49799602234475254,raw
5520,8.0,0.5791175092424504,raw
4342,8.0,0.8463952557048469,raw
4468,8.0,0.8819352277311419,raw
1551,8.0,0.49799602234475254,raw
3687,8.0,0.8819352277311419,raw
5611,8.0,0.8429562717005518,raw
4332,8.0,0.43525184799050476,raw
5243,8.0,0.5791175092424504,raw
3401,8.0,0.6298397924656823,raw
214,8.0,0.6268188927968478,raw
4927,8.0,0.8819352277311419,raw
1154,8.0,0.5664322386535245,raw
2524,8.0,0.8750215374082091,raw
1013,8.0,0.5664322386535245,raw
803,8.0,0.6544235927121331,raw
566,8.0,0.6396309954864963,raw
3204,8.0,0.6418429234419807,raw
101,8.0,0.7137906927005273,raw
3077,8.0,0.6544235927121331,raw
4774,8.0,0.5637029888235972,raw
2439,8.0,0.7925371888023397,raw
902,8.0,0.5791175092424505,raw
1935,8.0,0.8501222126025706,raw
2181,8.0,0.7137906927005273,raw
3141,8.0,0.49799602234475254,raw
351,8.0,0.7137906927005273,raw
2054,8.0,0.7137906927005273,raw
5313,8.0,0.5827954389759993,raw
5957,8.0,0.6418429234419807,raw
1568,8.0,0.6544235927121331,raw
3587,8.0,0.5791175092424505,raw
2320,8.0,0.8819352277311419,raw
3479,8.0,0.8819352277311419,raw
5242,8.0,0.8819352277311419,raw
1375,8.0,0.7030833554347827,raw
4964,8.0,0.8819352277311419,raw
782,8.0,0.6544235927121331,raw
2029,8.0,0.4971643562374419,raw
4491,8.0,0.5791175092424505,raw
1391,8.0,0.49799602234475254,raw
2487,8.0,0.7137906927005273,raw
2086,8.0,0.8463952557048469,raw
2826,8.0,0.7137906927005273,raw
4411,8.0,0.6478461084695202,raw
1965,8.0,0.7137906927005273,raw
3091,8.0,0.5009412894849479,raw
677,8.0,0.876429329879044,raw
1136,8.0,0.5791175092424505,raw
426,8.0,0.49799602234475254,raw
2846,8.0,0.42881978756488176,raw
790,9.0,0.6765873476906115,raw
1489,9.0,0.5907098863233028,raw
4093,9.0,0.5907098863233028,raw
5632,9.0,0.6643997704078357,raw
1352,9.0,0.8516994592533028,raw
4429,9.0,0.7234451251530625,raw
5095,9.0,0.8612902753062358,raw
4032,9.0,0.6031824581928739,raw
4065,9.0,0.6651411372049847,raw
4797,9.0,0.6527436027185902,raw
6123,9.0,0.7336963015299519,raw
3446,9.0,0.6527436027185902,raw
4971,9.0,0.6765873476906115,raw
4245,9.0,0.7234451251530625,raw
3343,9.0,0.5228778805845381,raw
5621,9.0,0.5220478736091599,raw
3470,9.0,0.6067928784912328,raw
1157,9.0,0.6643997704078357,raw
3104,9.0,0.888794603084888,raw
4619,9.0,0.8581288719949736,raw
2652,9.0,0.6031824581928739,raw
2662,9.0,0.5228778805845381,raw
612,9.0,0.888794603084888,raw
2761,9.0,0.8585333997189624,raw
1900,9.0,0.5357931285347007,raw
4463,9.0,0.7234451251530625,raw
1893,9.0,0.5228778805845381,raw
1296,9.0,0.6702191328819418,raw
5574,9.0,0.5285842180331963,raw
5177,9.0,0.8647135959087346,raw
5195,9.0,0.7336963015299519,raw
5769,9.0,0.7336963015299519,raw
3033,9.0,0.5357931285347007,raw
3665,9.0,0.8938162964579311,raw
4729,9.0,0.8581288719949736,raw
3341,9.0,0.7234451251530625,raw
5904,9.0,0.7234451251530625,raw
6127,9.0,0.6067928784912328,raw
3636,9.0,0.888794603084888,raw
1151,9.0,0.8212016229694982,raw
1731,9.0,0.7336963015299519,raw
355,9.0,0.5357931285347007,raw
1246,9.0,0.8938162964579311,raw
1635,9.0,0.45987058882405296,raw
4426,9.0,0.7234451251530625,raw
994,9.0,0.6651411372049847,raw
5939,9.0,0.7234451251530625,raw
649,9.0,0.7336963015299519,raw
3939,9.0,0.6765873476906115,raw
1410,9.0,0.5228778805845381,raw
5520,9.0,0.6031824581928739,raw
4342,9.0,0.8612902753062358,raw
4468,9.0,0.8938162964579311,raw
1551,9.0,0.5228778805845381,raw
3687,9.0,0.8938162964579311,raw
5611,9.0,0.8581288719949736,raw
4332,9.0,0.45987058882405296,raw
5243,9.0,0.6031824581928739,raw
3401,9.0,0.6527436027185902,raw
214,9.0,0.6498056942466243,raw
4927,9.0,0.8938162964579311,raw
1154,9.0,0.5907098863233028,raw
2524,9.0,0.8875096022238674,raw
1013,9.0,0.5907098863233028,raw
803,9.0,0.6765873476906116,raw
566,9.0,0.6622538447237347,raw
3204,9.0,0.6643997704078357,raw
101,9.0,0.7336963015299519,raw
3077,9.0,0.6765873476906116,raw
4774,9.0,0.588022308618624,raw
2439,9.0,0.8114916399875522,raw
902,9.0,0.603182458192874,raw
1935,9.0,0.8647135959087346,raw
2181,9.0,0.7336963015299519,raw
3141,9.0,0.5228778805845381,raw
351,9.0,0.7336963015299519,raw
2054,9.0,0.7336963015299519,raw
5313,9.0,0.6067928784912328,raw
5957,9.0,0.6643997704078357,raw
1568,9.0,0.6765873476906116,raw
3587,9.0,0.603182458192874,raw
2320,9.0,0.8938162964579311,raw
3479,9.0,0.8938162964579311,raw
5242,9.0,0.8938162964579311,raw
1375,9.0,0.7234451251530625,raw
4964,9.0,0.8938162964579311,raw
782,9.0,0.6765873476906116,raw
2029,9.0,0.5220478736091599,raw
4491,9.0,0.603182458192874,raw
1391,9.0,0.5228778805845381,raw
2487,9.0,0.7336963015299519,raw
2086,9.0,0.8612902753062358,raw
2826,9.0,0.7336963015299519,raw
4411,9.0,0.6702191328819418,raw
1965,9.0,0.7336963015299519,raw
3091,9.0,0.5258161674292635,raw
677,9.0,0.888794603084888,raw
1136,9.0,0.603182458192874,raw
426,9.0,0.5228778805845381,raw
2846,9.0,0.4533667765511405,raw
790,10.0,0.6964539042737868,raw
1489,10.0,0.6128330191291061,raw
4093,10.0,0.6128330191291061,raw
5632,10.0,0.6846660609607939,raw
1352,10.0,0.8650972370846114,raw
4429,10.0,0.7415328920748382,raw
5095,10.0,0.8739498328041584,raw
4032,10.0,0.625059335100012,raw
4065,10.0,0.6853838579983902,raw
4797,10.0,0.6733677392990091,raw
6123,10.0,0.751344048313196,raw
3446,10.0,0.6733677392990091,raw
4971,10.0,0.6964539042737868,raw
4245,10.0,0.7415328920748382,raw
3343,10.0,0.5458486204215699,raw
5621,10.0,0.5450238027302571,raw
3470,10.0,0.6285932712427175,raw
1157,10.0,0.6846660609607939,raw
3104,10.0,0.8992376069312792,raw
4619,10.0,0.8710337564443174,raw
2652,10.0,0.625059335100012,raw
2662,10.0,0.5458486204215699,raw
612,10.0,0.8992376069312792,raw
2761,10.0,0.8714070015909167,raw
1900,10.0,0.5586668968832041,raw
4463,10.0,0.7415328920748382,raw
1893,10.0,0.5458486204215699,raw
1296,10.0,0.6902978133495716,raw
5574,10.0,0.5515158702645613,raw
5177,10.0,0.8771052990398673,raw
5195,10.0,0.751344048313196,raw
5769,10.0,0.751344048313196,raw
3033,10.0,0.5586668968832041,raw
3665,10.0,0.9038387473413592,raw
4729,10.0,0.8710337564443174,raw
3341,10.0,0.7415328920748382,raw
5904,10.0,0.7415328920748382,raw
6127,10.0,0.6285932712427175,raw
3636,10.0,0.8992376069312792,raw
1151,10.0,0.8368267750112092,raw
1731,10.0,0.751344048313196,raw
355,10.0,0.5586668968832041,raw
1246,10.0,0.9038387473413592,raw
1635,10.0,0.4828747019364672,raw
4426,10.0,0.7415328920748382,raw
994,10.0,0.6853838579983902,raw
5939,10.0,0.7415328920748382,raw
649,10.0,0.751344048313196,raw
3939,10.0,0.6964539042737868,raw
1410,10.0,0.5458486204215699,raw
5520,10.0,0.625059335100012,raw
4342,10.0,0.8739498328041584,raw
4468,10.0,0.9038387473413592,raw
1551,10.0,0.5458486204215699,raw
3687,10.0,0.9038387473413592,raw
5611,10.0,0.8710337564443174,raw
4332,10.0,0.4828747019364672,raw
5243,10.0,0.625059335100012,raw
3401,10.0,0.6733677392990091,raw
214,10.0,0.6705162426006344,raw
4927,10.0,0.9038387473413592,raw
1154,10.0,0.6128330191291061,raw
2524,10.0,0.8980594366935255,raw
1013,10.0,0.6128330191291061,raw
803,10.0,0.6964539042737867,raw
566,10.0,0.6825878138437449,raw
3204,10.0,0.6846660609607939,raw
101,10.0,0.751344048313196,raw
3077,10.0,0.6964539042737867,raw
4774,10.0,0.6101948488625127,raw
2439,10.0,0.827787396892276,raw
902,10.0,0.625059335100012,raw
1935,10.0,0.8771052990398673,raw
2181,10.0,0.751344048313196,raw
3141,10.0,0.5458486204215699,raw
351,10.0,0.751344048313196,raw
2054,10.0,0.751344048313196,raw
5313,10.0,0.6285932712427175,raw
5957,10.0,0.6846660609607939,raw
1568,10.0,0.6964539042737867,raw
3587,10.0,0.625059335100012,raw
2320,10.0,0.9038387473413592,raw
3479,10.0,0.9038387473413592,raw
5242,10.0,0.9038387473413592,raw
1375,10.0,0.7415328920748382,raw
4964,10.0,0.9038387473413592,raw
782,10.0,0.6964539042737867,raw
2029,10.0,0.5450238027302571,raw
4491,10.0,0.625059335100012,raw
1391,10.0,0.5458486204215699,raw
2487,10.0,0.751344048313196,raw
2086,10.0,0.8739498328041584,raw
2826,10.0,0.751344048313196,raw
4411,10.0,0.6902978133495716,raw
1965,10.0,0.751344048313196,raw
3091,10.0,0.5487675239674338,raw
677,10.0,0.8992376069312792,raw
1136,10.0,0.625059335100012,raw
426,10.0,0.5458486204215699,raw
2846,10.0,0.47633246235754045,raw
790,11.0,0.7148474334259098,raw
1489,11.0,0.6336280593401542,raw
4093,11.0,0.6336280593401542,raw
5632,11.0,0.7034697559542097,raw
1352,11.0,0.8768853037807062,raw
4429,11.0,0.7581434305287906,raw
5095,11.0,0.8850671136883543,raw
4032,11.0,0.64557747397204,raw
4065,11.0,0.7041632447060364,raw
4797,11.0,0.6925426183318697,raw
6123,11.0,0.767521741578424,raw
3446,11.0,0.6925426183318697,raw
4971,11.0,0.7148474334259098,raw
4245,11.0,0.7581434305287906,raw
3343,11.0,0.5677035441293907,raw
5621,11.0,0.5668869241994943,raw
3470,11.0,0.6490266093758188,raw
1157,11.0,0.7034697559542097,raw
3104,11.0,0.9083584436105787,raw
4619,11.0,0.8823736116734119,raw
2652,11.0,0.64557747397204,raw
2662,11.0,0.5677035441293907,raw
612,11.0,0.9083584436105787,raw
2761,11.0,0.8827184567609425,raw
1900,11.0,0.5803791741080649,raw
4463,11.0,0.7581434305287906,raw
1893,11.0,0.5677035441293907,raw
1296,11.0,0.7089084608303596,raw
5574,11.0,0.5733112580823054,raw
5177,11.0,0.887979948450794,raw
5195,11.0,0.767521741578424,raw
5769,11.0,0.767521741578424,raw
3033,11.0,0.5803791741080649,raw
3665,11.0,0.9125835842198301,raw
4729,11.0,0.8823736116734119,raw
3341,11.0,0.7581434305287906,raw
5904,11.0,0.7581434305287906,raw
6127,11.0,0.6490266093758188,raw
3636,11.0,0.9083584436105787,raw
1151,11.0,0.8506587184046622,raw
1731,11.0,0.767521741578424,raw
355,11.0,0.5803791741080649,raw
1246,11.0,0.9125835842198301,raw
1635,11.0,0.5050119957882651,raw
4426,11.0,0.7581434305287906,raw
994,11.0,0.7041632447060364,raw
5939,11.0,0.7581434305287906,raw
649,11.0,0.767521741578424,raw
3939,11.0,0.7148474334259098,raw
1410,11.0,0.5677035441293907,raw
5520,11.0,0.64557747397204,raw
4342,11.0,0.8850671136883543,raw
4468,11.0,0.9125835842198301,raw
1551,11.0,0.5677035441293907,raw
3687,11.0,0.9125835842198301,raw
5611,11.0,0.8823736116734119,raw
4332,11.0,0.5050119957882651,raw
5243,11.0,0.64557747397204,raw
3401,11.0,0.6925426183318697,raw
214,11.0,0.6897813990539912,raw
4927,11.0,0.9125835842198301,raw
1154,11.0,0.6336280593401542,raw
2524,11.0,0.9072759225965192,raw
1013,11.0,0.6336280593401542,raw
803,11.0,0.7148474334259098,raw
566,11.0,0.7014613998859716,raw
3204,11.0,0.7034697559542097,raw
101,11.0,0.767521741578424,raw
3077,11.0,0.7148474334259098,raw
4774,11.0,0.6310462784188958,raw
2439,11.0,0.8422411399783151,raw
902,11.0,0.6455774739720401,raw
1935,11.0,0.887979948450794,raw
2181,11.0,0.767521741578424,raw
3141,11.0,0.5677035441293907,raw
351,11.0,0.767521741578424,raw
2054,11.0,0.767521741578424,raw
5313,11.0,0.6490266093758188,raw
5957,11.0,0.7034697559542097,raw
1568,11.0,0.7148474334259098,raw
3587,11.0,0.6455774739720401,raw
2320,11.0,0.9125835842198301,raw
3479,11.0,0.9125835842198301,raw
5242,11.0,0.9125835842198301,raw
1375,11.0,0.7581434305287906,raw
4964,11.0,0.9125835842198301,raw
782,11.0,0.7148474334259098,raw
2029,11.0,0.5668869241994943,raw
4491,11.0,0.6455774739720401,raw
1391,11.0,0.5677035441293907,raw
2487,11.0,0.767521741578424,raw
2086,11.0,0.8850671136883543,raw
2826,11.0,0.767521741578424,raw
4411,11.0,0.7089084608303596,raw
1965,11.0,0.767521741578424,raw
3091,11.0,0.5705924834882939,raw
677,11.0,0.9083584436105787,raw
1136,11.0,0.6455774739720401,raw
426,11.0,0.5677035441293907,raw
2846,11.0,0.49845892989670465,raw
790,16.0,0.7857170313948141,raw
1489,16.0,0.7166830762915379,raw
4093,16.0,0.7166830762915379,raw
5632,16.0,0.7762821132507304,raw
1352,16.0,0.917522032360973,raw
4429,16.0,0.8209478139498542,raw
5095,16.0,0.9232396575887629,raw
4032,16.0,0.7270903495008219,raw
4065,16.0,0.7768593316539791,raw
4797,16.0,0.7671499870695382,raw
6123,16.0,0.8284418837355666,raw
3446,16.0,0.7671499870695382,raw
4971,16.0,0.7857170313948141,raw
4245,16.0,0.8209478139498542,raw
3343,16.0,0.6576281605865739,raw
5621,16.0,0.6568787408905821,raw
3470,16.0,0.7300778949239497,raw
1157,16.0,0.7762821132507304,raw
3104,16.0,0.9393255724451611,raw
4619,16.0,0.9213612608247503,raw
2652,16.0,0.7270903495008219,raw
2662,16.0,0.6576281605865739,raw
612,16.0,0.9393255724451611,raw
2761,16.0,0.9216019613323015,raw
1900,16.0,0.6692034610331928,raw
4463,16.0,0.8209478139498542,raw
1893,16.0,0.6576281605865739,raw
1296,16.0,0.7808014809264335,raw
5574,16.0,0.6627623224265655,raw
5177,16.0,0.9252667438626575,raw
5195,16.0,0.8284418837355666,raw
5769,16.0,0.8284418837355666,raw
3033,16.0,0.6692034610331928,raw
3665,16.0,0.942213798660092,raw
4729,16.0,0.9213612608247503,raw
3341,16.0,0.8209478139498542,raw
5904,16.0,0.8209478139498542,raw
6127,16.0,0.7300778949239497,raw
3636,16.0,0.9393255724451611,raw
1151,16.0,0.8989545851488167,raw
1731,16.0,0.8284418837355666,raw
355,16.0,0.6692034610331928,raw
1246,16.0,0.942213798660092,raw
1635,16.0,0.5987604965339233,raw
4426,16.0,0.8209478139498542,raw
994,16.0,0.7768593316539791,raw
5939,16.0,0.8209478139498542,raw
649,16.0,0.8284418837355666,raw
3939,16.0,0.7857170313948141,raw
1410,16.0,0.6576281605865739,raw
5520,16.0,0.7270903495008219,raw
4342,16.0,0.9232396575887629,raw
4468,16.0,0.942213798660092,raw
1551,16.0,0.6576281605865739,raw
3687,16.0,0.942213798660092,raw
5611,16.0,0.9213612608247503,raw
4332,16.0,0.5987604965339233,raw
5243,16.0,0.7270903495008219,raw
3401,16.0,0.7671499870695382,raw
214,16.0,0.7648312772574443,raw
4927,16.0,0.942213798660092,raw
1154,16.0,0.7166830762915379,raw
2524,16.0,0.9385841198608879,raw
1013,16.0,0.7166830762915379,raw
803,16.0,0.7857170313948141,raw
566,16.0,0.774608900631011,raw
3204,16.0,0.7762821132507304,raw
101,16.0,0.8284418837355666,raw
3077,16.0,0.7857170313948141,raw
4774,16.0,0.7144227882419811,raw
2439,16.0,0.8929165128053062,raw
902,16.0,0.7270903495008219,raw
1935,16.0,0.9252667438626575,raw
2181,16.0,0.8284418837355666,raw
3141,16.0,0.6576281605865739,raw
351,16.0,0.8284418837355666,raw
2054,16.0,0.8284418837355666,raw
5313,16.0,0.7300778949239498,raw
5957,16.0,0.7762821132507304,raw
1568,16.0,0.7857170313948141,raw
3587,16.0,0.7270903495008219,raw
2320,16.0,0.942213798660092,raw
3479,16.0,0.942213798660092,raw
5242,16.0,0.942213798660092,raw
1375,16.0,0.8209478139498544,raw
4964,16.0,0.942213798660092,raw
782,16.0,0.7857170313948141,raw
2029,16.0,0.6568787408905821,raw
4491,16.0,0.7270903495008219,raw
1391,16.0,0.6576281605865739,raw
2487,16.0,0.8284418837355666,raw
2086,16.0,0.9232396575887629,raw
2826,16.0,0.8284418837355666,raw
4411,16.0,0.7808014809264335,raw
1965,16.0,0.8284418837355666,raw
3091,16.0,0.6602757711283039,raw
677,16.0,0.9393255724451611,raw
1136,16.0,0.7270903495008219,raw
426,16.0,0.6576281605865739,raw
2846,16.0,0.5924469464553266,raw
790,19.0,0.8166639413281308,raw
1489,19.0,0.7544845860491873,raw
4093,19.0,0.7544845860491873,raw
5632,19.0,0.808259102345204,raw
1352,19.0,0.9330414721572079,raw
4429,19.0,0.8477923164815077,raw
5095,19.0,0.9377562272323158,raw
4032,19.0,0.7639606020036156,raw
4065,19.0,0.8087741401244787,raw
4797,19.0,0.8000961390410014,raw
6123,19.0,0.8543621541099488,raw
3446,19.0,0.8000961390410014,raw
4971,19.0,0.8166639413281308,raw
4245,19.0,0.8477923164815077,raw
3343,19.0,0.7000109073776759,raw
5621,19.0,0.6993118413350539,raw
3470,19.0,0.7666740511537294,raw
1157,19.0,0.808259102345204,raw
3104,19.0,0.9509616289909927,raw
4619,19.0,0.9362085194109292,raw
2652,19.0,0.7639606020036156,raw
2662,19.0,0.7000109073776759,raw
612,19.0,0.9509616289909927,raw
2761,19.0,0.9364069115073249,raw
1900,19.0,0.710783465317362,raw
4463,19.0,0.8477923164815077,raw
1893,19.0,0.7000109073776759,raw
1296,19.0,0.8122886983324686,raw
5574,19.0,0.7047948048769558,raw
5177,19.0,0.9394251123835374,raw
5195,19.0,0.8543621541099488,raw
5769,19.0,0.8543621541099488,raw
3033,19.0,0.710783465317362,raw
3665,19.0,0.9533234793711596,raw
4729,19.0,0.9362085194109292,raw
3341,19.0,0.8477923164815077,raw
5904,19.0,0.8477923164815077,raw
6127,19.0,0.7666740511537294,raw
3636,19.0,0.9509616289909927,raw
1151,19.0,0.917654206510657,raw
1731,19.0,0.8543621541099488,raw
355,19.0,0.710783465317362,raw
1246,19.0,0.9533234793711596,raw
1635,19.0,0.6444910923619201,raw
4426,19.0,0.8477923164815077,raw
994,19.0,0.8087741401244787,raw
5939,19.0,0.8477923164815077,raw
649,19.0,0.8543621541099488,raw
3939,19.0,0.8166639413281308,raw
1410,19.0,0.7000109073776759,raw
5520,19.0,0.7639606020036156,raw
4342,19.0,0.9377562272323158,raw
4468,19.0,0.9533234793711596,raw
1551,19.0,0.7000109073776759,raw
3687,19.0,0.9533234793711596,raw
5611,19.0,0.9362085194109292,raw
4332,19.0,0.6444910923619201,raw
5243,19.0,0.7639606020036156,raw
3401,19.0,0.8000961390410014,raw
214,19.0,0.7980191271800647,raw
4927,19.0,0.9533234793711596,raw
1154,19.0,0.7544845860491873,raw
2524,19.0,0.9503548558801344,raw
1013,19.0,0.7544845860491873,raw
803,19.0,0.8166639413281308,raw
566,19.0,0.80676551706895,raw
3204,19.0,0.808259102345204,raw
101,19.0,0.8543621541099488,raw
3077,19.0,0.8166639413281308,raw
4774,19.0,0.7524216961681585,raw
2439,19.0,0.9126249406025689,raw
902,19.0,0.7639606020036156,raw
1935,19.0,0.9394251123835374,raw
2181,19.0,0.8543621541099488,raw
3141,19.0,0.7000109073776759,raw
351,19.0,0.8543621541099488,raw
2054,19.0,0.8543621541099488,raw
5313,19.0,0.7666740511537294,raw
5957,19.0,0.808259102345204,raw
1568,19.0,0.8166639413281308,raw
3587,19.0,0.7639606020036156,raw
2320,19.0,0.9533234793711596,raw
3479,19.0,0.9533234793711596,raw
5242,19.0,0.9533234793711596,raw
1375,19.0,0.8477923164815077,raw
4964,19.0,0.9533234793711596,raw
782,19.0,0.8166639413281308,raw
2029,19.0,0.6993118413350539,raw
4491,19.0,0.7639606020036156,raw
1391,19.0,0.7000109073776759,raw
2487,19.0,0.8543621541099488,raw
2086,19.0,0.9377562272323158,raw
2826,19.0,0.8543621541099488,raw
4411,19.0,0.8122886983324686,raw
1965,19.0,0.8543621541099488,raw
3091,19.0,0.7024790459718292,raw
677,19.0,0.9509616289909927,raw
1136,19.0,0.7639606020036156,raw
426,19.0,0.7000109073776759,raw
2846,19.0,0.638462631436155,raw
790,21.0,0.8339984035767636,raw
1489,21.0,0.7760861891181263,raw
4093,21.0,0.7760861891181263,raw
5632,21.0,0.8262191411971411,raw
1352,21.0,0.9411805647192473,raw
4429,21.0,0.8626784806640562,raw
5095,21.0,0.9453557852565894,raw
4032,21.0,0.784966084147098,raw
4065,21.0,0.8266962802856461,raw
4797,21.0,0.8186492312909486,raw
6123,21.0,0.8687052854088011,raw
3446,21.0,0.8186492312909486,raw
4971,21.0,0.8339984035767636,raw
4245,21.0,0.8626784806640562,raw
3343,21.0,0.724656244708547,raw
5621,21.0,0.723991965227281,raw
3470,21.0,0.7875052252302044,raw
1157,21.0,0.8262191411971411,raw
3104,21.0,0.9570227848683736,raw
4619,21.0,0.9439857551527359,raw
2652,21.0,0.784966084147098,raw
2662,21.0,0.724656244708547,raw
612,21.0,0.9570227848683736,raw
2761,21.0,0.9441614025835683,raw
1900,21.0,0.7348789799776111,raw
4463,21.0,0.8626784806640562,raw
1893,21.0,0.724656244708547,raw
1296,21.0,0.8299507024452507,raw
5574,21.0,0.7291991648345515,raw
5177,21.0,0.9468324629197872,raw
5195,21.0,0.8687052854088011,raw
5769,21.0,0.8687052854088011,raw
3033,21.0,0.7348789799776111,raw
3665,21.0,0.9591052637340802,raw
4729,21.0,0.9439857551527359,raw
3341,21.0,0.8626784806640562,raw
5904,21.0,0.8626784806640562,raw
6127,21.0,0.7875052252302044,raw
3636,21.0,0.9570227848683736,raw
1151,21.0,0.9275183887642138,raw
1731,21.0,0.8687052854088011,raw
355,21.0,0.7348789799776111,raw
1246,21.0,0.9591052637340802,raw
1635,21.0,0.6715575218021451,raw
4426,21.0,0.8626784806640562,raw
994,21.0,0.8266962802856461,raw
5939,21.0,0.8626784806640562,raw
649,21.0,0.8687052854088011,raw
3939,21.0,0.8339984035767636,raw
1410,21.0,0.724656244708547,raw
5520,21.0,0.784966084147098,raw
4342,21.0,0.9453557852565894,raw
4468,21.0,0.9591052637340802,raw
1551,21.0,0.724656244708547,raw
3687,21.0,0.9591052637340802,raw
5611,21.0,0.9439857551527359,raw
4332,21.0,0.6715575218021451,raw
5243,21.0,0.784966084147098,raw
3401,21.0,0.8186492312909486,raw
214,21.0,0.8167208294991783,raw
4927,21.0,0.9591052637340802,raw
1154,21.0,0.7760861891181263,raw
2524,21.0,0.9564875774826992,raw
1013,21.0,0.7760861891181263,raw
803,21.0,0.8339984035767636,raw
566,21.0,0.8248351381921718,raw
3204,21.0,0.8262191411971411,raw
101,21.0,0.8687052854088011,raw
3077,21.0,0.8339984035767636,raw
4774,21.0,0.7741504704614054,raw
2439,21.0,0.9230410526086347,raw
902,21.0,0.784966084147098,raw
1935,21.0,0.9468324629197872,raw
2181,21.0,0.8687052854088011,raw
3141,21.0,0.724656244708547,raw
351,21.0,0.8687052854088011,raw
2054,21.0,0.8687052854088011,raw
5313,21.0,0.7875052252302044,raw
5957,21.0,0.8262191411971411,raw
1568,21.0,0.8339984035767636,raw
3587,21.0,0.784966084147098,raw
2320,21.0,0.9591052637340802,raw
3479,21.0,0.9591052637340802,raw
5242,21.0,0.9591052637340802,raw
1375,21.0,0.8626784806640562,raw
4964,21.0,0.9591052637340802,raw
782,21.0,0.8339984035767636,raw
2029,21.0,0.723991965227281,raw
4491,21.0,0.784966084147098,raw
1391,21.0,0.724656244708547,raw
2487,21.0,0.8687052854088011,raw
2086,21.0,0.9453557852565894,raw
2826,21.0,0.8687052854088011,raw
4411,21.0,0.8299507024452507,raw
1965,21.0,0.8687052854088011,raw
3091,21.0,0.7270006935524866,raw
677,21.0,0.9570227848683736,raw
1136,21.0,0.784966084147098,raw
426,21.0,0.724656244708547,raw
2846,21.0,0.6657499983231447,raw
790,28.0,0.8801644982881703,raw
1489,28.0,0.8351750209935075,raw
4093,28.0,0.8351750209935075,raw
5632,28.0,0.8742224203809292,raw
1352,28.0,0.9610022045375763,raw
4429,28.0,0.9018075476092846,raw
5095,28.0,0.9638244923387279,raw
4032,28.0,0.8421880911413521,raw
4065,28.0,0.8745877658326323,raw
4797,28.0,0.8684105058995584,raw
6123,28.0,0.9063035636526687,raw
3446,28.0,0.8684105058995584,raw
4971,28.0,0.8801644982881703,raw
4245,28.0,0.9018075476092846,raw
3343,28.0,0.7937094441534632,raw
5621,28.0,0.7931642084151647,raw
3470,28.0,0.8441856711082304,raw
1157,28.0,0.8742224203809292,raw
3104,28.0,0.97166645118608,raw
4619,28.0,0.9628993341425345,raw
2652,28.0,0.8421880911413521,raw
2662,28.0,0.7937094441534632,raw
612,28.0,0.97166645118608,raw
2761,28.0,0.9630179965570966,raw
1900,28.0,0.8020686874536214,raw
4463,28.0,0.9018075476092846,raw
1893,28.0,0.7937094441534632,raw
1296,28.0,0.8770765722767045,raw
5574,28.0,0.7974315306131528,raw
5177,28.0,0.9648206534939742,raw
5195,28.0,0.9063035636526687,raw
5769,28.0,0.9063035636526687,raw
3033,28.0,0.8020686874536214,raw
3665,28.0,0.9730593397001424,raw
4729,28.0,0.9628993341425345,raw
3341,28.0,0.9018075476092846,raw
5904,28.0,0.9018075476092846,raw
6127,28.0,0.8441856711082304,raw
3636,28.0,0.97166645118608,raw
1151,28.0,0.9517078294633113,raw
1731,28.0,0.9063035636526687,raw
355,28.0,0.8020686874536214,raw
1246,28.0,0.9730593397001424,raw
1635,28.0,0.749320714968104,raw
4426,28.0,0.9018075476092846,raw
994,28.0,0.8745877658326323,raw
5939,28.0,0.9018075476092846,raw
649,28.0,0.9063035636526687,raw
3939,28.0,0.8801644982881703,raw
1410,28.0,0.7937094441534632,raw
5520,28.0,0.8421880911413521,raw
4342,28.0,0.9638244923387279,raw
4468,28.0,0.9730593397001424,raw
1551,28.0,0.7937094441534632,raw
3687,28.0,0.9730593397001424,raw
5611,28.0,0.9628993341425345,raw
4332,28.0,0.749320714968104,raw
5243,28.0,0.8421880911413521,raw
3401,28.0,0.8684105058995584,raw
214,28.0,0.866925229251953,raw
4927,28.0,0.9730593397001424,raw
1154,28.0,0.8351750209935075,raw
2524,28.0,0.9713081382439057,raw
1013,28.0,0.8351750209935075,raw
803,28.0,0.8801644982881703,raw
566,28.0,0.8731620294249293,raw
3204,28.0,0.8742224203809292,raw
101,28.0,0.9063035636526687,raw
3077,28.0,0.8801644982881703,raw
4774,28.0,0.8336406235323941,raw
2439,28.0,0.948641986440546,raw
902,28.0,0.8421880911413521,raw
1935,28.0,0.9648206534939742,raw
2181,28.0,0.9063035636526687,raw
3141,28.0,0.793709444153463,raw
351,28.0,0.9063035636526687,raw
2054,28.0,0.9063035636526687,raw
5313,28.0,0.8441856711082304,raw
5957,28.0,0.8742224203809292,raw
1568,28.0,0.8801644982881703,raw
3587,28.0,0.8421880911413521,raw
2320,28.0,0.9730593397001424,raw
3479,28.0,0.9730593397001424,raw
5242,28.0,0.9730593397001424,raw
1375,28.0,0.9018075476092846,raw
4964,28.0,0.9730593397001424,raw
782,28.0,0.8801644982881703,raw
2029,28.0,0.7931642084151648,raw
4491,28.0,0.8421880911413521,raw
1391,28.0,0.793709444153463,raw
2487,28.0,0.9063035636526687,raw
2086,28.0,0.9638244923387279,raw
2826,28.0,0.9063035636526687,raw
4411,28.0,0.8770765722767045,raw
1965,28.0,0.9063035636526687,raw
3091,28.0,0.7956317485319645,raw
677,28.0,0.97166645118608,raw
1136,28.0,0.8421880911413521,raw
426,28.0,0.793709444153463,raw
2846,28.0,0.7443647896987681,raw
790,0.0,0.0,centered
1489,0.0,0.0,centered
4093,0.0,0.0,centered
5632,0.0,0.0,centered
1352,0.0,0.0,centered
4429,0.0,0.0,centered
5095,0.0,0.0,centered
4032,0.0,0.0,centered
4065,0.0,0.0,centered
4797,0.0,0.0,centered
6123,0.0,0.0,centered
3446,0.0,0.0,centered
4971,0.0,0.0,centered
4245,0.0,0.0,centered
3343,0.0,0.0,centered
5621,0.0,0.0,centered
3470,0.0,0.0,centered
1157,0.0,0.0,centered
3104,0.0,0.0,centered
4619,0.0,0.0,centered
2652,0.0,0.0,centered
2662,0.0,0.0,centered
612,0.0,0.0,centered
2761,0.0,0.0,centered
1900,0.0,0.0,centered
4463,0.0,0.0,centered
1893,0.0,0.0,centered
1296,0.0,0.0,centered
5574,0.0,0.0,centered
5177,0.0,0.0,centered
5195,0.0,0.0,centered
5769,0.0,0.0,centered
3033,0.0,0.0,centered
3665,0.0,0.0,centered
4729,0.0,0.0,centered
3341,0.0,0.0,centered
5904,0.0,0.0,centered
6127,0.0,0.0,centered
3636,0.0,0.0,centered
1151,0.0,0.0,centered
1731,0.0,0.0,centered
355,0.0,0.0,centered
1246,0.0,0.0,centered
1635,0.0,0.0,centered
4426,0.0,0.0,centered
994,0.0,0.0,centered
5939,0.0,0.0,centered
649,0.0,0.0,centered
3939,0.0,0.0,centered
1410,0.0,0.0,centered
5520,0.0,0.0,centered
4342,0.0,0.0,centered
4468,0.0,0.0,centered
1551,0.0,0.0,centered
3687,0.0,0.0,centered
5611,0.0,0.0,centered
4332,0.0,0.0,centered
5243,0.0,0.0,centered
3401,0.0,0.0,centered
214,0.0,0.0,centered
4927,0.0,0.0,centered
1154,0.0,0.0,centered
2524,0.0,0.0,centered
1013,0.0,0.0,centered
803,0.0,0.0,centered
566,0.0,0.0,centered
3204,0.0,0.0,centered
101,0.0,0.0,centered
3077,0.0,0.0,centered
4774,0.0,0.0,centered
2439,0.0,0.0,centered
902,0.0,0.0,centered
1935,0.0,0.0,centered
2181,0.0,0.0,centered
3141,0.0,0.0,centered
351,0.0,0.0,centered
2054,0.0,0.0,centered
5313,0.0,0.0,centered
5957,0.0,0.0,centered
1568,0.0,0.0,centered
3587,0.0,0.0,centered
2320,0.0,0.0,centered
3479,0.0,0.0,centered
5242,0.0,0.0,centered
1375,0.0,0.0,centered
4964,0.0,0.0,centered
782,0.0,0.0,centered
2029,0.0,0.0,centered
4491,0.0,0.0,centered
1391,0.0,0.0,centered
2487,0.0,0.0,centered
2086,0.0,0.0,centered
2826,0.0,0.0,centered
4411,0.0,0.0,centered
1965,0.0,0.0,centered
3091,0.0,0.0,centered
677,0.0,0.0,centered
1136,0.0,0.0,centered
426,0.0,0.0,centered
2846,0.0,0.0,centered
790,1.0,0.09683589273656595,centered
1489,1.0,0.08141351375649777,centered
4093,1.0,0.08141351375649777,centered
5632,1.0,0.0946958330564775,centered
1352,1.0,0.1454702124140912,centered
4429,1.0,0.1046129213035138,centered
5095,1.0,0.14637294276249335,centered
4032,1.0,0.08367147603314595,centered
4065,1.0,0.09482689902608502,centered
4797,1.0,0.09262281023592306,centered
6123,1.0,0.10616857862591267,centered
3446,1.0,0.09262281023592306,centered
4971,1.0,0.09683589273656595,centered
4245,1.0,0.1046129213035138,centered
3343,1.0,0.06933865615312018,centered
5621,1.0,0.06919408423504253,centered
3470,1.0,0.08432584823131661,centered
1157,1.0,0.0946958330564775,centered
3104,1.0,0.14632087741944294,centered
4619,1.0,0.14611743612880235,centered
2652,1.0,0.08367147603314595,centered
2662,1.0,0.06933865615312018,centered
612,1.0,0.14632087741944294,centered
2761,1.0,0.14615254771565922,centered
1900,1.0,0.0715998815731329,centered
4463,1.0,0.1046129213035138,centered
1893,1.0,0.06933865615312018,centered
1296,1.0,0.09572170729512822,centered
5574,1.0,0.07033507581709292,centered
5177,1.0,0.14659861503660548,centered
5195,1.0,0.10616857862591267,centered
5769,1.0,0.10616857862591267,centered
3033,1.0,0.0715998815731329,centered
3665,1.0,0.1457478182602287,centered
4729,1.0,0.14611743612880235,centered
3341,1.0,0.1046129213035138,centered
5904,1.0,0.1046129213035138,centered
6127,1.0,0.08432584823131661,centered
3636,1.0,0.14632087741944294,centered
1151,1.0,0.14061538709993415,centered
1731,1.0,0.10616857862591267,centered
355,1.0,0.0715998815731329,centered
1246,1.0,0.1457478182602287,centered
1635,1.0,0.05865356939777061,centered
4426,1.0,0.1046129213035138,centered
994,1.0,0.09482689902608502,centered
5939,1.0,0.1046129213035138,centered
649,1.0,0.10616857862591267,centered
3939,1.0,0.09683589273656595,centered
1410,1.0,0.06933865615312018,centered
5520,1.0,0.08367147603314595,centered
4342,1.0,0.14637294276249335,centered
4468,1.0,0.1457478182602287,centered
1551,1.0,0.06933865615312018,centered
3687,1.0,0.1457478182602287,centered
5611,1.0,0.14611743612880235,centered
4332,1.0,0.05865356939777061,centered
5243,1.0,0.08367147603314595,centered
3401,1.0,0.09262281023592306,centered
214,1.0,0.0920971375886564,centered
4927,1.0,0.1457478182602287,centered
1154,1.0,0.08141351375649777,centered
2524,1.0,0.14643434410092948,centered
1013,1.0,0.08141351375649777,centered
803,1.0,0.09683589273656595,centered
566,1.0,0.09431588153483642,centered
3204,1.0,0.09469583305647747,centered
101,1.0,0.10616857862591256,centered
3077,1.0,0.09683589273656595,centered
4774,1.0,0.08092777524452546,centered
2439,1.0,0.13862475371112115,centered
902,1.0,0.08367147603314595,centered
1935,1.0,0.14659861503660548,centered
2181,1.0,0.10616857862591256,centered
3141,1.0,0.06933865615312021,centered
351,1.0,0.10616857862591256,centered
2054,1.0,0.10616857862591256,centered
5313,1.0,0.08432584823131667,centered
5957,1.0,0.09469583305647747,centered
1568,1.0,0.09683589273656595,centered
3587,1.0,0.08367147603314595,centered
2320,1.0,0.1457478182602287,centered
3479,1.0,0.1457478182602287,centered
5242,1.0,0.1457478182602287,centered
1375,1.0,0.10461292130351385,centered
4964,1.0,0.1457478182602287,centered
782,1.0,0.09683589273656595,centered
2029,1.0,0.06919408423504256,centered
4491,1.0,0.08367147603314595,centered
1391,1.0,0.06933865615312021,centered
2487,1.0,0.10616857862591256,centered
2086,1.0,0.14637294276249335,centered
2826,1.0,0.10616857862591256,centered
4411,1.0,0.09572170729512822,centered
1965,1.0,0.10616857862591256,centered
3091,1.0,0.06985119219221383,centered
677,1.0,0.14632087741944294,centered
1136,1.0,0.08367147603314595,centered
426,1.0,0.06933865615312021,centered
2846,1.0,0.05758654156191104,centered
790,2.0,0.1718294268170224,centered
1489,2.0,0.14833532763840787,centered
4093,2.0,0.14833532763840787,centered
5632,2.0,0.168724245049525,centered
1352,2.0,0.241296723604834,centered
4429,2.0,0.18247961609701213,centered
5095,2.0,0.24099575240656268,centered
4032,2.0,0.15191610026105878,centered
4065,2.0,0.1689161499543456,centered
4797,2.0,0.1656610146137752,centered
6123,2.0,0.18444507847334163,centered
3446,2.0,0.1656610146137752,centered
4971,2.0,0.1718294268170224,centered
4245,2.0,0.18247961609701213,centered
3343,2.0,0.1285506177357219,centered
5621,2.0,0.12830783919700067,centered
3470,2.0,0.15294598693711348,centered
1157,2.0,0.168724245049525,centered
3104,2.0,0.23537717769025507,centered
4619,2.0,0.24117390912999503,centered
2652,2.0,0.15191610026105878,centered
2662,2.0,0.1285506177357219,centered
612,2.0,0.23537717769025507,centered
2761,2.0,0.24115561157612964,centered
1900,2.0,0.13233074620329155,centered
4463,2.0,0.18247961609701213,centered
1893,2.0,0.1285506177357219,centered
1296,2.0,0.1702204028797503,centered
5574,2.0,0.13022034129516621,centered
5177,2.0,0.24070865689330917,centered
5195,2.0,0.18444507847334163,centered
5769,2.0,0.18444507847334163,centered
3033,2.0,0.13233074620329155,centered
3665,2.0,0.23338388150263983,centered
4729,2.0,0.24117390912999503,centered
3341,2.0,0.18247961609701213,centered
5904,2.0,0.18247961609701213,centered
6127,2.0,0.15294598693711348,centered
3636,2.0,0.23537717769025507,centered
1151,2.0,0.23835407654912288,centered
1731,2.0,0.18444507847334163,centered
355,2.0,0.13233074620329155,centered
1246,2.0,0.23338388150263983,centered
1635,2.0,0.11027330226393295,centered
4426,2.0,0.18247961609701213,centered
994,2.0,0.1689161499543456,centered
5939,2.0,0.18247961609701213,centered
649,2.0,0.18444507847334163,centered
3939,2.0,0.1718294268170224,centered
1410,2.0,0.1285506177357219,centered
5520,2.0,0.15191610026105878,centered
4342,2.0,0.24099575240656268,centered
4468,2.0,0.23338388150263983,centered
1551,2.0,0.1285506177357219,centered
3687,2.0,0.23338388150263983,centered
5611,2.0,0.24117390912999503,centered
4332,2.0,0.11027330226393295,centered
5243,2.0,0.15191610026105878,centered
3401,2.0,0.1656610146137752,centered
214,2.0,0.16487624730974032,centered
4927,2.0,0.23338388150263983,centered
1154,2.0,0.14833532763840787,centered
2524,2.0,0.23583175014294688,centered
1013,2.0,0.14833532763840787,centered
803,2.0,0.1718294268170224,centered
566,2.0,0.16816670505129536,centered
3204,2.0,0.16872424504952496,centered
101,2.0,0.18444507847334152,centered
3077,2.0,0.1718294268170224,centered
4774,2.0,0.14755969725749937,centered
2439,2.0,0.23647335284513576,centered
902,2.0,0.15191610026105878,centered
1935,2.0,0.24070865689330917,centered
2181,2.0,0.18444507847334152,centered
3141,2.0,0.12855061773572193,centered
351,2.0,0.18444507847334152,centered
2054,2.0,0.18444507847334152,centered
5313,2.0,0.15294598693711348,centered
5957,2.0,0.16872424504952496,centered
1568,2.0,0.1718294268170224,centered
3587,2.0,0.15191610026105878,centered
2320,2.0,0.23338388150263983,centered
3479,2.0,0.23338388150263983,centered
5242,2.0,0.23338388150263983,centered
1375,2.0,0.18247961609701213,centered
4964,2.0,0.23338388150263983,centered
782,2.0,0.1718294268170224,centered
2029,2.0,0.1283078391970007,centered
4491,2.0,0.15191610026105878,centered
1391,2.0,0.12855061773572193,centered
2487,2.0,0.18444507847334152,centered
2086,2.0,0.24099575240656268,centered
2826,2.0,0.18444507847334152,centered
4411,2.0,0.1702204028797503,centered
1965,2.0,0.18444507847334152,centered
3091,2.0,0.12941026470803468,centered
677,2.0,0.23537717769025507,centered
1136,2.0,0.15191610026105878,centered
426,2.0,0.12855061773572193,centered
2846,2.0,0.10841267468224974,centered
790,3.0,0.2291050545377753,centered
1489,3.0,0.2019128944527526,centered
4093,3.0,0.2019128944527526,centered
5632,3.0,0.22567486971589484,centered
1352,3.0,0.30593780053637354,centered
4429,3.0,0.2401926406304431,centered
5095,3.0,0.3040370940964854,centered
4032,3.0,0.20620956376923255,centered
4065,3.0,0.22588874033757247,centered
4797,3.0,0.22223072658663873,centered
6123,3.0,0.24205498196952802,centered
3446,3.0,0.22223072658663873,centered
4971,3.0,0.2291050545377753,centered
4245,3.0,0.2401926406304431,centered
3343,3.0,0.17747400303240735,centered
5621,3.0,0.17716764255044837,centered
3470,3.0,0.20743699000567023,centered
1157,3.0,0.22567486971589484,centered
3104,3.0,0.2924735944969327,centered
4619,3.0,0.30476727725354114,centered
2652,3.0,0.20620956376923255,centered
2662,3.0,0.17747400303240735,centered
612,3.0,0.2924735944969327,centered
2761,3.0,0.304679725542072,centered
1900,3.0,0.18222536618163626,centered
4463,3.0,0.2401926406304431,centered
1893,3.0,0.17747400303240735,centered
1296,3.0,0.2273359038514113,centered
5574,3.0,0.17957711078896313,centered
5177,3.0,0.3031238008188833,centered
5195,3.0,0.24205498196952802,centered
5769,3.0,0.24205498196952802,centered
3033,3.0,0.18222536618163626,centered
3665,3.0,0.2891495889785088,centered
4729,3.0,0.30476727725354114,centered
3341,3.0,0.2401926406304431,centered
5904,3.0,0.2401926406304431,centered
6127,3.0,0.20743699000567023,centered
3636,3.0,0.2924735944969327,centered
1151,3.0,0.30674024344706163,centered
1731,3.0,0.24205498196952802,centered
355,3.0,0.18222536618163626,centered
1246,3.0,0.2891495889785088,centered
1635,3.0,0.15403419550650121,centered
4426,3.0,0.2401926406304431,centered
994,3.0,0.22588874033757247,centered
5939,3.0,0.2401926406304431,centered
649,3.0,0.24205498196952802,centered
3939,3.0,0.2291050545377753,centered
1410,3.0,0.17747400303240735,centered
5520,3.0,0.20620956376923255,centered
4342,3.0,0.3040370940964854,centered
4468,3.0,0.2891495889785088,centered
1551,3.0,0.17747400303240735,centered
3687,3.0,0.2891495889785088,centered
5611,3.0,0.30476727725354114,centered
4332,3.0,0.15403419550650121,centered
5243,3.0,0.20620956376923255,centered
3401,3.0,0.22223072658663873,centered
214,3.0,0.2213397382692015,centered
4927,3.0,0.2891495889785088,centered
1154,3.0,0.2019128944527526,centered
2524,3.0,0.29325557026584526,centered
1013,3.0,0.2019128944527526,centered
803,3.0,0.2291050545377753,centered
566,3.0,0.22505219353776915,centered
3204,3.0,0.22567486971589482,centered
101,3.0,0.2420549819695279,centered
3077,3.0,0.2291050545377753,centered
4774,3.0,0.20097647578546382,centered
2439,3.0,0.3056793571573468,centered
902,3.0,0.20620956376923255,centered
1935,3.0,0.3031238008188832,centered
2181,3.0,0.2420549819695279,centered
3141,3.0,0.17747400303240737,centered
351,3.0,0.2420549819695279,centered
2054,3.0,0.2420549819695279,centered
5313,3.0,0.20743699000567023,centered
5957,3.0,0.22567486971589482,centered
1568,3.0,0.2291050545377753,centered
3587,3.0,0.20620956376923255,centered
2320,3.0,0.2891495889785088,centered
3479,3.0,0.2891495889785088,centered
5242,3.0,0.2891495889785088,centered
1375,3.0,0.2401926406304431,centered
4964,3.0,0.2891495889785088,centered
782,3.0,0.2291050545377753,centered
2029,3.0,0.1771676425504484,centered
4491,3.0,0.20620956376923255,centered
1391,3.0,0.17747400303240737,centered
2487,3.0,0.2420549819695279,centered
2086,3.0,0.3040370940964854,centered
2826,3.0,0.2420549819695279,centered
4411,3.0,0.2273359038514113,centered
1965,3.0,0.2420549819695279,centered
3091,3.0,0.1785576303737078,centered
677,3.0,0.2924735944969327,centered
1136,3.0,0.20620956376923255,centered
426,3.0,0.17747400303240737,centered
2846,3.0,0.15160788444003978,centered
790,4.0,0.2752194661604392,centered
1489,4.0,0.24670500913118573,centered
4093,4.0,0.24670500913118573,centered
5632,4.0,0.2717895191190865,centered
1352,4.0,0.3527686883171922,centered
4429,4.0,0.2855970960144425,centered
5095,4.0,0.3493188528980449,centered
4032,4.0,0.25136800589025926,centered
4065,4.0,0.27200535941039417,centered
4797,4.0,0.2682818399240411,centered
6123,4.0,0.28713713470517643,centered
3446,4.0,0.2682818399240411,centered
4971,4.0,0.2752194661604392,centered
4245,4.0,0.2855970960144425,centered
3343,4.0,0.21945742326144918,centered
5621,4.0,0.21910917501141108,centered
3470,4.0,0.2526915876222625,centered
1157,4.0,0.2717895191190865,centered
3104,4.0,0.3324345494838106,centered
4619,4.0,0.35057608560263387,centered
2652,4.0,0.25136800589025926,centered
2662,4.0,0.21945742326144918,centered
612,4.0,0.3324345494838106,centered
2761,4.0,0.35042200665615575,centered
1900,4.0,0.2248391501972034,centered
4463,4.0,0.2855970960144425,centered
1893,4.0,0.21945742326144918,centered
1296,4.0,0.27345917275018516,centered
5574,4.0,0.22184406089142014,centered
5177,4.0,0.34781615346016853,centered
5195,4.0,0.28713713470517643,centered
5769,4.0,0.28713713470517643,centered
3033,4.0,0.2248391501972034,centered
3665,4.0,0.3279857745812739,centered
4729,4.0,0.35057608560263387,centered
3341,4.0,0.2855970960144425,centered
5904,4.0,0.2855970960144425,centered
6127,4.0,0.2526915876222625,centered
3636,4.0,0.3324345494838106,centered
1151,4.0,0.3575800870521404,centered
1731,4.0,0.28713713470517643,centered
355,4.0,0.2248391501972034,centered
1246,4.0,0.3279857745812739,centered
1635,4.0,0.19241785461067795,centered
4426,4.0,0.2855970960144425,centered
994,4.0,0.27200535941039417,centered
5939,4.0,0.2855970960144425,centered
649,4.0,0.28713713470517643,centered
3939,4.0,0.2752194661604392,centered
1410,4.0,0.21945742326144918,centered
5520,4.0,0.25136800589025926,centered
4342,4.0,0.3493188528980449,centered
4468,4.0,0.3279857745812739,centered
1551,4.0,0.21945742326144918,centered
3687,4.0,0.3279857745812739,centered
5611,4.0,0.35057608560263387,centered
4332,4.0,0.19241785461067795,centered
5243,4.0,0.25136800589025926,centered
3401,4.0,0.2682818399240411,centered
214,4.0,0.26736540025307404,centered
4927,4.0,0.3279857745812739,centered
1154,4.0,0.24670500913118573,centered
2524,4.0,0.33349631909098787,centered
1013,4.0,0.24670500913118573,centered
803,4.0,0.2752194661604392,centered
566,4.0,0.27115972472150485,centered
3204,4.0,0.27178951911908644,centered
101,4.0,0.2871371347051763,centered
3077,4.0,0.2752194661604392,centered
4774,4.0,0.24568291760715763,centered
2439,4.0,0.35753071392306174,centered
902,4.0,0.25136800589025937,centered
1935,4.0,0.34781615346016853,centered
2181,4.0,0.2871371347051763,centered
3141,4.0,0.2194574232614492,centered
351,4.0,0.2871371347051763,centered
2054,4.0,0.2871371347051763,centered
5313,4.0,0.2526915876222625,centered
5957,4.0,0.27178951911908644,centered
1568,4.0,0.2752194661604392,centered
3587,4.0,0.25136800589025937,centered
2320,4.0,0.3279857745812739,centered
3479,4.0,0.3279857745812739,centered
5242,4.0,0.3279857745812739,centered
1375,4.0,0.2855970960144425,centered
4964,4.0,0.3279857745812739,centered
782,4.0,0.2752194661604392,centered
2029,4.0,0.2191091750114111,centered
4491,4.0,0.25136800589025937,centered
1391,4.0,0.2194574232614492,centered
2487,4.0,0.2871371347051763,centered
2086,4.0,0.3493188528980449,centered
2826,4.0,0.2871371347051763,centered
4411,4.0,0.27345917275018516,centered
1965,4.0,0.2871371347051763,centered
3091,4.0,0.22068802106663193,centered
677,4.0,0.3324345494838105,centered
1136,4.0,0.25136800589025937,centered
426,4.0,0.2194574232614492,centered
2846,4.0,0.18957655189769987,centered
790,5.0,0.31361260521663553,centered
1489,5.0,0.2851837034610638,centered
4093,5.0,0.2851837034610638,centered
5632,5.0,0.3103624858842636,centered
1352,5.0,0.38837487787703084,centered
4429,5.0,0.32269883657928833,centered
5095,5.0,0.38353030593960546,centered
4032,5.0,0.2899937538203918,centered
4065,5.0,0.3105691079340033,centered
4797,5.0,0.30697122283252454,centered
6123,5.0,0.32381896632743745,centered
3446,5.0,0.30697122283252454,centered
4971,5.0,0.31361260521663553,centered
4245,5.0,0.32269883657928833,centered
3343,5.0,0.25633963363211565,centered
5621,5.0,0.25596425121419114,centered
3470,5.0,0.2913505772301793,centered
1157,5.0,0.3103624858842636,centered
3104,5.0,0.36206296440016233,centered
4619,5.0,0.38525838457394135,centered
2652,5.0,0.2899937538203918,centered
2662,5.0,0.25633963363211565,centered
612,5.0,0.36206296440016233,centered
2761,5.0,0.38504467220564365,centered
1900,5.0,0.2621213745951052,centered
4463,5.0,0.32269883657928833,centered
1893,5.0,0.25633963363211565,centered
1296,5.0,0.3119538324697104,centered
5574,5.0,0.2589081930277868,centered
5177,5.0,0.3815052034204513,centered
5195,5.0,0.32381896632743745,centered
5769,5.0,0.32381896632743745,centered
3033,5.0,0.2621213745951052,centered
3665,5.0,0.3566780859565402,centered
4729,5.0,0.38525838457394135,centered
3341,5.0,0.32269883657928833,centered
5904,5.0,0.32269883657928833,centered
6127,5.0,0.2913505772301793,centered
3636,5.0,0.36206296440016233,centered
1151,5.0,0.3969882529871509,centered
1731,5.0,0.32381896632743745,centered
355,5.0,0.2621213745951052,centered
1246,5.0,0.3566780859565402,centered
1635,5.0,0.2267904291342921,centered
4426,5.0,0.32269883657928833,centered
994,5.0,0.3105691079340033,centered
5939,5.0,0.32269883657928833,centered
649,5.0,0.32381896632743745,centered
3939,5.0,0.31361260521663553,centered
1410,5.0,0.25633963363211565,centered
5520,5.0,0.2899937538203918,centered
4342,5.0,0.38353030593960546,centered
4468,5.0,0.3566780859565402,centered
1551,5.0,0.25633963363211565,centered
3687,5.0,0.3566780859565402,centered
5611,5.0,0.38525838457394135,centered
4332,5.0,0.2267904291342921,centered
5243,5.0,0.2899937538203918,centered
3401,5.0,0.30697122283252454,centered
214,5.0,0.3060758101348678,centered
4927,5.0,0.3566780859565402,centered
1154,5.0,0.2851837034610638,centered
2524,5.0,0.36335915213923087,centered
1013,5.0,0.2851837034610638,centered
803,5.0,0.31361260521663553,centered
566,5.0,0.30975813821535214,centered
3204,5.0,0.3103624858842635,centered
101,5.0,0.32381896632743734,centered
3077,5.0,0.31361260521663553,centered
4774,5.0,0.2841235191521696,centered
2439,5.0,0.3979612934344215,centered
902,5.0,0.2899937538203918,centered
1935,5.0,0.3815052034204513,centered
2181,5.0,0.32381896632743734,centered
3141,5.0,0.25633963363211565,centered
351,5.0,0.32381896632743734,centered
2054,5.0,0.32381896632743734,centered
5313,5.0,0.2913505772301793,centered
5957,5.0,0.3103624858842635,centered
1568,5.0,0.31361260521663553,centered
3587,5.0,0.2899937538203918,centered
2320,5.0,0.3566780859565402,centered
3479,5.0,0.3566780859565402,centered
5242,5.0,0.3566780859565402,centered
1375,5.0,0.32269883657928833,centered
4964,5.0,0.3566780859565402,centered
782,5.0,0.31361260521663553,centered
2029,5.0,0.2559642512141912,centered
4491,5.0,0.2899937538203918,centered
1391,5.0,0.25633963363211565,centered
2487,5.0,0.32381896632743734,centered
2086,5.0,0.38353030593960546,centered
2826,5.0,0.32381896632743734,centered
4411,5.0,0.3119538324697104,centered
1965,5.0,0.32381896632743734,centered
3091,5.0,0.25766491923021906,centered
677,5.0,0.3620629644001621,centered
1136,5.0,0.2899937538203918,centered
426,5.0,0.25633963363211565,centered
2846,5.0,0.22364208696527724,centered
790,6.0,0.346334867205285,centered
1489,6.0,0.3188678649495895,centered
4093,6.0,0.3188678649495895,centered
5632,6.0,0.34336768740474605,centered
1352,6.0,0.4164122587227759,centered
4429,6.0,0.35383097664800645,centered
5095,6.0,0.4103386762077761,centered
4032,6.0,0.3236802404061585,centered
4065,6.0,0.34355856671752094,centered
4797,6.0,0.3401994152684643,centered
6123,6.0,0.3544907618274923,centered
3446,6.0,0.3401994152684643,centered
4971,6.0,0.346334867205285,centered
4245,6.0,0.35383097664800645,centered
3343,6.0,0.28926539055204686,centered
5621,6.0,0.2888734240459266,centered
3470,6.0,0.32502923443202214,centered
1157,6.0,0.34336768740474605,centered
3104,6.0,0.38494974836781054,centered
4619,6.0,0.41247953406617244,centered
2652,6.0,0.3236802404061585,centered
2662,6.0,0.28926539055204686,centered
612,6.0,0.38494974836781054,centered
2761,6.0,0.41221342656122306,centered
1900,6.0,0.29528344245541965,centered
4463,6.0,0.35383097664800645,centered
1893,6.0,0.28926539055204686,centered
1296,6.0,0.3448303743811604,centered
5574,6.0,0.2919434245244612,centered
5177,6.0,0.40785798424140024,centered
5195,6.0,0.3544907618274923,centered
5769,6.0,0.3544907618274923,centered
3033,6.0,0.29528344245541965,centered
3665,6.0,0.3787824941632783,centered
4729,6.0,0.41247953406617244,centered
3341,6.0,0.35383097664800645,centered
5904,6.0,0.35383097664800645,centered
6127,6.0,0.32502923443202214,centered
3636,6.0,0.38494974836781054,centered
1151,6.0,0.42848979756356576,centered
1731,6.0,0.3544907618274923,centered
355,6.0,0.29528344245541965,centered
1246,6.0,0.3787824941632783,centered
1635,6.0,0.2580058238395959,centered
4426,6.0,0.35383097664800645,centered
994,6.0,0.34355856671752094,centered
5939,6.0,0.35383097664800645,centered
649,6.0,0.3544907618274923,centered
3939,6.0,0.346334867205285,centered
1410,6.0,0.28926539055204686,centered
5520,6.0,0.3236802404061585,centered
4342,6.0,0.4103386762077761,centered
4468,6.0,0.3787824941632783,centered
1551,6.0,0.28926539055204686,centered
3687,6.0,0.3787824941632783,centered
5611,6.0,0.41247953406617244,centered
4332,6.0,0.2580058238395959,centered
5243,6.0,0.3236802404061585,centered
3401,6.0,0.3401994152684643,centered
214,6.0,0.3393530204743979,centered
4927,6.0,0.3787824941632783,centered
1154,6.0,0.3188678649495895,centered
2524,6.0,0.386442755143135,centered
1013,6.0,0.3188678649495895,centered
803,6.0,0.346334867205285,centered
566,6.0,0.3428078482496375,centered
3204,6.0,0.343367687404746,centered
101,6.0,0.3544907618274922,centered
3077,6.0,0.346334867205285,centered
4774,6.0,0.3178013038683889,centered
2439,6.0,0.43043102052476784,centered
902,6.0,0.3236802404061585,centered
1935,6.0,0.40785798424140024,centered
2181,6.0,0.3544907618274922,centered
3141,6.0,0.2892653905520469,centered
351,6.0,0.3544907618274922,centered
2054,6.0,0.3544907618274922,centered
5313,6.0,0.32502923443202214,centered
5957,6.0,0.343367687404746,centered
1568,6.0,0.346334867205285,centered
3587,6.0,0.3236802404061585,centered
2320,6.0,0.3787824941632783,centered
3479,6.0,0.3787824941632783,centered
5242,6.0,0.3787824941632783,centered
1375,6.0,0.35383097664800645,centered
4964,6.0,0.3787824941632783,centered
782,6.0,0.346334867205285,centered
2029,6.0,0.28887342404592664,centered
4491,6.0,0.3236802404061585,centered
1391,6.0,0.2892653905520469,centered
2487,6.0,0.3544907618274922,centered
2086,6.0,0.4103386762077761,centered
2826,6.0,0.3544907618274922,centered
4411,6.0,0.3448303743811604,centered
1965,6.0,0.3544907618274922,centered
3091,6.0,0.29064803982798726,centered
677,6.0,0.38494974836781054,centered
1136,6.0,0.3236802404061585,centered
426,6.0,0.2892653905520469,centered
2846,6.0,0.2546316625188536,centered
790,7.0,0.37471324753135055,centered
1489,7.0,0.3487682460509326,centered
4093,7.0,0.3487682460509326,centered
5632,7.0,0.37208860331975174,centered
1352,7.0,0.43908619191786424,centered
4429,7.0,0.3804734594146033,centered
5095,7.0,0.4319350033695474,centered
4032,7.0,0.3534843397455917,centered
4065,7.0,0.3722598907538617,centered
4797,7.0,0.369207446521133,centered
6123,7.0,0.3806614126515272,centered
3446,7.0,0.369207446521133,centered
4971,7.0,0.37471324753135055,centered
4245,7.0,0.3804734594146033,centered
3343,7.0,0.31900658500830364,centered
5621,7.0,0.3186058350402445,centered
3470,7.0,0.3547978482526136,centered
1157,7.0,0.37208860331975174,centered
3104,7.0,0.40317990135272436,centered
4619,7.0,0.43443645266364983,centered
2652,7.0,0.3534843397455917,centered
2662,7.0,0.31900658500830364,centered
612,7.0,0.40317990135272436,centered
2761,7.0,0.43412450116295165,centered
1900,7.0,0.3251406499786923,centered
4463,7.0,0.3804734594146033,centered
1893,7.0,0.31900658500830364,centered
1296,7.0,0.3733931851392277,centered
5574,7.0,0.3217406816550886,centered
5177,7.0,0.4290578241743542,centered
5195,7.0,0.3806614126515272,centered
5769,7.0,0.3806614126515272,centered
3033,7.0,0.3251406499786923,centered
3665,7.0,0.39635262413997036,centered
4729,7.0,0.43443645266364983,centered
3341,7.0,0.3804734594146033,centered
5904,7.0,0.3804734594146033,centered
6127,7.0,0.3547978482526136,centered
3636,7.0,0.40317990135272436,centered
1151,7.0,0.4542745754865909,centered
1731,7.0,0.3806614126515272,centered
355,7.0,0.3251406499786923,centered
1246,7.0,0.39635262413997036,centered
1635,7.0,0.28664256101383573,centered
4426,7.0,0.3804734594146033,centered
994,7.0,0.3722598907538617,centered
5939,7.0,0.3804734594146033,centered
649,7.0,0.3806614126515272,centered
3939,7.0,0.37471324753135055,centered
1410,7.0,0.31900658500830364,centered
5520,7.0,0.3534843397455917,centered
4342,7.0,0.4319350033695474,centered
4468,7.0,0.39635262413997036,centered
1551,7.0,0.31900658500830364,centered
3687,7.0,0.39635262413997036,centered
5611,7.0,0.43443645266364983,centered
4332,7.0,0.28664256101383573,centered
5243,7.0,0.3534843397455917,centered
3401,7.0,0.369207446521133,centered
214,7.0,0.36842726338780457,centered
4927,7.0,0.39635262413997036,centered
1154,7.0,0.3487682460509326,centered
2524,7.0,0.40483950707049277,centered
1013,7.0,0.3487682460509326,centered
803,7.0,0.37471324753135055,centered
566,7.0,0.3715845723396951,centered
3204,7.0,0.3720886033197517,centered
101,7.0,0.380661412651527,centered
3077,7.0,0.37471324753135055,centered
4774,7.0,0.34771714261203446,centered
2439,7.0,0.4571087008530404,centered
902,7.0,0.3534843397455917,centered
1935,7.0,0.4290578241743542,centered
2181,7.0,0.380661412651527,centered
3141,7.0,0.3190065850083037,centered
351,7.0,0.380661412651527,centered
2054,7.0,0.380661412651527,centered
5313,7.0,0.3547978482526136,centered
5957,7.0,0.3720886033197517,centered
1568,7.0,0.37471324753135055,centered
3587,7.0,0.3534843397455917,centered
2320,7.0,0.39635262413997036,centered
3479,7.0,0.39635262413997036,centered
5242,7.0,0.39635262413997036,centered
1375,7.0,0.3804734594146032,centered
4964,7.0,0.39635262413997036,centered
782,7.0,0.37471324753135055,centered
2029,7.0,0.31860583504024453,centered
4491,7.0,0.3534843397455917,centered
1391,7.0,0.3190065850083037,centered
2487,7.0,0.380661412651527,centered
2086,7.0,0.4319350033695474,centered
2826,7.0,0.380661412651527,centered
4411,7.0,0.3733931851392277,centered
1965,7.0,0.380661412651527,centered
3091,7.0,0.3204190467040681,centered
677,7.0,0.40317990135272436,centered
1136,7.0,0.3534843397455917,centered
426,7.0,0.3190065850083037,centered
2846,7.0,0.28310572937711387,centered
790,8.0,0.39965809207958364,centered
1489,8.0,0.3755962272734561,centered
4093,8.0,0.3755962272734561,centered
5632,8.0,0.3974094270209834,centered
1352,8.0,0.4578115189548908,centered
4429,8.0,0.4036237449792176,centered
5095,8.0,0.4497142533575149,centered
4032,8.0,0.38014757478083494,centered
4065,8.0,0.39755889494002894,centered
4797,8.0,0.3948535595408934,centered
6123,8.0,0.4033436354572979,centered
3446,8.0,0.3948535595408934,centered
4971,8.0,0.39965809207958364,centered
4245,8.0,0.4036237449792176,centered
3343,8.0,0.34611357985333757,centered
5621,8.0,0.345709949284674,centered
3470,8.0,0.38140664557953274,centered
1157,8.0,0.3974094270209834,centered
3104,8.0,0.41805141982902266,centered
4619,8.0,0.4525313879128676,centered
2652,8.0,0.38014757478083494,centered
2662,8.0,0.34611357985333757,centered
612,8.0,0.41805141982902266,centered
2761,8.0,0.4521792526456144,centered
1900,8.0,0.352273192289936,centered
4463,8.0,0.4036237449792176,centered
1893,8.0,0.34611357985333757,centered
1296,8.0,0.39853908308465913,centered
5574,8.0,0.3488634398282169,centered
5177,8.0,0.44649096454720244,centered
5195,8.0,0.4033436354572979,centered
5769,8.0,0.4033436354572979,centered
3033,8.0,0.352273192289936,centered
3665,8.0,0.41066159856043555,centered
4729,8.0,0.4525313879128676,centered
3341,8.0,0.4036237449792176,centered
5904,8.0,0.4036237449792176,centered
6127,8.0,0.38140664557953274,centered
3636,8.0,0.41805141982902266,centered
1151,8.0,0.4757810585765413,centered
1731,8.0,0.4033436354572979,centered
355,8.0,0.352273192289936,centered
1246,8.0,0.41066159856043555,centered
1635,8.0,0.3131153158946692,centered
4426,8.0,0.4036237449792176,centered
994,8.0,0.39755889494002894,centered
5939,8.0,0.4036237449792176,centered
649,8.0,0.4033436354572979,centered
3939,8.0,0.39965809207958364,centered
1410,8.0,0.34611357985333757,centered
5520,8.0,0.38014757478083494,centered
4342,8.0,0.4497142533575149,centered
4468,8.0,0.41066159856043555,centered
1551,8.0,0.34611357985333757,centered
3687,8.0,0.41066159856043555,centered
5611,8.0,0.4525313879128676,centered
4332,8.0,0.3131153158946692,centered
5243,8.0,0.38014757478083494,centered
3401,8.0,0.3948535595408934,centered
214,8.0,0.39415011774244874,centered
4927,8.0,0.41066159856043555,centered
1154,8.0,0.3755962272734561,centered
2524,8.0,0.41985338858250676,centered
1013,8.0,0.3755962272734561,centered
803,8.0,0.39965809207958364,centered
566,8.0,0.3969677896809656,centered
3204,8.0,0.39740942702098336,centered
101,8.0,0.4033436354572978,centered
3077,8.0,0.39965809207958364,centered
4774,8.0,0.37457591510883803,centered
2439,8.0,0.47942943824451806,centered
902,8.0,0.38014757478083505,centered
1935,8.0,0.44649096454720244,centered
2181,8.0,0.4033436354572978,centered
3141,8.0,0.34611357985333757,centered
351,8.0,0.4033436354572978,centered
2054,8.0,0.4033436354572978,centered
5313,8.0,0.38140664557953274,centered
5957,8.0,0.39740942702098336,centered
1568,8.0,0.39965809207958364,centered
3587,8.0,0.38014757478083505,centered
2320,8.0,0.41066159856043555,centered
3479,8.0,0.41066159856043555,centered
5242,8.0,0.41066159856043555,centered
1375,8.0,0.4036237449792176,centered
4964,8.0,0.41066159856043555,centered
782,8.0,0.39965809207958364,centered
2029,8.0,0.345709949284674,centered
4491,8.0,0.38014757478083505,centered
1391,8.0,0.34611357985333757,centered
2487,8.0,0.4033436354572978,centered
2086,8.0,0.4497142533575149,centered
2826,8.0,0.4033436354572978,centered
4411,8.0,0.39853908308465913,centered
1965,8.0,0.4033436354572978,centered
3091,8.0,0.3475350405378565,centered
677,8.0,0.41805141982902266,centered
1136,8.0,0.38014757478083505,centered
426,8.0,0.34611357985333757,centered
2846,8.0,0.3094660646432351,centered
790,9.0,0.42182184705806197,centered
1489,9.0,0.39987387494323434,centered
4093,9.0,0.39987387494323434,centered
5632,9.0,0.41996627398683845,centered
1352,9.0,0.4735402879672561,centered
4429,9.0,0.42398551469749735,centered
5095,9.0,0.46460927295890386,centered
4032,9.0,0.4042125237312584,centered
4065,9.0,0.4200927164519076,centered
4797,9.0,0.4177573697938013,centered
6123,9.0,0.4232492442867225,centered
3446,9.0,0.4177573697938013,centered
4971,9.0,0.42182184705806197,centered
4245,9.0,0.42398551469749735,centered
3343,9.0,0.37099543809312313,centered
5621,9.0,0.3705934666563921,centered
3470,9.0,0.4054040850947662,centered
1157,9.0,0.41996627398683845,centered
3104,9.0,0.4304166930348667,centered
4619,9.0,0.4677039882072894,centered
2652,9.0,0.4042125237312584,centered
2662,9.0,0.37099543809312313,centered
612,9.0,0.4304166930348667,centered
2761,9.0,0.46731648539228565,centered
1900,9.0,0.37711146997037953,centered
4463,9.0,0.42398551469749735,centered
1893,9.0,0.37099543809312313,centered
1296,9.0,0.42091210749708075,centered
5574,9.0,0.3737301618775135,centered
5177,9.0,0.4610823478533665,centered
5195,9.0,0.4232492442867225,centered
5769,9.0,0.4232492442867225,centered
3033,9.0,0.37711146997037953,centered
3665,9.0,0.42254266728722484,centered
4729,9.0,0.4677039882072894,centered
3341,9.0,0.42398551469749735,centered
5904,9.0,0.42398551469749735,centered
6127,9.0,0.4054040850947662,centered
3636,9.0,0.4304166930348667,centered
1151,9.0,0.49399620851912573,centered
1731,9.0,0.4232492442867225,centered
355,9.0,0.37711146997037953,centered
1246,9.0,0.42254266728722484,centered
1635,9.0,0.3377340567282174,centered
4426,9.0,0.42398551469749735,centered
994,9.0,0.4200927164519076,centered
5939,9.0,0.42398551469749735,centered
649,9.0,0.4232492442867225,centered
3939,9.0,0.42182184705806197,centered
1410,9.0,0.37099543809312313,centered
5520,9.0,0.4042125237312584,centered
4342,9.0,0.46460927295890386,centered
4468,9.0,0.42254266728722484,centered
1551,9.0,0.37099543809312313,centered
3687,9.0,0.42254266728722484,centered
5611,9.0,0.4677039882072894,centered
4332,9.0,0.3377340567282174,centered
5243,9.0,0.4042125237312584,centered
3401,9.0,0.4177573697938013,centered
214,9.0,0.41713691919222523,centered
4927,9.0,0.42254266728722484,centered
1154,9.0,0.39987387494323434,centered
2524,9.0,0.4323414533981651,centered
1013,9.0,0.39987387494323434,centered
803,9.0,0.4218218470580621,centered
566,9.0,0.41959063891820403,centered
3204,9.0,0.4199662739868384,centered
101,9.0,0.4232492442867224,centered
3077,9.0,0.4218218470580621,centered
4774,9.0,0.3988952349038649,centered
2439,9.0,0.4983838894297306,centered
902,9.0,0.4042125237312585,centered
1935,9.0,0.4610823478533665,centered
2181,9.0,0.4232492442867224,centered
3141,9.0,0.3709954380931232,centered
351,9.0,0.4232492442867224,centered
2054,9.0,0.4232492442867224,centered
5313,9.0,0.4054040850947662,centered
5957,9.0,0.4199662739868384,centered
1568,9.0,0.4218218470580621,centered
3587,9.0,0.4042125237312585,centered
2320,9.0,0.42254266728722484,centered
3479,9.0,0.42254266728722484,centered
5242,9.0,0.42254266728722484,centered
1375,9.0,0.42398551469749735,centered
4964,9.0,0.42254266728722484,centered
782,9.0,0.4218218470580621,centered
2029,9.0,0.37059346665639215,centered
4491,9.0,0.4042125237312585,centered
1391,9.0,0.3709954380931232,centered
2487,9.0,0.4232492442867224,centered
2086,9.0,0.46460927295890386,centered
2826,9.0,0.4232492442867224,centered
4411,9.0,0.42091210749708075,centered
1965,9.0,0.4232492442867224,centered
3091,9.0,0.37240991848217214,centered
677,9.0,0.4304166930348667,centered
1136,9.0,0.4042125237312585,centered
426,9.0,0.3709954380931232,centered
2846,9.0,0.33401305362949385,centered
790,10.0,0.44168840364123735,centered
1489,10.0,0.4219970077490377,centered
4093,10.0,0.4219970077490377,centered
5632,10.0,0.4402325645397966,centered
1352,10.0,0.4869380657985647,centered
4429,10.0,0.44207328161927306,centered
5095,10.0,0.47726883045682644,centered
4032,10.0,0.4260894006383965,centered
4065,10.0,0.4403354372453131,centered
4797,10.0,0.43838150637422013,centered
6123,10.0,0.4408969910699666,centered
3446,10.0,0.43838150637422013,centered
4971,10.0,0.44168840364123735,centered
4245,10.0,0.44207328161927306,centered
3343,10.0,0.3939661779301549,centered
5621,10.0,0.39356939577748923,centered
3470,10.0,0.42720447784625093,centered
1157,10.0,0.4402325645397966,centered
3104,10.0,0.44085969688125787,centered
4619,10.0,0.4806088726566332,centered
2652,10.0,0.4260894006383965,centered
2662,10.0,0.3939661779301549,centered
612,10.0,0.44085969688125787,centered
2761,10.0,0.48019008726423995,centered
1900,10.0,0.39998523831888294,centered
4463,10.0,0.44207328161927306,centered
1893,10.0,0.3939661779301549,centered
1296,10.0,0.4409907879647106,centered
5574,10.0,0.39666181410887846,centered
5177,10.0,0.4734740509844992,centered
5195,10.0,0.4408969910699666,centered
5769,10.0,0.4408969910699666,centered
3033,10.0,0.39998523831888294,centered
3665,10.0,0.43256511817065285,centered
4729,10.0,0.4806088726566332,centered
3341,10.0,0.44207328161927306,centered
5904,10.0,0.44207328161927306,centered
6127,10.0,0.42720447784625093,centered
3636,10.0,0.44085969688125787,centered
1151,10.0,0.5096213605608367,centered
1731,10.0,0.4408969910699666,centered
355,10.0,0.39998523831888294,centered
1246,10.0,0.43256511817065285,centered
1635,10.0,0.3607381698406316,centered
4426,10.0,0.44207328161927306,centered
994,10.0,0.4403354372453131,centered
5939,10.0,0.44207328161927306,centered
649,10.0,0.4408969910699666,centered
3939,10.0,0.44168840364123735,centered
1410,10.0,0.3939661779301549,centered
5520,10.0,0.4260894006383965,centered
4342,10.0,0.47726883045682644,centered
4468,10.0,0.43256511817065285,centered
1551,10.0,0.3939661779301549,centered
3687,10.0,0.43256511817065285,centered
5611,10.0,0.4806088726566332,centered
4332,10.0,0.3607381698406316,centered
5243,10.0,0.4260894006383965,centered
3401,10.0,0.43838150637422013,centered
214,10.0,0.4378474675462353,centered
4927,10.0,0.43256511817065285,centered
1154,10.0,0.4219970077490377,centered
2524,10.0,0.44289128786782317,centered
1013,10.0,0.4219970077490377,centered
803,10.0,0.44168840364123724,centered
566,10.0,0.4399246080382142,centered
3204,10.0,0.44023256453979653,centered
101,10.0,0.4408969910699665,centered
3077,10.0,0.44168840364123724,centered
4774,10.0,0.4210677751477536,centered
2439,10.0,0.5146796463344543,centered
902,10.0,0.4260894006383965,centered
1935,10.0,0.4734740509844992,centered
2181,10.0,0.4408969910699665,centered
3141,10.0,0.393966177930155,centered
351,10.0,0.4408969910699665,centered
2054,10.0,0.4408969910699665,centered
5313,10.0,0.42720447784625093,centered
5957,10.0,0.44023256453979653,centered
1568,10.0,0.44168840364123724,centered
3587,10.0,0.4260894006383965,centered
2320,10.0,0.43256511817065285,centered
3479,10.0,0.43256511817065285,centered
5242,10.0,0.43256511817065285,centered
1375,10.0,0.44207328161927306,centered
4964,10.0,0.43256511817065285,centered
782,10.0,0.44168840364123724,centered
2029,10.0,0.3935693957774893,centered
4491,10.0,0.4260894006383965,centered
1391,10.0,0.393966177930155,centered
2487,10.0,0.4408969910699665,centered
2086,10.0,0.47726883045682644,centered
2826,10.0,0.4408969910699665,centered
4411,10.0,0.4409907879647106,centered
1965,10.0,0.4408969910699665,centered
3091,10.0,0.3953612750203424,centered
677,10.0,0.44085969688125787,centered
1136,10.0,0.4260894006383965,centered
426,10.0,0.393966177930155,centered
2846,10.0,0.35697873943589375,centered
790,11.0,0.46008193279336035,centered
1489,11.0,0.44279204796008576,centered
4093,11.0,0.44279204796008576,centered
5632,11.0,0.4590362595332124,centered
1352,11.0,0.49872613249465947,centered
4429,11.0,0.4586838200732255,centered
5095,11.0,0.4883861113410224,centered
4032,11.0,0.44660753951042453,centered
4065,11.0,0.45911482395295933,centered
4797,11.0,0.45755638540708077,centered
6123,11.0,0.4570746843351946,centered
3446,11.0,0.45755638540708077,centered
4971,11.0,0.46008193279336035,centered
4245,11.0,0.4586838200732255,centered
3343,11.0,0.41582110163797575,centered
5621,11.0,0.4154325172467264,centered
3470,11.0,0.44763781597935226,centered
1157,11.0,0.4590362595332124,centered
3104,11.0,0.4499805335605574,centered
4619,11.0,0.49194872788572774,centered
2652,11.0,0.44660753951042453,centered
2662,11.0,0.41582110163797575,centered
612,11.0,0.4499805335605574,centered
2761,11.0,0.4915015424342658,centered
1900,11.0,0.42169751554374374,centered
4463,11.0,0.4586838200732255,centered
1893,11.0,0.41582110163797575,centered
1296,11.0,0.4596014354454986,centered
5574,11.0,0.4184572019266226,centered
5177,11.0,0.4843487003954258,centered
5195,11.0,0.4570746843351946,centered
5769,11.0,0.4570746843351946,centered
3033,11.0,0.42169751554374374,centered
3665,11.0,0.4413099550491238,centered
4729,11.0,0.49194872788572774,centered
3341,11.0,0.4586838200732255,centered
5904,11.0,0.4586838200732255,centered
6127,11.0,0.44763781597935226,centered
3636,11.0,0.4499805335605574,centered
1151,11.0,0.5234533039542898,centered
1731,11.0,0.4570746843351946,centered
355,11.0,0.42169751554374374,centered
1246,11.0,0.4413099550491238,centered
1635,11.0,0.3828754636924295,centered
4426,11.0,0.4586838200732255,centered
994,11.0,0.45911482395295933,centered
5939,11.0,0.4586838200732255,centered
649,11.0,0.4570746843351946,centered
3939,11.0,0.46008193279336035,centered
1410,11.0,0.41582110163797575,centered
5520,11.0,0.44660753951042453,centered
4342,11.0,0.4883861113410224,centered
4468,11.0,0.4413099550491238,centered
1551,11.0,0.41582110163797575,centered
3687,11.0,0.4413099550491238,centered
5611,11.0,0.49194872788572774,centered
4332,11.0,0.3828754636924295,centered
5243,11.0,0.44660753951042453,centered
3401,11.0,0.45755638540708077,centered
214,11.0,0.4571126239995921,centered
4927,11.0,0.4413099550491238,centered
1154,11.0,0.44279204796008576,centered
2524,11.0,0.4521077737708169,centered
1013,11.0,0.44279204796008576,centered
803,11.0,0.46008193279336035,centered
566,11.0,0.45879819408044087,centered
3204,11.0,0.45903625953321237,centered
101,11.0,0.4570746843351945,centered
3077,11.0,0.46008193279336035,centered
4774,11.0,0.4419192047041367,centered
2439,11.0,0.5291333894204935,centered
902,11.0,0.44660753951042464,centered
1935,11.0,0.4843487003954258,centered
2181,11.0,0.4570746843351945,centered
3141,11.0,0.4158211016379758,centered
351,11.0,0.4570746843351945,centered
2054,11.0,0.4570746843351945,centered
5313,11.0,0.44763781597935226,centered
5957,11.0,0.45903625953321237,centered
1568,11.0,0.46008193279336035,centered
3587,11.0,0.44660753951042464,centered
2320,11.0,0.4413099550491238,centered
3479,11.0,0.4413099550491238,centered
5242,11.0,0.4413099550491238,centered
1375,11.0,0.4586838200732255,centered
4964,11.0,0.4413099550491238,centered
782,11.0,0.46008193279336035,centered
2029,11.0,0.4154325172467265,centered
4491,11.0,0.44660753951042464,centered
1391,11.0,0.4158211016379758,centered
2487,11.0,0.4570746843351945,centered
2086,11.0,0.4883861113410224,centered
2826,11.0,0.4570746843351945,centered
4411,11.0,0.4596014354454986,centered
1965,11.0,0.4570746843351945,centered
3091,11.0,0.41718623454120257,centered
677,11.0,0.4499805335605574,centered
1136,11.0,0.44660753951042464,centered
426,11.0,0.4158211016379758,centered
2846,11.0,0.379105206975058,centered
790,16.0,0.5309515307622645,centered
1489,16.0,0.5258470649114695,centered
4093,16.0,0.5258470649114695,centered
5632,16.0,0.5318486168297332,centered
1352,16.0,0.5393628610749263,centered
4429,16.0,0.521488203494289,centered
5095,16.0,0.526558655241431,centered
4032,16.0,0.5281204150392064,centered
4065,16.0,0.531810910900902,centered
4797,16.0,0.5321637541447493,centered
6123,16.0,0.5179948264923372,centered
3446,16.0,0.5321637541447493,centered
4971,16.0,0.5309515307622645,centered
4245,16.0,0.521488203494289,centered
3343,16.0,0.505745718095159,centered
5621,16.0,0.5054243339378142,centered
3470,16.0,0.5286891015274832,centered
1157,16.0,0.5318486168297332,centered
3104,16.0,0.4809476623951398,centered
4619,16.0,0.5309363770370662,centered
2652,16.0,0.5281204150392064,centered
2662,16.0,0.505745718095159,centered
612,16.0,0.4809476623951398,centered
2761,16.0,0.5303850470056248,centered
1900,16.0,0.5105218024688716,centered
4463,16.0,0.521488203494289,centered
1893,16.0,0.505745718095159,centered
1296,16.0,0.5314944555415725,centered
5574,16.0,0.5079082662708827,centered
5177,16.0,0.5216354958072893,centered
5195,16.0,0.5179948264923372,centered
5769,16.0,0.5179948264923372,centered
3033,16.0,0.5105218024688716,centered
3665,16.0,0.4709401694893857,centered
4729,16.0,0.5309363770370662,centered
3341,16.0,0.521488203494289,centered
5904,16.0,0.521488203494289,centered
6127,16.0,0.5286891015274832,centered
3636,16.0,0.4809476623951398,centered
1151,16.0,0.5717491706984442,centered
1731,16.0,0.5179948264923372,centered
355,16.0,0.5105218024688716,centered
1246,16.0,0.4709401694893857,centered
1635,16.0,0.4766239644380877,centered
4426,16.0,0.521488203494289,centered
994,16.0,0.531810910900902,centered
5939,16.0,0.521488203494289,centered
649,16.0,0.5179948264923372,centered
3939,16.0,0.5309515307622645,centered
1410,16.0,0.505745718095159,centered
5520,16.0,0.5281204150392064,centered
4342,16.0,0.526558655241431,centered
4468,16.0,0.4709401694893857,centered
1551,16.0,0.505745718095159,centered
3687,16.0,0.4709401694893857,centered
5611,16.0,0.5309363770370662,centered
4332,16.0,0.4766239644380877,centered
5243,16.0,0.5281204150392064,centered
3401,16.0,0.5321637541447493,centered
214,16.0,0.5321625022030452,centered
4927,16.0,0.4709401694893857,centered
1154,16.0,0.5258470649114695,centered
2524,16.0,0.4834159710351855,centered
1013,16.0,0.5258470649114695,centered
803,16.0,0.5309515307622645,centered
566,16.0,0.5319456948254803,centered
3204,16.0,0.5318486168297331,centered
101,16.0,0.5179948264923371,centered
3077,16.0,0.5309515307622645,centered
4774,16.0,0.525295714527222,centered
2439,16.0,0.5798087622474846,centered
902,16.0,0.5281204150392064,centered
1935,16.0,0.5216354958072893,centered
2181,16.0,0.5179948264923371,centered
3141,16.0,0.505745718095159,centered
351,16.0,0.5179948264923371,centered
2054,16.0,0.5179948264923371,centered
5313,16.0,0.5286891015274833,centered
5957,16.0,0.5318486168297331,centered
1568,16.0,0.5309515307622645,centered
3587,16.0,0.5281204150392064,centered
2320,16.0,0.4709401694893857,centered
3479,16.0,0.4709401694893857,centered
5242,16.0,0.4709401694893857,centered
1375,16.0,0.5214882034942893,centered
4964,16.0,0.4709401694893857,centered
782,16.0,0.5309515307622645,centered
2029,16.0,0.5054243339378143,centered
4491,16.0,0.5281204150392064,centered
1391,16.0,0.505745718095159,centered
2487,16.0,0.5179948264923371,centered
2086,16.0,0.526558655241431,centered
2826,16.0,0.5179948264923371,centered
4411,16.0,0.5314944555415725,centered
1965,16.0,0.5179948264923371,centered
3091,16.0,0.5068695221812125,centered
677,16.0,0.4809476623951398,centered
1136,16.0,0.5281204150392064,centered
426,16.0,0.505745718095159,centered
2846,16.0,0.4730932235336799,centered
790,19.0,0.5618984406955814,centered
1489,19.0,0.5636485746691189,centered
4093,19.0,0.5636485746691189,centered
5632,19.0,0.5638256059242068,centered
1352,19.0,0.5548823008711612,centered
4429,19.0,0.5483327060259425,centered
5095,19.0,0.5410752248849838,centered
4032,19.0,0.5649906675420001,centered
4065,19.0,0.5637257193714016,centered
4797,19.0,0.5651099061162125,centered
6123,19.0,0.5439150968667193,centered
3446,19.0,0.5651099061162125,centered
4971,19.0,0.5618984406955814,centered
4245,19.0,0.5483327060259425,centered
3343,19.0,0.548128464886261,centered
5621,19.0,0.547857434382286,centered
3470,19.0,0.5652852577572629,centered
1157,19.0,0.5638256059242068,centered
3104,19.0,0.49258371894097136,centered
4619,19.0,0.5457836356232451,centered
2652,19.0,0.5649906675420001,centered
2662,19.0,0.548128464886261,centered
612,19.0,0.49258371894097136,centered
2761,19.0,0.5451899971806482,centered
1900,19.0,0.5521018067530408,centered
4463,19.0,0.5483327060259425,centered
1893,19.0,0.548128464886261,centered
1296,19.0,0.5629816729476076,centered
5574,19.0,0.549940748721273,centered
5177,19.0,0.5357938643281692,centered
5195,19.0,0.5439150968667193,centered
5769,19.0,0.5439150968667193,centered
3033,19.0,0.5521018067530408,centered
3665,19.0,0.48204985020045327,centered
4729,19.0,0.5457836356232451,centered
3341,19.0,0.5483327060259425,centered
5904,19.0,0.5483327060259425,centered
6127,19.0,0.5652852577572629,centered
3636,19.0,0.49258371894097136,centered
1151,19.0,0.5904487920602846,centered
1731,19.0,0.5439150968667193,centered
355,19.0,0.5521018067530408,centered
1246,19.0,0.48204985020045327,centered
1635,19.0,0.5223545602660846,centered
4426,19.0,0.5483327060259425,centered
994,19.0,0.5637257193714016,centered
5939,19.0,0.5483327060259425,centered
649,19.0,0.5439150968667193,centered
3939,19.0,0.5618984406955814,centered
1410,19.0,0.548128464886261,centered
5520,19.0,0.5649906675420001,centered
4342,19.0,0.5410752248849838,centered
4468,19.0,0.48204985020045327,centered
1551,19.0,0.548128464886261,centered
3687,19.0,0.48204985020045327,centered
5611,19.0,0.5457836356232451,centered
4332,19.0,0.5223545602660846,centered
5243,19.0,0.5649906675420001,centered
3401,19.0,0.5651099061162125,centered
214,19.0,0.5653503521256658,centered
4927,19.0,0.48204985020045327,centered
1154,19.0,0.5636485746691189,centered
2524,19.0,0.495186707054432,centered
1013,19.0,0.5636485746691189,centered
803,19.0,0.5618984406955814,centered
566,19.0,0.5641023112634194,centered
3204,19.0,0.5638256059242067,centered
101,19.0,0.5439150968667192,centered
3077,19.0,0.5618984406955814,centered
4774,19.0,0.5632946224533993,centered
2439,19.0,0.5995171900447474,centered
902,19.0,0.5649906675420001,centered
1935,19.0,0.5357938643281692,centered
2181,19.0,0.5439150968667192,centered
3141,19.0,0.548128464886261,centered
351,19.0,0.5439150968667192,centered
2054,19.0,0.5439150968667192,centered
5313,19.0,0.5652852577572629,centered
5957,19.0,0.5638256059242067,centered
1568,19.0,0.5618984406955814,centered
3587,19.0,0.5649906675420001,centered
2320,19.0,0.48204985020045327,centered
3479,19.0,0.48204985020045327,centered
5242,19.0,0.48204985020045327,centered
1375,19.0,0.5483327060259425,centered
4964,19.0,0.48204985020045327,centered
782,19.0,0.5618984406955814,centered
2029,19.0,0.5478574343822861,centered
4491,19.0,0.5649906675420001,centered
1391,19.0,0.548128464886261,centered
2487,19.0,0.5439150968667192,centered
2086,19.0,0.5410752248849838,centered
2826,19.0,0.5439150968667192,centered
4411,19.0,0.5629816729476076,centered
1965,19.0,0.5439150968667192,centered
3091,19.0,0.5490727970247378,centered
677,19.0,0.49258371894097136,centered
1136,19.0,0.5649906675420001,centered
426,19.0,0.548128464886261,centered
2846,19.0,0.5191089085145083,centered
790,21.0,0.579232902944214,centered
1489,21.0,0.5852501777380579,centered
4093,21.0,0.5852501777380579,centered
5632,21.0,0.5817856447761438,centered
1352,21.0,0.5630213934332006,centered
4429,21.0,0.563218870208491,centered
5095,21.0,0.5486747829092574,centered
4032,21.0,0.5859961496854825,centered
4065,21.0,0.581647859532569,centered
4797,21.0,0.5836629983661596,centered
6123,21.0,0.5582582281655717,centered
3446,21.0,0.5836629983661596,centered
4971,21.0,0.579232902944214,centered
4245,21.0,0.563218870208491,centered
3343,21.0,0.572773802217132,centered
5621,21.0,0.5725375582745131,centered
3470,21.0,0.5861164318337378,centered
1157,21.0,0.5817856447761438,centered
3104,21.0,0.49864487481835224,centered
4619,21.0,0.5535608713650517,centered
2652,21.0,0.5859961496854825,centered
2662,21.0,0.572773802217132,centered
612,21.0,0.49864487481835224,centered
2761,21.0,0.5529444882568916,centered
1900,21.0,0.5761973214132898,centered
4463,21.0,0.563218870208491,centered
1893,21.0,0.572773802217132,centered
1296,21.0,0.5806436770603897,centered
5574,21.0,0.5743451086788687,centered
5177,21.0,0.543201214864419,centered
5195,21.0,0.5582582281655717,centered
5769,21.0,0.5582582281655717,centered
3033,21.0,0.5761973214132898,centered
3665,21.0,0.4878316345633739,centered
4729,21.0,0.5535608713650517,centered
3341,21.0,0.563218870208491,centered
5904,21.0,0.563218870208491,centered
6127,21.0,0.5861164318337378,centered
3636,21.0,0.49864487481835224,centered
1151,21.0,0.6003129743138413,centered
1731,21.0,0.5582582281655717,centered
355,21.0,0.5761973214132898,centered
1246,21.0,0.4878316345633739,centered
1635,21.0,0.5494209897063096,centered
4426,21.0,0.563218870208491,centered
994,21.0,0.581647859532569,centered
5939,21.0,0.563218870208491,centered
649,21.0,0.5582582281655717,centered
3939,21.0,0.579232902944214,centered
1410,21.0,0.572773802217132,centered
5520,21.0,0.5859961496854825,centered
4342,21.0,0.5486747829092574,centered
4468,21.0,0.4878316345633739,centered
1551,21.0,0.572773802217132,centered
3687,21.0,0.4878316345633739,centered
5611,21.0,0.5535608713650517,centered
4332,21.0,0.5494209897063096,centered
5243,21.0,0.5859961496854825,centered
3401,21.0,0.5836629983661596,centered
214,21.0,0.5840520544447794,centered
4927,21.0,0.4878316345633739,centered
1154,21.0,0.5852501777380579,centered
2524,21.0,0.5013194286569969,centered
1013,21.0,0.5852501777380579,centered
803,21.0,0.579232902944214,centered
566,21.0,0.5821719323866411,centered
3204,21.0,0.5817856447761438,centered
101,21.0,0.5582582281655716,centered
3077,21.0,0.579232902944214,centered
4774,21.0,0.5850233967466463,centered
2439,21.0,0.6099333020508131,centered
902,21.0,0.5859961496854825,centered
1935,21.0,0.543201214864419,centered
2181,21.0,0.5582582281655716,centered
3141,21.0,0.572773802217132,centered
351,21.0,0.5582582281655716,centered
2054,21.0,0.5582582281655716,centered
5313,21.0,0.5861164318337378,centered
5957,21.0,0.5817856447761438,centered
1568,21.0,0.579232902944214,centered
3587,21.0,0.5859961496854825,centered
2320,21.0,0.4878316345633739,centered
3479,21.0,0.4878316345633739,centered
5242,21.0,0.4878316345633739,centered
1375,21.0,0.563218870208491,centered
4964,21.0,0.4878316345633739,centered
782,21.0,0.579232902944214,centered
2029,21.0,0.5725375582745132,centered
4491,21.0,0.5859961496854825,centered
1391,21.0,0.572773802217132,centered
2487,21.0,0.5582582281655716,centered
2086,21.0,0.5486747829092574,centered
2826,21.0,0.5582582281655716,centered
4411,21.0,0.5806436770603897,centered
1965,21.0,0.5582582281655716,centered
3091,21.0,0.5735944446053953,centered
677,21.0,0.49864487481835224,centered
1136,21.0,0.5859961496854825,centered
426,21.0,0.572773802217132,centered
2846,21.0,0.546396275401498,centered
790,28.0,0.6253989976556209,centered
1489,28.0,0.644339009613439,centered
4093,28.0,0.644339009613439,centered
5632,28.0,0.6297889239599319,centered
1352,28.0,0.5828430332515296,centered
4429,28.0,0.6023479371537195,centered
5095,28.0,0.567143489991396,centered
4032,28.0,0.6432181566797366,centered
4065,28.0,0.6295393450795552,centered
4797,28.0,0.6334242729747694,centered
6123,28.0,0.5958565064094393,centered
3446,28.0,0.6334242729747694,centered
4971,28.0,0.6253989976556209,centered
4245,28.0,0.6023479371537195,centered
3343,28.0,0.6418270016620482,centered
5621,28.0,0.6417098014623968,centered
3470,28.0,0.6427968777117639,centered
1157,28.0,0.6297889239599319,centered
3104,28.0,0.5132885411360586,centered
4619,28.0,0.5724744503548503,centered
2652,28.0,0.6432181566797366,centered
2662,28.0,0.6418270016620482,centered
612,28.0,0.5132885411360586,centered
2761,28.0,0.5718010822304199,centered
1900,28.0,0.6433870288893002,centered
4463,28.0,0.6023479371537195,centered
1893,28.0,0.6418270016620482,centered
1296,28.0,0.6277695468918435,centered
5574,28.0,0.6425774744574699,centered
5177,28.0,0.561189405438606,centered
5195,28.0,0.5958565064094393,centered
5769,28.0,0.5958565064094393,centered
3033,28.0,0.6433870288893002,centered
3665,28.0,0.5017857105294361,centered
4729,28.0,0.5724744503548503,centered
3341,28.0,0.6023479371537195,centered
5904,28.0,0.6023479371537195,centered
6127,28.0,0.6427968777117639,centered
3636,28.0,0.5132885411360586,centered
1151,28.0,0.6245024150129389,centered
1731,28.0,0.5958565064094393,centered
355,28.0,0.6433870288893002,centered
1246,28.0,0.5017857105294361,centered
1635,28.0,0.6271841828722684,centered
4426,28.0,0.6023479371537195,centered
994,28.0,0.6295393450795552,centered
5939,28.0,0.6023479371537195,centered
649,28.0,0.5958565064094393,centered
3939,28.0,0.6253989976556209,centered
1410,28.0,0.6418270016620482,centered
5520,28.0,0.6432181566797366,centered
4342,28.0,0.567143489991396,centered
4468,28.0,0.5017857105294361,centered
1551,28.0,0.6418270016620482,centered
3687,28.0,0.5017857105294361,centered
5611,28.0,0.5724744503548503,centered
4332,28.0,0.6271841828722684,centered
5243,28.0,0.6432181566797366,centered
3401,28.0,0.6334242729747694,centered
214,28.0,0.6342564541975539,centered
4927,28.0,0.5017857105294361,centered
1154,28.0,0.644339009613439,centered
2524,28.0,0.5161399894182034,centered
1013,28.0,0.644339009613439,centered
803,28.0,0.6253989976556209,centered
566,28.0,0.6304988236193986,centered
3204,28.0,0.6297889239599319,centered
101,28.0,0.5958565064094392,centered
3077,28.0,0.6253989976556209,centered
4774,28.0,0.644513549817635,centered
2439,28.0,0.6355342358827243,centered
902,28.0,0.6432181566797366,centered
1935,28.0,0.561189405438606,centered
2181,28.0,0.5958565064094392,centered
3141,28.0,0.6418270016620481,centered
351,28.0,0.5958565064094392,centered
2054,28.0,0.5958565064094392,centered
5313,28.0,0.6427968777117639,centered
5957,28.0,0.6297889239599319,centered
1568,28.0,0.6253989976556209,centered
3587,28.0,0.6432181566797366,centered
2320,28.0,0.5017857105294361,centered
3479,28.0,0.5017857105294361,centered
5242,28.0,0.5017857105294361,centered
1375,28.0,0.6023479371537195,centered
4964,28.0,0.5017857105294361,centered
782,28.0,0.6253989976556209,centered
2029,28.0,0.641709801462397,centered
4491,28.0,0.6432181566797366,centered
1391,28.0,0.6418270016620481,centered
2487,28.0,0.5958565064094392,centered
2086,28.0,0.567143489991396,centered
2826,28.0,0.5958565064094392,centered
4411,28.0,0.6277695468918435,centered
1965,28.0,0.5958565064094392,centered
3091,28.0,0.6422254995848731,centered
677,28.0,0.5132885411360586,centered
1136,28.0,0.6432181566797366,centered
426,28.0,0.6418270016620481,centered
2846,28.0,0.6250110667771214,centered
