threshold_name,threshold,comparison,attribute,primary,selection_rate,degenerate,metric,test,rate_protected,rate_reference,n_protected,n_reference,gap,ci_low,ci_high,z,p_value,tost_p,certified_fair,minimum_delta,hurlin_statistic,hurlin_df,hurlin_p,strata_used,cmh_statistic,cmh_p,mh_odds_ratio,mh_or_low,mh_or_high,breslow_day_p,p_holm,reject_fairness,model,feature_set
0.5,0.5,African-American vs Caucasian,race,True,0.3997501561524047,False,statistical_parity,z (pooled),0.5052301255230126,0.2434108527131783,956,645,0.2618192728098343,0.2159795674986797,0.3076589781209889,10.489490667001457,9.654742942491346e-26,1.0,False,0.3003114668577986,113.54187475478815,1.0,1.6417725771969956e-26,,,,,,,,3.8618971769965384e-25,True,LogReg,race_aware
0.5,0.5,African-American vs Caucasian,race,True,0.3997501561524047,False,conditional_statistical_parity,Hurlin LR over proxy strata,0.5052301255230126,0.2434108527131783,956,645,,,,,0.1289878509499996,,,,8.537668434440945,5.0,0.1289878509499996,5.0,2.9023791916900796,0.08844891558516388,1.5547730587757151,0.9271099148049413,2.6073707396424335,0.23125475660090544,0.2579757018999992,False,LogReg,race_aware
0.5,0.5,African-American vs Caucasian,race,True,0.3997501561524047,False,fpr,z (pooled),0.30337078651685395,0.17037037037037037,445,405,0.13300041614648359,0.07674184300333489,0.18925898928963228,4.534596380984377,5.7713743443321695e-06,0.9980346470035062,False,0.1802657337265682,,,,,,,,,,,1.7314123032996508e-05,True,LogReg,race_aware
0.5,0.5,African-American vs Caucasian,race,True,0.3997501561524047,False,fnr,z (pooled),0.31898238747553814,0.6333333333333333,511,240,-0.31435094585779516,-0.3874947787377951,-0.24120711297779523,-8.14052265628545,3.9357517659464535e-16,0.999999999998378,False,0.3758112018883273,,,,,,,,,,,1.5743007063785814e-15,True,LogReg,race_aware
0.5,0.5,African-American vs Caucasian,race,True,0.3997501561524047,False,equalized_odds,Hurlin LR given Y,,,956,645,,,,,1.2068604018769027e-19,,,,87.12218897712617,2.0,1.2068604018769027e-19,,,,,,,,4.827441607507611e-19,True,LogReg,race_aware
0.5,0.5,Hispanic vs Caucasian,race,False,0.23536895674300254,False,statistical_parity,z (pooled),0.19858156028368795,0.2434108527131783,141,645,-0.04482929242949035,-0.11853603287644067,0.028877448017459964,-1.1366832769125836,0.2556707127281441,0.4453369288131492,False,0.10675911662110082,1.3322319460638887,1.0,0.2484085401196354,,,,,,,,0.2556707127281441,False,LogReg,race_aware
0.5,0.5,Hispanic vs Caucasian,race,False,0.23536895674300254,False,conditional_statistical_parity,Hurlin LR over proxy strata,0.19858156028368795,0.2434108527131783,141,645,,,,,0.025938738052328495,,,,14.352330402022362,6.0,0.025938738052328495,6.0,8.736781024097516,0.0031185456026109337,0.1567105956420879,0.04366305900258611,0.5624482422324881,0.5119276784144076,0.07781621415698549,False,LogReg,race_aware
0.5,0.5,Hispanic vs Caucasian,race,False,0.23536895674300254,False,fpr,z (pooled),0.09876543209876543,0.17037037037037037,81,405,-0.07160493827160494,-0.1461840099605794,0.0029741334173695178,-1.6111059953277023,0.10715662186437075,0.7147779785826942,False,0.13431369535767845,,,,,,,,,,,0.10715662186437075,False,LogReg,race_aware
0.5,0.5,Hispanic vs Caucasian,race,False,0.23536895674300254,False,fnr,z (pooled),0.6666666666666666,0.6333333333333333,60,240,0.033333333333333326,-0.10062409408852785,0.1672907607551945,0.481125224324688,0.6304275015358904,0.40375581086706236,False,0.14610452530301993,,,,,,,,,,,1.0,False,LogReg,race_aware
0.5,0.5,Hispanic vs Caucasian,race,False,0.23536895674300254,False,equalized_odds,Hurlin LR given Y,,,141,645,,,,,0.2125141110325549,,,,3.0974937759265777,2.0,0.2125141110325549,,,,,,,,0.2125141110325549,False,LogReg,race_aware
0.5,0.5,Other vs Caucasian,race,False,0.23315363881401618,False,statistical_parity,z (pooled),0.16494845360824742,0.2434108527131783,97,645,-0.07846239910493089,-0.15940504979518433,0.002480251585322571,-1.7039234329454414,0.08839539257876546,0.7545417276733011,False,0.14647675885468195,3.1052337928421174,1.0,0.07804102563797737,,,,,,,,0.1767907851575309,False,LogReg,race_aware
0.5,0.5,Other vs Caucasian,race,False,0.23315363881401618,False,conditional_statistical_parity,Hurlin LR over proxy strata,0.16494845360824742,0.2434108527131783,97,645,,,,,0.6071475657865495,,,,2.7118216522210465,4.0,0.6071475657865495,4.0,0.7511777944270789,0.3861035901105597,0.5368125121178827,0.13313713741019623,2.164442459645695,0.7014258465191001,0.6071475657865495,False,LogReg,race_aware
0.5,0.5,Other vs Caucasian,race,False,0.23315363881401618,False,fpr,z (pooled),0.07352941176470588,0.17037037037037037,68,405,-0.09684095860566448,-0.16887609386847774,-0.02480582334285121,-2.0340859985513773,0.04194292541034205,0.8984372774353692,False,0.15741388893161773,,,,,,,,,,,0.0838858508206841,False,LogReg,race_aware
0.5,0.5,Other vs Caucasian,race,False,0.23315363881401618,False,fnr,z (pooled),0.6206896551724138,0.6333333333333333,29,240,-0.012643678160919491,-0.1994685167671987,0.17418116044535972,-0.13335586917957393,0.8939119448986531,0.3477215871522246,False,0.16997792349468857,,,,,,,,,,,1.0,False,LogReg,race_aware
0.5,0.5,Other vs Caucasian,race,False,0.23315363881401618,False,equalized_odds,Hurlin LR given Y,,,97,645,,,,,0.08793602257948292,,,,4.8622914901011285,2.0,0.08793602257948292,,,,,,,,0.17587204515896585,False,LogReg,race_aware
0.5,0.5,Female vs Male,sex,False,0.37041036717062636,False,statistical_parity,z (pooled),0.18888888888888888,0.41420911528150134,360,1492,-0.22532022639261245,-0.2728553248900323,-0.17778512789519263,-7.94593483356136,1.9273173007554972e-15,0.9999999999996452,False,0.265232924907603,68.45369109762828,1.0,1.2989237664601652e-16,,,,,,,,5.781951902266492e-15,True,LogReg,race_aware
0.5,0.5,Female vs Male,sex,False,0.37041036717062636,False,conditional_statistical_parity,Hurlin LR over proxy strata,0.18888888888888888,0.41420911528150134,360,1492,,,,,2.5570025406835887e-16,,,,88.46397226083131,7.0,2.5570025406835887e-16,7.0,67.50049939547108,2.220446049250313e-16,0.035375645379767964,0.011485554483986736,0.10895741148412665,0.1375293921049111,1.0228010162734355e-15,True,LogReg,race_aware
0.5,0.5,Female vs Male,sex,False,0.37041036717062636,False,fpr,z (pooled),0.08583690987124463,0.25644329896907214,233,776,-0.1706063890978275,-0.21791012556830908,-0.12330265262734591,-5.540055205138246,3.023763107225789e-08,0.999999657123685,False,0.21034149052499299,,,,,,,,,,,1.2095052428903157e-07,True,LogReg,race_aware
0.5,0.5,Female vs Male,sex,False,0.37041036717062636,False,fnr,z (pooled),0.6220472440944882,0.41480446927374304,127,716,0.20724277482074516,0.11551643832361819,0.2989691113178721,4.330112648358383,1.4903308352897384e-05,0.9995925735014798,False,0.2843068318769104,,,,,,,,,,,4.470992505869215e-05,True,LogReg,race_aware
0.5,0.5,Female vs Male,sex,False,0.37041036717062636,False,equalized_odds,Hurlin LR given Y,,,360,1492,,,,,1.5443415493665355e-12,,,,54.392846956119655,2.0,1.5443415493665355e-12,,,,,,,,4.6330246480996065e-12,True,LogReg,race_aware
0.5,0.5,African-American vs Caucasian,race,True,0.47095565271705186,False,statistical_parity,z (pooled),0.5669456066945606,0.32868217054263565,956,645,0.23826343615192497,0.19029788238572098,0.28622898991812895,9.367732743576031,7.410726117167058e-21,0.9999999999999875,False,0.27854073267148854,89.06276769710291,1.0,3.82482232144925e-21,,,,,,,,2.964290446866823e-20,True,COMPAS tool,race_aware
0.5,0.5,African-American vs Caucasian,race,True,0.47095565271705186,False,conditional_statistical_parity,Hurlin LR over proxy strata,0.5669456066945606,0.32868217054263565,956,645,,,,,0.00822781244660881,,,,34.06809286446338,17.0,0.00822781244660881,17.0,13.88041356903653,0.0001948181965668594,1.5622945926956275,1.2315556009547228,1.9818548122990751,0.23618016419233268,0.02468343733982643,True,COMPAS tool,race_aware
0.5,0.5,African-American vs Caucasian,race,True,0.47095565271705186,False,fpr,z (pooled),0.41123595505617977,0.2271604938271605,445,405,0.18407546122901927,0.12279499885923678,0.24535592359880176,5.729445702873658,1.0075933388056714e-08,0.9999899586863982,False,0.23555989024203858,,,,,,,,,,,4.0303733552226855e-08,True,COMPAS tool,race_aware
0.5,0.5,African-American vs Caucasian,race,True,0.47095565271705186,False,fnr,z (pooled),0.2974559686888454,0.5,511,240,-0.20254403131115462,-0.27719322905089705,-0.12789483357141218,-5.385217896019942,7.235693820816036e-08,0.999965919867837,False,0.2652691938424293,,,,,,,,,,,2.8942775283264145e-07,True,COMPAS tool,race_aware
0.5,0.5,African-American vs Caucasian,race,True,0.47095565271705186,False,equalized_odds,Hurlin LR given Y,,,956,645,,,,,3.720189568194828e-14,,,,61.84483335147561,2.0,3.720189568194828e-14,,,,,,,,1.4880758272779312e-13,True,COMPAS tool,race_aware
0.5,0.5,Hispanic vs Caucasian,race,False,0.32061068702290074,False,statistical_parity,z (pooled),0.28368794326241137,0.32868217054263565,141,645,-0.044994227280224286,-0.12776164253593297,0.037773187975484415,-1.0370186943914437,0.2997271448387754,0.45283563485212064,False,0.1145370051116396,1.0940174724160556,1.0,0.2955827780413967,,,,,,,,0.2997271448387754,False,COMPAS tool,race_aware
0.5,0.5,Hispanic vs Caucasian,race,False,0.32061068702290074,False,conditional_statistical_parity,Hurlin LR over proxy strata,0.28368794326241137,0.32868217054263565,141,645,,,,,0.03615192948558324,,,,27.50989756943182,16.0,0.03615192948558324,16.0,2.9104301264244143,0.08800840010187183,0.6562188571895637,0.409139263676587,1.0525100540621115,0.1957015394870414,0.07230385897116648,False,COMPAS tool,race_aware
0.5,0.5,Hispanic vs Caucasian,race,False,0.32061068702290074,False,fpr,z (pooled),0.19753086419753085,0.2271604938271605,81,405,-0.029629629629629645,-0.1254560654989727,0.0661968062397134,-0.5855400437691203,0.558184649422657,0.3385629760003365,False,0.11020393222239322,,,,,,,,,,,0.558184649422657,False,COMPAS tool,race_aware
0.5,0.5,Hispanic vs Caucasian,race,False,0.32061068702290074,False,fnr,z (pooled),0.6,0.5,60,240,0.09999999999999998,-0.039166644306982634,0.2391666443069826,1.3867504905630725,0.16551785869747004,0.7590643298938962,False,0.2171565374385403,,,,,,,,,,,0.49655357609241013,False,COMPAS tool,race_aware
0.5,0.5,Hispanic vs Caucasian,race,False,0.32061068702290074,False,equalized_odds,Hurlin LR given Y,,,141,645,,,,,0.3187412499310523,,,,2.2867512681659816,2.0,0.3187412499310523,,,,,,,,0.6374824998621046,False,COMPAS tool,race_aware
0.5,0.5,Other vs Caucasian,race,False,0.3140161725067385,False,statistical_parity,z (pooled),0.21649484536082475,0.32868217054263565,97,645,-0.1121873251818109,-0.20180726282774816,-0.022567387535873645,-2.2195995031133258,0.026445966043069168,0.9128811294940676,False,0.18749302159551884,5.224301173136791,1.0,0.022273394548677702,,,,,,,,0.052891932086138335,False,COMPAS tool,race_aware
0.5,0.5,Other vs Caucasian,race,False,0.3140161725067385,False,conditional_statistical_parity,Hurlin LR over proxy strata,0.21649484536082475,0.32868217054263565,97,645,,,,,0.0019875449049847533,,,,34.10984330143288,14.0,0.0019875449049847533,14.0,8.625071438125712,0.003315674367564081,0.41793457196708816,0.2311060509092226,0.7557972011469424,0.09703115296307863,0.007950179619939013,True,COMPAS tool,race_aware
0.5,0.5,Other vs Caucasian,race,False,0.3140161725067385,False,fpr,z (pooled),0.1323529411764706,0.2271604938271605,68,405,-0.09480755265068991,-0.18509868047851463,-0.00451642482286517,-1.765319495433813,0.07751008481781702,0.8343854279578325,False,0.17073158853974213,,,,,,,,,,,0.23253025445345105,False,COMPAS tool,race_aware
0.5,0.5,Other vs Caucasian,race,False,0.3140161725067385,False,fnr,z (pooled),0.5862068965517241,0.5,29,240,0.08620689655172409,-0.10388024107938987,0.27629403418283804,0.8771533399764889,0.3804033559075931,0.6453984673215193,False,0.24628848190170566,,,,,,,,,,,0.7608067118151862,False,COMPAS tool,race_aware
0.5,0.5,Other vs Caucasian,race,False,0.3140161725067385,False,equalized_odds,Hurlin LR given Y,,,97,645,,,,,0.12267097773945625,,,,4.196498970967482,2.0,0.12267097773945625,,,,,,,,0.36801293321836875,False,COMPAS tool,race_aware
0.5,0.5,Female vs Male,sex,False,0.44168466522678185,False,statistical_parity,z (pooled),0.38333333333333336,0.45576407506702415,360,1492,-0.0724307417336908,-0.12865419988009558,-0.016207283587286,-2.483946082068815,0.012993548000704895,0.7828254427759378,False,0.11963859457088322,6.225757505634824,1.0,0.012590503335432861,,,,,,,,0.038980644002114685,True,COMPAS tool,race_aware
0.5,0.5,Female vs Male,sex,False,0.44168466522678185,False,conditional_statistical_parity,Hurlin LR over proxy strata,0.38333333333333336,0.45576407506702415,360,1492,,,,,0.23894476114599345,,,,20.72260216453229,17.0,0.23894476114599345,17.0,0.20984292231875032,0.6468905477257435,1.0674043549291563,0.808286898254713,1.4095886737516903,0.3008475631206837,0.23894476114599345,False,COMPAS tool,race_aware
0.5,0.5,Female vs Male,sex,False,0.44168466522678185,False,fpr,z (pooled),0.26609442060085836,0.3079896907216495,233,776,-0.04189527012079114,-0.10727707725633838,0.0234865370147561,-1.2257997332526163,0.22027404761667813,0.4040440284623144,False,0.09681593668681418,,,,,,,,,,,0.44054809523335625,False,COMPAS tool,race_aware
0.5,0.5,Female vs Male,sex,False,0.44168466522678185,False,fnr,z (pooled),0.4015748031496063,0.3840782122905028,127,716,0.01749659085910349,-0.07490523107350133,0.10989841279170831,0.3731397564627252,0.7090444305913325,0.2453683002956358,False,0.0951281582959096,,,,,,,,,,,0.7608067118151862,False,COMPAS tool,race_aware
0.5,0.5,Female vs Male,sex,False,0.44168466522678185,False,equalized_odds,Hurlin LR given Y,,,360,1492,,,,,0.43498029270485716,,,,1.6649091060929608,2.0,0.43498029270485716,,,,,,,,0.6374824998621046,False,COMPAS tool,race_aware
break_even,0.2523364485981308,African-American vs Caucasian,race,True,0.47095565271705186,False,statistical_parity,z (pooled),0.5669456066945606,0.32868217054263565,956,645,0.23826343615192497,0.19029788238572098,0.28622898991812895,9.367732743576031,7.410726117167058e-21,0.9999999999999875,False,0.27854073267148854,89.06276769710291,1.0,3.82482232144925e-21,,,,,,,,2.964290446866823e-20,True,COMPAS tool,race_aware
break_even,0.2523364485981308,African-American vs Caucasian,race,True,0.47095565271705186,False,conditional_statistical_parity,Hurlin LR over proxy strata,0.5669456066945606,0.32868217054263565,956,645,,,,,0.00822781244660881,,,,34.06809286446338,17.0,0.00822781244660881,17.0,13.88041356903653,0.0001948181965668594,1.5622945926956275,1.2315556009547228,1.9818548122990751,0.23618016419233268,0.02468343733982643,True,COMPAS tool,race_aware
break_even,0.2523364485981308,African-American vs Caucasian,race,True,0.47095565271705186,False,fpr,z (pooled),0.41123595505617977,0.2271604938271605,445,405,0.18407546122901927,0.12279499885923678,0.24535592359880176,5.729445702873658,1.0075933388056714e-08,0.9999899586863982,False,0.23555989024203858,,,,,,,,,,,4.0303733552226855e-08,True,COMPAS tool,race_aware
break_even,0.2523364485981308,African-American vs Caucasian,race,True,0.47095565271705186,False,fnr,z (pooled),0.2974559686888454,0.5,511,240,-0.20254403131115462,-0.27719322905089705,-0.12789483357141218,-5.385217896019942,7.235693820816036e-08,0.999965919867837,False,0.2652691938424293,,,,,,,,,,,2.8942775283264145e-07,True,COMPAS tool,race_aware
break_even,0.2523364485981308,African-American vs Caucasian,race,True,0.47095565271705186,False,equalized_odds,Hurlin LR given Y,,,956,645,,,,,3.720189568194828e-14,,,,61.84483335147561,2.0,3.720189568194828e-14,,,,,,,,1.4880758272779312e-13,True,COMPAS tool,race_aware
break_even,0.2523364485981308,Hispanic vs Caucasian,race,False,0.32061068702290074,False,statistical_parity,z (pooled),0.28368794326241137,0.32868217054263565,141,645,-0.044994227280224286,-0.12776164253593297,0.037773187975484415,-1.0370186943914437,0.2997271448387754,0.45283563485212064,False,0.1145370051116396,1.0940174724160556,1.0,0.2955827780413967,,,,,,,,0.2997271448387754,False,COMPAS tool,race_aware
break_even,0.2523364485981308,Hispanic vs Caucasian,race,False,0.32061068702290074,False,conditional_statistical_parity,Hurlin LR over proxy strata,0.28368794326241137,0.32868217054263565,141,645,,,,,0.03615192948558324,,,,27.50989756943182,16.0,0.03615192948558324,16.0,2.9104301264244143,0.08800840010187183,0.6562188571895637,0.409139263676587,1.0525100540621115,0.1957015394870414,0.07230385897116648,False,COMPAS tool,race_aware
break_even,0.2523364485981308,Hispanic vs Caucasian,race,False,0.32061068702290074,False,fpr,z (pooled),0.19753086419753085,0.2271604938271605,81,405,-0.029629629629629645,-0.1254560654989727,0.0661968062397134,-0.5855400437691203,0.558184649422657,0.3385629760003365,False,0.11020393222239322,,,,,,,,,,,0.558184649422657,False,COMPAS tool,race_aware
break_even,0.2523364485981308,Hispanic vs Caucasian,race,False,0.32061068702290074,False,fnr,z (pooled),0.6,0.5,60,240,0.09999999999999998,-0.039166644306982634,0.2391666443069826,1.3867504905630725,0.16551785869747004,0.7590643298938962,False,0.2171565374385403,,,,,,,,,,,0.49655357609241013,False,COMPAS tool,race_aware
break_even,0.2523364485981308,Hispanic vs Caucasian,race,False,0.32061068702290074,False,equalized_odds,Hurlin LR given Y,,,141,645,,,,,0.3187412499310523,,,,2.2867512681659816,2.0,0.3187412499310523,,,,,,,,0.6374824998621046,False,COMPAS tool,race_aware
break_even,0.2523364485981308,Other vs Caucasian,race,False,0.3140161725067385,False,statistical_parity,z (pooled),0.21649484536082475,0.32868217054263565,97,645,-0.1121873251818109,-0.20180726282774816,-0.022567387535873645,-2.2195995031133258,0.026445966043069168,0.9128811294940676,False,0.18749302159551884,5.224301173136791,1.0,0.022273394548677702,,,,,,,,0.052891932086138335,False,COMPAS tool,race_aware
break_even,0.2523364485981308,Other vs Caucasian,race,False,0.3140161725067385,False,conditional_statistical_parity,Hurlin LR over proxy strata,0.21649484536082475,0.32868217054263565,97,645,,,,,0.0019875449049847533,,,,34.10984330143288,14.0,0.0019875449049847533,14.0,8.625071438125712,0.003315674367564081,0.41793457196708816,0.2311060509092226,0.7557972011469424,0.09703115296307863,0.007950179619939013,True,COMPAS tool,race_aware
break_even,0.2523364485981308,Other vs Caucasian,race,False,0.3140161725067385,False,fpr,z (pooled),0.1323529411764706,0.2271604938271605,68,405,-0.09480755265068991,-0.18509868047851463,-0.00451642482286517,-1.765319495433813,0.07751008481781702,0.8343854279578325,False,0.17073158853974213,,,,,,,,,,,0.23253025445345105,False,COMPAS tool,race_aware
break_even,0.2523364485981308,Other vs Caucasian,race,False,0.3140161725067385,False,fnr,z (pooled),0.5862068965517241,0.5,29,240,0.08620689655172409,-0.10388024107938987,0.27629403418283804,0.8771533399764889,0.3804033559075931,0.6453984673215193,False,0.24628848190170566,,,,,,,,,,,0.7608067118151862,False,COMPAS tool,race_aware
break_even,0.2523364485981308,Other vs Caucasian,race,False,0.3140161725067385,False,equalized_odds,Hurlin LR given Y,,,97,645,,,,,0.12267097773945625,,,,4.196498970967482,2.0,0.12267097773945625,,,,,,,,0.36801293321836875,False,COMPAS tool,race_aware
break_even,0.2523364485981308,Female vs Male,sex,False,0.44168466522678185,False,statistical_parity,z (pooled),0.38333333333333336,0.45576407506702415,360,1492,-0.0724307417336908,-0.12865419988009558,-0.016207283587286,-2.483946082068815,0.012993548000704895,0.7828254427759378,False,0.11963859457088322,6.225757505634824,1.0,0.012590503335432861,,,,,,,,0.038980644002114685,True,COMPAS tool,race_aware
break_even,0.2523364485981308,Female vs Male,sex,False,0.44168466522678185,False,conditional_statistical_parity,Hurlin LR over proxy strata,0.38333333333333336,0.45576407506702415,360,1492,,,,,0.23894476114599345,,,,20.72260216453229,17.0,0.23894476114599345,17.0,0.20984292231875032,0.6468905477257435,1.0674043549291563,0.808286898254713,1.4095886737516903,0.3008475631206837,0.23894476114599345,False,COMPAS tool,race_aware
break_even,0.2523364485981308,Female vs Male,sex,False,0.44168466522678185,False,fpr,z (pooled),0.26609442060085836,0.3079896907216495,233,776,-0.04189527012079114,-0.10727707725633838,0.0234865370147561,-1.2257997332526163,0.22027404761667813,0.4040440284623144,False,0.09681593668681418,,,,,,,,,,,0.44054809523335625,False,COMPAS tool,race_aware
break_even,0.2523364485981308,Female vs Male,sex,False,0.44168466522678185,False,fnr,z (pooled),0.4015748031496063,0.3840782122905028,127,716,0.01749659085910349,-0.07490523107350133,0.10989841279170831,0.3731397564627252,0.7090444305913325,0.2453683002956358,False,0.0951281582959096,,,,,,,,,,,0.7608067118151862,False,COMPAS tool,race_aware
break_even,0.2523364485981308,Female vs Male,sex,False,0.44168466522678185,False,equalized_odds,Hurlin LR given Y,,,360,1492,,,,,0.43498029270485716,,,,1.6649091060929608,2.0,0.43498029270485716,,,,,,,,0.6374824998621046,False,COMPAS tool,race_aware
0.5,0.5,African-American vs Caucasian,race,True,0.4028732042473454,False,statistical_parity,z (pooled),0.5062761506276151,0.2496124031007752,956,645,0.2566637475268399,0.210620774694541,0.3027067203591388,10.269757696777894,9.644659132244706e-25,1.0,False,0.2953266279440647,108.6493194949893,1.0,1.9369456564691662e-25,,,,,,,,3.8578636528978825e-24,True,XGBoost,race_aware
0.5,0.5,African-American vs Caucasian,race,True,0.4028732042473454,False,conditional_statistical_parity,Hurlin LR over proxy strata,0.5062761506276151,0.2496124031007752,956,645,,,,,0.5162769758707904,,,,5.217166189692185,6.0,0.5162769758707904,6.0,1.6601401189481209,0.1975844063436103,1.364730391084377,0.8468245304499815,2.1993801234827672,0.5976543247000573,1.0,False,XGBoost,race_aware
0.5,0.5,African-American vs Caucasian,race,True,0.4028732042473454,False,fpr,z (pooled),0.30786516853932583,0.17037037037037037,445,405,0.13749479816895546,0.08110233228056496,0.19388726405734596,4.6722567909973485,2.97908173669708e-06,0.9987845587620685,False,0.18487260497107244,,,,,,,,,,,1.0293057287245807e-05,True,XGBoost,race_aware
0.5,0.5,African-American vs Caucasian,race,True,0.4028732042473454,False,fnr,z (pooled),0.32093933463796476,0.6166666666666667,511,240,-0.29572733202870194,-0.36936162799177225,-0.22209303606563163,-7.668632883405005,1.738392045586669e-14,0.9999999999432959,False,0.35759970737910185,,,,,,,,,,,6.953568182346676e-14,True,XGBoost,race_aware
0.5,0.5,African-American vs Caucasian,race,True,0.4028732042473454,False,equalized_odds,Hurlin LR given Y,,,956,645,,,,,2.8056645427209372e-18,,,,80.82978249870352,2.0,2.8056645427209372e-18,,,,,,,,1.1222658170883749e-17,True,XGBoost,race_aware
0.5,0.5,Hispanic vs Caucasian,race,False,0.2506361323155216,False,statistical_parity,z (pooled),0.2553191489361702,0.2496124031007752,141,645,0.0057067458353949885,-0.07363781025686826,0.08505130192765824,0.14164408939522857,0.887361139703613,0.13711721334986687,False,0.07237357141414776,0.019998809802374895,1.0,0.8875404081101328,,,,,,,,0.887361139703613,False,XGBoost,race_aware
0.5,0.5,Hispanic vs Caucasian,race,False,0.2506361323155216,False,conditional_statistical_parity,Hurlin LR over proxy strata,0.2553191489361702,0.2496124031007752,141,645,,,,,0.14665980342856536,,,,9.51415534161667,6.0,0.14665980342856536,6.0,0.07351890136712713,0.7862805189038287,1.1290383806178856,0.45412530133862167,2.806995472726916,0.11313533218620919,0.4399794102856961,False,XGBoost,race_aware
0.5,0.5,Hispanic vs Caucasian,race,False,0.2506361323155216,False,fpr,z (pooled),0.1111111111111111,0.17037037037037037,81,405,-0.05925925925925926,-0.136877906590742,0.018359388072223495,-1.3263770271305018,0.18471484428518448,0.5923833205655532,False,0.12452380051231349,,,,,,,,,,,0.18471484428518448,False,XGBoost,race_aware
0.5,0.5,Hispanic vs Caucasian,race,False,0.2506361323155216,False,fnr,z (pooled),0.55,0.6166666666666667,60,240,-0.06666666666666665,-0.20677261489311136,0.07343928155977805,-0.9441431492477262,0.34509650202661457,0.5920985123099902,False,0.1846139510212847,,,,,,,,,,,0.6901930040532291,False,XGBoost,race_aware
0.5,0.5,Hispanic vs Caucasian,race,False,0.2506361323155216,False,equalized_odds,Hurlin LR given Y,,,141,645,,,,,0.24869912697101368,,,,2.7830228770976166,2.0,0.24869912697101368,,,,,,,,0.3771346040010804,False,XGBoost,race_aware
0.5,0.5,Other vs Caucasian,race,False,0.2398921832884097,False,statistical_parity,z (pooled),0.17525773195876287,0.2496124031007752,97,645,-0.07435467114201233,-0.15705784582055776,0.008348503536533103,-1.5989186974354406,0.10983866894256075,0.7180019047434318,False,0.14384836114431437,2.71520924282604,1.0,0.09939593631752985,,,,,,,,0.2196773378851215,False,XGBoost,race_aware
0.5,0.5,Other vs Caucasian,race,False,0.2398921832884097,False,conditional_statistical_parity,Hurlin LR over proxy strata,0.17525773195876287,0.2496124031007752,97,645,,,,,0.7203127925110065,,,,2.8680959956824195,5.0,0.7203127925110065,5.0,0.3615605590099516,0.5476408158547411,0.6904990242542515,0.2082839773819793,2.289129046262034,0.7495892720494608,1.0,False,XGBoost,race_aware
0.5,0.5,Other vs Caucasian,race,False,0.2398921832884097,False,fpr,z (pooled),0.08823529411764706,0.17037037037037037,68,405,-0.0821350762527233,-0.15885168150375745,-0.005418471001689171,-1.7158093703758943,0.08619693857507199,0.7939664483399418,False,0.14664456273818072,,,,,,,,,,,0.17239387715014398,False,XGBoost,race_aware
0.5,0.5,Other vs Caucasian,race,False,0.2398921832884097,False,fnr,z (pooled),0.6206896551724138,0.6166666666666667,29,240,0.004022988505747116,-0.18298025294657932,0.19102622995807356,0.04209755714733647,0.9664209275602988,0.3151426589468842,False,0.1615074755170021,,,,,,,,,,,0.9664209275602988,False,XGBoost,race_aware
0.5,0.5,Other vs Caucasian,race,False,0.2398921832884097,False,equalized_odds,Hurlin LR given Y,,,97,645,,,,,0.1885673020005402,,,,3.3366005920538924,2.0,0.1885673020005402,,,,,,,,0.3771346040010804,False,XGBoost,race_aware
0.5,0.5,Female vs Male,sex,False,0.37688984881209503,False,statistical_parity,z (pooled),0.21666666666666667,0.4155495978552279,360,1492,-0.1988829311885612,-0.24824254778626903,-0.14952331459085338,-6.98912888848061,2.765982320750349e-12,0.9999999979902332,False,0.24032758068658988,52.081603229618,1.0,5.324140582135491e-13,,,,,,,,8.297946962251048e-12,True,XGBoost,race_aware
0.5,0.5,Female vs Male,sex,False,0.37688984881209503,False,conditional_statistical_parity,Hurlin LR over proxy strata,0.21666666666666667,0.4155495978552279,360,1492,,,,,1.496650505619267e-19,,,,101.07549060435406,6.0,1.496650505619267e-19,6.0,28.995966024118278,7.252917733069353e-08,0.34472965907135644,0.20878378876640752,0.5691942777052156,3.774758283725532e-15,5.986602022477068e-19,True,XGBoost,race_aware
0.5,0.5,Female vs Male,sex,False,0.37688984881209503,False,fpr,z (pooled),0.1072961373390558,0.25257731958762886,233,776,-0.14528118224857306,-0.1954181388137132,-0.09514422568343292,-4.70223710342283,2.5732643218114517e-06,0.9998968182231384,False,0.18739618632670552,,,,,,,,,,,1.0293057287245807e-05,True,XGBoost,race_aware
0.5,0.5,Female vs Male,sex,False,0.37688984881209503,False,fnr,z (pooled),0.5826771653543307,0.40782122905027934,127,716,0.17485593630405133,0.08184587089939098,0.26786600170871167,3.6639775820417464,0.0002483285296462998,0.9956658890099072,False,0.252998520657313,,,,,,,,,,,0.0007449855889388995,True,XGBoost,race_aware
0.5,0.5,Female vs Male,sex,False,0.37688984881209503,False,equalized_odds,Hurlin LR given Y,,,360,1492,,,,,5.1109461080361395e-09,,,,38.18376260304994,2.0,5.1109461080361395e-09,,,,,,,,1.533283832410842e-08,True,XGBoost,race_aware
0.5,0.5,African-American vs Caucasian,race,True,0.40037476577139286,False,statistical_parity,z (pooled),0.5,0.2527131782945736,956,645,0.24728682170542637,0.20114243526006834,0.2934312081507844,9.904688255027882,3.972068745412088e-23,0.9999999999999999,False,0.2860348604465645,100.93935258698951,1.0,9.484338597999948e-24,,,,,,,,1.5888274981648352e-22,True,TabPFN,race_aware
0.5,0.5,African-American vs Caucasian,race,True,0.40037476577139286,False,conditional_statistical_parity,Hurlin LR over proxy strata,0.5,0.2527131782945736,956,645,,,,,0.0549171851257468,,,,12.334102382938362,6.0,0.0549171851257468,6.0,0.12190421247653528,0.7269783244083857,1.089179594740128,0.6696941089981521,1.7714239585785918,0.05085269363410361,0.1647515553772404,False,TabPFN,race_aware
0.5,0.5,African-American vs Caucasian,race,True,0.40037476577139286,False,fpr,z (pooled),0.298876404494382,0.17530864197530865,445,405,0.12356776251907337,0.06717411488484551,0.17996141015330122,4.212993800772718,2.5200798249897432e-05,0.9946322421132926,False,0.17094656215817822,,,,,,,,,,,7.56023947496923e-05,True,TabPFN,race_aware
0.5,0.5,African-American vs Caucasian,race,True,0.40037476577139286,False,fnr,z (pooled),0.324853228962818,0.6166666666666667,511,240,-0.2918134377038487,-0.36551846687826506,-0.21810840852943233,-7.560243504591582,4.023154826748916e-14,0.9999999998866046,False,0.3537452477476195,,,,,,,,,,,1.6092619306995664e-13,True,TabPFN,race_aware
0.5,0.5,African-American vs Caucasian,race,True,0.40037476577139286,False,equalized_odds,Hurlin LR given Y,,,956,645,,,,,5.137327895275465e-17,,,,75.01482700268124,2.0,5.137327895275465e-17,,,,,,,,2.054931158110186e-16,True,TabPFN,race_aware
0.5,0.5,Hispanic vs Caucasian,race,False,0.25190839694656486,False,statistical_parity,z (pooled),0.24822695035460993,0.2527131782945736,141,645,-0.0044862279399636995,-0.08328231435178904,0.07430985847186164,-0.11116312940292182,0.9114869888487515,0.12896845206441185,False,0.07069221872018952,0.012388725501864206,1.0,0.911374766763355,,,,,,,,0.9114869888487515,False,TabPFN,race_aware
0.5,0.5,Hispanic vs Caucasian,race,False,0.25190839694656486,False,conditional_statistical_parity,Hurlin LR over proxy strata,0.24822695035460993,0.2527131782945736,141,645,,,,,0.09063395913888465,,,,10.927790424717216,6.0,0.09063395913888465,6.0,0.09450324774048666,0.7585284214394641,0.8764746767143872,0.35588817277422224,2.158565295759198,0.03475356356014769,0.1812679182777693,False,TabPFN,race_aware
0.5,0.5,Hispanic vs Caucasian,race,False,0.25190839694656486,False,fpr,z (pooled),0.1111111111111111,0.17530864197530865,81,405,-0.06419753086419755,-0.1420133567310562,0.013618295002661082,-1.4223237768203045,0.15493227950433916,0.6395993242815687,False,0.1296278668985148,,,,,,,,,,,0.15493227950433916,False,TabPFN,race_aware
0.5,0.5,Hispanic vs Caucasian,race,False,0.25190839694656486,False,fnr,z (pooled),0.5666666666666667,0.6166666666666667,60,240,-0.050000000000000044,-0.18966096450830564,0.08966096450830555,-0.7091452203638621,0.47823436342978864,0.5000000000000002,False,0.1675726776958651,,,,,,,,,,,0.9564687268595773,False,TabPFN,race_aware
0.5,0.5,Hispanic vs Caucasian,race,False,0.25190839694656486,False,equalized_odds,Hurlin LR given Y,,,141,645,,,,,0.2600096888681802,,,,2.694072767566623,2.0,0.2600096888681802,,,,,,,,0.31654845470153964,False,TabPFN,race_aware
0.5,0.5,Other vs Caucasian,race,False,0.24258760107816713,False,statistical_parity,z (pooled),0.17525773195876287,0.2527131782945736,97,645,-0.07745544633581075,-0.16021416717820994,0.005303274506588435,-1.659262995089043,0.09706280854798997,0.7421252456367586,False,0.14699581057893452,2.929099416720913,1.0,0.08699600906898464,,,,,,,,0.19412561709597995,False,TabPFN,race_aware
0.5,0.5,Other vs Caucasian,race,False,0.24258760107816713,False,conditional_statistical_parity,Hurlin LR over proxy strata,0.17525773195876287,0.2527131782945736,97,645,,,,,0.637655234830936,,,,2.53906102818355,4.0,0.637655234830936,4.0,0.5036287010211743,0.47791002701351537,0.6436632283245052,0.18849004263121916,2.198006566891742,0.6569703859102529,0.637655234830936,False,TabPFN,race_aware
0.5,0.5,Other vs Caucasian,race,False,0.24258760107816713,False,fpr,z (pooled),0.08823529411764706,0.17530864197530865,68,405,-0.08707334785766159,-0.16398944411205535,-0.010157251603267817,-1.7997195138803561,0.07190493825441277,0.8273510995322024,False,0.15175058240943512,,,,,,,,,,,0.14380987650882554,False,TabPFN,race_aware
0.5,0.5,Other vs Caucasian,race,False,0.24258760107816713,False,fnr,z (pooled),0.6206896551724138,0.6166666666666667,29,240,0.004022988505747116,-0.18298025294657932,0.19102622995807356,0.04209755714733647,0.9664209275602988,0.3151426589468842,False,0.1615074755170021,,,,,,,,,,,0.9664209275602988,False,TabPFN,race_aware
0.5,0.5,Other vs Caucasian,race,False,0.24258760107816713,False,equalized_odds,Hurlin LR given Y,,,97,645,,,,,0.15827422735076982,,,,3.686852268504508,2.0,0.15827422735076982,,,,,,,,0.31654845470153964,False,TabPFN,race_aware
0.5,0.5,Female vs Male,sex,False,0.3747300215982721,False,statistical_parity,z (pooled),0.19444444444444445,0.41823056300268097,360,1492,-0.22378611855823652,-0.27172230121717045,-0.17584993589930262,-7.873272481822266,3.4548307365972824e-15,0.9999999999991485,False,0.2640355861496289,66.97629765216482,1.0,2.7479120948584497e-16,,,,,,,,1.0364492209791848e-14,True,TabPFN,race_aware
0.5,0.5,Female vs Male,sex,False,0.3747300215982721,False,conditional_statistical_parity,Hurlin LR over proxy strata,0.19444444444444445,0.41823056300268097,360,1492,,,,,4.892151026297314e-19,,,,101.66238722857243,7.0,4.892151026297314e-19,7.0,58.16553409648163,2.4091839634365897e-14,0.1615414344137426,0.08545018030238333,0.305390052310067,6.116627725427648e-07,1.9568604105189255e-18,True,TabPFN,race_aware
0.5,0.5,Female vs Male,sex,False,0.3747300215982721,False,fpr,z (pooled),0.09012875536480687,0.25644329896907214,233,776,-0.16631454360426529,-0.21423063365552955,-0.11839845355300102,-5.391812616479021,6.975048317338708e-08,0.9999988782398609,False,0.20656402155762488,,,,,,,,,,,2.790019326935483e-07,True,TabPFN,race_aware
0.5,0.5,Female vs Male,sex,False,0.3747300215982721,False,fnr,z (pooled),0.6141732283464567,0.4064245810055866,127,716,0.20774864734087012,0.11575982082238459,0.2997374738593557,4.349186284553702,1.3664360451334228e-05,0.9995943028777065,False,0.28503323589055346,,,,,,,,,,,4.099308135400268e-05,True,TabPFN,race_aware
0.5,0.5,Female vs Male,sex,False,0.3747300215982721,False,equalized_odds,Hurlin LR given Y,,,360,1492,,,,,4.225148393698135e-12,,,,52.379933465934826,2.0,4.225148393698135e-12,,,,,,,,1.2675445181094405e-11,True,TabPFN,race_aware
0.5,0.5,African-American vs Caucasian,race,True,0.39725171767645223,False,statistical_parity,z (pooled),0.5010460251046025,0.2434108527131783,956,645,0.2576351723914242,0.21179431613020372,0.30347602865264467,10.332785350317875,5.008473162402239e-25,1.0,False,0.2961283329070604,110.14772606095099,1.0,9.095369938512459e-26,,,,,,,,2.0033892649608954e-24,True,LogReg,race_blind
0.5,0.5,African-American vs Caucasian,race,True,0.39725171767645223,False,conditional_statistical_parity,Hurlin LR over proxy strata,0.5010460251046025,0.2434108527131783,956,645,,,,,0.452684231331658,,,,4.7069192199559575,5.0,0.452684231331658,5.0,1.7774566719265277,0.1824619428526072,1.4195300877363644,0.8437270806242969,2.3882908540731056,0.5535973147602364,0.905368462663316,False,LogReg,race_blind
0.5,0.5,African-American vs Caucasian,race,True,0.39725171767645223,False,fpr,z (pooled),0.298876404494382,0.17037037037037037,445,405,0.12850603412401165,0.07238478011342059,0.18462728813460272,4.396198696545125,1.1016309868253528e-05,0.9968797676596928,False,0.17565598382241104,,,,,,,,,,,3.3048929604760586e-05,True,LogReg,race_blind
0.5,0.5,African-American vs Caucasian,race,True,0.39725171767645223,False,fnr,z (pooled),0.32289628180039137,0.6333333333333333,511,240,-0.31043705153294193,-0.3836528778946788,-0.23722122517120509,-8.032210722058831,9.5731760418505e-16,0.9999999999965627,False,0.3719578012188631,,,,,,,,,,,3.8292704167402e-15,True,LogReg,race_blind
0.5,0.5,African-American vs Caucasian,race,True,0.39725171767645223,False,equalized_odds,Hurlin LR given Y,,,956,645,,,,,5.376867617683365e-19,,,,84.1340215789393,2.0,5.376867617683365e-19,,,,,,,,2.150747047073346e-18,True,LogReg,race_blind
0.5,0.5,Hispanic vs Caucasian,race,False,0.24681933842239187,False,statistical_parity,z (pooled),0.2624113475177305,0.2434108527131783,141,645,0.01900049480455218,-0.06081190290993872,0.09881289251904309,0.47402787311207617,0.6354800309555007,0.2233656194058973,False,0.08606040993303113,0.22231007540717318,1.0,0.637285366059664,,,,,,,,0.6354800309555007,False,LogReg,race_blind
0.5,0.5,Hispanic vs Caucasian,race,False,0.24681933842239187,False,conditional_statistical_parity,Hurlin LR over proxy strata,0.2624113475177305,0.2434108527131783,141,645,,,,,0.08143121931204307,,,,9.789268993108974,5.0,0.08143121931204307,5.0,1.2009719892971031,0.27312749547467385,1.708452283878025,0.623683198686409,4.679954843156888,0.06386171963526732,0.24429365793612923,False,LogReg,race_blind
0.5,0.5,Hispanic vs Caucasian,race,False,0.24681933842239187,False,fpr,z (pooled),0.12345679012345678,0.17037037037037037,81,405,-0.04691358024691358,-0.12736738145084756,0.03354022095702039,-1.0446624469312988,0.2961790068480633,0.4700475498509812,False,0.11456202051430037,,,,,,,,,,,0.2961790068480633,False,LogReg,race_blind
0.5,0.5,Hispanic vs Caucasian,race,False,0.24681933842239187,False,fnr,z (pooled),0.55,0.6333333333333333,60,240,-0.08333333333333326,-0.22320107348457893,0.056534406817912414,-1.1874787399915179,0.23503883761725541,0.6796149359942998,False,0.2010800837638979,,,,,,,,,,,0.47007767523451083,False,LogReg,race_blind
0.5,0.5,Hispanic vs Caucasian,race,False,0.24681933842239187,False,equalized_odds,Hurlin LR given Y,,,141,645,,,,,0.2797805125014309,,,,2.5474997342680092,2.0,0.2797805125014309,,,,,,,,0.2797805125014309,False,LogReg,race_blind
0.5,0.5,Other vs Caucasian,race,False,0.23315363881401618,False,statistical_parity,z (pooled),0.16494845360824742,0.2434108527131783,97,645,-0.07846239910493089,-0.15940504979518433,0.002480251585322571,-1.7039234329454414,0.08839539257876546,0.7545417276733011,False,0.14647675885468195,3.1052337928421174,1.0,0.07804102563797737,,,,,,,,0.1767907851575309,False,LogReg,race_blind
0.5,0.5,Other vs Caucasian,race,False,0.23315363881401618,False,conditional_statistical_parity,Hurlin LR over proxy strata,0.16494845360824742,0.2434108527131783,97,645,,,,,0.6071475657865495,,,,2.7118216522210465,4.0,0.6071475657865495,4.0,0.7511777944270789,0.3861035901105597,0.5368125121178827,0.13313713741019623,2.164442459645695,0.7014258465191001,0.905368462663316,False,LogReg,race_blind
0.5,0.5,Other vs Caucasian,race,False,0.23315363881401618,False,fpr,z (pooled),0.07352941176470588,0.17037037037037037,68,405,-0.09684095860566448,-0.16887609386847774,-0.02480582334285121,-2.0340859985513773,0.04194292541034205,0.8984372774353692,False,0.15741388893161773,,,,,,,,,,,0.0838858508206841,False,LogReg,race_blind
0.5,0.5,Other vs Caucasian,race,False,0.23315363881401618,False,fnr,z (pooled),0.6206896551724138,0.6333333333333333,29,240,-0.012643678160919491,-0.1994685167671987,0.17418116044535972,-0.13335586917957393,0.8939119448986531,0.3477215871522246,False,0.16997792349468857,,,,,,,,,,,0.8939119448986531,False,LogReg,race_blind
0.5,0.5,Other vs Caucasian,race,False,0.23315363881401618,False,equalized_odds,Hurlin LR given Y,,,97,645,,,,,0.08793602257948292,,,,4.8622914901011285,2.0,0.08793602257948292,,,,,,,,0.17587204515896585,False,LogReg,race_blind
0.5,0.5,Female vs Male,sex,False,0.3720302375809935,False,statistical_parity,z (pooled),0.19166666666666668,0.4155495978552279,360,1492,-0.2238829311885612,-0.27161692361454925,-0.17614893876257315,-7.888195563897036,3.0658706406491234e-15,0.9999999999993306,False,0.26396263037586204,67.34385445926058,1.0,2.280517889683732e-16,,,,,,,,9.19761192194737e-15,True,LogReg,race_blind
0.5,0.5,Female vs Male,sex,False,0.3720302375809935,False,conditional_statistical_parity,Hurlin LR over proxy strata,0.19166666666666668,0.4155495978552279,360,1492,,,,,8.090409170809219e-19,,,,94.37306883777477,5.0,8.090409170809219e-19,5.0,66.31804305520394,3.3306690738754696e-16,0.03458548281624645,0.010161244822982633,0.11771742955424347,0.004149188881175436,3.2361636683236874e-18,True,LogReg,race_blind
0.5,0.5,Female vs Male,sex,False,0.3720302375809935,False,fpr,z (pooled),0.09012875536480687,0.25257731958762886,233,776,-0.162448564222822,-0.21026650413767115,-0.11463062430797286,-5.292706650594012,1.205191608988202e-07,0.9999977178369078,False,0.20261559613879557,,,,,,,,,,,4.820766435952808e-07,True,LogReg,race_blind
0.5,0.5,Female vs Male,sex,False,0.3720302375809935,False,fnr,z (pooled),0.6220472440944882,0.40782122905027934,127,716,0.21422601504420885,0.12253591056965978,0.3059161195187579,4.482150284035994,7.38946743028797e-06,0.9997644666628202,False,0.29125963169730307,,,,,,,,,,,2.216840229086391e-05,True,LogReg,race_blind
0.5,0.5,Female vs Male,sex,False,0.3720302375809935,False,equalized_odds,Hurlin LR given Y,,,360,1492,,,,,4.3829870866480884e-12,,,,52.30658128146422,2.0,4.3829870866480884e-12,,,,,,,,1.3148961259944266e-11,True,LogReg,race_blind
0.5,0.5,African-American vs Caucasian,race,True,0.39912554653341664,False,statistical_parity,z (pooled),0.5010460251046025,0.24806201550387597,956,645,0.25298400960072653,0.20698976109200407,0.298978258109449,10.138170151932057,3.740401928010369e-24,1.0,False,0.29160597557259815,105.8968645306636,1.0,7.767442253449679e-25,,,,,,,,1.4961607712041476e-23,True,XGBoost,race_blind
0.5,0.5,African-American vs Caucasian,race,True,0.39912554653341664,False,conditional_statistical_parity,Hurlin LR over proxy strata,0.5010460251046025,0.24806201550387597,956,645,,,,,0.19512712487019682,,,,8.635685614076587,6.0,0.19512712487019682,6.0,1.0322268305770683,0.30963622249950395,1.2723395933044601,0.7972084590069818,2.030645839742628,0.15172821203762088,0.39993802075476736,False,XGBoost,race_blind
0.5,0.5,African-American vs Caucasian,race,True,0.39912554653341664,False,fpr,z (pooled),0.30786516853932583,0.17037037037037037,445,405,0.13749479816895546,0.08110233228056496,0.19388726405734596,4.6722567909973485,2.97908173669708e-06,0.9987845587620685,False,0.18487260497107244,,,,,,,,,,,1.0293057287245807e-05,True,XGBoost,race_blind
0.5,0.5,African-American vs Caucasian,race,True,0.39912554653341664,False,fnr,z (pooled),0.33072407045009783,0.6208333333333333,511,240,-0.2901092628832355,-0.3638099603747753,-0.21640856539169573,-7.503089498582202,6.233096271437865e-14,0.9999999998500594,False,0.35203743316233777,,,,,,,,,,,2.493238508575146e-13,True,XGBoost,race_blind
0.5,0.5,African-American vs Caucasian,race,True,0.39912554653341664,False,equalized_odds,Hurlin LR given Y,,,956,645,,,,,9.323781354721846e-18,,,,78.42792680544758,2.0,9.323781354721846e-18,,,,,,,,3.7295125418887384e-17,True,XGBoost,race_blind
0.5,0.5,Hispanic vs Caucasian,race,False,0.24936386768447838,False,statistical_parity,z (pooled),0.2553191489361702,0.24806201550387597,141,645,0.007257133432294227,-0.0720581882096069,0.08657245507419535,0.18043124815498476,0.8568140243927992,0.14559639187105736,False,0.07389939566229102,0.03242217154018778,1.0,0.8571042265818194,,,,,,,,0.8568140243927992,False,XGBoost,race_blind
0.5,0.5,Hispanic vs Caucasian,race,False,0.24936386768447838,False,conditional_statistical_parity,Hurlin LR over proxy strata,0.2553191489361702,0.24806201550387597,141,645,,,,,0.13331267358492246,,,,9.80041159275675,6.0,0.13331267358492246,6.0,0.09998387615999653,0.751848984139875,1.1511903131124595,0.464956998109121,2.850240220909507,0.10381555761287709,0.39993802075476736,False,XGBoost,race_blind
0.5,0.5,Hispanic vs Caucasian,race,False,0.24936386768447838,False,fpr,z (pooled),0.1111111111111111,0.17037037037037037,81,405,-0.05925925925925926,-0.136877906590742,0.018359388072223495,-1.3263770271305018,0.18471484428518448,0.5923833205655532,False,0.12452380051231349,,,,,,,,,,,0.18471484428518448,False,XGBoost,race_blind
0.5,0.5,Hispanic vs Caucasian,race,False,0.24936386768447838,False,fnr,z (pooled),0.55,0.6208333333333333,60,240,-0.0708333333333333,-0.21088274382832675,0.06921607716166014,-1.00462239551547,0.31507870913797265,0.6145864363564986,False,0.18873302176520387,,,,,,,,,,,0.6301574182759453,False,XGBoost,race_blind
0.5,0.5,Hispanic vs Caucasian,race,False,0.24936386768447838,False,equalized_odds,Hurlin LR given Y,,,141,645,,,,,0.2347072898503907,,,,2.898832232632248,2.0,0.2347072898503907,,,,,,,,0.37746885575115646,False,XGBoost,race_blind
0.5,0.5,Other vs Caucasian,race,False,0.238544474393531,False,statistical_parity,z (pooled),0.17525773195876287,0.24806201550387597,97,645,-0.07280428354511309,-0.15547941141069258,0.009870844320466393,-1.5686055684953473,0.11673987413214626,0.7055328401538523,False,0.14227440641672898,2.6109171674918024,1.0,0.10613036549272865,,,,,,,,0.23347974826429252,False,XGBoost,race_blind
0.5,0.5,Other vs Caucasian,race,False,0.238544474393531,False,conditional_statistical_parity,Hurlin LR over proxy strata,0.17525773195876287,0.24806201550387597,97,645,,,,,0.7391578530804493,,,,2.7454559614172482,5.0,0.7391578530804493,5.0,0.31311155500496146,0.5757770580150363,0.7078296625922378,0.21388786994315753,2.3424555650518752,0.7597589450022437,0.7391578530804493,False,XGBoost,race_blind
0.5,0.5,Other vs Caucasian,race,False,0.238544474393531,False,fpr,z (pooled),0.08823529411764706,0.17037037037037037,68,405,-0.0821350762527233,-0.15885168150375745,-0.005418471001689171,-1.7158093703758943,0.08619693857507199,0.7939664483399418,False,0.14664456273818072,,,,,,,,,,,0.17239387715014398,False,XGBoost,race_blind
0.5,0.5,Other vs Caucasian,race,False,0.238544474393531,False,fnr,z (pooled),0.6206896551724138,0.6208333333333333,29,240,-0.0001436781609195359,-0.18710456435169764,0.18681720802985857,-0.0015063059748135342,0.9987981421733453,0.3008228536817149,False,0.15759249575497422,,,,,,,,,,,0.9987981421733453,False,XGBoost,race_blind
0.5,0.5,Other vs Caucasian,race,False,0.238544474393531,False,equalized_odds,Hurlin LR given Y,,,97,645,,,,,0.18873442787557823,,,,3.334828791155728,2.0,0.18873442787557823,,,,,,,,0.37746885575115646,False,XGBoost,race_blind
0.5,0.5,Female vs Male,sex,False,0.37365010799136067,False,statistical_parity,z (pooled),0.2,0.4155495978552279,360,1492,-0.21554959785522787,-0.2638468922908917,-0.16725230341956404,-7.58789527356948,3.2514353012917147e-14,0.9999999999877945,False,0.256102271833699,61.98848555507533,1.0,3.454714976451672e-15,,,,,,,,9.754305903875144e-14,True,XGBoost,race_blind
0.5,0.5,Female vs Male,sex,False,0.37365010799136067,False,conditional_statistical_parity,Hurlin LR over proxy strata,0.2,0.4155495978552279,360,1492,,,,,1.1750802692132598e-24,,,,125.43339642211252,6.0,1.1750802692132598e-24,6.0,47.05648544516114,6.89703849587886e-12,0.26882951964518215,0.16198307420222371,0.44615346997573685,3.3306690738754696e-16,4.700321076853039e-24,True,XGBoost,race_blind
0.5,0.5,Female vs Male,sex,False,0.37365010799136067,False,fpr,z (pooled),0.1072961373390558,0.25257731958762886,233,776,-0.14528118224857306,-0.1954181388137132,-0.09514422568343292,-4.70223710342283,2.5732643218114517e-06,0.9998968182231384,False,0.18739618632670552,,,,,,,,,,,1.0293057287245807e-05,True,XGBoost,race_blind
0.5,0.5,Female vs Male,sex,False,0.37365010799136067,False,fnr,z (pooled),0.6299212598425197,0.40782122905027934,127,716,0.22210003079224033,0.13073776458048608,0.3134622970039946,4.645568349865578,3.3914146193834404e-06,0.9998815785664718,False,0.29885821350178005,,,,,,,,,,,1.0174243858150322e-05,True,XGBoost,race_blind
0.5,0.5,Female vs Male,sex,False,0.37365010799136067,False,equalized_odds,Hurlin LR given Y,,,360,1492,,,,,8.51036536440873e-11,,,,46.37430229546559,2.0,8.51036536440873e-11,,,,,,,,2.553109609322619e-10,True,XGBoost,race_blind
0.5,0.5,African-American vs Caucasian,race,True,0.40037476577139286,False,statistical_parity,z (pooled),0.5031380753138075,0.24806201550387597,956,645,0.25507605980993153,0.20908219366853545,0.30106992595132764,10.216674048032292,1.6697174782691783e-24,1.0,False,0.2936977047030086,107.55636341437696,1.0,3.362067479266025e-25,,,,,,,,6.678869913076713e-24,True,TabPFN,race_blind
0.5,0.5,African-American vs Caucasian,race,True,0.40037476577139286,False,conditional_statistical_parity,Hurlin LR over proxy strata,0.5031380753138075,0.24806201550387597,956,645,,,,,0.07594726845292787,,,,11.430540255813328,6.0,0.07594726845292787,6.0,0.9559851513252255,0.3282004931752517,1.2877902443118907,0.7728335468407822,2.145874386695769,0.08918958750491512,0.15189453690585575,False,TabPFN,race_blind
0.5,0.5,African-American vs Caucasian,race,True,0.40037476577139286,False,fpr,z (pooled),0.30337078651685395,0.17037037037037037,445,405,0.13300041614648359,0.07674184300333489,0.18925898928963228,4.534596380984377,5.7713743443321695e-06,0.9980346470035062,False,0.1802657337265682,,,,,,,,,,,1.7314123032996508e-05,True,TabPFN,race_blind
0.5,0.5,African-American vs Caucasian,race,True,0.40037476577139286,False,fnr,z (pooled),0.32289628180039137,0.6208333333333333,511,240,-0.297937051532942,-0.37149933721528605,-0.22437476585059787,-7.71889285275153,1.1734449183575015e-14,0.9999999999625433,False,0.35974891911233786,,,,,,,,,,,4.693779673430006e-14,True,TabPFN,race_blind
0.5,0.5,African-American vs Caucasian,race,True,0.40037476577139286,False,equalized_odds,Hurlin LR given Y,,,956,645,,,,,3.5659559988990445e-18,,,,80.35019898718329,2.0,3.5659559988990445e-18,,,,,,,,1.4263823995596178e-17,True,TabPFN,race_blind
0.5,0.5,Hispanic vs Caucasian,race,False,0.24936386768447838,False,statistical_parity,z (pooled),0.2553191489361702,0.24806201550387597,141,645,0.007257133432294227,-0.0720581882096069,0.08657245507419535,0.18043124815498476,0.8568140243927992,0.14559639187105736,False,0.07389939566229102,0.03242217154018778,1.0,0.8571042265818194,,,,,,,,0.8568140243927992,False,TabPFN,race_blind
0.5,0.5,Hispanic vs Caucasian,race,False,0.24936386768447838,False,conditional_statistical_parity,Hurlin LR over proxy strata,0.2553191489361702,0.24806201550387597,141,645,,,,,0.04913046689943345,,,,12.639563352177746,6.0,0.04913046689943345,6.0,0.2392420943079281,0.6247540508036311,1.2479187113473578,0.4793817987879641,3.2485611970838755,0.010389116082539895,0.14739140069830034,False,TabPFN,race_blind
0.5,0.5,Hispanic vs Caucasian,race,False,0.24936386768447838,False,fpr,z (pooled),0.1111111111111111,0.17037037037037037,81,405,-0.05925925925925926,-0.136877906590742,0.018359388072223495,-1.3263770271305018,0.18471484428518448,0.5923833205655532,False,0.12452380051231349,,,,,,,,,,,0.18471484428518448,False,TabPFN,race_blind
0.5,0.5,Hispanic vs Caucasian,race,False,0.24936386768447838,False,fnr,z (pooled),0.55,0.6208333333333333,60,240,-0.0708333333333333,-0.21088274382832675,0.06921607716166014,-1.00462239551547,0.31507870913797265,0.6145864363564986,False,0.18873302176520387,,,,,,,,,,,0.6301574182759453,False,TabPFN,race_blind
0.5,0.5,Hispanic vs Caucasian,race,False,0.24936386768447838,False,equalized_odds,Hurlin LR given Y,,,141,645,,,,,0.2347072898503907,,,,2.898832232632248,2.0,0.2347072898503907,,,,,,,,0.2347072898503907,False,TabPFN,race_blind
0.5,0.5,Other vs Caucasian,race,False,0.2371967654986523,False,statistical_parity,z (pooled),0.16494845360824742,0.24806201550387597,97,645,-0.08311356189562855,-0.1641431829849847,-0.0020839408062724024,-1.7942172275244674,0.07277850346620632,0.7882937107228705,False,0.15120100099182684,3.4522228375486055,1.0,0.06316676586017304,,,,,,,,0.14555700693241264,False,TabPFN,race_blind
0.5,0.5,Other vs Caucasian,race,False,0.2371967654986523,False,conditional_statistical_parity,Hurlin LR over proxy strata,0.16494845360824742,0.24806201550387597,97,645,,,,,0.5858987781170495,,,,2.8344616864862173,4.0,0.5858987781170495,4.0,0.838041938355806,0.3599573785257594,0.5189460236346215,0.12810062217153356,2.1022924860237717,0.6979934655440575,0.5858987781170495,False,TabPFN,race_blind
0.5,0.5,Other vs Caucasian,race,False,0.2371967654986523,False,fpr,z (pooled),0.07352941176470588,0.17037037037037037,68,405,-0.09684095860566448,-0.16887609386847774,-0.02480582334285121,-2.0340859985513773,0.04194292541034205,0.8984372774353692,False,0.15741388893161773,,,,,,,,,,,0.0838858508206841,False,TabPFN,race_blind
0.5,0.5,Other vs Caucasian,race,False,0.2371967654986523,False,fnr,z (pooled),0.6206896551724138,0.6208333333333333,29,240,-0.0001436781609195359,-0.18710456435169764,0.18681720802985857,-0.0015063059748135342,0.9987981421733453,0.3008228536817149,False,0.15759249575497422,,,,,,,,,,,0.9987981421733453,False,TabPFN,race_blind
0.5,0.5,Other vs Caucasian,race,False,0.2371967654986523,False,equalized_odds,Hurlin LR given Y,,,97,645,,,,,0.08871844931426597,,,,4.844574829032575,2.0,0.08871844931426597,,,,,,,,0.17743689862853193,False,TabPFN,race_blind
0.5,0.5,Female vs Male,sex,False,0.3741900647948164,False,statistical_parity,z (pooled),0.18611111111111112,0.4195710455764075,360,1492,-0.2334599344652964,-0.28082400063689816,-0.18609586829369462,-8.21599520473809,2.104118683663492e-16,0.9999999999999751,False,0.2732290262166013,73.33057787157628,1.0,1.096558815158767e-17,,,,,,,,6.312356050990476e-16,True,TabPFN,race_blind
0.5,0.5,Female vs Male,sex,False,0.3741900647948164,False,conditional_statistical_parity,Hurlin LR over proxy strata,0.18611111111111112,0.4195710455764075,360,1492,,,,,2.225943678261117e-20,,,,105.0375767012102,6.0,2.225943678261117e-20,6.0,77.35516538208009,0.0,0.03927380955952728,0.014456589177820993,0.10669405475562552,0.00780127214526638,8.903774713044468e-20,True,TabPFN,race_blind
0.5,0.5,Female vs Male,sex,False,0.3741900647948164,False,fpr,z (pooled),0.08583690987124463,0.2551546391752577,233,776,-0.16931772930401306,-0.21658852179633872,-0.1220469368116874,-5.5073205023819245,3.643365893100777e-08,0.9999995590671542,False,0.20902515781544057,,,,,,,,,,,1.4573463572403108e-07,True,TabPFN,race_blind
0.5,0.5,Female vs Male,sex,False,0.3741900647948164,False,fnr,z (pooled),0.6299212598425197,0.4022346368715084,127,716,0.22768662297101128,0.1363555193264686,0.31901772661555394,4.768029794023907,1.8603627644232544e-06,0.9999263851531952,False,0.3044186243901025,,,,,,,,,,,5.581088293269763e-06,True,TabPFN,race_blind
0.5,0.5,Female vs Male,sex,False,0.3741900647948164,False,equalized_odds,Hurlin LR given Y,,,360,1492,,,,,2.709841967698484e-13,,,,57.87343178046749,2.0,2.709841967698484e-13,,,,,,,,8.129525903095453e-13,True,TabPFN,race_blind
0.5,0.5,African-American vs Caucasian,race,True,0.4241099312929419,False,statistical_parity,z (pooled),0.48221757322175735,0.33798449612403103,956,645,0.14423307709772631,0.09590192916613435,0.19256422502931828,5.727551339034352,1.0189060793637011e-08,0.9999311152133863,False,0.18481736777140573,33.144302390787686,1.0,8.556673632296286e-09,,,,,,,,3.056718238091103e-08,True,LogReg,race_priors_blind
0.5,0.5,African-American vs Caucasian,race,True,0.4241099312929419,False,conditional_statistical_parity,Hurlin LR over proxy strata,0.48221757322175735,0.33798449612403103,956,645,,,,,0.7123772445128203,,,,3.7358077393577944,6.0,0.7123772445128203,6.0,0.004666935936123282,0.9455349029125939,0.986242680414017,0.6654310492512827,1.4617211291307202,0.6945777340402206,1.0,False,LogReg,race_priors_blind
0.5,0.5,African-American vs Caucasian,race,True,0.4241099312929419,False,fpr,z (pooled),0.4314606741573034,0.3012345679012346,445,405,0.13022610625606879,0.06608479606302521,0.19436741644911237,3.92887142512703,8.534545321706987e-05,0.9927858382409095,False,0.18411406016067516,,,,,,,,,,,0.0002560363596512096,True,LogReg,race_priors_blind
0.5,0.5,African-American vs Caucasian,race,True,0.4241099312929419,False,fnr,z (pooled),0.4735812133072407,0.6,511,240,-0.1264187866927593,-0.20202034042509978,-0.05081723296041882,-3.232269563457837,0.0012281114366006454,0.9760301511060222,False,0.18994418132608032,,,,,,,,,,,0.0036843343098019363,True,LogReg,race_priors_blind
0.5,0.5,African-American vs Caucasian,race,True,0.4241099312929419,False,equalized_odds,Hurlin LR given Y,,,956,645,,,,,2.2167266134674713e-06,,,,26.038957897321517,2.0,2.2167266134674713e-06,,,,,,,,6.650179840402414e-06,True,LogReg,race_priors_blind
0.5,0.5,Hispanic vs Caucasian,race,False,0.3435114503816794,False,statistical_parity,z (pooled),0.36879432624113473,0.33798449612403103,141,645,0.030809830117103698,-0.05679548871998333,0.11841514895419072,0.6978840254218683,0.48524972536093103,0.3338986525034495,False,0.1044175077993863,0.4828553275051677,1.0,0.4871318093620276,,,,,,,,0.8015313746533241,False,LogReg,race_priors_blind
0.5,0.5,Hispanic vs Caucasian,race,False,0.3435114503816794,False,conditional_statistical_parity,Hurlin LR over proxy strata,0.36879432624113473,0.33798449612403103,141,645,,,,,0.13863594778244634,,,,8.336574714742188,5.0,0.13863594778244634,5.0,1.0557959034595532,0.30417600417333246,1.5513801957370381,0.6639967705439996,3.624687074536918,0.1943862624122581,0.415907843347339,False,LogReg,race_priors_blind
0.5,0.5,Hispanic vs Caucasian,race,False,0.3435114503816794,False,fpr,z (pooled),0.2716049382716049,0.3012345679012346,81,405,-0.029629629629629672,-0.13630192007202577,0.07704266081276642,-0.5331139899831839,0.5939546753269139,0.3541803558970094,False,0.11932351556406968,,,,,,,,,,,1.0,False,LogReg,race_priors_blind
0.5,0.5,Hispanic vs Caucasian,race,False,0.3435114503816794,False,fnr,z (pooled),0.5,0.6,60,240,-0.09999999999999998,-0.24088128775764714,0.04088128775764718,-1.4037248126871924,0.16040081075525148,0.7563918811366206,False,0.21859999891324838,,,,,,,,,,,0.16040081075525148,False,LogReg,race_priors_blind
0.5,0.5,Hispanic vs Caucasian,race,False,0.3435114503816794,False,equalized_odds,Hurlin LR given Y,,,141,645,,,,,0.3262758494965003,,,,2.2400241826215126,2.0,0.3262758494965003,,,,,,,,0.3262758494965003,False,LogReg,race_priors_blind
0.5,0.5,Other vs Caucasian,race,False,0.3436657681940701,False,statistical_parity,z (pooled),0.38144329896907214,0.33798449612403103,97,645,0.04345880284504111,-0.0598689721454644,0.1467865778355466,0.840254534692759,0.40076568732666207,0.4506443443460927,False,0.13028289867603926,0.6964421265628502,1.0,0.40398177994499784,,,,,,,,0.8015313746533241,False,LogReg,race_priors_blind
0.5,0.5,Other vs Caucasian,race,False,0.3436657681940701,False,conditional_statistical_parity,Hurlin LR over proxy strata,0.38144329896907214,0.33798449612403103,97,645,,,,,0.943438024677436,,,,1.2149198381271606,5.0,0.943438024677436,5.0,0.0001158475830890234,0.9914123336057219,1.0044995419807785,0.4461779089603236,2.2614730796304863,0.8995659342176567,1.0,False,LogReg,race_priors_blind
0.5,0.5,Other vs Caucasian,race,False,0.3436657681940701,False,fpr,z (pooled),0.29411764705882354,0.3012345679012346,68,405,-0.007116920842411056,-0.12427061728538004,0.11003677560055793,-0.1184803980778999,0.9056870257593831,0.2367329832265022,False,0.10562916304446303,,,,,,,,,,,1.0,False,LogReg,race_priors_blind
0.5,0.5,Other vs Caucasian,race,False,0.3436657681940701,False,fnr,z (pooled),0.41379310344827586,0.6,29,240,-0.18620689655172412,-0.3758725473918129,0.003458754288364674,-1.919000115221379,0.05498431926576975,0.919783704771433,False,0.34593352746053607,,,,,,,,,,,0.1099686385315395,False,LogReg,race_priors_blind
0.5,0.5,Other vs Caucasian,race,False,0.3436657681940701,False,equalized_odds,Hurlin LR given Y,,,97,645,,,,,0.1618363491803097,,,,3.642339289161617,2.0,0.1618363491803097,,,,,,,,0.3236726983606194,False,LogReg,race_priors_blind
0.5,0.5,Female vs Male,sex,False,0.4168466522678186,False,statistical_parity,z (pooled),0.0,0.517426273458445,360,1492,-0.517426273458445,-0.5427816319159213,-0.4920709150009687,-17.872450479672526,1.933129571765948e-71,1.0,False,0.5387158218099163,449.41743796367894,1.0,9.658226364335858e-100,,,,,,,,7.732518287063792e-71,True,LogReg,race_priors_blind
0.5,0.5,Female vs Male,sex,False,0.4168466522678186,False,conditional_statistical_parity,Hurlin LR over proxy strata,0.0,0.517426273458445,360,1492,,,,,7.470116547443697e-179,,,,843.1026023793461,6.0,7.470116547443697e-179,6.0,892.5989661804447,0.0,0.0,,,,2.9880466189774787e-178,True,LogReg,race_priors_blind
0.5,0.5,Female vs Male,sex,False,0.4168466522678186,False,fpr,z (pooled),0.0,0.46005154639175255,233,776,-0.46005154639175255,-0.4951183861395542,-0.4249847066439509,-12.879618321259443,5.862475851558796e-38,1.0,False,0.4895076641971305,,,,,,,,,,,2.3449903406235184e-37,True,LogReg,race_priors_blind
0.5,0.5,Female vs Male,sex,False,0.4168466522678186,False,fnr,z (pooled),1.0,0.420391061452514,127,716,0.5796089385474861,0.5434524826560042,0.6157653944389679,12.040965179456315,2.1640872692572305e-33,1.0,False,0.6099858541224056,,,,,,,,,,,8.656349077028922e-33,True,LogReg,race_priors_blind
0.5,0.5,Female vs Male,sex,False,0.4168466522678186,False,equalized_odds,Hurlin LR given Y,,,360,1492,,,,,4.3930109451054634e-95,,,,434.5311379559122,2.0,4.3930109451054634e-95,,,,,,,,1.7572043780421854e-94,True,LogReg,race_priors_blind
0.5,0.5,African-American vs Caucasian,race,True,0.18738288569643974,False,statistical_parity,z (pooled),0.20920502092050208,0.15503875968992248,956,645,0.054166261230579604,0.016153262688898343,0.09217925977226087,2.724169044884519,0.0064463502128206595,0.5850301114916274,False,0.0860862682698771,7.5533654946182835,1.0,0.0059898102334801475,,,,,,,,0.019339050638461978,True,XGBoost,race_priors_blind
0.5,0.5,African-American vs Caucasian,race,True,0.18738288569643974,False,conditional_statistical_parity,Hurlin LR over proxy strata,0.20920502092050208,0.15503875968992248,956,645,,,,,0.2807702458159513,,,,7.455458854256538,6.0,0.2807702458159513,6.0,0.03778923368118107,0.8458669718761255,0.9425607872130112,0.5205344724442402,1.7067473618412066,0.30086058015440975,0.5615404916319026,False,XGBoost,race_priors_blind
0.5,0.5,African-American vs Caucasian,race,True,0.18738288569643974,False,fpr,z (pooled),0.1707865168539326,0.11358024691358025,445,405,0.05720626994035234,0.010542831925500616,0.10386970795520406,2.3758280530858387,0.017509620090773607,0.6188955261516231,False,0.09641028977104651,,,,,,,,,,,0.05252886027232082,False,XGBoost,race_priors_blind
0.5,0.5,African-American vs Caucasian,race,True,0.18738288569643974,False,fnr,z (pooled),0.7573385518590998,0.775,511,240,-0.017661448140900204,-0.08225717874428215,0.04693428246248174,-0.5307317115009956,0.595604707676286,0.16340140867016562,False,0.07193902678346939,,,,,,,,,,,0.9898158088200342,False,XGBoost,race_priors_blind
0.5,0.5,African-American vs Caucasian,race,True,0.18738288569643974,False,equalized_odds,Hurlin LR given Y,,,956,645,,,,,0.05001007442861597,,,,5.991061610555535,2.0,0.05001007442861597,,,,,,,,0.15003022328584792,False,XGBoost,race_priors_blind
0.5,0.5,Hispanic vs Caucasian,race,False,0.16030534351145037,False,statistical_parity,z (pooled),0.18439716312056736,0.15503875968992248,141,645,0.029358403430644886,-0.040481623720998755,0.09919843058228853,0.8607477188429054,0.38937700512041407,0.28128403035177224,False,0.08803934057168693,0.7192200479472302,1.0,0.39639986677260985,,,,,,,,0.38937700512041407,False,XGBoost,race_priors_blind
0.5,0.5,Hispanic vs Caucasian,race,False,0.16030534351145037,False,conditional_statistical_parity,Hurlin LR over proxy strata,0.18439716312056736,0.15503875968992248,141,645,,,,,0.024471101104865226,,,,12.885970944719036,5.0,0.024471101104865226,5.0,0.004696379428264296,0.9453636320497258,0.9672421425409473,0.358882350435672,2.606863673210635,0.03344449318135201,0.07341330331459568,False,XGBoost,race_priors_blind
0.5,0.5,Hispanic vs Caucasian,race,False,0.16030534351145037,False,fpr,z (pooled),0.12345679012345678,0.11358024691358025,81,405,0.009876543209876534,-0.06814337500536119,0.08789646142511426,0.2541352348809061,0.7993910832262756,0.15698996428529075,False,0.07547848740728551,,,,,,,,,,,0.8582259446721334,False,XGBoost,race_priors_blind
0.5,0.5,Hispanic vs Caucasian,race,False,0.16030534351145037,False,fnr,z (pooled),0.7333333333333333,0.775,60,240,-0.04166666666666674,-0.16540578802616673,0.08207245469283324,-0.6825236327899363,0.4949079044100171,0.44753837999014523,False,0.14583564391230816,,,,,,,,,,,0.9898158088200342,False,XGBoost,race_priors_blind
0.5,0.5,Hispanic vs Caucasian,race,False,0.16030534351145037,False,equalized_odds,Hurlin LR given Y,,,141,645,,,,,0.7715302976296643,,,,0.5187586737621988,2.0,0.7715302976296643,,,,,,,,0.7715302976296643,False,XGBoost,race_priors_blind
0.5,0.5,Other vs Caucasian,race,False,0.16307277628032346,False,statistical_parity,z (pooled),0.21649484536082475,0.15503875968992248,97,645,0.06145608567090227,-0.025133806385690696,0.14804597772749523,1.527545260564475,0.126625481563535,0.6022654201207318,False,0.13421570027218666,2.184886056858252,1.0,0.13937137795649981,,,,,,,,0.25325096312707,False,XGBoost,race_priors_blind
0.5,0.5,Other vs Caucasian,race,False,0.16307277628032346,False,conditional_statistical_parity,Hurlin LR over proxy strata,0.21649484536082475,0.15503875968992248,97,645,,,,,0.7075267317682341,,,,2.1536312995814924,4.0,0.7075267317682341,4.0,0.41172256295034654,0.5210964928129056,0.6983628389489683,0.23774339761340488,2.051416189558837,0.6932393221566614,0.7075267317682341,False,XGBoost,race_priors_blind
0.5,0.5,Other vs Caucasian,race,False,0.16307277628032346,False,fpr,z (pooled),0.14705882352941177,0.11358024691358025,68,405,0.03347857661583152,-0.05619246401083455,0.1231496172424976,0.7907104573134791,0.4291129723360667,0.3590883779407461,False,0.10888119335720305,,,,,,,,,,,0.8582259446721334,False,XGBoost,race_priors_blind
0.5,0.5,Other vs Caucasian,race,False,0.16307277628032346,False,fnr,z (pooled),0.6206896551724138,0.775,29,240,-0.1543103448275862,-0.338640519093819,0.030019829438646534,-1.8335976324522336,0.06671374393516054,0.86581207072898,False,0.30954371249310564,,,,,,,,,,,0.2001412318054816,False,XGBoost,race_priors_blind
0.5,0.5,Other vs Caucasian,race,False,0.16307277628032346,False,equalized_odds,Hurlin LR given Y,,,97,645,,,,,0.15964234261835436,,,,3.669638649054394,2.0,0.15964234261835436,,,,,,,,0.3192846852367087,False,XGBoost,race_priors_blind
0.5,0.5,Female vs Male,sex,False,0.18844492440604751,False,statistical_parity,z (pooled),0.0,0.2339142091152815,360,1492,-0.2339142091152815,-0.25539403145565504,-0.21243438677490795,-10.186395944733082,2.280628558487664e-24,1.0,False,0.2519496755459111,169.40352796208222,1.0,9.987188327362436e-39,,,,,,,,9.122514233950656e-24,True,XGBoost,race_priors_blind
0.5,0.5,Female vs Male,sex,False,0.18844492440604751,False,conditional_statistical_parity,Hurlin LR over proxy strata,0.0,0.2339142091152815,360,1492,,,,,4.699970688723168e-79,,,,380.3397421529476,6.0,4.699970688723168e-79,6.0,393.5802063212621,0.0,0.0,,,,1.879988275489267e-78,True,XGBoost,race_priors_blind
0.5,0.5,Female vs Male,sex,False,0.18844492440604751,False,fpr,z (pooled),0.0,0.18427835051546393,233,776,-0.18427835051546393,-0.21155715812653197,-0.15699954290439588,-7.07296901794375,1.5165335648148801e-12,1.0,False,0.20719252745187386,,,,,,,,,,,6.0661342592595205e-12,True,XGBoost,race_priors_blind
0.5,0.5,Female vs Male,sex,False,0.18844492440604751,False,fnr,z (pooled),1.0,0.7122905027932961,127,716,0.2877094972067039,0.2545508155104489,0.32086817890295893,6.95381336947345,3.5554190512277873e-12,1.0,False,0.3155678270575582,,,,,,,,,,,1.422167620491115e-11,True,XGBoost,race_priors_blind
0.5,0.5,Female vs Male,sex,False,0.18844492440604751,False,equalized_odds,Hurlin LR given Y,,,360,1492,,,,,1.6965324104116137e-35,,,,160.12378369090317,2.0,1.6965324104116137e-35,,,,,,,,6.786129641646455e-35,True,XGBoost,race_priors_blind
0.5,0.5,African-American vs Caucasian,race,True,0.4778263585259213,False,statistical_parity,z (pooled),0.5397489539748954,0.386046511627907,956,645,0.15370244234698843,0.10461255984149898,0.2027923248524779,6.038810223952513,1.5525470801068587e-09,0.9999817628040508,False,0.1949238522658968,36.69708317520927,1.0,1.3798574360908255e-09,,,,,,,,4.657641240320576e-09,True,TabPFN,race_priors_blind
0.5,0.5,African-American vs Caucasian,race,True,0.4778263585259213,False,conditional_statistical_parity,Hurlin LR over proxy strata,0.5397489539748954,0.386046511627907,956,645,,,,,0.4608817441879458,,,,8.747705095649536,9.0,0.4608817441879458,9.0,0.052244881450524513,0.8192020614720052,1.0437435423808006,0.7249433229630515,1.5027389697292872,0.5157225887041383,0.9217634883758916,False,TabPFN,race_priors_blind
0.5,0.5,African-American vs Caucasian,race,True,0.4778263585259213,False,fpr,z (pooled),0.48089887640449436,0.3333333333333333,445,405,0.14756554307116104,0.08227565351525529,0.2128554326270668,4.367876637174015,1.254603201975655e-05,0.9982533946061949,False,0.2024184693403078,,,,,,,,,,,3.763809605926965e-05,True,TabPFN,race_priors_blind
0.5,0.5,African-American vs Caucasian,race,True,0.4778263585259213,False,fnr,z (pooled),0.4090019569471624,0.525,511,240,-0.11599804305283762,-0.19221253502139418,-0.03978355108428107,-2.982068622624171,0.0028630781599189906,0.9549660199603184,False,0.18003846867982487,,,,,,,,,,,0.008589234479756971,True,TabPFN,race_priors_blind
0.5,0.5,African-American vs Caucasian,race,True,0.4778263585259213,False,equalized_odds,Hurlin LR given Y,,,956,645,,,,,8.062988829133684e-07,,,,28.061622681408565,2.0,8.062988829133684e-07,,,,,,,,2.418896648740105e-06,True,TabPFN,race_priors_blind
0.5,0.5,Hispanic vs Caucasian,race,False,0.3905852417302799,False,statistical_parity,z (pooled),0.41134751773049644,0.386046511627907,141,645,0.02530100610258945,-0.06418964222596606,0.11479165443114496,0.557829571966667,0.5769607672669828,0.2943510395382644,False,0.10049277396769511,0.309718477919807,1.0,0.5778529899168985,,,,,,,,0.5769607672669828,False,TabPFN,race_priors_blind
0.5,0.5,Hispanic vs Caucasian,race,False,0.3905852417302799,False,conditional_statistical_parity,Hurlin LR over proxy strata,0.41134751773049644,0.386046511627907,141,645,,,,,0.04542427091714654,,,,15.794068810633831,8.0,0.04542427091714654,8.0,0.100796808653781,0.7508755197981759,1.1156345053311745,0.5625149931010627,2.2126349781790076,0.06613509943840223,0.13627281275143963,False,TabPFN,race_priors_blind
0.5,0.5,Hispanic vs Caucasian,race,False,0.3905852417302799,False,fpr,z (pooled),0.30864197530864196,0.3333333333333333,81,405,-0.024691358024691357,-0.1352695286819072,0.08588681263252448,-0.43168239858897856,0.6659722618408884,0.3269648709062493,False,0.1176694480669527,,,,,,,,,,,1.0,False,TabPFN,race_priors_blind
0.5,0.5,Hispanic vs Caucasian,race,False,0.3905852417302799,False,fnr,z (pooled),0.45,0.525,60,240,-0.07500000000000001,-0.2158457789258903,0.06584577892589027,-1.0394383930128557,0.29860089610270746,0.63591649563381,False,0.19357010603340036,,,,,,,,,,,0.29860089610270746,False,TabPFN,race_priors_blind
0.5,0.5,Hispanic vs Caucasian,race,False,0.3905852417302799,False,equalized_odds,Hurlin LR given Y,,,141,645,,,,,0.530132553375984,,,,1.2692564059930698,2.0,0.530132553375984,,,,,,,,0.530132553375984,False,TabPFN,race_priors_blind
0.5,0.5,Other vs Caucasian,race,False,0.3935309973045822,False,statistical_parity,z (pooled),0.44329896907216493,0.386046511627907,97,645,0.05725245744425794,-0.04850643795638611,0.16301135284490198,1.0761284845440882,0.2818697980624282,0.5534406789134669,False,0.14611937120572985,1.1454780831452727,1.0,0.2844977497036588,,,,,,,,0.5637395961248564,False,TabPFN,race_priors_blind
0.5,0.5,Other vs Caucasian,race,False,0.3935309973045822,False,conditional_statistical_parity,Hurlin LR over proxy strata,0.44329896907216493,0.386046511627907,97,645,,,,,0.8995443107295096,,,,2.838330407097993,7.0,0.8995443107295096,7.0,0.31698083721475095,0.573427725524742,0.8158119684468348,0.40430477597716985,1.6461570760635322,0.8884318461789364,0.9217634883758916,False,TabPFN,race_priors_blind
0.5,0.5,Other vs Caucasian,race,False,0.3935309973045822,False,fpr,z (pooled),0.3382352941176471,0.3333333333333333,68,405,0.004901960784313764,-0.11655804550777171,0.12636196707639924,0.07930463133121433,0.9367903226367224,0.23356912615036043,False,0.10703529435380509,,,,,,,,,,,1.0,False,TabPFN,race_priors_blind
0.5,0.5,Other vs Caucasian,race,False,0.3935309973045822,False,fnr,z (pooled),0.3103448275862069,0.525,29,240,-0.21465517241379312,-0.3944965687179063,-0.03481377610967995,-2.1837495789045795,0.028980654452327035,0.9630645404861572,False,0.36610832274627747,,,,,,,,,,,0.05796130890465407,False,TabPFN,race_priors_blind
0.5,0.5,Other vs Caucasian,race,False,0.3935309973045822,False,equalized_odds,Hurlin LR given Y,,,97,645,,,,,0.08709451056926144,,,,4.881522843145868,2.0,0.08709451056926144,,,,,,,,0.1741890211385229,False,TabPFN,race_priors_blind
0.5,0.5,Female vs Male,sex,False,0.4703023758099352,False,statistical_parity,z (pooled),0.0,0.5837801608579088,360,1492,-0.5837801608579088,-0.608792236528414,-0.5587680851874037,-19.918741881245587,2.799363085744532e-88,1.0,False,0.6047814728784401,534.6169822187251,1.0,2.7958086803414713e-118,,,,,,,,1.1197452342978127e-87,True,TabPFN,race_priors_blind
0.5,0.5,Female vs Male,sex,False,0.4703023758099352,False,conditional_statistical_parity,Hurlin LR over proxy strata,0.0,0.5837801608579088,360,1492,,,,,1.0938560494801368e-204,,,,977.7267487816833,9.0,1.0938560494801368e-204,9.0,1008.0714227017658,0.0,0.0,,,,4.375424197920547e-204,True,TabPFN,race_priors_blind
0.5,0.5,Female vs Male,sex,False,0.4703023758099352,False,fpr,z (pooled),0.0,0.5141752577319587,233,776,-0.5141752577319587,-0.549340420509545,-0.47901009495437247,-14.077132984406756,5.249671192306203e-45,1.0,False,0.543713966805017,,,,,,,,,,,2.099868476922481e-44,True,TabPFN,race_priors_blind
0.5,0.5,Female vs Male,sex,False,0.4703023758099352,False,fnr,z (pooled),1.0,0.3407821229050279,127,716,0.6592178770949721,0.6245006947854427,0.6939350594045016,13.792505986974007,2.8276393037764066e-43,1.0,False,0.6883855842170665,,,,,,,,,,,1.1310557215105626e-42,True,TabPFN,race_priors_blind
0.5,0.5,Female vs Male,sex,False,0.4703023758099352,False,equalized_odds,Hurlin LR given Y,,,360,1492,,,,,5.453818698707774e-113,,,,516.9915989327014,2.0,5.453818698707774e-113,,,,,,,,2.1815274794831096e-112,True,TabPFN,race_priors_blind
0.5,0.5,African-American vs Caucasian,race,True,0.3841349156777014,False,statistical_parity,z (pooled),0.5711297071129707,0.10697674418604651,956,645,0.4641529629269242,0.4247422478493209,0.5035636780045275,18.727921537839524,2.9313899142604785e-78,1.0,False,0.49724665063802276,388.0244051384152,1.0,2.2282782375121804e-86,,,,,,,,1.1725559657041914e-77,True,LogReg,priors_blind
0.5,0.5,African-American vs Caucasian,race,True,0.3841349156777014,False,conditional_statistical_parity,Hurlin LR over proxy strata,0.5711297071129707,0.10697674418604651,956,645,,,,,2.4615346697328773e-106,,,,516.1052275000726,8.0,2.4615346697328773e-106,8.0,423.1850740703458,0.0,inf,,,,9.84613867893151e-106,True,LogReg,priors_blind
0.5,0.5,African-American vs Caucasian,race,True,0.3841349156777014,False,fpr,z (pooled),0.503370786516854,0.08148148148148149,445,405,0.4218893050353725,0.3683364354878217,0.47544217458292326,13.375856093627256,8.368459188942239e-41,1.0,False,0.4668814412569803,,,,,,,,,,,3.3473836755768957e-40,True,LogReg,priors_blind
0.5,0.5,African-American vs Caucasian,race,True,0.3841349156777014,False,fnr,z (pooled),0.3698630136986301,0.85,511,240,-0.48013698630136986,-0.5417230545687296,-0.41855091803401007,-12.284667693757997,1.0949401357861284e-34,1.0,False,0.531885648828197,,,,,,,,,,,4.3797605431445136e-34,True,LogReg,priors_blind
0.5,0.5,African-American vs Caucasian,race,True,0.3841349156777014,False,equalized_odds,Hurlin LR given Y,,,956,645,,,,,8.927529982083542e-79,,,,359.4301651753048,2.0,8.927529982083542e-79,,,,,,,,3.571011992833417e-78,True,LogReg,priors_blind
0.5,0.5,Hispanic vs Caucasian,race,False,0.11323155216284987,False,statistical_parity,z (pooled),0.14184397163120568,0.10697674418604651,141,645,0.034867227445159174,-0.027464723092054735,0.09719917798237308,1.1836047762803523,0.23656954882405923,0.3171624428991073,False,0.0872397338791964,1.3300692656910416,1.0,0.2487928957213804,,,,,,,,0.3343670919248567,False,LogReg,priors_blind
0.5,0.5,Hispanic vs Caucasian,race,False,0.11323155216284987,False,conditional_statistical_parity,Hurlin LR over proxy strata,0.14184397163120568,0.10697674418604651,141,645,,,,,0.06625539228720007,,,,5.428476848827393,2.0,0.06625539228720007,2.0,1.4126327426216871,0.23461983423796584,3.0,0.40873541677828434,22.01913421386234,0.04427596051697513,0.13251078457440013,False,LogReg,priors_blind
0.5,0.5,Hispanic vs Caucasian,race,False,0.11323155216284987,False,fpr,z (pooled),0.08641975308641975,0.08148148148148149,81,405,0.00493827160493826,-0.061801425124333856,0.07167796833421038,0.14762696898972785,0.8826371701250396,0.09317342102608135,False,0.06105540118852978,,,,,,,,,,,1.0,False,LogReg,priors_blind
0.5,0.5,Hispanic vs Caucasian,race,False,0.11323155216284987,False,fnr,z (pooled),0.7833333333333333,0.85,60,240,-0.06666666666666665,-0.180276190000833,0.0469428566674997,-1.2494408864211488,0.2115038618792605,0.6130465405378012,False,0.16230810747423347,,,,,,,,,,,0.2115038618792605,False,LogReg,priors_blind
0.5,0.5,Hispanic vs Caucasian,race,False,0.11323155216284987,False,equalized_odds,Hurlin LR given Y,,,141,645,,,,,0.4732875296942577,,,,1.4961043799777158,2.0,0.4732875296942577,,,,,,,,0.4732875296942577,False,LogReg,priors_blind
0.5,0.5,Other vs Caucasian,race,False,0.11320754716981132,False,statistical_parity,z (pooled),0.15463917525773196,0.10697674418604651,97,645,0.047662431071685454,-0.028140362339595396,0.1234652244829663,1.3813103866563083,0.16718354596242835,0.47591060221280196,False,0.11135787985109794,1.7627118748879447,1.0,0.1842866199175566,,,,,,,,0.3343670919248567,False,LogReg,priors_blind
0.5,0.5,Other vs Caucasian,race,False,0.11320754716981132,False,conditional_statistical_parity,Hurlin LR over proxy strata,0.15463917525773196,0.10697674418604651,97,645,,,,,0.7671212817292401,,,,0.5302207306106599,2.0,0.7671212817292401,2.0,0.11578654148653905,0.7336500331785458,1.347394540942928,0.25005790925939625,7.260206463133839,0.6312544693679398,0.7671212817292401,False,LogReg,priors_blind
0.5,0.5,Other vs Caucasian,race,False,0.11320754716981132,False,fpr,z (pooled),0.10294117647058823,0.08148148148148149,68,405,0.021459694989106742,-0.05552473516563372,0.0984441251438472,0.5885212374263478,0.5561824832223448,0.23391168047919847,False,0.08619439017546504,,,,,,,,,,,1.0,False,LogReg,priors_blind
0.5,0.5,Other vs Caucasian,race,False,0.11320754716981132,False,fnr,z (pooled),0.7241379310344828,0.85,29,240,-0.12586206896551722,-0.2946876975965014,0.04296355966546697,-1.730844407087621,0.0834795191851058,0.8103673741718567,False,0.26803830779868865,,,,,,,,,,,0.1669590383702116,False,LogReg,priors_blind
0.5,0.5,Other vs Caucasian,race,False,0.11320754716981132,False,equalized_odds,Hurlin LR given Y,,,97,645,,,,,0.2267678618047226,,,,2.9676568399407546,2.0,0.2267678618047226,,,,,,,,0.4535357236094452,False,LogReg,priors_blind
0.5,0.5,Female vs Male,sex,False,0.35205183585313177,False,statistical_parity,z (pooled),0.08333333333333333,0.4168900804289544,360,1492,-0.3335567470956211,-0.3715174674659304,-0.2955960267253118,-11.893548889135866,1.2785599019508799e-32,1.0,False,0.36543034861207224,169.35418534532982,1.0,1.0238123993043792e-38,,,,,,,,3.8356797058526396e-32,True,LogReg,priors_blind
0.5,0.5,Female vs Male,sex,False,0.35205183585313177,False,conditional_statistical_parity,Hurlin LR over proxy strata,0.08333333333333333,0.4168900804289544,360,1492,,,,,4.859466471398952e-52,,,,265.67643343897385,9.0,4.859466471398952e-52,9.0,206.3228001342606,0.0,0.0014273852639112912,9.915184672441645e-05,0.02054857028829683,0.5467201970038411,1.4578399414196856e-51,True,LogReg,priors_blind
0.5,0.5,Female vs Male,sex,False,0.35205183585313177,False,fpr,z (pooled),0.04291845493562232,0.3389175257731959,233,776,-0.2959990708375736,-0.3382644202069056,-0.2537337214682416,-8.91917163607815,4.6978881046804315e-19,1.0,False,0.3315019310628537,,,,,,,,,,,1.4093664314041295e-18,True,LogReg,priors_blind
0.5,0.5,Female vs Male,sex,False,0.35205183585313177,False,fnr,z (pooled),0.84251968503937,0.49860335195530725,127,716,0.3439163330840628,0.2707415092259837,0.4170911569421418,7.180362419834656,6.952686400418805e-13,0.9999999999999947,False,0.4053943013124186,,,,,,,,,,,2.0858059201256416e-12,True,LogReg,priors_blind
0.5,0.5,Female vs Male,sex,False,0.35205183585313177,False,equalized_odds,Hurlin LR given Y,,,360,1492,,,,,3.4275855657577903e-35,,,,158.71724431633623,2.0,3.4275855657577903e-35,,,,,,,,1.028275669727337e-34,True,LogReg,priors_blind
0.5,0.5,African-American vs Caucasian,race,True,0.3653966271080575,False,statistical_parity,z (pooled),0.5397489539748954,0.10697674418604651,956,645,0.4327722097888489,0.39318451183117337,0.4723599077465244,17.637582063278767,1.267705336863435e-69,1.0,False,0.46601451231578594,343.9460413719896,1.0,8.820787314791038e-77,,,,,,,,5.07082134745374e-69,True,XGBoost,priors_blind
0.5,0.5,African-American vs Caucasian,race,True,0.3653966271080575,False,conditional_statistical_parity,Hurlin LR over proxy strata,0.5397489539748954,0.10697674418604651,956,645,,,,,1.6162014068622452e-100,,,,493.2326955118591,9.0,1.6162014068622452e-100,9.0,315.69430827332906,0.0,15.01113330828293,10.251944601909464,21.97964697907867,0.0,6.464805627448981e-100,True,XGBoost,priors_blind
0.5,0.5,African-American vs Caucasian,race,True,0.3653966271080575,False,fpr,z (pooled),0.48089887640449436,0.08148148148148149,445,405,0.39941739492301287,0.34589302354835966,0.4529417662976661,12.809636975893078,1.4481044497791355e-37,1.0,False,0.4443855885680994,,,,,,,,,,,5.792417799116542e-37,True,XGBoost,priors_blind
0.5,0.5,African-American vs Caucasian,race,True,0.3653966271080575,False,fnr,z (pooled),0.4090019569471624,0.85,511,240,-0.4409980430528376,-0.5031101029014807,-0.37888598320419437,-11.327637061389444,9.575313234727343e-30,1.0,False,0.49318867827897106,,,,,,,,,,,3.8301252938909373e-29,True,XGBoost,priors_blind
0.5,0.5,African-American vs Caucasian,race,True,0.3653966271080575,False,equalized_odds,Hurlin LR given Y,,,956,645,,,,,5.627651142984753e-70,,,,318.906528716436,2.0,5.627651142984753e-70,,,,,,,,2.2510604571939013e-69,True,XGBoost,priors_blind
0.5,0.5,Hispanic vs Caucasian,race,False,0.08778625954198473,False,statistical_parity,z (pooled),0.0,0.10697674418604651,141,645,-0.10697674418604651,-0.13082981547529285,-0.08312367289680017,-4.066361076012063,4.77529299625605e-05,0.9999983238542808,False,0.12701855450644983,28.700438733977286,1.0,8.448458968962189e-08,,,,,,,,9.5505859925121e-05,True,XGBoost,priors_blind
0.5,0.5,Hispanic vs Caucasian,race,False,0.08778625954198473,False,conditional_statistical_parity,Hurlin LR over proxy strata,0.0,0.10697674418604651,141,645,,,,,2.2618901126732022e-13,,,,61.94095056396296,3.0,2.2618901126732022e-13,3.0,53.31032928640881,2.8477220581635265e-13,0.0,,,,4.5237802253464045e-13,True,XGBoost,priors_blind
0.5,0.5,Hispanic vs Caucasian,race,False,0.08778625954198473,False,fpr,z (pooled),0.0,0.08148148148148149,81,405,-0.08148148148148149,-0.1081251484197121,-0.054837814543250867,-2.6609762685876692,0.0077914448420142906,0.9895080798173524,False,0.10388443180083706,,,,,,,,,,,0.015582889684028581,True,XGBoost,priors_blind
0.5,0.5,Hispanic vs Caucasian,race,False,0.08778625954198473,False,fnr,z (pooled),1.0,0.85,60,240,0.15000000000000002,0.10482506227460017,0.19517493772539987,3.1980107453341575,0.0013837912401647925,0.9999901727686167,False,0.18803022850241988,,,,,,,,,,,0.002767582480329585,True,XGBoost,priors_blind
0.5,0.5,Hispanic vs Caucasian,race,False,0.08778625954198473,False,equalized_odds,Hurlin LR given Y,,,141,645,,,,,3.449638211441252e-07,,,,29.759652583325625,2.0,3.449638211441252e-07,,,,,,,,6.899276422882503e-07,True,XGBoost,priors_blind
0.5,0.5,Other vs Caucasian,race,False,0.11320754716981132,False,statistical_parity,z (pooled),0.15463917525773196,0.10697674418604651,97,645,0.047662431071685454,-0.028140362339595396,0.1234652244829663,1.3813103866563083,0.16718354596242835,0.47591060221280196,False,0.11135787985109794,1.7627118748879447,1.0,0.1842866199175566,,,,,,,,0.16718354596242835,False,XGBoost,priors_blind
0.5,0.5,Other vs Caucasian,race,False,0.11320754716981132,False,conditional_statistical_parity,Hurlin LR over proxy strata,0.15463917525773196,0.10697674418604651,97,645,,,,,0.7671212817292401,,,,0.5302207306106599,2.0,0.7671212817292401,2.0,0.11578654148653905,0.7336500331785458,1.347394540942928,0.25005790925939625,7.260206463133839,0.6312544693679398,0.7671212817292401,False,XGBoost,priors_blind
0.5,0.5,Other vs Caucasian,race,False,0.11320754716981132,False,fpr,z (pooled),0.10294117647058823,0.08148148148148149,68,405,0.021459694989106742,-0.05552473516563372,0.0984441251438472,0.5885212374263478,0.5561824832223448,0.23391168047919847,False,0.08619439017546504,,,,,,,,,,,0.5561824832223448,False,XGBoost,priors_blind
0.5,0.5,Other vs Caucasian,race,False,0.11320754716981132,False,fnr,z (pooled),0.7241379310344828,0.85,29,240,-0.12586206896551722,-0.2946876975965014,0.04296355966546697,-1.730844407087621,0.0834795191851058,0.8103673741718567,False,0.26803830779868865,,,,,,,,,,,0.0834795191851058,False,XGBoost,priors_blind
0.5,0.5,Other vs Caucasian,race,False,0.11320754716981132,False,equalized_odds,Hurlin LR given Y,,,97,645,,,,,0.2267678618047226,,,,2.9676568399407546,2.0,0.2267678618047226,,,,,,,,0.2267678618047226,False,XGBoost,priors_blind
0.5,0.5,Female vs Male,sex,False,0.32451403887688984,False,statistical_parity,z (pooled),0.0,0.40281501340482573,360,1492,-0.40281501340482573,-0.4277019215196243,-0.3779281052900272,-14.651966301374536,1.3087274625082956e-48,1.0,False,0.42371122887412027,322.73104068935703,1.0,3.6815374269593265e-72,,,,,,,,3.926182387524887e-48,True,XGBoost,priors_blind
0.5,0.5,Female vs Male,sex,False,0.32451403887688984,False,conditional_statistical_parity,Hurlin LR over proxy strata,0.0,0.40281501340482573,360,1492,,,,,7.443055530047964e-77,,,,382.48765780930245,9.0,7.443055530047964e-77,9.0,295.92963495639754,0.0,0.0,,,,2.2329166590143892e-76,True,XGBoost,priors_blind
0.5,0.5,Female vs Male,sex,False,0.32451403887688984,False,fpr,z (pooled),0.0,0.327319587628866,233,776,-0.327319587628866,-0.36033430767441793,-0.29430486758331403,-10.095691369532465,5.772287547477966e-24,1.0,False,0.35505192649850464,,,,,,,,,,,1.73168626424339e-23,True,XGBoost,priors_blind
0.5,0.5,Female vs Male,sex,False,0.32451403887688984,False,fnr,z (pooled),1.0,0.5153631284916201,127,716,0.48463687150837986,0.44803051727128157,0.5212432257454782,10.22781904712846,1.4883337024335572e-24,1.0,False,0.515391770038905,,,,,,,,,,,4.465001107300672e-24,True,XGBoost,priors_blind
0.5,0.5,Female vs Male,sex,False,0.32451403887688984,False,equalized_odds,Hurlin LR given Y,,,360,1492,,,,,1.5985118730843654e-67,,,,307.6082562269395,2.0,1.5985118730843654e-67,,,,,,,,4.795535619253096e-67,True,XGBoost,priors_blind
0.5,0.5,African-American vs Caucasian,race,True,0.3653966271080575,False,statistical_parity,z (pooled),0.5397489539748954,0.10697674418604651,956,645,0.4327722097888489,0.39318451183117337,0.4723599077465244,17.637582063278767,1.267705336863435e-69,1.0,False,0.46601451231578594,343.9460413719896,1.0,8.820787314791038e-77,,,,,,,,5.07082134745374e-69,True,TabPFN,priors_blind
0.5,0.5,African-American vs Caucasian,race,True,0.3653966271080575,False,conditional_statistical_parity,Hurlin LR over proxy strata,0.5397489539748954,0.10697674418604651,956,645,,,,,1.6162014068622452e-100,,,,493.2326955118591,9.0,1.6162014068622452e-100,9.0,315.69430827332906,0.0,15.01113330828293,10.251944601909464,21.97964697907867,0.0,6.464805627448981e-100,True,TabPFN,priors_blind
0.5,0.5,African-American vs Caucasian,race,True,0.3653966271080575,False,fpr,z (pooled),0.48089887640449436,0.08148148148148149,445,405,0.39941739492301287,0.34589302354835966,0.4529417662976661,12.809636975893078,1.4481044497791355e-37,1.0,False,0.4443855885680994,,,,,,,,,,,5.792417799116542e-37,True,TabPFN,priors_blind
0.5,0.5,African-American vs Caucasian,race,True,0.3653966271080575,False,fnr,z (pooled),0.4090019569471624,0.85,511,240,-0.4409980430528376,-0.5031101029014807,-0.37888598320419437,-11.327637061389444,9.575313234727343e-30,1.0,False,0.49318867827897106,,,,,,,,,,,3.8301252938909373e-29,True,TabPFN,priors_blind
0.5,0.5,African-American vs Caucasian,race,True,0.3653966271080575,False,equalized_odds,Hurlin LR given Y,,,956,645,,,,,5.627651142984753e-70,,,,318.906528716436,2.0,5.627651142984753e-70,,,,,,,,1.688295342895426e-69,True,TabPFN,priors_blind
0.5,0.5,Hispanic vs Caucasian,race,False,0.11323155216284987,False,statistical_parity,z (pooled),0.14184397163120568,0.10697674418604651,141,645,0.034867227445159174,-0.027464723092054735,0.09719917798237308,1.1836047762803523,0.23656954882405923,0.3171624428991073,False,0.0872397338791964,1.3300692656910416,1.0,0.2487928957213804,,,,,,,,0.3343670919248567,False,TabPFN,priors_blind
0.5,0.5,Hispanic vs Caucasian,race,False,0.11323155216284987,False,conditional_statistical_parity,Hurlin LR over proxy strata,0.14184397163120568,0.10697674418604651,141,645,,,,,0.06625539228720007,,,,5.428476848827393,2.0,0.06625539228720007,2.0,1.4126327426216871,0.23461983423796584,3.0,0.40873541677828434,22.01913421386234,0.04427596051697513,0.13251078457440013,False,TabPFN,priors_blind
0.5,0.5,Hispanic vs Caucasian,race,False,0.11323155216284987,False,fpr,z (pooled),0.08641975308641975,0.08148148148148149,81,405,0.00493827160493826,-0.061801425124333856,0.07167796833421038,0.14762696898972785,0.8826371701250396,0.09317342102608135,False,0.06105540118852978,,,,,,,,,,,1.0,False,TabPFN,priors_blind
0.5,0.5,Hispanic vs Caucasian,race,False,0.11323155216284987,False,fnr,z (pooled),0.7833333333333333,0.85,60,240,-0.06666666666666665,-0.180276190000833,0.0469428566674997,-1.2494408864211488,0.2115038618792605,0.6130465405378012,False,0.16230810747423347,,,,,,,,,,,0.2115038618792605,False,TabPFN,priors_blind
0.5,0.5,Hispanic vs Caucasian,race,False,0.11323155216284987,False,equalized_odds,Hurlin LR given Y,,,141,645,,,,,0.4732875296942577,,,,1.4961043799777158,2.0,0.4732875296942577,,,,,,,,0.4732875296942577,False,TabPFN,priors_blind
0.5,0.5,Other vs Caucasian,race,False,0.11320754716981132,False,statistical_parity,z (pooled),0.15463917525773196,0.10697674418604651,97,645,0.047662431071685454,-0.028140362339595396,0.1234652244829663,1.3813103866563083,0.16718354596242835,0.47591060221280196,False,0.11135787985109794,1.7627118748879447,1.0,0.1842866199175566,,,,,,,,0.3343670919248567,False,TabPFN,priors_blind
0.5,0.5,Other vs Caucasian,race,False,0.11320754716981132,False,conditional_statistical_parity,Hurlin LR over proxy strata,0.15463917525773196,0.10697674418604651,97,645,,,,,0.7671212817292401,,,,0.5302207306106599,2.0,0.7671212817292401,2.0,0.11578654148653905,0.7336500331785458,1.347394540942928,0.25005790925939625,7.260206463133839,0.6312544693679398,0.7671212817292401,False,TabPFN,priors_blind
0.5,0.5,Other vs Caucasian,race,False,0.11320754716981132,False,fpr,z (pooled),0.10294117647058823,0.08148148148148149,68,405,0.021459694989106742,-0.05552473516563372,0.0984441251438472,0.5885212374263478,0.5561824832223448,0.23391168047919847,False,0.08619439017546504,,,,,,,,,,,1.0,False,TabPFN,priors_blind
0.5,0.5,Other vs Caucasian,race,False,0.11320754716981132,False,fnr,z (pooled),0.7241379310344828,0.85,29,240,-0.12586206896551722,-0.2946876975965014,0.04296355966546697,-1.730844407087621,0.0834795191851058,0.8103673741718567,False,0.26803830779868865,,,,,,,,,,,0.1669590383702116,False,TabPFN,priors_blind
0.5,0.5,Other vs Caucasian,race,False,0.11320754716981132,False,equalized_odds,Hurlin LR given Y,,,97,645,,,,,0.2267678618047226,,,,2.9676568399407546,2.0,0.2267678618047226,,,,,,,,0.4535357236094452,False,TabPFN,priors_blind
0.5,0.5,Female vs Male,sex,False,0.3353131749460043,False,statistical_parity,z (pooled),0.0,0.41621983914209115,360,1492,-0.41621983914209115,-0.4412319148125962,-0.3912077634715861,-15.0142659253682,5.921377391511462e-51,1.0,False,0.4372211511626224,336.43607313552207,1.0,3.811029693581807e-75,,,,,,,,1.7764132174534383e-50,True,TabPFN,priors_blind
0.5,0.5,Female vs Male,sex,False,0.3353131749460043,False,conditional_statistical_parity,Hurlin LR over proxy strata,0.0,0.41621983914209115,360,1492,,,,,1.2167912945275435e-93,,,,461.0945722295601,9.0,1.2167912945275435e-93,9.0,331.06207773619286,0.0,0.0,,,,3.6503738835826305e-93,True,TabPFN,priors_blind
0.5,0.5,Female vs Male,sex,False,0.3353131749460043,False,fpr,z (pooled),0.0,0.33634020618556704,233,776,-0.33634020618556704,-0.36958161162083353,-0.30309880075030055,-10.281633945814887,8.526958579378095e-25,1.0,False,0.3642629606042604,,,,,,,,,,,2.5580875738134286e-24,True,TabPFN,priors_blind
0.5,0.5,Female vs Male,sex,False,0.3353131749460043,False,fnr,z (pooled),1.0,0.4972067039106145,127,716,0.5027932960893855,0.4661702210416936,0.5394163711370774,10.556910061511566,4.719418266573542e-26,1.0,False,0.5335622426409132,,,,,,,,,,,1.4158254799720625e-25,True,TabPFN,priors_blind
0.5,0.5,Female vs Male,sex,False,0.3353131749460043,False,equalized_odds,Hurlin LR given Y,,,360,1492,,,,,2.3962087412544923e-70,,,,320.61413742480175,2.0,2.3962087412544923e-70,,,,,,,,9.584834965017969e-70,True,TabPFN,priors_blind
0.5,0.5,African-American vs Caucasian,race,True,0.21299188007495315,False,statistical_parity,z (pooled),0.2405857740585774,0.17209302325581396,956,645,0.06849275080276343,0.028709448467783553,0.1082760531377433,3.2831189363046844,0.0010266534079289523,0.818800453248966,False,0.101899304857862,10.987485555676663,1.0,0.0009172917707867349,,,,,,,,0.0030799602237868567,True,LogReg,priors_set_1
0.5,0.5,African-American vs Caucasian,race,True,0.21299188007495315,False,conditional_statistical_parity,Hurlin LR over proxy strata,0.2405857740585774,0.17209302325581396,956,645,,,,,0.1709280314988671,,,,5.011897356291742,3.0,0.1709280314988671,3.0,0.6678540175088222,0.41380079612137166,1.4970556423506791,0.5607329801650789,3.9968678061957505,0.17894752429583693,0.3418560629977342,False,LogReg,priors_set_1
0.5,0.5,African-American vs Caucasian,race,True,0.21299188007495315,False,fpr,z (pooled),0.19325842696629214,0.13333333333333333,445,405,0.05992509363295881,0.010509079115256816,0.10934110815066081,2.352515583995838,0.018646908388901633,0.6530323747440755,False,0.10144167482633909,,,,,,,,,,,0.0559407251667049,False,LogReg,priors_set_1
0.5,0.5,African-American vs Caucasian,race,True,0.21299188007495315,False,fnr,z (pooled),0.7181996086105675,0.7625,511,240,-0.044300391389432425,-0.11078396842274292,0.02218318564387807,-1.2786869390195048,0.2010073208671206,0.43330374824828194,False,0.10016426268800843,,,,,,,,,,,0.4020146417342412,False,LogReg,priors_set_1
0.5,0.5,African-American vs Caucasian,race,True,0.21299188007495315,False,equalized_odds,Hurlin LR given Y,,,956,645,,,,,0.026725859250818083,,,,7.244247342027538,2.0,0.026725859250818083,,,,,,,,0.08017757775245425,False,LogReg,priors_set_1
0.5,0.5,Hispanic vs Caucasian,race,False,0.16666666666666666,False,statistical_parity,z (pooled),0.14184397163120568,0.17209302325581396,141,645,-0.03024905162460828,-0.09478478237260966,0.0342866791233931,-0.8730842461871183,0.38261716001933377,0.27439291741281535,False,0.08447321667471533,0.788086262038191,1.0,0.3746794258145949,,,,,,,,0.38261716001933377,False,LogReg,priors_set_1
0.5,0.5,Hispanic vs Caucasian,race,False,0.16666666666666666,False,conditional_statistical_parity,Hurlin LR over proxy strata,0.14184397163120568,0.17209302325581396,141,645,,,,,2.360994273341564e-06,,,,28.89073859481161,3.0,2.360994273341564e-06,3.0,25.161927707840533,5.271261497297175e-07,0.0,,,,7.082982820024692e-06,True,LogReg,priors_set_1
0.5,0.5,Hispanic vs Caucasian,race,False,0.16666666666666666,False,fpr,z (pooled),0.08641975308641975,0.13333333333333333,81,405,-0.04691358024691358,-0.11648624891676224,0.02265908842293507,-1.1633954230261636,0.2446691056880691,0.4653740188966296,False,0.10541277419829663,,,,,,,,,,,0.4893382113761382,False,LogReg,priors_set_1
0.5,0.5,Hispanic vs Caucasian,race,False,0.16666666666666666,False,fnr,z (pooled),0.7833333333333333,0.7625,60,240,0.02083333333333337,-0.09649078847252002,0.13815745513918676,0.34126181639496816,0.7329064904578013,0.3132213948997583,False,0.11960188478644666,,,,,,,,,,,0.7329064904578013,False,LogReg,priors_set_1
0.5,0.5,Hispanic vs Caucasian,race,False,0.16666666666666666,False,equalized_odds,Hurlin LR given Y,,,141,645,,,,,0.4521134556152586,,,,1.5876442452975665,2.0,0.4521134556152586,,,,,,,,0.4521134556152586,False,LogReg,priors_set_1
0.5,0.5,Other vs Caucasian,race,False,0.18059299191374664,False,statistical_parity,z (pooled),0.23711340206185566,0.17209302325581396,97,645,0.0650203788060417,-0.024491125303400307,0.1545318829154837,1.5520760007912133,0.12064403962024997,0.6288338997688462,False,0.1402349608628904,2.2665439342707643,1.0,0.13219440929986384,,,,,,,,0.24128807924049994,False,LogReg,priors_set_1
0.5,0.5,Other vs Caucasian,race,False,0.18059299191374664,False,conditional_statistical_parity,Hurlin LR over proxy strata,0.23711340206185566,0.17209302325581396,97,645,,,,,0.44410010311943904,,,,1.6234105689708325,2.0,0.44410010311943904,2.0,1.6260000613064405,0.20225719011458188,0.37717309145880573,0.08364185053898734,1.700817712710484,0.8125234202928676,0.44410010311943904,False,LogReg,priors_set_1
0.5,0.5,Other vs Caucasian,race,False,0.18059299191374664,False,fpr,z (pooled),0.17647058823529413,0.13333333333333333,68,405,0.0431372549019608,-0.05333020156496247,0.13960471136888408,0.9499393336833968,0.34214307915956055,0.44458385433848263,False,0.12425484422797638,,,,,,,,,,,0.4893382113761382,False,LogReg,priors_set_1
0.5,0.5,Other vs Caucasian,race,False,0.18059299191374664,False,fnr,z (pooled),0.6206896551724138,0.7625,29,240,-0.14181034482758614,-0.3264319957366849,0.04281130608151265,-1.6597251990978013,0.09696974759333642,0.8346966179402218,False,0.2972891790915507,,,,,,,,,,,0.29090924278000924,False,LogReg,priors_set_1
0.5,0.5,Other vs Caucasian,race,False,0.18059299191374664,False,equalized_odds,Hurlin LR given Y,,,97,645,,,,,0.18233885977846345,,,,3.4037769122329875,2.0,0.18233885977846345,,,,,,,,0.3646777195569269,False,LogReg,priors_set_1
0.5,0.5,Female vs Male,sex,False,0.20734341252699784,False,statistical_parity,z (pooled),0.11944444444444445,0.22855227882037535,360,1492,-0.1091078343759309,-0.14881024139774568,-0.0694054273541161,-4.58335449826115,4.575753195541732e-06,0.9982169756058152,False,0.14244383770549482,23.228227929857695,1.0,1.4386999232727342e-06,,,,,,,,1.8303012782166927e-05,True,LogReg,priors_set_1
0.5,0.5,Female vs Male,sex,False,0.20734341252699784,False,conditional_statistical_parity,Hurlin LR over proxy strata,0.11944444444444445,0.22855227882037535,360,1492,,,,,4.878072622756331e-21,,,,104.90638784924842,5.0,4.878072622756331e-21,5.0,92.33759751458183,0.0,0.008842406500020565,0.0016801487636433714,0.046536446297800675,9.867566527099747e-06,1.9512290491025324e-20,True,LogReg,priors_set_1
0.5,0.5,Female vs Male,sex,False,0.20734341252699784,False,fpr,z (pooled),0.08583690987124463,0.1791237113402062,233,776,-0.09328680146896155,-0.13824903433644314,-0.04832456860147996,-3.427414122505527,0.0006093590075388465,0.9702713815297732,False,0.13105504171138033,,,,,,,,,,,0.002437436030155386,True,LogReg,priors_set_1
0.5,0.5,Female vs Male,sex,False,0.20734341252699784,False,fnr,z (pooled),0.8188976377952756,0.7178770949720671,127,716,0.10102054282320849,0.026371566215246514,0.17566951943117048,2.371899918442762,0.017696883543347124,0.9096284264255162,False,0.16373702330404089,,,,,,,,,,,0.0707875341733885,False,LogReg,priors_set_1
0.5,0.5,Female vs Male,sex,False,0.20734341252699784,False,equalized_odds,Hurlin LR given Y,,,360,1492,,,,,6.921577813306212e-05,,,,19.156563427254493,2.0,6.921577813306212e-05,,,,,,,,0.00027686311253224846,True,LogReg,priors_set_1
0.5,0.5,African-American vs Caucasian,race,True,0.18738288569643974,False,statistical_parity,z (pooled),0.20920502092050208,0.15503875968992248,956,645,0.054166261230579604,0.016153262688898343,0.09217925977226087,2.724169044884519,0.0064463502128206595,0.5850301114916274,False,0.0860862682698771,7.5533654946182835,1.0,0.0059898102334801475,,,,,,,,0.019339050638461978,True,XGBoost,priors_set_1
0.5,0.5,African-American vs Caucasian,race,True,0.18738288569643974,False,conditional_statistical_parity,Hurlin LR over proxy strata,0.20920502092050208,0.15503875968992248,956,645,,,,,0.2807702458159513,,,,7.455458854256538,6.0,0.2807702458159513,6.0,0.03778923368118107,0.8458669718761255,0.9425607872130112,0.5205344724442402,1.7067473618412066,0.30086058015440975,0.5615404916319026,False,XGBoost,priors_set_1
0.5,0.5,African-American vs Caucasian,race,True,0.18738288569643974,False,fpr,z (pooled),0.1707865168539326,0.11358024691358025,445,405,0.05720626994035234,0.010542831925500616,0.10386970795520406,2.3758280530858387,0.017509620090773607,0.6188955261516231,False,0.09641028977104651,,,,,,,,,,,0.05252886027232082,False,XGBoost,priors_set_1
0.5,0.5,African-American vs Caucasian,race,True,0.18738288569643974,False,fnr,z (pooled),0.7573385518590998,0.775,511,240,-0.017661448140900204,-0.08225717874428215,0.04693428246248174,-0.5307317115009956,0.595604707676286,0.16340140867016562,False,0.07193902678346939,,,,,,,,,,,0.9898158088200342,False,XGBoost,priors_set_1
0.5,0.5,African-American vs Caucasian,race,True,0.18738288569643974,False,equalized_odds,Hurlin LR given Y,,,956,645,,,,,0.05001007442861597,,,,5.991061610555535,2.0,0.05001007442861597,,,,,,,,0.15003022328584792,False,XGBoost,priors_set_1
0.5,0.5,Hispanic vs Caucasian,race,False,0.16030534351145037,False,statistical_parity,z (pooled),0.18439716312056736,0.15503875968992248,141,645,0.029358403430644886,-0.040481623720998755,0.09919843058228853,0.8607477188429054,0.38937700512041407,0.28128403035177224,False,0.08803934057168693,0.7192200479472302,1.0,0.39639986677260985,,,,,,,,0.38937700512041407,False,XGBoost,priors_set_1
0.5,0.5,Hispanic vs Caucasian,race,False,0.16030534351145037,False,conditional_statistical_parity,Hurlin LR over proxy strata,0.18439716312056736,0.15503875968992248,141,645,,,,,0.024471101104865226,,,,12.885970944719036,5.0,0.024471101104865226,5.0,0.004696379428264296,0.9453636320497258,0.9672421425409473,0.358882350435672,2.606863673210635,0.03344449318135201,0.07341330331459568,False,XGBoost,priors_set_1
0.5,0.5,Hispanic vs Caucasian,race,False,0.16030534351145037,False,fpr,z (pooled),0.12345679012345678,0.11358024691358025,81,405,0.009876543209876534,-0.06814337500536119,0.08789646142511426,0.2541352348809061,0.7993910832262756,0.15698996428529075,False,0.07547848740728551,,,,,,,,,,,0.8582259446721334,False,XGBoost,priors_set_1
0.5,0.5,Hispanic vs Caucasian,race,False,0.16030534351145037,False,fnr,z (pooled),0.7333333333333333,0.775,60,240,-0.04166666666666674,-0.16540578802616673,0.08207245469283324,-0.6825236327899363,0.4949079044100171,0.44753837999014523,False,0.14583564391230816,,,,,,,,,,,0.9898158088200342,False,XGBoost,priors_set_1
0.5,0.5,Hispanic vs Caucasian,race,False,0.16030534351145037,False,equalized_odds,Hurlin LR given Y,,,141,645,,,,,0.7715302976296643,,,,0.5187586737621988,2.0,0.7715302976296643,,,,,,,,0.7715302976296643,False,XGBoost,priors_set_1
0.5,0.5,Other vs Caucasian,race,False,0.16307277628032346,False,statistical_parity,z (pooled),0.21649484536082475,0.15503875968992248,97,645,0.06145608567090227,-0.025133806385690696,0.14804597772749523,1.527545260564475,0.126625481563535,0.6022654201207318,False,0.13421570027218666,2.184886056858252,1.0,0.13937137795649981,,,,,,,,0.25325096312707,False,XGBoost,priors_set_1
0.5,0.5,Other vs Caucasian,race,False,0.16307277628032346,False,conditional_statistical_parity,Hurlin LR over proxy strata,0.21649484536082475,0.15503875968992248,97,645,,,,,0.7075267317682341,,,,2.1536312995814924,4.0,0.7075267317682341,4.0,0.41172256295034654,0.5210964928129056,0.6983628389489683,0.23774339761340488,2.051416189558837,0.6932393221566614,0.7075267317682341,False,XGBoost,priors_set_1
0.5,0.5,Other vs Caucasian,race,False,0.16307277628032346,False,fpr,z (pooled),0.14705882352941177,0.11358024691358025,68,405,0.03347857661583152,-0.05619246401083455,0.1231496172424976,0.7907104573134791,0.4291129723360667,0.3590883779407461,False,0.10888119335720305,,,,,,,,,,,0.8582259446721334,False,XGBoost,priors_set_1
0.5,0.5,Other vs Caucasian,race,False,0.16307277628032346,False,fnr,z (pooled),0.6206896551724138,0.775,29,240,-0.1543103448275862,-0.338640519093819,0.030019829438646534,-1.8335976324522336,0.06671374393516054,0.86581207072898,False,0.30954371249310564,,,,,,,,,,,0.2001412318054816,False,XGBoost,priors_set_1
0.5,0.5,Other vs Caucasian,race,False,0.16307277628032346,False,equalized_odds,Hurlin LR given Y,,,97,645,,,,,0.15964234261835436,,,,3.669638649054394,2.0,0.15964234261835436,,,,,,,,0.3192846852367087,False,XGBoost,priors_set_1
0.5,0.5,Female vs Male,sex,False,0.18844492440604751,False,statistical_parity,z (pooled),0.0,0.2339142091152815,360,1492,-0.2339142091152815,-0.25539403145565504,-0.21243438677490795,-10.186395944733082,2.280628558487664e-24,1.0,False,0.2519496755459111,169.40352796208222,1.0,9.987188327362436e-39,,,,,,,,9.122514233950656e-24,True,XGBoost,priors_set_1
0.5,0.5,Female vs Male,sex,False,0.18844492440604751,False,conditional_statistical_parity,Hurlin LR over proxy strata,0.0,0.2339142091152815,360,1492,,,,,4.699970688723168e-79,,,,380.3397421529476,6.0,4.699970688723168e-79,6.0,393.5802063212621,0.0,0.0,,,,1.879988275489267e-78,True,XGBoost,priors_set_1
0.5,0.5,Female vs Male,sex,False,0.18844492440604751,False,fpr,z (pooled),0.0,0.18427835051546393,233,776,-0.18427835051546393,-0.21155715812653197,-0.15699954290439588,-7.07296901794375,1.5165335648148801e-12,1.0,False,0.20719252745187386,,,,,,,,,,,6.0661342592595205e-12,True,XGBoost,priors_set_1
0.5,0.5,Female vs Male,sex,False,0.18844492440604751,False,fnr,z (pooled),1.0,0.7122905027932961,127,716,0.2877094972067039,0.2545508155104489,0.32086817890295893,6.95381336947345,3.5554190512277873e-12,1.0,False,0.3155678270575582,,,,,,,,,,,1.422167620491115e-11,True,XGBoost,priors_set_1
0.5,0.5,Female vs Male,sex,False,0.18844492440604751,False,equalized_odds,Hurlin LR given Y,,,360,1492,,,,,1.6965324104116137e-35,,,,160.12378369090317,2.0,1.6965324104116137e-35,,,,,,,,6.786129641646455e-35,True,XGBoost,priors_set_1
0.5,0.5,African-American vs Caucasian,race,True,0.18738288569643974,False,statistical_parity,z (pooled),0.20920502092050208,0.15503875968992248,956,645,0.054166261230579604,0.016153262688898343,0.09217925977226087,2.724169044884519,0.0064463502128206595,0.5850301114916274,False,0.0860862682698771,7.5533654946182835,1.0,0.0059898102334801475,,,,,,,,0.019339050638461978,True,TabPFN,priors_set_1
0.5,0.5,African-American vs Caucasian,race,True,0.18738288569643974,False,conditional_statistical_parity,Hurlin LR over proxy strata,0.20920502092050208,0.15503875968992248,956,645,,,,,0.2807702458159513,,,,7.455458854256538,6.0,0.2807702458159513,6.0,0.03778923368118107,0.8458669718761255,0.9425607872130112,0.5205344724442402,1.7067473618412066,0.30086058015440975,0.5615404916319026,False,TabPFN,priors_set_1
0.5,0.5,African-American vs Caucasian,race,True,0.18738288569643974,False,fpr,z (pooled),0.1707865168539326,0.11358024691358025,445,405,0.05720626994035234,0.010542831925500616,0.10386970795520406,2.3758280530858387,0.017509620090773607,0.6188955261516231,False,0.09641028977104651,,,,,,,,,,,0.05252886027232082,False,TabPFN,priors_set_1
0.5,0.5,African-American vs Caucasian,race,True,0.18738288569643974,False,fnr,z (pooled),0.7573385518590998,0.775,511,240,-0.017661448140900204,-0.08225717874428215,0.04693428246248174,-0.5307317115009956,0.595604707676286,0.16340140867016562,False,0.07193902678346939,,,,,,,,,,,1.0,False,TabPFN,priors_set_1
0.5,0.5,African-American vs Caucasian,race,True,0.18738288569643974,False,equalized_odds,Hurlin LR given Y,,,956,645,,,,,0.05001007442861597,,,,5.991061610555535,2.0,0.05001007442861597,,,,,,,,0.15003022328584792,False,TabPFN,priors_set_1
0.5,0.5,Hispanic vs Caucasian,race,False,0.15267175572519084,False,statistical_parity,z (pooled),0.14184397163120568,0.15503875968992248,141,645,-0.013194788058716794,-0.07719882458135088,0.050809248463917295,-0.3946166158257361,0.6931258490618963,0.1300293203632854,False,0.06697221337103298,0.15817687515861856,1.0,0.6908405999555903,,,,,,,,0.6931258490618963,False,TabPFN,priors_set_1
0.5,0.5,Hispanic vs Caucasian,race,False,0.15267175572519084,False,conditional_statistical_parity,Hurlin LR over proxy strata,0.14184397163120568,0.15503875968992248,141,645,,,,,4.303112226022574e-06,,,,30.274611483984955,4.0,4.303112226022574e-06,4.0,6.133161967953989,0.01326693919973887,0.3319035645614554,0.13321907422857188,0.8269084348956831,0.0004918952330138504,1.2909336678067722e-05,True,TabPFN,priors_set_1
0.5,0.5,Hispanic vs Caucasian,race,False,0.15267175572519084,False,fpr,z (pooled),0.08641975308641975,0.11358024691358025,81,405,-0.0271604938271605,-0.09571162948203255,0.041390641827711544,-0.7158861076186922,0.47406167729288173,0.2570297929456332,False,0.08480074619827388,,,,,,,,,,,0.8582259446721334,False,TabPFN,priors_set_1
0.5,0.5,Hispanic vs Caucasian,race,False,0.15267175572519084,False,fnr,z (pooled),0.7833333333333333,0.775,60,240,0.008333333333333304,-0.10853158320765989,0.12519824987432648,0.13862618305316804,0.8897455519916535,0.2426111166139152,False,0.10671530581076982,,,,,,,,,,,1.0,False,TabPFN,priors_set_1
0.5,0.5,Hispanic vs Caucasian,race,False,0.15267175572519084,False,equalized_odds,Hurlin LR given Y,,,141,645,,,,,0.7558365378760386,,,,0.5598602918443039,2.0,0.7558365378760386,,,,,,,,0.7558365378760386,False,TabPFN,priors_set_1
0.5,0.5,Other vs Caucasian,race,False,0.16307277628032346,False,statistical_parity,z (pooled),0.21649484536082475,0.15503875968992248,97,645,0.06145608567090227,-0.025133806385690696,0.14804597772749523,1.527545260564475,0.126625481563535,0.6022654201207318,False,0.13421570027218666,2.184886056858252,1.0,0.13937137795649981,,,,,,,,0.25325096312707,False,TabPFN,priors_set_1
0.5,0.5,Other vs Caucasian,race,False,0.16307277628032346,False,conditional_statistical_parity,Hurlin LR over proxy strata,0.21649484536082475,0.15503875968992248,97,645,,,,,0.7075267317682341,,,,2.1536312995814924,4.0,0.7075267317682341,4.0,0.41172256295034654,0.5210964928129056,0.6983628389489683,0.23774339761340488,2.051416189558837,0.6932393221566614,0.7075267317682341,False,TabPFN,priors_set_1
0.5,0.5,Other vs Caucasian,race,False,0.16307277628032346,False,fpr,z (pooled),0.14705882352941177,0.11358024691358025,68,405,0.03347857661583152,-0.05619246401083455,0.1231496172424976,0.7907104573134791,0.4291129723360667,0.3590883779407461,False,0.10888119335720305,,,,,,,,,,,0.8582259446721334,False,TabPFN,priors_set_1
0.5,0.5,Other vs Caucasian,race,False,0.16307277628032346,False,fnr,z (pooled),0.6206896551724138,0.775,29,240,-0.1543103448275862,-0.338640519093819,0.030019829438646534,-1.8335976324522336,0.06671374393516054,0.86581207072898,False,0.30954371249310564,,,,,,,,,,,0.2001412318054816,False,TabPFN,priors_set_1
0.5,0.5,Other vs Caucasian,race,False,0.16307277628032346,False,equalized_odds,Hurlin LR given Y,,,97,645,,,,,0.15964234261835436,,,,3.669638649054394,2.0,0.15964234261835436,,,,,,,,0.3192846852367087,False,TabPFN,priors_set_1
0.5,0.5,Female vs Male,sex,False,0.18412526997840173,False,statistical_parity,z (pooled),0.0,0.22855227882037535,360,1492,-0.22855227882037535,-0.24985866074427143,-0.20724589689647926,-10.042279099569331,9.935166461802711e-24,1.0,False,0.24644211654144088,165.03597701414162,1.0,8.983609938637125e-38,,,,,,,,3.9740665847210843e-23,True,TabPFN,priors_set_1
0.5,0.5,Female vs Male,sex,False,0.18412526997840173,False,conditional_statistical_parity,Hurlin LR over proxy strata,0.0,0.22855227882037535,360,1492,,,,,7.597690671797208e-70,,,,337.45679741750484,6.0,7.597690671797208e-70,6.0,345.9842721033088,0.0,0.0,,,,3.039076268718883e-69,True,TabPFN,priors_set_1
0.5,0.5,Female vs Male,sex,False,0.18412526997840173,False,fpr,z (pooled),0.0,0.1791237113402062,233,776,-0.1791237113402062,-0.2061031323588039,-0.15214429032160848,-6.95729561385467,3.4686663478150593e-12,1.0,False,0.2017864037744317,,,,,,,,,,,1.3874665391260237e-11,True,TabPFN,priors_set_1
0.5,0.5,Female vs Male,sex,False,0.18412526997840173,False,fnr,z (pooled),1.0,0.7178770949720671,127,716,0.2821229050279329,0.24915921650635806,0.3150865935495078,6.864450957679209,6.674746577795933e-12,1.0,False,0.30981741099010957,,,,,,,,,,,2.6698986311183732e-11,True,TabPFN,priors_set_1
0.5,0.5,Female vs Male,sex,False,0.18412526997840173,False,equalized_odds,Hurlin LR given Y,,,360,1492,,,,,1.4370526028926202e-34,,,,155.850597898643,2.0,1.4370526028926202e-34,,,,,,,,5.748210411570481e-34,True,TabPFN,priors_set_1
