model,run,feature_set,row,y,score,compas_tool
LogReg,holdout,priors_set_1,3,0,0.33697908734035853,0
LogReg,holdout,priors_set_1,6,0,0.27005484895928755,0
LogReg,holdout,priors_set_1,7,0,0.4040725317590792,0
LogReg,holdout,priors_set_1,9,0,0.27005484895928755,0
LogReg,holdout,priors_set_1,16,1,0.4040725317590792,0
LogReg,holdout,priors_set_1,18,1,0.6170214474309403,1
LogReg,holdout,priors_set_1,20,0,0.523629383700147,0
LogReg,holdout,priors_set_1,23,0,0.33697908734035853,0
LogReg,holdout,priors_set_1,31,1,0.27005484895928755,1
LogReg,holdout,priors_set_1,33,1,0.4166156358691416,1
LogReg,holdout,priors_set_1,37,1,0.33987531977916313,0
LogReg,holdout,priors_set_1,38,0,0.22064849118781032,0
LogReg,holdout,priors_set_1,39,1,0.4166156358691416,1
LogReg,holdout,priors_set_1,41,1,0.4166156358691416,1
LogReg,holdout,priors_set_1,44,1,0.4040725317590792,0
LogReg,holdout,priors_set_1,45,0,0.32476591264304855,0
LogReg,holdout,priors_set_1,48,0,0.2857146416277822,1
LogReg,holdout,priors_set_1,59,0,0.17694026448355826,0
LogReg,holdout,priors_set_1,60,1,0.22518913197277277,0
LogReg,holdout,priors_set_1,73,1,0.4166156358691416,1
LogReg,holdout,priors_set_1,76,0,0.2803952390055993,0
LogReg,holdout,priors_set_1,77,1,0.4166156358691416,1
LogReg,holdout,priors_set_1,81,0,0.523629383700147,1
LogReg,holdout,priors_set_1,83,0,0.16951633523388346,0
LogReg,holdout,priors_set_1,86,0,0.4166156358691416,0
LogReg,holdout,priors_set_1,88,1,0.6046987874694704,1
LogReg,holdout,priors_set_1,90,0,0.33987531977916313,1
LogReg,holdout,priors_set_1,92,0,0.4040725317590792,0
LogReg,holdout,priors_set_1,96,1,0.4166156358691416,1
LogReg,holdout,priors_set_1,101,1,0.4166156358691416,1
LogReg,holdout,priors_set_1,103,0,0.32476591264304855,0
LogReg,holdout,priors_set_1,106,0,0.22122109864453443,1
LogReg,holdout,priors_set_1,110,0,0.33987531977916313,0
LogReg,holdout,priors_set_1,112,1,0.33987531977916313,0
LogReg,holdout,priors_set_1,115,1,0.33987531977916313,0
LogReg,holdout,priors_set_1,117,1,0.33987531977916313,0
LogReg,holdout,priors_set_1,121,0,0.27005484895928755,0
LogReg,holdout,priors_set_1,124,1,0.3516013933691158,1
LogReg,holdout,priors_set_1,130,1,0.22064849118781032,0
LogReg,holdout,priors_set_1,136,0,0.33987531977916313,0
LogReg,holdout,priors_set_1,139,0,0.22122109864453443,0
LogReg,holdout,priors_set_1,141,1,0.27224952513656475,0
LogReg,holdout,priors_set_1,142,0,0.4040725317590792,1
LogReg,holdout,priors_set_1,145,0,0.3391293294774767,1
LogReg,holdout,priors_set_1,147,0,0.28264141049475927,0
LogReg,holdout,priors_set_1,152,1,0.22122109864453443,0
LogReg,holdout,priors_set_1,155,1,0.6170214474309403,1
LogReg,holdout,priors_set_1,156,1,0.23028154013745278,1
LogReg,holdout,priors_set_1,159,0,0.28264141049475927,0
LogReg,holdout,priors_set_1,160,1,0.22122109864453443,0
LogReg,holdout,priors_set_1,162,1,0.4040725317590792,0
LogReg,holdout,priors_set_1,164,0,0.27224952513656475,0
LogReg,holdout,priors_set_1,167,0,0.4678208015503157,0
LogReg,holdout,priors_set_1,170,0,0.27005484895928755,0
LogReg,holdout,priors_set_1,172,1,0.3391293294774767,1
LogReg,holdout,priors_set_1,176,0,0.3391293294774767,1
LogReg,holdout,priors_set_1,188,0,0.3391293294774767,1
LogReg,holdout,priors_set_1,189,0,0.2803952390055993,1
LogReg,holdout,priors_set_1,190,1,0.4166156358691416,1
LogReg,holdout,priors_set_1,193,0,0.28264141049475927,1
LogReg,holdout,priors_set_1,196,0,0.27224952513656475,0
LogReg,holdout,priors_set_1,201,0,0.4040725317590792,1
LogReg,holdout,priors_set_1,205,1,0.4040725317590792,1
LogReg,holdout,priors_set_1,206,1,0.4040725317590792,0
LogReg,holdout,priors_set_1,208,0,0.22122109864453443,0
LogReg,holdout,priors_set_1,214,0,0.32476591264304855,0
LogReg,holdout,priors_set_1,221,1,0.4166156358691416,1
LogReg,holdout,priors_set_1,222,0,0.40096152753059144,0
LogReg,holdout,priors_set_1,224,0,0.3391293294774767,0
LogReg,holdout,priors_set_1,226,0,0.5430539451098293,1
LogReg,holdout,priors_set_1,228,1,0.5365423199164948,0
LogReg,holdout,priors_set_1,229,0,0.22064849118781032,0
LogReg,holdout,priors_set_1,230,0,0.4040725317590792,1
LogReg,holdout,priors_set_1,233,1,0.5502298630919802,1
LogReg,holdout,priors_set_1,235,0,0.2803952390055993,0
LogReg,holdout,priors_set_1,239,0,0.4040725317590792,0
LogReg,holdout,priors_set_1,242,1,0.5502298630919802,1
LogReg,holdout,priors_set_1,243,1,0.3516013933691158,1
LogReg,holdout,priors_set_1,245,0,0.33987531977916313,0
LogReg,holdout,priors_set_1,247,1,0.6046987874694704,1
LogReg,holdout,priors_set_1,249,1,0.4166156358691416,0
LogReg,holdout,priors_set_1,250,0,0.6016024929266277,0
LogReg,holdout,priors_set_1,254,0,0.27224952513656475,0
LogReg,holdout,priors_set_1,255,0,0.4040725317590792,0
LogReg,holdout,priors_set_1,258,0,0.5430539451098293,0
LogReg,holdout,priors_set_1,260,1,0.33987531977916313,0
LogReg,holdout,priors_set_1,263,1,0.6016024929266277,1
LogReg,holdout,priors_set_1,266,0,0.16951633523388346,0
LogReg,holdout,priors_set_1,267,0,0.22122109864453443,0
LogReg,holdout,priors_set_1,277,0,0.39336808562092235,0
LogReg,holdout,priors_set_1,279,1,0.5365423199164948,1
LogReg,holdout,priors_set_1,281,0,0.6170214474309403,0
LogReg,holdout,priors_set_1,286,1,0.4166156358691416,1
LogReg,holdout,priors_set_1,291,0,0.2857146416277822,1
LogReg,holdout,priors_set_1,292,0,0.33697908734035853,0
LogReg,holdout,priors_set_1,298,1,0.5365423199164948,1
LogReg,holdout,priors_set_1,300,0,0.3516013933691158,0
LogReg,holdout,priors_set_1,301,0,0.16951633523388346,0
LogReg,holdout,priors_set_1,302,1,0.6170214474309403,1
LogReg,holdout,priors_set_1,306,0,0.6170214474309403,0
LogReg,holdout,priors_set_1,322,0,0.4166156358691416,1
LogReg,holdout,priors_set_1,325,1,0.27224952513656475,1
LogReg,holdout,priors_set_1,331,1,0.4166156358691416,1
LogReg,holdout,priors_set_1,333,1,0.5502298630919802,1
LogReg,holdout,priors_set_1,334,0,0.4040725317590792,0
LogReg,holdout,priors_set_1,342,0,0.22122109864453443,0
LogReg,holdout,priors_set_1,346,0,0.4743520318620583,0
LogReg,holdout,priors_set_1,347,0,0.6046987874694704,0
LogReg,holdout,priors_set_1,350,1,0.6046987874694704,1
LogReg,holdout,priors_set_1,351,1,0.4166156358691416,1
LogReg,holdout,priors_set_1,354,1,0.33987531977916313,1
LogReg,holdout,priors_set_1,355,1,0.23028154013745278,1
LogReg,holdout,priors_set_1,356,0,0.6170214474309403,1
LogReg,holdout,priors_set_1,359,1,0.28264141049475927,1
LogReg,holdout,priors_set_1,363,0,0.4040725317590792,0
LogReg,holdout,priors_set_1,365,1,0.5365423199164948,1
LogReg,holdout,priors_set_1,368,0,0.523629383700147,1
LogReg,holdout,priors_set_1,369,0,0.33987531977916313,0
LogReg,holdout,priors_set_1,372,1,0.5502298630919802,0
LogReg,holdout,priors_set_1,373,0,0.27224952513656475,0
LogReg,holdout,priors_set_1,375,0,0.3516013933691158,0
LogReg,holdout,priors_set_1,377,0,0.5373694620423431,0
LogReg,holdout,priors_set_1,381,1,0.3516013933691158,1
LogReg,holdout,priors_set_1,382,1,0.3516013933691158,1
LogReg,holdout,priors_set_1,387,1,0.4166156358691416,1
LogReg,holdout,priors_set_1,393,1,0.4166156358691416,1
LogReg,holdout,priors_set_1,399,1,0.6170214474309403,1
LogReg,holdout,priors_set_1,403,0,0.27224952513656475,0
LogReg,holdout,priors_set_1,404,1,0.4040725317590792,1
LogReg,holdout,priors_set_1,412,1,0.5373694620423431,1
LogReg,holdout,priors_set_1,417,0,0.23028154013745278,0
LogReg,holdout,priors_set_1,418,1,0.4166156358691416,0
LogReg,holdout,priors_set_1,419,0,0.16951633523388346,0
LogReg,holdout,priors_set_1,420,0,0.4166156358691416,1
LogReg,holdout,priors_set_1,424,1,0.28264141049475927,1
LogReg,holdout,priors_set_1,426,0,0.22122109864453443,0
LogReg,holdout,priors_set_1,430,0,0.2803952390055993,0
LogReg,holdout,priors_set_1,432,0,0.2857146416277822,0
LogReg,holdout,priors_set_1,433,0,0.33697908734035853,0
LogReg,holdout,priors_set_1,440,1,0.27224952513656475,1
LogReg,holdout,priors_set_1,442,1,0.6170214474309403,0
LogReg,holdout,priors_set_1,444,0,0.6046987874694704,0
LogReg,holdout,priors_set_1,445,0,0.5373694620423431,1
LogReg,holdout,priors_set_1,450,1,0.4040725317590792,0
LogReg,holdout,priors_set_1,452,0,0.40096152753059144,0
LogReg,holdout,priors_set_1,455,0,0.4166156358691416,1
LogReg,holdout,priors_set_1,456,1,0.4166156358691416,1
LogReg,holdout,priors_set_1,459,0,0.22122109864453443,0
LogReg,holdout,priors_set_1,461,1,0.2857146416277822,0
LogReg,holdout,priors_set_1,462,1,0.27224952513656475,1
LogReg,holdout,priors_set_1,466,0,0.28264141049475927,1
LogReg,holdout,priors_set_1,468,0,0.20971081516602832,0
LogReg,holdout,priors_set_1,470,1,0.6170214474309403,1
LogReg,holdout,priors_set_1,472,1,0.6170214474309403,1
LogReg,holdout,priors_set_1,477,0,0.2803952390055993,0
LogReg,holdout,priors_set_1,480,0,0.4040725317590792,0
LogReg,holdout,priors_set_1,482,1,0.3516013933691158,0
LogReg,holdout,priors_set_1,483,0,0.33987531977916313,0
LogReg,holdout,priors_set_1,487,0,0.34502873267998735,1
LogReg,holdout,priors_set_1,488,0,0.2803952390055993,0
LogReg,holdout,priors_set_1,490,1,0.16951633523388346,0
LogReg,holdout,priors_set_1,497,1,0.33697908734035853,1
LogReg,holdout,priors_set_1,506,0,0.6170214474309403,0
LogReg,holdout,priors_set_1,507,1,0.3516013933691158,1
LogReg,holdout,priors_set_1,515,0,0.16951633523388346,0
LogReg,holdout,priors_set_1,519,1,0.6170214474309403,1
LogReg,holdout,priors_set_1,522,1,0.33987531977916313,0
LogReg,holdout,priors_set_1,531,0,0.2857146416277822,0
LogReg,holdout,priors_set_1,538,1,0.4166156358691416,1
LogReg,holdout,priors_set_1,542,1,0.16951633523388346,0
LogReg,holdout,priors_set_1,547,0,0.3391293294774767,1
LogReg,holdout,priors_set_1,548,0,0.21186274041628061,1
LogReg,holdout,priors_set_1,558,1,0.4743520318620583,1
LogReg,holdout,priors_set_1,566,1,0.33697908734035853,1
LogReg,holdout,priors_set_1,571,1,0.3516013933691158,1
LogReg,holdout,priors_set_1,578,0,0.4166156358691416,0
LogReg,holdout,priors_set_1,579,1,0.4201971110918803,1
LogReg,holdout,priors_set_1,582,0,0.3516013933691158,1
LogReg,holdout,priors_set_1,584,0,0.27224952513656475,0
LogReg,holdout,priors_set_1,587,1,0.28264141049475927,1
LogReg,holdout,priors_set_1,600,0,0.21186274041628061,1
LogReg,holdout,priors_set_1,601,1,0.6170214474309403,1
LogReg,holdout,priors_set_1,602,1,0.28264141049475927,1
LogReg,holdout,priors_set_1,606,0,0.27224952513656475,0
LogReg,holdout,priors_set_1,607,1,0.33987531977916313,0
LogReg,holdout,priors_set_1,609,0,0.5373694620423431,0
LogReg,holdout,priors_set_1,610,1,0.4040725317590792,0
LogReg,holdout,priors_set_1,611,0,0.22122109864453443,0
LogReg,holdout,priors_set_1,612,0,0.6046987874694704,0
LogReg,holdout,priors_set_1,617,1,0.28264141049475927,0
LogReg,holdout,priors_set_1,618,1,0.3391293294774767,1
LogReg,holdout,priors_set_1,620,1,0.6170214474309403,1
LogReg,holdout,priors_set_1,637,1,0.6170214474309403,1
LogReg,holdout,priors_set_1,645,0,0.5365423199164948,0
LogReg,holdout,priors_set_1,646,0,0.38771683426211695,1
LogReg,holdout,priors_set_1,648,0,0.5365423199164948,1
LogReg,holdout,priors_set_1,649,1,0.4166156358691416,1
LogReg,holdout,priors_set_1,656,0,0.3516013933691158,0
LogReg,holdout,priors_set_1,663,1,0.6046987874694704,1
LogReg,holdout,priors_set_1,665,0,0.28264141049475927,1
LogReg,holdout,priors_set_1,668,0,0.3391293294774767,1
LogReg,holdout,priors_set_1,669,0,0.33987531977916313,0
LogReg,holdout,priors_set_1,674,0,0.45173250426894207,0
LogReg,holdout,priors_set_1,677,0,0.6046987874694704,0
LogReg,holdout,priors_set_1,679,0,0.2803952390055993,0
LogReg,holdout,priors_set_1,682,1,0.4166156358691416,0
LogReg,holdout,priors_set_1,685,0,0.33697908734035853,1
LogReg,holdout,priors_set_1,692,0,0.3516013933691158,1
LogReg,holdout,priors_set_1,694,1,0.3516013933691158,1
LogReg,holdout,priors_set_1,695,0,0.4166156358691416,1
LogReg,holdout,priors_set_1,696,1,0.33987531977916313,0
LogReg,holdout,priors_set_1,699,0,0.27224952513656475,0
LogReg,holdout,priors_set_1,701,0,0.5365423199164948,0
LogReg,holdout,priors_set_1,703,1,0.4166156358691416,1
LogReg,holdout,priors_set_1,706,0,0.4166156358691416,1
LogReg,holdout,priors_set_1,708,1,0.28264141049475927,1
LogReg,holdout,priors_set_1,710,1,0.23028154013745278,1
LogReg,holdout,priors_set_1,713,0,0.3516013933691158,0
LogReg,holdout,priors_set_1,714,0,0.22122109864453443,0
LogReg,holdout,priors_set_1,718,0,0.40096152753059144,0
LogReg,holdout,priors_set_1,719,0,0.27224952513656475,0
LogReg,holdout,priors_set_1,729,0,0.4040725317590792,0
LogReg,holdout,priors_set_1,730,0,0.27224952513656475,0
LogReg,holdout,priors_set_1,733,1,0.6170214474309403,0
LogReg,holdout,priors_set_1,737,1,0.4166156358691416,1
LogReg,holdout,priors_set_1,740,1,0.4166156358691416,1
LogReg,holdout,priors_set_1,743,0,0.4040725317590792,0
LogReg,holdout,priors_set_1,751,0,0.4166156358691416,0
LogReg,holdout,priors_set_1,752,0,0.27224952513656475,0
LogReg,holdout,priors_set_1,761,1,0.4166156358691416,1
LogReg,holdout,priors_set_1,767,1,0.4166156358691416,0
LogReg,holdout,priors_set_1,782,1,0.3516013933691158,0
LogReg,holdout,priors_set_1,787,0,0.23028154013745278,1
LogReg,holdout,priors_set_1,790,1,0.3516013933691158,1
LogReg,holdout,priors_set_1,791,0,0.4166156358691416,0
LogReg,holdout,priors_set_1,797,1,0.4166156358691416,1
LogReg,holdout,priors_set_1,799,1,0.4166156358691416,1
LogReg,holdout,priors_set_1,803,1,0.3516013933691158,0
LogReg,holdout,priors_set_1,805,0,0.3276090431607146,1
LogReg,holdout,priors_set_1,808,1,0.28264141049475927,1
LogReg,holdout,priors_set_1,810,0,0.4040725317590792,0
LogReg,holdout,priors_set_1,813,1,0.454938268114597,1
LogReg,holdout,priors_set_1,816,0,0.5373694620423431,0
LogReg,holdout,priors_set_1,817,1,0.39336808562092235,1
LogReg,holdout,priors_set_1,820,1,0.3516013933691158,1
LogReg,holdout,priors_set_1,822,1,0.23028154013745278,1
LogReg,holdout,priors_set_1,823,1,0.5373694620423431,1
LogReg,holdout,priors_set_1,827,0,0.4166156358691416,0
LogReg,holdout,priors_set_1,833,1,0.3516013933691158,0
LogReg,holdout,priors_set_1,834,0,0.3391293294774767,0
LogReg,holdout,priors_set_1,846,0,0.6046987874694704,1
LogReg,holdout,priors_set_1,847,0,0.5502298630919802,1
LogReg,holdout,priors_set_1,849,0,0.18079010149360422,0
LogReg,holdout,priors_set_1,851,0,0.18079010149360422,0
LogReg,holdout,priors_set_1,855,0,0.4040725317590792,0
LogReg,holdout,priors_set_1,856,0,0.4166156358691416,1
LogReg,holdout,priors_set_1,857,0,0.4166156358691416,1
LogReg,holdout,priors_set_1,859,1,0.3516013933691158,1
LogReg,holdout,priors_set_1,867,1,0.22518913197277277,0
LogReg,holdout,priors_set_1,872,1,0.2803952390055993,1
LogReg,holdout,priors_set_1,874,0,0.4166156358691416,0
LogReg,holdout,priors_set_1,879,0,0.22122109864453443,0
LogReg,holdout,priors_set_1,880,0,0.40096152753059144,0
LogReg,holdout,priors_set_1,882,1,0.3516013933691158,1
LogReg,holdout,priors_set_1,888,0,0.4166156358691416,0
LogReg,holdout,priors_set_1,890,1,0.33987531977916313,0
LogReg,holdout,priors_set_1,892,1,0.3516013933691158,1
LogReg,holdout,priors_set_1,894,0,0.3391293294774767,1
LogReg,holdout,priors_set_1,895,1,0.3391293294774767,1
LogReg,holdout,priors_set_1,899,0,0.3276090431607146,0
LogReg,holdout,priors_set_1,902,0,0.28264141049475927,0
LogReg,holdout,priors_set_1,906,1,0.4166156358691416,0
LogReg,holdout,priors_set_1,907,0,0.4166156358691416,1
LogReg,holdout,priors_set_1,910,1,0.4166156358691416,1
LogReg,holdout,priors_set_1,916,0,0.33987531977916313,1
LogReg,holdout,priors_set_1,918,1,0.5365423199164948,1
LogReg,holdout,priors_set_1,919,0,0.18079010149360422,0
LogReg,holdout,priors_set_1,923,0,0.33987531977916313,1
LogReg,holdout,priors_set_1,926,0,0.4166156358691416,0
LogReg,holdout,priors_set_1,933,1,0.6170214474309403,1
LogReg,holdout,priors_set_1,936,0,0.28264141049475927,0
LogReg,holdout,priors_set_1,937,0,0.4040725317590792,0
LogReg,holdout,priors_set_1,938,0,0.523629383700147,1
LogReg,holdout,priors_set_1,939,1,0.5430539451098293,1
LogReg,holdout,priors_set_1,950,0,0.6170214474309403,0
LogReg,holdout,priors_set_1,951,1,0.3516013933691158,1
LogReg,holdout,priors_set_1,959,1,0.3516013933691158,0
LogReg,holdout,priors_set_1,961,0,0.16951633523388346,1
LogReg,holdout,priors_set_1,962,0,0.33987531977916313,0
LogReg,holdout,priors_set_1,964,0,0.3391293294774767,1
LogReg,holdout,priors_set_1,967,0,0.16951633523388346,0
LogReg,holdout,priors_set_1,968,1,0.6046987874694704,0
LogReg,holdout,priors_set_1,969,0,0.21186274041628061,1
LogReg,holdout,priors_set_1,975,0,0.28264141049475927,0
LogReg,holdout,priors_set_1,977,1,0.5430539451098293,0
LogReg,holdout,priors_set_1,982,0,0.5430539451098293,0
LogReg,holdout,priors_set_1,986,1,0.4166156358691416,1
LogReg,holdout,priors_set_1,994,0,0.33987531977916313,0
LogReg,holdout,priors_set_1,995,1,0.4166156358691416,1
LogReg,holdout,priors_set_1,998,0,0.2857146416277822,0
LogReg,holdout,priors_set_1,1003,0,0.28264141049475927,0
LogReg,holdout,priors_set_1,1004,0,0.27005484895928755,0
LogReg,holdout,priors_set_1,1008,1,0.5502298630919802,1
LogReg,holdout,priors_set_1,1013,1,0.27224952513656475,1
LogReg,holdout,priors_set_1,1014,0,0.3391293294774767,0
LogReg,holdout,priors_set_1,1023,1,0.6046987874694704,1
LogReg,holdout,priors_set_1,1024,1,0.4166156358691416,1
LogReg,holdout,priors_set_1,1025,1,0.3516013933691158,0
LogReg,holdout,priors_set_1,1027,0,0.3516013933691158,0
LogReg,holdout,priors_set_1,1030,0,0.5502298630919802,1
LogReg,holdout,priors_set_1,1034,0,0.3516013933691158,0
LogReg,holdout,priors_set_1,1036,1,0.5502298630919802,1
LogReg,holdout,priors_set_1,1042,0,0.3516013933691158,1
LogReg,holdout,priors_set_1,1043,1,0.3516013933691158,0
LogReg,holdout,priors_set_1,1049,1,0.3276090431607146,0
LogReg,holdout,priors_set_1,1053,1,0.6170214474309403,0
LogReg,holdout,priors_set_1,1056,1,0.27224952513656475,0
LogReg,holdout,priors_set_1,1060,0,0.27224952513656475,0
LogReg,holdout,priors_set_1,1070,0,0.33987531977916313,0
LogReg,holdout,priors_set_1,1072,1,0.6046987874694704,0
LogReg,holdout,priors_set_1,1074,0,0.33987531977916313,0
LogReg,holdout,priors_set_1,1078,0,0.22518913197277277,1
LogReg,holdout,priors_set_1,1080,0,0.5502298630919802,1
LogReg,holdout,priors_set_1,1084,1,0.2857146416277822,0
LogReg,holdout,priors_set_1,1086,1,0.4040725317590792,1
LogReg,holdout,priors_set_1,1093,0,0.4166156358691416,0
LogReg,holdout,priors_set_1,1101,1,0.33987531977916313,1
LogReg,holdout,priors_set_1,1104,0,0.22122109864453443,1
LogReg,holdout,priors_set_1,1106,1,0.3516013933691158,0
LogReg,holdout,priors_set_1,1107,0,0.3516013933691158,0
LogReg,holdout,priors_set_1,1108,0,0.33987531977916313,0
LogReg,holdout,priors_set_1,1109,0,0.2857146416277822,1
LogReg,holdout,priors_set_1,1111,0,0.21186274041628061,1
LogReg,holdout,priors_set_1,1120,0,0.22064849118781032,0
LogReg,holdout,priors_set_1,1122,0,0.454938268114597,0
LogReg,holdout,priors_set_1,1124,1,0.4040725317590792,1
LogReg,holdout,priors_set_1,1127,0,0.4040725317590792,0
LogReg,holdout,priors_set_1,1128,0,0.6170214474309403,1
LogReg,holdout,priors_set_1,1129,0,0.4166156358691416,0
LogReg,holdout,priors_set_1,1130,1,0.4166156358691416,1
LogReg,holdout,priors_set_1,1131,1,0.6170214474309403,1
LogReg,holdout,priors_set_1,1132,0,0.34502873267998735,0
LogReg,holdout,priors_set_1,1136,1,0.28264141049475927,1
LogReg,holdout,priors_set_1,1138,0,0.4040725317590792,0
LogReg,holdout,priors_set_1,1139,0,0.6170214474309403,0
LogReg,holdout,priors_set_1,1141,1,0.3516013933691158,1
LogReg,holdout,priors_set_1,1142,0,0.21900053185490528,0
LogReg,holdout,priors_set_1,1144,1,0.4166156358691416,1
LogReg,holdout,priors_set_1,1146,1,0.4040725317590792,1
LogReg,holdout,priors_set_1,1150,0,0.4166156358691416,0
LogReg,holdout,priors_set_1,1151,0,0.4678208015503157,0
LogReg,holdout,priors_set_1,1154,0,0.27224952513656475,0
LogReg,holdout,priors_set_1,1157,0,0.3391293294774767,0
LogReg,holdout,priors_set_1,1158,0,0.33987531977916313,0
LogReg,holdout,priors_set_1,1159,1,0.4040725317590792,0
LogReg,holdout,priors_set_1,1165,0,0.6170214474309403,1
LogReg,holdout,priors_set_1,1169,0,0.4166156358691416,1
LogReg,holdout,priors_set_1,1170,0,0.3391293294774767,0
LogReg,holdout,priors_set_1,1179,0,0.5502298630919802,1
LogReg,holdout,priors_set_1,1180,1,0.4166156358691416,1
LogReg,holdout,priors_set_1,1184,0,0.4166156358691416,0
LogReg,holdout,priors_set_1,1185,1,0.3391293294774767,1
LogReg,holdout,priors_set_1,1190,1,0.6170214474309403,1
LogReg,holdout,priors_set_1,1191,0,0.6016024929266277,1
LogReg,holdout,priors_set_1,1192,1,0.27224952513656475,1
LogReg,holdout,priors_set_1,1193,1,0.4678208015503157,0
LogReg,holdout,priors_set_1,1199,1,0.3391293294774767,1
LogReg,holdout,priors_set_1,1201,0,0.4040725317590792,0
LogReg,holdout,priors_set_1,1203,0,0.6170214474309403,1
LogReg,holdout,priors_set_1,1204,1,0.33987531977916313,0
LogReg,holdout,priors_set_1,1206,0,0.23028154013745278,0
LogReg,holdout,priors_set_1,1207,1,0.40096152753059144,0
LogReg,holdout,priors_set_1,1209,1,0.3391293294774767,1
LogReg,holdout,priors_set_1,1218,0,0.27224952513656475,0
LogReg,holdout,priors_set_1,1219,0,0.21186274041628061,0
LogReg,holdout,priors_set_1,1224,1,0.34502873267998735,0
LogReg,holdout,priors_set_1,1237,1,0.5502298630919802,1
LogReg,holdout,priors_set_1,1238,1,0.6046987874694704,1
LogReg,holdout,priors_set_1,1239,0,0.22518913197277277,0
LogReg,holdout,priors_set_1,1240,0,0.4040725317590792,1
LogReg,holdout,priors_set_1,1241,1,0.4166156358691416,0
LogReg,holdout,priors_set_1,1245,0,0.21186274041628061,1
LogReg,holdout,priors_set_1,1246,0,0.6170214474309403,1
LogReg,holdout,priors_set_1,1254,0,0.22064849118781032,0
LogReg,holdout,priors_set_1,1255,1,0.5502298630919802,0
LogReg,holdout,priors_set_1,1256,0,0.454725776208168,0
LogReg,holdout,priors_set_1,1260,1,0.33987531977916313,1
LogReg,holdout,priors_set_1,1264,1,0.3516013933691158,1
LogReg,holdout,priors_set_1,1265,0,0.33987531977916313,0
LogReg,holdout,priors_set_1,1271,0,0.22122109864453443,0
LogReg,holdout,priors_set_1,1272,0,0.4040725317590792,0
LogReg,holdout,priors_set_1,1277,1,0.27224952513656475,1
LogReg,holdout,priors_set_1,1282,0,0.4166156358691416,0
LogReg,holdout,priors_set_1,1283,1,0.40096152753059144,0
LogReg,holdout,priors_set_1,1284,0,0.22122109864453443,0
LogReg,holdout,priors_set_1,1285,1,0.4166156358691416,1
LogReg,holdout,priors_set_1,1289,0,0.4166156358691416,1
LogReg,holdout,priors_set_1,1295,0,0.27224952513656475,0
LogReg,holdout,priors_set_1,1296,1,0.34502873267998735,0
LogReg,holdout,priors_set_1,1297,1,0.4166156358691416,1
LogReg,holdout,priors_set_1,1303,0,0.28264141049475927,1
LogReg,holdout,priors_set_1,1315,0,0.33987531977916313,0
LogReg,holdout,priors_set_1,1316,0,0.28264141049475927,1
LogReg,holdout,priors_set_1,1320,1,0.28264141049475927,1
LogReg,holdout,priors_set_1,1322,1,0.5365423199164948,1
LogReg,holdout,priors_set_1,1323,1,0.3516013933691158,0
LogReg,holdout,priors_set_1,1324,1,0.6046987874694704,1
LogReg,holdout,priors_set_1,1332,0,0.21186274041628061,0
LogReg,holdout,priors_set_1,1337,0,0.5365423199164948,0
LogReg,holdout,priors_set_1,1341,0,0.2232574411393062,0
LogReg,holdout,priors_set_1,1347,0,0.4166156358691416,0
LogReg,holdout,priors_set_1,1352,0,0.523629383700147,0
LogReg,holdout,priors_set_1,1354,0,0.11861503506726294,0
LogReg,holdout,priors_set_1,1355,0,0.40096152753059144,0
LogReg,holdout,priors_set_1,1360,1,0.6046987874694704,0
LogReg,holdout,priors_set_1,1361,1,0.6170214474309403,1
LogReg,holdout,priors_set_1,1362,0,0.22122109864453443,0
LogReg,holdout,priors_set_1,1366,0,0.33697908734035853,0
LogReg,holdout,priors_set_1,1367,0,0.4166156358691416,1
LogReg,holdout,priors_set_1,1371,0,0.4166156358691416,1
LogReg,holdout,priors_set_1,1375,1,0.4040725317590792,1
LogReg,holdout,priors_set_1,1376,0,0.4166156358691416,0
LogReg,holdout,priors_set_1,1381,0,0.3391293294774767,0
LogReg,holdout,priors_set_1,1383,1,0.4166156358691416,1
LogReg,holdout,priors_set_1,1384,1,0.16951633523388346,0
LogReg,holdout,priors_set_1,1391,0,0.22122109864453443,0
LogReg,holdout,priors_set_1,1396,1,0.5373694620423431,0
LogReg,holdout,priors_set_1,1405,1,0.4166156358691416,1
LogReg,holdout,priors_set_1,1406,0,0.5365423199164948,1
LogReg,holdout,priors_set_1,1410,0,0.22122109864453443,0
LogReg,holdout,priors_set_1,1411,1,0.3516013933691158,0
LogReg,holdout,priors_set_1,1413,0,0.3516013933691158,1
LogReg,holdout,priors_set_1,1414,1,0.5373694620423431,1
LogReg,holdout,priors_set_1,1415,1,0.27224952513656475,0
LogReg,holdout,priors_set_1,1416,0,0.23028154013745278,1
LogReg,holdout,priors_set_1,1422,1,0.4040725317590792,1
LogReg,holdout,priors_set_1,1425,0,0.23028154013745278,0
LogReg,holdout,priors_set_1,1440,1,0.3276090431607146,1
LogReg,holdout,priors_set_1,1442,1,0.269694127545027,0
LogReg,holdout,priors_set_1,1445,0,0.3276090431607146,0
LogReg,holdout,priors_set_1,1446,0,0.6170214474309403,1
LogReg,holdout,priors_set_1,1450,1,0.5502298630919802,1
LogReg,holdout,priors_set_1,1451,1,0.33987531977916313,0
LogReg,holdout,priors_set_1,1457,0,0.4166156358691416,1
LogReg,holdout,priors_set_1,1460,0,0.4166156358691416,1
LogReg,holdout,priors_set_1,1463,0,0.27224952513656475,0
LogReg,holdout,priors_set_1,1465,0,0.28264141049475927,0
LogReg,holdout,priors_set_1,1471,0,0.4166156358691416,0
LogReg,holdout,priors_set_1,1474,0,0.27224952513656475,0
LogReg,holdout,priors_set_1,1479,0,0.3516013933691158,0
LogReg,holdout,priors_set_1,1489,0,0.27224952513656475,0
LogReg,holdout,priors_set_1,1491,1,0.4166156358691416,1
LogReg,holdout,priors_set_1,1494,1,0.4166156358691416,1
LogReg,holdout,priors_set_1,1496,0,0.6170214474309403,0
LogReg,holdout,priors_set_1,1498,0,0.6046987874694704,1
LogReg,holdout,priors_set_1,1499,0,0.5502298630919802,0
LogReg,holdout,priors_set_1,1500,0,0.27005484895928755,0
LogReg,holdout,priors_set_1,1501,0,0.4166156358691416,1
LogReg,holdout,priors_set_1,1507,1,0.4166156358691416,0
LogReg,holdout,priors_set_1,1508,0,0.2803952390055993,0
LogReg,holdout,priors_set_1,1509,1,0.21186274041628061,0
LogReg,holdout,priors_set_1,1513,1,0.21186274041628061,0
LogReg,holdout,priors_set_1,1514,0,0.6170214474309403,0
LogReg,holdout,priors_set_1,1524,0,0.2857146416277822,0
LogReg,holdout,priors_set_1,1525,1,0.40096152753059144,1
LogReg,holdout,priors_set_1,1528,1,0.27224952513656475,0
LogReg,holdout,priors_set_1,1529,0,0.3549640345603204,0
LogReg,holdout,priors_set_1,1531,1,0.28264141049475927,1
LogReg,holdout,priors_set_1,1532,1,0.4166156358691416,1
LogReg,holdout,priors_set_1,1533,1,0.4166156358691416,1
LogReg,holdout,priors_set_1,1534,0,0.33697908734035853,0
LogReg,holdout,priors_set_1,1539,0,0.4166156358691416,1
LogReg,holdout,priors_set_1,1540,0,0.1727626807131403,0
LogReg,holdout,priors_set_1,1541,0,0.22122109864453443,1
LogReg,holdout,priors_set_1,1544,0,0.4166156358691416,0
LogReg,holdout,priors_set_1,1546,0,0.4166156358691416,1
LogReg,holdout,priors_set_1,1547,1,0.6170214474309403,1
LogReg,holdout,priors_set_1,1549,0,0.2803952390055993,0
LogReg,holdout,priors_set_1,1550,1,0.4166156358691416,1
LogReg,holdout,priors_set_1,1551,1,0.22122109864453443,0
LogReg,holdout,priors_set_1,1554,1,0.5502298630919802,1
LogReg,holdout,priors_set_1,1555,1,0.17694026448355826,1
LogReg,holdout,priors_set_1,1566,0,0.4166156358691416,1
LogReg,holdout,priors_set_1,1568,1,0.3516013933691158,0
LogReg,holdout,priors_set_1,1569,0,0.5502298630919802,1
LogReg,holdout,priors_set_1,1570,0,0.33987531977916313,0
LogReg,holdout,priors_set_1,1571,1,0.3516013933691158,0
LogReg,holdout,priors_set_1,1577,0,0.22122109864453443,0
LogReg,holdout,priors_set_1,1580,1,0.6046987874694704,0
LogReg,holdout,priors_set_1,1581,1,0.4678208015503157,1
LogReg,holdout,priors_set_1,1582,0,0.34502873267998735,0
LogReg,holdout,priors_set_1,1587,1,0.6170214474309403,0
LogReg,holdout,priors_set_1,1590,1,0.27224952513656475,1
LogReg,holdout,priors_set_1,1591,1,0.4040725317590792,0
LogReg,holdout,priors_set_1,1599,1,0.4040725317590792,1
LogReg,holdout,priors_set_1,1601,1,0.4166156358691416,1
LogReg,holdout,priors_set_1,1603,1,0.4166156358691416,0
LogReg,holdout,priors_set_1,1607,1,0.5502298630919802,1
LogReg,holdout,priors_set_1,1608,1,0.6170214474309403,1
LogReg,holdout,priors_set_1,1614,1,0.4166156358691416,1
LogReg,holdout,priors_set_1,1615,1,0.4166156358691416,1
LogReg,holdout,priors_set_1,1621,1,0.4040725317590792,1
LogReg,holdout,priors_set_1,1622,0,0.27005484895928755,0
LogReg,holdout,priors_set_1,1623,0,0.5502298630919802,1
LogReg,holdout,priors_set_1,1625,0,0.33987531977916313,0
LogReg,holdout,priors_set_1,1630,0,0.4166156358691416,1
LogReg,holdout,priors_set_1,1635,0,0.18079010149360422,0
LogReg,holdout,priors_set_1,1637,1,0.4166156358691416,1
LogReg,holdout,priors_set_1,1645,0,0.22122109864453443,0
LogReg,holdout,priors_set_1,1658,1,0.4166156358691416,1
LogReg,holdout,priors_set_1,1660,0,0.4040725317590792,0
LogReg,holdout,priors_set_1,1661,1,0.6046987874694704,0
LogReg,holdout,priors_set_1,1672,0,0.23028154013745278,0
LogReg,holdout,priors_set_1,1673,1,0.27224952513656475,0
LogReg,holdout,priors_set_1,1674,0,0.27224952513656475,0
LogReg,holdout,priors_set_1,1675,0,0.22122109864453443,0
LogReg,holdout,priors_set_1,1676,1,0.28264141049475927,0
LogReg,holdout,priors_set_1,1677,0,0.3391293294774767,0
LogReg,holdout,priors_set_1,1679,0,0.6016024929266277,0
LogReg,holdout,priors_set_1,1682,0,0.4166156358691416,0
LogReg,holdout,priors_set_1,1684,0,0.6170214474309403,1
LogReg,holdout,priors_set_1,1687,1,0.22122109864453443,0
LogReg,holdout,priors_set_1,1699,0,0.2803952390055993,0
LogReg,holdout,priors_set_1,1704,0,0.28264141049475927,0
LogReg,holdout,priors_set_1,1706,0,0.2803952390055993,0
LogReg,holdout,priors_set_1,1709,0,0.3516013933691158,0
LogReg,holdout,priors_set_1,1711,0,0.4166156358691416,0
LogReg,holdout,priors_set_1,1715,0,0.3391293294774767,0
LogReg,holdout,priors_set_1,1730,0,0.28264141049475927,0
LogReg,holdout,priors_set_1,1731,0,0.4166156358691416,0
LogReg,holdout,priors_set_1,1734,1,0.5373694620423431,0
LogReg,holdout,priors_set_1,1735,0,0.4166156358691416,1
LogReg,holdout,priors_set_1,1737,1,0.24313440763854693,1
LogReg,holdout,priors_set_1,1740,0,0.3516013933691158,0
LogReg,holdout,priors_set_1,1741,1,0.5430539451098293,0
LogReg,holdout,priors_set_1,1760,0,0.4040725317590792,0
LogReg,holdout,priors_set_1,1770,1,0.2803952390055993,1
LogReg,holdout,priors_set_1,1771,1,0.6016024929266277,1
LogReg,holdout,priors_set_1,1773,0,0.4166156358691416,1
LogReg,holdout,priors_set_1,1775,1,0.6046987874694704,1
LogReg,holdout,priors_set_1,1779,0,0.6170214474309403,0
LogReg,holdout,priors_set_1,1780,0,0.4166156358691416,0
LogReg,holdout,priors_set_1,1783,0,0.6016024929266277,1
LogReg,holdout,priors_set_1,1785,0,0.523629383700147,1
LogReg,holdout,priors_set_1,1786,0,0.22122109864453443,0
LogReg,holdout,priors_set_1,1793,0,0.22122109864453443,0
LogReg,holdout,priors_set_1,1795,0,0.33697908734035853,0
LogReg,holdout,priors_set_1,1799,1,0.4040725317590792,1
LogReg,holdout,priors_set_1,1800,0,0.4040725317590792,1
LogReg,holdout,priors_set_1,1801,0,0.22064849118781032,0
LogReg,holdout,priors_set_1,1806,0,0.6170214474309403,1
LogReg,holdout,priors_set_1,1809,1,0.27224952513656475,0
LogReg,holdout,priors_set_1,1810,0,0.27224952513656475,0
LogReg,holdout,priors_set_1,1818,1,0.6170214474309403,1
LogReg,holdout,priors_set_1,1820,1,0.6170214474309403,1
LogReg,holdout,priors_set_1,1830,0,0.4166156358691416,1
LogReg,holdout,priors_set_1,1836,0,0.2857146416277822,0
LogReg,holdout,priors_set_1,1839,0,0.2803952390055993,0
LogReg,holdout,priors_set_1,1850,0,0.3276090431607146,0
LogReg,holdout,priors_set_1,1851,0,0.6046987874694704,0
LogReg,holdout,priors_set_1,1853,1,0.3516013933691158,1
LogReg,holdout,priors_set_1,1855,0,0.4166156358691416,1
LogReg,holdout,priors_set_1,1858,0,0.28264141049475927,0
LogReg,holdout,priors_set_1,1859,1,0.4040725317590792,0
LogReg,holdout,priors_set_1,1860,1,0.2232574411393062,0
LogReg,holdout,priors_set_1,1863,0,0.27224952513656475,0
LogReg,holdout,priors_set_1,1865,0,0.6170214474309403,1
LogReg,holdout,priors_set_1,1869,1,0.3391293294774767,0
LogReg,holdout,priors_set_1,1874,0,0.4166156358691416,0
LogReg,holdout,priors_set_1,1892,1,0.2803952390055993,1
LogReg,holdout,priors_set_1,1893,0,0.22122109864453443,0
LogReg,holdout,priors_set_1,1894,1,0.4166156358691416,1
LogReg,holdout,priors_set_1,1895,1,0.6046987874694704,1
LogReg,holdout,priors_set_1,1897,0,0.23028154013745278,1
LogReg,holdout,priors_set_1,1898,1,0.6170214474309403,1
LogReg,holdout,priors_set_1,1900,1,0.23028154013745278,0
LogReg,holdout,priors_set_1,1901,1,0.4166156358691416,0
LogReg,holdout,priors_set_1,1902,0,0.28264141049475927,0
LogReg,holdout,priors_set_1,1905,1,0.523629383700147,0
LogReg,holdout,priors_set_1,1906,0,0.5502298630919802,1
LogReg,holdout,priors_set_1,1907,0,0.28264141049475927,0
LogReg,holdout,priors_set_1,1921,1,0.6170214474309403,1
LogReg,holdout,priors_set_1,1929,0,0.33987531977916313,0
LogReg,holdout,priors_set_1,1933,1,0.4166156358691416,0
LogReg,holdout,priors_set_1,1935,0,0.5502298630919802,1
LogReg,holdout,priors_set_1,1939,1,0.33987531977916313,0
LogReg,holdout,priors_set_1,1943,1,0.6170214474309403,0
LogReg,holdout,priors_set_1,1946,0,0.23028154013745278,0
LogReg,holdout,priors_set_1,1957,1,0.3391293294774767,1
LogReg,holdout,priors_set_1,1959,1,0.6170214474309403,1
LogReg,holdout,priors_set_1,1965,1,0.4166156358691416,1
LogReg,holdout,priors_set_1,1971,0,0.5365423199164948,0
LogReg,holdout,priors_set_1,1975,0,0.4040725317590792,0
LogReg,holdout,priors_set_1,1977,0,0.6170214474309403,0
LogReg,holdout,priors_set_1,1981,1,0.3276090431607146,0
LogReg,holdout,priors_set_1,1982,1,0.6170214474309403,0
LogReg,holdout,priors_set_1,1983,0,0.5430539451098293,0
LogReg,holdout,priors_set_1,1986,1,0.6170214474309403,1
LogReg,holdout,priors_set_1,1989,0,0.34502873267998735,0
LogReg,holdout,priors_set_1,1991,1,0.28264141049475927,1
LogReg,holdout,priors_set_1,1992,1,0.4166156358691416,1
LogReg,holdout,priors_set_1,1996,0,0.4166156358691416,0
LogReg,holdout,priors_set_1,1998,0,0.27224952513656475,0
LogReg,holdout,priors_set_1,2000,1,0.2232574411393062,0
LogReg,holdout,priors_set_1,2002,1,0.22122109864453443,0
LogReg,holdout,priors_set_1,2007,1,0.5373694620423431,1
LogReg,holdout,priors_set_1,2008,0,0.4166156358691416,0
LogReg,holdout,priors_set_1,2010,1,0.2803952390055993,1
LogReg,holdout,priors_set_1,2011,1,0.3516013933691158,1
LogReg,holdout,priors_set_1,2012,1,0.4166156358691416,1
LogReg,holdout,priors_set_1,2014,0,0.27224952513656475,1
LogReg,holdout,priors_set_1,2017,0,0.3516013933691158,0
LogReg,holdout,priors_set_1,2019,0,0.16951633523388346,0
LogReg,holdout,priors_set_1,2023,0,0.33987531977916313,1
LogReg,holdout,priors_set_1,2025,1,0.6170214474309403,1
LogReg,holdout,priors_set_1,2026,0,0.27224952513656475,0
LogReg,holdout,priors_set_1,2028,0,0.4040725317590792,0
LogReg,holdout,priors_set_1,2029,0,0.22064849118781032,1
LogReg,holdout,priors_set_1,2031,0,0.33987531977916313,1
LogReg,holdout,priors_set_1,2033,1,0.6170214474309403,1
LogReg,holdout,priors_set_1,2035,1,0.4040725317590792,1
LogReg,holdout,priors_set_1,2036,0,0.6170214474309403,0
LogReg,holdout,priors_set_1,2038,1,0.4166156358691416,1
LogReg,holdout,priors_set_1,2040,0,0.4166156358691416,0
LogReg,holdout,priors_set_1,2041,0,0.28264141049475927,0
LogReg,holdout,priors_set_1,2042,0,0.5502298630919802,1
LogReg,holdout,priors_set_1,2043,0,0.2803952390055993,0
LogReg,holdout,priors_set_1,2045,0,0.269694127545027,0
LogReg,holdout,priors_set_1,2046,1,0.28264141049475927,1
LogReg,holdout,priors_set_1,2048,0,0.4166156358691416,1
LogReg,holdout,priors_set_1,2050,0,0.3516013933691158,1
LogReg,holdout,priors_set_1,2054,1,0.4166156358691416,1
LogReg,holdout,priors_set_1,2055,0,0.28264141049475927,1
LogReg,holdout,priors_set_1,2056,0,0.4040725317590792,0
LogReg,holdout,priors_set_1,2058,0,0.22064849118781032,1
LogReg,holdout,priors_set_1,2059,1,0.4166156358691416,1
LogReg,holdout,priors_set_1,2060,1,0.28264141049475927,0
LogReg,holdout,priors_set_1,2063,0,0.5502298630919802,0
LogReg,holdout,priors_set_1,2066,0,0.27224952513656475,0
LogReg,holdout,priors_set_1,2068,1,0.6170214474309403,0
LogReg,holdout,priors_set_1,2080,0,0.21186274041628061,0
LogReg,holdout,priors_set_1,2082,1,0.6170214474309403,1
LogReg,holdout,priors_set_1,2085,0,0.4166156358691416,0
LogReg,holdout,priors_set_1,2086,1,0.5430539451098293,0
LogReg,holdout,priors_set_1,2087,0,0.3516013933691158,0
LogReg,holdout,priors_set_1,2094,0,0.23028154013745278,0
LogReg,holdout,priors_set_1,2098,1,0.3516013933691158,1
LogReg,holdout,priors_set_1,2103,1,0.4166156358691416,1
LogReg,holdout,priors_set_1,2104,1,0.4166156358691416,1
LogReg,holdout,priors_set_1,2109,1,0.4166156358691416,1
LogReg,holdout,priors_set_1,2111,0,0.4743520318620583,1
LogReg,holdout,priors_set_1,2122,0,0.4040725317590792,0
LogReg,holdout,priors_set_1,2129,0,0.22122109864453443,0
LogReg,holdout,priors_set_1,2135,1,0.28264141049475927,0
LogReg,holdout,priors_set_1,2140,0,0.5502298630919802,0
LogReg,holdout,priors_set_1,2142,0,0.22064849118781032,0
LogReg,holdout,priors_set_1,2143,1,0.3516013933691158,1
LogReg,holdout,priors_set_1,2144,0,0.2803952390055993,0
LogReg,holdout,priors_set_1,2145,1,0.6046987874694704,1
LogReg,holdout,priors_set_1,2147,0,0.27224952513656475,0
LogReg,holdout,priors_set_1,2148,0,0.23028154013745278,0
LogReg,holdout,priors_set_1,2150,0,0.4166156358691416,1
LogReg,holdout,priors_set_1,2155,1,0.4166156358691416,1
LogReg,holdout,priors_set_1,2159,0,0.3391293294774767,0
LogReg,holdout,priors_set_1,2164,0,0.33987531977916313,0
LogReg,holdout,priors_set_1,2173,1,0.4166156358691416,1
LogReg,holdout,priors_set_1,2176,1,0.22122109864453443,0
LogReg,holdout,priors_set_1,2178,1,0.5365423199164948,1
LogReg,holdout,priors_set_1,2179,1,0.4743520318620583,1
LogReg,holdout,priors_set_1,2181,1,0.4166156358691416,1
LogReg,holdout,priors_set_1,2184,1,0.4166156358691416,1
LogReg,holdout,priors_set_1,2185,0,0.22518913197277277,0
LogReg,holdout,priors_set_1,2189,0,0.6170214474309403,0
LogReg,holdout,priors_set_1,2190,1,0.4166156358691416,0
LogReg,holdout,priors_set_1,2194,1,0.6170214474309403,0
LogReg,holdout,priors_set_1,2196,0,0.22122109864453443,0
LogReg,holdout,priors_set_1,2201,0,0.4040725317590792,1
LogReg,holdout,priors_set_1,2210,0,0.33987531977916313,0
LogReg,holdout,priors_set_1,2212,0,0.4166156358691416,0
LogReg,holdout,priors_set_1,2214,0,0.27224952513656475,0
LogReg,holdout,priors_set_1,2218,0,0.33987531977916313,1
LogReg,holdout,priors_set_1,2219,1,0.21186274041628061,0
LogReg,holdout,priors_set_1,2220,0,0.4166156358691416,0
LogReg,holdout,priors_set_1,2232,0,0.2857146416277822,0
LogReg,holdout,priors_set_1,2236,1,0.4166156358691416,1
LogReg,holdout,priors_set_1,2237,1,0.28264141049475927,0
LogReg,holdout,priors_set_1,2243,0,0.3391293294774767,0
LogReg,holdout,priors_set_1,2249,1,0.33987531977916313,1
LogReg,holdout,priors_set_1,2254,0,0.27005484895928755,0
LogReg,holdout,priors_set_1,2255,1,0.27458996704920735,0
LogReg,holdout,priors_set_1,2256,0,0.2803952390055993,0
LogReg,holdout,priors_set_1,2261,0,0.4166156358691416,1
LogReg,holdout,priors_set_1,2265,0,0.4166156358691416,1
LogReg,holdout,priors_set_1,2275,1,0.4040725317590792,0
LogReg,holdout,priors_set_1,2278,1,0.33987531977916313,0
LogReg,holdout,priors_set_1,2280,1,0.6046987874694704,0
LogReg,holdout,priors_set_1,2282,0,0.4166156358691416,0
LogReg,holdout,priors_set_1,2285,0,0.4166156358691416,1
LogReg,holdout,priors_set_1,2288,0,0.4040725317590792,0
LogReg,holdout,priors_set_1,2289,1,0.6046987874694704,1
LogReg,holdout,priors_set_1,2290,0,0.4166156358691416,1
LogReg,holdout,priors_set_1,2292,1,0.3516013933691158,1
LogReg,holdout,priors_set_1,2294,0,0.5502298630919802,0
LogReg,holdout,priors_set_1,2296,1,0.3516013933691158,1
LogReg,holdout,priors_set_1,2299,1,0.4040725317590792,1
LogReg,holdout,priors_set_1,2300,1,0.4166156358691416,1
LogReg,holdout,priors_set_1,2306,0,0.34502873267998735,0
LogReg,holdout,priors_set_1,2307,0,0.3276090431607146,1
LogReg,holdout,priors_set_1,2316,1,0.5373694620423431,1
LogReg,holdout,priors_set_1,2317,1,0.3516013933691158,1
LogReg,holdout,priors_set_1,2320,0,0.6170214474309403,1
LogReg,holdout,priors_set_1,2325,1,0.23028154013745278,0
LogReg,holdout,priors_set_1,2327,0,0.3276090431607146,0
LogReg,holdout,priors_set_1,2333,0,0.4040725317590792,0
LogReg,holdout,priors_set_1,2334,1,0.6170214474309403,0
LogReg,holdout,priors_set_1,2340,1,0.3276090431607146,0
LogReg,holdout,priors_set_1,2346,0,0.3391293294774767,0
LogReg,holdout,priors_set_1,2349,1,0.3516013933691158,1
LogReg,holdout,priors_set_1,2351,0,0.4166156358691416,0
LogReg,holdout,priors_set_1,2355,1,0.4040725317590792,1
LogReg,holdout,priors_set_1,2356,0,0.4166156358691416,0
LogReg,holdout,priors_set_1,2360,1,0.4040725317590792,0
LogReg,holdout,priors_set_1,2366,0,0.3516013933691158,0
LogReg,holdout,priors_set_1,2367,1,0.28264141049475927,1
LogReg,holdout,priors_set_1,2368,1,0.4166156358691416,0
LogReg,holdout,priors_set_1,2373,0,0.3391293294774767,0
LogReg,holdout,priors_set_1,2384,0,0.6170214474309403,0
LogReg,holdout,priors_set_1,2386,1,0.6170214474309403,0
LogReg,holdout,priors_set_1,2391,0,0.27224952513656475,0
LogReg,holdout,priors_set_1,2393,0,0.5204017207072511,1
LogReg,holdout,priors_set_1,2394,1,0.6016024929266277,1
LogReg,holdout,priors_set_1,2401,0,0.6170214474309403,1
LogReg,holdout,priors_set_1,2404,1,0.3516013933691158,1
LogReg,holdout,priors_set_1,2405,1,0.23028154013745278,0
LogReg,holdout,priors_set_1,2407,0,0.3516013933691158,1
LogReg,holdout,priors_set_1,2411,1,0.5502298630919802,0
LogReg,holdout,priors_set_1,2412,0,0.6046987874694704,1
LogReg,holdout,priors_set_1,2421,0,0.28264141049475927,0
LogReg,holdout,priors_set_1,2425,1,0.6170214474309403,1
LogReg,holdout,priors_set_1,2426,1,0.27224952513656475,0
LogReg,holdout,priors_set_1,2428,1,0.33987531977916313,0
LogReg,holdout,priors_set_1,2431,0,0.20971081516602832,0
LogReg,holdout,priors_set_1,2434,1,0.2803952390055993,1
LogReg,holdout,priors_set_1,2436,0,0.4166156358691416,1
LogReg,holdout,priors_set_1,2439,0,0.45173250426894207,1
LogReg,holdout,priors_set_1,2440,1,0.6170214474309403,1
LogReg,holdout,priors_set_1,2443,1,0.23028154013745278,1
LogReg,holdout,priors_set_1,2447,1,0.4040725317590792,0
LogReg,holdout,priors_set_1,2448,0,0.4040725317590792,1
LogReg,holdout,priors_set_1,2449,0,0.27224952513656475,0
LogReg,holdout,priors_set_1,2465,0,0.27224952513656475,0
LogReg,holdout,priors_set_1,2470,0,0.27005484895928755,0
LogReg,holdout,priors_set_1,2471,1,0.2857146416277822,0
LogReg,holdout,priors_set_1,2474,0,0.2232574411393062,0
LogReg,holdout,priors_set_1,2482,0,0.6046987874694704,1
LogReg,holdout,priors_set_1,2487,0,0.4166156358691416,0
LogReg,holdout,priors_set_1,2491,1,0.4166156358691416,1
LogReg,holdout,priors_set_1,2492,1,0.4166156358691416,0
LogReg,holdout,priors_set_1,2496,1,0.3391293294774767,1
LogReg,holdout,priors_set_1,2501,0,0.3516013933691158,0
LogReg,holdout,priors_set_1,2503,0,0.28264141049475927,1
LogReg,holdout,priors_set_1,2507,1,0.6170214474309403,0
LogReg,holdout,priors_set_1,2509,1,0.5430539451098293,1
LogReg,holdout,priors_set_1,2510,1,0.4166156358691416,0
LogReg,holdout,priors_set_1,2515,0,0.6170214474309403,0
LogReg,holdout,priors_set_1,2518,0,0.6046987874694704,1
LogReg,holdout,priors_set_1,2520,1,0.6170214474309403,1
LogReg,holdout,priors_set_1,2524,1,0.6016024929266277,0
LogReg,holdout,priors_set_1,2526,1,0.22122109864453443,0
LogReg,holdout,priors_set_1,2528,1,0.6170214474309403,0
LogReg,holdout,priors_set_1,2529,1,0.3391293294774767,1
LogReg,holdout,priors_set_1,2539,0,0.4166156358691416,0
LogReg,holdout,priors_set_1,2541,1,0.3516013933691158,1
LogReg,holdout,priors_set_1,2543,1,0.3516013933691158,1
LogReg,holdout,priors_set_1,2547,0,0.2857146416277822,0
LogReg,holdout,priors_set_1,2548,0,0.3516013933691158,1
LogReg,holdout,priors_set_1,2553,1,0.4040725317590792,1
LogReg,holdout,priors_set_1,2557,0,0.22122109864453443,0
LogReg,holdout,priors_set_1,2561,0,0.4040725317590792,1
LogReg,holdout,priors_set_1,2563,0,0.1960926786310396,0
LogReg,holdout,priors_set_1,2564,1,0.4166156358691416,1
LogReg,holdout,priors_set_1,2565,1,0.23028154013745278,0
LogReg,holdout,priors_set_1,2569,0,0.18079010149360422,0
LogReg,holdout,priors_set_1,2571,1,0.6170214474309403,1
LogReg,holdout,priors_set_1,2574,0,0.3516013933691158,0
LogReg,holdout,priors_set_1,2581,1,0.4166156358691416,1
LogReg,holdout,priors_set_1,2584,1,0.22122109864453443,0
LogReg,holdout,priors_set_1,2585,1,0.4166156358691416,1
LogReg,holdout,priors_set_1,2587,1,0.5365423199164948,1
LogReg,holdout,priors_set_1,2590,1,0.4166156358691416,1
LogReg,holdout,priors_set_1,2602,0,0.6170214474309403,1
LogReg,holdout,priors_set_1,2604,0,0.3276090431607146,0
LogReg,holdout,priors_set_1,2607,1,0.4166156358691416,1
LogReg,holdout,priors_set_1,2610,1,0.27224952513656475,1
LogReg,holdout,priors_set_1,2611,1,0.5502298630919802,0
LogReg,holdout,priors_set_1,2613,0,0.33697908734035853,0
LogReg,holdout,priors_set_1,2619,0,0.2857146416277822,0
LogReg,holdout,priors_set_1,2621,0,0.17694026448355826,0
LogReg,holdout,priors_set_1,2624,0,0.22518913197277277,0
LogReg,holdout,priors_set_1,2628,1,0.34502873267998735,0
LogReg,holdout,priors_set_1,2629,1,0.4040725317590792,0
LogReg,holdout,priors_set_1,2635,1,0.4166156358691416,1
LogReg,holdout,priors_set_1,2636,0,0.4040725317590792,0
LogReg,holdout,priors_set_1,2637,0,0.33987531977916313,0
LogReg,holdout,priors_set_1,2644,0,0.6170214474309403,1
LogReg,holdout,priors_set_1,2646,0,0.28264141049475927,0
LogReg,holdout,priors_set_1,2647,1,0.4166156358691416,1
LogReg,holdout,priors_set_1,2648,0,0.34502873267998735,1
LogReg,holdout,priors_set_1,2652,0,0.28264141049475927,0
LogReg,holdout,priors_set_1,2654,1,0.2857146416277822,0
LogReg,holdout,priors_set_1,2658,0,0.4040725317590792,0
LogReg,holdout,priors_set_1,2659,0,0.4040725317590792,0
LogReg,holdout,priors_set_1,2661,0,0.6170214474309403,1
LogReg,holdout,priors_set_1,2662,0,0.22122109864453443,0
LogReg,holdout,priors_set_1,2671,0,0.4678208015503157,1
LogReg,holdout,priors_set_1,2681,0,0.27224952513656475,0
LogReg,holdout,priors_set_1,2684,1,0.3516013933691158,0
LogReg,holdout,priors_set_1,2687,1,0.34502873267998735,0
LogReg,holdout,priors_set_1,2697,0,0.22122109864453443,0
LogReg,holdout,priors_set_1,2699,0,0.4166156358691416,0
LogReg,holdout,priors_set_1,2701,1,0.4166156358691416,1
LogReg,holdout,priors_set_1,2705,1,0.4166156358691416,1
LogReg,holdout,priors_set_1,2708,0,0.2232574411393062,0
LogReg,holdout,priors_set_1,2709,1,0.4166156358691416,1
LogReg,holdout,priors_set_1,2710,0,0.5373694620423431,0
LogReg,holdout,priors_set_1,2713,1,0.3391293294774767,1
LogReg,holdout,priors_set_1,2716,0,0.4166156358691416,1
LogReg,holdout,priors_set_1,2722,1,0.5502298630919802,0
LogReg,holdout,priors_set_1,2723,0,0.4166156358691416,1
LogReg,holdout,priors_set_1,2724,0,0.2675124788884579,0
LogReg,holdout,priors_set_1,2726,0,0.32476591264304855,0
LogReg,holdout,priors_set_1,2727,0,0.21900053185490528,0
LogReg,holdout,priors_set_1,2731,0,0.6170214474309403,1
LogReg,holdout,priors_set_1,2735,0,0.27224952513656475,0
LogReg,holdout,priors_set_1,2745,0,0.269694127545027,0
LogReg,holdout,priors_set_1,2748,0,0.2857146416277822,0
LogReg,holdout,priors_set_1,2749,1,0.28264141049475927,1
LogReg,holdout,priors_set_1,2750,1,0.6170214474309403,1
LogReg,holdout,priors_set_1,2752,1,0.5502298630919802,1
LogReg,holdout,priors_set_1,2753,0,0.4040725317590792,0
LogReg,holdout,priors_set_1,2757,1,0.23028154013745278,0
LogReg,holdout,priors_set_1,2761,1,0.5373694620423431,0
LogReg,holdout,priors_set_1,2763,1,0.27005484895928755,1
LogReg,holdout,priors_set_1,2768,0,0.5502298630919802,0
LogReg,holdout,priors_set_1,2769,0,0.4166156358691416,0
LogReg,holdout,priors_set_1,2780,1,0.4166156358691416,1
LogReg,holdout,priors_set_1,2782,1,0.4040725317590792,0
LogReg,holdout,priors_set_1,2784,0,0.4040725317590792,0
LogReg,holdout,priors_set_1,2786,1,0.5502298630919802,0
LogReg,holdout,priors_set_1,2789,1,0.34502873267998735,1
LogReg,holdout,priors_set_1,2795,1,0.3276090431607146,1
LogReg,holdout,priors_set_1,2796,1,0.4166156358691416,1
LogReg,holdout,priors_set_1,2799,1,0.5373694620423431,0
LogReg,holdout,priors_set_1,2804,1,0.23028154013745278,1
LogReg,holdout,priors_set_1,2812,0,0.4040725317590792,0
LogReg,holdout,priors_set_1,2815,0,0.5502298630919802,0
LogReg,holdout,priors_set_1,2816,0,0.22064849118781032,0
LogReg,holdout,priors_set_1,2821,1,0.4040725317590792,0
LogReg,holdout,priors_set_1,2823,1,0.5365423199164948,1
LogReg,holdout,priors_set_1,2826,0,0.4166156358691416,0
LogReg,holdout,priors_set_1,2829,0,0.4166156358691416,1
LogReg,holdout,priors_set_1,2838,0,0.34502873267998735,1
LogReg,holdout,priors_set_1,2839,1,0.33987531977916313,1
LogReg,holdout,priors_set_1,2845,1,0.4166156358691416,1
LogReg,holdout,priors_set_1,2846,0,0.17694026448355826,0
LogReg,holdout,priors_set_1,2852,0,0.2857146416277822,0
LogReg,holdout,priors_set_1,2858,1,0.3391293294774767,0
LogReg,holdout,priors_set_1,2859,1,0.6046987874694704,1
LogReg,holdout,priors_set_1,2863,0,0.454938268114597,1
LogReg,holdout,priors_set_1,2865,1,0.33987531977916313,0
LogReg,holdout,priors_set_1,2877,0,0.4040725317590792,1
LogReg,holdout,priors_set_1,2879,1,0.6016024929266277,0
LogReg,holdout,priors_set_1,2881,0,0.4166156358691416,1
LogReg,holdout,priors_set_1,2890,0,0.27224952513656475,0
LogReg,holdout,priors_set_1,2891,0,0.5502298630919802,0
LogReg,holdout,priors_set_1,2892,0,0.4166156358691416,0
LogReg,holdout,priors_set_1,2898,1,0.534152072040184,1
LogReg,holdout,priors_set_1,2906,1,0.3276090431607146,1
LogReg,holdout,priors_set_1,2912,1,0.21186274041628061,1
LogReg,holdout,priors_set_1,2921,0,0.16951633523388346,0
LogReg,holdout,priors_set_1,2922,1,0.6170214474309403,1
LogReg,holdout,priors_set_1,2924,0,0.6046987874694704,0
LogReg,holdout,priors_set_1,2929,1,0.18079010149360422,1
LogReg,holdout,priors_set_1,2931,1,0.33987531977916313,0
LogReg,holdout,priors_set_1,2934,1,0.6170214474309403,1
LogReg,holdout,priors_set_1,2935,0,0.27224952513656475,0
LogReg,holdout,priors_set_1,2941,1,0.534152072040184,0
LogReg,holdout,priors_set_1,2945,0,0.33697908734035853,0
LogReg,holdout,priors_set_1,2946,1,0.4166156358691416,1
LogReg,holdout,priors_set_1,2947,0,0.22122109864453443,0
LogReg,holdout,priors_set_1,2948,0,0.3391293294774767,1
LogReg,holdout,priors_set_1,2952,0,0.33987531977916313,0
LogReg,holdout,priors_set_1,2954,0,0.33697908734035853,0
LogReg,holdout,priors_set_1,2955,0,0.27005484895928755,0
LogReg,holdout,priors_set_1,2958,0,0.4166156358691416,0
LogReg,holdout,priors_set_1,2963,0,0.27224952513656475,0
LogReg,holdout,priors_set_1,2966,1,0.4040725317590792,0
LogReg,holdout,priors_set_1,2972,0,0.27224952513656475,0
LogReg,holdout,priors_set_1,2975,1,0.4040725317590792,0
LogReg,holdout,priors_set_1,2978,0,0.3516013933691158,1
LogReg,holdout,priors_set_1,2983,0,0.5373694620423431,1
LogReg,holdout,priors_set_1,2986,1,0.3516013933691158,0
LogReg,holdout,priors_set_1,2987,0,0.27224952513656475,0
LogReg,holdout,priors_set_1,2995,0,0.3391293294774767,0
LogReg,holdout,priors_set_1,2997,1,0.534152072040184,0
LogReg,holdout,priors_set_1,3007,1,0.6170214474309403,1
LogReg,holdout,priors_set_1,3008,0,0.3276090431607146,0
LogReg,holdout,priors_set_1,3010,0,0.27224952513656475,0
LogReg,holdout,priors_set_1,3012,0,0.5502298630919802,1
LogReg,holdout,priors_set_1,3015,1,0.5365423199164948,1
LogReg,holdout,priors_set_1,3016,1,0.4166156358691416,1
LogReg,holdout,priors_set_1,3018,0,0.3516013933691158,1
LogReg,holdout,priors_set_1,3025,0,0.27224952513656475,0
LogReg,holdout,priors_set_1,3030,1,0.27005484895928755,0
LogReg,holdout,priors_set_1,3033,1,0.23028154013745278,1
LogReg,holdout,priors_set_1,3037,1,0.3391293294774767,1
LogReg,holdout,priors_set_1,3038,0,0.23028154013745278,0
LogReg,holdout,priors_set_1,3041,0,0.28264141049475927,1
LogReg,holdout,priors_set_1,3042,1,0.3516013933691158,1
LogReg,holdout,priors_set_1,3043,0,0.4040725317590792,0
LogReg,holdout,priors_set_1,3044,0,0.4040725317590792,0
LogReg,holdout,priors_set_1,3046,1,0.5365423199164948,1
LogReg,holdout,priors_set_1,3048,0,0.3276090431607146,0
LogReg,holdout,priors_set_1,3051,0,0.23028154013745278,0
LogReg,holdout,priors_set_1,3056,0,0.6170214474309403,0
LogReg,holdout,priors_set_1,3057,0,0.4166156358691416,1
LogReg,holdout,priors_set_1,3058,0,0.3516013933691158,0
LogReg,holdout,priors_set_1,3069,0,0.28264141049475927,0
LogReg,holdout,priors_set_1,3071,0,0.2857146416277822,0
LogReg,holdout,priors_set_1,3072,0,0.27224952513656475,0
LogReg,holdout,priors_set_1,3076,1,0.6046987874694704,1
LogReg,holdout,priors_set_1,3077,0,0.3516013933691158,0
LogReg,holdout,priors_set_1,3078,0,0.27005484895928755,1
LogReg,holdout,priors_set_1,3083,0,0.33987531977916313,0
LogReg,holdout,priors_set_1,3084,0,0.3516013933691158,0
LogReg,holdout,priors_set_1,3086,0,0.2675124788884579,1
LogReg,holdout,priors_set_1,3090,1,0.6046987874694704,1
LogReg,holdout,priors_set_1,3091,1,0.2232574411393062,0
LogReg,holdout,priors_set_1,3104,0,0.6046987874694704,0
LogReg,holdout,priors_set_1,3106,1,0.28264141049475927,1
LogReg,holdout,priors_set_1,3107,1,0.23028154013745278,0
LogReg,holdout,priors_set_1,3110,0,0.4166156358691416,0
LogReg,holdout,priors_set_1,3111,1,0.4040725317590792,1
LogReg,holdout,priors_set_1,3112,1,0.4166156358691416,0
LogReg,holdout,priors_set_1,3115,0,0.3276090431607146,1
LogReg,holdout,priors_set_1,3127,1,0.5373694620423431,1
LogReg,holdout,priors_set_1,3141,0,0.22122109864453443,0
LogReg,holdout,priors_set_1,3142,0,0.27224952513656475,0
LogReg,holdout,priors_set_1,3143,1,0.33987531977916313,1
LogReg,holdout,priors_set_1,3155,1,0.2803952390055993,0
LogReg,holdout,priors_set_1,3161,1,0.4166156358691416,1
LogReg,holdout,priors_set_1,3168,1,0.2857146416277822,1
LogReg,holdout,priors_set_1,3169,0,0.4166156358691416,1
LogReg,holdout,priors_set_1,3175,0,0.454938268114597,1
LogReg,holdout,priors_set_1,3176,1,0.27224952513656475,0
LogReg,holdout,priors_set_1,3178,1,0.3516013933691158,1
LogReg,holdout,priors_set_1,3181,0,0.2857146416277822,1
LogReg,holdout,priors_set_1,3184,0,0.6046987874694704,0
LogReg,holdout,priors_set_1,3185,1,0.33987531977916313,0
LogReg,holdout,priors_set_1,3187,0,0.16951633523388346,0
LogReg,holdout,priors_set_1,3188,0,0.4678208015503157,0
LogReg,holdout,priors_set_1,3190,0,0.27458996704920735,0
LogReg,holdout,priors_set_1,3195,1,0.33697908734035853,0
LogReg,holdout,priors_set_1,3201,1,0.6170214474309403,0
LogReg,holdout,priors_set_1,3202,1,0.16951633523388346,0
LogReg,holdout,priors_set_1,3204,0,0.3391293294774767,0
LogReg,holdout,priors_set_1,3206,1,0.3391293294774767,1
LogReg,holdout,priors_set_1,3213,0,0.33987531977916313,0
LogReg,holdout,priors_set_1,3214,0,0.4166156358691416,0
LogReg,holdout,priors_set_1,3215,0,0.22122109864453443,0
LogReg,holdout,priors_set_1,3224,0,0.33987531977916313,0
LogReg,holdout,priors_set_1,3225,0,0.4040725317590792,0
LogReg,holdout,priors_set_1,3229,0,0.23028154013745278,1
LogReg,holdout,priors_set_1,3231,1,0.4040725317590792,1
LogReg,holdout,priors_set_1,3232,0,0.4166156358691416,0
LogReg,holdout,priors_set_1,3244,0,0.22518913197277277,1
LogReg,holdout,priors_set_1,3252,0,0.28264141049475927,0
LogReg,holdout,priors_set_1,3256,1,0.33987531977916313,1
LogReg,holdout,priors_set_1,3260,0,0.2803952390055993,0
LogReg,holdout,priors_set_1,3261,1,0.6170214474309403,1
LogReg,holdout,priors_set_1,3266,0,0.27224952513656475,0
LogReg,holdout,priors_set_1,3268,1,0.5502298630919802,0
LogReg,holdout,priors_set_1,3271,1,0.4166156358691416,1
LogReg,holdout,priors_set_1,3273,0,0.3516013933691158,1
LogReg,holdout,priors_set_1,3277,1,0.4166156358691416,0
LogReg,holdout,priors_set_1,3281,0,0.33987531977916313,0
LogReg,holdout,priors_set_1,3283,1,0.34502873267998735,1
LogReg,holdout,priors_set_1,3284,1,0.4166156358691416,1
LogReg,holdout,priors_set_1,3289,1,0.5502298630919802,0
LogReg,holdout,priors_set_1,3291,1,0.32476591264304855,1
LogReg,holdout,priors_set_1,3293,0,0.4166156358691416,1
LogReg,holdout,priors_set_1,3295,1,0.3276090431607146,1
LogReg,holdout,priors_set_1,3296,1,0.27224952513656475,0
LogReg,holdout,priors_set_1,3299,1,0.22064849118781032,0
LogReg,holdout,priors_set_1,3300,1,0.3516013933691158,0
LogReg,holdout,priors_set_1,3303,0,0.6046987874694704,0
LogReg,holdout,priors_set_1,3305,0,0.4166156358691416,0
LogReg,holdout,priors_set_1,3310,0,0.4166156358691416,1
LogReg,holdout,priors_set_1,3311,0,0.4166156358691416,0
LogReg,holdout,priors_set_1,3314,1,0.3516013933691158,0
LogReg,holdout,priors_set_1,3318,0,0.27224952513656475,0
LogReg,holdout,priors_set_1,3319,1,0.4040725317590792,0
LogReg,holdout,priors_set_1,3321,0,0.3276090431607146,1
LogReg,holdout,priors_set_1,3323,1,0.6170214474309403,0
LogReg,holdout,priors_set_1,3327,1,0.4040725317590792,1
LogReg,holdout,priors_set_1,3336,0,0.22122109864453443,0
LogReg,holdout,priors_set_1,3341,0,0.4040725317590792,0
LogReg,holdout,priors_set_1,3343,1,0.22122109864453443,0
LogReg,holdout,priors_set_1,3345,0,0.27224952513656475,0
LogReg,holdout,priors_set_1,3349,1,0.4166156358691416,0
LogReg,holdout,priors_set_1,3350,0,0.3516013933691158,0
LogReg,holdout,priors_set_1,3356,0,0.22122109864453443,0
LogReg,holdout,priors_set_1,3361,1,0.5365423199164948,1
LogReg,holdout,priors_set_1,3363,0,0.2803952390055993,0
LogReg,holdout,priors_set_1,3364,0,0.40096152753059144,0
LogReg,holdout,priors_set_1,3365,0,0.3391293294774767,1
LogReg,holdout,priors_set_1,3367,0,0.6046987874694704,1
LogReg,holdout,priors_set_1,3368,0,0.4040725317590792,0
LogReg,holdout,priors_set_1,3376,1,0.6046987874694704,1
LogReg,holdout,priors_set_1,3381,1,0.33987531977916313,0
LogReg,holdout,priors_set_1,3382,0,0.27224952513656475,0
LogReg,holdout,priors_set_1,3383,1,0.6170214474309403,1
LogReg,holdout,priors_set_1,3390,1,0.40096152753059144,0
LogReg,holdout,priors_set_1,3393,0,0.28264141049475927,1
LogReg,holdout,priors_set_1,3396,1,0.3516013933691158,0
LogReg,holdout,priors_set_1,3400,1,0.4166156358691416,1
LogReg,holdout,priors_set_1,3401,0,0.3276090431607146,0
LogReg,holdout,priors_set_1,3402,1,0.3516013933691158,0
LogReg,holdout,priors_set_1,3414,0,0.4166156358691416,1
LogReg,holdout,priors_set_1,3418,0,0.523629383700147,0
LogReg,holdout,priors_set_1,3420,1,0.3516013933691158,0
LogReg,holdout,priors_set_1,3424,1,0.4166156358691416,1
LogReg,holdout,priors_set_1,3425,0,0.523629383700147,0
LogReg,holdout,priors_set_1,3428,0,0.23028154013745278,0
LogReg,holdout,priors_set_1,3430,1,0.3516013933691158,0
LogReg,holdout,priors_set_1,3431,0,0.27224952513656475,0
LogReg,holdout,priors_set_1,3432,0,0.4166156358691416,1
LogReg,holdout,priors_set_1,3436,0,0.2803952390055993,0
LogReg,holdout,priors_set_1,3437,1,0.6170214474309403,1
LogReg,holdout,priors_set_1,3441,0,0.3516013933691158,0
LogReg,holdout,priors_set_1,3443,0,0.4166156358691416,1
LogReg,holdout,priors_set_1,3446,0,0.3276090431607146,0
LogReg,holdout,priors_set_1,3451,1,0.3516013933691158,1
LogReg,holdout,priors_set_1,3454,0,0.23028154013745278,0
LogReg,holdout,priors_set_1,3456,0,0.33987531977916313,0
LogReg,holdout,priors_set_1,3457,1,0.4040725317590792,1
LogReg,holdout,priors_set_1,3460,1,0.4166156358691416,1
LogReg,holdout,priors_set_1,3466,1,0.6170214474309403,1
LogReg,holdout,priors_set_1,3469,0,0.21186274041628061,0
LogReg,holdout,priors_set_1,3470,1,0.2857146416277822,0
LogReg,holdout,priors_set_1,3472,1,0.28264141049475927,0
LogReg,holdout,priors_set_1,3473,0,0.22518913197277277,0
LogReg,holdout,priors_set_1,3479,1,0.6170214474309403,0
LogReg,holdout,priors_set_1,3480,0,0.33987531977916313,0
LogReg,holdout,priors_set_1,3490,0,0.34502873267998735,0
LogReg,holdout,priors_set_1,3491,0,0.28264141049475927,0
LogReg,holdout,priors_set_1,3497,0,0.4040725317590792,0
LogReg,holdout,priors_set_1,3508,1,0.34502873267998735,1
LogReg,holdout,priors_set_1,3510,0,0.3516013933691158,1
LogReg,holdout,priors_set_1,3511,0,0.4040725317590792,0
LogReg,holdout,priors_set_1,3513,0,0.6170214474309403,1
LogReg,holdout,priors_set_1,3518,0,0.23028154013745278,0
LogReg,holdout,priors_set_1,3520,1,0.3516013933691158,1
LogReg,holdout,priors_set_1,3524,1,0.4166156358691416,0
LogReg,holdout,priors_set_1,3529,1,0.6046987874694704,1
LogReg,holdout,priors_set_1,3534,1,0.4040725317590792,1
LogReg,holdout,priors_set_1,3537,1,0.5373694620423431,1
LogReg,holdout,priors_set_1,3539,0,0.27005484895928755,1
LogReg,holdout,priors_set_1,3545,1,0.23028154013745278,1
LogReg,holdout,priors_set_1,3546,0,0.33697908734035853,0
LogReg,holdout,priors_set_1,3547,0,0.6170214474309403,0
LogReg,holdout,priors_set_1,3548,1,0.6170214474309403,1
LogReg,holdout,priors_set_1,3551,1,0.21186274041628061,0
LogReg,holdout,priors_set_1,3552,1,0.34502873267998735,0
LogReg,holdout,priors_set_1,3556,1,0.27458996704920735,0
LogReg,holdout,priors_set_1,3557,1,0.28264141049475927,1
LogReg,holdout,priors_set_1,3558,1,0.3516013933691158,1
LogReg,holdout,priors_set_1,3560,1,0.4166156358691416,1
LogReg,holdout,priors_set_1,3561,1,0.4166156358691416,1
LogReg,holdout,priors_set_1,3562,1,0.3516013933691158,1
LogReg,holdout,priors_set_1,3571,1,0.6170214474309403,1
LogReg,holdout,priors_set_1,3573,0,0.39336808562092235,0
LogReg,holdout,priors_set_1,3574,1,0.3276090431607146,1
LogReg,holdout,priors_set_1,3578,0,0.28264141049475927,0
LogReg,holdout,priors_set_1,3584,0,0.2803952390055993,0
LogReg,holdout,priors_set_1,3585,1,0.4166156358691416,0
LogReg,holdout,priors_set_1,3586,0,0.6016024929266277,1
LogReg,holdout,priors_set_1,3587,0,0.28264141049475927,0
LogReg,holdout,priors_set_1,3596,0,0.3276090431607146,1
LogReg,holdout,priors_set_1,3598,0,0.2857146416277822,0
LogReg,holdout,priors_set_1,3602,0,0.4040725317590792,1
LogReg,holdout,priors_set_1,3607,0,0.4166156358691416,1
LogReg,holdout,priors_set_1,3612,1,0.6170214474309403,1
LogReg,holdout,priors_set_1,3614,0,0.22122109864453443,0
LogReg,holdout,priors_set_1,3617,1,0.6016024929266277,0
LogReg,holdout,priors_set_1,3618,1,0.5365423199164948,1
LogReg,holdout,priors_set_1,3621,1,0.27224952513656475,1
LogReg,holdout,priors_set_1,3627,0,0.21186274041628061,0
LogReg,holdout,priors_set_1,3629,0,0.2803952390055993,0
LogReg,holdout,priors_set_1,3634,0,0.33987531977916313,0
LogReg,holdout,priors_set_1,3636,0,0.6046987874694704,0
LogReg,holdout,priors_set_1,3637,1,0.3516013933691158,1
LogReg,holdout,priors_set_1,3640,1,0.3516013933691158,1
LogReg,holdout,priors_set_1,3641,1,0.34502873267998735,0
LogReg,holdout,priors_set_1,3646,0,0.4040725317590792,0
LogReg,holdout,priors_set_1,3651,1,0.27224952513656475,0
LogReg,holdout,priors_set_1,3665,1,0.6170214474309403,1
LogReg,holdout,priors_set_1,3670,0,0.3391293294774767,0
LogReg,holdout,priors_set_1,3678,0,0.4040725317590792,0
LogReg,holdout,priors_set_1,3680,1,0.3391293294774767,0
LogReg,holdout,priors_set_1,3685,1,0.4166156358691416,1
LogReg,holdout,priors_set_1,3687,1,0.6170214474309403,1
LogReg,holdout,priors_set_1,3688,0,0.6170214474309403,0
LogReg,holdout,priors_set_1,3690,0,0.22064849118781032,0
LogReg,holdout,priors_set_1,3704,0,0.4166156358691416,0
LogReg,holdout,priors_set_1,3706,0,0.20971081516602832,0
LogReg,holdout,priors_set_1,3710,0,0.4166156358691416,0
LogReg,holdout,priors_set_1,3713,1,0.3516013933691158,1
LogReg,holdout,priors_set_1,3715,0,0.27005484895928755,0
LogReg,holdout,priors_set_1,3718,1,0.6170214474309403,1
LogReg,holdout,priors_set_1,3721,1,0.3516013933691158,1
LogReg,holdout,priors_set_1,3727,0,0.3391293294774767,0
LogReg,holdout,priors_set_1,3728,1,0.3391293294774767,1
LogReg,holdout,priors_set_1,3729,1,0.4166156358691416,0
LogReg,holdout,priors_set_1,3730,0,0.6170214474309403,1
LogReg,holdout,priors_set_1,3732,0,0.6046987874694704,0
LogReg,holdout,priors_set_1,3735,0,0.5365423199164948,1
LogReg,holdout,priors_set_1,3739,1,0.523629383700147,1
LogReg,holdout,priors_set_1,3746,1,0.4040725317590792,1
LogReg,holdout,priors_set_1,3747,0,0.4040725317590792,0
LogReg,holdout,priors_set_1,3748,0,0.22122109864453443,0
LogReg,holdout,priors_set_1,3749,1,0.4166156358691416,1
LogReg,holdout,priors_set_1,3753,0,0.6170214474309403,1
LogReg,holdout,priors_set_1,3754,0,0.33987531977916313,1
LogReg,holdout,priors_set_1,3755,1,0.4166156358691416,1
LogReg,holdout,priors_set_1,3756,0,0.27005484895928755,1
LogReg,holdout,priors_set_1,3759,0,0.4040725317590792,1
LogReg,holdout,priors_set_1,3763,0,0.40096152753059144,0
LogReg,holdout,priors_set_1,3765,0,0.3276090431607146,1
LogReg,holdout,priors_set_1,3768,0,0.33987531977916313,1
LogReg,holdout,priors_set_1,3770,0,0.2803952390055993,1
LogReg,holdout,priors_set_1,3771,0,0.27005484895928755,0
LogReg,holdout,priors_set_1,3772,1,0.6046987874694704,1
LogReg,holdout,priors_set_1,3773,0,0.6170214474309403,0
LogReg,holdout,priors_set_1,3775,1,0.5502298630919802,0
LogReg,holdout,priors_set_1,3784,0,0.39336808562092235,0
LogReg,holdout,priors_set_1,3787,1,0.27005484895928755,0
LogReg,holdout,priors_set_1,3789,0,0.4166156358691416,1
LogReg,holdout,priors_set_1,3793,0,0.28264141049475927,1
LogReg,holdout,priors_set_1,3796,1,0.4166156358691416,1
LogReg,holdout,priors_set_1,3797,0,0.27224952513656475,0
LogReg,holdout,priors_set_1,3804,0,0.34502873267998735,0
LogReg,holdout,priors_set_1,3808,1,0.4040725317590792,0
LogReg,holdout,priors_set_1,3812,0,0.4040725317590792,1
LogReg,holdout,priors_set_1,3813,0,0.27005484895928755,0
LogReg,holdout,priors_set_1,3814,1,0.28264141049475927,0
LogReg,holdout,priors_set_1,3816,1,0.6170214474309403,0
LogReg,holdout,priors_set_1,3822,0,0.21900053185490528,0
LogReg,holdout,priors_set_1,3825,1,0.16951633523388346,0
LogReg,holdout,priors_set_1,3828,0,0.22518913197277277,0
LogReg,holdout,priors_set_1,3832,1,0.523629383700147,1
LogReg,holdout,priors_set_1,3834,1,0.6046987874694704,0
LogReg,holdout,priors_set_1,3835,1,0.3276090431607146,1
LogReg,holdout,priors_set_1,3836,1,0.4166156358691416,0
LogReg,holdout,priors_set_1,3856,0,0.16951633523388346,0
LogReg,holdout,priors_set_1,3861,1,0.33987531977916313,0
LogReg,holdout,priors_set_1,3863,0,0.4166156358691416,1
LogReg,holdout,priors_set_1,3867,1,0.4166156358691416,0
LogReg,holdout,priors_set_1,3868,0,0.5365423199164948,1
LogReg,holdout,priors_set_1,3873,1,0.4743520318620583,0
LogReg,holdout,priors_set_1,3878,0,0.4166156358691416,0
LogReg,holdout,priors_set_1,3881,1,0.4040725317590792,0
LogReg,holdout,priors_set_1,3883,0,0.4040725317590792,0
LogReg,holdout,priors_set_1,3884,0,0.3516013933691158,0
LogReg,holdout,priors_set_1,3886,0,0.3391293294774767,0
LogReg,holdout,priors_set_1,3887,1,0.6170214474309403,1
LogReg,holdout,priors_set_1,3889,0,0.27224952513656475,0
LogReg,holdout,priors_set_1,3891,1,0.5365423199164948,0
LogReg,holdout,priors_set_1,3893,1,0.6170214474309403,1
LogReg,holdout,priors_set_1,3895,0,0.4166156358691416,1
LogReg,holdout,priors_set_1,3897,0,0.27224952513656475,1
LogReg,holdout,priors_set_1,3898,0,0.6170214474309403,1
LogReg,holdout,priors_set_1,3902,0,0.3391293294774767,0
LogReg,holdout,priors_set_1,3903,1,0.3516013933691158,1
LogReg,holdout,priors_set_1,3904,0,0.21186274041628061,0
LogReg,holdout,priors_set_1,3908,1,0.4166156358691416,1
LogReg,holdout,priors_set_1,3912,0,0.33987531977916313,0
LogReg,holdout,priors_set_1,3917,0,0.2857146416277822,1
LogReg,holdout,priors_set_1,3920,1,0.3516013933691158,0
LogReg,holdout,priors_set_1,3927,1,0.28264141049475927,0
LogReg,holdout,priors_set_1,3928,0,0.23028154013745278,1
LogReg,holdout,priors_set_1,3930,0,0.6046987874694704,0
LogReg,holdout,priors_set_1,3931,1,0.4040725317590792,0
LogReg,holdout,priors_set_1,3932,1,0.3516013933691158,0
LogReg,holdout,priors_set_1,3934,0,0.4040725317590792,1
LogReg,holdout,priors_set_1,3938,1,0.4040725317590792,0
LogReg,holdout,priors_set_1,3939,1,0.3516013933691158,1
LogReg,holdout,priors_set_1,3944,1,0.2857146416277822,0
LogReg,holdout,priors_set_1,3947,0,0.6046987874694704,1
LogReg,holdout,priors_set_1,3953,0,0.28264141049475927,0
LogReg,holdout,priors_set_1,3957,1,0.5373694620423431,1
LogReg,holdout,priors_set_1,3960,1,0.454938268114597,1
LogReg,holdout,priors_set_1,3963,0,0.4040725317590792,1
LogReg,holdout,priors_set_1,3971,0,0.4166156358691416,0
LogReg,holdout,priors_set_1,3974,1,0.22122109864453443,1
LogReg,holdout,priors_set_1,3977,0,0.27224952513656475,1
LogReg,holdout,priors_set_1,3986,1,0.3516013933691158,0
LogReg,holdout,priors_set_1,3987,0,0.3391293294774767,1
LogReg,holdout,priors_set_1,3994,0,0.4040725317590792,0
LogReg,holdout,priors_set_1,3995,0,0.32476591264304855,0
LogReg,holdout,priors_set_1,3996,0,0.28264141049475927,0
LogReg,holdout,priors_set_1,4002,0,0.5502298630919802,0
LogReg,holdout,priors_set_1,4003,0,0.22122109864453443,0
LogReg,holdout,priors_set_1,4004,0,0.28264141049475927,0
LogReg,holdout,priors_set_1,4005,0,0.2857146416277822,0
LogReg,holdout,priors_set_1,4007,0,0.34502873267998735,0
LogReg,holdout,priors_set_1,4010,1,0.3516013933691158,0
LogReg,holdout,priors_set_1,4014,0,0.6046987874694704,1
LogReg,holdout,priors_set_1,4016,0,0.4040725317590792,0
LogReg,holdout,priors_set_1,4018,1,0.4166156358691416,1
LogReg,holdout,priors_set_1,4025,1,0.27458996704920735,0
LogReg,holdout,priors_set_1,4028,0,0.4040725317590792,1
LogReg,holdout,priors_set_1,4032,0,0.28264141049475927,0
LogReg,holdout,priors_set_1,4034,1,0.4040725317590792,1
LogReg,holdout,priors_set_1,4036,0,0.4166156358691416,1
LogReg,holdout,priors_set_1,4038,1,0.2803952390055993,0
LogReg,holdout,priors_set_1,4040,0,0.4166156358691416,0
LogReg,holdout,priors_set_1,4044,1,0.4166156358691416,1
LogReg,holdout,priors_set_1,4047,1,0.4040725317590792,0
LogReg,holdout,priors_set_1,4049,0,0.34502873267998735,1
LogReg,holdout,priors_set_1,4055,1,0.3516013933691158,0
LogReg,holdout,priors_set_1,4056,1,0.3516013933691158,1
LogReg,holdout,priors_set_1,4064,1,0.4166156358691416,1
LogReg,holdout,priors_set_1,4065,0,0.33987531977916313,1
LogReg,holdout,priors_set_1,4066,1,0.22518913197277277,0
LogReg,holdout,priors_set_1,4070,0,0.16951633523388346,0
LogReg,holdout,priors_set_1,4072,0,0.27005484895928755,0
LogReg,holdout,priors_set_1,4076,0,0.33987531977916313,0
LogReg,holdout,priors_set_1,4081,1,0.4166156358691416,1
LogReg,holdout,priors_set_1,4090,1,0.4166156358691416,1
LogReg,holdout,priors_set_1,4093,1,0.27224952513656475,0
LogReg,holdout,priors_set_1,4097,1,0.5502298630919802,1
LogReg,holdout,priors_set_1,4100,1,0.6046987874694704,1
LogReg,holdout,priors_set_1,4105,0,0.6170214474309403,1
LogReg,holdout,priors_set_1,4110,1,0.4166156358691416,1
LogReg,holdout,priors_set_1,4111,1,0.6170214474309403,1
LogReg,holdout,priors_set_1,4112,0,0.40096152753059144,0
LogReg,holdout,priors_set_1,4115,1,0.3276090431607146,0
LogReg,holdout,priors_set_1,4120,1,0.6170214474309403,0
LogReg,holdout,priors_set_1,4125,0,0.27005484895928755,0
LogReg,holdout,priors_set_1,4130,0,0.4040725317590792,0
LogReg,holdout,priors_set_1,4132,0,0.23028154013745278,1
LogReg,holdout,priors_set_1,4140,1,0.6170214474309403,1
LogReg,holdout,priors_set_1,4141,0,0.4040725317590792,1
LogReg,holdout,priors_set_1,4150,1,0.33987531977916313,1
LogReg,holdout,priors_set_1,4151,1,0.454938268114597,1
LogReg,holdout,priors_set_1,4155,1,0.4040725317590792,0
LogReg,holdout,priors_set_1,4157,0,0.2857146416277822,0
LogReg,holdout,priors_set_1,4159,0,0.6170214474309403,1
LogReg,holdout,priors_set_1,4161,0,0.33987531977916313,0
LogReg,holdout,priors_set_1,4164,0,0.4166156358691416,0
LogReg,holdout,priors_set_1,4168,1,0.5373694620423431,1
LogReg,holdout,priors_set_1,4173,0,0.4166156358691416,1
LogReg,holdout,priors_set_1,4182,1,0.4166156358691416,1
LogReg,holdout,priors_set_1,4183,1,0.3516013933691158,1
LogReg,holdout,priors_set_1,4191,0,0.6046987874694704,0
LogReg,holdout,priors_set_1,4193,0,0.45173250426894207,0
LogReg,holdout,priors_set_1,4200,0,0.6046987874694704,1
LogReg,holdout,priors_set_1,4201,1,0.6046987874694704,1
LogReg,holdout,priors_set_1,4204,0,0.4040725317590792,1
LogReg,holdout,priors_set_1,4205,1,0.6170214474309403,1
LogReg,holdout,priors_set_1,4211,0,0.33987531977916313,0
LogReg,holdout,priors_set_1,4212,0,0.3391293294774767,0
LogReg,holdout,priors_set_1,4217,1,0.6170214474309403,1
LogReg,holdout,priors_set_1,4220,1,0.6170214474309403,1
LogReg,holdout,priors_set_1,4222,0,0.2803952390055993,0
LogReg,holdout,priors_set_1,4224,1,0.4166156358691416,0
LogReg,holdout,priors_set_1,4227,1,0.5373694620423431,0
LogReg,holdout,priors_set_1,4229,1,0.4166156358691416,0
LogReg,holdout,priors_set_1,4237,0,0.6046987874694704,1
LogReg,holdout,priors_set_1,4241,1,0.5502298630919802,0
LogReg,holdout,priors_set_1,4245,0,0.4040725317590792,0
LogReg,holdout,priors_set_1,4248,0,0.4166156358691416,1
LogReg,holdout,priors_set_1,4249,0,0.27005484895928755,0
LogReg,holdout,priors_set_1,4253,1,0.4166156358691416,1
LogReg,holdout,priors_set_1,4254,1,0.4166156358691416,1
LogReg,holdout,priors_set_1,4256,0,0.2803952390055993,0
LogReg,holdout,priors_set_1,4266,0,0.33697908734035853,0
LogReg,holdout,priors_set_1,4271,1,0.33987531977916313,1
LogReg,holdout,priors_set_1,4278,0,0.28264141049475927,0
LogReg,holdout,priors_set_1,4281,1,0.6046987874694704,1
LogReg,holdout,priors_set_1,4295,0,0.40096152753059144,0
LogReg,holdout,priors_set_1,4307,1,0.4166156358691416,1
LogReg,holdout,priors_set_1,4308,0,0.21900053185490528,0
LogReg,holdout,priors_set_1,4309,0,0.28264141049475927,0
LogReg,holdout,priors_set_1,4310,1,0.5502298630919802,1
LogReg,holdout,priors_set_1,4311,1,0.6046987874694704,1
LogReg,holdout,priors_set_1,4312,0,0.27005484895928755,0
LogReg,holdout,priors_set_1,4314,1,0.22122109864453443,0
LogReg,holdout,priors_set_1,4317,0,0.2675124788884579,0
LogReg,holdout,priors_set_1,4322,0,0.22122109864453443,0
LogReg,holdout,priors_set_1,4328,1,0.4166156358691416,1
LogReg,holdout,priors_set_1,4332,0,0.18079010149360422,0
LogReg,holdout,priors_set_1,4334,1,0.6046987874694704,1
LogReg,holdout,priors_set_1,4338,1,0.4166156358691416,1
LogReg,holdout,priors_set_1,4342,0,0.5430539451098293,0
LogReg,holdout,priors_set_1,4348,1,0.3516013933691158,0
LogReg,holdout,priors_set_1,4355,1,0.6170214474309403,1
LogReg,holdout,priors_set_1,4357,1,0.22122109864453443,0
LogReg,holdout,priors_set_1,4358,0,0.4040725317590792,1
LogReg,holdout,priors_set_1,4360,0,0.23028154013745278,0
LogReg,holdout,priors_set_1,4367,1,0.33987531977916313,1
LogReg,holdout,priors_set_1,4368,0,0.28264141049475927,0
LogReg,holdout,priors_set_1,4373,1,0.27005484895928755,1
LogReg,holdout,priors_set_1,4374,0,0.4166156358691416,0
LogReg,holdout,priors_set_1,4380,1,0.4166156358691416,1
LogReg,holdout,priors_set_1,4381,1,0.5502298630919802,1
LogReg,holdout,priors_set_1,4382,0,0.3391293294774767,1
LogReg,holdout,priors_set_1,4386,1,0.3516013933691158,1
LogReg,holdout,priors_set_1,4388,0,0.33987531977916313,0
LogReg,holdout,priors_set_1,4389,1,0.4040725317590792,1
LogReg,holdout,priors_set_1,4390,1,0.4166156358691416,0
LogReg,holdout,priors_set_1,4391,1,0.21186274041628061,1
LogReg,holdout,priors_set_1,4394,0,0.4166156358691416,1
LogReg,holdout,priors_set_1,4395,1,0.27005484895928755,1
LogReg,holdout,priors_set_1,4399,1,0.3516013933691158,0
LogReg,holdout,priors_set_1,4402,1,0.6170214474309403,1
LogReg,holdout,priors_set_1,4404,1,0.3516013933691158,1
LogReg,holdout,priors_set_1,4408,1,0.5502298630919802,0
LogReg,holdout,priors_set_1,4411,1,0.34502873267998735,1
LogReg,holdout,priors_set_1,4416,1,0.3516013933691158,0
LogReg,holdout,priors_set_1,4418,1,0.40096152753059144,1
LogReg,holdout,priors_set_1,4422,0,0.3391293294774767,0
LogReg,holdout,priors_set_1,4423,1,0.5365423199164948,1
LogReg,holdout,priors_set_1,4426,1,0.4040725317590792,0
LogReg,holdout,priors_set_1,4428,1,0.4040725317590792,0
LogReg,holdout,priors_set_1,4429,1,0.4040725317590792,0
LogReg,holdout,priors_set_1,4435,1,0.454938268114597,1
LogReg,holdout,priors_set_1,4451,0,0.6170214474309403,0
LogReg,holdout,priors_set_1,4458,0,0.33697908734035853,0
LogReg,holdout,priors_set_1,4461,0,0.18079010149360422,0
LogReg,holdout,priors_set_1,4462,0,0.33987531977916313,0
LogReg,holdout,priors_set_1,4463,0,0.4040725317590792,0
LogReg,holdout,priors_set_1,4468,1,0.6170214474309403,1
LogReg,holdout,priors_set_1,4472,0,0.2857146416277822,0
LogReg,holdout,priors_set_1,4476,0,0.5430539451098293,0
LogReg,holdout,priors_set_1,4478,0,0.3276090431607146,0
LogReg,holdout,priors_set_1,4481,1,0.6046987874694704,1
LogReg,holdout,priors_set_1,4484,0,0.4040725317590792,1
LogReg,holdout,priors_set_1,4485,0,0.5502298630919802,0
LogReg,holdout,priors_set_1,4486,0,0.4166156358691416,0
LogReg,holdout,priors_set_1,4489,1,0.4166156358691416,0
LogReg,holdout,priors_set_1,4491,1,0.28264141049475927,1
LogReg,holdout,priors_set_1,4497,0,0.3516013933691158,1
LogReg,holdout,priors_set_1,4499,0,0.5373694620423431,0
LogReg,holdout,priors_set_1,4502,1,0.4040725317590792,1
LogReg,holdout,priors_set_1,4507,1,0.2803952390055993,1
LogReg,holdout,priors_set_1,4509,1,0.22122109864453443,0
LogReg,holdout,priors_set_1,4511,1,0.5502298630919802,1
LogReg,holdout,priors_set_1,4533,1,0.28264141049475927,1
LogReg,holdout,priors_set_1,4538,1,0.6170214474309403,1
LogReg,holdout,priors_set_1,4541,1,0.6170214474309403,1
LogReg,holdout,priors_set_1,4544,1,0.4166156358691416,0
LogReg,holdout,priors_set_1,4549,0,0.4678208015503157,1
LogReg,holdout,priors_set_1,4555,0,0.16951633523388346,0
LogReg,holdout,priors_set_1,4560,0,0.6046987874694704,0
LogReg,holdout,priors_set_1,4565,0,0.6046987874694704,0
LogReg,holdout,priors_set_1,4568,0,0.6170214474309403,1
LogReg,holdout,priors_set_1,4570,1,0.33987531977916313,1
LogReg,holdout,priors_set_1,4571,1,0.1727626807131403,0
LogReg,holdout,priors_set_1,4573,0,0.4166156358691416,0
LogReg,holdout,priors_set_1,4574,1,0.4166156358691416,1
LogReg,holdout,priors_set_1,4582,0,0.33987531977916313,0
LogReg,holdout,priors_set_1,4583,0,0.2857146416277822,0
LogReg,holdout,priors_set_1,4587,0,0.4040725317590792,0
LogReg,holdout,priors_set_1,4589,0,0.150551010108212,0
LogReg,holdout,priors_set_1,4595,1,0.4166156358691416,0
LogReg,holdout,priors_set_1,4597,0,0.4166156358691416,0
LogReg,holdout,priors_set_1,4602,1,0.23028154013745278,0
LogReg,holdout,priors_set_1,4603,1,0.5502298630919802,1
LogReg,holdout,priors_set_1,4605,0,0.27224952513656475,0
LogReg,holdout,priors_set_1,4609,0,0.3516013933691158,1
LogReg,holdout,priors_set_1,4610,1,0.27224952513656475,1
LogReg,holdout,priors_set_1,4611,1,0.27224952513656475,0
LogReg,holdout,priors_set_1,4615,1,0.33987531977916313,0
LogReg,holdout,priors_set_1,4619,1,0.5365423199164948,1
LogReg,holdout,priors_set_1,4620,0,0.11861503506726294,0
LogReg,holdout,priors_set_1,4622,0,0.5430539451098293,1
LogReg,holdout,priors_set_1,4623,0,0.454938268114597,0
LogReg,holdout,priors_set_1,4624,1,0.3516013933691158,0
LogReg,holdout,priors_set_1,4627,0,0.34502873267998735,0
LogReg,holdout,priors_set_1,4628,0,0.22122109864453443,0
LogReg,holdout,priors_set_1,4639,0,0.6170214474309403,0
LogReg,holdout,priors_set_1,4642,0,0.32476591264304855,0
LogReg,holdout,priors_set_1,4645,1,0.4166156358691416,0
LogReg,holdout,priors_set_1,4648,0,0.28264141049475927,0
LogReg,holdout,priors_set_1,4649,1,0.34502873267998735,1
LogReg,holdout,priors_set_1,4653,0,0.4040725317590792,0
LogReg,holdout,priors_set_1,4663,1,0.454938268114597,1
LogReg,holdout,priors_set_1,4664,0,0.4166156358691416,1
LogReg,holdout,priors_set_1,4665,1,0.6170214474309403,1
LogReg,holdout,priors_set_1,4667,0,0.16951633523388346,0
LogReg,holdout,priors_set_1,4669,0,0.4166156358691416,0
LogReg,holdout,priors_set_1,4670,0,0.40096152753059144,0
LogReg,holdout,priors_set_1,4672,1,0.3516013933691158,1
LogReg,holdout,priors_set_1,4673,0,0.22064849118781032,1
LogReg,holdout,priors_set_1,4685,1,0.3391293294774767,1
LogReg,holdout,priors_set_1,4690,0,0.22122109864453443,1
LogReg,holdout,priors_set_1,4691,0,0.4166156358691416,0
LogReg,holdout,priors_set_1,4695,0,0.4166156358691416,0
LogReg,holdout,priors_set_1,4698,0,0.5365423199164948,1
LogReg,holdout,priors_set_1,4700,1,0.4166156358691416,1
LogReg,holdout,priors_set_1,4703,0,0.21900053185490528,0
LogReg,holdout,priors_set_1,4709,0,0.150551010108212,0
LogReg,holdout,priors_set_1,4713,1,0.34502873267998735,1
LogReg,holdout,priors_set_1,4715,0,0.4040725317590792,0
LogReg,holdout,priors_set_1,4720,1,0.18079010149360422,0
LogReg,holdout,priors_set_1,4723,0,0.4166156358691416,0
LogReg,holdout,priors_set_1,4727,1,0.5430539451098293,1
LogReg,holdout,priors_set_1,4728,0,0.4166156358691416,1
LogReg,holdout,priors_set_1,4729,0,0.5365423199164948,0
LogReg,holdout,priors_set_1,4735,1,0.3276090431607146,1
LogReg,holdout,priors_set_1,4739,1,0.3516013933691158,1
LogReg,holdout,priors_set_1,4743,0,0.4166156358691416,0
LogReg,holdout,priors_set_1,4747,1,0.40096152753059144,1
LogReg,holdout,priors_set_1,4753,0,0.27224952513656475,0
LogReg,holdout,priors_set_1,4762,1,0.4166156358691416,1
LogReg,holdout,priors_set_1,4763,1,0.27005484895928755,1
LogReg,holdout,priors_set_1,4770,1,0.22064849118781032,1
LogReg,holdout,priors_set_1,4774,0,0.27005484895928755,0
LogReg,holdout,priors_set_1,4776,1,0.6170214474309403,1
LogReg,holdout,priors_set_1,4778,0,0.3516013933691158,0
LogReg,holdout,priors_set_1,4781,0,0.45173250426894207,0
LogReg,holdout,priors_set_1,4788,1,0.34502873267998735,1
LogReg,holdout,priors_set_1,4791,0,0.2803952390055993,1
LogReg,holdout,priors_set_1,4794,0,0.22518913197277277,0
LogReg,holdout,priors_set_1,4797,1,0.3276090431607146,1
LogReg,holdout,priors_set_1,4803,0,0.21186274041628061,0
LogReg,holdout,priors_set_1,4804,1,0.4166156358691416,1
LogReg,holdout,priors_set_1,4805,1,0.4166156358691416,0
LogReg,holdout,priors_set_1,4806,1,0.28264141049475927,0
LogReg,holdout,priors_set_1,4807,0,0.22122109864453443,0
LogReg,holdout,priors_set_1,4811,0,0.3516013933691158,1
LogReg,holdout,priors_set_1,4812,0,0.27005484895928755,0
LogReg,holdout,priors_set_1,4815,0,0.16951633523388346,0
LogReg,holdout,priors_set_1,4817,0,0.23028154013745278,0
LogReg,holdout,priors_set_1,4822,1,0.40096152753059144,0
LogReg,holdout,priors_set_1,4828,1,0.6170214474309403,1
LogReg,holdout,priors_set_1,4830,0,0.4166156358691416,1
LogReg,holdout,priors_set_1,4840,1,0.4166156358691416,1
LogReg,holdout,priors_set_1,4844,0,0.40096152753059144,0
LogReg,holdout,priors_set_1,4845,1,0.4166156358691416,1
LogReg,holdout,priors_set_1,4847,0,0.4166156358691416,0
LogReg,holdout,priors_set_1,4848,0,0.28264141049475927,0
LogReg,holdout,priors_set_1,4849,1,0.4166156358691416,1
LogReg,holdout,priors_set_1,4852,0,0.22122109864453443,0
LogReg,holdout,priors_set_1,4853,0,0.27224952513656475,1
LogReg,holdout,priors_set_1,4861,1,0.27224952513656475,0
LogReg,holdout,priors_set_1,4865,1,0.40096152753059144,0
LogReg,holdout,priors_set_1,4866,1,0.5430539451098293,1
LogReg,holdout,priors_set_1,4867,1,0.4166156358691416,1
LogReg,holdout,priors_set_1,4872,0,0.33987531977916313,0
LogReg,holdout,priors_set_1,4881,0,0.4166156358691416,1
LogReg,holdout,priors_set_1,4887,1,0.4166156358691416,0
LogReg,holdout,priors_set_1,4890,1,0.5365423199164948,1
LogReg,holdout,priors_set_1,4893,0,0.6016024929266277,1
LogReg,holdout,priors_set_1,4904,0,0.3516013933691158,1
LogReg,holdout,priors_set_1,4905,0,0.3516013933691158,0
LogReg,holdout,priors_set_1,4908,1,0.27005484895928755,0
LogReg,holdout,priors_set_1,4912,1,0.4040725317590792,1
LogReg,holdout,priors_set_1,4914,1,0.269694127545027,1
LogReg,holdout,priors_set_1,4915,0,0.4040725317590792,0
LogReg,holdout,priors_set_1,4916,0,0.4040725317590792,1
LogReg,holdout,priors_set_1,4917,1,0.2857146416277822,0
LogReg,holdout,priors_set_1,4919,0,0.6046987874694704,0
LogReg,holdout,priors_set_1,4920,1,0.22122109864453443,0
LogReg,holdout,priors_set_1,4926,1,0.3516013933691158,0
LogReg,holdout,priors_set_1,4927,0,0.6170214474309403,0
LogReg,holdout,priors_set_1,4928,0,0.1960926786310396,0
LogReg,holdout,priors_set_1,4934,0,0.6046987874694704,0
LogReg,holdout,priors_set_1,4935,0,0.16951633523388346,0
LogReg,holdout,priors_set_1,4938,0,0.3516013933691158,0
LogReg,holdout,priors_set_1,4941,0,0.150551010108212,0
LogReg,holdout,priors_set_1,4943,1,0.3276090431607146,0
LogReg,holdout,priors_set_1,4950,0,0.22064849118781032,0
LogReg,holdout,priors_set_1,4952,0,0.4606189596718982,1
LogReg,holdout,priors_set_1,4955,0,0.2803952390055993,0
LogReg,holdout,priors_set_1,4963,0,0.27224952513656475,0
LogReg,holdout,priors_set_1,4964,1,0.6170214474309403,1
LogReg,holdout,priors_set_1,4970,0,0.27224952513656475,0
LogReg,holdout,priors_set_1,4971,1,0.3516013933691158,1
LogReg,holdout,priors_set_1,4972,1,0.34502873267998735,1
LogReg,holdout,priors_set_1,4980,0,0.6170214474309403,1
LogReg,holdout,priors_set_1,4987,0,0.6046987874694704,1
LogReg,holdout,priors_set_1,4994,1,0.4166156358691416,1
LogReg,holdout,priors_set_1,4996,0,0.33987531977916313,0
LogReg,holdout,priors_set_1,5000,0,0.4166156358691416,0
LogReg,holdout,priors_set_1,5002,0,0.4166156358691416,0
LogReg,holdout,priors_set_1,5004,0,0.534152072040184,0
LogReg,holdout,priors_set_1,5005,0,0.22122109864453443,0
LogReg,holdout,priors_set_1,5008,0,0.22122109864453443,0
LogReg,holdout,priors_set_1,5012,1,0.3391293294774767,0
LogReg,holdout,priors_set_1,5014,0,0.27224952513656475,0
LogReg,holdout,priors_set_1,5016,0,0.4166156358691416,1
LogReg,holdout,priors_set_1,5017,1,0.5502298630919802,1
LogReg,holdout,priors_set_1,5018,1,0.34502873267998735,0
LogReg,holdout,priors_set_1,5026,0,0.4166156358691416,0
LogReg,holdout,priors_set_1,5029,0,0.2803952390055993,1
LogReg,holdout,priors_set_1,5037,1,0.6170214474309403,1
LogReg,holdout,priors_set_1,5044,0,0.2857146416277822,0
LogReg,holdout,priors_set_1,5045,0,0.6170214474309403,0
LogReg,holdout,priors_set_1,5047,1,0.4040725317590792,1
LogReg,holdout,priors_set_1,5048,0,0.27224952513656475,1
LogReg,holdout,priors_set_1,5059,1,0.5430539451098293,1
LogReg,holdout,priors_set_1,5062,1,0.4166156358691416,0
LogReg,holdout,priors_set_1,5063,0,0.22122109864453443,0
LogReg,holdout,priors_set_1,5068,0,0.6016024929266277,0
LogReg,holdout,priors_set_1,5069,1,0.3516013933691158,0
LogReg,holdout,priors_set_1,5070,0,0.3391293294774767,0
LogReg,holdout,priors_set_1,5071,0,0.6170214474309403,0
LogReg,holdout,priors_set_1,5072,0,0.4166156358691416,0
LogReg,holdout,priors_set_1,5077,0,0.27224952513656475,1
LogReg,holdout,priors_set_1,5087,0,0.27005484895928755,1
LogReg,holdout,priors_set_1,5091,0,0.4166156358691416,1
LogReg,holdout,priors_set_1,5093,1,0.2803952390055993,0
LogReg,holdout,priors_set_1,5094,0,0.6046987874694704,1
LogReg,holdout,priors_set_1,5095,1,0.5430539451098293,0
LogReg,holdout,priors_set_1,5100,1,0.22122109864453443,0
LogReg,holdout,priors_set_1,5104,0,0.6170214474309403,1
LogReg,holdout,priors_set_1,5105,1,0.6170214474309403,1
LogReg,holdout,priors_set_1,5111,1,0.4040725317590792,1
LogReg,holdout,priors_set_1,5112,1,0.27224952513656475,1
LogReg,holdout,priors_set_1,5114,1,0.4166156358691416,1
LogReg,holdout,priors_set_1,5119,0,0.4166156358691416,1
LogReg,holdout,priors_set_1,5120,0,0.534152072040184,1
LogReg,holdout,priors_set_1,5121,0,0.3276090431607146,1
LogReg,holdout,priors_set_1,5122,0,0.4166156358691416,0
LogReg,holdout,priors_set_1,5125,1,0.5502298630919802,0
LogReg,holdout,priors_set_1,5126,0,0.4678208015503157,1
LogReg,holdout,priors_set_1,5130,1,0.6046987874694704,1
LogReg,holdout,priors_set_1,5139,0,0.4166156358691416,0
LogReg,holdout,priors_set_1,5142,1,0.2857146416277822,0
LogReg,holdout,priors_set_1,5144,0,0.6046987874694704,1
LogReg,holdout,priors_set_1,5147,1,0.4040725317590792,0
LogReg,holdout,priors_set_1,5150,1,0.13687421484283857,0
LogReg,holdout,priors_set_1,5151,1,0.3391293294774767,1
LogReg,holdout,priors_set_1,5152,0,0.27005484895928755,0
LogReg,holdout,priors_set_1,5153,1,0.28264141049475927,0
LogReg,holdout,priors_set_1,5154,0,0.3516013933691158,1
LogReg,holdout,priors_set_1,5155,1,0.5430539451098293,1
LogReg,holdout,priors_set_1,5156,0,0.27224952513656475,0
LogReg,holdout,priors_set_1,5158,0,0.2803952390055993,0
LogReg,holdout,priors_set_1,5162,0,0.3516013933691158,0
LogReg,holdout,priors_set_1,5163,1,0.4166156358691416,1
LogReg,holdout,priors_set_1,5165,1,0.5430539451098293,1
LogReg,holdout,priors_set_1,5166,0,0.27224952513656475,0
LogReg,holdout,priors_set_1,5167,0,0.6170214474309403,0
LogReg,holdout,priors_set_1,5173,0,0.4040725317590792,0
LogReg,holdout,priors_set_1,5177,0,0.5502298630919802,1
LogReg,holdout,priors_set_1,5178,0,0.454938268114597,1
LogReg,holdout,priors_set_1,5189,0,0.3516013933691158,0
LogReg,holdout,priors_set_1,5191,1,0.4166156358691416,1
LogReg,holdout,priors_set_1,5195,0,0.4166156358691416,0
LogReg,holdout,priors_set_1,5196,1,0.4040725317590792,1
LogReg,holdout,priors_set_1,5198,0,0.4166156358691416,0
LogReg,holdout,priors_set_1,5199,0,0.22122109864453443,0
LogReg,holdout,priors_set_1,5204,0,0.22518913197277277,0
LogReg,holdout,priors_set_1,5205,0,0.3391293294774767,1
LogReg,holdout,priors_set_1,5206,0,0.27005484895928755,0
LogReg,holdout,priors_set_1,5212,0,0.22122109864453443,0
LogReg,holdout,priors_set_1,5213,0,0.2803952390055993,0
LogReg,holdout,priors_set_1,5218,0,0.4040725317590792,0
LogReg,holdout,priors_set_1,5219,0,0.28264141049475927,0
LogReg,holdout,priors_set_1,5221,0,0.4166156358691416,1
LogReg,holdout,priors_set_1,5222,1,0.4166156358691416,1
LogReg,holdout,priors_set_1,5224,1,0.3391293294774767,1
LogReg,holdout,priors_set_1,5227,1,0.40096152753059144,0
LogReg,holdout,priors_set_1,5229,1,0.5502298630919802,1
LogReg,holdout,priors_set_1,5231,1,0.21186274041628061,0
LogReg,holdout,priors_set_1,5233,1,0.4166156358691416,1
LogReg,holdout,priors_set_1,5235,1,0.6170214474309403,1
LogReg,holdout,priors_set_1,5240,1,0.6170214474309403,1
LogReg,holdout,priors_set_1,5242,0,0.6170214474309403,1
LogReg,holdout,priors_set_1,5243,1,0.28264141049475927,0
LogReg,holdout,priors_set_1,5246,1,0.2803952390055993,0
LogReg,holdout,priors_set_1,5248,0,0.3516013933691158,1
LogReg,holdout,priors_set_1,5251,0,0.6046987874694704,1
LogReg,holdout,priors_set_1,5252,0,0.4040725317590792,1
LogReg,holdout,priors_set_1,5253,0,0.28264141049475927,1
LogReg,holdout,priors_set_1,5258,1,0.4166156358691416,1
LogReg,holdout,priors_set_1,5261,0,0.16770300694104928,0
LogReg,holdout,priors_set_1,5263,1,0.28264141049475927,0
LogReg,holdout,priors_set_1,5267,0,0.22518913197277277,0
LogReg,holdout,priors_set_1,5269,0,0.4040725317590792,0
LogReg,holdout,priors_set_1,5273,0,0.4040725317590792,0
LogReg,holdout,priors_set_1,5281,0,0.5373694620423431,0
LogReg,holdout,priors_set_1,5285,0,0.4166156358691416,1
LogReg,holdout,priors_set_1,5286,0,0.2803952390055993,0
LogReg,holdout,priors_set_1,5288,1,0.33987531977916313,0
LogReg,holdout,priors_set_1,5290,0,0.4166156358691416,1
LogReg,holdout,priors_set_1,5300,1,0.4166156358691416,1
LogReg,holdout,priors_set_1,5304,1,0.4166156358691416,1
LogReg,holdout,priors_set_1,5305,0,0.3276090431607146,1
LogReg,holdout,priors_set_1,5306,0,0.22122109864453443,1
LogReg,holdout,priors_set_1,5309,1,0.3516013933691158,1
LogReg,holdout,priors_set_1,5310,1,0.5502298630919802,0
LogReg,holdout,priors_set_1,5311,0,0.534152072040184,0
LogReg,holdout,priors_set_1,5313,0,0.2857146416277822,0
LogReg,holdout,priors_set_1,5315,0,0.5373694620423431,0
LogReg,holdout,priors_set_1,5321,1,0.4166156358691416,1
LogReg,holdout,priors_set_1,5324,1,0.5373694620423431,0
LogReg,holdout,priors_set_1,5326,0,0.3516013933691158,1
LogReg,holdout,priors_set_1,5328,0,0.4040725317590792,1
LogReg,holdout,priors_set_1,5329,1,0.5430539451098293,1
LogReg,holdout,priors_set_1,5338,0,0.4166156358691416,0
LogReg,holdout,priors_set_1,5342,1,0.4166156358691416,1
LogReg,holdout,priors_set_1,5343,0,0.33987531977916313,1
LogReg,holdout,priors_set_1,5345,1,0.4166156358691416,1
LogReg,holdout,priors_set_1,5346,0,0.18079010149360422,0
LogReg,holdout,priors_set_1,5347,1,0.34502873267998735,1
LogReg,holdout,priors_set_1,5351,0,0.2857146416277822,0
LogReg,holdout,priors_set_1,5352,1,0.4166156358691416,0
LogReg,holdout,priors_set_1,5355,0,0.28264141049475927,0
LogReg,holdout,priors_set_1,5362,0,0.34502873267998735,0
LogReg,holdout,priors_set_1,5363,0,0.2803952390055993,0
LogReg,holdout,priors_set_1,5367,1,0.6046987874694704,1
LogReg,holdout,priors_set_1,5370,0,0.33987531977916313,0
LogReg,holdout,priors_set_1,5372,0,0.4166156358691416,1
LogReg,holdout,priors_set_1,5375,0,0.3516013933691158,1
LogReg,holdout,priors_set_1,5377,1,0.22064849118781032,1
LogReg,holdout,priors_set_1,5378,1,0.4678208015503157,1
LogReg,holdout,priors_set_1,5379,0,0.27224952513656475,0
LogReg,holdout,priors_set_1,5383,0,0.21186274041628061,0
LogReg,holdout,priors_set_1,5384,0,0.5373694620423431,0
LogReg,holdout,priors_set_1,5388,1,0.6170214474309403,1
LogReg,holdout,priors_set_1,5389,1,0.3276090431607146,1
LogReg,holdout,priors_set_1,5396,1,0.6046987874694704,1
LogReg,holdout,priors_set_1,5397,0,0.27224952513656475,0
LogReg,holdout,priors_set_1,5408,0,0.3276090431607146,0
LogReg,holdout,priors_set_1,5414,1,0.2803952390055993,1
LogReg,holdout,priors_set_1,5416,0,0.34502873267998735,0
LogReg,holdout,priors_set_1,5418,1,0.28264141049475927,0
LogReg,holdout,priors_set_1,5419,1,0.33987531977916313,0
LogReg,holdout,priors_set_1,5420,1,0.4166156358691416,0
LogReg,holdout,priors_set_1,5427,1,0.6046987874694704,0
LogReg,holdout,priors_set_1,5438,0,0.3516013933691158,1
LogReg,holdout,priors_set_1,5439,0,0.2803952390055993,0
LogReg,holdout,priors_set_1,5440,0,0.4166156358691416,1
LogReg,holdout,priors_set_1,5454,1,0.6170214474309403,1
LogReg,holdout,priors_set_1,5479,1,0.3516013933691158,0
LogReg,holdout,priors_set_1,5483,0,0.3516013933691158,0
LogReg,holdout,priors_set_1,5485,1,0.22122109864453443,0
LogReg,holdout,priors_set_1,5486,1,0.4166156358691416,0
LogReg,holdout,priors_set_1,5489,0,0.3516013933691158,1
LogReg,holdout,priors_set_1,5490,0,0.3516013933691158,0
LogReg,holdout,priors_set_1,5491,0,0.22122109864453443,0
LogReg,holdout,priors_set_1,5493,1,0.5365423199164948,1
LogReg,holdout,priors_set_1,5495,1,0.4166156358691416,0
LogReg,holdout,priors_set_1,5496,0,0.22122109864453443,1
LogReg,holdout,priors_set_1,5507,1,0.3391293294774767,0
LogReg,holdout,priors_set_1,5509,0,0.3516013933691158,0
LogReg,holdout,priors_set_1,5520,0,0.28264141049475927,0
LogReg,holdout,priors_set_1,5541,1,0.4166156358691416,0
LogReg,holdout,priors_set_1,5542,1,0.6046987874694704,1
LogReg,holdout,priors_set_1,5543,0,0.16951633523388346,0
LogReg,holdout,priors_set_1,5547,0,0.4166156358691416,1
LogReg,holdout,priors_set_1,5550,1,0.4166156358691416,1
LogReg,holdout,priors_set_1,5554,1,0.5373694620423431,1
LogReg,holdout,priors_set_1,5560,0,0.3516013933691158,0
LogReg,holdout,priors_set_1,5564,0,0.3516013933691158,1
LogReg,holdout,priors_set_1,5566,1,0.4166156358691416,1
LogReg,holdout,priors_set_1,5569,1,0.4166156358691416,1
LogReg,holdout,priors_set_1,5571,1,0.6170214474309403,1
LogReg,holdout,priors_set_1,5574,0,0.22518913197277277,0
LogReg,holdout,priors_set_1,5587,1,0.23028154013745278,1
LogReg,holdout,priors_set_1,5589,1,0.27224952513656475,1
LogReg,holdout,priors_set_1,5590,1,0.4166156358691416,1
LogReg,holdout,priors_set_1,5591,0,0.21186274041628061,0
LogReg,holdout,priors_set_1,5593,1,0.6170214474309403,1
LogReg,holdout,priors_set_1,5603,1,0.3276090431607146,0
LogReg,holdout,priors_set_1,5606,1,0.5373694620423431,1
LogReg,holdout,priors_set_1,5607,0,0.6170214474309403,1
LogReg,holdout,priors_set_1,5609,1,0.4166156358691416,1
LogReg,holdout,priors_set_1,5611,1,0.5365423199164948,1
LogReg,holdout,priors_set_1,5612,1,0.6016024929266277,0
LogReg,holdout,priors_set_1,5615,0,0.4040725317590792,0
LogReg,holdout,priors_set_1,5618,1,0.6170214474309403,0
LogReg,holdout,priors_set_1,5619,0,0.27224952513656475,0
LogReg,holdout,priors_set_1,5620,1,0.3391293294774767,1
LogReg,holdout,priors_set_1,5621,0,0.22064849118781032,1
LogReg,holdout,priors_set_1,5622,1,0.3516013933691158,0
LogReg,holdout,priors_set_1,5624,1,0.17694026448355826,0
LogReg,holdout,priors_set_1,5629,1,0.6046987874694704,1
LogReg,holdout,priors_set_1,5632,0,0.3391293294774767,1
LogReg,holdout,priors_set_1,5637,0,0.4166156358691416,0
LogReg,holdout,priors_set_1,5638,1,0.3276090431607146,1
LogReg,holdout,priors_set_1,5640,0,0.33987531977916313,0
LogReg,holdout,priors_set_1,5641,0,0.28264141049475927,1
LogReg,holdout,priors_set_1,5649,1,0.3276090431607146,0
LogReg,holdout,priors_set_1,5654,0,0.5373694620423431,0
LogReg,holdout,priors_set_1,5656,0,0.5204017207072511,0
LogReg,holdout,priors_set_1,5663,1,0.6170214474309403,1
LogReg,holdout,priors_set_1,5664,1,0.2675124788884579,0
LogReg,holdout,priors_set_1,5673,0,0.33987531977916313,0
LogReg,holdout,priors_set_1,5679,1,0.3516013933691158,1
LogReg,holdout,priors_set_1,5689,1,0.33987531977916313,1
LogReg,holdout,priors_set_1,5690,1,0.4040725317590792,1
LogReg,holdout,priors_set_1,5692,0,0.27224952513656475,0
LogReg,holdout,priors_set_1,5693,0,0.23028154013745278,0
LogReg,holdout,priors_set_1,5697,0,0.3516013933691158,0
LogReg,holdout,priors_set_1,5698,1,0.33987531977916313,0
LogReg,holdout,priors_set_1,5704,1,0.22064849118781032,1
LogReg,holdout,priors_set_1,5711,0,0.4678208015503157,0
LogReg,holdout,priors_set_1,5712,0,0.6170214474309403,1
LogReg,holdout,priors_set_1,5715,1,0.5502298630919802,0
LogReg,holdout,priors_set_1,5717,0,0.6170214474309403,0
LogReg,holdout,priors_set_1,5720,0,0.40096152753059144,0
LogReg,holdout,priors_set_1,5723,0,0.4166156358691416,0
LogReg,holdout,priors_set_1,5724,0,0.22122109864453443,0
LogReg,holdout,priors_set_1,5728,0,0.6170214474309403,1
LogReg,holdout,priors_set_1,5732,0,0.33987531977916313,1
LogReg,holdout,priors_set_1,5735,0,0.4040725317590792,0
LogReg,holdout,priors_set_1,5737,0,0.40096152753059144,0
LogReg,holdout,priors_set_1,5741,1,0.27224952513656475,0
LogReg,holdout,priors_set_1,5744,0,0.33697908734035853,0
LogReg,holdout,priors_set_1,5747,1,0.2232574411393062,0
LogReg,holdout,priors_set_1,5750,1,0.3516013933691158,1
LogReg,holdout,priors_set_1,5751,1,0.4166156358691416,0
LogReg,holdout,priors_set_1,5756,0,0.33697908734035853,0
LogReg,holdout,priors_set_1,5758,0,0.6170214474309403,1
LogReg,holdout,priors_set_1,5759,0,0.6046987874694704,0
LogReg,holdout,priors_set_1,5760,0,0.4166156358691416,0
LogReg,holdout,priors_set_1,5761,1,0.3516013933691158,1
LogReg,holdout,priors_set_1,5763,0,0.22122109864453443,0
LogReg,holdout,priors_set_1,5767,1,0.6170214474309403,1
LogReg,holdout,priors_set_1,5768,1,0.27224952513656475,0
LogReg,holdout,priors_set_1,5769,0,0.4166156358691416,1
LogReg,holdout,priors_set_1,5770,1,0.28264141049475927,1
LogReg,holdout,priors_set_1,5773,1,0.4166156358691416,0
LogReg,holdout,priors_set_1,5775,0,0.23028154013745278,0
LogReg,holdout,priors_set_1,5779,0,0.5373694620423431,1
LogReg,holdout,priors_set_1,5785,0,0.20971081516602832,0
LogReg,holdout,priors_set_1,5793,0,0.5502298630919802,0
LogReg,holdout,priors_set_1,5805,1,0.4166156358691416,1
LogReg,holdout,priors_set_1,5807,0,0.3276090431607146,0
LogReg,holdout,priors_set_1,5810,0,0.16951633523388346,0
LogReg,holdout,priors_set_1,5811,0,0.4040725317590792,0
LogReg,holdout,priors_set_1,5812,1,0.5373694620423431,1
LogReg,holdout,priors_set_1,5814,0,0.2675124788884579,0
LogReg,holdout,priors_set_1,5816,1,0.4166156358691416,1
LogReg,holdout,priors_set_1,5817,0,0.5373694620423431,1
LogReg,holdout,priors_set_1,5826,0,0.22122109864453443,0
LogReg,holdout,priors_set_1,5829,1,0.28264141049475927,1
LogReg,holdout,priors_set_1,5833,0,0.23028154013745278,0
LogReg,holdout,priors_set_1,5836,0,0.27224952513656475,0
LogReg,holdout,priors_set_1,5843,1,0.33697908734035853,0
LogReg,holdout,priors_set_1,5844,1,0.34502873267998735,1
LogReg,holdout,priors_set_1,5850,0,0.4040725317590792,0
LogReg,holdout,priors_set_1,5853,1,0.2857146416277822,0
LogReg,holdout,priors_set_1,5855,0,0.27224952513656475,0
LogReg,holdout,priors_set_1,5857,0,0.17694026448355826,0
LogReg,holdout,priors_set_1,5859,1,0.3391293294774767,0
LogReg,holdout,priors_set_1,5862,0,0.27458996704920735,0
LogReg,holdout,priors_set_1,5865,0,0.33697908734035853,0
LogReg,holdout,priors_set_1,5866,0,0.3276090431607146,0
LogReg,holdout,priors_set_1,5867,1,0.5502298630919802,1
LogReg,holdout,priors_set_1,5876,0,0.33987531977916313,0
LogReg,holdout,priors_set_1,5880,0,0.27458996704920735,1
LogReg,holdout,priors_set_1,5885,1,0.4166156358691416,1
LogReg,holdout,priors_set_1,5886,0,0.4040725317590792,0
LogReg,holdout,priors_set_1,5889,0,0.4040725317590792,0
LogReg,holdout,priors_set_1,5891,0,0.4040725317590792,0
LogReg,holdout,priors_set_1,5892,1,0.3516013933691158,1
LogReg,holdout,priors_set_1,5895,0,0.6046987874694704,1
LogReg,holdout,priors_set_1,5897,1,0.3516013933691158,1
LogReg,holdout,priors_set_1,5898,1,0.5365423199164948,0
LogReg,holdout,priors_set_1,5901,1,0.4166156358691416,0
LogReg,holdout,priors_set_1,5904,1,0.4040725317590792,1
LogReg,holdout,priors_set_1,5906,1,0.3391293294774767,1
LogReg,holdout,priors_set_1,5907,1,0.4166156358691416,1
LogReg,holdout,priors_set_1,5908,0,0.5502298630919802,1
LogReg,holdout,priors_set_1,5915,1,0.23028154013745278,1
LogReg,holdout,priors_set_1,5926,1,0.4040725317590792,0
LogReg,holdout,priors_set_1,5928,0,0.28264141049475927,0
LogReg,holdout,priors_set_1,5936,1,0.3516013933691158,0
LogReg,holdout,priors_set_1,5939,1,0.4040725317590792,1
LogReg,holdout,priors_set_1,5943,1,0.4166156358691416,1
LogReg,holdout,priors_set_1,5952,1,0.3516013933691158,1
LogReg,holdout,priors_set_1,5956,1,0.6016024929266277,1
LogReg,holdout,priors_set_1,5957,0,0.3391293294774767,1
LogReg,holdout,priors_set_1,5962,1,0.33697908734035853,0
LogReg,holdout,priors_set_1,5963,1,0.3276090431607146,0
LogReg,holdout,priors_set_1,5966,1,0.33987531977916313,0
LogReg,holdout,priors_set_1,5977,0,0.33987531977916313,0
LogReg,holdout,priors_set_1,5978,1,0.4166156358691416,1
LogReg,holdout,priors_set_1,5980,1,0.6170214474309403,1
LogReg,holdout,priors_set_1,5984,0,0.22064849118781032,0
LogReg,holdout,priors_set_1,5985,1,0.4166156358691416,0
LogReg,holdout,priors_set_1,5988,0,0.4166156358691416,1
LogReg,holdout,priors_set_1,5993,0,0.3391293294774767,0
LogReg,holdout,priors_set_1,5996,0,0.6170214474309403,1
LogReg,holdout,priors_set_1,6002,1,0.28264141049475927,1
LogReg,holdout,priors_set_1,6004,0,0.4166156358691416,1
LogReg,holdout,priors_set_1,6005,0,0.3516013933691158,1
LogReg,holdout,priors_set_1,6007,0,0.4040725317590792,0
LogReg,holdout,priors_set_1,6010,0,0.39336808562092235,0
LogReg,holdout,priors_set_1,6016,1,0.3391293294774767,1
LogReg,holdout,priors_set_1,6018,0,0.2803952390055993,0
LogReg,holdout,priors_set_1,6023,0,0.33987531977916313,0
LogReg,holdout,priors_set_1,6024,0,0.3391293294774767,0
LogReg,holdout,priors_set_1,6025,0,0.16951633523388346,0
LogReg,holdout,priors_set_1,6026,1,0.6170214474309403,1
LogReg,holdout,priors_set_1,6028,0,0.4040725317590792,0
LogReg,holdout,priors_set_1,6031,1,0.5430539451098293,0
LogReg,holdout,priors_set_1,6032,1,0.6170214474309403,0
LogReg,holdout,priors_set_1,6033,0,0.2232574411393062,0
LogReg,holdout,priors_set_1,6037,1,0.33987531977916313,0
LogReg,holdout,priors_set_1,6039,0,0.27224952513656475,0
LogReg,holdout,priors_set_1,6045,0,0.4040725317590792,0
LogReg,holdout,priors_set_1,6047,0,0.17694026448355826,1
LogReg,holdout,priors_set_1,6054,0,0.4040725317590792,0
LogReg,holdout,priors_set_1,6059,1,0.28264141049475927,0
LogReg,holdout,priors_set_1,6063,1,0.4166156358691416,1
LogReg,holdout,priors_set_1,6073,1,0.3516013933691158,0
LogReg,holdout,priors_set_1,6074,0,0.4743520318620583,0
LogReg,holdout,priors_set_1,6077,1,0.3391293294774767,0
LogReg,holdout,priors_set_1,6081,0,0.3391293294774767,1
LogReg,holdout,priors_set_1,6083,1,0.4166156358691416,0
LogReg,holdout,priors_set_1,6084,1,0.6170214474309403,1
LogReg,holdout,priors_set_1,6086,1,0.28264141049475927,1
LogReg,holdout,priors_set_1,6089,1,0.2803952390055993,1
LogReg,holdout,priors_set_1,6091,1,0.24313440763854693,0
LogReg,holdout,priors_set_1,6098,0,0.4040725317590792,1
LogReg,holdout,priors_set_1,6099,1,0.1727626807131403,0
LogReg,holdout,priors_set_1,6102,0,0.28264141049475927,1
LogReg,holdout,priors_set_1,6104,0,0.4166156358691416,0
LogReg,holdout,priors_set_1,6106,0,0.33987531977916313,1
LogReg,holdout,priors_set_1,6110,1,0.4040725317590792,1
LogReg,holdout,priors_set_1,6113,1,0.4166156358691416,1
LogReg,holdout,priors_set_1,6123,1,0.4166156358691416,1
LogReg,holdout,priors_set_1,6124,0,0.34502873267998735,0
LogReg,holdout,priors_set_1,6126,0,0.33987531977916313,0
LogReg,holdout,priors_set_1,6127,1,0.2857146416277822,1
LogReg,holdout,priors_set_1,6129,0,0.16951633523388346,0
LogReg,holdout,priors_set_1,6130,0,0.33987531977916313,1
LogReg,holdout,priors_set_1,6134,0,0.3516013933691158,1
LogReg,holdout,priors_set_1,6148,0,0.33987531977916313,0
LogReg,holdout,priors_set_1,6149,1,0.3516013933691158,0
LogReg,holdout,priors_set_1,6150,1,0.5502298630919802,0
LogReg,holdout,priors_set_1,6151,0,0.4040725317590792,0
LogReg,holdout,priors_set_1,6157,0,0.4166156358691416,1
LogReg,holdout,priors_set_1,6165,1,0.3516013933691158,0
XGBoost,holdout,priors_set_1,3,0,0.3926832377910614,0
XGBoost,holdout,priors_set_1,6,0,0.3900885581970215,0
XGBoost,holdout,priors_set_1,7,0,0.3979814052581787,0
XGBoost,holdout,priors_set_1,9,0,0.3900885581970215,0
XGBoost,holdout,priors_set_1,16,1,0.3979814052581787,0
XGBoost,holdout,priors_set_1,18,1,0.5870620012283325,1
XGBoost,holdout,priors_set_1,20,0,0.3653736710548401,0
XGBoost,holdout,priors_set_1,23,0,0.3926832377910614,0
XGBoost,holdout,priors_set_1,31,1,0.3900885581970215,1
XGBoost,holdout,priors_set_1,33,1,0.3979814052581787,1
XGBoost,holdout,priors_set_1,37,1,0.3926832377910614,0
XGBoost,holdout,priors_set_1,38,0,0.33107274770736694,0
XGBoost,holdout,priors_set_1,39,1,0.3979814052581787,1
XGBoost,holdout,priors_set_1,41,1,0.3979814052581787,1
XGBoost,holdout,priors_set_1,44,1,0.3979814052581787,0
XGBoost,holdout,priors_set_1,45,0,0.39537444710731506,0
XGBoost,holdout,priors_set_1,48,0,0.3825620114803314,1
XGBoost,holdout,priors_set_1,59,0,0.33038100600242615,0
XGBoost,holdout,priors_set_1,60,1,0.3081124424934387,0
XGBoost,holdout,priors_set_1,73,1,0.3979814052581787,1
XGBoost,holdout,priors_set_1,76,0,0.3900885581970215,0
XGBoost,holdout,priors_set_1,77,1,0.3979814052581787,1
XGBoost,holdout,priors_set_1,81,0,0.3653736710548401,1
XGBoost,holdout,priors_set_1,83,0,0.3102814555168152,0
XGBoost,holdout,priors_set_1,86,0,0.3979814052581787,0
XGBoost,holdout,priors_set_1,88,1,0.5364295244216919,1
XGBoost,holdout,priors_set_1,90,0,0.3926832377910614,1
XGBoost,holdout,priors_set_1,92,0,0.3979814052581787,0
XGBoost,holdout,priors_set_1,96,1,0.3979814052581787,1
XGBoost,holdout,priors_set_1,101,1,0.3979814052581787,1
XGBoost,holdout,priors_set_1,103,0,0.39537444710731506,0
XGBoost,holdout,priors_set_1,106,0,0.31143057346343994,1
XGBoost,holdout,priors_set_1,110,0,0.3926832377910614,0
XGBoost,holdout,priors_set_1,112,1,0.3926832377910614,0
XGBoost,holdout,priors_set_1,115,1,0.3926832377910614,0
XGBoost,holdout,priors_set_1,117,1,0.3926832377910614,0
XGBoost,holdout,priors_set_1,121,0,0.3900885581970215,0
XGBoost,holdout,priors_set_1,124,1,0.3926832377910614,1
XGBoost,holdout,priors_set_1,130,1,0.33107274770736694,0
XGBoost,holdout,priors_set_1,136,0,0.3926832377910614,0
XGBoost,holdout,priors_set_1,139,0,0.31143057346343994,0
XGBoost,holdout,priors_set_1,141,1,0.3121011257171631,0
XGBoost,holdout,priors_set_1,142,0,0.3979814052581787,1
XGBoost,holdout,priors_set_1,145,0,0.39537444710731506,1
XGBoost,holdout,priors_set_1,147,0,0.3322618007659912,0
XGBoost,holdout,priors_set_1,152,1,0.31143057346343994,0
XGBoost,holdout,priors_set_1,155,1,0.5870620012283325,1
XGBoost,holdout,priors_set_1,156,1,0.33156877756118774,1
XGBoost,holdout,priors_set_1,159,0,0.3322618007659912,0
XGBoost,holdout,priors_set_1,160,1,0.31143057346343994,0
XGBoost,holdout,priors_set_1,162,1,0.3979814052581787,0
XGBoost,holdout,priors_set_1,164,0,0.3121011257171631,0
XGBoost,holdout,priors_set_1,167,0,0.44856199622154236,0
XGBoost,holdout,priors_set_1,170,0,0.3900885581970215,0
XGBoost,holdout,priors_set_1,172,1,0.39537444710731506,1
XGBoost,holdout,priors_set_1,176,0,0.39537444710731506,1
XGBoost,holdout,priors_set_1,188,0,0.39537444710731506,1
XGBoost,holdout,priors_set_1,189,0,0.3900885581970215,1
XGBoost,holdout,priors_set_1,190,1,0.3979814052581787,1
XGBoost,holdout,priors_set_1,193,0,0.3322618007659912,1
XGBoost,holdout,priors_set_1,196,0,0.3121011257171631,0
XGBoost,holdout,priors_set_1,201,0,0.3979814052581787,1
XGBoost,holdout,priors_set_1,205,1,0.3979814052581787,1
XGBoost,holdout,priors_set_1,206,1,0.3979814052581787,0
XGBoost,holdout,priors_set_1,208,0,0.31143057346343994,0
XGBoost,holdout,priors_set_1,214,0,0.39537444710731506,0
XGBoost,holdout,priors_set_1,221,1,0.3979814052581787,1
XGBoost,holdout,priors_set_1,222,0,0.3979814052581787,0
XGBoost,holdout,priors_set_1,224,0,0.39537444710731506,0
XGBoost,holdout,priors_set_1,226,0,0.5364295244216919,1
XGBoost,holdout,priors_set_1,228,1,0.4508412182331085,0
XGBoost,holdout,priors_set_1,229,0,0.33107274770736694,0
XGBoost,holdout,priors_set_1,230,0,0.3979814052581787,1
XGBoost,holdout,priors_set_1,233,1,0.5870620012283325,1
XGBoost,holdout,priors_set_1,235,0,0.3900885581970215,0
XGBoost,holdout,priors_set_1,239,0,0.3979814052581787,0
XGBoost,holdout,priors_set_1,242,1,0.5870620012283325,1
XGBoost,holdout,priors_set_1,243,1,0.3926832377910614,1
XGBoost,holdout,priors_set_1,245,0,0.3926832377910614,0
XGBoost,holdout,priors_set_1,247,1,0.5364295244216919,1
XGBoost,holdout,priors_set_1,249,1,0.3979814052581787,0
XGBoost,holdout,priors_set_1,250,0,0.5364295244216919,0
XGBoost,holdout,priors_set_1,254,0,0.3121011257171631,0
XGBoost,holdout,priors_set_1,255,0,0.3979814052581787,0
XGBoost,holdout,priors_set_1,258,0,0.5364295244216919,0
XGBoost,holdout,priors_set_1,260,1,0.3926832377910614,0
XGBoost,holdout,priors_set_1,263,1,0.5364295244216919,1
XGBoost,holdout,priors_set_1,266,0,0.3102814555168152,0
XGBoost,holdout,priors_set_1,267,0,0.31143057346343994,0
XGBoost,holdout,priors_set_1,277,0,0.3612571060657501,0
XGBoost,holdout,priors_set_1,279,1,0.4508412182331085,1
XGBoost,holdout,priors_set_1,281,0,0.5870620012283325,0
XGBoost,holdout,priors_set_1,286,1,0.3979814052581787,1
XGBoost,holdout,priors_set_1,291,0,0.3825620114803314,1
XGBoost,holdout,priors_set_1,292,0,0.3926832377910614,0
XGBoost,holdout,priors_set_1,298,1,0.4508412182331085,1
XGBoost,holdout,priors_set_1,300,0,0.3926832377910614,0
XGBoost,holdout,priors_set_1,301,0,0.3102814555168152,0
XGBoost,holdout,priors_set_1,302,1,0.5870620012283325,1
XGBoost,holdout,priors_set_1,306,0,0.5870620012283325,0
XGBoost,holdout,priors_set_1,322,0,0.3979814052581787,1
XGBoost,holdout,priors_set_1,325,1,0.3121011257171631,1
XGBoost,holdout,priors_set_1,331,1,0.3979814052581787,1
XGBoost,holdout,priors_set_1,333,1,0.5870620012283325,1
XGBoost,holdout,priors_set_1,334,0,0.3979814052581787,0
XGBoost,holdout,priors_set_1,342,0,0.31143057346343994,0
XGBoost,holdout,priors_set_1,346,0,0.5342937111854553,0
XGBoost,holdout,priors_set_1,347,0,0.5364295244216919,0
XGBoost,holdout,priors_set_1,350,1,0.5364295244216919,1
XGBoost,holdout,priors_set_1,351,1,0.3979814052581787,1
XGBoost,holdout,priors_set_1,354,1,0.3926832377910614,1
XGBoost,holdout,priors_set_1,355,1,0.33156877756118774,1
XGBoost,holdout,priors_set_1,356,0,0.5870620012283325,1
XGBoost,holdout,priors_set_1,359,1,0.3322618007659912,1
XGBoost,holdout,priors_set_1,363,0,0.3979814052581787,0
XGBoost,holdout,priors_set_1,365,1,0.4508412182331085,1
XGBoost,holdout,priors_set_1,368,0,0.3653736710548401,1
XGBoost,holdout,priors_set_1,369,0,0.3926832377910614,0
XGBoost,holdout,priors_set_1,372,1,0.5870620012283325,0
XGBoost,holdout,priors_set_1,373,0,0.3121011257171631,0
XGBoost,holdout,priors_set_1,375,0,0.3926832377910614,0
XGBoost,holdout,priors_set_1,377,0,0.5342937111854553,0
XGBoost,holdout,priors_set_1,381,1,0.3926832377910614,1
XGBoost,holdout,priors_set_1,382,1,0.3926832377910614,1
XGBoost,holdout,priors_set_1,387,1,0.3979814052581787,1
XGBoost,holdout,priors_set_1,393,1,0.3979814052581787,1
XGBoost,holdout,priors_set_1,399,1,0.5870620012283325,1
XGBoost,holdout,priors_set_1,403,0,0.3121011257171631,0
XGBoost,holdout,priors_set_1,404,1,0.3979814052581787,1
XGBoost,holdout,priors_set_1,412,1,0.5342937111854553,1
XGBoost,holdout,priors_set_1,417,0,0.33156877756118774,0
XGBoost,holdout,priors_set_1,418,1,0.3979814052581787,0
XGBoost,holdout,priors_set_1,419,0,0.3102814555168152,0
XGBoost,holdout,priors_set_1,420,0,0.3979814052581787,1
XGBoost,holdout,priors_set_1,424,1,0.3322618007659912,1
XGBoost,holdout,priors_set_1,426,0,0.31143057346343994,0
XGBoost,holdout,priors_set_1,430,0,0.3900885581970215,0
XGBoost,holdout,priors_set_1,432,0,0.3825620114803314,0
XGBoost,holdout,priors_set_1,433,0,0.3926832377910614,0
XGBoost,holdout,priors_set_1,440,1,0.3121011257171631,1
XGBoost,holdout,priors_set_1,442,1,0.5870620012283325,0
XGBoost,holdout,priors_set_1,444,0,0.5364295244216919,0
XGBoost,holdout,priors_set_1,445,0,0.5342937111854553,1
XGBoost,holdout,priors_set_1,450,1,0.3979814052581787,0
XGBoost,holdout,priors_set_1,452,0,0.3979814052581787,0
XGBoost,holdout,priors_set_1,455,0,0.3979814052581787,1
XGBoost,holdout,priors_set_1,456,1,0.3979814052581787,1
XGBoost,holdout,priors_set_1,459,0,0.31143057346343994,0
XGBoost,holdout,priors_set_1,461,1,0.3825620114803314,0
XGBoost,holdout,priors_set_1,462,1,0.3121011257171631,1
XGBoost,holdout,priors_set_1,466,0,0.3322618007659912,1
XGBoost,holdout,priors_set_1,468,0,0.3109506666660309,0
XGBoost,holdout,priors_set_1,470,1,0.5870620012283325,1
XGBoost,holdout,priors_set_1,472,1,0.5870620012283325,1
XGBoost,holdout,priors_set_1,477,0,0.3900885581970215,0
XGBoost,holdout,priors_set_1,480,0,0.3979814052581787,0
XGBoost,holdout,priors_set_1,482,1,0.3926832377910614,0
XGBoost,holdout,priors_set_1,483,0,0.3926832377910614,0
XGBoost,holdout,priors_set_1,487,0,0.3878107964992523,1
XGBoost,holdout,priors_set_1,488,0,0.3900885581970215,0
XGBoost,holdout,priors_set_1,490,1,0.3102814555168152,0
XGBoost,holdout,priors_set_1,497,1,0.3926832377910614,1
XGBoost,holdout,priors_set_1,506,0,0.5870620012283325,0
XGBoost,holdout,priors_set_1,507,1,0.3926832377910614,1
XGBoost,holdout,priors_set_1,515,0,0.3102814555168152,0
XGBoost,holdout,priors_set_1,519,1,0.5870620012283325,1
XGBoost,holdout,priors_set_1,522,1,0.3926832377910614,0
XGBoost,holdout,priors_set_1,531,0,0.3825620114803314,0
XGBoost,holdout,priors_set_1,538,1,0.3979814052581787,1
XGBoost,holdout,priors_set_1,542,1,0.3102814555168152,0
XGBoost,holdout,priors_set_1,547,0,0.39537444710731506,1
XGBoost,holdout,priors_set_1,548,0,0.3109506666660309,1
XGBoost,holdout,priors_set_1,558,1,0.5342937111854553,1
XGBoost,holdout,priors_set_1,566,1,0.3926832377910614,1
XGBoost,holdout,priors_set_1,571,1,0.3926832377910614,1
XGBoost,holdout,priors_set_1,578,0,0.3979814052581787,0
XGBoost,holdout,priors_set_1,579,1,0.5364295244216919,1
XGBoost,holdout,priors_set_1,582,0,0.3926832377910614,1
XGBoost,holdout,priors_set_1,584,0,0.3121011257171631,0
XGBoost,holdout,priors_set_1,587,1,0.3322618007659912,1
XGBoost,holdout,priors_set_1,600,0,0.3109506666660309,1
XGBoost,holdout,priors_set_1,601,1,0.5870620012283325,1
XGBoost,holdout,priors_set_1,602,1,0.3322618007659912,1
XGBoost,holdout,priors_set_1,606,0,0.3121011257171631,0
XGBoost,holdout,priors_set_1,607,1,0.3926832377910614,0
XGBoost,holdout,priors_set_1,609,0,0.5342937111854553,0
XGBoost,holdout,priors_set_1,610,1,0.3979814052581787,0
XGBoost,holdout,priors_set_1,611,0,0.31143057346343994,0
XGBoost,holdout,priors_set_1,612,0,0.5364295244216919,0
XGBoost,holdout,priors_set_1,617,1,0.3322618007659912,0
XGBoost,holdout,priors_set_1,618,1,0.39537444710731506,1
XGBoost,holdout,priors_set_1,620,1,0.5870620012283325,1
XGBoost,holdout,priors_set_1,637,1,0.5870620012283325,1
XGBoost,holdout,priors_set_1,645,0,0.4508412182331085,0
XGBoost,holdout,priors_set_1,646,0,0.3926832377910614,1
XGBoost,holdout,priors_set_1,648,0,0.4508412182331085,1
XGBoost,holdout,priors_set_1,649,1,0.3979814052581787,1
XGBoost,holdout,priors_set_1,656,0,0.3926832377910614,0
XGBoost,holdout,priors_set_1,663,1,0.5364295244216919,1
XGBoost,holdout,priors_set_1,665,0,0.3322618007659912,1
XGBoost,holdout,priors_set_1,668,0,0.39537444710731506,1
XGBoost,holdout,priors_set_1,669,0,0.3926832377910614,0
XGBoost,holdout,priors_set_1,674,0,0.3612571060657501,0
XGBoost,holdout,priors_set_1,677,0,0.5364295244216919,0
XGBoost,holdout,priors_set_1,679,0,0.3900885581970215,0
XGBoost,holdout,priors_set_1,682,1,0.3979814052581787,0
XGBoost,holdout,priors_set_1,685,0,0.3926832377910614,1
XGBoost,holdout,priors_set_1,692,0,0.3926832377910614,1
XGBoost,holdout,priors_set_1,694,1,0.3926832377910614,1
XGBoost,holdout,priors_set_1,695,0,0.3979814052581787,1
XGBoost,holdout,priors_set_1,696,1,0.3926832377910614,0
XGBoost,holdout,priors_set_1,699,0,0.3121011257171631,0
XGBoost,holdout,priors_set_1,701,0,0.4508412182331085,0
XGBoost,holdout,priors_set_1,703,1,0.3979814052581787,1
XGBoost,holdout,priors_set_1,706,0,0.3979814052581787,1
XGBoost,holdout,priors_set_1,708,1,0.3322618007659912,1
XGBoost,holdout,priors_set_1,710,1,0.33156877756118774,1
XGBoost,holdout,priors_set_1,713,0,0.3926832377910614,0
XGBoost,holdout,priors_set_1,714,0,0.31143057346343994,0
XGBoost,holdout,priors_set_1,718,0,0.3979814052581787,0
XGBoost,holdout,priors_set_1,719,0,0.3121011257171631,0
XGBoost,holdout,priors_set_1,729,0,0.3979814052581787,0
XGBoost,holdout,priors_set_1,730,0,0.3121011257171631,0
XGBoost,holdout,priors_set_1,733,1,0.5870620012283325,0
XGBoost,holdout,priors_set_1,737,1,0.3979814052581787,1
XGBoost,holdout,priors_set_1,740,1,0.3979814052581787,1
XGBoost,holdout,priors_set_1,743,0,0.3979814052581787,0
XGBoost,holdout,priors_set_1,751,0,0.3979814052581787,0
XGBoost,holdout,priors_set_1,752,0,0.3121011257171631,0
XGBoost,holdout,priors_set_1,761,1,0.3979814052581787,1
XGBoost,holdout,priors_set_1,767,1,0.3979814052581787,0
XGBoost,holdout,priors_set_1,782,1,0.3926832377910614,0
XGBoost,holdout,priors_set_1,787,0,0.33156877756118774,1
XGBoost,holdout,priors_set_1,790,1,0.3926832377910614,1
XGBoost,holdout,priors_set_1,791,0,0.3979814052581787,0
XGBoost,holdout,priors_set_1,797,1,0.3979814052581787,1
XGBoost,holdout,priors_set_1,799,1,0.3979814052581787,1
XGBoost,holdout,priors_set_1,803,1,0.3926832377910614,0
XGBoost,holdout,priors_set_1,805,0,0.39537444710731506,1
XGBoost,holdout,priors_set_1,808,1,0.3322618007659912,1
XGBoost,holdout,priors_set_1,810,0,0.3979814052581787,0
XGBoost,holdout,priors_set_1,813,1,0.3612571060657501,1
XGBoost,holdout,priors_set_1,816,0,0.5342937111854553,0
XGBoost,holdout,priors_set_1,817,1,0.3612571060657501,1
XGBoost,holdout,priors_set_1,820,1,0.3926832377910614,1
XGBoost,holdout,priors_set_1,822,1,0.33156877756118774,1
XGBoost,holdout,priors_set_1,823,1,0.5342937111854553,1
XGBoost,holdout,priors_set_1,827,0,0.3979814052581787,0
XGBoost,holdout,priors_set_1,833,1,0.3926832377910614,0
XGBoost,holdout,priors_set_1,834,0,0.39537444710731506,0
XGBoost,holdout,priors_set_1,846,0,0.5364295244216919,1
XGBoost,holdout,priors_set_1,847,0,0.5870620012283325,1
XGBoost,holdout,priors_set_1,849,0,0.3074466288089752,0
XGBoost,holdout,priors_set_1,851,0,0.3074466288089752,0
XGBoost,holdout,priors_set_1,855,0,0.3979814052581787,0
XGBoost,holdout,priors_set_1,856,0,0.3979814052581787,1
XGBoost,holdout,priors_set_1,857,0,0.3979814052581787,1
XGBoost,holdout,priors_set_1,859,1,0.3926832377910614,1
XGBoost,holdout,priors_set_1,867,1,0.3081124424934387,0
XGBoost,holdout,priors_set_1,872,1,0.3900885581970215,1
XGBoost,holdout,priors_set_1,874,0,0.3979814052581787,0
XGBoost,holdout,priors_set_1,879,0,0.31143057346343994,0
XGBoost,holdout,priors_set_1,880,0,0.3979814052581787,0
XGBoost,holdout,priors_set_1,882,1,0.3926832377910614,1
XGBoost,holdout,priors_set_1,888,0,0.3979814052581787,0
XGBoost,holdout,priors_set_1,890,1,0.3926832377910614,0
XGBoost,holdout,priors_set_1,892,1,0.3926832377910614,1
XGBoost,holdout,priors_set_1,894,0,0.39537444710731506,1
XGBoost,holdout,priors_set_1,895,1,0.39537444710731506,1
XGBoost,holdout,priors_set_1,899,0,0.39537444710731506,0
XGBoost,holdout,priors_set_1,902,0,0.3322618007659912,0
XGBoost,holdout,priors_set_1,906,1,0.3979814052581787,0
XGBoost,holdout,priors_set_1,907,0,0.3979814052581787,1
XGBoost,holdout,priors_set_1,910,1,0.3979814052581787,1
XGBoost,holdout,priors_set_1,916,0,0.3926832377910614,1
XGBoost,holdout,priors_set_1,918,1,0.4508412182331085,1
XGBoost,holdout,priors_set_1,919,0,0.3074466288089752,0
XGBoost,holdout,priors_set_1,923,0,0.3926832377910614,1
XGBoost,holdout,priors_set_1,926,0,0.3979814052581787,0
XGBoost,holdout,priors_set_1,933,1,0.5870620012283325,1
XGBoost,holdout,priors_set_1,936,0,0.3322618007659912,0
XGBoost,holdout,priors_set_1,937,0,0.3979814052581787,0
XGBoost,holdout,priors_set_1,938,0,0.3653736710548401,1
XGBoost,holdout,priors_set_1,939,1,0.5364295244216919,1
XGBoost,holdout,priors_set_1,950,0,0.5870620012283325,0
XGBoost,holdout,priors_set_1,951,1,0.3926832377910614,1
XGBoost,holdout,priors_set_1,959,1,0.3926832377910614,0
XGBoost,holdout,priors_set_1,961,0,0.3102814555168152,1
XGBoost,holdout,priors_set_1,962,0,0.3926832377910614,0
XGBoost,holdout,priors_set_1,964,0,0.39537444710731506,1
XGBoost,holdout,priors_set_1,967,0,0.3102814555168152,0
XGBoost,holdout,priors_set_1,968,1,0.5364295244216919,0
XGBoost,holdout,priors_set_1,969,0,0.3109506666660309,1
XGBoost,holdout,priors_set_1,975,0,0.3322618007659912,0
XGBoost,holdout,priors_set_1,977,1,0.5364295244216919,0
XGBoost,holdout,priors_set_1,982,0,0.5364295244216919,0
XGBoost,holdout,priors_set_1,986,1,0.3979814052581787,1
XGBoost,holdout,priors_set_1,994,0,0.3926832377910614,0
XGBoost,holdout,priors_set_1,995,1,0.3979814052581787,1
XGBoost,holdout,priors_set_1,998,0,0.3825620114803314,0
XGBoost,holdout,priors_set_1,1003,0,0.3322618007659912,0
XGBoost,holdout,priors_set_1,1004,0,0.3900885581970215,0
XGBoost,holdout,priors_set_1,1008,1,0.5870620012283325,1
XGBoost,holdout,priors_set_1,1013,1,0.3121011257171631,1
XGBoost,holdout,priors_set_1,1014,0,0.39537444710731506,0
XGBoost,holdout,priors_set_1,1023,1,0.5364295244216919,1
XGBoost,holdout,priors_set_1,1024,1,0.3979814052581787,1
XGBoost,holdout,priors_set_1,1025,1,0.3926832377910614,0
XGBoost,holdout,priors_set_1,1027,0,0.3926832377910614,0
XGBoost,holdout,priors_set_1,1030,0,0.5870620012283325,1
XGBoost,holdout,priors_set_1,1034,0,0.3926832377910614,0
XGBoost,holdout,priors_set_1,1036,1,0.5870620012283325,1
XGBoost,holdout,priors_set_1,1042,0,0.3926832377910614,1
XGBoost,holdout,priors_set_1,1043,1,0.3926832377910614,0
XGBoost,holdout,priors_set_1,1049,1,0.39537444710731506,0
XGBoost,holdout,priors_set_1,1053,1,0.5870620012283325,0
XGBoost,holdout,priors_set_1,1056,1,0.3121011257171631,0
XGBoost,holdout,priors_set_1,1060,0,0.3121011257171631,0
XGBoost,holdout,priors_set_1,1070,0,0.3926832377910614,0
XGBoost,holdout,priors_set_1,1072,1,0.5364295244216919,0
XGBoost,holdout,priors_set_1,1074,0,0.3926832377910614,0
XGBoost,holdout,priors_set_1,1078,0,0.3081124424934387,1
XGBoost,holdout,priors_set_1,1080,0,0.5870620012283325,1
XGBoost,holdout,priors_set_1,1084,1,0.3825620114803314,0
XGBoost,holdout,priors_set_1,1086,1,0.3979814052581787,1
XGBoost,holdout,priors_set_1,1093,0,0.3979814052581787,0
XGBoost,holdout,priors_set_1,1101,1,0.3926832377910614,1
XGBoost,holdout,priors_set_1,1104,0,0.31143057346343994,1
XGBoost,holdout,priors_set_1,1106,1,0.3926832377910614,0
XGBoost,holdout,priors_set_1,1107,0,0.3926832377910614,0
XGBoost,holdout,priors_set_1,1108,0,0.3926832377910614,0
XGBoost,holdout,priors_set_1,1109,0,0.3825620114803314,1
XGBoost,holdout,priors_set_1,1111,0,0.3109506666660309,1
XGBoost,holdout,priors_set_1,1120,0,0.33107274770736694,0
XGBoost,holdout,priors_set_1,1122,0,0.3612571060657501,0
XGBoost,holdout,priors_set_1,1124,1,0.3979814052581787,1
XGBoost,holdout,priors_set_1,1127,0,0.3979814052581787,0
XGBoost,holdout,priors_set_1,1128,0,0.5870620012283325,1
XGBoost,holdout,priors_set_1,1129,0,0.3979814052581787,0
XGBoost,holdout,priors_set_1,1130,1,0.3979814052581787,1
XGBoost,holdout,priors_set_1,1131,1,0.5870620012283325,1
XGBoost,holdout,priors_set_1,1132,0,0.3878107964992523,0
XGBoost,holdout,priors_set_1,1136,1,0.3322618007659912,1
XGBoost,holdout,priors_set_1,1138,0,0.3979814052581787,0
XGBoost,holdout,priors_set_1,1139,0,0.5870620012283325,0
XGBoost,holdout,priors_set_1,1141,1,0.3926832377910614,1
XGBoost,holdout,priors_set_1,1142,0,0.31143057346343994,0
XGBoost,holdout,priors_set_1,1144,1,0.3979814052581787,1
XGBoost,holdout,priors_set_1,1146,1,0.3979814052581787,1
XGBoost,holdout,priors_set_1,1150,0,0.3979814052581787,0
XGBoost,holdout,priors_set_1,1151,0,0.44856199622154236,0
XGBoost,holdout,priors_set_1,1154,0,0.3121011257171631,0
XGBoost,holdout,priors_set_1,1157,0,0.39537444710731506,0
XGBoost,holdout,priors_set_1,1158,0,0.3926832377910614,0
XGBoost,holdout,priors_set_1,1159,1,0.3979814052581787,0
XGBoost,holdout,priors_set_1,1165,0,0.5870620012283325,1
XGBoost,holdout,priors_set_1,1169,0,0.3979814052581787,1
XGBoost,holdout,priors_set_1,1170,0,0.39537444710731506,0
XGBoost,holdout,priors_set_1,1179,0,0.5870620012283325,1
XGBoost,holdout,priors_set_1,1180,1,0.3979814052581787,1
XGBoost,holdout,priors_set_1,1184,0,0.3979814052581787,0
XGBoost,holdout,priors_set_1,1185,1,0.39537444710731506,1
XGBoost,holdout,priors_set_1,1190,1,0.5870620012283325,1
XGBoost,holdout,priors_set_1,1191,0,0.5364295244216919,1
XGBoost,holdout,priors_set_1,1192,1,0.3121011257171631,1
XGBoost,holdout,priors_set_1,1193,1,0.44856199622154236,0
XGBoost,holdout,priors_set_1,1199,1,0.39537444710731506,1
XGBoost,holdout,priors_set_1,1201,0,0.3979814052581787,0
XGBoost,holdout,priors_set_1,1203,0,0.5870620012283325,1
XGBoost,holdout,priors_set_1,1204,1,0.3926832377910614,0
XGBoost,holdout,priors_set_1,1206,0,0.33156877756118774,0
XGBoost,holdout,priors_set_1,1207,1,0.3979814052581787,0
XGBoost,holdout,priors_set_1,1209,1,0.39537444710731506,1
XGBoost,holdout,priors_set_1,1218,0,0.3121011257171631,0
XGBoost,holdout,priors_set_1,1219,0,0.3109506666660309,0
XGBoost,holdout,priors_set_1,1224,1,0.3878107964992523,0
XGBoost,holdout,priors_set_1,1237,1,0.5870620012283325,1
XGBoost,holdout,priors_set_1,1238,1,0.5364295244216919,1
XGBoost,holdout,priors_set_1,1239,0,0.3081124424934387,0
XGBoost,holdout,priors_set_1,1240,0,0.3979814052581787,1
XGBoost,holdout,priors_set_1,1241,1,0.3979814052581787,0
XGBoost,holdout,priors_set_1,1245,0,0.3109506666660309,1
XGBoost,holdout,priors_set_1,1246,0,0.5870620012283325,1
XGBoost,holdout,priors_set_1,1254,0,0.33107274770736694,0
XGBoost,holdout,priors_set_1,1255,1,0.5870620012283325,0
XGBoost,holdout,priors_set_1,1256,0,0.3979814052581787,0
XGBoost,holdout,priors_set_1,1260,1,0.3926832377910614,1
XGBoost,holdout,priors_set_1,1264,1,0.3926832377910614,1
XGBoost,holdout,priors_set_1,1265,0,0.3926832377910614,0
XGBoost,holdout,priors_set_1,1271,0,0.31143057346343994,0
XGBoost,holdout,priors_set_1,1272,0,0.3979814052581787,0
XGBoost,holdout,priors_set_1,1277,1,0.3121011257171631,1
XGBoost,holdout,priors_set_1,1282,0,0.3979814052581787,0
XGBoost,holdout,priors_set_1,1283,1,0.3979814052581787,0
XGBoost,holdout,priors_set_1,1284,0,0.31143057346343994,0
XGBoost,holdout,priors_set_1,1285,1,0.3979814052581787,1
XGBoost,holdout,priors_set_1,1289,0,0.3979814052581787,1
XGBoost,holdout,priors_set_1,1295,0,0.3121011257171631,0
XGBoost,holdout,priors_set_1,1296,1,0.3878107964992523,0
XGBoost,holdout,priors_set_1,1297,1,0.3979814052581787,1
XGBoost,holdout,priors_set_1,1303,0,0.3322618007659912,1
XGBoost,holdout,priors_set_1,1315,0,0.3926832377910614,0
XGBoost,holdout,priors_set_1,1316,0,0.3322618007659912,1
XGBoost,holdout,priors_set_1,1320,1,0.3322618007659912,1
XGBoost,holdout,priors_set_1,1322,1,0.4508412182331085,1
XGBoost,holdout,priors_set_1,1323,1,0.3926832377910614,0
XGBoost,holdout,priors_set_1,1324,1,0.5364295244216919,1
XGBoost,holdout,priors_set_1,1332,0,0.3109506666660309,0
XGBoost,holdout,priors_set_1,1337,0,0.4508412182331085,0
XGBoost,holdout,priors_set_1,1341,0,0.3799923062324524,0
XGBoost,holdout,priors_set_1,1347,0,0.3979814052581787,0
XGBoost,holdout,priors_set_1,1352,0,0.3653736710548401,0
XGBoost,holdout,priors_set_1,1354,0,0.31143057346343994,0
XGBoost,holdout,priors_set_1,1355,0,0.3979814052581787,0
XGBoost,holdout,priors_set_1,1360,1,0.5364295244216919,0
XGBoost,holdout,priors_set_1,1361,1,0.5870620012283325,1
XGBoost,holdout,priors_set_1,1362,0,0.31143057346343994,0
XGBoost,holdout,priors_set_1,1366,0,0.3926832377910614,0
XGBoost,holdout,priors_set_1,1367,0,0.3979814052581787,1
XGBoost,holdout,priors_set_1,1371,0,0.3979814052581787,1
XGBoost,holdout,priors_set_1,1375,1,0.3979814052581787,1
XGBoost,holdout,priors_set_1,1376,0,0.3979814052581787,0
XGBoost,holdout,priors_set_1,1381,0,0.39537444710731506,0
XGBoost,holdout,priors_set_1,1383,1,0.3979814052581787,1
XGBoost,holdout,priors_set_1,1384,1,0.3102814555168152,0
XGBoost,holdout,priors_set_1,1391,0,0.31143057346343994,0
XGBoost,holdout,priors_set_1,1396,1,0.5342937111854553,0
XGBoost,holdout,priors_set_1,1405,1,0.3979814052581787,1
XGBoost,holdout,priors_set_1,1406,0,0.4508412182331085,1
XGBoost,holdout,priors_set_1,1410,0,0.31143057346343994,0
XGBoost,holdout,priors_set_1,1411,1,0.3926832377910614,0
XGBoost,holdout,priors_set_1,1413,0,0.3926832377910614,1
XGBoost,holdout,priors_set_1,1414,1,0.5342937111854553,1
XGBoost,holdout,priors_set_1,1415,1,0.3121011257171631,0
XGBoost,holdout,priors_set_1,1416,0,0.33156877756118774,1
XGBoost,holdout,priors_set_1,1422,1,0.3979814052581787,1
XGBoost,holdout,priors_set_1,1425,0,0.33156877756118774,0
XGBoost,holdout,priors_set_1,1440,1,0.39537444710731506,1
XGBoost,holdout,priors_set_1,1442,1,0.3121011257171631,0
XGBoost,holdout,priors_set_1,1445,0,0.39537444710731506,0
XGBoost,holdout,priors_set_1,1446,0,0.5870620012283325,1
XGBoost,holdout,priors_set_1,1450,1,0.5870620012283325,1
XGBoost,holdout,priors_set_1,1451,1,0.3926832377910614,0
XGBoost,holdout,priors_set_1,1457,0,0.3979814052581787,1
XGBoost,holdout,priors_set_1,1460,0,0.3979814052581787,1
XGBoost,holdout,priors_set_1,1463,0,0.3121011257171631,0
XGBoost,holdout,priors_set_1,1465,0,0.3322618007659912,0
XGBoost,holdout,priors_set_1,1471,0,0.3979814052581787,0
XGBoost,holdout,priors_set_1,1474,0,0.3121011257171631,0
XGBoost,holdout,priors_set_1,1479,0,0.3926832377910614,0
XGBoost,holdout,priors_set_1,1489,0,0.3121011257171631,0
XGBoost,holdout,priors_set_1,1491,1,0.3979814052581787,1
XGBoost,holdout,priors_set_1,1494,1,0.3979814052581787,1
XGBoost,holdout,priors_set_1,1496,0,0.5870620012283325,0
XGBoost,holdout,priors_set_1,1498,0,0.5364295244216919,1
XGBoost,holdout,priors_set_1,1499,0,0.5870620012283325,0
XGBoost,holdout,priors_set_1,1500,0,0.3900885581970215,0
XGBoost,holdout,priors_set_1,1501,0,0.3979814052581787,1
XGBoost,holdout,priors_set_1,1507,1,0.3979814052581787,0
XGBoost,holdout,priors_set_1,1508,0,0.3900885581970215,0
XGBoost,holdout,priors_set_1,1509,1,0.3109506666660309,0
XGBoost,holdout,priors_set_1,1513,1,0.3109506666660309,0
XGBoost,holdout,priors_set_1,1514,0,0.5870620012283325,0
XGBoost,holdout,priors_set_1,1524,0,0.3825620114803314,0
XGBoost,holdout,priors_set_1,1525,1,0.3979814052581787,1
XGBoost,holdout,priors_set_1,1528,1,0.3121011257171631,0
XGBoost,holdout,priors_set_1,1529,0,0.5342937111854553,0
XGBoost,holdout,priors_set_1,1531,1,0.3322618007659912,1
XGBoost,holdout,priors_set_1,1532,1,0.3979814052581787,1
XGBoost,holdout,priors_set_1,1533,1,0.3979814052581787,1
XGBoost,holdout,priors_set_1,1534,0,0.3926832377910614,0
XGBoost,holdout,priors_set_1,1539,0,0.3979814052581787,1
XGBoost,holdout,priors_set_1,1540,0,0.30697008967399597,0
XGBoost,holdout,priors_set_1,1541,0,0.31143057346343994,1
XGBoost,holdout,priors_set_1,1544,0,0.3979814052581787,0
XGBoost,holdout,priors_set_1,1546,0,0.3979814052581787,1
XGBoost,holdout,priors_set_1,1547,1,0.5870620012283325,1
XGBoost,holdout,priors_set_1,1549,0,0.3900885581970215,0
XGBoost,holdout,priors_set_1,1550,1,0.3979814052581787,1
XGBoost,holdout,priors_set_1,1551,1,0.31143057346343994,0
XGBoost,holdout,priors_set_1,1554,1,0.5870620012283325,1
XGBoost,holdout,priors_set_1,1555,1,0.33038100600242615,1
XGBoost,holdout,priors_set_1,1566,0,0.3979814052581787,1
XGBoost,holdout,priors_set_1,1568,1,0.3926832377910614,0
XGBoost,holdout,priors_set_1,1569,0,0.5870620012283325,1
XGBoost,holdout,priors_set_1,1570,0,0.3926832377910614,0
XGBoost,holdout,priors_set_1,1571,1,0.3926832377910614,0
XGBoost,holdout,priors_set_1,1577,0,0.31143057346343994,0
XGBoost,holdout,priors_set_1,1580,1,0.5364295244216919,0
XGBoost,holdout,priors_set_1,1581,1,0.44856199622154236,1
XGBoost,holdout,priors_set_1,1582,0,0.3878107964992523,0
XGBoost,holdout,priors_set_1,1587,1,0.5870620012283325,0
XGBoost,holdout,priors_set_1,1590,1,0.3121011257171631,1
XGBoost,holdout,priors_set_1,1591,1,0.3979814052581787,0
XGBoost,holdout,priors_set_1,1599,1,0.3979814052581787,1
XGBoost,holdout,priors_set_1,1601,1,0.3979814052581787,1
XGBoost,holdout,priors_set_1,1603,1,0.3979814052581787,0
XGBoost,holdout,priors_set_1,1607,1,0.5870620012283325,1
XGBoost,holdout,priors_set_1,1608,1,0.5870620012283325,1
XGBoost,holdout,priors_set_1,1614,1,0.3979814052581787,1
XGBoost,holdout,priors_set_1,1615,1,0.3979814052581787,1
XGBoost,holdout,priors_set_1,1621,1,0.3979814052581787,1
XGBoost,holdout,priors_set_1,1622,0,0.3900885581970215,0
XGBoost,holdout,priors_set_1,1623,0,0.5870620012283325,1
XGBoost,holdout,priors_set_1,1625,0,0.3926832377910614,0
XGBoost,holdout,priors_set_1,1630,0,0.3979814052581787,1
XGBoost,holdout,priors_set_1,1635,0,0.3074466288089752,0
XGBoost,holdout,priors_set_1,1637,1,0.3979814052581787,1
XGBoost,holdout,priors_set_1,1645,0,0.31143057346343994,0
XGBoost,holdout,priors_set_1,1658,1,0.3979814052581787,1
XGBoost,holdout,priors_set_1,1660,0,0.3979814052581787,0
XGBoost,holdout,priors_set_1,1661,1,0.5364295244216919,0
XGBoost,holdout,priors_set_1,1672,0,0.33156877756118774,0
XGBoost,holdout,priors_set_1,1673,1,0.3121011257171631,0
XGBoost,holdout,priors_set_1,1674,0,0.3121011257171631,0
XGBoost,holdout,priors_set_1,1675,0,0.31143057346343994,0
XGBoost,holdout,priors_set_1,1676,1,0.3322618007659912,0
XGBoost,holdout,priors_set_1,1677,0,0.39537444710731506,0
XGBoost,holdout,priors_set_1,1679,0,0.5364295244216919,0
XGBoost,holdout,priors_set_1,1682,0,0.3979814052581787,0
XGBoost,holdout,priors_set_1,1684,0,0.5870620012283325,1
XGBoost,holdout,priors_set_1,1687,1,0.31143057346343994,0
XGBoost,holdout,priors_set_1,1699,0,0.3900885581970215,0
XGBoost,holdout,priors_set_1,1704,0,0.3322618007659912,0
XGBoost,holdout,priors_set_1,1706,0,0.3900885581970215,0
XGBoost,holdout,priors_set_1,1709,0,0.3926832377910614,0
XGBoost,holdout,priors_set_1,1711,0,0.3979814052581787,0
XGBoost,holdout,priors_set_1,1715,0,0.39537444710731506,0
XGBoost,holdout,priors_set_1,1730,0,0.3322618007659912,0
XGBoost,holdout,priors_set_1,1731,0,0.3979814052581787,0
XGBoost,holdout,priors_set_1,1734,1,0.5342937111854553,0
XGBoost,holdout,priors_set_1,1735,0,0.3979814052581787,1
XGBoost,holdout,priors_set_1,1737,1,0.3979814052581787,1
XGBoost,holdout,priors_set_1,1740,0,0.3926832377910614,0
XGBoost,holdout,priors_set_1,1741,1,0.5364295244216919,0
XGBoost,holdout,priors_set_1,1760,0,0.3979814052581787,0
XGBoost,holdout,priors_set_1,1770,1,0.3900885581970215,1
XGBoost,holdout,priors_set_1,1771,1,0.5364295244216919,1
XGBoost,holdout,priors_set_1,1773,0,0.3979814052581787,1
XGBoost,holdout,priors_set_1,1775,1,0.5364295244216919,1
XGBoost,holdout,priors_set_1,1779,0,0.5870620012283325,0
XGBoost,holdout,priors_set_1,1780,0,0.3979814052581787,0
XGBoost,holdout,priors_set_1,1783,0,0.5364295244216919,1
XGBoost,holdout,priors_set_1,1785,0,0.3653736710548401,1
XGBoost,holdout,priors_set_1,1786,0,0.31143057346343994,0
XGBoost,holdout,priors_set_1,1793,0,0.31143057346343994,0
XGBoost,holdout,priors_set_1,1795,0,0.3926832377910614,0
XGBoost,holdout,priors_set_1,1799,1,0.3979814052581787,1
XGBoost,holdout,priors_set_1,1800,0,0.3979814052581787,1
XGBoost,holdout,priors_set_1,1801,0,0.33107274770736694,0
XGBoost,holdout,priors_set_1,1806,0,0.5870620012283325,1
XGBoost,holdout,priors_set_1,1809,1,0.3121011257171631,0
XGBoost,holdout,priors_set_1,1810,0,0.3121011257171631,0
XGBoost,holdout,priors_set_1,1818,1,0.5870620012283325,1
XGBoost,holdout,priors_set_1,1820,1,0.5870620012283325,1
XGBoost,holdout,priors_set_1,1830,0,0.3979814052581787,1
XGBoost,holdout,priors_set_1,1836,0,0.3825620114803314,0
XGBoost,holdout,priors_set_1,1839,0,0.3900885581970215,0
XGBoost,holdout,priors_set_1,1850,0,0.39537444710731506,0
XGBoost,holdout,priors_set_1,1851,0,0.5364295244216919,0
XGBoost,holdout,priors_set_1,1853,1,0.3926832377910614,1
XGBoost,holdout,priors_set_1,1855,0,0.3979814052581787,1
XGBoost,holdout,priors_set_1,1858,0,0.3322618007659912,0
XGBoost,holdout,priors_set_1,1859,1,0.3979814052581787,0
XGBoost,holdout,priors_set_1,1860,1,0.3799923062324524,0
XGBoost,holdout,priors_set_1,1863,0,0.3121011257171631,0
XGBoost,holdout,priors_set_1,1865,0,0.5870620012283325,1
XGBoost,holdout,priors_set_1,1869,1,0.39537444710731506,0
XGBoost,holdout,priors_set_1,1874,0,0.3979814052581787,0
XGBoost,holdout,priors_set_1,1892,1,0.3900885581970215,1
XGBoost,holdout,priors_set_1,1893,0,0.31143057346343994,0
XGBoost,holdout,priors_set_1,1894,1,0.3979814052581787,1
XGBoost,holdout,priors_set_1,1895,1,0.5364295244216919,1
XGBoost,holdout,priors_set_1,1897,0,0.33156877756118774,1
XGBoost,holdout,priors_set_1,1898,1,0.5870620012283325,1
XGBoost,holdout,priors_set_1,1900,1,0.33156877756118774,0
XGBoost,holdout,priors_set_1,1901,1,0.3979814052581787,0
XGBoost,holdout,priors_set_1,1902,0,0.3322618007659912,0
XGBoost,holdout,priors_set_1,1905,1,0.3653736710548401,0
XGBoost,holdout,priors_set_1,1906,0,0.5870620012283325,1
XGBoost,holdout,priors_set_1,1907,0,0.3322618007659912,0
XGBoost,holdout,priors_set_1,1921,1,0.5870620012283325,1
XGBoost,holdout,priors_set_1,1929,0,0.3926832377910614,0
XGBoost,holdout,priors_set_1,1933,1,0.3979814052581787,0
XGBoost,holdout,priors_set_1,1935,0,0.5870620012283325,1
XGBoost,holdout,priors_set_1,1939,1,0.3926832377910614,0
XGBoost,holdout,priors_set_1,1943,1,0.5870620012283325,0
XGBoost,holdout,priors_set_1,1946,0,0.33156877756118774,0
XGBoost,holdout,priors_set_1,1957,1,0.39537444710731506,1
XGBoost,holdout,priors_set_1,1959,1,0.5870620012283325,1
XGBoost,holdout,priors_set_1,1965,1,0.3979814052581787,1
XGBoost,holdout,priors_set_1,1971,0,0.4508412182331085,0
XGBoost,holdout,priors_set_1,1975,0,0.3979814052581787,0
XGBoost,holdout,priors_set_1,1977,0,0.5870620012283325,0
XGBoost,holdout,priors_set_1,1981,1,0.39537444710731506,0
XGBoost,holdout,priors_set_1,1982,1,0.5870620012283325,0
XGBoost,holdout,priors_set_1,1983,0,0.5364295244216919,0
XGBoost,holdout,priors_set_1,1986,1,0.5870620012283325,1
XGBoost,holdout,priors_set_1,1989,0,0.3878107964992523,0
XGBoost,holdout,priors_set_1,1991,1,0.3322618007659912,1
XGBoost,holdout,priors_set_1,1992,1,0.3979814052581787,1
XGBoost,holdout,priors_set_1,1996,0,0.3979814052581787,0
XGBoost,holdout,priors_set_1,1998,0,0.3121011257171631,0
XGBoost,holdout,priors_set_1,2000,1,0.3799923062324524,0
XGBoost,holdout,priors_set_1,2002,1,0.31143057346343994,0
XGBoost,holdout,priors_set_1,2007,1,0.5342937111854553,1
XGBoost,holdout,priors_set_1,2008,0,0.3979814052581787,0
XGBoost,holdout,priors_set_1,2010,1,0.3900885581970215,1
XGBoost,holdout,priors_set_1,2011,1,0.3926832377910614,1
XGBoost,holdout,priors_set_1,2012,1,0.3979814052581787,1
XGBoost,holdout,priors_set_1,2014,0,0.3121011257171631,1
XGBoost,holdout,priors_set_1,2017,0,0.3926832377910614,0
XGBoost,holdout,priors_set_1,2019,0,0.3102814555168152,0
XGBoost,holdout,priors_set_1,2023,0,0.3926832377910614,1
XGBoost,holdout,priors_set_1,2025,1,0.5870620012283325,1
XGBoost,holdout,priors_set_1,2026,0,0.3121011257171631,0
XGBoost,holdout,priors_set_1,2028,0,0.3979814052581787,0
XGBoost,holdout,priors_set_1,2029,0,0.33107274770736694,1
XGBoost,holdout,priors_set_1,2031,0,0.3926832377910614,1
XGBoost,holdout,priors_set_1,2033,1,0.5870620012283325,1
XGBoost,holdout,priors_set_1,2035,1,0.3979814052581787,1
XGBoost,holdout,priors_set_1,2036,0,0.5870620012283325,0
XGBoost,holdout,priors_set_1,2038,1,0.3979814052581787,1
XGBoost,holdout,priors_set_1,2040,0,0.3979814052581787,0
XGBoost,holdout,priors_set_1,2041,0,0.3322618007659912,0
XGBoost,holdout,priors_set_1,2042,0,0.5870620012283325,1
XGBoost,holdout,priors_set_1,2043,0,0.3900885581970215,0
XGBoost,holdout,priors_set_1,2045,0,0.3121011257171631,0
XGBoost,holdout,priors_set_1,2046,1,0.3322618007659912,1
XGBoost,holdout,priors_set_1,2048,0,0.3979814052581787,1
XGBoost,holdout,priors_set_1,2050,0,0.3926832377910614,1
XGBoost,holdout,priors_set_1,2054,1,0.3979814052581787,1
XGBoost,holdout,priors_set_1,2055,0,0.3322618007659912,1
XGBoost,holdout,priors_set_1,2056,0,0.3979814052581787,0
XGBoost,holdout,priors_set_1,2058,0,0.33107274770736694,1
XGBoost,holdout,priors_set_1,2059,1,0.3979814052581787,1
XGBoost,holdout,priors_set_1,2060,1,0.3322618007659912,0
XGBoost,holdout,priors_set_1,2063,0,0.5870620012283325,0
XGBoost,holdout,priors_set_1,2066,0,0.3121011257171631,0
XGBoost,holdout,priors_set_1,2068,1,0.5870620012283325,0
XGBoost,holdout,priors_set_1,2080,0,0.3109506666660309,0
XGBoost,holdout,priors_set_1,2082,1,0.5870620012283325,1
XGBoost,holdout,priors_set_1,2085,0,0.3979814052581787,0
XGBoost,holdout,priors_set_1,2086,1,0.5364295244216919,0
XGBoost,holdout,priors_set_1,2087,0,0.3926832377910614,0
XGBoost,holdout,priors_set_1,2094,0,0.33156877756118774,0
XGBoost,holdout,priors_set_1,2098,1,0.3926832377910614,1
XGBoost,holdout,priors_set_1,2103,1,0.3979814052581787,1
XGBoost,holdout,priors_set_1,2104,1,0.3979814052581787,1
XGBoost,holdout,priors_set_1,2109,1,0.3979814052581787,1
XGBoost,holdout,priors_set_1,2111,0,0.5342937111854553,1
XGBoost,holdout,priors_set_1,2122,0,0.3979814052581787,0
XGBoost,holdout,priors_set_1,2129,0,0.31143057346343994,0
XGBoost,holdout,priors_set_1,2135,1,0.3322618007659912,0
XGBoost,holdout,priors_set_1,2140,0,0.5870620012283325,0
XGBoost,holdout,priors_set_1,2142,0,0.33107274770736694,0
XGBoost,holdout,priors_set_1,2143,1,0.3926832377910614,1
XGBoost,holdout,priors_set_1,2144,0,0.3900885581970215,0
XGBoost,holdout,priors_set_1,2145,1,0.5364295244216919,1
XGBoost,holdout,priors_set_1,2147,0,0.3121011257171631,0
XGBoost,holdout,priors_set_1,2148,0,0.33156877756118774,0
XGBoost,holdout,priors_set_1,2150,0,0.3979814052581787,1
XGBoost,holdout,priors_set_1,2155,1,0.3979814052581787,1
XGBoost,holdout,priors_set_1,2159,0,0.39537444710731506,0
XGBoost,holdout,priors_set_1,2164,0,0.3926832377910614,0
XGBoost,holdout,priors_set_1,2173,1,0.3979814052581787,1
XGBoost,holdout,priors_set_1,2176,1,0.31143057346343994,0
XGBoost,holdout,priors_set_1,2178,1,0.4508412182331085,1
XGBoost,holdout,priors_set_1,2179,1,0.5342937111854553,1
XGBoost,holdout,priors_set_1,2181,1,0.3979814052581787,1
XGBoost,holdout,priors_set_1,2184,1,0.3979814052581787,1
XGBoost,holdout,priors_set_1,2185,0,0.3081124424934387,0
XGBoost,holdout,priors_set_1,2189,0,0.5870620012283325,0
XGBoost,holdout,priors_set_1,2190,1,0.3979814052581787,0
XGBoost,holdout,priors_set_1,2194,1,0.5870620012283325,0
XGBoost,holdout,priors_set_1,2196,0,0.31143057346343994,0
XGBoost,holdout,priors_set_1,2201,0,0.3979814052581787,1
XGBoost,holdout,priors_set_1,2210,0,0.3926832377910614,0
XGBoost,holdout,priors_set_1,2212,0,0.3979814052581787,0
XGBoost,holdout,priors_set_1,2214,0,0.3121011257171631,0
XGBoost,holdout,priors_set_1,2218,0,0.3926832377910614,1
XGBoost,holdout,priors_set_1,2219,1,0.3109506666660309,0
XGBoost,holdout,priors_set_1,2220,0,0.3979814052581787,0
XGBoost,holdout,priors_set_1,2232,0,0.3825620114803314,0
XGBoost,holdout,priors_set_1,2236,1,0.3979814052581787,1
XGBoost,holdout,priors_set_1,2237,1,0.3322618007659912,0
XGBoost,holdout,priors_set_1,2243,0,0.39537444710731506,0
XGBoost,holdout,priors_set_1,2249,1,0.3926832377910614,1
XGBoost,holdout,priors_set_1,2254,0,0.3900885581970215,0
XGBoost,holdout,priors_set_1,2255,1,0.3852277994155884,0
XGBoost,holdout,priors_set_1,2256,0,0.3900885581970215,0
XGBoost,holdout,priors_set_1,2261,0,0.3979814052581787,1
XGBoost,holdout,priors_set_1,2265,0,0.3979814052581787,1
XGBoost,holdout,priors_set_1,2275,1,0.3979814052581787,0
XGBoost,holdout,priors_set_1,2278,1,0.3926832377910614,0
XGBoost,holdout,priors_set_1,2280,1,0.5364295244216919,0
XGBoost,holdout,priors_set_1,2282,0,0.3979814052581787,0
XGBoost,holdout,priors_set_1,2285,0,0.3979814052581787,1
XGBoost,holdout,priors_set_1,2288,0,0.3979814052581787,0
XGBoost,holdout,priors_set_1,2289,1,0.5364295244216919,1
XGBoost,holdout,priors_set_1,2290,0,0.3979814052581787,1
XGBoost,holdout,priors_set_1,2292,1,0.3926832377910614,1
XGBoost,holdout,priors_set_1,2294,0,0.5870620012283325,0
XGBoost,holdout,priors_set_1,2296,1,0.3926832377910614,1
XGBoost,holdout,priors_set_1,2299,1,0.3979814052581787,1
XGBoost,holdout,priors_set_1,2300,1,0.3979814052581787,1
XGBoost,holdout,priors_set_1,2306,0,0.3878107964992523,0
XGBoost,holdout,priors_set_1,2307,0,0.39537444710731506,1
XGBoost,holdout,priors_set_1,2316,1,0.5342937111854553,1
XGBoost,holdout,priors_set_1,2317,1,0.3926832377910614,1
XGBoost,holdout,priors_set_1,2320,0,0.5870620012283325,1
XGBoost,holdout,priors_set_1,2325,1,0.33156877756118774,0
XGBoost,holdout,priors_set_1,2327,0,0.39537444710731506,0
XGBoost,holdout,priors_set_1,2333,0,0.3979814052581787,0
XGBoost,holdout,priors_set_1,2334,1,0.5870620012283325,0
XGBoost,holdout,priors_set_1,2340,1,0.39537444710731506,0
XGBoost,holdout,priors_set_1,2346,0,0.39537444710731506,0
XGBoost,holdout,priors_set_1,2349,1,0.3926832377910614,1
XGBoost,holdout,priors_set_1,2351,0,0.3979814052581787,0
XGBoost,holdout,priors_set_1,2355,1,0.3979814052581787,1
XGBoost,holdout,priors_set_1,2356,0,0.3979814052581787,0
XGBoost,holdout,priors_set_1,2360,1,0.3979814052581787,0
XGBoost,holdout,priors_set_1,2366,0,0.3926832377910614,0
XGBoost,holdout,priors_set_1,2367,1,0.3322618007659912,1
XGBoost,holdout,priors_set_1,2368,1,0.3979814052581787,0
XGBoost,holdout,priors_set_1,2373,0,0.39537444710731506,0
XGBoost,holdout,priors_set_1,2384,0,0.5870620012283325,0
XGBoost,holdout,priors_set_1,2386,1,0.5870620012283325,0
XGBoost,holdout,priors_set_1,2391,0,0.3121011257171631,0
XGBoost,holdout,priors_set_1,2393,0,0.3653736710548401,1
XGBoost,holdout,priors_set_1,2394,1,0.5364295244216919,1
XGBoost,holdout,priors_set_1,2401,0,0.5870620012283325,1
XGBoost,holdout,priors_set_1,2404,1,0.3926832377910614,1
XGBoost,holdout,priors_set_1,2405,1,0.33156877756118774,0
XGBoost,holdout,priors_set_1,2407,0,0.3926832377910614,1
XGBoost,holdout,priors_set_1,2411,1,0.5870620012283325,0
XGBoost,holdout,priors_set_1,2412,0,0.5364295244216919,1
XGBoost,holdout,priors_set_1,2421,0,0.3322618007659912,0
XGBoost,holdout,priors_set_1,2425,1,0.5870620012283325,1
XGBoost,holdout,priors_set_1,2426,1,0.3121011257171631,0
XGBoost,holdout,priors_set_1,2428,1,0.3926832377910614,0
XGBoost,holdout,priors_set_1,2431,0,0.3109506666660309,0
XGBoost,holdout,priors_set_1,2434,1,0.3900885581970215,1
XGBoost,holdout,priors_set_1,2436,0,0.3979814052581787,1
XGBoost,holdout,priors_set_1,2439,0,0.3612571060657501,1
XGBoost,holdout,priors_set_1,2440,1,0.5870620012283325,1
XGBoost,holdout,priors_set_1,2443,1,0.33156877756118774,1
XGBoost,holdout,priors_set_1,2447,1,0.3979814052581787,0
XGBoost,holdout,priors_set_1,2448,0,0.3979814052581787,1
XGBoost,holdout,priors_set_1,2449,0,0.3121011257171631,0
XGBoost,holdout,priors_set_1,2465,0,0.3121011257171631,0
XGBoost,holdout,priors_set_1,2470,0,0.3900885581970215,0
XGBoost,holdout,priors_set_1,2471,1,0.3825620114803314,0
XGBoost,holdout,priors_set_1,2474,0,0.3799923062324524,0
XGBoost,holdout,priors_set_1,2482,0,0.5364295244216919,1
XGBoost,holdout,priors_set_1,2487,0,0.3979814052581787,0
XGBoost,holdout,priors_set_1,2491,1,0.3979814052581787,1
XGBoost,holdout,priors_set_1,2492,1,0.3979814052581787,0
XGBoost,holdout,priors_set_1,2496,1,0.39537444710731506,1
XGBoost,holdout,priors_set_1,2501,0,0.3926832377910614,0
XGBoost,holdout,priors_set_1,2503,0,0.3322618007659912,1
XGBoost,holdout,priors_set_1,2507,1,0.5870620012283325,0
XGBoost,holdout,priors_set_1,2509,1,0.5364295244216919,1
XGBoost,holdout,priors_set_1,2510,1,0.3979814052581787,0
XGBoost,holdout,priors_set_1,2515,0,0.5870620012283325,0
XGBoost,holdout,priors_set_1,2518,0,0.5364295244216919,1
XGBoost,holdout,priors_set_1,2520,1,0.5870620012283325,1
XGBoost,holdout,priors_set_1,2524,1,0.5364295244216919,0
XGBoost,holdout,priors_set_1,2526,1,0.31143057346343994,0
XGBoost,holdout,priors_set_1,2528,1,0.5870620012283325,0
XGBoost,holdout,priors_set_1,2529,1,0.39537444710731506,1
XGBoost,holdout,priors_set_1,2539,0,0.3979814052581787,0
XGBoost,holdout,priors_set_1,2541,1,0.3926832377910614,1
XGBoost,holdout,priors_set_1,2543,1,0.3926832377910614,1
XGBoost,holdout,priors_set_1,2547,0,0.3825620114803314,0
XGBoost,holdout,priors_set_1,2548,0,0.3926832377910614,1
XGBoost,holdout,priors_set_1,2553,1,0.3979814052581787,1
XGBoost,holdout,priors_set_1,2557,0,0.31143057346343994,0
XGBoost,holdout,priors_set_1,2561,0,0.3979814052581787,1
XGBoost,holdout,priors_set_1,2563,0,0.3926832377910614,0
XGBoost,holdout,priors_set_1,2564,1,0.3979814052581787,1
XGBoost,holdout,priors_set_1,2565,1,0.33156877756118774,0
XGBoost,holdout,priors_set_1,2569,0,0.3074466288089752,0
XGBoost,holdout,priors_set_1,2571,1,0.5870620012283325,1
XGBoost,holdout,priors_set_1,2574,0,0.3926832377910614,0
XGBoost,holdout,priors_set_1,2581,1,0.3979814052581787,1
XGBoost,holdout,priors_set_1,2584,1,0.31143057346343994,0
XGBoost,holdout,priors_set_1,2585,1,0.3979814052581787,1
XGBoost,holdout,priors_set_1,2587,1,0.4508412182331085,1
XGBoost,holdout,priors_set_1,2590,1,0.3979814052581787,1
XGBoost,holdout,priors_set_1,2602,0,0.5870620012283325,1
XGBoost,holdout,priors_set_1,2604,0,0.39537444710731506,0
XGBoost,holdout,priors_set_1,2607,1,0.3979814052581787,1
XGBoost,holdout,priors_set_1,2610,1,0.3121011257171631,1
XGBoost,holdout,priors_set_1,2611,1,0.5870620012283325,0
XGBoost,holdout,priors_set_1,2613,0,0.3926832377910614,0
XGBoost,holdout,priors_set_1,2619,0,0.3825620114803314,0
XGBoost,holdout,priors_set_1,2621,0,0.33038100600242615,0
XGBoost,holdout,priors_set_1,2624,0,0.3081124424934387,0
XGBoost,holdout,priors_set_1,2628,1,0.3878107964992523,0
XGBoost,holdout,priors_set_1,2629,1,0.3979814052581787,0
XGBoost,holdout,priors_set_1,2635,1,0.3979814052581787,1
XGBoost,holdout,priors_set_1,2636,0,0.3979814052581787,0
XGBoost,holdout,priors_set_1,2637,0,0.3926832377910614,0
XGBoost,holdout,priors_set_1,2644,0,0.5870620012283325,1
XGBoost,holdout,priors_set_1,2646,0,0.3322618007659912,0
XGBoost,holdout,priors_set_1,2647,1,0.3979814052581787,1
XGBoost,holdout,priors_set_1,2648,0,0.3878107964992523,1
XGBoost,holdout,priors_set_1,2652,0,0.3322618007659912,0
XGBoost,holdout,priors_set_1,2654,1,0.3825620114803314,0
XGBoost,holdout,priors_set_1,2658,0,0.3979814052581787,0
XGBoost,holdout,priors_set_1,2659,0,0.3979814052581787,0
XGBoost,holdout,priors_set_1,2661,0,0.5870620012283325,1
XGBoost,holdout,priors_set_1,2662,0,0.31143057346343994,0
XGBoost,holdout,priors_set_1,2671,0,0.44856199622154236,1
XGBoost,holdout,priors_set_1,2681,0,0.3121011257171631,0
XGBoost,holdout,priors_set_1,2684,1,0.3926832377910614,0
XGBoost,holdout,priors_set_1,2687,1,0.3878107964992523,0
XGBoost,holdout,priors_set_1,2697,0,0.31143057346343994,0
XGBoost,holdout,priors_set_1,2699,0,0.3979814052581787,0
XGBoost,holdout,priors_set_1,2701,1,0.3979814052581787,1
XGBoost,holdout,priors_set_1,2705,1,0.3979814052581787,1
XGBoost,holdout,priors_set_1,2708,0,0.3799923062324524,0
XGBoost,holdout,priors_set_1,2709,1,0.3979814052581787,1
XGBoost,holdout,priors_set_1,2710,0,0.5342937111854553,0
XGBoost,holdout,priors_set_1,2713,1,0.39537444710731506,1
XGBoost,holdout,priors_set_1,2716,0,0.3979814052581787,1
XGBoost,holdout,priors_set_1,2722,1,0.5870620012283325,0
XGBoost,holdout,priors_set_1,2723,0,0.3979814052581787,1
XGBoost,holdout,priors_set_1,2724,0,0.3900885581970215,0
XGBoost,holdout,priors_set_1,2726,0,0.39537444710731506,0
XGBoost,holdout,priors_set_1,2727,0,0.31143057346343994,0
XGBoost,holdout,priors_set_1,2731,0,0.5870620012283325,1
XGBoost,holdout,priors_set_1,2735,0,0.3121011257171631,0
XGBoost,holdout,priors_set_1,2745,0,0.3121011257171631,0
XGBoost,holdout,priors_set_1,2748,0,0.3825620114803314,0
XGBoost,holdout,priors_set_1,2749,1,0.3322618007659912,1
XGBoost,holdout,priors_set_1,2750,1,0.5870620012283325,1
XGBoost,holdout,priors_set_1,2752,1,0.5870620012283325,1
XGBoost,holdout,priors_set_1,2753,0,0.3979814052581787,0
XGBoost,holdout,priors_set_1,2757,1,0.33156877756118774,0
XGBoost,holdout,priors_set_1,2761,1,0.5342937111854553,0
XGBoost,holdout,priors_set_1,2763,1,0.3900885581970215,1
XGBoost,holdout,priors_set_1,2768,0,0.5870620012283325,0
XGBoost,holdout,priors_set_1,2769,0,0.3979814052581787,0
XGBoost,holdout,priors_set_1,2780,1,0.3979814052581787,1
XGBoost,holdout,priors_set_1,2782,1,0.3979814052581787,0
XGBoost,holdout,priors_set_1,2784,0,0.3979814052581787,0
XGBoost,holdout,priors_set_1,2786,1,0.5870620012283325,0
XGBoost,holdout,priors_set_1,2789,1,0.3878107964992523,1
XGBoost,holdout,priors_set_1,2795,1,0.39537444710731506,1
XGBoost,holdout,priors_set_1,2796,1,0.3979814052581787,1
XGBoost,holdout,priors_set_1,2799,1,0.5342937111854553,0
XGBoost,holdout,priors_set_1,2804,1,0.33156877756118774,1
XGBoost,holdout,priors_set_1,2812,0,0.3979814052581787,0
XGBoost,holdout,priors_set_1,2815,0,0.5870620012283325,0
XGBoost,holdout,priors_set_1,2816,0,0.33107274770736694,0
XGBoost,holdout,priors_set_1,2821,1,0.3979814052581787,0
XGBoost,holdout,priors_set_1,2823,1,0.4508412182331085,1
XGBoost,holdout,priors_set_1,2826,0,0.3979814052581787,0
XGBoost,holdout,priors_set_1,2829,0,0.3979814052581787,1
XGBoost,holdout,priors_set_1,2838,0,0.3878107964992523,1
XGBoost,holdout,priors_set_1,2839,1,0.3926832377910614,1
XGBoost,holdout,priors_set_1,2845,1,0.3979814052581787,1
XGBoost,holdout,priors_set_1,2846,0,0.33038100600242615,0
XGBoost,holdout,priors_set_1,2852,0,0.3825620114803314,0
XGBoost,holdout,priors_set_1,2858,1,0.39537444710731506,0
XGBoost,holdout,priors_set_1,2859,1,0.5364295244216919,1
XGBoost,holdout,priors_set_1,2863,0,0.3612571060657501,1
XGBoost,holdout,priors_set_1,2865,1,0.3926832377910614,0
XGBoost,holdout,priors_set_1,2877,0,0.3979814052581787,1
XGBoost,holdout,priors_set_1,2879,1,0.5364295244216919,0
XGBoost,holdout,priors_set_1,2881,0,0.3979814052581787,1
XGBoost,holdout,priors_set_1,2890,0,0.3121011257171631,0
XGBoost,holdout,priors_set_1,2891,0,0.5870620012283325,0
XGBoost,holdout,priors_set_1,2892,0,0.3979814052581787,0
XGBoost,holdout,priors_set_1,2898,1,0.5342937111854553,1
XGBoost,holdout,priors_set_1,2906,1,0.39537444710731506,1
XGBoost,holdout,priors_set_1,2912,1,0.3109506666660309,1
XGBoost,holdout,priors_set_1,2921,0,0.3102814555168152,0
XGBoost,holdout,priors_set_1,2922,1,0.5870620012283325,1
XGBoost,holdout,priors_set_1,2924,0,0.5364295244216919,0
XGBoost,holdout,priors_set_1,2929,1,0.3074466288089752,1
XGBoost,holdout,priors_set_1,2931,1,0.3926832377910614,0
XGBoost,holdout,priors_set_1,2934,1,0.5870620012283325,1
XGBoost,holdout,priors_set_1,2935,0,0.3121011257171631,0
XGBoost,holdout,priors_set_1,2941,1,0.5342937111854553,0
XGBoost,holdout,priors_set_1,2945,0,0.3926832377910614,0
XGBoost,holdout,priors_set_1,2946,1,0.3979814052581787,1
XGBoost,holdout,priors_set_1,2947,0,0.31143057346343994,0
XGBoost,holdout,priors_set_1,2948,0,0.39537444710731506,1
XGBoost,holdout,priors_set_1,2952,0,0.3926832377910614,0
XGBoost,holdout,priors_set_1,2954,0,0.3926832377910614,0
XGBoost,holdout,priors_set_1,2955,0,0.3900885581970215,0
XGBoost,holdout,priors_set_1,2958,0,0.3979814052581787,0
XGBoost,holdout,priors_set_1,2963,0,0.3121011257171631,0
XGBoost,holdout,priors_set_1,2966,1,0.3979814052581787,0
XGBoost,holdout,priors_set_1,2972,0,0.3121011257171631,0
XGBoost,holdout,priors_set_1,2975,1,0.3979814052581787,0
XGBoost,holdout,priors_set_1,2978,0,0.3926832377910614,1
XGBoost,holdout,priors_set_1,2983,0,0.5342937111854553,1
XGBoost,holdout,priors_set_1,2986,1,0.3926832377910614,0
XGBoost,holdout,priors_set_1,2987,0,0.3121011257171631,0
XGBoost,holdout,priors_set_1,2995,0,0.39537444710731506,0
XGBoost,holdout,priors_set_1,2997,1,0.5342937111854553,0
XGBoost,holdout,priors_set_1,3007,1,0.5870620012283325,1
XGBoost,holdout,priors_set_1,3008,0,0.39537444710731506,0
XGBoost,holdout,priors_set_1,3010,0,0.3121011257171631,0
XGBoost,holdout,priors_set_1,3012,0,0.5870620012283325,1
XGBoost,holdout,priors_set_1,3015,1,0.4508412182331085,1
XGBoost,holdout,priors_set_1,3016,1,0.3979814052581787,1
XGBoost,holdout,priors_set_1,3018,0,0.3926832377910614,1
XGBoost,holdout,priors_set_1,3025,0,0.3121011257171631,0
XGBoost,holdout,priors_set_1,3030,1,0.3900885581970215,0
XGBoost,holdout,priors_set_1,3033,1,0.33156877756118774,1
XGBoost,holdout,priors_set_1,3037,1,0.39537444710731506,1
XGBoost,holdout,priors_set_1,3038,0,0.33156877756118774,0
XGBoost,holdout,priors_set_1,3041,0,0.3322618007659912,1
XGBoost,holdout,priors_set_1,3042,1,0.3926832377910614,1
XGBoost,holdout,priors_set_1,3043,0,0.3979814052581787,0
XGBoost,holdout,priors_set_1,3044,0,0.3979814052581787,0
XGBoost,holdout,priors_set_1,3046,1,0.4508412182331085,1
XGBoost,holdout,priors_set_1,3048,0,0.39537444710731506,0
XGBoost,holdout,priors_set_1,3051,0,0.33156877756118774,0
XGBoost,holdout,priors_set_1,3056,0,0.5870620012283325,0
XGBoost,holdout,priors_set_1,3057,0,0.3979814052581787,1
XGBoost,holdout,priors_set_1,3058,0,0.3926832377910614,0
XGBoost,holdout,priors_set_1,3069,0,0.3322618007659912,0
XGBoost,holdout,priors_set_1,3071,0,0.3825620114803314,0
XGBoost,holdout,priors_set_1,3072,0,0.3121011257171631,0
XGBoost,holdout,priors_set_1,3076,1,0.5364295244216919,1
XGBoost,holdout,priors_set_1,3077,0,0.3926832377910614,0
XGBoost,holdout,priors_set_1,3078,0,0.3900885581970215,1
XGBoost,holdout,priors_set_1,3083,0,0.3926832377910614,0
XGBoost,holdout,priors_set_1,3084,0,0.3926832377910614,0
XGBoost,holdout,priors_set_1,3086,0,0.3900885581970215,1
XGBoost,holdout,priors_set_1,3090,1,0.5364295244216919,1
XGBoost,holdout,priors_set_1,3091,1,0.3799923062324524,0
XGBoost,holdout,priors_set_1,3104,0,0.5364295244216919,0
XGBoost,holdout,priors_set_1,3106,1,0.3322618007659912,1
XGBoost,holdout,priors_set_1,3107,1,0.33156877756118774,0
XGBoost,holdout,priors_set_1,3110,0,0.3979814052581787,0
XGBoost,holdout,priors_set_1,3111,1,0.3979814052581787,1
XGBoost,holdout,priors_set_1,3112,1,0.3979814052581787,0
XGBoost,holdout,priors_set_1,3115,0,0.39537444710731506,1
XGBoost,holdout,priors_set_1,3127,1,0.5342937111854553,1
XGBoost,holdout,priors_set_1,3141,0,0.31143057346343994,0
XGBoost,holdout,priors_set_1,3142,0,0.3121011257171631,0
XGBoost,holdout,priors_set_1,3143,1,0.3926832377910614,1
XGBoost,holdout,priors_set_1,3155,1,0.3900885581970215,0
XGBoost,holdout,priors_set_1,3161,1,0.3979814052581787,1
XGBoost,holdout,priors_set_1,3168,1,0.3825620114803314,1
XGBoost,holdout,priors_set_1,3169,0,0.3979814052581787,1
XGBoost,holdout,priors_set_1,3175,0,0.3612571060657501,1
XGBoost,holdout,priors_set_1,3176,1,0.3121011257171631,0
XGBoost,holdout,priors_set_1,3178,1,0.3926832377910614,1
XGBoost,holdout,priors_set_1,3181,0,0.3825620114803314,1
XGBoost,holdout,priors_set_1,3184,0,0.5364295244216919,0
XGBoost,holdout,priors_set_1,3185,1,0.3926832377910614,0
XGBoost,holdout,priors_set_1,3187,0,0.3102814555168152,0
XGBoost,holdout,priors_set_1,3188,0,0.44856199622154236,0
XGBoost,holdout,priors_set_1,3190,0,0.3852277994155884,0
XGBoost,holdout,priors_set_1,3195,1,0.3926832377910614,0
XGBoost,holdout,priors_set_1,3201,1,0.5870620012283325,0
XGBoost,holdout,priors_set_1,3202,1,0.3102814555168152,0
XGBoost,holdout,priors_set_1,3204,0,0.39537444710731506,0
XGBoost,holdout,priors_set_1,3206,1,0.39537444710731506,1
XGBoost,holdout,priors_set_1,3213,0,0.3926832377910614,0
XGBoost,holdout,priors_set_1,3214,0,0.3979814052581787,0
XGBoost,holdout,priors_set_1,3215,0,0.31143057346343994,0
XGBoost,holdout,priors_set_1,3224,0,0.3926832377910614,0
XGBoost,holdout,priors_set_1,3225,0,0.3979814052581787,0
XGBoost,holdout,priors_set_1,3229,0,0.33156877756118774,1
XGBoost,holdout,priors_set_1,3231,1,0.3979814052581787,1
XGBoost,holdout,priors_set_1,3232,0,0.3979814052581787,0
XGBoost,holdout,priors_set_1,3244,0,0.3081124424934387,1
XGBoost,holdout,priors_set_1,3252,0,0.3322618007659912,0
XGBoost,holdout,priors_set_1,3256,1,0.3926832377910614,1
XGBoost,holdout,priors_set_1,3260,0,0.3900885581970215,0
XGBoost,holdout,priors_set_1,3261,1,0.5870620012283325,1
XGBoost,holdout,priors_set_1,3266,0,0.3121011257171631,0
XGBoost,holdout,priors_set_1,3268,1,0.5870620012283325,0
XGBoost,holdout,priors_set_1,3271,1,0.3979814052581787,1
XGBoost,holdout,priors_set_1,3273,0,0.3926832377910614,1
XGBoost,holdout,priors_set_1,3277,1,0.3979814052581787,0
XGBoost,holdout,priors_set_1,3281,0,0.3926832377910614,0
XGBoost,holdout,priors_set_1,3283,1,0.3878107964992523,1
XGBoost,holdout,priors_set_1,3284,1,0.3979814052581787,1
XGBoost,holdout,priors_set_1,3289,1,0.5870620012283325,0
XGBoost,holdout,priors_set_1,3291,1,0.39537444710731506,1
XGBoost,holdout,priors_set_1,3293,0,0.3979814052581787,1
XGBoost,holdout,priors_set_1,3295,1,0.39537444710731506,1
XGBoost,holdout,priors_set_1,3296,1,0.3121011257171631,0
XGBoost,holdout,priors_set_1,3299,1,0.33107274770736694,0
XGBoost,holdout,priors_set_1,3300,1,0.3926832377910614,0
XGBoost,holdout,priors_set_1,3303,0,0.5364295244216919,0
XGBoost,holdout,priors_set_1,3305,0,0.3979814052581787,0
XGBoost,holdout,priors_set_1,3310,0,0.3979814052581787,1
XGBoost,holdout,priors_set_1,3311,0,0.3979814052581787,0
XGBoost,holdout,priors_set_1,3314,1,0.3926832377910614,0
XGBoost,holdout,priors_set_1,3318,0,0.3121011257171631,0
XGBoost,holdout,priors_set_1,3319,1,0.3979814052581787,0
XGBoost,holdout,priors_set_1,3321,0,0.39537444710731506,1
XGBoost,holdout,priors_set_1,3323,1,0.5870620012283325,0
XGBoost,holdout,priors_set_1,3327,1,0.3979814052581787,1
XGBoost,holdout,priors_set_1,3336,0,0.31143057346343994,0
XGBoost,holdout,priors_set_1,3341,0,0.3979814052581787,0
XGBoost,holdout,priors_set_1,3343,1,0.31143057346343994,0
XGBoost,holdout,priors_set_1,3345,0,0.3121011257171631,0
XGBoost,holdout,priors_set_1,3349,1,0.3979814052581787,0
XGBoost,holdout,priors_set_1,3350,0,0.3926832377910614,0
XGBoost,holdout,priors_set_1,3356,0,0.31143057346343994,0
XGBoost,holdout,priors_set_1,3361,1,0.4508412182331085,1
XGBoost,holdout,priors_set_1,3363,0,0.3900885581970215,0
XGBoost,holdout,priors_set_1,3364,0,0.3979814052581787,0
XGBoost,holdout,priors_set_1,3365,0,0.39537444710731506,1
XGBoost,holdout,priors_set_1,3367,0,0.5364295244216919,1
XGBoost,holdout,priors_set_1,3368,0,0.3979814052581787,0
XGBoost,holdout,priors_set_1,3376,1,0.5364295244216919,1
XGBoost,holdout,priors_set_1,3381,1,0.3926832377910614,0
XGBoost,holdout,priors_set_1,3382,0,0.3121011257171631,0
XGBoost,holdout,priors_set_1,3383,1,0.5870620012283325,1
XGBoost,holdout,priors_set_1,3390,1,0.3979814052581787,0
XGBoost,holdout,priors_set_1,3393,0,0.3322618007659912,1
XGBoost,holdout,priors_set_1,3396,1,0.3926832377910614,0
XGBoost,holdout,priors_set_1,3400,1,0.3979814052581787,1
XGBoost,holdout,priors_set_1,3401,0,0.39537444710731506,0
XGBoost,holdout,priors_set_1,3402,1,0.3926832377910614,0
XGBoost,holdout,priors_set_1,3414,0,0.3979814052581787,1
XGBoost,holdout,priors_set_1,3418,0,0.3653736710548401,0
XGBoost,holdout,priors_set_1,3420,1,0.3926832377910614,0
XGBoost,holdout,priors_set_1,3424,1,0.3979814052581787,1
XGBoost,holdout,priors_set_1,3425,0,0.3653736710548401,0
XGBoost,holdout,priors_set_1,3428,0,0.33156877756118774,0
XGBoost,holdout,priors_set_1,3430,1,0.3926832377910614,0
XGBoost,holdout,priors_set_1,3431,0,0.3121011257171631,0
XGBoost,holdout,priors_set_1,3432,0,0.3979814052581787,1
XGBoost,holdout,priors_set_1,3436,0,0.3900885581970215,0
XGBoost,holdout,priors_set_1,3437,1,0.5870620012283325,1
XGBoost,holdout,priors_set_1,3441,0,0.3926832377910614,0
XGBoost,holdout,priors_set_1,3443,0,0.3979814052581787,1
XGBoost,holdout,priors_set_1,3446,0,0.39537444710731506,0
XGBoost,holdout,priors_set_1,3451,1,0.3926832377910614,1
XGBoost,holdout,priors_set_1,3454,0,0.33156877756118774,0
XGBoost,holdout,priors_set_1,3456,0,0.3926832377910614,0
XGBoost,holdout,priors_set_1,3457,1,0.3979814052581787,1
XGBoost,holdout,priors_set_1,3460,1,0.3979814052581787,1
XGBoost,holdout,priors_set_1,3466,1,0.5870620012283325,1
XGBoost,holdout,priors_set_1,3469,0,0.3109506666660309,0
XGBoost,holdout,priors_set_1,3470,1,0.3825620114803314,0
XGBoost,holdout,priors_set_1,3472,1,0.3322618007659912,0
XGBoost,holdout,priors_set_1,3473,0,0.3081124424934387,0
XGBoost,holdout,priors_set_1,3479,1,0.5870620012283325,0
XGBoost,holdout,priors_set_1,3480,0,0.3926832377910614,0
XGBoost,holdout,priors_set_1,3490,0,0.3878107964992523,0
XGBoost,holdout,priors_set_1,3491,0,0.3322618007659912,0
XGBoost,holdout,priors_set_1,3497,0,0.3979814052581787,0
XGBoost,holdout,priors_set_1,3508,1,0.3878107964992523,1
XGBoost,holdout,priors_set_1,3510,0,0.3926832377910614,1
XGBoost,holdout,priors_set_1,3511,0,0.3979814052581787,0
XGBoost,holdout,priors_set_1,3513,0,0.5870620012283325,1
XGBoost,holdout,priors_set_1,3518,0,0.33156877756118774,0
XGBoost,holdout,priors_set_1,3520,1,0.3926832377910614,1
XGBoost,holdout,priors_set_1,3524,1,0.3979814052581787,0
XGBoost,holdout,priors_set_1,3529,1,0.5364295244216919,1
XGBoost,holdout,priors_set_1,3534,1,0.3979814052581787,1
XGBoost,holdout,priors_set_1,3537,1,0.5342937111854553,1
XGBoost,holdout,priors_set_1,3539,0,0.3900885581970215,1
XGBoost,holdout,priors_set_1,3545,1,0.33156877756118774,1
XGBoost,holdout,priors_set_1,3546,0,0.3926832377910614,0
XGBoost,holdout,priors_set_1,3547,0,0.5870620012283325,0
XGBoost,holdout,priors_set_1,3548,1,0.5870620012283325,1
XGBoost,holdout,priors_set_1,3551,1,0.3109506666660309,0
XGBoost,holdout,priors_set_1,3552,1,0.3878107964992523,0
XGBoost,holdout,priors_set_1,3556,1,0.3852277994155884,0
XGBoost,holdout,priors_set_1,3557,1,0.3322618007659912,1
XGBoost,holdout,priors_set_1,3558,1,0.3926832377910614,1
XGBoost,holdout,priors_set_1,3560,1,0.3979814052581787,1
XGBoost,holdout,priors_set_1,3561,1,0.3979814052581787,1
XGBoost,holdout,priors_set_1,3562,1,0.3926832377910614,1
XGBoost,holdout,priors_set_1,3571,1,0.5870620012283325,1
XGBoost,holdout,priors_set_1,3573,0,0.3612571060657501,0
XGBoost,holdout,priors_set_1,3574,1,0.39537444710731506,1
XGBoost,holdout,priors_set_1,3578,0,0.3322618007659912,0
XGBoost,holdout,priors_set_1,3584,0,0.3900885581970215,0
XGBoost,holdout,priors_set_1,3585,1,0.3979814052581787,0
XGBoost,holdout,priors_set_1,3586,0,0.5364295244216919,1
XGBoost,holdout,priors_set_1,3587,0,0.3322618007659912,0
XGBoost,holdout,priors_set_1,3596,0,0.39537444710731506,1
XGBoost,holdout,priors_set_1,3598,0,0.3825620114803314,0
XGBoost,holdout,priors_set_1,3602,0,0.3979814052581787,1
XGBoost,holdout,priors_set_1,3607,0,0.3979814052581787,1
XGBoost,holdout,priors_set_1,3612,1,0.5870620012283325,1
XGBoost,holdout,priors_set_1,3614,0,0.31143057346343994,0
XGBoost,holdout,priors_set_1,3617,1,0.5364295244216919,0
XGBoost,holdout,priors_set_1,3618,1,0.4508412182331085,1
XGBoost,holdout,priors_set_1,3621,1,0.3121011257171631,1
XGBoost,holdout,priors_set_1,3627,0,0.3109506666660309,0
XGBoost,holdout,priors_set_1,3629,0,0.3900885581970215,0
XGBoost,holdout,priors_set_1,3634,0,0.3926832377910614,0
XGBoost,holdout,priors_set_1,3636,0,0.5364295244216919,0
XGBoost,holdout,priors_set_1,3637,1,0.3926832377910614,1
XGBoost,holdout,priors_set_1,3640,1,0.3926832377910614,1
XGBoost,holdout,priors_set_1,3641,1,0.3878107964992523,0
XGBoost,holdout,priors_set_1,3646,0,0.3979814052581787,0
XGBoost,holdout,priors_set_1,3651,1,0.3121011257171631,0
XGBoost,holdout,priors_set_1,3665,1,0.5870620012283325,1
XGBoost,holdout,priors_set_1,3670,0,0.39537444710731506,0
XGBoost,holdout,priors_set_1,3678,0,0.3979814052581787,0
XGBoost,holdout,priors_set_1,3680,1,0.39537444710731506,0
XGBoost,holdout,priors_set_1,3685,1,0.3979814052581787,1
XGBoost,holdout,priors_set_1,3687,1,0.5870620012283325,1
XGBoost,holdout,priors_set_1,3688,0,0.5870620012283325,0
XGBoost,holdout,priors_set_1,3690,0,0.33107274770736694,0
XGBoost,holdout,priors_set_1,3704,0,0.3979814052581787,0
XGBoost,holdout,priors_set_1,3706,0,0.3109506666660309,0
XGBoost,holdout,priors_set_1,3710,0,0.3979814052581787,0
XGBoost,holdout,priors_set_1,3713,1,0.3926832377910614,1
XGBoost,holdout,priors_set_1,3715,0,0.3900885581970215,0
XGBoost,holdout,priors_set_1,3718,1,0.5870620012283325,1
XGBoost,holdout,priors_set_1,3721,1,0.3926832377910614,1
XGBoost,holdout,priors_set_1,3727,0,0.39537444710731506,0
XGBoost,holdout,priors_set_1,3728,1,0.39537444710731506,1
XGBoost,holdout,priors_set_1,3729,1,0.3979814052581787,0
XGBoost,holdout,priors_set_1,3730,0,0.5870620012283325,1
XGBoost,holdout,priors_set_1,3732,0,0.5364295244216919,0
XGBoost,holdout,priors_set_1,3735,0,0.4508412182331085,1
XGBoost,holdout,priors_set_1,3739,1,0.3653736710548401,1
XGBoost,holdout,priors_set_1,3746,1,0.3979814052581787,1
XGBoost,holdout,priors_set_1,3747,0,0.3979814052581787,0
XGBoost,holdout,priors_set_1,3748,0,0.31143057346343994,0
XGBoost,holdout,priors_set_1,3749,1,0.3979814052581787,1
XGBoost,holdout,priors_set_1,3753,0,0.5870620012283325,1
XGBoost,holdout,priors_set_1,3754,0,0.3926832377910614,1
XGBoost,holdout,priors_set_1,3755,1,0.3979814052581787,1
XGBoost,holdout,priors_set_1,3756,0,0.3900885581970215,1
XGBoost,holdout,priors_set_1,3759,0,0.3979814052581787,1
XGBoost,holdout,priors_set_1,3763,0,0.3979814052581787,0
XGBoost,holdout,priors_set_1,3765,0,0.39537444710731506,1
XGBoost,holdout,priors_set_1,3768,0,0.3926832377910614,1
XGBoost,holdout,priors_set_1,3770,0,0.3900885581970215,1
XGBoost,holdout,priors_set_1,3771,0,0.3900885581970215,0
XGBoost,holdout,priors_set_1,3772,1,0.5364295244216919,1
XGBoost,holdout,priors_set_1,3773,0,0.5870620012283325,0
XGBoost,holdout,priors_set_1,3775,1,0.5870620012283325,0
XGBoost,holdout,priors_set_1,3784,0,0.3612571060657501,0
XGBoost,holdout,priors_set_1,3787,1,0.3900885581970215,0
XGBoost,holdout,priors_set_1,3789,0,0.3979814052581787,1
XGBoost,holdout,priors_set_1,3793,0,0.3322618007659912,1
XGBoost,holdout,priors_set_1,3796,1,0.3979814052581787,1
XGBoost,holdout,priors_set_1,3797,0,0.3121011257171631,0
XGBoost,holdout,priors_set_1,3804,0,0.3878107964992523,0
XGBoost,holdout,priors_set_1,3808,1,0.3979814052581787,0
XGBoost,holdout,priors_set_1,3812,0,0.3979814052581787,1
XGBoost,holdout,priors_set_1,3813,0,0.3900885581970215,0
XGBoost,holdout,priors_set_1,3814,1,0.3322618007659912,0
XGBoost,holdout,priors_set_1,3816,1,0.5870620012283325,0
XGBoost,holdout,priors_set_1,3822,0,0.31143057346343994,0
XGBoost,holdout,priors_set_1,3825,1,0.3102814555168152,0
XGBoost,holdout,priors_set_1,3828,0,0.3081124424934387,0
XGBoost,holdout,priors_set_1,3832,1,0.3653736710548401,1
XGBoost,holdout,priors_set_1,3834,1,0.5364295244216919,0
XGBoost,holdout,priors_set_1,3835,1,0.39537444710731506,1
XGBoost,holdout,priors_set_1,3836,1,0.3979814052581787,0
XGBoost,holdout,priors_set_1,3856,0,0.3102814555168152,0
XGBoost,holdout,priors_set_1,3861,1,0.3926832377910614,0
XGBoost,holdout,priors_set_1,3863,0,0.3979814052581787,1
XGBoost,holdout,priors_set_1,3867,1,0.3979814052581787,0
XGBoost,holdout,priors_set_1,3868,0,0.4508412182331085,1
XGBoost,holdout,priors_set_1,3873,1,0.5342937111854553,0
XGBoost,holdout,priors_set_1,3878,0,0.3979814052581787,0
XGBoost,holdout,priors_set_1,3881,1,0.3979814052581787,0
XGBoost,holdout,priors_set_1,3883,0,0.3979814052581787,0
XGBoost,holdout,priors_set_1,3884,0,0.3926832377910614,0
XGBoost,holdout,priors_set_1,3886,0,0.39537444710731506,0
XGBoost,holdout,priors_set_1,3887,1,0.5870620012283325,1
XGBoost,holdout,priors_set_1,3889,0,0.3121011257171631,0
XGBoost,holdout,priors_set_1,3891,1,0.4508412182331085,0
XGBoost,holdout,priors_set_1,3893,1,0.5870620012283325,1
XGBoost,holdout,priors_set_1,3895,0,0.3979814052581787,1
XGBoost,holdout,priors_set_1,3897,0,0.3121011257171631,1
XGBoost,holdout,priors_set_1,3898,0,0.5870620012283325,1
XGBoost,holdout,priors_set_1,3902,0,0.39537444710731506,0
XGBoost,holdout,priors_set_1,3903,1,0.3926832377910614,1
XGBoost,holdout,priors_set_1,3904,0,0.3109506666660309,0
XGBoost,holdout,priors_set_1,3908,1,0.3979814052581787,1
XGBoost,holdout,priors_set_1,3912,0,0.3926832377910614,0
XGBoost,holdout,priors_set_1,3917,0,0.3825620114803314,1
XGBoost,holdout,priors_set_1,3920,1,0.3926832377910614,0
XGBoost,holdout,priors_set_1,3927,1,0.3322618007659912,0
XGBoost,holdout,priors_set_1,3928,0,0.33156877756118774,1
XGBoost,holdout,priors_set_1,3930,0,0.5364295244216919,0
XGBoost,holdout,priors_set_1,3931,1,0.3979814052581787,0
XGBoost,holdout,priors_set_1,3932,1,0.3926832377910614,0
XGBoost,holdout,priors_set_1,3934,0,0.3979814052581787,1
XGBoost,holdout,priors_set_1,3938,1,0.3979814052581787,0
XGBoost,holdout,priors_set_1,3939,1,0.3926832377910614,1
XGBoost,holdout,priors_set_1,3944,1,0.3825620114803314,0
XGBoost,holdout,priors_set_1,3947,0,0.5364295244216919,1
XGBoost,holdout,priors_set_1,3953,0,0.3322618007659912,0
XGBoost,holdout,priors_set_1,3957,1,0.5342937111854553,1
XGBoost,holdout,priors_set_1,3960,1,0.3612571060657501,1
XGBoost,holdout,priors_set_1,3963,0,0.3979814052581787,1
XGBoost,holdout,priors_set_1,3971,0,0.3979814052581787,0
XGBoost,holdout,priors_set_1,3974,1,0.31143057346343994,1
XGBoost,holdout,priors_set_1,3977,0,0.3121011257171631,1
XGBoost,holdout,priors_set_1,3986,1,0.3926832377910614,0
XGBoost,holdout,priors_set_1,3987,0,0.39537444710731506,1
XGBoost,holdout,priors_set_1,3994,0,0.3979814052581787,0
XGBoost,holdout,priors_set_1,3995,0,0.39537444710731506,0
XGBoost,holdout,priors_set_1,3996,0,0.3322618007659912,0
XGBoost,holdout,priors_set_1,4002,0,0.5870620012283325,0
XGBoost,holdout,priors_set_1,4003,0,0.31143057346343994,0
XGBoost,holdout,priors_set_1,4004,0,0.3322618007659912,0
XGBoost,holdout,priors_set_1,4005,0,0.3825620114803314,0
XGBoost,holdout,priors_set_1,4007,0,0.3878107964992523,0
XGBoost,holdout,priors_set_1,4010,1,0.3926832377910614,0
XGBoost,holdout,priors_set_1,4014,0,0.5364295244216919,1
XGBoost,holdout,priors_set_1,4016,0,0.3979814052581787,0
XGBoost,holdout,priors_set_1,4018,1,0.3979814052581787,1
XGBoost,holdout,priors_set_1,4025,1,0.3852277994155884,0
XGBoost,holdout,priors_set_1,4028,0,0.3979814052581787,1
XGBoost,holdout,priors_set_1,4032,0,0.3322618007659912,0
XGBoost,holdout,priors_set_1,4034,1,0.3979814052581787,1
XGBoost,holdout,priors_set_1,4036,0,0.3979814052581787,1
XGBoost,holdout,priors_set_1,4038,1,0.3900885581970215,0
XGBoost,holdout,priors_set_1,4040,0,0.3979814052581787,0
XGBoost,holdout,priors_set_1,4044,1,0.3979814052581787,1
XGBoost,holdout,priors_set_1,4047,1,0.3979814052581787,0
XGBoost,holdout,priors_set_1,4049,0,0.3878107964992523,1
XGBoost,holdout,priors_set_1,4055,1,0.3926832377910614,0
XGBoost,holdout,priors_set_1,4056,1,0.3926832377910614,1
XGBoost,holdout,priors_set_1,4064,1,0.3979814052581787,1
XGBoost,holdout,priors_set_1,4065,0,0.3926832377910614,1
XGBoost,holdout,priors_set_1,4066,1,0.3081124424934387,0
XGBoost,holdout,priors_set_1,4070,0,0.3102814555168152,0
XGBoost,holdout,priors_set_1,4072,0,0.3900885581970215,0
XGBoost,holdout,priors_set_1,4076,0,0.3926832377910614,0
XGBoost,holdout,priors_set_1,4081,1,0.3979814052581787,1
XGBoost,holdout,priors_set_1,4090,1,0.3979814052581787,1
XGBoost,holdout,priors_set_1,4093,1,0.3121011257171631,0
XGBoost,holdout,priors_set_1,4097,1,0.5870620012283325,1
XGBoost,holdout,priors_set_1,4100,1,0.5364295244216919,1
XGBoost,holdout,priors_set_1,4105,0,0.5870620012283325,1
XGBoost,holdout,priors_set_1,4110,1,0.3979814052581787,1
XGBoost,holdout,priors_set_1,4111,1,0.5870620012283325,1
XGBoost,holdout,priors_set_1,4112,0,0.3979814052581787,0
XGBoost,holdout,priors_set_1,4115,1,0.39537444710731506,0
XGBoost,holdout,priors_set_1,4120,1,0.5870620012283325,0
XGBoost,holdout,priors_set_1,4125,0,0.3900885581970215,0
XGBoost,holdout,priors_set_1,4130,0,0.3979814052581787,0
XGBoost,holdout,priors_set_1,4132,0,0.33156877756118774,1
XGBoost,holdout,priors_set_1,4140,1,0.5870620012283325,1
XGBoost,holdout,priors_set_1,4141,0,0.3979814052581787,1
XGBoost,holdout,priors_set_1,4150,1,0.3926832377910614,1
XGBoost,holdout,priors_set_1,4151,1,0.3612571060657501,1
XGBoost,holdout,priors_set_1,4155,1,0.3979814052581787,0
XGBoost,holdout,priors_set_1,4157,0,0.3825620114803314,0
XGBoost,holdout,priors_set_1,4159,0,0.5870620012283325,1
XGBoost,holdout,priors_set_1,4161,0,0.3926832377910614,0
XGBoost,holdout,priors_set_1,4164,0,0.3979814052581787,0
XGBoost,holdout,priors_set_1,4168,1,0.5342937111854553,1
XGBoost,holdout,priors_set_1,4173,0,0.3979814052581787,1
XGBoost,holdout,priors_set_1,4182,1,0.3979814052581787,1
XGBoost,holdout,priors_set_1,4183,1,0.3926832377910614,1
XGBoost,holdout,priors_set_1,4191,0,0.5364295244216919,0
XGBoost,holdout,priors_set_1,4193,0,0.3612571060657501,0
XGBoost,holdout,priors_set_1,4200,0,0.5364295244216919,1
XGBoost,holdout,priors_set_1,4201,1,0.5364295244216919,1
XGBoost,holdout,priors_set_1,4204,0,0.3979814052581787,1
XGBoost,holdout,priors_set_1,4205,1,0.5870620012283325,1
XGBoost,holdout,priors_set_1,4211,0,0.3926832377910614,0
XGBoost,holdout,priors_set_1,4212,0,0.39537444710731506,0
XGBoost,holdout,priors_set_1,4217,1,0.5870620012283325,1
XGBoost,holdout,priors_set_1,4220,1,0.5870620012283325,1
XGBoost,holdout,priors_set_1,4222,0,0.3900885581970215,0
XGBoost,holdout,priors_set_1,4224,1,0.3979814052581787,0
XGBoost,holdout,priors_set_1,4227,1,0.5342937111854553,0
XGBoost,holdout,priors_set_1,4229,1,0.3979814052581787,0
XGBoost,holdout,priors_set_1,4237,0,0.5364295244216919,1
XGBoost,holdout,priors_set_1,4241,1,0.5870620012283325,0
XGBoost,holdout,priors_set_1,4245,0,0.3979814052581787,0
XGBoost,holdout,priors_set_1,4248,0,0.3979814052581787,1
XGBoost,holdout,priors_set_1,4249,0,0.3900885581970215,0
XGBoost,holdout,priors_set_1,4253,1,0.3979814052581787,1
XGBoost,holdout,priors_set_1,4254,1,0.3979814052581787,1
XGBoost,holdout,priors_set_1,4256,0,0.3900885581970215,0
XGBoost,holdout,priors_set_1,4266,0,0.3926832377910614,0
XGBoost,holdout,priors_set_1,4271,1,0.3926832377910614,1
XGBoost,holdout,priors_set_1,4278,0,0.3322618007659912,0
XGBoost,holdout,priors_set_1,4281,1,0.5364295244216919,1
XGBoost,holdout,priors_set_1,4295,0,0.3979814052581787,0
XGBoost,holdout,priors_set_1,4307,1,0.3979814052581787,1
XGBoost,holdout,priors_set_1,4308,0,0.31143057346343994,0
XGBoost,holdout,priors_set_1,4309,0,0.3322618007659912,0
XGBoost,holdout,priors_set_1,4310,1,0.5870620012283325,1
XGBoost,holdout,priors_set_1,4311,1,0.5364295244216919,1
XGBoost,holdout,priors_set_1,4312,0,0.3900885581970215,0
XGBoost,holdout,priors_set_1,4314,1,0.31143057346343994,0
XGBoost,holdout,priors_set_1,4317,0,0.3900885581970215,0
XGBoost,holdout,priors_set_1,4322,0,0.31143057346343994,0
XGBoost,holdout,priors_set_1,4328,1,0.3979814052581787,1
XGBoost,holdout,priors_set_1,4332,0,0.3074466288089752,0
XGBoost,holdout,priors_set_1,4334,1,0.5364295244216919,1
XGBoost,holdout,priors_set_1,4338,1,0.3979814052581787,1
XGBoost,holdout,priors_set_1,4342,0,0.5364295244216919,0
XGBoost,holdout,priors_set_1,4348,1,0.3926832377910614,0
XGBoost,holdout,priors_set_1,4355,1,0.5870620012283325,1
XGBoost,holdout,priors_set_1,4357,1,0.31143057346343994,0
XGBoost,holdout,priors_set_1,4358,0,0.3979814052581787,1
XGBoost,holdout,priors_set_1,4360,0,0.33156877756118774,0
XGBoost,holdout,priors_set_1,4367,1,0.3926832377910614,1
XGBoost,holdout,priors_set_1,4368,0,0.3322618007659912,0
XGBoost,holdout,priors_set_1,4373,1,0.3900885581970215,1
XGBoost,holdout,priors_set_1,4374,0,0.3979814052581787,0
XGBoost,holdout,priors_set_1,4380,1,0.3979814052581787,1
XGBoost,holdout,priors_set_1,4381,1,0.5870620012283325,1
XGBoost,holdout,priors_set_1,4382,0,0.39537444710731506,1
XGBoost,holdout,priors_set_1,4386,1,0.3926832377910614,1
XGBoost,holdout,priors_set_1,4388,0,0.3926832377910614,0
XGBoost,holdout,priors_set_1,4389,1,0.3979814052581787,1
XGBoost,holdout,priors_set_1,4390,1,0.3979814052581787,0
XGBoost,holdout,priors_set_1,4391,1,0.3109506666660309,1
XGBoost,holdout,priors_set_1,4394,0,0.3979814052581787,1
XGBoost,holdout,priors_set_1,4395,1,0.3900885581970215,1
XGBoost,holdout,priors_set_1,4399,1,0.3926832377910614,0
XGBoost,holdout,priors_set_1,4402,1,0.5870620012283325,1
XGBoost,holdout,priors_set_1,4404,1,0.3926832377910614,1
XGBoost,holdout,priors_set_1,4408,1,0.5870620012283325,0
XGBoost,holdout,priors_set_1,4411,1,0.3878107964992523,1
XGBoost,holdout,priors_set_1,4416,1,0.3926832377910614,0
XGBoost,holdout,priors_set_1,4418,1,0.3979814052581787,1
XGBoost,holdout,priors_set_1,4422,0,0.39537444710731506,0
XGBoost,holdout,priors_set_1,4423,1,0.4508412182331085,1
XGBoost,holdout,priors_set_1,4426,1,0.3979814052581787,0
XGBoost,holdout,priors_set_1,4428,1,0.3979814052581787,0
XGBoost,holdout,priors_set_1,4429,1,0.3979814052581787,0
XGBoost,holdout,priors_set_1,4435,1,0.3612571060657501,1
XGBoost,holdout,priors_set_1,4451,0,0.5870620012283325,0
XGBoost,holdout,priors_set_1,4458,0,0.3926832377910614,0
XGBoost,holdout,priors_set_1,4461,0,0.3074466288089752,0
XGBoost,holdout,priors_set_1,4462,0,0.3926832377910614,0
XGBoost,holdout,priors_set_1,4463,0,0.3979814052581787,0
XGBoost,holdout,priors_set_1,4468,1,0.5870620012283325,1
XGBoost,holdout,priors_set_1,4472,0,0.3825620114803314,0
XGBoost,holdout,priors_set_1,4476,0,0.5364295244216919,0
XGBoost,holdout,priors_set_1,4478,0,0.39537444710731506,0
XGBoost,holdout,priors_set_1,4481,1,0.5364295244216919,1
XGBoost,holdout,priors_set_1,4484,0,0.3979814052581787,1
XGBoost,holdout,priors_set_1,4485,0,0.5870620012283325,0
XGBoost,holdout,priors_set_1,4486,0,0.3979814052581787,0
XGBoost,holdout,priors_set_1,4489,1,0.3979814052581787,0
XGBoost,holdout,priors_set_1,4491,1,0.3322618007659912,1
XGBoost,holdout,priors_set_1,4497,0,0.3926832377910614,1
XGBoost,holdout,priors_set_1,4499,0,0.5342937111854553,0
XGBoost,holdout,priors_set_1,4502,1,0.3979814052581787,1
XGBoost,holdout,priors_set_1,4507,1,0.3900885581970215,1
XGBoost,holdout,priors_set_1,4509,1,0.31143057346343994,0
XGBoost,holdout,priors_set_1,4511,1,0.5870620012283325,1
XGBoost,holdout,priors_set_1,4533,1,0.3322618007659912,1
XGBoost,holdout,priors_set_1,4538,1,0.5870620012283325,1
XGBoost,holdout,priors_set_1,4541,1,0.5870620012283325,1
XGBoost,holdout,priors_set_1,4544,1,0.3979814052581787,0
XGBoost,holdout,priors_set_1,4549,0,0.44856199622154236,1
XGBoost,holdout,priors_set_1,4555,0,0.3102814555168152,0
XGBoost,holdout,priors_set_1,4560,0,0.5364295244216919,0
XGBoost,holdout,priors_set_1,4565,0,0.5364295244216919,0
XGBoost,holdout,priors_set_1,4568,0,0.5870620012283325,1
XGBoost,holdout,priors_set_1,4570,1,0.3926832377910614,1
XGBoost,holdout,priors_set_1,4571,1,0.30697008967399597,0
XGBoost,holdout,priors_set_1,4573,0,0.3979814052581787,0
XGBoost,holdout,priors_set_1,4574,1,0.3979814052581787,1
XGBoost,holdout,priors_set_1,4582,0,0.3926832377910614,0
XGBoost,holdout,priors_set_1,4583,0,0.3825620114803314,0
XGBoost,holdout,priors_set_1,4587,0,0.3979814052581787,0
XGBoost,holdout,priors_set_1,4589,0,0.3121011257171631,0
XGBoost,holdout,priors_set_1,4595,1,0.3979814052581787,0
XGBoost,holdout,priors_set_1,4597,0,0.3979814052581787,0
XGBoost,holdout,priors_set_1,4602,1,0.33156877756118774,0
XGBoost,holdout,priors_set_1,4603,1,0.5870620012283325,1
XGBoost,holdout,priors_set_1,4605,0,0.3121011257171631,0
XGBoost,holdout,priors_set_1,4609,0,0.3926832377910614,1
XGBoost,holdout,priors_set_1,4610,1,0.3121011257171631,1
XGBoost,holdout,priors_set_1,4611,1,0.3121011257171631,0
XGBoost,holdout,priors_set_1,4615,1,0.3926832377910614,0
XGBoost,holdout,priors_set_1,4619,1,0.4508412182331085,1
XGBoost,holdout,priors_set_1,4620,0,0.31143057346343994,0
XGBoost,holdout,priors_set_1,4622,0,0.5364295244216919,1
XGBoost,holdout,priors_set_1,4623,0,0.3612571060657501,0
XGBoost,holdout,priors_set_1,4624,1,0.3926832377910614,0
XGBoost,holdout,priors_set_1,4627,0,0.3878107964992523,0
XGBoost,holdout,priors_set_1,4628,0,0.31143057346343994,0
XGBoost,holdout,priors_set_1,4639,0,0.5870620012283325,0
XGBoost,holdout,priors_set_1,4642,0,0.39537444710731506,0
XGBoost,holdout,priors_set_1,4645,1,0.3979814052581787,0
XGBoost,holdout,priors_set_1,4648,0,0.3322618007659912,0
XGBoost,holdout,priors_set_1,4649,1,0.3878107964992523,1
XGBoost,holdout,priors_set_1,4653,0,0.3979814052581787,0
XGBoost,holdout,priors_set_1,4663,1,0.3612571060657501,1
XGBoost,holdout,priors_set_1,4664,0,0.3979814052581787,1
XGBoost,holdout,priors_set_1,4665,1,0.5870620012283325,1
XGBoost,holdout,priors_set_1,4667,0,0.3102814555168152,0
XGBoost,holdout,priors_set_1,4669,0,0.3979814052581787,0
XGBoost,holdout,priors_set_1,4670,0,0.3979814052581787,0
XGBoost,holdout,priors_set_1,4672,1,0.3926832377910614,1
XGBoost,holdout,priors_set_1,4673,0,0.33107274770736694,1
XGBoost,holdout,priors_set_1,4685,1,0.39537444710731506,1
XGBoost,holdout,priors_set_1,4690,0,0.31143057346343994,1
XGBoost,holdout,priors_set_1,4691,0,0.3979814052581787,0
XGBoost,holdout,priors_set_1,4695,0,0.3979814052581787,0
XGBoost,holdout,priors_set_1,4698,0,0.4508412182331085,1
XGBoost,holdout,priors_set_1,4700,1,0.3979814052581787,1
XGBoost,holdout,priors_set_1,4703,0,0.31143057346343994,0
XGBoost,holdout,priors_set_1,4709,0,0.3121011257171631,0
XGBoost,holdout,priors_set_1,4713,1,0.3878107964992523,1
XGBoost,holdout,priors_set_1,4715,0,0.3979814052581787,0
XGBoost,holdout,priors_set_1,4720,1,0.3074466288089752,0
XGBoost,holdout,priors_set_1,4723,0,0.3979814052581787,0
XGBoost,holdout,priors_set_1,4727,1,0.5364295244216919,1
XGBoost,holdout,priors_set_1,4728,0,0.3979814052581787,1
XGBoost,holdout,priors_set_1,4729,0,0.4508412182331085,0
XGBoost,holdout,priors_set_1,4735,1,0.39537444710731506,1
XGBoost,holdout,priors_set_1,4739,1,0.3926832377910614,1
XGBoost,holdout,priors_set_1,4743,0,0.3979814052581787,0
XGBoost,holdout,priors_set_1,4747,1,0.3979814052581787,1
XGBoost,holdout,priors_set_1,4753,0,0.3121011257171631,0
XGBoost,holdout,priors_set_1,4762,1,0.3979814052581787,1
XGBoost,holdout,priors_set_1,4763,1,0.3900885581970215,1
XGBoost,holdout,priors_set_1,4770,1,0.33107274770736694,1
XGBoost,holdout,priors_set_1,4774,0,0.3900885581970215,0
XGBoost,holdout,priors_set_1,4776,1,0.5870620012283325,1
XGBoost,holdout,priors_set_1,4778,0,0.3926832377910614,0
XGBoost,holdout,priors_set_1,4781,0,0.3612571060657501,0
XGBoost,holdout,priors_set_1,4788,1,0.3878107964992523,1
XGBoost,holdout,priors_set_1,4791,0,0.3900885581970215,1
XGBoost,holdout,priors_set_1,4794,0,0.3081124424934387,0
XGBoost,holdout,priors_set_1,4797,1,0.39537444710731506,1
XGBoost,holdout,priors_set_1,4803,0,0.3109506666660309,0
XGBoost,holdout,priors_set_1,4804,1,0.3979814052581787,1
XGBoost,holdout,priors_set_1,4805,1,0.3979814052581787,0
XGBoost,holdout,priors_set_1,4806,1,0.3322618007659912,0
XGBoost,holdout,priors_set_1,4807,0,0.31143057346343994,0
XGBoost,holdout,priors_set_1,4811,0,0.3926832377910614,1
XGBoost,holdout,priors_set_1,4812,0,0.3900885581970215,0
XGBoost,holdout,priors_set_1,4815,0,0.3102814555168152,0
XGBoost,holdout,priors_set_1,4817,0,0.33156877756118774,0
XGBoost,holdout,priors_set_1,4822,1,0.3979814052581787,0
XGBoost,holdout,priors_set_1,4828,1,0.5870620012283325,1
XGBoost,holdout,priors_set_1,4830,0,0.3979814052581787,1
XGBoost,holdout,priors_set_1,4840,1,0.3979814052581787,1
XGBoost,holdout,priors_set_1,4844,0,0.3979814052581787,0
XGBoost,holdout,priors_set_1,4845,1,0.3979814052581787,1
XGBoost,holdout,priors_set_1,4847,0,0.3979814052581787,0
XGBoost,holdout,priors_set_1,4848,0,0.3322618007659912,0
XGBoost,holdout,priors_set_1,4849,1,0.3979814052581787,1
XGBoost,holdout,priors_set_1,4852,0,0.31143057346343994,0
XGBoost,holdout,priors_set_1,4853,0,0.3121011257171631,1
XGBoost,holdout,priors_set_1,4861,1,0.3121011257171631,0
XGBoost,holdout,priors_set_1,4865,1,0.3979814052581787,0
XGBoost,holdout,priors_set_1,4866,1,0.5364295244216919,1
XGBoost,holdout,priors_set_1,4867,1,0.3979814052581787,1
XGBoost,holdout,priors_set_1,4872,0,0.3926832377910614,0
XGBoost,holdout,priors_set_1,4881,0,0.3979814052581787,1
XGBoost,holdout,priors_set_1,4887,1,0.3979814052581787,0
XGBoost,holdout,priors_set_1,4890,1,0.4508412182331085,1
XGBoost,holdout,priors_set_1,4893,0,0.5364295244216919,1
XGBoost,holdout,priors_set_1,4904,0,0.3926832377910614,1
XGBoost,holdout,priors_set_1,4905,0,0.3926832377910614,0
XGBoost,holdout,priors_set_1,4908,1,0.3900885581970215,0
XGBoost,holdout,priors_set_1,4912,1,0.3979814052581787,1
XGBoost,holdout,priors_set_1,4914,1,0.3121011257171631,1
XGBoost,holdout,priors_set_1,4915,0,0.3979814052581787,0
XGBoost,holdout,priors_set_1,4916,0,0.3979814052581787,1
XGBoost,holdout,priors_set_1,4917,1,0.3825620114803314,0
XGBoost,holdout,priors_set_1,4919,0,0.5364295244216919,0
XGBoost,holdout,priors_set_1,4920,1,0.31143057346343994,0
XGBoost,holdout,priors_set_1,4926,1,0.3926832377910614,0
XGBoost,holdout,priors_set_1,4927,0,0.5870620012283325,0
XGBoost,holdout,priors_set_1,4928,0,0.3926832377910614,0
XGBoost,holdout,priors_set_1,4934,0,0.5364295244216919,0
XGBoost,holdout,priors_set_1,4935,0,0.3102814555168152,0
XGBoost,holdout,priors_set_1,4938,0,0.3926832377910614,0
XGBoost,holdout,priors_set_1,4941,0,0.3121011257171631,0
XGBoost,holdout,priors_set_1,4943,1,0.39537444710731506,0
XGBoost,holdout,priors_set_1,4950,0,0.33107274770736694,0
XGBoost,holdout,priors_set_1,4952,0,0.3653736710548401,1
XGBoost,holdout,priors_set_1,4955,0,0.3900885581970215,0
XGBoost,holdout,priors_set_1,4963,0,0.3121011257171631,0
XGBoost,holdout,priors_set_1,4964,1,0.5870620012283325,1
XGBoost,holdout,priors_set_1,4970,0,0.3121011257171631,0
XGBoost,holdout,priors_set_1,4971,1,0.3926832377910614,1
XGBoost,holdout,priors_set_1,4972,1,0.3878107964992523,1
XGBoost,holdout,priors_set_1,4980,0,0.5870620012283325,1
XGBoost,holdout,priors_set_1,4987,0,0.5364295244216919,1
XGBoost,holdout,priors_set_1,4994,1,0.3979814052581787,1
XGBoost,holdout,priors_set_1,4996,0,0.3926832377910614,0
XGBoost,holdout,priors_set_1,5000,0,0.3979814052581787,0
XGBoost,holdout,priors_set_1,5002,0,0.3979814052581787,0
XGBoost,holdout,priors_set_1,5004,0,0.5342937111854553,0
XGBoost,holdout,priors_set_1,5005,0,0.31143057346343994,0
XGBoost,holdout,priors_set_1,5008,0,0.31143057346343994,0
XGBoost,holdout,priors_set_1,5012,1,0.39537444710731506,0
XGBoost,holdout,priors_set_1,5014,0,0.3121011257171631,0
XGBoost,holdout,priors_set_1,5016,0,0.3979814052581787,1
XGBoost,holdout,priors_set_1,5017,1,0.5870620012283325,1
XGBoost,holdout,priors_set_1,5018,1,0.3878107964992523,0
XGBoost,holdout,priors_set_1,5026,0,0.3979814052581787,0
XGBoost,holdout,priors_set_1,5029,0,0.3900885581970215,1
XGBoost,holdout,priors_set_1,5037,1,0.5870620012283325,1
XGBoost,holdout,priors_set_1,5044,0,0.3825620114803314,0
XGBoost,holdout,priors_set_1,5045,0,0.5870620012283325,0
XGBoost,holdout,priors_set_1,5047,1,0.3979814052581787,1
XGBoost,holdout,priors_set_1,5048,0,0.3121011257171631,1
XGBoost,holdout,priors_set_1,5059,1,0.5364295244216919,1
XGBoost,holdout,priors_set_1,5062,1,0.3979814052581787,0
XGBoost,holdout,priors_set_1,5063,0,0.31143057346343994,0
XGBoost,holdout,priors_set_1,5068,0,0.5364295244216919,0
XGBoost,holdout,priors_set_1,5069,1,0.3926832377910614,0
XGBoost,holdout,priors_set_1,5070,0,0.39537444710731506,0
XGBoost,holdout,priors_set_1,5071,0,0.5870620012283325,0
XGBoost,holdout,priors_set_1,5072,0,0.3979814052581787,0
XGBoost,holdout,priors_set_1,5077,0,0.3121011257171631,1
XGBoost,holdout,priors_set_1,5087,0,0.3900885581970215,1
XGBoost,holdout,priors_set_1,5091,0,0.3979814052581787,1
XGBoost,holdout,priors_set_1,5093,1,0.3900885581970215,0
XGBoost,holdout,priors_set_1,5094,0,0.5364295244216919,1
XGBoost,holdout,priors_set_1,5095,1,0.5364295244216919,0
XGBoost,holdout,priors_set_1,5100,1,0.31143057346343994,0
XGBoost,holdout,priors_set_1,5104,0,0.5870620012283325,1
XGBoost,holdout,priors_set_1,5105,1,0.5870620012283325,1
XGBoost,holdout,priors_set_1,5111,1,0.3979814052581787,1
XGBoost,holdout,priors_set_1,5112,1,0.3121011257171631,1
XGBoost,holdout,priors_set_1,5114,1,0.3979814052581787,1
XGBoost,holdout,priors_set_1,5119,0,0.3979814052581787,1
XGBoost,holdout,priors_set_1,5120,0,0.5342937111854553,1
XGBoost,holdout,priors_set_1,5121,0,0.39537444710731506,1
XGBoost,holdout,priors_set_1,5122,0,0.3979814052581787,0
XGBoost,holdout,priors_set_1,5125,1,0.5870620012283325,0
XGBoost,holdout,priors_set_1,5126,0,0.44856199622154236,1
XGBoost,holdout,priors_set_1,5130,1,0.5364295244216919,1
XGBoost,holdout,priors_set_1,5139,0,0.3979814052581787,0
XGBoost,holdout,priors_set_1,5142,1,0.3825620114803314,0
XGBoost,holdout,priors_set_1,5144,0,0.5364295244216919,1
XGBoost,holdout,priors_set_1,5147,1,0.3979814052581787,0
XGBoost,holdout,priors_set_1,5150,1,0.3063056766986847,0
XGBoost,holdout,priors_set_1,5151,1,0.39537444710731506,1
XGBoost,holdout,priors_set_1,5152,0,0.3900885581970215,0
XGBoost,holdout,priors_set_1,5153,1,0.3322618007659912,0
XGBoost,holdout,priors_set_1,5154,0,0.3926832377910614,1
XGBoost,holdout,priors_set_1,5155,1,0.5364295244216919,1
XGBoost,holdout,priors_set_1,5156,0,0.3121011257171631,0
XGBoost,holdout,priors_set_1,5158,0,0.3900885581970215,0
XGBoost,holdout,priors_set_1,5162,0,0.3926832377910614,0
XGBoost,holdout,priors_set_1,5163,1,0.3979814052581787,1
XGBoost,holdout,priors_set_1,5165,1,0.5364295244216919,1
XGBoost,holdout,priors_set_1,5166,0,0.3121011257171631,0
XGBoost,holdout,priors_set_1,5167,0,0.5870620012283325,0
XGBoost,holdout,priors_set_1,5173,0,0.3979814052581787,0
XGBoost,holdout,priors_set_1,5177,0,0.5870620012283325,1
XGBoost,holdout,priors_set_1,5178,0,0.3612571060657501,1
XGBoost,holdout,priors_set_1,5189,0,0.3926832377910614,0
XGBoost,holdout,priors_set_1,5191,1,0.3979814052581787,1
XGBoost,holdout,priors_set_1,5195,0,0.3979814052581787,0
XGBoost,holdout,priors_set_1,5196,1,0.3979814052581787,1
XGBoost,holdout,priors_set_1,5198,0,0.3979814052581787,0
XGBoost,holdout,priors_set_1,5199,0,0.31143057346343994,0
XGBoost,holdout,priors_set_1,5204,0,0.3081124424934387,0
XGBoost,holdout,priors_set_1,5205,0,0.39537444710731506,1
XGBoost,holdout,priors_set_1,5206,0,0.3900885581970215,0
XGBoost,holdout,priors_set_1,5212,0,0.31143057346343994,0
XGBoost,holdout,priors_set_1,5213,0,0.3900885581970215,0
XGBoost,holdout,priors_set_1,5218,0,0.3979814052581787,0
XGBoost,holdout,priors_set_1,5219,0,0.3322618007659912,0
XGBoost,holdout,priors_set_1,5221,0,0.3979814052581787,1
XGBoost,holdout,priors_set_1,5222,1,0.3979814052581787,1
XGBoost,holdout,priors_set_1,5224,1,0.39537444710731506,1
XGBoost,holdout,priors_set_1,5227,1,0.3979814052581787,0
XGBoost,holdout,priors_set_1,5229,1,0.5870620012283325,1
XGBoost,holdout,priors_set_1,5231,1,0.3109506666660309,0
XGBoost,holdout,priors_set_1,5233,1,0.3979814052581787,1
XGBoost,holdout,priors_set_1,5235,1,0.5870620012283325,1
XGBoost,holdout,priors_set_1,5240,1,0.5870620012283325,1
XGBoost,holdout,priors_set_1,5242,0,0.5870620012283325,1
XGBoost,holdout,priors_set_1,5243,1,0.3322618007659912,0
XGBoost,holdout,priors_set_1,5246,1,0.3900885581970215,0
XGBoost,holdout,priors_set_1,5248,0,0.3926832377910614,1
XGBoost,holdout,priors_set_1,5251,0,0.5364295244216919,1
XGBoost,holdout,priors_set_1,5252,0,0.3979814052581787,1
XGBoost,holdout,priors_set_1,5253,0,0.3322618007659912,1
XGBoost,holdout,priors_set_1,5258,1,0.3979814052581787,1
XGBoost,holdout,priors_set_1,5261,0,0.3102814555168152,0
XGBoost,holdout,priors_set_1,5263,1,0.3322618007659912,0
XGBoost,holdout,priors_set_1,5267,0,0.3081124424934387,0
XGBoost,holdout,priors_set_1,5269,0,0.3979814052581787,0
XGBoost,holdout,priors_set_1,5273,0,0.3979814052581787,0
XGBoost,holdout,priors_set_1,5281,0,0.5342937111854553,0
XGBoost,holdout,priors_set_1,5285,0,0.3979814052581787,1
XGBoost,holdout,priors_set_1,5286,0,0.3900885581970215,0
XGBoost,holdout,priors_set_1,5288,1,0.3926832377910614,0
XGBoost,holdout,priors_set_1,5290,0,0.3979814052581787,1
XGBoost,holdout,priors_set_1,5300,1,0.3979814052581787,1
XGBoost,holdout,priors_set_1,5304,1,0.3979814052581787,1
XGBoost,holdout,priors_set_1,5305,0,0.39537444710731506,1
XGBoost,holdout,priors_set_1,5306,0,0.31143057346343994,1
XGBoost,holdout,priors_set_1,5309,1,0.3926832377910614,1
XGBoost,holdout,priors_set_1,5310,1,0.5870620012283325,0
XGBoost,holdout,priors_set_1,5311,0,0.5342937111854553,0
XGBoost,holdout,priors_set_1,5313,0,0.3825620114803314,0
XGBoost,holdout,priors_set_1,5315,0,0.5342937111854553,0
XGBoost,holdout,priors_set_1,5321,1,0.3979814052581787,1
XGBoost,holdout,priors_set_1,5324,1,0.5342937111854553,0
XGBoost,holdout,priors_set_1,5326,0,0.3926832377910614,1
XGBoost,holdout,priors_set_1,5328,0,0.3979814052581787,1
XGBoost,holdout,priors_set_1,5329,1,0.5364295244216919,1
XGBoost,holdout,priors_set_1,5338,0,0.3979814052581787,0
XGBoost,holdout,priors_set_1,5342,1,0.3979814052581787,1
XGBoost,holdout,priors_set_1,5343,0,0.3926832377910614,1
XGBoost,holdout,priors_set_1,5345,1,0.3979814052581787,1
XGBoost,holdout,priors_set_1,5346,0,0.3074466288089752,0
XGBoost,holdout,priors_set_1,5347,1,0.3878107964992523,1
XGBoost,holdout,priors_set_1,5351,0,0.3825620114803314,0
XGBoost,holdout,priors_set_1,5352,1,0.3979814052581787,0
XGBoost,holdout,priors_set_1,5355,0,0.3322618007659912,0
XGBoost,holdout,priors_set_1,5362,0,0.3878107964992523,0
XGBoost,holdout,priors_set_1,5363,0,0.3900885581970215,0
XGBoost,holdout,priors_set_1,5367,1,0.5364295244216919,1
XGBoost,holdout,priors_set_1,5370,0,0.3926832377910614,0
XGBoost,holdout,priors_set_1,5372,0,0.3979814052581787,1
XGBoost,holdout,priors_set_1,5375,0,0.3926832377910614,1
XGBoost,holdout,priors_set_1,5377,1,0.33107274770736694,1
XGBoost,holdout,priors_set_1,5378,1,0.44856199622154236,1
XGBoost,holdout,priors_set_1,5379,0,0.3121011257171631,0
XGBoost,holdout,priors_set_1,5383,0,0.3109506666660309,0
XGBoost,holdout,priors_set_1,5384,0,0.5342937111854553,0
XGBoost,holdout,priors_set_1,5388,1,0.5870620012283325,1
XGBoost,holdout,priors_set_1,5389,1,0.39537444710731506,1
XGBoost,holdout,priors_set_1,5396,1,0.5364295244216919,1
XGBoost,holdout,priors_set_1,5397,0,0.3121011257171631,0
XGBoost,holdout,priors_set_1,5408,0,0.39537444710731506,0
XGBoost,holdout,priors_set_1,5414,1,0.3900885581970215,1
XGBoost,holdout,priors_set_1,5416,0,0.3878107964992523,0
XGBoost,holdout,priors_set_1,5418,1,0.3322618007659912,0
XGBoost,holdout,priors_set_1,5419,1,0.3926832377910614,0
XGBoost,holdout,priors_set_1,5420,1,0.3979814052581787,0
XGBoost,holdout,priors_set_1,5427,1,0.5364295244216919,0
XGBoost,holdout,priors_set_1,5438,0,0.3926832377910614,1
XGBoost,holdout,priors_set_1,5439,0,0.3900885581970215,0
XGBoost,holdout,priors_set_1,5440,0,0.3979814052581787,1
XGBoost,holdout,priors_set_1,5454,1,0.5870620012283325,1
XGBoost,holdout,priors_set_1,5479,1,0.3926832377910614,0
XGBoost,holdout,priors_set_1,5483,0,0.3926832377910614,0
XGBoost,holdout,priors_set_1,5485,1,0.31143057346343994,0
XGBoost,holdout,priors_set_1,5486,1,0.3979814052581787,0
XGBoost,holdout,priors_set_1,5489,0,0.3926832377910614,1
XGBoost,holdout,priors_set_1,5490,0,0.3926832377910614,0
XGBoost,holdout,priors_set_1,5491,0,0.31143057346343994,0
XGBoost,holdout,priors_set_1,5493,1,0.4508412182331085,1
XGBoost,holdout,priors_set_1,5495,1,0.3979814052581787,0
XGBoost,holdout,priors_set_1,5496,0,0.31143057346343994,1
XGBoost,holdout,priors_set_1,5507,1,0.39537444710731506,0
XGBoost,holdout,priors_set_1,5509,0,0.3926832377910614,0
XGBoost,holdout,priors_set_1,5520,0,0.3322618007659912,0
XGBoost,holdout,priors_set_1,5541,1,0.3979814052581787,0
XGBoost,holdout,priors_set_1,5542,1,0.5364295244216919,1
XGBoost,holdout,priors_set_1,5543,0,0.3102814555168152,0
XGBoost,holdout,priors_set_1,5547,0,0.3979814052581787,1
XGBoost,holdout,priors_set_1,5550,1,0.3979814052581787,1
XGBoost,holdout,priors_set_1,5554,1,0.5342937111854553,1
XGBoost,holdout,priors_set_1,5560,0,0.3926832377910614,0
XGBoost,holdout,priors_set_1,5564,0,0.3926832377910614,1
XGBoost,holdout,priors_set_1,5566,1,0.3979814052581787,1
XGBoost,holdout,priors_set_1,5569,1,0.3979814052581787,1
XGBoost,holdout,priors_set_1,5571,1,0.5870620012283325,1
XGBoost,holdout,priors_set_1,5574,0,0.3081124424934387,0
XGBoost,holdout,priors_set_1,5587,1,0.33156877756118774,1
XGBoost,holdout,priors_set_1,5589,1,0.3121011257171631,1
XGBoost,holdout,priors_set_1,5590,1,0.3979814052581787,1
XGBoost,holdout,priors_set_1,5591,0,0.3109506666660309,0
XGBoost,holdout,priors_set_1,5593,1,0.5870620012283325,1
XGBoost,holdout,priors_set_1,5603,1,0.39537444710731506,0
XGBoost,holdout,priors_set_1,5606,1,0.5342937111854553,1
XGBoost,holdout,priors_set_1,5607,0,0.5870620012283325,1
XGBoost,holdout,priors_set_1,5609,1,0.3979814052581787,1
XGBoost,holdout,priors_set_1,5611,1,0.4508412182331085,1
XGBoost,holdout,priors_set_1,5612,1,0.5364295244216919,0
XGBoost,holdout,priors_set_1,5615,0,0.3979814052581787,0
XGBoost,holdout,priors_set_1,5618,1,0.5870620012283325,0
XGBoost,holdout,priors_set_1,5619,0,0.3121011257171631,0
XGBoost,holdout,priors_set_1,5620,1,0.39537444710731506,1
XGBoost,holdout,priors_set_1,5621,0,0.33107274770736694,1
XGBoost,holdout,priors_set_1,5622,1,0.3926832377910614,0
XGBoost,holdout,priors_set_1,5624,1,0.33038100600242615,0
XGBoost,holdout,priors_set_1,5629,1,0.5364295244216919,1
XGBoost,holdout,priors_set_1,5632,0,0.39537444710731506,1
XGBoost,holdout,priors_set_1,5637,0,0.3979814052581787,0
XGBoost,holdout,priors_set_1,5638,1,0.39537444710731506,1
XGBoost,holdout,priors_set_1,5640,0,0.3926832377910614,0
XGBoost,holdout,priors_set_1,5641,0,0.3322618007659912,1
XGBoost,holdout,priors_set_1,5649,1,0.39537444710731506,0
XGBoost,holdout,priors_set_1,5654,0,0.5342937111854553,0
XGBoost,holdout,priors_set_1,5656,0,0.3653736710548401,0
XGBoost,holdout,priors_set_1,5663,1,0.5870620012283325,1
XGBoost,holdout,priors_set_1,5664,1,0.3900885581970215,0
XGBoost,holdout,priors_set_1,5673,0,0.3926832377910614,0
XGBoost,holdout,priors_set_1,5679,1,0.3926832377910614,1
XGBoost,holdout,priors_set_1,5689,1,0.3926832377910614,1
XGBoost,holdout,priors_set_1,5690,1,0.3979814052581787,1
XGBoost,holdout,priors_set_1,5692,0,0.3121011257171631,0
XGBoost,holdout,priors_set_1,5693,0,0.33156877756118774,0
XGBoost,holdout,priors_set_1,5697,0,0.3926832377910614,0
XGBoost,holdout,priors_set_1,5698,1,0.3926832377910614,0
XGBoost,holdout,priors_set_1,5704,1,0.33107274770736694,1
XGBoost,holdout,priors_set_1,5711,0,0.44856199622154236,0
XGBoost,holdout,priors_set_1,5712,0,0.5870620012283325,1
XGBoost,holdout,priors_set_1,5715,1,0.5870620012283325,0
XGBoost,holdout,priors_set_1,5717,0,0.5870620012283325,0
XGBoost,holdout,priors_set_1,5720,0,0.3979814052581787,0
XGBoost,holdout,priors_set_1,5723,0,0.3979814052581787,0
XGBoost,holdout,priors_set_1,5724,0,0.31143057346343994,0
XGBoost,holdout,priors_set_1,5728,0,0.5870620012283325,1
XGBoost,holdout,priors_set_1,5732,0,0.3926832377910614,1
XGBoost,holdout,priors_set_1,5735,0,0.3979814052581787,0
XGBoost,holdout,priors_set_1,5737,0,0.3979814052581787,0
XGBoost,holdout,priors_set_1,5741,1,0.3121011257171631,0
XGBoost,holdout,priors_set_1,5744,0,0.3926832377910614,0
XGBoost,holdout,priors_set_1,5747,1,0.3799923062324524,0
XGBoost,holdout,priors_set_1,5750,1,0.3926832377910614,1
XGBoost,holdout,priors_set_1,5751,1,0.3979814052581787,0
XGBoost,holdout,priors_set_1,5756,0,0.3926832377910614,0
XGBoost,holdout,priors_set_1,5758,0,0.5870620012283325,1
XGBoost,holdout,priors_set_1,5759,0,0.5364295244216919,0
XGBoost,holdout,priors_set_1,5760,0,0.3979814052581787,0
XGBoost,holdout,priors_set_1,5761,1,0.3926832377910614,1
XGBoost,holdout,priors_set_1,5763,0,0.31143057346343994,0
XGBoost,holdout,priors_set_1,5767,1,0.5870620012283325,1
XGBoost,holdout,priors_set_1,5768,1,0.3121011257171631,0
XGBoost,holdout,priors_set_1,5769,0,0.3979814052581787,1
XGBoost,holdout,priors_set_1,5770,1,0.3322618007659912,1
XGBoost,holdout,priors_set_1,5773,1,0.3979814052581787,0
XGBoost,holdout,priors_set_1,5775,0,0.33156877756118774,0
XGBoost,holdout,priors_set_1,5779,0,0.5342937111854553,1
XGBoost,holdout,priors_set_1,5785,0,0.3109506666660309,0
XGBoost,holdout,priors_set_1,5793,0,0.5870620012283325,0
XGBoost,holdout,priors_set_1,5805,1,0.3979814052581787,1
XGBoost,holdout,priors_set_1,5807,0,0.39537444710731506,0
XGBoost,holdout,priors_set_1,5810,0,0.3102814555168152,0
XGBoost,holdout,priors_set_1,5811,0,0.3979814052581787,0
XGBoost,holdout,priors_set_1,5812,1,0.5342937111854553,1
XGBoost,holdout,priors_set_1,5814,0,0.3900885581970215,0
XGBoost,holdout,priors_set_1,5816,1,0.3979814052581787,1
XGBoost,holdout,priors_set_1,5817,0,0.5342937111854553,1
XGBoost,holdout,priors_set_1,5826,0,0.31143057346343994,0
XGBoost,holdout,priors_set_1,5829,1,0.3322618007659912,1
XGBoost,holdout,priors_set_1,5833,0,0.33156877756118774,0
XGBoost,holdout,priors_set_1,5836,0,0.3121011257171631,0
XGBoost,holdout,priors_set_1,5843,1,0.3926832377910614,0
XGBoost,holdout,priors_set_1,5844,1,0.3878107964992523,1
XGBoost,holdout,priors_set_1,5850,0,0.3979814052581787,0
XGBoost,holdout,priors_set_1,5853,1,0.3825620114803314,0
XGBoost,holdout,priors_set_1,5855,0,0.3121011257171631,0
XGBoost,holdout,priors_set_1,5857,0,0.33038100600242615,0
XGBoost,holdout,priors_set_1,5859,1,0.39537444710731506,0
XGBoost,holdout,priors_set_1,5862,0,0.3852277994155884,0
XGBoost,holdout,priors_set_1,5865,0,0.3926832377910614,0
XGBoost,holdout,priors_set_1,5866,0,0.39537444710731506,0
XGBoost,holdout,priors_set_1,5867,1,0.5870620012283325,1
XGBoost,holdout,priors_set_1,5876,0,0.3926832377910614,0
XGBoost,holdout,priors_set_1,5880,0,0.3852277994155884,1
XGBoost,holdout,priors_set_1,5885,1,0.3979814052581787,1
XGBoost,holdout,priors_set_1,5886,0,0.3979814052581787,0
XGBoost,holdout,priors_set_1,5889,0,0.3979814052581787,0
XGBoost,holdout,priors_set_1,5891,0,0.3979814052581787,0
XGBoost,holdout,priors_set_1,5892,1,0.3926832377910614,1
XGBoost,holdout,priors_set_1,5895,0,0.5364295244216919,1
XGBoost,holdout,priors_set_1,5897,1,0.3926832377910614,1
XGBoost,holdout,priors_set_1,5898,1,0.4508412182331085,0
XGBoost,holdout,priors_set_1,5901,1,0.3979814052581787,0
XGBoost,holdout,priors_set_1,5904,1,0.3979814052581787,1
XGBoost,holdout,priors_set_1,5906,1,0.39537444710731506,1
XGBoost,holdout,priors_set_1,5907,1,0.3979814052581787,1
XGBoost,holdout,priors_set_1,5908,0,0.5870620012283325,1
XGBoost,holdout,priors_set_1,5915,1,0.33156877756118774,1
XGBoost,holdout,priors_set_1,5926,1,0.3979814052581787,0
XGBoost,holdout,priors_set_1,5928,0,0.3322618007659912,0
XGBoost,holdout,priors_set_1,5936,1,0.3926832377910614,0
XGBoost,holdout,priors_set_1,5939,1,0.3979814052581787,1
XGBoost,holdout,priors_set_1,5943,1,0.3979814052581787,1
XGBoost,holdout,priors_set_1,5952,1,0.3926832377910614,1
XGBoost,holdout,priors_set_1,5956,1,0.5364295244216919,1
XGBoost,holdout,priors_set_1,5957,0,0.39537444710731506,1
XGBoost,holdout,priors_set_1,5962,1,0.3926832377910614,0
XGBoost,holdout,priors_set_1,5963,1,0.39537444710731506,0
XGBoost,holdout,priors_set_1,5966,1,0.3926832377910614,0
XGBoost,holdout,priors_set_1,5977,0,0.3926832377910614,0
XGBoost,holdout,priors_set_1,5978,1,0.3979814052581787,1
XGBoost,holdout,priors_set_1,5980,1,0.5870620012283325,1
XGBoost,holdout,priors_set_1,5984,0,0.33107274770736694,0
XGBoost,holdout,priors_set_1,5985,1,0.3979814052581787,0
XGBoost,holdout,priors_set_1,5988,0,0.3979814052581787,1
XGBoost,holdout,priors_set_1,5993,0,0.39537444710731506,0
XGBoost,holdout,priors_set_1,5996,0,0.5870620012283325,1
XGBoost,holdout,priors_set_1,6002,1,0.3322618007659912,1
XGBoost,holdout,priors_set_1,6004,0,0.3979814052581787,1
XGBoost,holdout,priors_set_1,6005,0,0.3926832377910614,1
XGBoost,holdout,priors_set_1,6007,0,0.3979814052581787,0
XGBoost,holdout,priors_set_1,6010,0,0.3612571060657501,0
XGBoost,holdout,priors_set_1,6016,1,0.39537444710731506,1
XGBoost,holdout,priors_set_1,6018,0,0.3900885581970215,0
XGBoost,holdout,priors_set_1,6023,0,0.3926832377910614,0
XGBoost,holdout,priors_set_1,6024,0,0.39537444710731506,0
XGBoost,holdout,priors_set_1,6025,0,0.3102814555168152,0
XGBoost,holdout,priors_set_1,6026,1,0.5870620012283325,1
XGBoost,holdout,priors_set_1,6028,0,0.3979814052581787,0
XGBoost,holdout,priors_set_1,6031,1,0.5364295244216919,0
XGBoost,holdout,priors_set_1,6032,1,0.5870620012283325,0
XGBoost,holdout,priors_set_1,6033,0,0.3799923062324524,0
XGBoost,holdout,priors_set_1,6037,1,0.3926832377910614,0
XGBoost,holdout,priors_set_1,6039,0,0.3121011257171631,0
XGBoost,holdout,priors_set_1,6045,0,0.3979814052581787,0
XGBoost,holdout,priors_set_1,6047,0,0.33038100600242615,1
XGBoost,holdout,priors_set_1,6054,0,0.3979814052581787,0
XGBoost,holdout,priors_set_1,6059,1,0.3322618007659912,0
XGBoost,holdout,priors_set_1,6063,1,0.3979814052581787,1
XGBoost,holdout,priors_set_1,6073,1,0.3926832377910614,0
XGBoost,holdout,priors_set_1,6074,0,0.5342937111854553,0
XGBoost,holdout,priors_set_1,6077,1,0.39537444710731506,0
XGBoost,holdout,priors_set_1,6081,0,0.39537444710731506,1
XGBoost,holdout,priors_set_1,6083,1,0.3979814052581787,0
XGBoost,holdout,priors_set_1,6084,1,0.5870620012283325,1
XGBoost,holdout,priors_set_1,6086,1,0.3322618007659912,1
XGBoost,holdout,priors_set_1,6089,1,0.3900885581970215,1
XGBoost,holdout,priors_set_1,6091,1,0.3979814052581787,0
XGBoost,holdout,priors_set_1,6098,0,0.3979814052581787,1
XGBoost,holdout,priors_set_1,6099,1,0.30697008967399597,0
XGBoost,holdout,priors_set_1,6102,0,0.3322618007659912,1
XGBoost,holdout,priors_set_1,6104,0,0.3979814052581787,0
XGBoost,holdout,priors_set_1,6106,0,0.3926832377910614,1
XGBoost,holdout,priors_set_1,6110,1,0.3979814052581787,1
XGBoost,holdout,priors_set_1,6113,1,0.3979814052581787,1
XGBoost,holdout,priors_set_1,6123,1,0.3979814052581787,1
XGBoost,holdout,priors_set_1,6124,0,0.3878107964992523,0
XGBoost,holdout,priors_set_1,6126,0,0.3926832377910614,0
XGBoost,holdout,priors_set_1,6127,1,0.3825620114803314,1
XGBoost,holdout,priors_set_1,6129,0,0.3102814555168152,0
XGBoost,holdout,priors_set_1,6130,0,0.3926832377910614,1
XGBoost,holdout,priors_set_1,6134,0,0.3926832377910614,1
XGBoost,holdout,priors_set_1,6148,0,0.3926832377910614,0
XGBoost,holdout,priors_set_1,6149,1,0.3926832377910614,0
XGBoost,holdout,priors_set_1,6150,1,0.5870620012283325,0
XGBoost,holdout,priors_set_1,6151,0,0.3979814052581787,0
XGBoost,holdout,priors_set_1,6157,0,0.3979814052581787,1
XGBoost,holdout,priors_set_1,6165,1,0.3926832377910614,0
TabPFN,holdout,priors_set_1,3,0,0.31616324186325073,0
TabPFN,holdout,priors_set_1,6,0,0.2827478349208832,0
TabPFN,holdout,priors_set_1,7,0,0.36676788330078125,0
TabPFN,holdout,priors_set_1,9,0,0.2827478349208832,0
TabPFN,holdout,priors_set_1,16,1,0.36676788330078125,0
TabPFN,holdout,priors_set_1,18,1,0.6396340727806091,1
TabPFN,holdout,priors_set_1,20,0,0.4118325412273407,0
TabPFN,holdout,priors_set_1,23,0,0.31616324186325073,0
TabPFN,holdout,priors_set_1,31,1,0.2827478349208832,1
TabPFN,holdout,priors_set_1,33,1,0.3725880980491638,1
TabPFN,holdout,priors_set_1,37,1,0.31305211782455444,0
TabPFN,holdout,priors_set_1,38,0,0.18766289949417114,0
TabPFN,holdout,priors_set_1,39,1,0.3725880980491638,1
TabPFN,holdout,priors_set_1,41,1,0.3725880980491638,1
TabPFN,holdout,priors_set_1,44,1,0.36676788330078125,0
TabPFN,holdout,priors_set_1,45,0,0.3318748474121094,0
TabPFN,holdout,priors_set_1,48,0,0.28556081652641296,1
TabPFN,holdout,priors_set_1,59,0,0.1640496701002121,0
TabPFN,holdout,priors_set_1,60,1,0.21984699368476868,0
TabPFN,holdout,priors_set_1,73,1,0.3725880980491638,1
TabPFN,holdout,priors_set_1,76,0,0.2549961507320404,0
TabPFN,holdout,priors_set_1,77,1,0.3725880980491638,1
TabPFN,holdout,priors_set_1,81,0,0.4118325412273407,1
TabPFN,holdout,priors_set_1,83,0,0.1579551100730896,0
TabPFN,holdout,priors_set_1,86,0,0.3725880980491638,0
TabPFN,holdout,priors_set_1,88,1,0.5777682065963745,1
TabPFN,holdout,priors_set_1,90,0,0.31305211782455444,1
TabPFN,holdout,priors_set_1,92,0,0.36676788330078125,0
TabPFN,holdout,priors_set_1,96,1,0.3725880980491638,1
TabPFN,holdout,priors_set_1,101,1,0.3725880980491638,1
TabPFN,holdout,priors_set_1,103,0,0.3318748474121094,0
TabPFN,holdout,priors_set_1,106,0,0.19022294878959656,1
TabPFN,holdout,priors_set_1,110,0,0.31305211782455444,0
TabPFN,holdout,priors_set_1,112,1,0.31305211782455444,0
TabPFN,holdout,priors_set_1,115,1,0.31305211782455444,0
TabPFN,holdout,priors_set_1,117,1,0.31305211782455444,0
TabPFN,holdout,priors_set_1,121,0,0.2827478349208832,0
TabPFN,holdout,priors_set_1,124,1,0.30553343892097473,1
TabPFN,holdout,priors_set_1,130,1,0.18766289949417114,0
TabPFN,holdout,priors_set_1,136,0,0.31305211782455444,0
TabPFN,holdout,priors_set_1,139,0,0.19022294878959656,0
TabPFN,holdout,priors_set_1,141,1,0.21912941336631775,0
TabPFN,holdout,priors_set_1,142,0,0.36676788330078125,1
TabPFN,holdout,priors_set_1,145,0,0.30460548400878906,1
TabPFN,holdout,priors_set_1,147,0,0.24892406165599823,0
TabPFN,holdout,priors_set_1,152,1,0.19022294878959656,0
TabPFN,holdout,priors_set_1,155,1,0.6396340727806091,1
TabPFN,holdout,priors_set_1,156,1,0.22069205343723297,1
TabPFN,holdout,priors_set_1,159,0,0.24892406165599823,0
TabPFN,holdout,priors_set_1,160,1,0.19022294878959656,0
TabPFN,holdout,priors_set_1,162,1,0.36676788330078125,0
TabPFN,holdout,priors_set_1,164,0,0.21912941336631775,0
TabPFN,holdout,priors_set_1,167,0,0.40238305926322937,0
TabPFN,holdout,priors_set_1,170,0,0.2827478349208832,0
TabPFN,holdout,priors_set_1,172,1,0.30460548400878906,1
TabPFN,holdout,priors_set_1,176,0,0.30460548400878906,1
TabPFN,holdout,priors_set_1,188,0,0.30460548400878906,1
TabPFN,holdout,priors_set_1,189,0,0.2549961507320404,1
TabPFN,holdout,priors_set_1,190,1,0.3725880980491638,1
TabPFN,holdout,priors_set_1,193,0,0.24892406165599823,1
TabPFN,holdout,priors_set_1,196,0,0.21912941336631775,0
TabPFN,holdout,priors_set_1,201,0,0.36676788330078125,1
TabPFN,holdout,priors_set_1,205,1,0.36676788330078125,1
TabPFN,holdout,priors_set_1,206,1,0.36676788330078125,0
TabPFN,holdout,priors_set_1,208,0,0.19022294878959656,0
TabPFN,holdout,priors_set_1,214,0,0.3318748474121094,0
TabPFN,holdout,priors_set_1,221,1,0.3725880980491638,1
TabPFN,holdout,priors_set_1,222,0,0.37539756298065186,0
TabPFN,holdout,priors_set_1,224,0,0.30460548400878906,0
TabPFN,holdout,priors_set_1,226,0,0.5549285411834717,1
TabPFN,holdout,priors_set_1,228,1,0.4683113396167755,0
TabPFN,holdout,priors_set_1,229,0,0.18766289949417114,0
TabPFN,holdout,priors_set_1,230,0,0.36676788330078125,1
TabPFN,holdout,priors_set_1,233,1,0.58931565284729,1
TabPFN,holdout,priors_set_1,235,0,0.2549961507320404,0
TabPFN,holdout,priors_set_1,239,0,0.36676788330078125,0
TabPFN,holdout,priors_set_1,242,1,0.58931565284729,1
TabPFN,holdout,priors_set_1,243,1,0.30553343892097473,1
TabPFN,holdout,priors_set_1,245,0,0.31305211782455444,0
TabPFN,holdout,priors_set_1,247,1,0.5777682065963745,1
TabPFN,holdout,priors_set_1,249,1,0.3725880980491638,0
TabPFN,holdout,priors_set_1,250,0,0.6166301965713501,0
TabPFN,holdout,priors_set_1,254,0,0.21912941336631775,0
TabPFN,holdout,priors_set_1,255,0,0.36676788330078125,0
TabPFN,holdout,priors_set_1,258,0,0.5549285411834717,0
TabPFN,holdout,priors_set_1,260,1,0.31305211782455444,0
TabPFN,holdout,priors_set_1,263,1,0.6166301965713501,1
TabPFN,holdout,priors_set_1,266,0,0.1579551100730896,0
TabPFN,holdout,priors_set_1,267,0,0.19022294878959656,0
TabPFN,holdout,priors_set_1,277,0,0.3749726712703705,0
TabPFN,holdout,priors_set_1,279,1,0.4683113396167755,1
TabPFN,holdout,priors_set_1,281,0,0.6396340727806091,0
TabPFN,holdout,priors_set_1,286,1,0.3725880980491638,1
TabPFN,holdout,priors_set_1,291,0,0.28556081652641296,1
TabPFN,holdout,priors_set_1,292,0,0.31616324186325073,0
TabPFN,holdout,priors_set_1,298,1,0.4683113396167755,1
TabPFN,holdout,priors_set_1,300,0,0.30553343892097473,0
TabPFN,holdout,priors_set_1,301,0,0.1579551100730896,0
TabPFN,holdout,priors_set_1,302,1,0.6396340727806091,1
TabPFN,holdout,priors_set_1,306,0,0.6396340727806091,0
TabPFN,holdout,priors_set_1,322,0,0.3725880980491638,1
TabPFN,holdout,priors_set_1,325,1,0.21912941336631775,1
TabPFN,holdout,priors_set_1,331,1,0.3725880980491638,1
TabPFN,holdout,priors_set_1,333,1,0.58931565284729,1
TabPFN,holdout,priors_set_1,334,0,0.36676788330078125,0
TabPFN,holdout,priors_set_1,342,0,0.19022294878959656,0
TabPFN,holdout,priors_set_1,346,0,0.4891279339790344,0
TabPFN,holdout,priors_set_1,347,0,0.5777682065963745,0
TabPFN,holdout,priors_set_1,350,1,0.5777682065963745,1
TabPFN,holdout,priors_set_1,351,1,0.3725880980491638,1
TabPFN,holdout,priors_set_1,354,1,0.31305211782455444,1
TabPFN,holdout,priors_set_1,355,1,0.22069205343723297,1
TabPFN,holdout,priors_set_1,356,0,0.6396340727806091,1
TabPFN,holdout,priors_set_1,359,1,0.24892406165599823,1
TabPFN,holdout,priors_set_1,363,0,0.36676788330078125,0
TabPFN,holdout,priors_set_1,365,1,0.4683113396167755,1
TabPFN,holdout,priors_set_1,368,0,0.4118325412273407,1
TabPFN,holdout,priors_set_1,369,0,0.31305211782455444,0
TabPFN,holdout,priors_set_1,372,1,0.58931565284729,0
TabPFN,holdout,priors_set_1,373,0,0.21912941336631775,0
TabPFN,holdout,priors_set_1,375,0,0.30553343892097473,0
TabPFN,holdout,priors_set_1,377,0,0.5051597356796265,0
TabPFN,holdout,priors_set_1,381,1,0.30553343892097473,1
TabPFN,holdout,priors_set_1,382,1,0.30553343892097473,1
TabPFN,holdout,priors_set_1,387,1,0.3725880980491638,1
TabPFN,holdout,priors_set_1,393,1,0.3725880980491638,1
TabPFN,holdout,priors_set_1,399,1,0.6396340727806091,1
TabPFN,holdout,priors_set_1,403,0,0.21912941336631775,0
TabPFN,holdout,priors_set_1,404,1,0.36676788330078125,1
TabPFN,holdout,priors_set_1,412,1,0.5051597356796265,1
TabPFN,holdout,priors_set_1,417,0,0.22069205343723297,0
TabPFN,holdout,priors_set_1,418,1,0.3725880980491638,0
TabPFN,holdout,priors_set_1,419,0,0.1579551100730896,0
TabPFN,holdout,priors_set_1,420,0,0.3725880980491638,1
TabPFN,holdout,priors_set_1,424,1,0.24892406165599823,1
TabPFN,holdout,priors_set_1,426,0,0.19022294878959656,0
TabPFN,holdout,priors_set_1,430,0,0.2549961507320404,0
TabPFN,holdout,priors_set_1,432,0,0.28556081652641296,0
TabPFN,holdout,priors_set_1,433,0,0.31616324186325073,0
TabPFN,holdout,priors_set_1,440,1,0.21912941336631775,1
TabPFN,holdout,priors_set_1,442,1,0.6396340727806091,0
TabPFN,holdout,priors_set_1,444,0,0.5777682065963745,0
TabPFN,holdout,priors_set_1,445,0,0.5051597356796265,1
TabPFN,holdout,priors_set_1,450,1,0.36676788330078125,0
TabPFN,holdout,priors_set_1,452,0,0.37539756298065186,0
TabPFN,holdout,priors_set_1,455,0,0.3725880980491638,1
TabPFN,holdout,priors_set_1,456,1,0.3725880980491638,1
TabPFN,holdout,priors_set_1,459,0,0.19022294878959656,0
TabPFN,holdout,priors_set_1,461,1,0.28556081652641296,0
TabPFN,holdout,priors_set_1,462,1,0.21912941336631775,1
TabPFN,holdout,priors_set_1,466,0,0.24892406165599823,1
TabPFN,holdout,priors_set_1,468,0,0.2077944427728653,0
TabPFN,holdout,priors_set_1,470,1,0.6396340727806091,1
TabPFN,holdout,priors_set_1,472,1,0.6396340727806091,1
TabPFN,holdout,priors_set_1,477,0,0.2549961507320404,0
TabPFN,holdout,priors_set_1,480,0,0.36676788330078125,0
TabPFN,holdout,priors_set_1,482,1,0.30553343892097473,0
TabPFN,holdout,priors_set_1,483,0,0.31305211782455444,0
TabPFN,holdout,priors_set_1,487,0,0.33732303977012634,1
TabPFN,holdout,priors_set_1,488,0,0.2549961507320404,0
TabPFN,holdout,priors_set_1,490,1,0.1579551100730896,0
TabPFN,holdout,priors_set_1,497,1,0.31616324186325073,1
TabPFN,holdout,priors_set_1,506,0,0.6396340727806091,0
TabPFN,holdout,priors_set_1,507,1,0.30553343892097473,1
TabPFN,holdout,priors_set_1,515,0,0.1579551100730896,0
TabPFN,holdout,priors_set_1,519,1,0.6396340727806091,1
TabPFN,holdout,priors_set_1,522,1,0.31305211782455444,0
TabPFN,holdout,priors_set_1,531,0,0.28556081652641296,0
TabPFN,holdout,priors_set_1,538,1,0.3725880980491638,1
TabPFN,holdout,priors_set_1,542,1,0.1579551100730896,0
TabPFN,holdout,priors_set_1,547,0,0.30460548400878906,1
TabPFN,holdout,priors_set_1,548,0,0.18501895666122437,1
TabPFN,holdout,priors_set_1,558,1,0.4891279339790344,1
TabPFN,holdout,priors_set_1,566,1,0.31616324186325073,1
TabPFN,holdout,priors_set_1,571,1,0.30553343892097473,1
TabPFN,holdout,priors_set_1,578,0,0.3725880980491638,0
TabPFN,holdout,priors_set_1,579,1,0.39826124906539917,1
TabPFN,holdout,priors_set_1,582,0,0.30553343892097473,1
TabPFN,holdout,priors_set_1,584,0,0.21912941336631775,0
TabPFN,holdout,priors_set_1,587,1,0.24892406165599823,1
TabPFN,holdout,priors_set_1,600,0,0.18501895666122437,1
TabPFN,holdout,priors_set_1,601,1,0.6396340727806091,1
TabPFN,holdout,priors_set_1,602,1,0.24892406165599823,1
TabPFN,holdout,priors_set_1,606,0,0.21912941336631775,0
TabPFN,holdout,priors_set_1,607,1,0.31305211782455444,0
TabPFN,holdout,priors_set_1,609,0,0.5051597356796265,0
TabPFN,holdout,priors_set_1,610,1,0.36676788330078125,0
TabPFN,holdout,priors_set_1,611,0,0.19022294878959656,0
TabPFN,holdout,priors_set_1,612,0,0.5777682065963745,0
TabPFN,holdout,priors_set_1,617,1,0.24892406165599823,0
TabPFN,holdout,priors_set_1,618,1,0.30460548400878906,1
TabPFN,holdout,priors_set_1,620,1,0.6396340727806091,1
TabPFN,holdout,priors_set_1,637,1,0.6396340727806091,1
TabPFN,holdout,priors_set_1,645,0,0.4683113396167755,0
TabPFN,holdout,priors_set_1,646,0,0.37943804264068604,1
TabPFN,holdout,priors_set_1,648,0,0.4683113396167755,1
TabPFN,holdout,priors_set_1,649,1,0.3725880980491638,1
TabPFN,holdout,priors_set_1,656,0,0.30553343892097473,0
TabPFN,holdout,priors_set_1,663,1,0.5777682065963745,1
TabPFN,holdout,priors_set_1,665,0,0.24892406165599823,1
TabPFN,holdout,priors_set_1,668,0,0.30460548400878906,1
TabPFN,holdout,priors_set_1,669,0,0.31305211782455444,0
TabPFN,holdout,priors_set_1,674,0,0.43210843205451965,0
TabPFN,holdout,priors_set_1,677,0,0.5777682065963745,0
TabPFN,holdout,priors_set_1,679,0,0.2549961507320404,0
TabPFN,holdout,priors_set_1,682,1,0.3725880980491638,0
TabPFN,holdout,priors_set_1,685,0,0.31616324186325073,1
TabPFN,holdout,priors_set_1,692,0,0.30553343892097473,1
TabPFN,holdout,priors_set_1,694,1,0.30553343892097473,1
TabPFN,holdout,priors_set_1,695,0,0.3725880980491638,1
TabPFN,holdout,priors_set_1,696,1,0.31305211782455444,0
TabPFN,holdout,priors_set_1,699,0,0.21912941336631775,0
TabPFN,holdout,priors_set_1,701,0,0.4683113396167755,0
TabPFN,holdout,priors_set_1,703,1,0.3725880980491638,1
TabPFN,holdout,priors_set_1,706,0,0.3725880980491638,1
TabPFN,holdout,priors_set_1,708,1,0.24892406165599823,1
TabPFN,holdout,priors_set_1,710,1,0.22069205343723297,1
TabPFN,holdout,priors_set_1,713,0,0.30553343892097473,0
TabPFN,holdout,priors_set_1,714,0,0.19022294878959656,0
TabPFN,holdout,priors_set_1,718,0,0.37539756298065186,0
TabPFN,holdout,priors_set_1,719,0,0.21912941336631775,0
TabPFN,holdout,priors_set_1,729,0,0.36676788330078125,0
TabPFN,holdout,priors_set_1,730,0,0.21912941336631775,0
TabPFN,holdout,priors_set_1,733,1,0.6396340727806091,0
TabPFN,holdout,priors_set_1,737,1,0.3725880980491638,1
TabPFN,holdout,priors_set_1,740,1,0.3725880980491638,1
TabPFN,holdout,priors_set_1,743,0,0.36676788330078125,0
TabPFN,holdout,priors_set_1,751,0,0.3725880980491638,0
TabPFN,holdout,priors_set_1,752,0,0.21912941336631775,0
TabPFN,holdout,priors_set_1,761,1,0.3725880980491638,1
TabPFN,holdout,priors_set_1,767,1,0.3725880980491638,0
TabPFN,holdout,priors_set_1,782,1,0.30553343892097473,0
TabPFN,holdout,priors_set_1,787,0,0.22069205343723297,1
TabPFN,holdout,priors_set_1,790,1,0.30553343892097473,1
TabPFN,holdout,priors_set_1,791,0,0.3725880980491638,0
TabPFN,holdout,priors_set_1,797,1,0.3725880980491638,1
TabPFN,holdout,priors_set_1,799,1,0.3725880980491638,1
TabPFN,holdout,priors_set_1,803,1,0.30553343892097473,0
TabPFN,holdout,priors_set_1,805,0,0.34255701303482056,1
TabPFN,holdout,priors_set_1,808,1,0.24892406165599823,1
TabPFN,holdout,priors_set_1,810,0,0.36676788330078125,0
TabPFN,holdout,priors_set_1,813,1,0.3389073610305786,1
TabPFN,holdout,priors_set_1,816,0,0.5051597356796265,0
TabPFN,holdout,priors_set_1,817,1,0.3749726712703705,1
TabPFN,holdout,priors_set_1,820,1,0.30553343892097473,1
TabPFN,holdout,priors_set_1,822,1,0.22069205343723297,1
TabPFN,holdout,priors_set_1,823,1,0.5051597356796265,1
TabPFN,holdout,priors_set_1,827,0,0.3725880980491638,0
TabPFN,holdout,priors_set_1,833,1,0.30553343892097473,0
TabPFN,holdout,priors_set_1,834,0,0.30460548400878906,0
TabPFN,holdout,priors_set_1,846,0,0.5777682065963745,1
TabPFN,holdout,priors_set_1,847,0,0.58931565284729,1
TabPFN,holdout,priors_set_1,849,0,0.18970462679862976,0
TabPFN,holdout,priors_set_1,851,0,0.18970462679862976,0
TabPFN,holdout,priors_set_1,855,0,0.36676788330078125,0
TabPFN,holdout,priors_set_1,856,0,0.3725880980491638,1
TabPFN,holdout,priors_set_1,857,0,0.3725880980491638,1
TabPFN,holdout,priors_set_1,859,1,0.30553343892097473,1
TabPFN,holdout,priors_set_1,867,1,0.21984699368476868,0
TabPFN,holdout,priors_set_1,872,1,0.2549961507320404,1
TabPFN,holdout,priors_set_1,874,0,0.3725880980491638,0
TabPFN,holdout,priors_set_1,879,0,0.19022294878959656,0
TabPFN,holdout,priors_set_1,880,0,0.37539756298065186,0
TabPFN,holdout,priors_set_1,882,1,0.30553343892097473,1
TabPFN,holdout,priors_set_1,888,0,0.3725880980491638,0
TabPFN,holdout,priors_set_1,890,1,0.31305211782455444,0
TabPFN,holdout,priors_set_1,892,1,0.30553343892097473,1
TabPFN,holdout,priors_set_1,894,0,0.30460548400878906,1
TabPFN,holdout,priors_set_1,895,1,0.30460548400878906,1
TabPFN,holdout,priors_set_1,899,0,0.34255701303482056,0
TabPFN,holdout,priors_set_1,902,0,0.24892406165599823,0
TabPFN,holdout,priors_set_1,906,1,0.3725880980491638,0
TabPFN,holdout,priors_set_1,907,0,0.3725880980491638,1
TabPFN,holdout,priors_set_1,910,1,0.3725880980491638,1
TabPFN,holdout,priors_set_1,916,0,0.31305211782455444,1
TabPFN,holdout,priors_set_1,918,1,0.4683113396167755,1
TabPFN,holdout,priors_set_1,919,0,0.18970462679862976,0
TabPFN,holdout,priors_set_1,923,0,0.31305211782455444,1
TabPFN,holdout,priors_set_1,926,0,0.3725880980491638,0
TabPFN,holdout,priors_set_1,933,1,0.6396340727806091,1
TabPFN,holdout,priors_set_1,936,0,0.24892406165599823,0
TabPFN,holdout,priors_set_1,937,0,0.36676788330078125,0
TabPFN,holdout,priors_set_1,938,0,0.4118325412273407,1
TabPFN,holdout,priors_set_1,939,1,0.5549285411834717,1
TabPFN,holdout,priors_set_1,950,0,0.6396340727806091,0
TabPFN,holdout,priors_set_1,951,1,0.30553343892097473,1
TabPFN,holdout,priors_set_1,959,1,0.30553343892097473,0
TabPFN,holdout,priors_set_1,961,0,0.1579551100730896,1
TabPFN,holdout,priors_set_1,962,0,0.31305211782455444,0
TabPFN,holdout,priors_set_1,964,0,0.30460548400878906,1
TabPFN,holdout,priors_set_1,967,0,0.1579551100730896,0
TabPFN,holdout,priors_set_1,968,1,0.5777682065963745,0
TabPFN,holdout,priors_set_1,969,0,0.18501895666122437,1
TabPFN,holdout,priors_set_1,975,0,0.24892406165599823,0
TabPFN,holdout,priors_set_1,977,1,0.5549285411834717,0
TabPFN,holdout,priors_set_1,982,0,0.5549285411834717,0
TabPFN,holdout,priors_set_1,986,1,0.3725880980491638,1
TabPFN,holdout,priors_set_1,994,0,0.31305211782455444,0
TabPFN,holdout,priors_set_1,995,1,0.3725880980491638,1
TabPFN,holdout,priors_set_1,998,0,0.28556081652641296,0
TabPFN,holdout,priors_set_1,1003,0,0.24892406165599823,0
TabPFN,holdout,priors_set_1,1004,0,0.2827478349208832,0
TabPFN,holdout,priors_set_1,1008,1,0.58931565284729,1
TabPFN,holdout,priors_set_1,1013,1,0.21912941336631775,1
TabPFN,holdout,priors_set_1,1014,0,0.30460548400878906,0
TabPFN,holdout,priors_set_1,1023,1,0.5777682065963745,1
TabPFN,holdout,priors_set_1,1024,1,0.3725880980491638,1
TabPFN,holdout,priors_set_1,1025,1,0.30553343892097473,0
TabPFN,holdout,priors_set_1,1027,0,0.30553343892097473,0
TabPFN,holdout,priors_set_1,1030,0,0.58931565284729,1
TabPFN,holdout,priors_set_1,1034,0,0.30553343892097473,0
TabPFN,holdout,priors_set_1,1036,1,0.58931565284729,1
TabPFN,holdout,priors_set_1,1042,0,0.30553343892097473,1
TabPFN,holdout,priors_set_1,1043,1,0.30553343892097473,0
TabPFN,holdout,priors_set_1,1049,1,0.34255701303482056,0
TabPFN,holdout,priors_set_1,1053,1,0.6396340727806091,0
TabPFN,holdout,priors_set_1,1056,1,0.21912941336631775,0
TabPFN,holdout,priors_set_1,1060,0,0.21912941336631775,0
TabPFN,holdout,priors_set_1,1070,0,0.31305211782455444,0
TabPFN,holdout,priors_set_1,1072,1,0.5777682065963745,0
TabPFN,holdout,priors_set_1,1074,0,0.31305211782455444,0
TabPFN,holdout,priors_set_1,1078,0,0.21984699368476868,1
TabPFN,holdout,priors_set_1,1080,0,0.58931565284729,1
TabPFN,holdout,priors_set_1,1084,1,0.28556081652641296,0
TabPFN,holdout,priors_set_1,1086,1,0.36676788330078125,1
TabPFN,holdout,priors_set_1,1093,0,0.3725880980491638,0
TabPFN,holdout,priors_set_1,1101,1,0.31305211782455444,1
TabPFN,holdout,priors_set_1,1104,0,0.19022294878959656,1
TabPFN,holdout,priors_set_1,1106,1,0.30553343892097473,0
TabPFN,holdout,priors_set_1,1107,0,0.30553343892097473,0
TabPFN,holdout,priors_set_1,1108,0,0.31305211782455444,0
TabPFN,holdout,priors_set_1,1109,0,0.28556081652641296,1
TabPFN,holdout,priors_set_1,1111,0,0.18501895666122437,1
TabPFN,holdout,priors_set_1,1120,0,0.18766289949417114,0
TabPFN,holdout,priors_set_1,1122,0,0.3389073610305786,0
TabPFN,holdout,priors_set_1,1124,1,0.36676788330078125,1
TabPFN,holdout,priors_set_1,1127,0,0.36676788330078125,0
TabPFN,holdout,priors_set_1,1128,0,0.6396340727806091,1
TabPFN,holdout,priors_set_1,1129,0,0.3725880980491638,0
TabPFN,holdout,priors_set_1,1130,1,0.3725880980491638,1
TabPFN,holdout,priors_set_1,1131,1,0.6396340727806091,1
TabPFN,holdout,priors_set_1,1132,0,0.33732303977012634,0
TabPFN,holdout,priors_set_1,1136,1,0.24892406165599823,1
TabPFN,holdout,priors_set_1,1138,0,0.36676788330078125,0
TabPFN,holdout,priors_set_1,1139,0,0.6396340727806091,0
TabPFN,holdout,priors_set_1,1141,1,0.30553343892097473,1
TabPFN,holdout,priors_set_1,1142,0,0.20619505643844604,0
TabPFN,holdout,priors_set_1,1144,1,0.3725880980491638,1
TabPFN,holdout,priors_set_1,1146,1,0.36676788330078125,1
TabPFN,holdout,priors_set_1,1150,0,0.3725880980491638,0
TabPFN,holdout,priors_set_1,1151,0,0.40238305926322937,0
TabPFN,holdout,priors_set_1,1154,0,0.21912941336631775,0
TabPFN,holdout,priors_set_1,1157,0,0.30460548400878906,0
TabPFN,holdout,priors_set_1,1158,0,0.31305211782455444,0
TabPFN,holdout,priors_set_1,1159,1,0.36676788330078125,0
TabPFN,holdout,priors_set_1,1165,0,0.6396340727806091,1
TabPFN,holdout,priors_set_1,1169,0,0.3725880980491638,1
TabPFN,holdout,priors_set_1,1170,0,0.30460548400878906,0
TabPFN,holdout,priors_set_1,1179,0,0.58931565284729,1
TabPFN,holdout,priors_set_1,1180,1,0.3725880980491638,1
TabPFN,holdout,priors_set_1,1184,0,0.3725880980491638,0
TabPFN,holdout,priors_set_1,1185,1,0.30460548400878906,1
TabPFN,holdout,priors_set_1,1190,1,0.6396340727806091,1
TabPFN,holdout,priors_set_1,1191,0,0.6166301965713501,1
TabPFN,holdout,priors_set_1,1192,1,0.21912941336631775,1
TabPFN,holdout,priors_set_1,1193,1,0.40238305926322937,0
TabPFN,holdout,priors_set_1,1199,1,0.30460548400878906,1
TabPFN,holdout,priors_set_1,1201,0,0.36676788330078125,0
TabPFN,holdout,priors_set_1,1203,0,0.6396340727806091,1
TabPFN,holdout,priors_set_1,1204,1,0.31305211782455444,0
TabPFN,holdout,priors_set_1,1206,0,0.22069205343723297,0
TabPFN,holdout,priors_set_1,1207,1,0.37539756298065186,0
TabPFN,holdout,priors_set_1,1209,1,0.30460548400878906,1
TabPFN,holdout,priors_set_1,1218,0,0.21912941336631775,0
TabPFN,holdout,priors_set_1,1219,0,0.18501895666122437,0
TabPFN,holdout,priors_set_1,1224,1,0.33732303977012634,0
TabPFN,holdout,priors_set_1,1237,1,0.58931565284729,1
TabPFN,holdout,priors_set_1,1238,1,0.5777682065963745,1
TabPFN,holdout,priors_set_1,1239,0,0.21984699368476868,0
TabPFN,holdout,priors_set_1,1240,0,0.36676788330078125,1
TabPFN,holdout,priors_set_1,1241,1,0.3725880980491638,0
TabPFN,holdout,priors_set_1,1245,0,0.18501895666122437,1
TabPFN,holdout,priors_set_1,1246,0,0.6396340727806091,1
TabPFN,holdout,priors_set_1,1254,0,0.18766289949417114,0
TabPFN,holdout,priors_set_1,1255,1,0.58931565284729,0
TabPFN,holdout,priors_set_1,1256,0,0.4246848225593567,0
TabPFN,holdout,priors_set_1,1260,1,0.31305211782455444,1
TabPFN,holdout,priors_set_1,1264,1,0.30553343892097473,1
TabPFN,holdout,priors_set_1,1265,0,0.31305211782455444,0
TabPFN,holdout,priors_set_1,1271,0,0.19022294878959656,0
TabPFN,holdout,priors_set_1,1272,0,0.36676788330078125,0
TabPFN,holdout,priors_set_1,1277,1,0.21912941336631775,1
TabPFN,holdout,priors_set_1,1282,0,0.3725880980491638,0
TabPFN,holdout,priors_set_1,1283,1,0.37539756298065186,0
TabPFN,holdout,priors_set_1,1284,0,0.19022294878959656,0
TabPFN,holdout,priors_set_1,1285,1,0.3725880980491638,1
TabPFN,holdout,priors_set_1,1289,0,0.3725880980491638,1
TabPFN,holdout,priors_set_1,1295,0,0.21912941336631775,0
TabPFN,holdout,priors_set_1,1296,1,0.33732303977012634,0
TabPFN,holdout,priors_set_1,1297,1,0.3725880980491638,1
TabPFN,holdout,priors_set_1,1303,0,0.24892406165599823,1
TabPFN,holdout,priors_set_1,1315,0,0.31305211782455444,0
TabPFN,holdout,priors_set_1,1316,0,0.24892406165599823,1
TabPFN,holdout,priors_set_1,1320,1,0.24892406165599823,1
TabPFN,holdout,priors_set_1,1322,1,0.4683113396167755,1
TabPFN,holdout,priors_set_1,1323,1,0.30553343892097473,0
TabPFN,holdout,priors_set_1,1324,1,0.5777682065963745,1
TabPFN,holdout,priors_set_1,1332,0,0.18501895666122437,0
TabPFN,holdout,priors_set_1,1337,0,0.4683113396167755,0
TabPFN,holdout,priors_set_1,1341,0,0.24369870126247406,0
TabPFN,holdout,priors_set_1,1347,0,0.3725880980491638,0
TabPFN,holdout,priors_set_1,1352,0,0.4118325412273407,0
TabPFN,holdout,priors_set_1,1354,0,0.17279084026813507,0
TabPFN,holdout,priors_set_1,1355,0,0.37539756298065186,0
TabPFN,holdout,priors_set_1,1360,1,0.5777682065963745,0
TabPFN,holdout,priors_set_1,1361,1,0.6396340727806091,1
TabPFN,holdout,priors_set_1,1362,0,0.19022294878959656,0
TabPFN,holdout,priors_set_1,1366,0,0.31616324186325073,0
TabPFN,holdout,priors_set_1,1367,0,0.3725880980491638,1
TabPFN,holdout,priors_set_1,1371,0,0.3725880980491638,1
TabPFN,holdout,priors_set_1,1375,1,0.36676788330078125,1
TabPFN,holdout,priors_set_1,1376,0,0.3725880980491638,0
TabPFN,holdout,priors_set_1,1381,0,0.30460548400878906,0
TabPFN,holdout,priors_set_1,1383,1,0.3725880980491638,1
TabPFN,holdout,priors_set_1,1384,1,0.1579551100730896,0
TabPFN,holdout,priors_set_1,1391,0,0.19022294878959656,0
TabPFN,holdout,priors_set_1,1396,1,0.5051597356796265,0
TabPFN,holdout,priors_set_1,1405,1,0.3725880980491638,1
TabPFN,holdout,priors_set_1,1406,0,0.4683113396167755,1
TabPFN,holdout,priors_set_1,1410,0,0.19022294878959656,0
TabPFN,holdout,priors_set_1,1411,1,0.30553343892097473,0
TabPFN,holdout,priors_set_1,1413,0,0.30553343892097473,1
TabPFN,holdout,priors_set_1,1414,1,0.5051597356796265,1
TabPFN,holdout,priors_set_1,1415,1,0.21912941336631775,0
TabPFN,holdout,priors_set_1,1416,0,0.22069205343723297,1
TabPFN,holdout,priors_set_1,1422,1,0.36676788330078125,1
TabPFN,holdout,priors_set_1,1425,0,0.22069205343723297,0
TabPFN,holdout,priors_set_1,1440,1,0.34255701303482056,1
TabPFN,holdout,priors_set_1,1442,1,0.23593656718730927,0
TabPFN,holdout,priors_set_1,1445,0,0.34255701303482056,0
TabPFN,holdout,priors_set_1,1446,0,0.6396340727806091,1
TabPFN,holdout,priors_set_1,1450,1,0.58931565284729,1
TabPFN,holdout,priors_set_1,1451,1,0.31305211782455444,0
TabPFN,holdout,priors_set_1,1457,0,0.3725880980491638,1
TabPFN,holdout,priors_set_1,1460,0,0.3725880980491638,1
TabPFN,holdout,priors_set_1,1463,0,0.21912941336631775,0
TabPFN,holdout,priors_set_1,1465,0,0.24892406165599823,0
TabPFN,holdout,priors_set_1,1471,0,0.3725880980491638,0
TabPFN,holdout,priors_set_1,1474,0,0.21912941336631775,0
TabPFN,holdout,priors_set_1,1479,0,0.30553343892097473,0
TabPFN,holdout,priors_set_1,1489,0,0.21912941336631775,0
TabPFN,holdout,priors_set_1,1491,1,0.3725880980491638,1
TabPFN,holdout,priors_set_1,1494,1,0.3725880980491638,1
TabPFN,holdout,priors_set_1,1496,0,0.6396340727806091,0
TabPFN,holdout,priors_set_1,1498,0,0.5777682065963745,1
TabPFN,holdout,priors_set_1,1499,0,0.58931565284729,0
TabPFN,holdout,priors_set_1,1500,0,0.2827478349208832,0
TabPFN,holdout,priors_set_1,1501,0,0.3725880980491638,1
TabPFN,holdout,priors_set_1,1507,1,0.3725880980491638,0
TabPFN,holdout,priors_set_1,1508,0,0.2549961507320404,0
TabPFN,holdout,priors_set_1,1509,1,0.18501895666122437,0
TabPFN,holdout,priors_set_1,1513,1,0.18501895666122437,0
TabPFN,holdout,priors_set_1,1514,0,0.6396340727806091,0
TabPFN,holdout,priors_set_1,1524,0,0.28556081652641296,0
TabPFN,holdout,priors_set_1,1525,1,0.37539756298065186,1
TabPFN,holdout,priors_set_1,1528,1,0.21912941336631775,0
TabPFN,holdout,priors_set_1,1529,0,0.3253965377807617,0
TabPFN,holdout,priors_set_1,1531,1,0.24892406165599823,1
TabPFN,holdout,priors_set_1,1532,1,0.3725880980491638,1
TabPFN,holdout,priors_set_1,1533,1,0.3725880980491638,1
TabPFN,holdout,priors_set_1,1534,0,0.31616324186325073,0
TabPFN,holdout,priors_set_1,1539,0,0.3725880980491638,1
TabPFN,holdout,priors_set_1,1540,0,0.18499508500099182,0
TabPFN,holdout,priors_set_1,1541,0,0.19022294878959656,1
TabPFN,holdout,priors_set_1,1544,0,0.3725880980491638,0
TabPFN,holdout,priors_set_1,1546,0,0.3725880980491638,1
TabPFN,holdout,priors_set_1,1547,1,0.6396340727806091,1
TabPFN,holdout,priors_set_1,1549,0,0.2549961507320404,0
TabPFN,holdout,priors_set_1,1550,1,0.3725880980491638,1
TabPFN,holdout,priors_set_1,1551,1,0.19022294878959656,0
TabPFN,holdout,priors_set_1,1554,1,0.58931565284729,1
TabPFN,holdout,priors_set_1,1555,1,0.1640496701002121,1
TabPFN,holdout,priors_set_1,1566,0,0.3725880980491638,1
TabPFN,holdout,priors_set_1,1568,1,0.30553343892097473,0
TabPFN,holdout,priors_set_1,1569,0,0.58931565284729,1
TabPFN,holdout,priors_set_1,1570,0,0.31305211782455444,0
TabPFN,holdout,priors_set_1,1571,1,0.30553343892097473,0
TabPFN,holdout,priors_set_1,1577,0,0.19022294878959656,0
TabPFN,holdout,priors_set_1,1580,1,0.5777682065963745,0
TabPFN,holdout,priors_set_1,1581,1,0.40238305926322937,1
TabPFN,holdout,priors_set_1,1582,0,0.33732303977012634,0
TabPFN,holdout,priors_set_1,1587,1,0.6396340727806091,0
TabPFN,holdout,priors_set_1,1590,1,0.21912941336631775,1
TabPFN,holdout,priors_set_1,1591,1,0.36676788330078125,0
TabPFN,holdout,priors_set_1,1599,1,0.36676788330078125,1
TabPFN,holdout,priors_set_1,1601,1,0.3725880980491638,1
TabPFN,holdout,priors_set_1,1603,1,0.3725880980491638,0
TabPFN,holdout,priors_set_1,1607,1,0.58931565284729,1
TabPFN,holdout,priors_set_1,1608,1,0.6396340727806091,1
TabPFN,holdout,priors_set_1,1614,1,0.3725880980491638,1
TabPFN,holdout,priors_set_1,1615,1,0.3725880980491638,1
TabPFN,holdout,priors_set_1,1621,1,0.36676788330078125,1
TabPFN,holdout,priors_set_1,1622,0,0.2827478349208832,0
TabPFN,holdout,priors_set_1,1623,0,0.58931565284729,1
TabPFN,holdout,priors_set_1,1625,0,0.31305211782455444,0
TabPFN,holdout,priors_set_1,1630,0,0.3725880980491638,1
TabPFN,holdout,priors_set_1,1635,0,0.18970462679862976,0
TabPFN,holdout,priors_set_1,1637,1,0.3725880980491638,1
TabPFN,holdout,priors_set_1,1645,0,0.19022294878959656,0
TabPFN,holdout,priors_set_1,1658,1,0.3725880980491638,1
TabPFN,holdout,priors_set_1,1660,0,0.36676788330078125,0
TabPFN,holdout,priors_set_1,1661,1,0.5777682065963745,0
TabPFN,holdout,priors_set_1,1672,0,0.22069205343723297,0
TabPFN,holdout,priors_set_1,1673,1,0.21912941336631775,0
TabPFN,holdout,priors_set_1,1674,0,0.21912941336631775,0
TabPFN,holdout,priors_set_1,1675,0,0.19022294878959656,0
TabPFN,holdout,priors_set_1,1676,1,0.24892406165599823,0
TabPFN,holdout,priors_set_1,1677,0,0.30460548400878906,0
TabPFN,holdout,priors_set_1,1679,0,0.6166301965713501,0
TabPFN,holdout,priors_set_1,1682,0,0.3725880980491638,0
TabPFN,holdout,priors_set_1,1684,0,0.6396340727806091,1
TabPFN,holdout,priors_set_1,1687,1,0.19022294878959656,0
TabPFN,holdout,priors_set_1,1699,0,0.2549961507320404,0
TabPFN,holdout,priors_set_1,1704,0,0.24892406165599823,0
TabPFN,holdout,priors_set_1,1706,0,0.2549961507320404,0
TabPFN,holdout,priors_set_1,1709,0,0.30553343892097473,0
TabPFN,holdout,priors_set_1,1711,0,0.3725880980491638,0
TabPFN,holdout,priors_set_1,1715,0,0.30460548400878906,0
TabPFN,holdout,priors_set_1,1730,0,0.24892406165599823,0
TabPFN,holdout,priors_set_1,1731,0,0.3725880980491638,0
TabPFN,holdout,priors_set_1,1734,1,0.5051597356796265,0
TabPFN,holdout,priors_set_1,1735,0,0.3725880980491638,1
TabPFN,holdout,priors_set_1,1737,1,0.22359156608581543,1
TabPFN,holdout,priors_set_1,1740,0,0.30553343892097473,0
TabPFN,holdout,priors_set_1,1741,1,0.5549285411834717,0
TabPFN,holdout,priors_set_1,1760,0,0.36676788330078125,0
TabPFN,holdout,priors_set_1,1770,1,0.2549961507320404,1
TabPFN,holdout,priors_set_1,1771,1,0.6166301965713501,1
TabPFN,holdout,priors_set_1,1773,0,0.3725880980491638,1
TabPFN,holdout,priors_set_1,1775,1,0.5777682065963745,1
TabPFN,holdout,priors_set_1,1779,0,0.6396340727806091,0
TabPFN,holdout,priors_set_1,1780,0,0.3725880980491638,0
TabPFN,holdout,priors_set_1,1783,0,0.6166301965713501,1
TabPFN,holdout,priors_set_1,1785,0,0.4118325412273407,1
TabPFN,holdout,priors_set_1,1786,0,0.19022294878959656,0
TabPFN,holdout,priors_set_1,1793,0,0.19022294878959656,0
TabPFN,holdout,priors_set_1,1795,0,0.31616324186325073,0
TabPFN,holdout,priors_set_1,1799,1,0.36676788330078125,1
TabPFN,holdout,priors_set_1,1800,0,0.36676788330078125,1
TabPFN,holdout,priors_set_1,1801,0,0.18766289949417114,0
TabPFN,holdout,priors_set_1,1806,0,0.6396340727806091,1
TabPFN,holdout,priors_set_1,1809,1,0.21912941336631775,0
TabPFN,holdout,priors_set_1,1810,0,0.21912941336631775,0
TabPFN,holdout,priors_set_1,1818,1,0.6396340727806091,1
TabPFN,holdout,priors_set_1,1820,1,0.6396340727806091,1
TabPFN,holdout,priors_set_1,1830,0,0.3725880980491638,1
TabPFN,holdout,priors_set_1,1836,0,0.28556081652641296,0
TabPFN,holdout,priors_set_1,1839,0,0.2549961507320404,0
TabPFN,holdout,priors_set_1,1850,0,0.34255701303482056,0
TabPFN,holdout,priors_set_1,1851,0,0.5777682065963745,0
TabPFN,holdout,priors_set_1,1853,1,0.30553343892097473,1
TabPFN,holdout,priors_set_1,1855,0,0.3725880980491638,1
TabPFN,holdout,priors_set_1,1858,0,0.24892406165599823,0
TabPFN,holdout,priors_set_1,1859,1,0.36676788330078125,0
TabPFN,holdout,priors_set_1,1860,1,0.24369870126247406,0
TabPFN,holdout,priors_set_1,1863,0,0.21912941336631775,0
TabPFN,holdout,priors_set_1,1865,0,0.6396340727806091,1
TabPFN,holdout,priors_set_1,1869,1,0.30460548400878906,0
TabPFN,holdout,priors_set_1,1874,0,0.3725880980491638,0
TabPFN,holdout,priors_set_1,1892,1,0.2549961507320404,1
TabPFN,holdout,priors_set_1,1893,0,0.19022294878959656,0
TabPFN,holdout,priors_set_1,1894,1,0.3725880980491638,1
TabPFN,holdout,priors_set_1,1895,1,0.5777682065963745,1
TabPFN,holdout,priors_set_1,1897,0,0.22069205343723297,1
TabPFN,holdout,priors_set_1,1898,1,0.6396340727806091,1
TabPFN,holdout,priors_set_1,1900,1,0.22069205343723297,0
TabPFN,holdout,priors_set_1,1901,1,0.3725880980491638,0
TabPFN,holdout,priors_set_1,1902,0,0.24892406165599823,0
TabPFN,holdout,priors_set_1,1905,1,0.4118325412273407,0
TabPFN,holdout,priors_set_1,1906,0,0.58931565284729,1
TabPFN,holdout,priors_set_1,1907,0,0.24892406165599823,0
TabPFN,holdout,priors_set_1,1921,1,0.6396340727806091,1
TabPFN,holdout,priors_set_1,1929,0,0.31305211782455444,0
TabPFN,holdout,priors_set_1,1933,1,0.3725880980491638,0
TabPFN,holdout,priors_set_1,1935,0,0.58931565284729,1
TabPFN,holdout,priors_set_1,1939,1,0.31305211782455444,0
TabPFN,holdout,priors_set_1,1943,1,0.6396340727806091,0
TabPFN,holdout,priors_set_1,1946,0,0.22069205343723297,0
TabPFN,holdout,priors_set_1,1957,1,0.30460548400878906,1
TabPFN,holdout,priors_set_1,1959,1,0.6396340727806091,1
TabPFN,holdout,priors_set_1,1965,1,0.3725880980491638,1
TabPFN,holdout,priors_set_1,1971,0,0.4683113396167755,0
TabPFN,holdout,priors_set_1,1975,0,0.36676788330078125,0
TabPFN,holdout,priors_set_1,1977,0,0.6396340727806091,0
TabPFN,holdout,priors_set_1,1981,1,0.34255701303482056,0
TabPFN,holdout,priors_set_1,1982,1,0.6396340727806091,0
TabPFN,holdout,priors_set_1,1983,0,0.5549285411834717,0
TabPFN,holdout,priors_set_1,1986,1,0.6396340727806091,1
TabPFN,holdout,priors_set_1,1989,0,0.33732303977012634,0
TabPFN,holdout,priors_set_1,1991,1,0.24892406165599823,1
TabPFN,holdout,priors_set_1,1992,1,0.3725880980491638,1
TabPFN,holdout,priors_set_1,1996,0,0.3725880980491638,0
TabPFN,holdout,priors_set_1,1998,0,0.21912941336631775,0
TabPFN,holdout,priors_set_1,2000,1,0.24369870126247406,0
TabPFN,holdout,priors_set_1,2002,1,0.19022294878959656,0
TabPFN,holdout,priors_set_1,2007,1,0.5051597356796265,1
TabPFN,holdout,priors_set_1,2008,0,0.3725880980491638,0
TabPFN,holdout,priors_set_1,2010,1,0.2549961507320404,1
TabPFN,holdout,priors_set_1,2011,1,0.30553343892097473,1
TabPFN,holdout,priors_set_1,2012,1,0.3725880980491638,1
TabPFN,holdout,priors_set_1,2014,0,0.21912941336631775,1
TabPFN,holdout,priors_set_1,2017,0,0.30553343892097473,0
TabPFN,holdout,priors_set_1,2019,0,0.1579551100730896,0
TabPFN,holdout,priors_set_1,2023,0,0.31305211782455444,1
TabPFN,holdout,priors_set_1,2025,1,0.6396340727806091,1
TabPFN,holdout,priors_set_1,2026,0,0.21912941336631775,0
TabPFN,holdout,priors_set_1,2028,0,0.36676788330078125,0
TabPFN,holdout,priors_set_1,2029,0,0.18766289949417114,1
TabPFN,holdout,priors_set_1,2031,0,0.31305211782455444,1
TabPFN,holdout,priors_set_1,2033,1,0.6396340727806091,1
TabPFN,holdout,priors_set_1,2035,1,0.36676788330078125,1
TabPFN,holdout,priors_set_1,2036,0,0.6396340727806091,0
TabPFN,holdout,priors_set_1,2038,1,0.3725880980491638,1
TabPFN,holdout,priors_set_1,2040,0,0.3725880980491638,0
TabPFN,holdout,priors_set_1,2041,0,0.24892406165599823,0
TabPFN,holdout,priors_set_1,2042,0,0.58931565284729,1
TabPFN,holdout,priors_set_1,2043,0,0.2549961507320404,0
TabPFN,holdout,priors_set_1,2045,0,0.23593656718730927,0
TabPFN,holdout,priors_set_1,2046,1,0.24892406165599823,1
TabPFN,holdout,priors_set_1,2048,0,0.3725880980491638,1
TabPFN,holdout,priors_set_1,2050,0,0.30553343892097473,1
TabPFN,holdout,priors_set_1,2054,1,0.3725880980491638,1
TabPFN,holdout,priors_set_1,2055,0,0.24892406165599823,1
TabPFN,holdout,priors_set_1,2056,0,0.36676788330078125,0
TabPFN,holdout,priors_set_1,2058,0,0.18766289949417114,1
TabPFN,holdout,priors_set_1,2059,1,0.3725880980491638,1
TabPFN,holdout,priors_set_1,2060,1,0.24892406165599823,0
TabPFN,holdout,priors_set_1,2063,0,0.58931565284729,0
TabPFN,holdout,priors_set_1,2066,0,0.21912941336631775,0
TabPFN,holdout,priors_set_1,2068,1,0.6396340727806091,0
TabPFN,holdout,priors_set_1,2080,0,0.18501895666122437,0
TabPFN,holdout,priors_set_1,2082,1,0.6396340727806091,1
TabPFN,holdout,priors_set_1,2085,0,0.3725880980491638,0
TabPFN,holdout,priors_set_1,2086,1,0.5549285411834717,0
TabPFN,holdout,priors_set_1,2087,0,0.30553343892097473,0
TabPFN,holdout,priors_set_1,2094,0,0.22069205343723297,0
TabPFN,holdout,priors_set_1,2098,1,0.30553343892097473,1
TabPFN,holdout,priors_set_1,2103,1,0.3725880980491638,1
TabPFN,holdout,priors_set_1,2104,1,0.3725880980491638,1
TabPFN,holdout,priors_set_1,2109,1,0.3725880980491638,1
TabPFN,holdout,priors_set_1,2111,0,0.4891279339790344,1
TabPFN,holdout,priors_set_1,2122,0,0.36676788330078125,0
TabPFN,holdout,priors_set_1,2129,0,0.19022294878959656,0
TabPFN,holdout,priors_set_1,2135,1,0.24892406165599823,0
TabPFN,holdout,priors_set_1,2140,0,0.58931565284729,0
TabPFN,holdout,priors_set_1,2142,0,0.18766289949417114,0
TabPFN,holdout,priors_set_1,2143,1,0.30553343892097473,1
TabPFN,holdout,priors_set_1,2144,0,0.2549961507320404,0
TabPFN,holdout,priors_set_1,2145,1,0.5777682065963745,1
TabPFN,holdout,priors_set_1,2147,0,0.21912941336631775,0
TabPFN,holdout,priors_set_1,2148,0,0.22069205343723297,0
TabPFN,holdout,priors_set_1,2150,0,0.3725880980491638,1
TabPFN,holdout,priors_set_1,2155,1,0.3725880980491638,1
TabPFN,holdout,priors_set_1,2159,0,0.30460548400878906,0
TabPFN,holdout,priors_set_1,2164,0,0.31305211782455444,0
TabPFN,holdout,priors_set_1,2173,1,0.3725880980491638,1
TabPFN,holdout,priors_set_1,2176,1,0.19022294878959656,0
TabPFN,holdout,priors_set_1,2178,1,0.4683113396167755,1
TabPFN,holdout,priors_set_1,2179,1,0.4891279339790344,1
TabPFN,holdout,priors_set_1,2181,1,0.3725880980491638,1
TabPFN,holdout,priors_set_1,2184,1,0.3725880980491638,1
TabPFN,holdout,priors_set_1,2185,0,0.21984699368476868,0
TabPFN,holdout,priors_set_1,2189,0,0.6396340727806091,0
TabPFN,holdout,priors_set_1,2190,1,0.3725880980491638,0
TabPFN,holdout,priors_set_1,2194,1,0.6396340727806091,0
TabPFN,holdout,priors_set_1,2196,0,0.19022294878959656,0
TabPFN,holdout,priors_set_1,2201,0,0.36676788330078125,1
TabPFN,holdout,priors_set_1,2210,0,0.31305211782455444,0
TabPFN,holdout,priors_set_1,2212,0,0.3725880980491638,0
TabPFN,holdout,priors_set_1,2214,0,0.21912941336631775,0
TabPFN,holdout,priors_set_1,2218,0,0.31305211782455444,1
TabPFN,holdout,priors_set_1,2219,1,0.18501895666122437,0
TabPFN,holdout,priors_set_1,2220,0,0.3725880980491638,0
TabPFN,holdout,priors_set_1,2232,0,0.28556081652641296,0
TabPFN,holdout,priors_set_1,2236,1,0.3725880980491638,1
TabPFN,holdout,priors_set_1,2237,1,0.24892406165599823,0
TabPFN,holdout,priors_set_1,2243,0,0.30460548400878906,0
TabPFN,holdout,priors_set_1,2249,1,0.31305211782455444,1
TabPFN,holdout,priors_set_1,2254,0,0.2827478349208832,0
TabPFN,holdout,priors_set_1,2255,1,0.29274865984916687,0
TabPFN,holdout,priors_set_1,2256,0,0.2549961507320404,0
TabPFN,holdout,priors_set_1,2261,0,0.3725880980491638,1
TabPFN,holdout,priors_set_1,2265,0,0.3725880980491638,1
TabPFN,holdout,priors_set_1,2275,1,0.36676788330078125,0
TabPFN,holdout,priors_set_1,2278,1,0.31305211782455444,0
TabPFN,holdout,priors_set_1,2280,1,0.5777682065963745,0
TabPFN,holdout,priors_set_1,2282,0,0.3725880980491638,0
TabPFN,holdout,priors_set_1,2285,0,0.3725880980491638,1
TabPFN,holdout,priors_set_1,2288,0,0.36676788330078125,0
TabPFN,holdout,priors_set_1,2289,1,0.5777682065963745,1
TabPFN,holdout,priors_set_1,2290,0,0.3725880980491638,1
TabPFN,holdout,priors_set_1,2292,1,0.30553343892097473,1
TabPFN,holdout,priors_set_1,2294,0,0.58931565284729,0
TabPFN,holdout,priors_set_1,2296,1,0.30553343892097473,1
TabPFN,holdout,priors_set_1,2299,1,0.36676788330078125,1
TabPFN,holdout,priors_set_1,2300,1,0.3725880980491638,1
TabPFN,holdout,priors_set_1,2306,0,0.33732303977012634,0
TabPFN,holdout,priors_set_1,2307,0,0.34255701303482056,1
TabPFN,holdout,priors_set_1,2316,1,0.5051597356796265,1
TabPFN,holdout,priors_set_1,2317,1,0.30553343892097473,1
TabPFN,holdout,priors_set_1,2320,0,0.6396340727806091,1
TabPFN,holdout,priors_set_1,2325,1,0.22069205343723297,0
TabPFN,holdout,priors_set_1,2327,0,0.34255701303482056,0
TabPFN,holdout,priors_set_1,2333,0,0.36676788330078125,0
TabPFN,holdout,priors_set_1,2334,1,0.6396340727806091,0
TabPFN,holdout,priors_set_1,2340,1,0.34255701303482056,0
TabPFN,holdout,priors_set_1,2346,0,0.30460548400878906,0
TabPFN,holdout,priors_set_1,2349,1,0.30553343892097473,1
TabPFN,holdout,priors_set_1,2351,0,0.3725880980491638,0
TabPFN,holdout,priors_set_1,2355,1,0.36676788330078125,1
TabPFN,holdout,priors_set_1,2356,0,0.3725880980491638,0
TabPFN,holdout,priors_set_1,2360,1,0.36676788330078125,0
TabPFN,holdout,priors_set_1,2366,0,0.30553343892097473,0
TabPFN,holdout,priors_set_1,2367,1,0.24892406165599823,1
TabPFN,holdout,priors_set_1,2368,1,0.3725880980491638,0
TabPFN,holdout,priors_set_1,2373,0,0.30460548400878906,0
TabPFN,holdout,priors_set_1,2384,0,0.6396340727806091,0
TabPFN,holdout,priors_set_1,2386,1,0.6396340727806091,0
TabPFN,holdout,priors_set_1,2391,0,0.21912941336631775,0
TabPFN,holdout,priors_set_1,2393,0,0.49735233187675476,1
TabPFN,holdout,priors_set_1,2394,1,0.6166301965713501,1
TabPFN,holdout,priors_set_1,2401,0,0.6396340727806091,1
TabPFN,holdout,priors_set_1,2404,1,0.30553343892097473,1
TabPFN,holdout,priors_set_1,2405,1,0.22069205343723297,0
TabPFN,holdout,priors_set_1,2407,0,0.30553343892097473,1
TabPFN,holdout,priors_set_1,2411,1,0.58931565284729,0
TabPFN,holdout,priors_set_1,2412,0,0.5777682065963745,1
TabPFN,holdout,priors_set_1,2421,0,0.24892406165599823,0
TabPFN,holdout,priors_set_1,2425,1,0.6396340727806091,1
TabPFN,holdout,priors_set_1,2426,1,0.21912941336631775,0
TabPFN,holdout,priors_set_1,2428,1,0.31305211782455444,0
TabPFN,holdout,priors_set_1,2431,0,0.2077944427728653,0
TabPFN,holdout,priors_set_1,2434,1,0.2549961507320404,1
TabPFN,holdout,priors_set_1,2436,0,0.3725880980491638,1
TabPFN,holdout,priors_set_1,2439,0,0.43210843205451965,1
TabPFN,holdout,priors_set_1,2440,1,0.6396340727806091,1
TabPFN,holdout,priors_set_1,2443,1,0.22069205343723297,1
TabPFN,holdout,priors_set_1,2447,1,0.36676788330078125,0
TabPFN,holdout,priors_set_1,2448,0,0.36676788330078125,1
TabPFN,holdout,priors_set_1,2449,0,0.21912941336631775,0
TabPFN,holdout,priors_set_1,2465,0,0.21912941336631775,0
TabPFN,holdout,priors_set_1,2470,0,0.2827478349208832,0
TabPFN,holdout,priors_set_1,2471,1,0.28556081652641296,0
TabPFN,holdout,priors_set_1,2474,0,0.24369870126247406,0
TabPFN,holdout,priors_set_1,2482,0,0.5777682065963745,1
TabPFN,holdout,priors_set_1,2487,0,0.3725880980491638,0
TabPFN,holdout,priors_set_1,2491,1,0.3725880980491638,1
TabPFN,holdout,priors_set_1,2492,1,0.3725880980491638,0
TabPFN,holdout,priors_set_1,2496,1,0.30460548400878906,1
TabPFN,holdout,priors_set_1,2501,0,0.30553343892097473,0
TabPFN,holdout,priors_set_1,2503,0,0.24892406165599823,1
TabPFN,holdout,priors_set_1,2507,1,0.6396340727806091,0
TabPFN,holdout,priors_set_1,2509,1,0.5549285411834717,1
TabPFN,holdout,priors_set_1,2510,1,0.3725880980491638,0
TabPFN,holdout,priors_set_1,2515,0,0.6396340727806091,0
TabPFN,holdout,priors_set_1,2518,0,0.5777682065963745,1
TabPFN,holdout,priors_set_1,2520,1,0.6396340727806091,1
TabPFN,holdout,priors_set_1,2524,1,0.6166301965713501,0
TabPFN,holdout,priors_set_1,2526,1,0.19022294878959656,0
TabPFN,holdout,priors_set_1,2528,1,0.6396340727806091,0
TabPFN,holdout,priors_set_1,2529,1,0.30460548400878906,1
TabPFN,holdout,priors_set_1,2539,0,0.3725880980491638,0
TabPFN,holdout,priors_set_1,2541,1,0.30553343892097473,1
TabPFN,holdout,priors_set_1,2543,1,0.30553343892097473,1
TabPFN,holdout,priors_set_1,2547,0,0.28556081652641296,0
TabPFN,holdout,priors_set_1,2548,0,0.30553343892097473,1
TabPFN,holdout,priors_set_1,2553,1,0.36676788330078125,1
TabPFN,holdout,priors_set_1,2557,0,0.19022294878959656,0
TabPFN,holdout,priors_set_1,2561,0,0.36676788330078125,1
TabPFN,holdout,priors_set_1,2563,0,0.19060276448726654,0
TabPFN,holdout,priors_set_1,2564,1,0.3725880980491638,1
TabPFN,holdout,priors_set_1,2565,1,0.22069205343723297,0
TabPFN,holdout,priors_set_1,2569,0,0.18970462679862976,0
TabPFN,holdout,priors_set_1,2571,1,0.6396340727806091,1
TabPFN,holdout,priors_set_1,2574,0,0.30553343892097473,0
TabPFN,holdout,priors_set_1,2581,1,0.3725880980491638,1
TabPFN,holdout,priors_set_1,2584,1,0.19022294878959656,0
TabPFN,holdout,priors_set_1,2585,1,0.3725880980491638,1
TabPFN,holdout,priors_set_1,2587,1,0.4683113396167755,1
TabPFN,holdout,priors_set_1,2590,1,0.3725880980491638,1
TabPFN,holdout,priors_set_1,2602,0,0.6396340727806091,1
TabPFN,holdout,priors_set_1,2604,0,0.34255701303482056,0
TabPFN,holdout,priors_set_1,2607,1,0.3725880980491638,1
TabPFN,holdout,priors_set_1,2610,1,0.21912941336631775,1
TabPFN,holdout,priors_set_1,2611,1,0.58931565284729,0
TabPFN,holdout,priors_set_1,2613,0,0.31616324186325073,0
TabPFN,holdout,priors_set_1,2619,0,0.28556081652641296,0
TabPFN,holdout,priors_set_1,2621,0,0.1640496701002121,0
TabPFN,holdout,priors_set_1,2624,0,0.21984699368476868,0
TabPFN,holdout,priors_set_1,2628,1,0.33732303977012634,0
TabPFN,holdout,priors_set_1,2629,1,0.36676788330078125,0
TabPFN,holdout,priors_set_1,2635,1,0.3725880980491638,1
TabPFN,holdout,priors_set_1,2636,0,0.36676788330078125,0
TabPFN,holdout,priors_set_1,2637,0,0.31305211782455444,0
TabPFN,holdout,priors_set_1,2644,0,0.6396340727806091,1
TabPFN,holdout,priors_set_1,2646,0,0.24892406165599823,0
TabPFN,holdout,priors_set_1,2647,1,0.3725880980491638,1
TabPFN,holdout,priors_set_1,2648,0,0.33732303977012634,1
TabPFN,holdout,priors_set_1,2652,0,0.24892406165599823,0
TabPFN,holdout,priors_set_1,2654,1,0.28556081652641296,0
TabPFN,holdout,priors_set_1,2658,0,0.36676788330078125,0
TabPFN,holdout,priors_set_1,2659,0,0.36676788330078125,0
TabPFN,holdout,priors_set_1,2661,0,0.6396340727806091,1
TabPFN,holdout,priors_set_1,2662,0,0.19022294878959656,0
TabPFN,holdout,priors_set_1,2671,0,0.40238305926322937,1
TabPFN,holdout,priors_set_1,2681,0,0.21912941336631775,0
TabPFN,holdout,priors_set_1,2684,1,0.30553343892097473,0
TabPFN,holdout,priors_set_1,2687,1,0.33732303977012634,0
TabPFN,holdout,priors_set_1,2697,0,0.19022294878959656,0
TabPFN,holdout,priors_set_1,2699,0,0.3725880980491638,0
TabPFN,holdout,priors_set_1,2701,1,0.3725880980491638,1
TabPFN,holdout,priors_set_1,2705,1,0.3725880980491638,1
TabPFN,holdout,priors_set_1,2708,0,0.24369870126247406,0
TabPFN,holdout,priors_set_1,2709,1,0.3725880980491638,1
TabPFN,holdout,priors_set_1,2710,0,0.5051597356796265,0
TabPFN,holdout,priors_set_1,2713,1,0.30460548400878906,1
TabPFN,holdout,priors_set_1,2716,0,0.3725880980491638,1
TabPFN,holdout,priors_set_1,2722,1,0.58931565284729,0
TabPFN,holdout,priors_set_1,2723,0,0.3725880980491638,1
TabPFN,holdout,priors_set_1,2724,0,0.2821224629878998,0
TabPFN,holdout,priors_set_1,2726,0,0.3318748474121094,0
TabPFN,holdout,priors_set_1,2727,0,0.20619505643844604,0
TabPFN,holdout,priors_set_1,2731,0,0.6396340727806091,1
TabPFN,holdout,priors_set_1,2735,0,0.21912941336631775,0
TabPFN,holdout,priors_set_1,2745,0,0.23593656718730927,0
TabPFN,holdout,priors_set_1,2748,0,0.28556081652641296,0
TabPFN,holdout,priors_set_1,2749,1,0.24892406165599823,1
TabPFN,holdout,priors_set_1,2750,1,0.6396340727806091,1
TabPFN,holdout,priors_set_1,2752,1,0.58931565284729,1
TabPFN,holdout,priors_set_1,2753,0,0.36676788330078125,0
TabPFN,holdout,priors_set_1,2757,1,0.22069205343723297,0
TabPFN,holdout,priors_set_1,2761,1,0.5051597356796265,0
TabPFN,holdout,priors_set_1,2763,1,0.2827478349208832,1
TabPFN,holdout,priors_set_1,2768,0,0.58931565284729,0
TabPFN,holdout,priors_set_1,2769,0,0.3725880980491638,0
TabPFN,holdout,priors_set_1,2780,1,0.3725880980491638,1
TabPFN,holdout,priors_set_1,2782,1,0.36676788330078125,0
TabPFN,holdout,priors_set_1,2784,0,0.36676788330078125,0
TabPFN,holdout,priors_set_1,2786,1,0.58931565284729,0
TabPFN,holdout,priors_set_1,2789,1,0.33732303977012634,1
TabPFN,holdout,priors_set_1,2795,1,0.34255701303482056,1
TabPFN,holdout,priors_set_1,2796,1,0.3725880980491638,1
TabPFN,holdout,priors_set_1,2799,1,0.5051597356796265,0
TabPFN,holdout,priors_set_1,2804,1,0.22069205343723297,1
TabPFN,holdout,priors_set_1,2812,0,0.36676788330078125,0
TabPFN,holdout,priors_set_1,2815,0,0.58931565284729,0
TabPFN,holdout,priors_set_1,2816,0,0.18766289949417114,0
TabPFN,holdout,priors_set_1,2821,1,0.36676788330078125,0
TabPFN,holdout,priors_set_1,2823,1,0.4683113396167755,1
TabPFN,holdout,priors_set_1,2826,0,0.3725880980491638,0
TabPFN,holdout,priors_set_1,2829,0,0.3725880980491638,1
TabPFN,holdout,priors_set_1,2838,0,0.33732303977012634,1
TabPFN,holdout,priors_set_1,2839,1,0.31305211782455444,1
TabPFN,holdout,priors_set_1,2845,1,0.3725880980491638,1
TabPFN,holdout,priors_set_1,2846,0,0.1640496701002121,0
TabPFN,holdout,priors_set_1,2852,0,0.28556081652641296,0
TabPFN,holdout,priors_set_1,2858,1,0.30460548400878906,0
TabPFN,holdout,priors_set_1,2859,1,0.5777682065963745,1
TabPFN,holdout,priors_set_1,2863,0,0.3389073610305786,1
TabPFN,holdout,priors_set_1,2865,1,0.31305211782455444,0
TabPFN,holdout,priors_set_1,2877,0,0.36676788330078125,1
TabPFN,holdout,priors_set_1,2879,1,0.6166301965713501,0
TabPFN,holdout,priors_set_1,2881,0,0.3725880980491638,1
TabPFN,holdout,priors_set_1,2890,0,0.21912941336631775,0
TabPFN,holdout,priors_set_1,2891,0,0.58931565284729,0
TabPFN,holdout,priors_set_1,2892,0,0.3725880980491638,0
TabPFN,holdout,priors_set_1,2898,1,0.5496405959129333,1
TabPFN,holdout,priors_set_1,2906,1,0.34255701303482056,1
TabPFN,holdout,priors_set_1,2912,1,0.18501895666122437,1
TabPFN,holdout,priors_set_1,2921,0,0.1579551100730896,0
TabPFN,holdout,priors_set_1,2922,1,0.6396340727806091,1
TabPFN,holdout,priors_set_1,2924,0,0.5777682065963745,0
TabPFN,holdout,priors_set_1,2929,1,0.18970462679862976,1
TabPFN,holdout,priors_set_1,2931,1,0.31305211782455444,0
TabPFN,holdout,priors_set_1,2934,1,0.6396340727806091,1
TabPFN,holdout,priors_set_1,2935,0,0.21912941336631775,0
TabPFN,holdout,priors_set_1,2941,1,0.5496405959129333,0
TabPFN,holdout,priors_set_1,2945,0,0.31616324186325073,0
TabPFN,holdout,priors_set_1,2946,1,0.3725880980491638,1
TabPFN,holdout,priors_set_1,2947,0,0.19022294878959656,0
TabPFN,holdout,priors_set_1,2948,0,0.30460548400878906,1
TabPFN,holdout,priors_set_1,2952,0,0.31305211782455444,0
TabPFN,holdout,priors_set_1,2954,0,0.31616324186325073,0
TabPFN,holdout,priors_set_1,2955,0,0.2827478349208832,0
TabPFN,holdout,priors_set_1,2958,0,0.3725880980491638,0
TabPFN,holdout,priors_set_1,2963,0,0.21912941336631775,0
TabPFN,holdout,priors_set_1,2966,1,0.36676788330078125,0
TabPFN,holdout,priors_set_1,2972,0,0.21912941336631775,0
TabPFN,holdout,priors_set_1,2975,1,0.36676788330078125,0
TabPFN,holdout,priors_set_1,2978,0,0.30553343892097473,1
TabPFN,holdout,priors_set_1,2983,0,0.5051597356796265,1
TabPFN,holdout,priors_set_1,2986,1,0.30553343892097473,0
TabPFN,holdout,priors_set_1,2987,0,0.21912941336631775,0
TabPFN,holdout,priors_set_1,2995,0,0.30460548400878906,0
TabPFN,holdout,priors_set_1,2997,1,0.5496405959129333,0
TabPFN,holdout,priors_set_1,3007,1,0.6396340727806091,1
TabPFN,holdout,priors_set_1,3008,0,0.34255701303482056,0
TabPFN,holdout,priors_set_1,3010,0,0.21912941336631775,0
TabPFN,holdout,priors_set_1,3012,0,0.58931565284729,1
TabPFN,holdout,priors_set_1,3015,1,0.4683113396167755,1
TabPFN,holdout,priors_set_1,3016,1,0.3725880980491638,1
TabPFN,holdout,priors_set_1,3018,0,0.30553343892097473,1
TabPFN,holdout,priors_set_1,3025,0,0.21912941336631775,0
TabPFN,holdout,priors_set_1,3030,1,0.2827478349208832,0
TabPFN,holdout,priors_set_1,3033,1,0.22069205343723297,1
TabPFN,holdout,priors_set_1,3037,1,0.30460548400878906,1
TabPFN,holdout,priors_set_1,3038,0,0.22069205343723297,0
TabPFN,holdout,priors_set_1,3041,0,0.24892406165599823,1
TabPFN,holdout,priors_set_1,3042,1,0.30553343892097473,1
TabPFN,holdout,priors_set_1,3043,0,0.36676788330078125,0
TabPFN,holdout,priors_set_1,3044,0,0.36676788330078125,0
TabPFN,holdout,priors_set_1,3046,1,0.4683113396167755,1
TabPFN,holdout,priors_set_1,3048,0,0.34255701303482056,0
TabPFN,holdout,priors_set_1,3051,0,0.22069205343723297,0
TabPFN,holdout,priors_set_1,3056,0,0.6396340727806091,0
TabPFN,holdout,priors_set_1,3057,0,0.3725880980491638,1
TabPFN,holdout,priors_set_1,3058,0,0.30553343892097473,0
TabPFN,holdout,priors_set_1,3069,0,0.24892406165599823,0
TabPFN,holdout,priors_set_1,3071,0,0.28556081652641296,0
TabPFN,holdout,priors_set_1,3072,0,0.21912941336631775,0
TabPFN,holdout,priors_set_1,3076,1,0.5777682065963745,1
TabPFN,holdout,priors_set_1,3077,0,0.30553343892097473,0
TabPFN,holdout,priors_set_1,3078,0,0.2827478349208832,1
TabPFN,holdout,priors_set_1,3083,0,0.31305211782455444,0
TabPFN,holdout,priors_set_1,3084,0,0.30553343892097473,0
TabPFN,holdout,priors_set_1,3086,0,0.2821224629878998,1
TabPFN,holdout,priors_set_1,3090,1,0.5777682065963745,1
TabPFN,holdout,priors_set_1,3091,1,0.24369870126247406,0
TabPFN,holdout,priors_set_1,3104,0,0.5777682065963745,0
TabPFN,holdout,priors_set_1,3106,1,0.24892406165599823,1
TabPFN,holdout,priors_set_1,3107,1,0.22069205343723297,0
TabPFN,holdout,priors_set_1,3110,0,0.3725880980491638,0
TabPFN,holdout,priors_set_1,3111,1,0.36676788330078125,1
TabPFN,holdout,priors_set_1,3112,1,0.3725880980491638,0
TabPFN,holdout,priors_set_1,3115,0,0.34255701303482056,1
TabPFN,holdout,priors_set_1,3127,1,0.5051597356796265,1
TabPFN,holdout,priors_set_1,3141,0,0.19022294878959656,0
TabPFN,holdout,priors_set_1,3142,0,0.21912941336631775,0
TabPFN,holdout,priors_set_1,3143,1,0.31305211782455444,1
TabPFN,holdout,priors_set_1,3155,1,0.2549961507320404,0
TabPFN,holdout,priors_set_1,3161,1,0.3725880980491638,1
TabPFN,holdout,priors_set_1,3168,1,0.28556081652641296,1
TabPFN,holdout,priors_set_1,3169,0,0.3725880980491638,1
TabPFN,holdout,priors_set_1,3175,0,0.3389073610305786,1
TabPFN,holdout,priors_set_1,3176,1,0.21912941336631775,0
TabPFN,holdout,priors_set_1,3178,1,0.30553343892097473,1
TabPFN,holdout,priors_set_1,3181,0,0.28556081652641296,1
TabPFN,holdout,priors_set_1,3184,0,0.5777682065963745,0
TabPFN,holdout,priors_set_1,3185,1,0.31305211782455444,0
TabPFN,holdout,priors_set_1,3187,0,0.1579551100730896,0
TabPFN,holdout,priors_set_1,3188,0,0.40238305926322937,0
TabPFN,holdout,priors_set_1,3190,0,0.29274865984916687,0
TabPFN,holdout,priors_set_1,3195,1,0.31616324186325073,0
TabPFN,holdout,priors_set_1,3201,1,0.6396340727806091,0
TabPFN,holdout,priors_set_1,3202,1,0.1579551100730896,0
TabPFN,holdout,priors_set_1,3204,0,0.30460548400878906,0
TabPFN,holdout,priors_set_1,3206,1,0.30460548400878906,1
TabPFN,holdout,priors_set_1,3213,0,0.31305211782455444,0
TabPFN,holdout,priors_set_1,3214,0,0.3725880980491638,0
TabPFN,holdout,priors_set_1,3215,0,0.19022294878959656,0
TabPFN,holdout,priors_set_1,3224,0,0.31305211782455444,0
TabPFN,holdout,priors_set_1,3225,0,0.36676788330078125,0
TabPFN,holdout,priors_set_1,3229,0,0.22069205343723297,1
TabPFN,holdout,priors_set_1,3231,1,0.36676788330078125,1
TabPFN,holdout,priors_set_1,3232,0,0.3725880980491638,0
TabPFN,holdout,priors_set_1,3244,0,0.21984699368476868,1
TabPFN,holdout,priors_set_1,3252,0,0.24892406165599823,0
TabPFN,holdout,priors_set_1,3256,1,0.31305211782455444,1
TabPFN,holdout,priors_set_1,3260,0,0.2549961507320404,0
TabPFN,holdout,priors_set_1,3261,1,0.6396340727806091,1
TabPFN,holdout,priors_set_1,3266,0,0.21912941336631775,0
TabPFN,holdout,priors_set_1,3268,1,0.58931565284729,0
TabPFN,holdout,priors_set_1,3271,1,0.3725880980491638,1
TabPFN,holdout,priors_set_1,3273,0,0.30553343892097473,1
TabPFN,holdout,priors_set_1,3277,1,0.3725880980491638,0
TabPFN,holdout,priors_set_1,3281,0,0.31305211782455444,0
TabPFN,holdout,priors_set_1,3283,1,0.33732303977012634,1
TabPFN,holdout,priors_set_1,3284,1,0.3725880980491638,1
TabPFN,holdout,priors_set_1,3289,1,0.58931565284729,0
TabPFN,holdout,priors_set_1,3291,1,0.3318748474121094,1
TabPFN,holdout,priors_set_1,3293,0,0.3725880980491638,1
TabPFN,holdout,priors_set_1,3295,1,0.34255701303482056,1
TabPFN,holdout,priors_set_1,3296,1,0.21912941336631775,0
TabPFN,holdout,priors_set_1,3299,1,0.18766289949417114,0
TabPFN,holdout,priors_set_1,3300,1,0.30553343892097473,0
TabPFN,holdout,priors_set_1,3303,0,0.5777682065963745,0
TabPFN,holdout,priors_set_1,3305,0,0.3725880980491638,0
TabPFN,holdout,priors_set_1,3310,0,0.3725880980491638,1
TabPFN,holdout,priors_set_1,3311,0,0.3725880980491638,0
TabPFN,holdout,priors_set_1,3314,1,0.30553343892097473,0
TabPFN,holdout,priors_set_1,3318,0,0.21912941336631775,0
TabPFN,holdout,priors_set_1,3319,1,0.36676788330078125,0
TabPFN,holdout,priors_set_1,3321,0,0.34255701303482056,1
TabPFN,holdout,priors_set_1,3323,1,0.6396340727806091,0
TabPFN,holdout,priors_set_1,3327,1,0.36676788330078125,1
TabPFN,holdout,priors_set_1,3336,0,0.19022294878959656,0
TabPFN,holdout,priors_set_1,3341,0,0.36676788330078125,0
TabPFN,holdout,priors_set_1,3343,1,0.19022294878959656,0
TabPFN,holdout,priors_set_1,3345,0,0.21912941336631775,0
TabPFN,holdout,priors_set_1,3349,1,0.3725880980491638,0
TabPFN,holdout,priors_set_1,3350,0,0.30553343892097473,0
TabPFN,holdout,priors_set_1,3356,0,0.19022294878959656,0
TabPFN,holdout,priors_set_1,3361,1,0.4683113396167755,1
TabPFN,holdout,priors_set_1,3363,0,0.2549961507320404,0
TabPFN,holdout,priors_set_1,3364,0,0.37539756298065186,0
TabPFN,holdout,priors_set_1,3365,0,0.30460548400878906,1
TabPFN,holdout,priors_set_1,3367,0,0.5777682065963745,1
TabPFN,holdout,priors_set_1,3368,0,0.36676788330078125,0
TabPFN,holdout,priors_set_1,3376,1,0.5777682065963745,1
TabPFN,holdout,priors_set_1,3381,1,0.31305211782455444,0
TabPFN,holdout,priors_set_1,3382,0,0.21912941336631775,0
TabPFN,holdout,priors_set_1,3383,1,0.6396340727806091,1
TabPFN,holdout,priors_set_1,3390,1,0.37539756298065186,0
TabPFN,holdout,priors_set_1,3393,0,0.24892406165599823,1
TabPFN,holdout,priors_set_1,3396,1,0.30553343892097473,0
TabPFN,holdout,priors_set_1,3400,1,0.3725880980491638,1
TabPFN,holdout,priors_set_1,3401,0,0.34255701303482056,0
TabPFN,holdout,priors_set_1,3402,1,0.30553343892097473,0
TabPFN,holdout,priors_set_1,3414,0,0.3725880980491638,1
TabPFN,holdout,priors_set_1,3418,0,0.4118325412273407,0
TabPFN,holdout,priors_set_1,3420,1,0.30553343892097473,0
TabPFN,holdout,priors_set_1,3424,1,0.3725880980491638,1
TabPFN,holdout,priors_set_1,3425,0,0.4118325412273407,0
TabPFN,holdout,priors_set_1,3428,0,0.22069205343723297,0
TabPFN,holdout,priors_set_1,3430,1,0.30553343892097473,0
TabPFN,holdout,priors_set_1,3431,0,0.21912941336631775,0
TabPFN,holdout,priors_set_1,3432,0,0.3725880980491638,1
TabPFN,holdout,priors_set_1,3436,0,0.2549961507320404,0
TabPFN,holdout,priors_set_1,3437,1,0.6396340727806091,1
TabPFN,holdout,priors_set_1,3441,0,0.30553343892097473,0
TabPFN,holdout,priors_set_1,3443,0,0.3725880980491638,1
TabPFN,holdout,priors_set_1,3446,0,0.34255701303482056,0
TabPFN,holdout,priors_set_1,3451,1,0.30553343892097473,1
TabPFN,holdout,priors_set_1,3454,0,0.22069205343723297,0
TabPFN,holdout,priors_set_1,3456,0,0.31305211782455444,0
TabPFN,holdout,priors_set_1,3457,1,0.36676788330078125,1
TabPFN,holdout,priors_set_1,3460,1,0.3725880980491638,1
TabPFN,holdout,priors_set_1,3466,1,0.6396340727806091,1
TabPFN,holdout,priors_set_1,3469,0,0.18501895666122437,0
TabPFN,holdout,priors_set_1,3470,1,0.28556081652641296,0
TabPFN,holdout,priors_set_1,3472,1,0.24892406165599823,0
TabPFN,holdout,priors_set_1,3473,0,0.21984699368476868,0
TabPFN,holdout,priors_set_1,3479,1,0.6396340727806091,0
TabPFN,holdout,priors_set_1,3480,0,0.31305211782455444,0
TabPFN,holdout,priors_set_1,3490,0,0.33732303977012634,0
TabPFN,holdout,priors_set_1,3491,0,0.24892406165599823,0
TabPFN,holdout,priors_set_1,3497,0,0.36676788330078125,0
TabPFN,holdout,priors_set_1,3508,1,0.33732303977012634,1
TabPFN,holdout,priors_set_1,3510,0,0.30553343892097473,1
TabPFN,holdout,priors_set_1,3511,0,0.36676788330078125,0
TabPFN,holdout,priors_set_1,3513,0,0.6396340727806091,1
TabPFN,holdout,priors_set_1,3518,0,0.22069205343723297,0
TabPFN,holdout,priors_set_1,3520,1,0.30553343892097473,1
TabPFN,holdout,priors_set_1,3524,1,0.3725880980491638,0
TabPFN,holdout,priors_set_1,3529,1,0.5777682065963745,1
TabPFN,holdout,priors_set_1,3534,1,0.36676788330078125,1
TabPFN,holdout,priors_set_1,3537,1,0.5051597356796265,1
TabPFN,holdout,priors_set_1,3539,0,0.2827478349208832,1
TabPFN,holdout,priors_set_1,3545,1,0.22069205343723297,1
TabPFN,holdout,priors_set_1,3546,0,0.31616324186325073,0
TabPFN,holdout,priors_set_1,3547,0,0.6396340727806091,0
TabPFN,holdout,priors_set_1,3548,1,0.6396340727806091,1
TabPFN,holdout,priors_set_1,3551,1,0.18501895666122437,0
TabPFN,holdout,priors_set_1,3552,1,0.33732303977012634,0
TabPFN,holdout,priors_set_1,3556,1,0.29274865984916687,0
TabPFN,holdout,priors_set_1,3557,1,0.24892406165599823,1
TabPFN,holdout,priors_set_1,3558,1,0.30553343892097473,1
TabPFN,holdout,priors_set_1,3560,1,0.3725880980491638,1
TabPFN,holdout,priors_set_1,3561,1,0.3725880980491638,1
TabPFN,holdout,priors_set_1,3562,1,0.30553343892097473,1
TabPFN,holdout,priors_set_1,3571,1,0.6396340727806091,1
TabPFN,holdout,priors_set_1,3573,0,0.3749726712703705,0
TabPFN,holdout,priors_set_1,3574,1,0.34255701303482056,1
TabPFN,holdout,priors_set_1,3578,0,0.24892406165599823,0
TabPFN,holdout,priors_set_1,3584,0,0.2549961507320404,0
TabPFN,holdout,priors_set_1,3585,1,0.3725880980491638,0
TabPFN,holdout,priors_set_1,3586,0,0.6166301965713501,1
TabPFN,holdout,priors_set_1,3587,0,0.24892406165599823,0
TabPFN,holdout,priors_set_1,3596,0,0.34255701303482056,1
TabPFN,holdout,priors_set_1,3598,0,0.28556081652641296,0
TabPFN,holdout,priors_set_1,3602,0,0.36676788330078125,1
TabPFN,holdout,priors_set_1,3607,0,0.3725880980491638,1
TabPFN,holdout,priors_set_1,3612,1,0.6396340727806091,1
TabPFN,holdout,priors_set_1,3614,0,0.19022294878959656,0
TabPFN,holdout,priors_set_1,3617,1,0.6166301965713501,0
TabPFN,holdout,priors_set_1,3618,1,0.4683113396167755,1
TabPFN,holdout,priors_set_1,3621,1,0.21912941336631775,1
TabPFN,holdout,priors_set_1,3627,0,0.18501895666122437,0
TabPFN,holdout,priors_set_1,3629,0,0.2549961507320404,0
TabPFN,holdout,priors_set_1,3634,0,0.31305211782455444,0
TabPFN,holdout,priors_set_1,3636,0,0.5777682065963745,0
TabPFN,holdout,priors_set_1,3637,1,0.30553343892097473,1
TabPFN,holdout,priors_set_1,3640,1,0.30553343892097473,1
TabPFN,holdout,priors_set_1,3641,1,0.33732303977012634,0
TabPFN,holdout,priors_set_1,3646,0,0.36676788330078125,0
TabPFN,holdout,priors_set_1,3651,1,0.21912941336631775,0
TabPFN,holdout,priors_set_1,3665,1,0.6396340727806091,1
TabPFN,holdout,priors_set_1,3670,0,0.30460548400878906,0
TabPFN,holdout,priors_set_1,3678,0,0.36676788330078125,0
TabPFN,holdout,priors_set_1,3680,1,0.30460548400878906,0
TabPFN,holdout,priors_set_1,3685,1,0.3725880980491638,1
TabPFN,holdout,priors_set_1,3687,1,0.6396340727806091,1
TabPFN,holdout,priors_set_1,3688,0,0.6396340727806091,0
TabPFN,holdout,priors_set_1,3690,0,0.18766289949417114,0
TabPFN,holdout,priors_set_1,3704,0,0.3725880980491638,0
TabPFN,holdout,priors_set_1,3706,0,0.2077944427728653,0
TabPFN,holdout,priors_set_1,3710,0,0.3725880980491638,0
TabPFN,holdout,priors_set_1,3713,1,0.30553343892097473,1
TabPFN,holdout,priors_set_1,3715,0,0.2827478349208832,0
TabPFN,holdout,priors_set_1,3718,1,0.6396340727806091,1
TabPFN,holdout,priors_set_1,3721,1,0.30553343892097473,1
TabPFN,holdout,priors_set_1,3727,0,0.30460548400878906,0
TabPFN,holdout,priors_set_1,3728,1,0.30460548400878906,1
TabPFN,holdout,priors_set_1,3729,1,0.3725880980491638,0
TabPFN,holdout,priors_set_1,3730,0,0.6396340727806091,1
TabPFN,holdout,priors_set_1,3732,0,0.5777682065963745,0
TabPFN,holdout,priors_set_1,3735,0,0.4683113396167755,1
TabPFN,holdout,priors_set_1,3739,1,0.4118325412273407,1
TabPFN,holdout,priors_set_1,3746,1,0.36676788330078125,1
TabPFN,holdout,priors_set_1,3747,0,0.36676788330078125,0
TabPFN,holdout,priors_set_1,3748,0,0.19022294878959656,0
TabPFN,holdout,priors_set_1,3749,1,0.3725880980491638,1
TabPFN,holdout,priors_set_1,3753,0,0.6396340727806091,1
TabPFN,holdout,priors_set_1,3754,0,0.31305211782455444,1
TabPFN,holdout,priors_set_1,3755,1,0.3725880980491638,1
TabPFN,holdout,priors_set_1,3756,0,0.2827478349208832,1
TabPFN,holdout,priors_set_1,3759,0,0.36676788330078125,1
TabPFN,holdout,priors_set_1,3763,0,0.37539756298065186,0
TabPFN,holdout,priors_set_1,3765,0,0.34255701303482056,1
TabPFN,holdout,priors_set_1,3768,0,0.31305211782455444,1
TabPFN,holdout,priors_set_1,3770,0,0.2549961507320404,1
TabPFN,holdout,priors_set_1,3771,0,0.2827478349208832,0
TabPFN,holdout,priors_set_1,3772,1,0.5777682065963745,1
TabPFN,holdout,priors_set_1,3773,0,0.6396340727806091,0
TabPFN,holdout,priors_set_1,3775,1,0.58931565284729,0
TabPFN,holdout,priors_set_1,3784,0,0.3749726712703705,0
TabPFN,holdout,priors_set_1,3787,1,0.2827478349208832,0
TabPFN,holdout,priors_set_1,3789,0,0.3725880980491638,1
TabPFN,holdout,priors_set_1,3793,0,0.24892406165599823,1
TabPFN,holdout,priors_set_1,3796,1,0.3725880980491638,1
TabPFN,holdout,priors_set_1,3797,0,0.21912941336631775,0
TabPFN,holdout,priors_set_1,3804,0,0.33732303977012634,0
TabPFN,holdout,priors_set_1,3808,1,0.36676788330078125,0
TabPFN,holdout,priors_set_1,3812,0,0.36676788330078125,1
TabPFN,holdout,priors_set_1,3813,0,0.2827478349208832,0
TabPFN,holdout,priors_set_1,3814,1,0.24892406165599823,0
TabPFN,holdout,priors_set_1,3816,1,0.6396340727806091,0
TabPFN,holdout,priors_set_1,3822,0,0.20619505643844604,0
TabPFN,holdout,priors_set_1,3825,1,0.1579551100730896,0
TabPFN,holdout,priors_set_1,3828,0,0.21984699368476868,0
TabPFN,holdout,priors_set_1,3832,1,0.4118325412273407,1
TabPFN,holdout,priors_set_1,3834,1,0.5777682065963745,0
TabPFN,holdout,priors_set_1,3835,1,0.34255701303482056,1
TabPFN,holdout,priors_set_1,3836,1,0.3725880980491638,0
TabPFN,holdout,priors_set_1,3856,0,0.1579551100730896,0
TabPFN,holdout,priors_set_1,3861,1,0.31305211782455444,0
TabPFN,holdout,priors_set_1,3863,0,0.3725880980491638,1
TabPFN,holdout,priors_set_1,3867,1,0.3725880980491638,0
TabPFN,holdout,priors_set_1,3868,0,0.4683113396167755,1
TabPFN,holdout,priors_set_1,3873,1,0.4891279339790344,0
TabPFN,holdout,priors_set_1,3878,0,0.3725880980491638,0
TabPFN,holdout,priors_set_1,3881,1,0.36676788330078125,0
TabPFN,holdout,priors_set_1,3883,0,0.36676788330078125,0
TabPFN,holdout,priors_set_1,3884,0,0.30553343892097473,0
TabPFN,holdout,priors_set_1,3886,0,0.30460548400878906,0
TabPFN,holdout,priors_set_1,3887,1,0.6396340727806091,1
TabPFN,holdout,priors_set_1,3889,0,0.21912941336631775,0
TabPFN,holdout,priors_set_1,3891,1,0.4683113396167755,0
TabPFN,holdout,priors_set_1,3893,1,0.6396340727806091,1
TabPFN,holdout,priors_set_1,3895,0,0.3725880980491638,1
TabPFN,holdout,priors_set_1,3897,0,0.21912941336631775,1
TabPFN,holdout,priors_set_1,3898,0,0.6396340727806091,1
TabPFN,holdout,priors_set_1,3902,0,0.30460548400878906,0
TabPFN,holdout,priors_set_1,3903,1,0.30553343892097473,1
TabPFN,holdout,priors_set_1,3904,0,0.18501895666122437,0
TabPFN,holdout,priors_set_1,3908,1,0.3725880980491638,1
TabPFN,holdout,priors_set_1,3912,0,0.31305211782455444,0
TabPFN,holdout,priors_set_1,3917,0,0.28556081652641296,1
TabPFN,holdout,priors_set_1,3920,1,0.30553343892097473,0
TabPFN,holdout,priors_set_1,3927,1,0.24892406165599823,0
TabPFN,holdout,priors_set_1,3928,0,0.22069205343723297,1
TabPFN,holdout,priors_set_1,3930,0,0.5777682065963745,0
TabPFN,holdout,priors_set_1,3931,1,0.36676788330078125,0
TabPFN,holdout,priors_set_1,3932,1,0.30553343892097473,0
TabPFN,holdout,priors_set_1,3934,0,0.36676788330078125,1
TabPFN,holdout,priors_set_1,3938,1,0.36676788330078125,0
TabPFN,holdout,priors_set_1,3939,1,0.30553343892097473,1
TabPFN,holdout,priors_set_1,3944,1,0.28556081652641296,0
TabPFN,holdout,priors_set_1,3947,0,0.5777682065963745,1
TabPFN,holdout,priors_set_1,3953,0,0.24892406165599823,0
TabPFN,holdout,priors_set_1,3957,1,0.5051597356796265,1
TabPFN,holdout,priors_set_1,3960,1,0.3389073610305786,1
TabPFN,holdout,priors_set_1,3963,0,0.36676788330078125,1
TabPFN,holdout,priors_set_1,3971,0,0.3725880980491638,0
TabPFN,holdout,priors_set_1,3974,1,0.19022294878959656,1
TabPFN,holdout,priors_set_1,3977,0,0.21912941336631775,1
TabPFN,holdout,priors_set_1,3986,1,0.30553343892097473,0
TabPFN,holdout,priors_set_1,3987,0,0.30460548400878906,1
TabPFN,holdout,priors_set_1,3994,0,0.36676788330078125,0
TabPFN,holdout,priors_set_1,3995,0,0.3318748474121094,0
TabPFN,holdout,priors_set_1,3996,0,0.24892406165599823,0
TabPFN,holdout,priors_set_1,4002,0,0.58931565284729,0
TabPFN,holdout,priors_set_1,4003,0,0.19022294878959656,0
TabPFN,holdout,priors_set_1,4004,0,0.24892406165599823,0
TabPFN,holdout,priors_set_1,4005,0,0.28556081652641296,0
TabPFN,holdout,priors_set_1,4007,0,0.33732303977012634,0
TabPFN,holdout,priors_set_1,4010,1,0.30553343892097473,0
TabPFN,holdout,priors_set_1,4014,0,0.5777682065963745,1
TabPFN,holdout,priors_set_1,4016,0,0.36676788330078125,0
TabPFN,holdout,priors_set_1,4018,1,0.3725880980491638,1
TabPFN,holdout,priors_set_1,4025,1,0.29274865984916687,0
TabPFN,holdout,priors_set_1,4028,0,0.36676788330078125,1
TabPFN,holdout,priors_set_1,4032,0,0.24892406165599823,0
TabPFN,holdout,priors_set_1,4034,1,0.36676788330078125,1
TabPFN,holdout,priors_set_1,4036,0,0.3725880980491638,1
TabPFN,holdout,priors_set_1,4038,1,0.2549961507320404,0
TabPFN,holdout,priors_set_1,4040,0,0.3725880980491638,0
TabPFN,holdout,priors_set_1,4044,1,0.3725880980491638,1
TabPFN,holdout,priors_set_1,4047,1,0.36676788330078125,0
TabPFN,holdout,priors_set_1,4049,0,0.33732303977012634,1
TabPFN,holdout,priors_set_1,4055,1,0.30553343892097473,0
TabPFN,holdout,priors_set_1,4056,1,0.30553343892097473,1
TabPFN,holdout,priors_set_1,4064,1,0.3725880980491638,1
TabPFN,holdout,priors_set_1,4065,0,0.31305211782455444,1
TabPFN,holdout,priors_set_1,4066,1,0.21984699368476868,0
TabPFN,holdout,priors_set_1,4070,0,0.1579551100730896,0
TabPFN,holdout,priors_set_1,4072,0,0.2827478349208832,0
TabPFN,holdout,priors_set_1,4076,0,0.31305211782455444,0
TabPFN,holdout,priors_set_1,4081,1,0.3725880980491638,1
TabPFN,holdout,priors_set_1,4090,1,0.3725880980491638,1
TabPFN,holdout,priors_set_1,4093,1,0.21912941336631775,0
TabPFN,holdout,priors_set_1,4097,1,0.58931565284729,1
TabPFN,holdout,priors_set_1,4100,1,0.5777682065963745,1
TabPFN,holdout,priors_set_1,4105,0,0.6396340727806091,1
TabPFN,holdout,priors_set_1,4110,1,0.3725880980491638,1
TabPFN,holdout,priors_set_1,4111,1,0.6396340727806091,1
TabPFN,holdout,priors_set_1,4112,0,0.37539756298065186,0
TabPFN,holdout,priors_set_1,4115,1,0.34255701303482056,0
TabPFN,holdout,priors_set_1,4120,1,0.6396340727806091,0
TabPFN,holdout,priors_set_1,4125,0,0.2827478349208832,0
TabPFN,holdout,priors_set_1,4130,0,0.36676788330078125,0
TabPFN,holdout,priors_set_1,4132,0,0.22069205343723297,1
TabPFN,holdout,priors_set_1,4140,1,0.6396340727806091,1
TabPFN,holdout,priors_set_1,4141,0,0.36676788330078125,1
TabPFN,holdout,priors_set_1,4150,1,0.31305211782455444,1
TabPFN,holdout,priors_set_1,4151,1,0.3389073610305786,1
TabPFN,holdout,priors_set_1,4155,1,0.36676788330078125,0
TabPFN,holdout,priors_set_1,4157,0,0.28556081652641296,0
TabPFN,holdout,priors_set_1,4159,0,0.6396340727806091,1
TabPFN,holdout,priors_set_1,4161,0,0.31305211782455444,0
TabPFN,holdout,priors_set_1,4164,0,0.3725880980491638,0
TabPFN,holdout,priors_set_1,4168,1,0.5051597356796265,1
TabPFN,holdout,priors_set_1,4173,0,0.3725880980491638,1
TabPFN,holdout,priors_set_1,4182,1,0.3725880980491638,1
TabPFN,holdout,priors_set_1,4183,1,0.30553343892097473,1
TabPFN,holdout,priors_set_1,4191,0,0.5777682065963745,0
TabPFN,holdout,priors_set_1,4193,0,0.43210843205451965,0
TabPFN,holdout,priors_set_1,4200,0,0.5777682065963745,1
TabPFN,holdout,priors_set_1,4201,1,0.5777682065963745,1
TabPFN,holdout,priors_set_1,4204,0,0.36676788330078125,1
TabPFN,holdout,priors_set_1,4205,1,0.6396340727806091,1
TabPFN,holdout,priors_set_1,4211,0,0.31305211782455444,0
TabPFN,holdout,priors_set_1,4212,0,0.30460548400878906,0
TabPFN,holdout,priors_set_1,4217,1,0.6396340727806091,1
TabPFN,holdout,priors_set_1,4220,1,0.6396340727806091,1
TabPFN,holdout,priors_set_1,4222,0,0.2549961507320404,0
TabPFN,holdout,priors_set_1,4224,1,0.3725880980491638,0
TabPFN,holdout,priors_set_1,4227,1,0.5051597356796265,0
TabPFN,holdout,priors_set_1,4229,1,0.3725880980491638,0
TabPFN,holdout,priors_set_1,4237,0,0.5777682065963745,1
TabPFN,holdout,priors_set_1,4241,1,0.58931565284729,0
TabPFN,holdout,priors_set_1,4245,0,0.36676788330078125,0
TabPFN,holdout,priors_set_1,4248,0,0.3725880980491638,1
TabPFN,holdout,priors_set_1,4249,0,0.2827478349208832,0
TabPFN,holdout,priors_set_1,4253,1,0.3725880980491638,1
TabPFN,holdout,priors_set_1,4254,1,0.3725880980491638,1
TabPFN,holdout,priors_set_1,4256,0,0.2549961507320404,0
TabPFN,holdout,priors_set_1,4266,0,0.31616324186325073,0
TabPFN,holdout,priors_set_1,4271,1,0.31305211782455444,1
TabPFN,holdout,priors_set_1,4278,0,0.24892406165599823,0
TabPFN,holdout,priors_set_1,4281,1,0.5777682065963745,1
TabPFN,holdout,priors_set_1,4295,0,0.37539756298065186,0
TabPFN,holdout,priors_set_1,4307,1,0.3725880980491638,1
TabPFN,holdout,priors_set_1,4308,0,0.20619505643844604,0
TabPFN,holdout,priors_set_1,4309,0,0.24892406165599823,0
TabPFN,holdout,priors_set_1,4310,1,0.58931565284729,1
TabPFN,holdout,priors_set_1,4311,1,0.5777682065963745,1
TabPFN,holdout,priors_set_1,4312,0,0.2827478349208832,0
TabPFN,holdout,priors_set_1,4314,1,0.19022294878959656,0
TabPFN,holdout,priors_set_1,4317,0,0.2821224629878998,0
TabPFN,holdout,priors_set_1,4322,0,0.19022294878959656,0
TabPFN,holdout,priors_set_1,4328,1,0.3725880980491638,1
TabPFN,holdout,priors_set_1,4332,0,0.18970462679862976,0
TabPFN,holdout,priors_set_1,4334,1,0.5777682065963745,1
TabPFN,holdout,priors_set_1,4338,1,0.3725880980491638,1
TabPFN,holdout,priors_set_1,4342,0,0.5549285411834717,0
TabPFN,holdout,priors_set_1,4348,1,0.30553343892097473,0
TabPFN,holdout,priors_set_1,4355,1,0.6396340727806091,1
TabPFN,holdout,priors_set_1,4357,1,0.19022294878959656,0
TabPFN,holdout,priors_set_1,4358,0,0.36676788330078125,1
TabPFN,holdout,priors_set_1,4360,0,0.22069205343723297,0
TabPFN,holdout,priors_set_1,4367,1,0.31305211782455444,1
TabPFN,holdout,priors_set_1,4368,0,0.24892406165599823,0
TabPFN,holdout,priors_set_1,4373,1,0.2827478349208832,1
TabPFN,holdout,priors_set_1,4374,0,0.3725880980491638,0
TabPFN,holdout,priors_set_1,4380,1,0.3725880980491638,1
TabPFN,holdout,priors_set_1,4381,1,0.58931565284729,1
TabPFN,holdout,priors_set_1,4382,0,0.30460548400878906,1
TabPFN,holdout,priors_set_1,4386,1,0.30553343892097473,1
TabPFN,holdout,priors_set_1,4388,0,0.31305211782455444,0
TabPFN,holdout,priors_set_1,4389,1,0.36676788330078125,1
TabPFN,holdout,priors_set_1,4390,1,0.3725880980491638,0
TabPFN,holdout,priors_set_1,4391,1,0.18501895666122437,1
TabPFN,holdout,priors_set_1,4394,0,0.3725880980491638,1
TabPFN,holdout,priors_set_1,4395,1,0.2827478349208832,1
TabPFN,holdout,priors_set_1,4399,1,0.30553343892097473,0
TabPFN,holdout,priors_set_1,4402,1,0.6396340727806091,1
TabPFN,holdout,priors_set_1,4404,1,0.30553343892097473,1
TabPFN,holdout,priors_set_1,4408,1,0.58931565284729,0
TabPFN,holdout,priors_set_1,4411,1,0.33732303977012634,1
TabPFN,holdout,priors_set_1,4416,1,0.30553343892097473,0
TabPFN,holdout,priors_set_1,4418,1,0.37539756298065186,1
TabPFN,holdout,priors_set_1,4422,0,0.30460548400878906,0
TabPFN,holdout,priors_set_1,4423,1,0.4683113396167755,1
TabPFN,holdout,priors_set_1,4426,1,0.36676788330078125,0
TabPFN,holdout,priors_set_1,4428,1,0.36676788330078125,0
TabPFN,holdout,priors_set_1,4429,1,0.36676788330078125,0
TabPFN,holdout,priors_set_1,4435,1,0.3389073610305786,1
TabPFN,holdout,priors_set_1,4451,0,0.6396340727806091,0
TabPFN,holdout,priors_set_1,4458,0,0.31616324186325073,0
TabPFN,holdout,priors_set_1,4461,0,0.18970462679862976,0
TabPFN,holdout,priors_set_1,4462,0,0.31305211782455444,0
TabPFN,holdout,priors_set_1,4463,0,0.36676788330078125,0
TabPFN,holdout,priors_set_1,4468,1,0.6396340727806091,1
TabPFN,holdout,priors_set_1,4472,0,0.28556081652641296,0
TabPFN,holdout,priors_set_1,4476,0,0.5549285411834717,0
TabPFN,holdout,priors_set_1,4478,0,0.34255701303482056,0
TabPFN,holdout,priors_set_1,4481,1,0.5777682065963745,1
TabPFN,holdout,priors_set_1,4484,0,0.36676788330078125,1
TabPFN,holdout,priors_set_1,4485,0,0.58931565284729,0
TabPFN,holdout,priors_set_1,4486,0,0.3725880980491638,0
TabPFN,holdout,priors_set_1,4489,1,0.3725880980491638,0
TabPFN,holdout,priors_set_1,4491,1,0.24892406165599823,1
TabPFN,holdout,priors_set_1,4497,0,0.30553343892097473,1
TabPFN,holdout,priors_set_1,4499,0,0.5051597356796265,0
TabPFN,holdout,priors_set_1,4502,1,0.36676788330078125,1
TabPFN,holdout,priors_set_1,4507,1,0.2549961507320404,1
TabPFN,holdout,priors_set_1,4509,1,0.19022294878959656,0
TabPFN,holdout,priors_set_1,4511,1,0.58931565284729,1
TabPFN,holdout,priors_set_1,4533,1,0.24892406165599823,1
TabPFN,holdout,priors_set_1,4538,1,0.6396340727806091,1
TabPFN,holdout,priors_set_1,4541,1,0.6396340727806091,1
TabPFN,holdout,priors_set_1,4544,1,0.3725880980491638,0
TabPFN,holdout,priors_set_1,4549,0,0.40238305926322937,1
TabPFN,holdout,priors_set_1,4555,0,0.1579551100730896,0
TabPFN,holdout,priors_set_1,4560,0,0.5777682065963745,0
TabPFN,holdout,priors_set_1,4565,0,0.5777682065963745,0
TabPFN,holdout,priors_set_1,4568,0,0.6396340727806091,1
TabPFN,holdout,priors_set_1,4570,1,0.31305211782455444,1
TabPFN,holdout,priors_set_1,4571,1,0.18499508500099182,0
TabPFN,holdout,priors_set_1,4573,0,0.3725880980491638,0
TabPFN,holdout,priors_set_1,4574,1,0.3725880980491638,1
TabPFN,holdout,priors_set_1,4582,0,0.31305211782455444,0
TabPFN,holdout,priors_set_1,4583,0,0.28556081652641296,0
TabPFN,holdout,priors_set_1,4587,0,0.36676788330078125,0
TabPFN,holdout,priors_set_1,4589,0,0.21325455605983734,0
TabPFN,holdout,priors_set_1,4595,1,0.3725880980491638,0
TabPFN,holdout,priors_set_1,4597,0,0.3725880980491638,0
TabPFN,holdout,priors_set_1,4602,1,0.22069205343723297,0
TabPFN,holdout,priors_set_1,4603,1,0.58931565284729,1
TabPFN,holdout,priors_set_1,4605,0,0.21912941336631775,0
TabPFN,holdout,priors_set_1,4609,0,0.30553343892097473,1
TabPFN,holdout,priors_set_1,4610,1,0.21912941336631775,1
TabPFN,holdout,priors_set_1,4611,1,0.21912941336631775,0
TabPFN,holdout,priors_set_1,4615,1,0.31305211782455444,0
TabPFN,holdout,priors_set_1,4619,1,0.4683113396167755,1
TabPFN,holdout,priors_set_1,4620,0,0.17279084026813507,0
TabPFN,holdout,priors_set_1,4622,0,0.5549285411834717,1
TabPFN,holdout,priors_set_1,4623,0,0.3389073610305786,0
TabPFN,holdout,priors_set_1,4624,1,0.30553343892097473,0
TabPFN,holdout,priors_set_1,4627,0,0.33732303977012634,0
TabPFN,holdout,priors_set_1,4628,0,0.19022294878959656,0
TabPFN,holdout,priors_set_1,4639,0,0.6396340727806091,0
TabPFN,holdout,priors_set_1,4642,0,0.3318748474121094,0
TabPFN,holdout,priors_set_1,4645,1,0.3725880980491638,0
TabPFN,holdout,priors_set_1,4648,0,0.24892406165599823,0
TabPFN,holdout,priors_set_1,4649,1,0.33732303977012634,1
TabPFN,holdout,priors_set_1,4653,0,0.36676788330078125,0
TabPFN,holdout,priors_set_1,4663,1,0.3389073610305786,1
TabPFN,holdout,priors_set_1,4664,0,0.3725880980491638,1
TabPFN,holdout,priors_set_1,4665,1,0.6396340727806091,1
TabPFN,holdout,priors_set_1,4667,0,0.1579551100730896,0
TabPFN,holdout,priors_set_1,4669,0,0.3725880980491638,0
TabPFN,holdout,priors_set_1,4670,0,0.37539756298065186,0
TabPFN,holdout,priors_set_1,4672,1,0.30553343892097473,1
TabPFN,holdout,priors_set_1,4673,0,0.18766289949417114,1
TabPFN,holdout,priors_set_1,4685,1,0.30460548400878906,1
TabPFN,holdout,priors_set_1,4690,0,0.19022294878959656,1
TabPFN,holdout,priors_set_1,4691,0,0.3725880980491638,0
TabPFN,holdout,priors_set_1,4695,0,0.3725880980491638,0
TabPFN,holdout,priors_set_1,4698,0,0.4683113396167755,1
TabPFN,holdout,priors_set_1,4700,1,0.3725880980491638,1
TabPFN,holdout,priors_set_1,4703,0,0.20619505643844604,0
TabPFN,holdout,priors_set_1,4709,0,0.21325455605983734,0
TabPFN,holdout,priors_set_1,4713,1,0.33732303977012634,1
TabPFN,holdout,priors_set_1,4715,0,0.36676788330078125,0
TabPFN,holdout,priors_set_1,4720,1,0.18970462679862976,0
TabPFN,holdout,priors_set_1,4723,0,0.3725880980491638,0
TabPFN,holdout,priors_set_1,4727,1,0.5549285411834717,1
TabPFN,holdout,priors_set_1,4728,0,0.3725880980491638,1
TabPFN,holdout,priors_set_1,4729,0,0.4683113396167755,0
TabPFN,holdout,priors_set_1,4735,1,0.34255701303482056,1
TabPFN,holdout,priors_set_1,4739,1,0.30553343892097473,1
TabPFN,holdout,priors_set_1,4743,0,0.3725880980491638,0
TabPFN,holdout,priors_set_1,4747,1,0.37539756298065186,1
TabPFN,holdout,priors_set_1,4753,0,0.21912941336631775,0
TabPFN,holdout,priors_set_1,4762,1,0.3725880980491638,1
TabPFN,holdout,priors_set_1,4763,1,0.2827478349208832,1
TabPFN,holdout,priors_set_1,4770,1,0.18766289949417114,1
TabPFN,holdout,priors_set_1,4774,0,0.2827478349208832,0
TabPFN,holdout,priors_set_1,4776,1,0.6396340727806091,1
TabPFN,holdout,priors_set_1,4778,0,0.30553343892097473,0
TabPFN,holdout,priors_set_1,4781,0,0.43210843205451965,0
TabPFN,holdout,priors_set_1,4788,1,0.33732303977012634,1
TabPFN,holdout,priors_set_1,4791,0,0.2549961507320404,1
TabPFN,holdout,priors_set_1,4794,0,0.21984699368476868,0
TabPFN,holdout,priors_set_1,4797,1,0.34255701303482056,1
TabPFN,holdout,priors_set_1,4803,0,0.18501895666122437,0
TabPFN,holdout,priors_set_1,4804,1,0.3725880980491638,1
TabPFN,holdout,priors_set_1,4805,1,0.3725880980491638,0
TabPFN,holdout,priors_set_1,4806,1,0.24892406165599823,0
TabPFN,holdout,priors_set_1,4807,0,0.19022294878959656,0
TabPFN,holdout,priors_set_1,4811,0,0.30553343892097473,1
TabPFN,holdout,priors_set_1,4812,0,0.2827478349208832,0
TabPFN,holdout,priors_set_1,4815,0,0.1579551100730896,0
TabPFN,holdout,priors_set_1,4817,0,0.22069205343723297,0
TabPFN,holdout,priors_set_1,4822,1,0.37539756298065186,0
TabPFN,holdout,priors_set_1,4828,1,0.6396340727806091,1
TabPFN,holdout,priors_set_1,4830,0,0.3725880980491638,1
TabPFN,holdout,priors_set_1,4840,1,0.3725880980491638,1
TabPFN,holdout,priors_set_1,4844,0,0.37539756298065186,0
TabPFN,holdout,priors_set_1,4845,1,0.3725880980491638,1
TabPFN,holdout,priors_set_1,4847,0,0.3725880980491638,0
TabPFN,holdout,priors_set_1,4848,0,0.24892406165599823,0
TabPFN,holdout,priors_set_1,4849,1,0.3725880980491638,1
TabPFN,holdout,priors_set_1,4852,0,0.19022294878959656,0
TabPFN,holdout,priors_set_1,4853,0,0.21912941336631775,1
TabPFN,holdout,priors_set_1,4861,1,0.21912941336631775,0
TabPFN,holdout,priors_set_1,4865,1,0.37539756298065186,0
TabPFN,holdout,priors_set_1,4866,1,0.5549285411834717,1
TabPFN,holdout,priors_set_1,4867,1,0.3725880980491638,1
TabPFN,holdout,priors_set_1,4872,0,0.31305211782455444,0
TabPFN,holdout,priors_set_1,4881,0,0.3725880980491638,1
TabPFN,holdout,priors_set_1,4887,1,0.3725880980491638,0
TabPFN,holdout,priors_set_1,4890,1,0.4683113396167755,1
TabPFN,holdout,priors_set_1,4893,0,0.6166301965713501,1
TabPFN,holdout,priors_set_1,4904,0,0.30553343892097473,1
TabPFN,holdout,priors_set_1,4905,0,0.30553343892097473,0
TabPFN,holdout,priors_set_1,4908,1,0.2827478349208832,0
TabPFN,holdout,priors_set_1,4912,1,0.36676788330078125,1
TabPFN,holdout,priors_set_1,4914,1,0.23593656718730927,1
TabPFN,holdout,priors_set_1,4915,0,0.36676788330078125,0
TabPFN,holdout,priors_set_1,4916,0,0.36676788330078125,1
TabPFN,holdout,priors_set_1,4917,1,0.28556081652641296,0
TabPFN,holdout,priors_set_1,4919,0,0.5777682065963745,0
TabPFN,holdout,priors_set_1,4920,1,0.19022294878959656,0
TabPFN,holdout,priors_set_1,4926,1,0.30553343892097473,0
TabPFN,holdout,priors_set_1,4927,0,0.6396340727806091,0
TabPFN,holdout,priors_set_1,4928,0,0.19060276448726654,0
TabPFN,holdout,priors_set_1,4934,0,0.5777682065963745,0
TabPFN,holdout,priors_set_1,4935,0,0.1579551100730896,0
TabPFN,holdout,priors_set_1,4938,0,0.30553343892097473,0
TabPFN,holdout,priors_set_1,4941,0,0.21325455605983734,0
TabPFN,holdout,priors_set_1,4943,1,0.34255701303482056,0
TabPFN,holdout,priors_set_1,4950,0,0.18766289949417114,0
TabPFN,holdout,priors_set_1,4952,0,0.44919446110725403,1
TabPFN,holdout,priors_set_1,4955,0,0.2549961507320404,0
TabPFN,holdout,priors_set_1,4963,0,0.21912941336631775,0
TabPFN,holdout,priors_set_1,4964,1,0.6396340727806091,1
TabPFN,holdout,priors_set_1,4970,0,0.21912941336631775,0
TabPFN,holdout,priors_set_1,4971,1,0.30553343892097473,1
TabPFN,holdout,priors_set_1,4972,1,0.33732303977012634,1
TabPFN,holdout,priors_set_1,4980,0,0.6396340727806091,1
TabPFN,holdout,priors_set_1,4987,0,0.5777682065963745,1
TabPFN,holdout,priors_set_1,4994,1,0.3725880980491638,1
TabPFN,holdout,priors_set_1,4996,0,0.31305211782455444,0
TabPFN,holdout,priors_set_1,5000,0,0.3725880980491638,0
TabPFN,holdout,priors_set_1,5002,0,0.3725880980491638,0
TabPFN,holdout,priors_set_1,5004,0,0.5496405959129333,0
TabPFN,holdout,priors_set_1,5005,0,0.19022294878959656,0
TabPFN,holdout,priors_set_1,5008,0,0.19022294878959656,0
TabPFN,holdout,priors_set_1,5012,1,0.30460548400878906,0
TabPFN,holdout,priors_set_1,5014,0,0.21912941336631775,0
TabPFN,holdout,priors_set_1,5016,0,0.3725880980491638,1
TabPFN,holdout,priors_set_1,5017,1,0.58931565284729,1
TabPFN,holdout,priors_set_1,5018,1,0.33732303977012634,0
TabPFN,holdout,priors_set_1,5026,0,0.3725880980491638,0
TabPFN,holdout,priors_set_1,5029,0,0.2549961507320404,1
TabPFN,holdout,priors_set_1,5037,1,0.6396340727806091,1
TabPFN,holdout,priors_set_1,5044,0,0.28556081652641296,0
TabPFN,holdout,priors_set_1,5045,0,0.6396340727806091,0
TabPFN,holdout,priors_set_1,5047,1,0.36676788330078125,1
TabPFN,holdout,priors_set_1,5048,0,0.21912941336631775,1
TabPFN,holdout,priors_set_1,5059,1,0.5549285411834717,1
TabPFN,holdout,priors_set_1,5062,1,0.3725880980491638,0
TabPFN,holdout,priors_set_1,5063,0,0.19022294878959656,0
TabPFN,holdout,priors_set_1,5068,0,0.6166301965713501,0
TabPFN,holdout,priors_set_1,5069,1,0.30553343892097473,0
TabPFN,holdout,priors_set_1,5070,0,0.30460548400878906,0
TabPFN,holdout,priors_set_1,5071,0,0.6396340727806091,0
TabPFN,holdout,priors_set_1,5072,0,0.3725880980491638,0
TabPFN,holdout,priors_set_1,5077,0,0.21912941336631775,1
TabPFN,holdout,priors_set_1,5087,0,0.2827478349208832,1
TabPFN,holdout,priors_set_1,5091,0,0.3725880980491638,1
TabPFN,holdout,priors_set_1,5093,1,0.2549961507320404,0
TabPFN,holdout,priors_set_1,5094,0,0.5777682065963745,1
TabPFN,holdout,priors_set_1,5095,1,0.5549285411834717,0
TabPFN,holdout,priors_set_1,5100,1,0.19022294878959656,0
TabPFN,holdout,priors_set_1,5104,0,0.6396340727806091,1
TabPFN,holdout,priors_set_1,5105,1,0.6396340727806091,1
TabPFN,holdout,priors_set_1,5111,1,0.36676788330078125,1
TabPFN,holdout,priors_set_1,5112,1,0.21912941336631775,1
TabPFN,holdout,priors_set_1,5114,1,0.3725880980491638,1
TabPFN,holdout,priors_set_1,5119,0,0.3725880980491638,1
TabPFN,holdout,priors_set_1,5120,0,0.5496405959129333,1
TabPFN,holdout,priors_set_1,5121,0,0.34255701303482056,1
TabPFN,holdout,priors_set_1,5122,0,0.3725880980491638,0
TabPFN,holdout,priors_set_1,5125,1,0.58931565284729,0
TabPFN,holdout,priors_set_1,5126,0,0.40238305926322937,1
TabPFN,holdout,priors_set_1,5130,1,0.5777682065963745,1
TabPFN,holdout,priors_set_1,5139,0,0.3725880980491638,0
TabPFN,holdout,priors_set_1,5142,1,0.28556081652641296,0
TabPFN,holdout,priors_set_1,5144,0,0.5777682065963745,1
TabPFN,holdout,priors_set_1,5147,1,0.36676788330078125,0
TabPFN,holdout,priors_set_1,5150,1,0.15637537837028503,0
TabPFN,holdout,priors_set_1,5151,1,0.30460548400878906,1
TabPFN,holdout,priors_set_1,5152,0,0.2827478349208832,0
TabPFN,holdout,priors_set_1,5153,1,0.24892406165599823,0
TabPFN,holdout,priors_set_1,5154,0,0.30553343892097473,1
TabPFN,holdout,priors_set_1,5155,1,0.5549285411834717,1
TabPFN,holdout,priors_set_1,5156,0,0.21912941336631775,0
TabPFN,holdout,priors_set_1,5158,0,0.2549961507320404,0
TabPFN,holdout,priors_set_1,5162,0,0.30553343892097473,0
TabPFN,holdout,priors_set_1,5163,1,0.3725880980491638,1
TabPFN,holdout,priors_set_1,5165,1,0.5549285411834717,1
TabPFN,holdout,priors_set_1,5166,0,0.21912941336631775,0
TabPFN,holdout,priors_set_1,5167,0,0.6396340727806091,0
TabPFN,holdout,priors_set_1,5173,0,0.36676788330078125,0
TabPFN,holdout,priors_set_1,5177,0,0.58931565284729,1
TabPFN,holdout,priors_set_1,5178,0,0.3389073610305786,1
TabPFN,holdout,priors_set_1,5189,0,0.30553343892097473,0
TabPFN,holdout,priors_set_1,5191,1,0.3725880980491638,1
TabPFN,holdout,priors_set_1,5195,0,0.3725880980491638,0
TabPFN,holdout,priors_set_1,5196,1,0.36676788330078125,1
TabPFN,holdout,priors_set_1,5198,0,0.3725880980491638,0
TabPFN,holdout,priors_set_1,5199,0,0.19022294878959656,0
TabPFN,holdout,priors_set_1,5204,0,0.21984699368476868,0
TabPFN,holdout,priors_set_1,5205,0,0.30460548400878906,1
TabPFN,holdout,priors_set_1,5206,0,0.2827478349208832,0
TabPFN,holdout,priors_set_1,5212,0,0.19022294878959656,0
TabPFN,holdout,priors_set_1,5213,0,0.2549961507320404,0
TabPFN,holdout,priors_set_1,5218,0,0.36676788330078125,0
TabPFN,holdout,priors_set_1,5219,0,0.24892406165599823,0
TabPFN,holdout,priors_set_1,5221,0,0.3725880980491638,1
TabPFN,holdout,priors_set_1,5222,1,0.3725880980491638,1
TabPFN,holdout,priors_set_1,5224,1,0.30460548400878906,1
TabPFN,holdout,priors_set_1,5227,1,0.37539756298065186,0
TabPFN,holdout,priors_set_1,5229,1,0.58931565284729,1
TabPFN,holdout,priors_set_1,5231,1,0.18501895666122437,0
TabPFN,holdout,priors_set_1,5233,1,0.3725880980491638,1
TabPFN,holdout,priors_set_1,5235,1,0.6396340727806091,1
TabPFN,holdout,priors_set_1,5240,1,0.6396340727806091,1
TabPFN,holdout,priors_set_1,5242,0,0.6396340727806091,1
TabPFN,holdout,priors_set_1,5243,1,0.24892406165599823,0
TabPFN,holdout,priors_set_1,5246,1,0.2549961507320404,0
TabPFN,holdout,priors_set_1,5248,0,0.30553343892097473,1
TabPFN,holdout,priors_set_1,5251,0,0.5777682065963745,1
TabPFN,holdout,priors_set_1,5252,0,0.36676788330078125,1
TabPFN,holdout,priors_set_1,5253,0,0.24892406165599823,1
TabPFN,holdout,priors_set_1,5258,1,0.3725880980491638,1
TabPFN,holdout,priors_set_1,5261,0,0.1806052029132843,0
TabPFN,holdout,priors_set_1,5263,1,0.24892406165599823,0
TabPFN,holdout,priors_set_1,5267,0,0.21984699368476868,0
TabPFN,holdout,priors_set_1,5269,0,0.36676788330078125,0
TabPFN,holdout,priors_set_1,5273,0,0.36676788330078125,0
TabPFN,holdout,priors_set_1,5281,0,0.5051597356796265,0
TabPFN,holdout,priors_set_1,5285,0,0.3725880980491638,1
TabPFN,holdout,priors_set_1,5286,0,0.2549961507320404,0
TabPFN,holdout,priors_set_1,5288,1,0.31305211782455444,0
TabPFN,holdout,priors_set_1,5290,0,0.3725880980491638,1
TabPFN,holdout,priors_set_1,5300,1,0.3725880980491638,1
TabPFN,holdout,priors_set_1,5304,1,0.3725880980491638,1
TabPFN,holdout,priors_set_1,5305,0,0.34255701303482056,1
TabPFN,holdout,priors_set_1,5306,0,0.19022294878959656,1
TabPFN,holdout,priors_set_1,5309,1,0.30553343892097473,1
TabPFN,holdout,priors_set_1,5310,1,0.58931565284729,0
TabPFN,holdout,priors_set_1,5311,0,0.5496405959129333,0
TabPFN,holdout,priors_set_1,5313,0,0.28556081652641296,0
TabPFN,holdout,priors_set_1,5315,0,0.5051597356796265,0
TabPFN,holdout,priors_set_1,5321,1,0.3725880980491638,1
TabPFN,holdout,priors_set_1,5324,1,0.5051597356796265,0
TabPFN,holdout,priors_set_1,5326,0,0.30553343892097473,1
TabPFN,holdout,priors_set_1,5328,0,0.36676788330078125,1
TabPFN,holdout,priors_set_1,5329,1,0.5549285411834717,1
TabPFN,holdout,priors_set_1,5338,0,0.3725880980491638,0
TabPFN,holdout,priors_set_1,5342,1,0.3725880980491638,1
TabPFN,holdout,priors_set_1,5343,0,0.31305211782455444,1
TabPFN,holdout,priors_set_1,5345,1,0.3725880980491638,1
TabPFN,holdout,priors_set_1,5346,0,0.18970462679862976,0
TabPFN,holdout,priors_set_1,5347,1,0.33732303977012634,1
TabPFN,holdout,priors_set_1,5351,0,0.28556081652641296,0
TabPFN,holdout,priors_set_1,5352,1,0.3725880980491638,0
TabPFN,holdout,priors_set_1,5355,0,0.24892406165599823,0
TabPFN,holdout,priors_set_1,5362,0,0.33732303977012634,0
TabPFN,holdout,priors_set_1,5363,0,0.2549961507320404,0
TabPFN,holdout,priors_set_1,5367,1,0.5777682065963745,1
TabPFN,holdout,priors_set_1,5370,0,0.31305211782455444,0
TabPFN,holdout,priors_set_1,5372,0,0.3725880980491638,1
TabPFN,holdout,priors_set_1,5375,0,0.30553343892097473,1
TabPFN,holdout,priors_set_1,5377,1,0.18766289949417114,1
TabPFN,holdout,priors_set_1,5378,1,0.40238305926322937,1
TabPFN,holdout,priors_set_1,5379,0,0.21912941336631775,0
TabPFN,holdout,priors_set_1,5383,0,0.18501895666122437,0
TabPFN,holdout,priors_set_1,5384,0,0.5051597356796265,0
TabPFN,holdout,priors_set_1,5388,1,0.6396340727806091,1
TabPFN,holdout,priors_set_1,5389,1,0.34255701303482056,1
TabPFN,holdout,priors_set_1,5396,1,0.5777682065963745,1
TabPFN,holdout,priors_set_1,5397,0,0.21912941336631775,0
TabPFN,holdout,priors_set_1,5408,0,0.34255701303482056,0
TabPFN,holdout,priors_set_1,5414,1,0.2549961507320404,1
TabPFN,holdout,priors_set_1,5416,0,0.33732303977012634,0
TabPFN,holdout,priors_set_1,5418,1,0.24892406165599823,0
TabPFN,holdout,priors_set_1,5419,1,0.31305211782455444,0
TabPFN,holdout,priors_set_1,5420,1,0.3725880980491638,0
TabPFN,holdout,priors_set_1,5427,1,0.5777682065963745,0
TabPFN,holdout,priors_set_1,5438,0,0.30553343892097473,1
TabPFN,holdout,priors_set_1,5439,0,0.2549961507320404,0
TabPFN,holdout,priors_set_1,5440,0,0.3725880980491638,1
TabPFN,holdout,priors_set_1,5454,1,0.6396340727806091,1
TabPFN,holdout,priors_set_1,5479,1,0.30553343892097473,0
TabPFN,holdout,priors_set_1,5483,0,0.30553343892097473,0
TabPFN,holdout,priors_set_1,5485,1,0.19022294878959656,0
TabPFN,holdout,priors_set_1,5486,1,0.3725880980491638,0
TabPFN,holdout,priors_set_1,5489,0,0.30553343892097473,1
TabPFN,holdout,priors_set_1,5490,0,0.30553343892097473,0
TabPFN,holdout,priors_set_1,5491,0,0.19022294878959656,0
TabPFN,holdout,priors_set_1,5493,1,0.4683113396167755,1
TabPFN,holdout,priors_set_1,5495,1,0.3725880980491638,0
TabPFN,holdout,priors_set_1,5496,0,0.19022294878959656,1
TabPFN,holdout,priors_set_1,5507,1,0.30460548400878906,0
TabPFN,holdout,priors_set_1,5509,0,0.30553343892097473,0
TabPFN,holdout,priors_set_1,5520,0,0.24892406165599823,0
TabPFN,holdout,priors_set_1,5541,1,0.3725880980491638,0
TabPFN,holdout,priors_set_1,5542,1,0.5777682065963745,1
TabPFN,holdout,priors_set_1,5543,0,0.1579551100730896,0
TabPFN,holdout,priors_set_1,5547,0,0.3725880980491638,1
TabPFN,holdout,priors_set_1,5550,1,0.3725880980491638,1
TabPFN,holdout,priors_set_1,5554,1,0.5051597356796265,1
TabPFN,holdout,priors_set_1,5560,0,0.30553343892097473,0
TabPFN,holdout,priors_set_1,5564,0,0.30553343892097473,1
TabPFN,holdout,priors_set_1,5566,1,0.3725880980491638,1
TabPFN,holdout,priors_set_1,5569,1,0.3725880980491638,1
TabPFN,holdout,priors_set_1,5571,1,0.6396340727806091,1
TabPFN,holdout,priors_set_1,5574,0,0.21984699368476868,0
TabPFN,holdout,priors_set_1,5587,1,0.22069205343723297,1
TabPFN,holdout,priors_set_1,5589,1,0.21912941336631775,1
TabPFN,holdout,priors_set_1,5590,1,0.3725880980491638,1
TabPFN,holdout,priors_set_1,5591,0,0.18501895666122437,0
TabPFN,holdout,priors_set_1,5593,1,0.6396340727806091,1
TabPFN,holdout,priors_set_1,5603,1,0.34255701303482056,0
TabPFN,holdout,priors_set_1,5606,1,0.5051597356796265,1
TabPFN,holdout,priors_set_1,5607,0,0.6396340727806091,1
TabPFN,holdout,priors_set_1,5609,1,0.3725880980491638,1
TabPFN,holdout,priors_set_1,5611,1,0.4683113396167755,1
TabPFN,holdout,priors_set_1,5612,1,0.6166301965713501,0
TabPFN,holdout,priors_set_1,5615,0,0.36676788330078125,0
TabPFN,holdout,priors_set_1,5618,1,0.6396340727806091,0
TabPFN,holdout,priors_set_1,5619,0,0.21912941336631775,0
TabPFN,holdout,priors_set_1,5620,1,0.30460548400878906,1
TabPFN,holdout,priors_set_1,5621,0,0.18766289949417114,1
TabPFN,holdout,priors_set_1,5622,1,0.30553343892097473,0
TabPFN,holdout,priors_set_1,5624,1,0.1640496701002121,0
TabPFN,holdout,priors_set_1,5629,1,0.5777682065963745,1
TabPFN,holdout,priors_set_1,5632,0,0.30460548400878906,1
TabPFN,holdout,priors_set_1,5637,0,0.3725880980491638,0
TabPFN,holdout,priors_set_1,5638,1,0.34255701303482056,1
TabPFN,holdout,priors_set_1,5640,0,0.31305211782455444,0
TabPFN,holdout,priors_set_1,5641,0,0.24892406165599823,1
TabPFN,holdout,priors_set_1,5649,1,0.34255701303482056,0
TabPFN,holdout,priors_set_1,5654,0,0.5051597356796265,0
TabPFN,holdout,priors_set_1,5656,0,0.49735233187675476,0
TabPFN,holdout,priors_set_1,5663,1,0.6396340727806091,1
TabPFN,holdout,priors_set_1,5664,1,0.2821224629878998,0
TabPFN,holdout,priors_set_1,5673,0,0.31305211782455444,0
TabPFN,holdout,priors_set_1,5679,1,0.30553343892097473,1
TabPFN,holdout,priors_set_1,5689,1,0.31305211782455444,1
TabPFN,holdout,priors_set_1,5690,1,0.36676788330078125,1
TabPFN,holdout,priors_set_1,5692,0,0.21912941336631775,0
TabPFN,holdout,priors_set_1,5693,0,0.22069205343723297,0
TabPFN,holdout,priors_set_1,5697,0,0.30553343892097473,0
TabPFN,holdout,priors_set_1,5698,1,0.31305211782455444,0
TabPFN,holdout,priors_set_1,5704,1,0.18766289949417114,1
TabPFN,holdout,priors_set_1,5711,0,0.40238305926322937,0
TabPFN,holdout,priors_set_1,5712,0,0.6396340727806091,1
TabPFN,holdout,priors_set_1,5715,1,0.58931565284729,0
TabPFN,holdout,priors_set_1,5717,0,0.6396340727806091,0
TabPFN,holdout,priors_set_1,5720,0,0.37539756298065186,0
TabPFN,holdout,priors_set_1,5723,0,0.3725880980491638,0
TabPFN,holdout,priors_set_1,5724,0,0.19022294878959656,0
TabPFN,holdout,priors_set_1,5728,0,0.6396340727806091,1
TabPFN,holdout,priors_set_1,5732,0,0.31305211782455444,1
TabPFN,holdout,priors_set_1,5735,0,0.36676788330078125,0
TabPFN,holdout,priors_set_1,5737,0,0.37539756298065186,0
TabPFN,holdout,priors_set_1,5741,1,0.21912941336631775,0
TabPFN,holdout,priors_set_1,5744,0,0.31616324186325073,0
TabPFN,holdout,priors_set_1,5747,1,0.24369870126247406,0
TabPFN,holdout,priors_set_1,5750,1,0.30553343892097473,1
TabPFN,holdout,priors_set_1,5751,1,0.3725880980491638,0
TabPFN,holdout,priors_set_1,5756,0,0.31616324186325073,0
TabPFN,holdout,priors_set_1,5758,0,0.6396340727806091,1
TabPFN,holdout,priors_set_1,5759,0,0.5777682065963745,0
TabPFN,holdout,priors_set_1,5760,0,0.3725880980491638,0
TabPFN,holdout,priors_set_1,5761,1,0.30553343892097473,1
TabPFN,holdout,priors_set_1,5763,0,0.19022294878959656,0
TabPFN,holdout,priors_set_1,5767,1,0.6396340727806091,1
TabPFN,holdout,priors_set_1,5768,1,0.21912941336631775,0
TabPFN,holdout,priors_set_1,5769,0,0.3725880980491638,1
TabPFN,holdout,priors_set_1,5770,1,0.24892406165599823,1
TabPFN,holdout,priors_set_1,5773,1,0.3725880980491638,0
TabPFN,holdout,priors_set_1,5775,0,0.22069205343723297,0
TabPFN,holdout,priors_set_1,5779,0,0.5051597356796265,1
TabPFN,holdout,priors_set_1,5785,0,0.2077944427728653,0
TabPFN,holdout,priors_set_1,5793,0,0.58931565284729,0
TabPFN,holdout,priors_set_1,5805,1,0.3725880980491638,1
TabPFN,holdout,priors_set_1,5807,0,0.34255701303482056,0
TabPFN,holdout,priors_set_1,5810,0,0.1579551100730896,0
TabPFN,holdout,priors_set_1,5811,0,0.36676788330078125,0
TabPFN,holdout,priors_set_1,5812,1,0.5051597356796265,1
TabPFN,holdout,priors_set_1,5814,0,0.2821224629878998,0
TabPFN,holdout,priors_set_1,5816,1,0.3725880980491638,1
TabPFN,holdout,priors_set_1,5817,0,0.5051597356796265,1
TabPFN,holdout,priors_set_1,5826,0,0.19022294878959656,0
TabPFN,holdout,priors_set_1,5829,1,0.24892406165599823,1
TabPFN,holdout,priors_set_1,5833,0,0.22069205343723297,0
TabPFN,holdout,priors_set_1,5836,0,0.21912941336631775,0
TabPFN,holdout,priors_set_1,5843,1,0.31616324186325073,0
TabPFN,holdout,priors_set_1,5844,1,0.33732303977012634,1
TabPFN,holdout,priors_set_1,5850,0,0.36676788330078125,0
TabPFN,holdout,priors_set_1,5853,1,0.28556081652641296,0
TabPFN,holdout,priors_set_1,5855,0,0.21912941336631775,0
TabPFN,holdout,priors_set_1,5857,0,0.1640496701002121,0
TabPFN,holdout,priors_set_1,5859,1,0.30460548400878906,0
TabPFN,holdout,priors_set_1,5862,0,0.29274865984916687,0
TabPFN,holdout,priors_set_1,5865,0,0.31616324186325073,0
TabPFN,holdout,priors_set_1,5866,0,0.34255701303482056,0
TabPFN,holdout,priors_set_1,5867,1,0.58931565284729,1
TabPFN,holdout,priors_set_1,5876,0,0.31305211782455444,0
TabPFN,holdout,priors_set_1,5880,0,0.29274865984916687,1
TabPFN,holdout,priors_set_1,5885,1,0.3725880980491638,1
TabPFN,holdout,priors_set_1,5886,0,0.36676788330078125,0
TabPFN,holdout,priors_set_1,5889,0,0.36676788330078125,0
TabPFN,holdout,priors_set_1,5891,0,0.36676788330078125,0
TabPFN,holdout,priors_set_1,5892,1,0.30553343892097473,1
TabPFN,holdout,priors_set_1,5895,0,0.5777682065963745,1
TabPFN,holdout,priors_set_1,5897,1,0.30553343892097473,1
TabPFN,holdout,priors_set_1,5898,1,0.4683113396167755,0
TabPFN,holdout,priors_set_1,5901,1,0.3725880980491638,0
TabPFN,holdout,priors_set_1,5904,1,0.36676788330078125,1
TabPFN,holdout,priors_set_1,5906,1,0.30460548400878906,1
TabPFN,holdout,priors_set_1,5907,1,0.3725880980491638,1
TabPFN,holdout,priors_set_1,5908,0,0.58931565284729,1
TabPFN,holdout,priors_set_1,5915,1,0.22069205343723297,1
TabPFN,holdout,priors_set_1,5926,1,0.36676788330078125,0
TabPFN,holdout,priors_set_1,5928,0,0.24892406165599823,0
TabPFN,holdout,priors_set_1,5936,1,0.30553343892097473,0
TabPFN,holdout,priors_set_1,5939,1,0.36676788330078125,1
TabPFN,holdout,priors_set_1,5943,1,0.3725880980491638,1
TabPFN,holdout,priors_set_1,5952,1,0.30553343892097473,1
TabPFN,holdout,priors_set_1,5956,1,0.6166301965713501,1
TabPFN,holdout,priors_set_1,5957,0,0.30460548400878906,1
TabPFN,holdout,priors_set_1,5962,1,0.31616324186325073,0
TabPFN,holdout,priors_set_1,5963,1,0.34255701303482056,0
TabPFN,holdout,priors_set_1,5966,1,0.31305211782455444,0
TabPFN,holdout,priors_set_1,5977,0,0.31305211782455444,0
TabPFN,holdout,priors_set_1,5978,1,0.3725880980491638,1
TabPFN,holdout,priors_set_1,5980,1,0.6396340727806091,1
TabPFN,holdout,priors_set_1,5984,0,0.18766289949417114,0
TabPFN,holdout,priors_set_1,5985,1,0.3725880980491638,0
TabPFN,holdout,priors_set_1,5988,0,0.3725880980491638,1
TabPFN,holdout,priors_set_1,5993,0,0.30460548400878906,0
TabPFN,holdout,priors_set_1,5996,0,0.6396340727806091,1
TabPFN,holdout,priors_set_1,6002,1,0.24892406165599823,1
TabPFN,holdout,priors_set_1,6004,0,0.3725880980491638,1
TabPFN,holdout,priors_set_1,6005,0,0.30553343892097473,1
TabPFN,holdout,priors_set_1,6007,0,0.36676788330078125,0
TabPFN,holdout,priors_set_1,6010,0,0.3749726712703705,0
TabPFN,holdout,priors_set_1,6016,1,0.30460548400878906,1
TabPFN,holdout,priors_set_1,6018,0,0.2549961507320404,0
TabPFN,holdout,priors_set_1,6023,0,0.31305211782455444,0
TabPFN,holdout,priors_set_1,6024,0,0.30460548400878906,0
TabPFN,holdout,priors_set_1,6025,0,0.1579551100730896,0
TabPFN,holdout,priors_set_1,6026,1,0.6396340727806091,1
TabPFN,holdout,priors_set_1,6028,0,0.36676788330078125,0
TabPFN,holdout,priors_set_1,6031,1,0.5549285411834717,0
TabPFN,holdout,priors_set_1,6032,1,0.6396340727806091,0
TabPFN,holdout,priors_set_1,6033,0,0.24369870126247406,0
TabPFN,holdout,priors_set_1,6037,1,0.31305211782455444,0
TabPFN,holdout,priors_set_1,6039,0,0.21912941336631775,0
TabPFN,holdout,priors_set_1,6045,0,0.36676788330078125,0
TabPFN,holdout,priors_set_1,6047,0,0.1640496701002121,1
TabPFN,holdout,priors_set_1,6054,0,0.36676788330078125,0
TabPFN,holdout,priors_set_1,6059,1,0.24892406165599823,0
TabPFN,holdout,priors_set_1,6063,1,0.3725880980491638,1
TabPFN,holdout,priors_set_1,6073,1,0.30553343892097473,0
TabPFN,holdout,priors_set_1,6074,0,0.4891279339790344,0
TabPFN,holdout,priors_set_1,6077,1,0.30460548400878906,0
TabPFN,holdout,priors_set_1,6081,0,0.30460548400878906,1
TabPFN,holdout,priors_set_1,6083,1,0.3725880980491638,0
TabPFN,holdout,priors_set_1,6084,1,0.6396340727806091,1
TabPFN,holdout,priors_set_1,6086,1,0.24892406165599823,1
TabPFN,holdout,priors_set_1,6089,1,0.2549961507320404,1
TabPFN,holdout,priors_set_1,6091,1,0.22359156608581543,0
TabPFN,holdout,priors_set_1,6098,0,0.36676788330078125,1
TabPFN,holdout,priors_set_1,6099,1,0.18499508500099182,0
TabPFN,holdout,priors_set_1,6102,0,0.24892406165599823,1
TabPFN,holdout,priors_set_1,6104,0,0.3725880980491638,0
TabPFN,holdout,priors_set_1,6106,0,0.31305211782455444,1
TabPFN,holdout,priors_set_1,6110,1,0.36676788330078125,1
TabPFN,holdout,priors_set_1,6113,1,0.3725880980491638,1
TabPFN,holdout,priors_set_1,6123,1,0.3725880980491638,1
TabPFN,holdout,priors_set_1,6124,0,0.33732300996780396,0
TabPFN,holdout,priors_set_1,6126,0,0.31305214762687683,0
TabPFN,holdout,priors_set_1,6127,1,0.28556081652641296,1
TabPFN,holdout,priors_set_1,6129,0,0.1579551100730896,0
TabPFN,holdout,priors_set_1,6130,0,0.31305214762687683,1
TabPFN,holdout,priors_set_1,6134,0,0.30553340911865234,1
TabPFN,holdout,priors_set_1,6148,0,0.31305214762687683,0
TabPFN,holdout,priors_set_1,6149,1,0.30553340911865234,0
TabPFN,holdout,priors_set_1,6150,1,0.58931565284729,0
TabPFN,holdout,priors_set_1,6151,0,0.36676788330078125,0
TabPFN,holdout,priors_set_1,6157,0,0.3725880980491638,1
TabPFN,holdout,priors_set_1,6165,1,0.30553340911865234,0
