run,feature_set,model,threshold_name,threshold,comparison,attribute,primary,selection_rate,degenerate,rate_protected,rate_reference,strata_used,hurlin_statistic,hurlin_df,p_value,p_holm,reject_fairness,cmh_statistic,cmh_p,mh_odds_ratio,mh_or_low,mh_or_high,breslow_day_p
X1+X2_to_X3,age_blind,TabPFN,0.5,0.5,African-American vs Caucasian,race,True,0.3901515151515151,False,0.4827044025157233,0.25,7.0,42.49522130072046,7.0,4.174247882045702e-07,1.6696991528182808e-06,True,28.639237913435142,8.719725730355067e-08,4.667554280229951,2.542064745981221,8.570223474179706,0.0589527700395421
X1+X2_to_X3,age_blind,TabPFN,0.5,0.5,Hispanic vs Caucasian,race,False,0.2370936902485659,False,0.1844660194174757,0.25,3.0,4.906299253474439,3.0,0.178788366837207,0.3575767336744141,False,0.0117195875159021,0.9137917964349416,1.0676621558562762,0.3254717442606649,3.502308569479821,0.1671710165781339
X1+X2_to_X3,age_blind,TabPFN,0.5,0.5,Other vs Caucasian,race,False,0.2474437627811861,False,0.2318840579710145,0.25,3.0,2.065824102875157,3.0,0.5588576608843077,0.5588576608843077,False,0.1119999270977181,0.7378786349688065,0.7662793247094936,0.1612148244948546,3.6422457135508544,0.5090318924514846
X1+X2_to_X3,age_blind,TabPFN,0.5,0.5,Female vs Male,sex,False,0.3619433198380566,False,0.2136752136752136,0.3966033966033966,7.0,24.165865311448464,7.0,0.0010653256672549,0.0031959770017648,True,14.634143672613622,0.000130528165282,0.2161863878735433,0.0936620499898918,0.4989913663736166,0.5866949902235201
X1+X2_to_X3,age_blind,TabPFN,break_even,0.2523364485981308,African-American vs Caucasian,race,True,0.8825757575757576,False,0.9669811320754716,0.7547619047619047,6.0,152.01768904937498,6.0,2.8966944804327057e-30,1.1586777921730824e-29,True,117.86308971130352,0.0,inf,,,
X1+X2_to_X3,age_blind,TabPFN,break_even,0.2523364485981308,Hispanic vs Caucasian,race,False,0.7571701720841301,False,0.7669902912621359,0.7547619047619047,3.0,4.308199214876917,3.0,0.2300498875781088,0.4600997751562176,False,2.4333096421918716,0.1187818756813908,4.840236686390533,0.5809734256712322,40.32523717106889,0.6516678543667574
X1+X2_to_X3,age_blind,TabPFN,break_even,0.2523364485981308,Other vs Caucasian,race,False,0.7586912065439673,False,0.782608695652174,0.7547619047619047,3.0,0.6373688992346171,3.0,0.8878268213010798,0.8878268213010798,False,0.084553045715543,0.7712195333401239,0.8412942989214176,0.2666770384946818,2.6540571374006556,0.7596040761967457
X1+X2_to_X3,age_blind,TabPFN,break_even,0.2523364485981308,Female vs Male,sex,False,0.8663967611336032,False,0.6709401709401709,0.912087912087912,6.0,132.01313682716585,6.0,4.841869096834218e-26,1.4525607290502654e-25,True,100.75097604402733,0.0,0.0,,,
X1+X2_to_X3,age_blind,COMPAS tool,0.5,0.5,African-American vs Caucasian,race,True,0.5037878787878788,False,0.60062893081761,0.3571428571428571,18.0,39.480649958637386,18.0,0.0024549049229195,0.009819619691678,True,14.10009855912609,0.0001733346995722,1.7461978500503024,1.299522808820674,2.3464050887167383,0.1491897211927327
X1+X2_to_X3,age_blind,COMPAS tool,0.5,0.5,Hispanic vs Caucasian,race,False,0.3441682600382409,False,0.2912621359223301,0.3571428571428571,16.0,16.841556431031155,16.0,0.3959208741768648,0.7918417483537296,False,2.601598547577153,0.1067559876738647,0.637061766879837,0.3709224221494144,1.0941578901277011,0.6534213849715809
X1+X2_to_X3,age_blind,COMPAS tool,0.5,0.5,Other vs Caucasian,race,False,0.3353783231083844,False,0.2028985507246377,0.3571428571428571,15.0,28.61030574240941,15.0,0.0180464008900551,0.0541392026701654,False,11.360854871887325,0.0007500829196231,0.2631525371727546,0.121350389724796,0.5706554216884236,0.6164666453384471
X1+X2_to_X3,age_blind,COMPAS tool,0.5,0.5,Female vs Male,sex,False,0.4663967611336032,False,0.4487179487179487,0.4705294705294705,18.0,17.64118065116316,18.0,0.4795151858947996,0.7918417483537296,False,1.9127127030598912,0.1666622383289012,1.2690266670499226,0.9040477310390328,1.7813536015769325,0.18901134014294
X1+X2_to_X3,age_blind,COMPAS tool,break_even,0.2523364485981308,African-American vs Caucasian,race,True,0.5037878787878788,False,0.60062893081761,0.3571428571428571,18.0,39.480649958637386,18.0,0.0024549049229195,0.009819619691678,True,14.10009855912609,0.0001733346995722,1.7461978500503024,1.299522808820674,2.3464050887167383,0.1491897211927327
X1+X2_to_X3,age_blind,COMPAS tool,break_even,0.2523364485981308,Hispanic vs Caucasian,race,False,0.3441682600382409,False,0.2912621359223301,0.3571428571428571,16.0,16.841556431031155,16.0,0.3959208741768648,0.7918417483537296,False,2.601598547577153,0.1067559876738647,0.637061766879837,0.3709224221494144,1.0941578901277011,0.6534213849715809
X1+X2_to_X3,age_blind,COMPAS tool,break_even,0.2523364485981308,Other vs Caucasian,race,False,0.3353783231083844,False,0.2028985507246377,0.3571428571428571,15.0,28.61030574240941,15.0,0.0180464008900551,0.0541392026701654,False,11.360854871887325,0.0007500829196231,0.2631525371727546,0.121350389724796,0.5706554216884236,0.6164666453384471
X1+X2_to_X3,age_blind,COMPAS tool,break_even,0.2523364485981308,Female vs Male,sex,False,0.4663967611336032,False,0.4487179487179487,0.4705294705294705,18.0,17.64118065116316,18.0,0.4795151858947996,0.7918417483537296,False,1.9127127030598912,0.1666622383289012,1.2690266670499226,0.9040477310390328,1.7813536015769325,0.18901134014294
X1+X2_to_X3,protected_blind,TabPFN,0.5,0.5,African-American vs Caucasian,race,True,0.3551136363636363,False,0.4166666666666667,0.2619047619047619,3.0,2.3132503540288436,3.0,0.509987244701428,0.9450458550969636,False,0.029061509950495,0.8646370911193542,1.0567968405839665,0.5539130033890357,2.0162364043363423,0.3061195098534399
X1+X2_to_X3,protected_blind,TabPFN,0.5,0.5,Hispanic vs Caucasian,race,False,0.2466539196940726,False,0.1844660194174757,0.2619047619047619,3.0,3.9428009336418977,3.0,0.2677072056585168,0.8031216169755506,False,0.1525591665152425,0.6961016259695161,0.788942846469929,0.2416267725274734,2.576001030371344,0.2701923315657273
X1+X2_to_X3,protected_blind,TabPFN,0.5,0.5,Other vs Caucasian,race,False,0.2576687116564417,False,0.2318840579710145,0.2619047619047619,3.0,2.515352519711029,3.0,0.4725229275484818,0.9450458550969636,False,0.4508504341673811,0.5019313731943973,0.5918151349444347,0.1264422773548472,2.7700003612428805,0.4669285252894694
X1+X2_to_X3,protected_blind,TabPFN,0.5,0.5,Female vs Male,sex,False,0.3319838056680162,False,0.2393162393162393,0.3536463536463536,3.0,5.510416114314625,3.0,0.1380169440649792,0.5520677762599168,False,0.0423991722204229,0.8368607509102458,1.08076792472809,0.5212338481323356,2.2409506046209504,0.1587057978544818
X1+X2_to_X3,protected_blind,TabPFN,break_even,0.2523364485981308,African-American vs Caucasian,race,True,0.8446969696969697,False,0.8789308176100629,0.7928571428571428,0.0,0.0,1.0,1.0,1.0,False,,,,,,
X1+X2_to_X3,protected_blind,TabPFN,break_even,0.2523364485981308,Hispanic vs Caucasian,race,False,0.7896749521988528,False,0.7766990291262136,0.7928571428571428,0.0,0.0,1.0,1.0,1.0,False,,,,,,
X1+X2_to_X3,protected_blind,TabPFN,break_even,0.2523364485981308,Other vs Caucasian,race,False,0.8016359918200409,False,0.855072463768116,0.7928571428571428,0.0,0.0,1.0,1.0,1.0,False,,,,,,
X1+X2_to_X3,protected_blind,TabPFN,break_even,0.2523364485981308,Female vs Male,sex,False,0.8388663967611336,False,0.7649572649572649,0.8561438561438561,0.0,0.0,1.0,1.0,1.0,False,,,,,,
X1+X2_to_X3,protected_blind,COMPAS tool,0.5,0.5,African-American vs Caucasian,race,True,0.5037878787878788,False,0.60062893081761,0.3571428571428571,18.0,39.480649958637386,18.0,0.0024549049229195,0.009819619691678,True,14.10009855912609,0.0001733346995722,1.7461978500503024,1.299522808820674,2.3464050887167383,0.1491897211927327
X1+X2_to_X3,protected_blind,COMPAS tool,0.5,0.5,Hispanic vs Caucasian,race,False,0.3441682600382409,False,0.2912621359223301,0.3571428571428571,16.0,16.841556431031155,16.0,0.3959208741768648,0.7918417483537296,False,2.601598547577153,0.1067559876738647,0.637061766879837,0.3709224221494144,1.0941578901277011,0.6534213849715809
X1+X2_to_X3,protected_blind,COMPAS tool,0.5,0.5,Other vs Caucasian,race,False,0.3353783231083844,False,0.2028985507246377,0.3571428571428571,15.0,28.61030574240941,15.0,0.0180464008900551,0.0541392026701654,False,11.360854871887325,0.0007500829196231,0.2631525371727546,0.121350389724796,0.5706554216884236,0.6164666453384471
X1+X2_to_X3,protected_blind,COMPAS tool,0.5,0.5,Female vs Male,sex,False,0.4663967611336032,False,0.4487179487179487,0.4705294705294705,18.0,17.64118065116316,18.0,0.4795151858947996,0.7918417483537296,False,1.9127127030598912,0.1666622383289012,1.2690266670499226,0.9040477310390328,1.7813536015769325,0.18901134014294
X1+X2_to_X3,protected_blind,COMPAS tool,break_even,0.2523364485981308,African-American vs Caucasian,race,True,0.5037878787878788,False,0.60062893081761,0.3571428571428571,18.0,39.480649958637386,18.0,0.0024549049229195,0.009819619691678,True,14.10009855912609,0.0001733346995722,1.7461978500503024,1.299522808820674,2.3464050887167383,0.1491897211927327
X1+X2_to_X3,protected_blind,COMPAS tool,break_even,0.2523364485981308,Hispanic vs Caucasian,race,False,0.3441682600382409,False,0.2912621359223301,0.3571428571428571,16.0,16.841556431031155,16.0,0.3959208741768648,0.7918417483537296,False,2.601598547577153,0.1067559876738647,0.637061766879837,0.3709224221494144,1.0941578901277011,0.6534213849715809
X1+X2_to_X3,protected_blind,COMPAS tool,break_even,0.2523364485981308,Other vs Caucasian,race,False,0.3353783231083844,False,0.2028985507246377,0.3571428571428571,15.0,28.61030574240941,15.0,0.0180464008900551,0.0541392026701654,False,11.360854871887325,0.0007500829196231,0.2631525371727546,0.121350389724796,0.5706554216884236,0.6164666453384471
X1+X2_to_X3,protected_blind,COMPAS tool,break_even,0.2523364485981308,Female vs Male,sex,False,0.4663967611336032,False,0.4487179487179487,0.4705294705294705,18.0,17.64118065116316,18.0,0.4795151858947996,0.7918417483537296,False,1.9127127030598912,0.1666622383289012,1.2690266670499226,0.9040477310390328,1.7813536015769325,0.18901134014294
X1+X2_to_X3,race_aware,TabPFN,0.5,0.5,African-American vs Caucasian,race,True,0.4185606060606061,False,0.5031446540880503,0.2904761904761905,6.0,6.132328162613626,6.0,0.4085311677204201,0.8170623354408402,False,0.4952456506469247,0.4815966244660979,1.2091602357506368,0.709190120638535,2.061602993572626,0.3316230075789202
X1+X2_to_X3,race_aware,TabPFN,0.5,0.5,Hispanic vs Caucasian,race,False,0.2868068833652007,False,0.2718446601941747,0.2904761904761905,6.0,9.392032322931914,6.0,0.1527010790790646,0.4581032372371939,False,0.0117702240768566,0.9136064862115169,1.0545806649727838,0.4163473168701251,2.6711842105646584,0.289402311432909
X1+X2_to_X3,race_aware,TabPFN,0.5,0.5,Other vs Caucasian,race,False,0.294478527607362,False,0.3188405797101449,0.2904761904761905,5.0,2.4326303272519647,5.0,0.7866051206506295,0.8170623354408402,False,0.7229088226890668,0.3951914170167862,1.6504333896165095,0.5494846996645466,4.957245170291304,0.8670190280293713
X1+X2_to_X3,race_aware,TabPFN,0.5,0.5,Female vs Male,sex,False,0.3983805668016194,False,0.235042735042735,0.4365634365634365,6.0,80.69575119840631,6.0,2.5660825809381493e-15,1.0264330323752596e-14,True,26.18824570318524,3.097019503073284e-07,0.2857076446093454,0.1556406839834,0.5244699271363146,4.2671055577869765e-10
X1+X2_to_X3,race_aware,TabPFN,break_even,0.2523364485981308,African-American vs Caucasian,race,True,0.8172348484848485,False,0.9119496855345912,0.6738095238095239,5.0,76.77763187595114,5.0,3.95800525402847e-15,1.1874015762085411e-14,True,41.188803721917154,1.3821199740249313e-10,5.9609223204261905,3.252278134910682,10.925447774204896,3.104484270133323e-05
X1+X2_to_X3,race_aware,TabPFN,break_even,0.2523364485981308,Hispanic vs Caucasian,race,False,0.6845124282982792,False,0.7281553398058253,0.6738095238095239,4.0,1.2394602680322029,4.0,0.8715599886583264,0.8715599886583264,False,0.0953455769148606,0.757488282116413,1.1955448827582356,0.4006695407699642,3.5673477049008344,0.7817205395007131
X1+X2_to_X3,race_aware,TabPFN,break_even,0.2523364485981308,Other vs Caucasian,race,False,0.6625766871165644,False,0.5942028985507246,0.6738095238095239,3.0,24.690810770767268,3.0,1.7918166359551874e-05,3.583633271910375e-05,True,12.913705891300816,0.000326184842571,0.1460715603098487,0.0382839434986703,0.5573328863599127,0.0043276955268126
X1+X2_to_X3,race_aware,TabPFN,break_even,0.2523364485981308,Female vs Male,sex,False,0.7959514170040486,False,0.6282051282051282,0.8351648351648352,5.0,106.32455933801243,5.0,2.448384825063803e-21,9.793539300255211e-21,True,71.00667849722028,0.0,0.0530107413930648,0.020297900420465,0.1384447969903882,0.0001061560212359
X1+X2_to_X3,race_aware,COMPAS tool,0.5,0.5,African-American vs Caucasian,race,True,0.5037878787878788,False,0.60062893081761,0.3571428571428571,18.0,39.480649958637386,18.0,0.0024549049229195,0.009819619691678,True,14.10009855912609,0.0001733346995722,1.7461978500503024,1.299522808820674,2.3464050887167383,0.1491897211927327
X1+X2_to_X3,race_aware,COMPAS tool,0.5,0.5,Hispanic vs Caucasian,race,False,0.3441682600382409,False,0.2912621359223301,0.3571428571428571,16.0,16.841556431031155,16.0,0.3959208741768648,0.7918417483537296,False,2.601598547577153,0.1067559876738647,0.637061766879837,0.3709224221494144,1.0941578901277011,0.6534213849715809
X1+X2_to_X3,race_aware,COMPAS tool,0.5,0.5,Other vs Caucasian,race,False,0.3353783231083844,False,0.2028985507246377,0.3571428571428571,15.0,28.61030574240941,15.0,0.0180464008900551,0.0541392026701654,False,11.360854871887325,0.0007500829196231,0.2631525371727546,0.121350389724796,0.5706554216884236,0.6164666453384471
X1+X2_to_X3,race_aware,COMPAS tool,0.5,0.5,Female vs Male,sex,False,0.4663967611336032,False,0.4487179487179487,0.4705294705294705,18.0,17.64118065116316,18.0,0.4795151858947996,0.7918417483537296,False,1.9127127030598912,0.1666622383289012,1.2690266670499226,0.9040477310390328,1.7813536015769325,0.18901134014294
X1+X2_to_X3,race_aware,COMPAS tool,break_even,0.2523364485981308,African-American vs Caucasian,race,True,0.5037878787878788,False,0.60062893081761,0.3571428571428571,18.0,39.480649958637386,18.0,0.0024549049229195,0.009819619691678,True,14.10009855912609,0.0001733346995722,1.7461978500503024,1.299522808820674,2.3464050887167383,0.1491897211927327
X1+X2_to_X3,race_aware,COMPAS tool,break_even,0.2523364485981308,Hispanic vs Caucasian,race,False,0.3441682600382409,False,0.2912621359223301,0.3571428571428571,16.0,16.841556431031155,16.0,0.3959208741768648,0.7918417483537296,False,2.601598547577153,0.1067559876738647,0.637061766879837,0.3709224221494144,1.0941578901277011,0.6534213849715809
X1+X2_to_X3,race_aware,COMPAS tool,break_even,0.2523364485981308,Other vs Caucasian,race,False,0.3353783231083844,False,0.2028985507246377,0.3571428571428571,15.0,28.61030574240941,15.0,0.0180464008900551,0.0541392026701654,False,11.360854871887325,0.0007500829196231,0.2631525371727546,0.121350389724796,0.5706554216884236,0.6164666453384471
X1+X2_to_X3,race_aware,COMPAS tool,break_even,0.2523364485981308,Female vs Male,sex,False,0.4663967611336032,False,0.4487179487179487,0.4705294705294705,18.0,17.64118065116316,18.0,0.4795151858947996,0.7918417483537296,False,1.9127127030598912,0.1666622383289012,1.2690266670499226,0.9040477310390328,1.7813536015769325,0.18901134014294
X1+X2_to_X3,race_blind,TabPFN,0.5,0.5,African-American vs Caucasian,race,True,0.4024621212121212,False,0.4889937106918239,0.2714285714285714,5.0,6.243773640899624,5.0,0.2832161812433129,0.8496485437299386,False,1.1714098523319807,0.2791117431080496,1.39168352611922,0.7628961502647901,2.538724354814737,0.286755677957931
X1+X2_to_X3,race_blind,TabPFN,0.5,0.5,Hispanic vs Caucasian,race,False,0.27151051625239,False,0.2718446601941747,0.2714285714285714,5.0,4.848090607550671,5.0,0.4346994991895221,0.8693989983790442,False,1.336736232587425,0.2476103612611608,1.8903206656015648,0.6497686684143178,5.499360607092031,0.6354232058695193
X1+X2_to_X3,race_blind,TabPFN,0.5,0.5,Other vs Caucasian,race,False,0.2719836400817996,False,0.2753623188405797,0.2714285714285714,4.0,1.5693781988826618,4.0,0.8142849821231468,0.8693989983790442,False,0.1166504264342459,0.7326961555615834,1.3240504097999473,0.3034682328191136,5.776912698260489,0.8050554777128639
X1+X2_to_X3,race_blind,TabPFN,0.5,0.5,Female vs Male,sex,False,0.3821862348178138,False,0.235042735042735,0.4165834165834166,5.0,67.3122540999292,5.0,3.7110594696777464e-13,1.4844237878710986e-12,True,19.91130247522136,8.111933196275345e-06,0.3443985026381482,0.1874579413638753,0.6327303487728143,5.832516691839372e-10
X1+X2_to_X3,race_blind,TabPFN,break_even,0.2523364485981308,African-American vs Caucasian,race,True,0.7878787878787878,False,0.8616352201257862,0.6761904761904762,3.0,4.5384750544379475,3.0,0.2088839681966516,0.6266519045899548,False,3.397141263355534,0.0653095147270642,2.0699248767677636,0.955515274250694,4.484061229499418,0.5880750074655381
X1+X2_to_X3,race_blind,TabPFN,break_even,0.2523364485981308,Hispanic vs Caucasian,race,False,0.6883365200764818,False,0.7378640776699029,0.6761904761904762,3.0,1.19384888452548,3.0,0.7544799782277579,1.0,False,0.0570313225292947,0.8112511193132091,1.164453961456103,0.3488387762223729,3.887047887951645,0.5846760282217074
X1+X2_to_X3,race_blind,TabPFN,break_even,0.2523364485981308,Other vs Caucasian,race,False,0.6789366053169734,False,0.6956521739130435,0.6761904761904762,2.0,0.7273296458627201,2.0,0.6951241453742623,1.0,False,0.0954514622210523,0.7573578875671189,0.8202247191011235,0.2269202170786805,2.9647803024586667,0.4191883012944701
X1+X2_to_X3,race_blind,TabPFN,break_even,0.2523364485981308,Female vs Male,sex,False,0.7773279352226721,False,0.6410256410256411,0.8091908091908092,3.0,97.95129038961836,3.0,4.285095289498689e-21,1.7140381157994755e-20,True,63.139180425216395,1.887379141862766e-15,0.0603764210960989,0.021960388443315,0.1659948881953016,8.018251988373137e-06
X1+X2_to_X3,race_blind,COMPAS tool,0.5,0.5,African-American vs Caucasian,race,True,0.5037878787878788,False,0.60062893081761,0.3571428571428571,18.0,39.480649958637386,18.0,0.0024549049229195,0.009819619691678,True,14.10009855912609,0.0001733346995722,1.7461978500503024,1.299522808820674,2.3464050887167383,0.1491897211927327
X1+X2_to_X3,race_blind,COMPAS tool,0.5,0.5,Hispanic vs Caucasian,race,False,0.3441682600382409,False,0.2912621359223301,0.3571428571428571,16.0,16.841556431031155,16.0,0.3959208741768648,0.7918417483537296,False,2.601598547577153,0.1067559876738647,0.637061766879837,0.3709224221494144,1.0941578901277011,0.6534213849715809
X1+X2_to_X3,race_blind,COMPAS tool,0.5,0.5,Other vs Caucasian,race,False,0.3353783231083844,False,0.2028985507246377,0.3571428571428571,15.0,28.61030574240941,15.0,0.0180464008900551,0.0541392026701654,False,11.360854871887325,0.0007500829196231,0.2631525371727546,0.121350389724796,0.5706554216884236,0.6164666453384471
X1+X2_to_X3,race_blind,COMPAS tool,0.5,0.5,Female vs Male,sex,False,0.4663967611336032,False,0.4487179487179487,0.4705294705294705,18.0,17.64118065116316,18.0,0.4795151858947996,0.7918417483537296,False,1.9127127030598912,0.1666622383289012,1.2690266670499226,0.9040477310390328,1.7813536015769325,0.18901134014294
X1+X2_to_X3,race_blind,COMPAS tool,break_even,0.2523364485981308,African-American vs Caucasian,race,True,0.5037878787878788,False,0.60062893081761,0.3571428571428571,18.0,39.480649958637386,18.0,0.0024549049229195,0.009819619691678,True,14.10009855912609,0.0001733346995722,1.7461978500503024,1.299522808820674,2.3464050887167383,0.1491897211927327
X1+X2_to_X3,race_blind,COMPAS tool,break_even,0.2523364485981308,Hispanic vs Caucasian,race,False,0.3441682600382409,False,0.2912621359223301,0.3571428571428571,16.0,16.841556431031155,16.0,0.3959208741768648,0.7918417483537296,False,2.601598547577153,0.1067559876738647,0.637061766879837,0.3709224221494144,1.0941578901277011,0.6534213849715809
X1+X2_to_X3,race_blind,COMPAS tool,break_even,0.2523364485981308,Other vs Caucasian,race,False,0.3353783231083844,False,0.2028985507246377,0.3571428571428571,15.0,28.61030574240941,15.0,0.0180464008900551,0.0541392026701654,False,11.360854871887325,0.0007500829196231,0.2631525371727546,0.121350389724796,0.5706554216884236,0.6164666453384471
X1+X2_to_X3,race_blind,COMPAS tool,break_even,0.2523364485981308,Female vs Male,sex,False,0.4663967611336032,False,0.4487179487179487,0.4705294705294705,18.0,17.64118065116316,18.0,0.4795151858947996,0.7918417483537296,False,1.9127127030598912,0.1666622383289012,1.2690266670499226,0.9040477310390328,1.7813536015769325,0.18901134014294
X1+X2_to_X3,race_priors_blind,TabPFN,0.5,0.5,African-American vs Caucasian,race,True,0.4668560606060606,False,0.5220125786163522,0.3833333333333333,9.0,9.12986155665361,9.0,0.4253742879784625,0.8507485759569251,False,0.0625742192365579,0.8024725919726525,1.0574387201719972,0.6842404079566148,1.6341868061523357,0.3556503108093922
X1+X2_to_X3,race_priors_blind,TabPFN,0.5,0.5,Hispanic vs Caucasian,race,False,0.395793499043977,False,0.4466019417475728,0.3833333333333333,7.0,4.061349268670416,7.0,0.7726846825097033,0.8507485759569251,False,0.1688587813975307,0.6811280425663281,1.1801329708839614,0.5394282958199683,2.5818330995232337,0.7975834258813663
X1+X2_to_X3,race_priors_blind,TabPFN,0.5,0.5,Other vs Caucasian,race,False,0.3905930470347648,False,0.4347826086956521,0.3833333333333333,8.0,12.85444494763226,8.0,0.1169567975194519,0.3508703925583557,False,0.4346751715796369,0.5097037843518202,1.3630025935079058,0.5338710240388659,3.479821878802756,0.156622622088995
X1+X2_to_X3,race_priors_blind,TabPFN,0.5,0.5,Female vs Male,sex,False,0.4631578947368421,False,0.0,0.5714285714285714,9.0,667.9822433904321,9.0,5.266087994839888e-138,2.1064351979359552e-137,True,660.3175080414806,0.0,0.0,,,
X1+X2_to_X3,race_priors_blind,TabPFN,break_even,0.2523364485981308,African-American vs Caucasian,race,True,0.9791666666666666,False,0.9937106918238994,0.9571428571428572,3.0,10.254331769403924,3.0,0.0165234548703241,0.0495703646109724,True,3.501590565196088,0.0613099189841171,2.8309090909090906,0.9030922547160652,8.874006214914745,0.0805384944020963
X1+X2_to_X3,race_priors_blind,TabPFN,break_even,0.2523364485981308,Hispanic vs Caucasian,race,False,0.9617590822179732,False,0.9805825242718448,0.9571428571428572,3.0,8.828461284855608,3.0,0.0316607052940439,0.0633214105880878,False,2.5789887653839676,0.1082908235956752,3.0349650349650346,0.6903772583717545,13.341999105220191,0.0838364851768976
X1+X2_to_X3,race_priors_blind,TabPFN,break_even,0.2523364485981308,Other vs Caucasian,race,False,0.9631901840490796,False,1.0,0.9571428571428572,1.0,0.6084977933747543,1.0,0.4353539787329987,0.4353539787329987,False,0.3478260869565217,0.5553463166714221,inf,,,
X1+X2_to_X3,race_priors_blind,TabPFN,break_even,0.2523364485981308,Female vs Male,sex,False,0.9805668016194332,False,0.8974358974358975,1.0,3.0,112.65562348887036,3.0,2.9428198690254092e-24,1.1771279476101637e-23,True,101.70018005303976,0.0,0.0,,,
X1+X2_to_X3,race_priors_blind,COMPAS tool,0.5,0.5,African-American vs Caucasian,race,True,0.5037878787878788,False,0.60062893081761,0.3571428571428571,18.0,39.480649958637386,18.0,0.0024549049229195,0.009819619691678,True,14.10009855912609,0.0001733346995722,1.7461978500503024,1.299522808820674,2.3464050887167383,0.1491897211927327
X1+X2_to_X3,race_priors_blind,COMPAS tool,0.5,0.5,Hispanic vs Caucasian,race,False,0.3441682600382409,False,0.2912621359223301,0.3571428571428571,16.0,16.841556431031155,16.0,0.3959208741768648,0.7918417483537296,False,2.601598547577153,0.1067559876738647,0.637061766879837,0.3709224221494144,1.0941578901277011,0.6534213849715809
X1+X2_to_X3,race_priors_blind,COMPAS tool,0.5,0.5,Other vs Caucasian,race,False,0.3353783231083844,False,0.2028985507246377,0.3571428571428571,15.0,28.61030574240941,15.0,0.0180464008900551,0.0541392026701654,False,11.360854871887325,0.0007500829196231,0.2631525371727546,0.121350389724796,0.5706554216884236,0.6164666453384471
X1+X2_to_X3,race_priors_blind,COMPAS tool,0.5,0.5,Female vs Male,sex,False,0.4663967611336032,False,0.4487179487179487,0.4705294705294705,18.0,17.64118065116316,18.0,0.4795151858947996,0.7918417483537296,False,1.9127127030598912,0.1666622383289012,1.2690266670499226,0.9040477310390328,1.7813536015769325,0.18901134014294
X1+X2_to_X3,race_priors_blind,COMPAS tool,break_even,0.2523364485981308,African-American vs Caucasian,race,True,0.5037878787878788,False,0.60062893081761,0.3571428571428571,18.0,39.480649958637386,18.0,0.0024549049229195,0.009819619691678,True,14.10009855912609,0.0001733346995722,1.7461978500503024,1.299522808820674,2.3464050887167383,0.1491897211927327
X1+X2_to_X3,race_priors_blind,COMPAS tool,break_even,0.2523364485981308,Hispanic vs Caucasian,race,False,0.3441682600382409,False,0.2912621359223301,0.3571428571428571,16.0,16.841556431031155,16.0,0.3959208741768648,0.7918417483537296,False,2.601598547577153,0.1067559876738647,0.637061766879837,0.3709224221494144,1.0941578901277011,0.6534213849715809
X1+X2_to_X3,race_priors_blind,COMPAS tool,break_even,0.2523364485981308,Other vs Caucasian,race,False,0.3353783231083844,False,0.2028985507246377,0.3571428571428571,15.0,28.61030574240941,15.0,0.0180464008900551,0.0541392026701654,False,11.360854871887325,0.0007500829196231,0.2631525371727546,0.121350389724796,0.5706554216884236,0.6164666453384471
X1+X2_to_X3,race_priors_blind,COMPAS tool,break_even,0.2523364485981308,Female vs Male,sex,False,0.4663967611336032,False,0.4487179487179487,0.4705294705294705,18.0,17.64118065116316,18.0,0.4795151858947996,0.7918417483537296,False,1.9127127030598912,0.1666622383289012,1.2690266670499226,0.9040477310390328,1.7813536015769325,0.18901134014294
X1+X2_to_X3,race_proxy_blind,TabPFN,0.5,0.5,African-American vs Caucasian,race,True,0.178030303030303,False,0.2091194968553459,0.1309523809523809,6.0,7.888814235850648,6.0,0.246362787277452,0.492741527283856,False,0.2832349238288765,0.5945887296842962,1.207622157436018,0.6003027403942728,2.429359683036916,0.1998402702012363
X1+X2_to_X3,race_proxy_blind,TabPFN,0.5,0.5,Hispanic vs Caucasian,race,False,0.141491395793499,False,0.1844660194174757,0.1309523809523809,4.0,3.3082172291342853,4.0,0.5076313648131672,0.5076313648131672,False,0.0548831200285233,0.8147742360144283,1.16798092792958,0.3256635142750321,4.188923192836254,0.4795449752109143
X1+X2_to_X3,race_proxy_blind,TabPFN,0.5,0.5,Other vs Caucasian,race,False,0.1390593047034765,False,0.1884057971014492,0.1309523809523809,5.0,7.85782537525735,5.0,0.1642471757612853,0.492741527283856,False,0.6119945581548978,0.4340378106327871,1.8109099804305284,0.3853428290158963,8.51033082825998,0.1269624764075864
X1+X2_to_X3,race_proxy_blind,TabPFN,0.5,0.5,Female vs Male,sex,False,0.1789473684210526,False,0.0,0.2207792207792207,6.0,250.13095040168275,6.0,3.8454210965915154e-51,1.5381684386366064e-50,True,243.05841300616956,0.0,0.0,,,
X1+X2_to_X3,race_proxy_blind,TabPFN,break_even,0.2523364485981308,African-American vs Caucasian,race,True,1.0,True,1.0,1.0,0.0,0.0,1.0,1.0,1.0,False,,,,,,
X1+X2_to_X3,race_proxy_blind,TabPFN,break_even,0.2523364485981308,Hispanic vs Caucasian,race,False,1.0,True,1.0,1.0,0.0,0.0,1.0,1.0,1.0,False,,,,,,
X1+X2_to_X3,race_proxy_blind,TabPFN,break_even,0.2523364485981308,Other vs Caucasian,race,False,1.0,True,1.0,1.0,0.0,0.0,1.0,1.0,1.0,False,,,,,,
X1+X2_to_X3,race_proxy_blind,TabPFN,break_even,0.2523364485981308,Female vs Male,sex,False,1.0,True,1.0,1.0,0.0,0.0,1.0,1.0,1.0,False,,,,,,
X1+X2_to_X3,race_proxy_blind,COMPAS tool,0.5,0.5,African-American vs Caucasian,race,True,0.5037878787878788,False,0.60062893081761,0.3571428571428571,18.0,39.480649958637386,18.0,0.0024549049229195,0.009819619691678,True,14.10009855912609,0.0001733346995722,1.7461978500503024,1.299522808820674,2.3464050887167383,0.1491897211927327
X1+X2_to_X3,race_proxy_blind,COMPAS tool,0.5,0.5,Hispanic vs Caucasian,race,False,0.3441682600382409,False,0.2912621359223301,0.3571428571428571,16.0,16.841556431031155,16.0,0.3959208741768648,0.7918417483537296,False,2.601598547577153,0.1067559876738647,0.637061766879837,0.3709224221494144,1.0941578901277011,0.6534213849715809
X1+X2_to_X3,race_proxy_blind,COMPAS tool,0.5,0.5,Other vs Caucasian,race,False,0.3353783231083844,False,0.2028985507246377,0.3571428571428571,15.0,28.61030574240941,15.0,0.0180464008900551,0.0541392026701654,False,11.360854871887325,0.0007500829196231,0.2631525371727546,0.121350389724796,0.5706554216884236,0.6164666453384471
X1+X2_to_X3,race_proxy_blind,COMPAS tool,0.5,0.5,Female vs Male,sex,False,0.4663967611336032,False,0.4487179487179487,0.4705294705294705,18.0,17.64118065116316,18.0,0.4795151858947996,0.7918417483537296,False,1.9127127030598912,0.1666622383289012,1.2690266670499226,0.9040477310390328,1.7813536015769325,0.18901134014294
X1+X2_to_X3,race_proxy_blind,COMPAS tool,break_even,0.2523364485981308,African-American vs Caucasian,race,True,0.5037878787878788,False,0.60062893081761,0.3571428571428571,18.0,39.480649958637386,18.0,0.0024549049229195,0.009819619691678,True,14.10009855912609,0.0001733346995722,1.7461978500503024,1.299522808820674,2.3464050887167383,0.1491897211927327
X1+X2_to_X3,race_proxy_blind,COMPAS tool,break_even,0.2523364485981308,Hispanic vs Caucasian,race,False,0.3441682600382409,False,0.2912621359223301,0.3571428571428571,16.0,16.841556431031155,16.0,0.3959208741768648,0.7918417483537296,False,2.601598547577153,0.1067559876738647,0.637061766879837,0.3709224221494144,1.0941578901277011,0.6534213849715809
X1+X2_to_X3,race_proxy_blind,COMPAS tool,break_even,0.2523364485981308,Other vs Caucasian,race,False,0.3353783231083844,False,0.2028985507246377,0.3571428571428571,15.0,28.61030574240941,15.0,0.0180464008900551,0.0541392026701654,False,11.360854871887325,0.0007500829196231,0.2631525371727546,0.121350389724796,0.5706554216884236,0.6164666453384471
X1+X2_to_X3,race_proxy_blind,COMPAS tool,break_even,0.2523364485981308,Female vs Male,sex,False,0.4663967611336032,False,0.4487179487179487,0.4705294705294705,18.0,17.64118065116316,18.0,0.4795151858947996,0.7918417483537296,False,1.9127127030598912,0.1666622383289012,1.2690266670499226,0.9040477310390328,1.7813536015769325,0.18901134014294
X1+X2_to_X3,sex_blind,TabPFN,0.5,0.5,African-American vs Caucasian,race,True,0.4109848484848485,False,0.5015723270440252,0.2738095238095238,4.0,12.528688035441494,4.0,0.0138237656664545,0.055295062665818,False,3.0065851774484527,0.0829268233834441,1.7492415561209629,0.9110305028961752,3.3586647339833355,0.0374604873635189
X1+X2_to_X3,sex_blind,TabPFN,0.5,0.5,Hispanic vs Caucasian,race,False,0.2734225621414914,False,0.2718446601941747,0.2738095238095238,4.0,3.605343314252276,4.0,0.4620424395552815,0.9240848791105633,False,1.112320930339866,0.2915779857357568,1.849875930521092,0.6082818623836742,5.625748801569266,0.634637415862972
X1+X2_to_X3,sex_blind,TabPFN,0.5,0.5,Other vs Caucasian,race,False,0.2740286298568507,False,0.2753623188405797,0.2738095238095238,3.0,1.3303717861375768,3.0,0.7219339399688167,0.9240848791105633,False,0.0580046171996735,0.8096779813644116,1.217766810610734,0.2712232407142989,5.46765830656509,0.6278704244567119
X1+X2_to_X3,sex_blind,TabPFN,0.5,0.5,Female vs Male,sex,False,0.3894736842105263,False,0.2863247863247863,0.4135864135864135,4.0,10.118581175337855,4.0,0.0384768753201167,0.1154306259603502,False,0.5374285938472695,0.463500358544901,0.7879480461564189,0.3922482089448117,1.5828297218026854,0.017099397281919
X1+X2_to_X3,sex_blind,TabPFN,break_even,0.2523364485981308,African-American vs Caucasian,race,True,0.7973484848484849,False,0.8726415094339622,0.6833333333333333,2.0,10.490880723459249,2.0,0.0052714998166448,0.0105429996332896,True,8.295632477545375,0.0039740537182704,4.979674796747967,1.5663543082785776,15.831131532826046,0.1932533431523777
X1+X2_to_X3,sex_blind,TabPFN,break_even,0.2523364485981308,Hispanic vs Caucasian,race,False,0.6730401529636711,False,0.6310679611650486,0.6833333333333333,3.0,47.524009675510314,3.0,2.688778665543044e-10,1.0755114662172175e-09,True,29.421797917826325,5.821910953329734e-08,0.0649219929542023,0.0132581169839836,0.317908280205795,0.0001222802675253
X1+X2_to_X3,sex_blind,TabPFN,break_even,0.2523364485981308,Other vs Caucasian,race,False,0.6728016359918201,False,0.6086956521739131,0.6833333333333333,2.0,43.73795627169956,2.0,3.1799732795217877e-10,1.0755114662172175e-09,True,21.79385240079963,3.03571260806823e-06,0.1316270566727605,0.0385771077517917,0.4491182221282368,8.190080370007458e-06
X1+X2_to_X3,sex_blind,TabPFN,break_even,0.2523364485981308,Female vs Male,sex,False,0.7716599190283401,False,0.7051282051282052,0.7872127872127872,3.0,0.912540223764786,3.0,0.8224005582498021,0.8224005582498021,False,0.6874296399099755,0.4070400338419668,0.6841247419319787,0.2830494126759387,1.653515752245481,0.8967514925635061
X1+X2_to_X3,sex_blind,COMPAS tool,0.5,0.5,African-American vs Caucasian,race,True,0.5037878787878788,False,0.60062893081761,0.3571428571428571,18.0,39.480649958637386,18.0,0.0024549049229195,0.009819619691678,True,14.10009855912609,0.0001733346995722,1.7461978500503024,1.299522808820674,2.3464050887167383,0.1491897211927327
X1+X2_to_X3,sex_blind,COMPAS tool,0.5,0.5,Hispanic vs Caucasian,race,False,0.3441682600382409,False,0.2912621359223301,0.3571428571428571,16.0,16.841556431031155,16.0,0.3959208741768648,0.7918417483537296,False,2.601598547577153,0.1067559876738647,0.637061766879837,0.3709224221494144,1.0941578901277011,0.6534213849715809
X1+X2_to_X3,sex_blind,COMPAS tool,0.5,0.5,Other vs Caucasian,race,False,0.3353783231083844,False,0.2028985507246377,0.3571428571428571,15.0,28.61030574240941,15.0,0.0180464008900551,0.0541392026701654,False,11.360854871887325,0.0007500829196231,0.2631525371727546,0.121350389724796,0.5706554216884236,0.6164666453384471
X1+X2_to_X3,sex_blind,COMPAS tool,0.5,0.5,Female vs Male,sex,False,0.4663967611336032,False,0.4487179487179487,0.4705294705294705,18.0,17.64118065116316,18.0,0.4795151858947996,0.7918417483537296,False,1.9127127030598912,0.1666622383289012,1.2690266670499226,0.9040477310390328,1.7813536015769325,0.18901134014294
X1+X2_to_X3,sex_blind,COMPAS tool,break_even,0.2523364485981308,African-American vs Caucasian,race,True,0.5037878787878788,False,0.60062893081761,0.3571428571428571,18.0,39.480649958637386,18.0,0.0024549049229195,0.009819619691678,True,14.10009855912609,0.0001733346995722,1.7461978500503024,1.299522808820674,2.3464050887167383,0.1491897211927327
X1+X2_to_X3,sex_blind,COMPAS tool,break_even,0.2523364485981308,Hispanic vs Caucasian,race,False,0.3441682600382409,False,0.2912621359223301,0.3571428571428571,16.0,16.841556431031155,16.0,0.3959208741768648,0.7918417483537296,False,2.601598547577153,0.1067559876738647,0.637061766879837,0.3709224221494144,1.0941578901277011,0.6534213849715809
X1+X2_to_X3,sex_blind,COMPAS tool,break_even,0.2523364485981308,Other vs Caucasian,race,False,0.3353783231083844,False,0.2028985507246377,0.3571428571428571,15.0,28.61030574240941,15.0,0.0180464008900551,0.0541392026701654,False,11.360854871887325,0.0007500829196231,0.2631525371727546,0.121350389724796,0.5706554216884236,0.6164666453384471
X1+X2_to_X3,sex_blind,COMPAS tool,break_even,0.2523364485981308,Female vs Male,sex,False,0.4663967611336032,False,0.4487179487179487,0.4705294705294705,18.0,17.64118065116316,18.0,0.4795151858947996,0.7918417483537296,False,1.9127127030598912,0.1666622383289012,1.2690266670499226,0.9040477310390328,1.7813536015769325,0.18901134014294
X1_to_X3,age_blind,TabPFN,0.5,0.5,African-American vs Caucasian,race,True,0.4185606060606061,False,0.5062893081761006,0.2857142857142857,6.0,30.452493978126245,6.0,3.2238697051946415e-05,9.95162290866716e-05,True,18.394046194634257,1.796183430802234e-05,2.77065384983465,1.7091068431467475,4.491540588223158,0.0972062155816891
X1_to_X3,age_blind,TabPFN,0.5,0.5,Hispanic vs Caucasian,race,False,0.27151051625239,False,0.2135922330097087,0.2857142857142857,5.0,5.911119948583181,5.0,0.3149636473268003,0.4546016262468546,False,0.2065631603824184,0.6494746043168358,0.8083067092651757,0.3240281237706029,2.0163673715731103,0.4122603361857336
X1_to_X3,age_blind,TabPFN,0.5,0.5,Other vs Caucasian,race,False,0.278118609406953,False,0.2318840579710145,0.2857142857142857,5.0,6.911565580615776,5.0,0.2273008131234273,0.4546016262468546,False,2.235174312993508,0.1349014100694454,0.3440566253348912,0.0791075357528722,1.4963803424067064,0.4596272793621927
X1_to_X3,age_blind,TabPFN,0.5,0.5,Female vs Male,sex,False,0.388663967611336,False,0.2393162393162393,0.4235764235764235,6.0,31.042588289896372,6.0,2.48790572716679e-05,9.95162290866716e-05,True,13.117463279942251,0.0002925558934906,0.3081075097434996,0.1591564027345426,0.5964588036000982,0.037759571143227
X1_to_X3,age_blind,TabPFN,break_even,0.2523364485981308,African-American vs Caucasian,race,True,0.8257575757575758,False,0.9669811320754716,0.611904761904762,6.0,360.3122838930741,6.0,9.42477596390473e-75,3.769910385561892e-74,True,268.80268246986464,0.0,inf,,,
X1_to_X3,age_blind,TabPFN,break_even,0.2523364485981308,Hispanic vs Caucasian,race,False,0.6424474187380497,False,0.7669902912621359,0.611904761904762,3.0,81.2357259051434,3.0,1.6670574338930888e-17,5.0011723016792654e-17,True,81.7787901392605,0.0,inf,,,
X1_to_X3,age_blind,TabPFN,break_even,0.2523364485981308,Other vs Caucasian,race,False,0.6032719836400818,False,0.5507246376811594,0.611904761904762,0.0,0.0,1.0,1.0,1.0,False,,,,,,
X1_to_X3,age_blind,TabPFN,break_even,0.2523364485981308,Female vs Male,sex,False,0.8048582995951417,False,0.6709401709401709,0.8361638361638362,6.0,48.83329726023075,6.0,8.051236136225552e-09,1.6102472272451105e-08,True,23.17535178922414,1.4788067430604457e-06,0.2523375208440961,0.1405781734095528,0.4529453106510325,0.0018552681731244
X1_to_X3,age_blind,COMPAS tool,0.5,0.5,African-American vs Caucasian,race,True,0.5037878787878788,False,0.60062893081761,0.3571428571428571,18.0,39.480649958637386,18.0,0.0024549049229195,0.009819619691678,True,14.10009855912609,0.0001733346995722,1.7461978500503024,1.299522808820674,2.3464050887167383,0.1491897211927327
X1_to_X3,age_blind,COMPAS tool,0.5,0.5,Hispanic vs Caucasian,race,False,0.3441682600382409,False,0.2912621359223301,0.3571428571428571,16.0,16.841556431031155,16.0,0.3959208741768648,0.7918417483537296,False,2.601598547577153,0.1067559876738647,0.637061766879837,0.3709224221494144,1.0941578901277011,0.6534213849715809
X1_to_X3,age_blind,COMPAS tool,0.5,0.5,Other vs Caucasian,race,False,0.3353783231083844,False,0.2028985507246377,0.3571428571428571,15.0,28.61030574240941,15.0,0.0180464008900551,0.0541392026701654,False,11.360854871887325,0.0007500829196231,0.2631525371727546,0.121350389724796,0.5706554216884236,0.6164666453384471
X1_to_X3,age_blind,COMPAS tool,0.5,0.5,Female vs Male,sex,False,0.4663967611336032,False,0.4487179487179487,0.4705294705294705,18.0,17.64118065116316,18.0,0.4795151858947996,0.7918417483537296,False,1.9127127030598912,0.1666622383289012,1.2690266670499226,0.9040477310390328,1.7813536015769325,0.18901134014294
X1_to_X3,age_blind,COMPAS tool,break_even,0.2523364485981308,African-American vs Caucasian,race,True,0.5037878787878788,False,0.60062893081761,0.3571428571428571,18.0,39.480649958637386,18.0,0.0024549049229195,0.009819619691678,True,14.10009855912609,0.0001733346995722,1.7461978500503024,1.299522808820674,2.3464050887167383,0.1491897211927327
X1_to_X3,age_blind,COMPAS tool,break_even,0.2523364485981308,Hispanic vs Caucasian,race,False,0.3441682600382409,False,0.2912621359223301,0.3571428571428571,16.0,16.841556431031155,16.0,0.3959208741768648,0.7918417483537296,False,2.601598547577153,0.1067559876738647,0.637061766879837,0.3709224221494144,1.0941578901277011,0.6534213849715809
X1_to_X3,age_blind,COMPAS tool,break_even,0.2523364485981308,Other vs Caucasian,race,False,0.3353783231083844,False,0.2028985507246377,0.3571428571428571,15.0,28.61030574240941,15.0,0.0180464008900551,0.0541392026701654,False,11.360854871887325,0.0007500829196231,0.2631525371727546,0.121350389724796,0.5706554216884236,0.6164666453384471
X1_to_X3,age_blind,COMPAS tool,break_even,0.2523364485981308,Female vs Male,sex,False,0.4663967611336032,False,0.4487179487179487,0.4705294705294705,18.0,17.64118065116316,18.0,0.4795151858947996,0.7918417483537296,False,1.9127127030598912,0.1666622383289012,1.2690266670499226,0.9040477310390328,1.7813536015769325,0.18901134014294
X1_to_X3,protected_blind,TabPFN,0.5,0.5,African-American vs Caucasian,race,True,0.4431818181818182,False,0.4984276729559748,0.3595238095238095,6.0,9.263996555732431,6.0,0.1592663782569008,0.6370655130276034,False,0.0085077508096127,0.9265093684358404,0.9799377543430792,0.6332747236341952,1.516368752057838,0.0907459792243225
X1_to_X3,protected_blind,TabPFN,0.5,0.5,Hispanic vs Caucasian,race,False,0.3422562141491396,False,0.2718446601941747,0.3595238095238095,6.0,4.6143478114535625,6.0,0.5941373122584075,1.0,False,0.7561176702560299,0.3845462252884319,0.7172152282724101,0.3397570904735249,1.5140160370131528,0.7149558604891062
X1_to_X3,protected_blind,TabPFN,0.5,0.5,Other vs Caucasian,race,False,0.3558282208588957,False,0.3333333333333333,0.3595238095238095,5.0,6.400642358862506,5.0,0.269162427810628,0.807487283431884,False,0.0311811735056524,0.8598367987998667,0.9237167038423068,0.3806700277488503,2.241449252002144,0.2253214900110499
X1_to_X3,protected_blind,TabPFN,0.5,0.5,Female vs Male,sex,False,0.4218623481781376,False,0.329059829059829,0.4435564435564436,6.0,2.008252362945749,6.0,0.918938070596006,1.0,False,0.0639823666771381,0.8003088915721942,0.9381020593946064,0.5735354805786261,1.5344045898477896,0.8578963696168453
X1_to_X3,protected_blind,TabPFN,break_even,0.2523364485981308,African-American vs Caucasian,race,True,0.8446969696969697,False,0.8789308176100629,0.7928571428571428,0.0,0.0,1.0,1.0,1.0,False,,,,,,
X1_to_X3,protected_blind,TabPFN,break_even,0.2523364485981308,Hispanic vs Caucasian,race,False,0.7896749521988528,False,0.7766990291262136,0.7928571428571428,0.0,0.0,1.0,1.0,1.0,False,,,,,,
X1_to_X3,protected_blind,TabPFN,break_even,0.2523364485981308,Other vs Caucasian,race,False,0.8016359918200409,False,0.855072463768116,0.7928571428571428,0.0,0.0,1.0,1.0,1.0,False,,,,,,
X1_to_X3,protected_blind,TabPFN,break_even,0.2523364485981308,Female vs Male,sex,False,0.8388663967611336,False,0.7649572649572649,0.8561438561438561,0.0,0.0,1.0,1.0,1.0,False,,,,,,
X1_to_X3,protected_blind,COMPAS tool,0.5,0.5,African-American vs Caucasian,race,True,0.5037878787878788,False,0.60062893081761,0.3571428571428571,18.0,39.480649958637386,18.0,0.0024549049229195,0.009819619691678,True,14.10009855912609,0.0001733346995722,1.7461978500503024,1.299522808820674,2.3464050887167383,0.1491897211927327
X1_to_X3,protected_blind,COMPAS tool,0.5,0.5,Hispanic vs Caucasian,race,False,0.3441682600382409,False,0.2912621359223301,0.3571428571428571,16.0,16.841556431031155,16.0,0.3959208741768648,0.7918417483537296,False,2.601598547577153,0.1067559876738647,0.637061766879837,0.3709224221494144,1.0941578901277011,0.6534213849715809
X1_to_X3,protected_blind,COMPAS tool,0.5,0.5,Other vs Caucasian,race,False,0.3353783231083844,False,0.2028985507246377,0.3571428571428571,15.0,28.61030574240941,15.0,0.0180464008900551,0.0541392026701654,False,11.360854871887325,0.0007500829196231,0.2631525371727546,0.121350389724796,0.5706554216884236,0.6164666453384471
X1_to_X3,protected_blind,COMPAS tool,0.5,0.5,Female vs Male,sex,False,0.4663967611336032,False,0.4487179487179487,0.4705294705294705,18.0,17.64118065116316,18.0,0.4795151858947996,0.7918417483537296,False,1.9127127030598912,0.1666622383289012,1.2690266670499226,0.9040477310390328,1.7813536015769325,0.18901134014294
X1_to_X3,protected_blind,COMPAS tool,break_even,0.2523364485981308,African-American vs Caucasian,race,True,0.5037878787878788,False,0.60062893081761,0.3571428571428571,18.0,39.480649958637386,18.0,0.0024549049229195,0.009819619691678,True,14.10009855912609,0.0001733346995722,1.7461978500503024,1.299522808820674,2.3464050887167383,0.1491897211927327
X1_to_X3,protected_blind,COMPAS tool,break_even,0.2523364485981308,Hispanic vs Caucasian,race,False,0.3441682600382409,False,0.2912621359223301,0.3571428571428571,16.0,16.841556431031155,16.0,0.3959208741768648,0.7918417483537296,False,2.601598547577153,0.1067559876738647,0.637061766879837,0.3709224221494144,1.0941578901277011,0.6534213849715809
X1_to_X3,protected_blind,COMPAS tool,break_even,0.2523364485981308,Other vs Caucasian,race,False,0.3353783231083844,False,0.2028985507246377,0.3571428571428571,15.0,28.61030574240941,15.0,0.0180464008900551,0.0541392026701654,False,11.360854871887325,0.0007500829196231,0.2631525371727546,0.121350389724796,0.5706554216884236,0.6164666453384471
X1_to_X3,protected_blind,COMPAS tool,break_even,0.2523364485981308,Female vs Male,sex,False,0.4663967611336032,False,0.4487179487179487,0.4705294705294705,18.0,17.64118065116316,18.0,0.4795151858947996,0.7918417483537296,False,1.9127127030598912,0.1666622383289012,1.2690266670499226,0.9040477310390328,1.7813536015769325,0.18901134014294
X1_to_X3,race_aware,TabPFN,0.5,0.5,African-American vs Caucasian,race,True,0.4251893939393939,False,0.5141509433962265,0.2904761904761905,6.0,11.007820723612657,6.0,0.0881350239652888,0.2644050718958664,False,1.3101548948455588,0.2523666127231858,1.3737251625185067,0.7871894630768805,2.3972892304227815,0.1059836225757731
X1_to_X3,race_aware,TabPFN,0.5,0.5,Hispanic vs Caucasian,race,False,0.2868068833652007,False,0.2718446601941747,0.2904761904761905,6.0,9.033028287834124,6.0,0.1717290863386057,0.3434581726772115,False,0.0032255484856508,0.9547093633140308,1.0284294933705789,0.4033154347215331,2.6224318034461684,0.3119425718939566
X1_to_X3,race_aware,TabPFN,0.5,0.5,Other vs Caucasian,race,False,0.294478527607362,False,0.3188405797101449,0.2904761904761905,5.0,2.2738812436731735,5.0,0.810095272032739,0.810095272032739,False,0.4240158762429798,0.5149399716113183,1.4672364858252047,0.4827312916293368,4.459588476376836,0.8433201863695505
X1_to_X3,race_aware,TabPFN,0.5,0.5,Female vs Male,sex,False,0.4040485829959514,False,0.2606837606837607,0.4375624375624375,6.0,51.4332356639148,6.0,2.4241291959616523e-09,9.696516783846607e-09,True,13.396030852164076,0.0002521573201604,0.3643253076729587,0.1912896488012366,0.693884539193832,1.1247942799386124e-06
X1_to_X3,race_aware,TabPFN,break_even,0.2523364485981308,African-American vs Caucasian,race,True,0.7642045454545454,False,0.8616352201257862,0.6166666666666667,3.0,70.48532732081597,3.0,3.3599319913782013e-15,1.3439727965512804e-14,True,43.047040460127576,5.3439364045004816e-11,9.951076758109195,4.484098394491839,22.083353203716435,0.0001116289439332
X1_to_X3,race_aware,TabPFN,break_even,0.2523364485981308,Hispanic vs Caucasian,race,False,0.621414913957935,False,0.6407766990291263,0.6166666666666667,3.0,3.1416506415473484,3.0,0.3702968419296981,0.7405936838593962,False,0.8179970103318387,0.36576644450789,0.5247981545559401,0.1230270007776031,2.238639496082546,0.3710214695187376
X1_to_X3,race_aware,TabPFN,break_even,0.2523364485981308,Other vs Caucasian,race,False,0.6155419222903885,False,0.6086956521739131,0.6166666666666667,1.0,0.0932497847362675,1.0,0.7600856797441,0.7600856797441,False,0.0913978494623656,0.762407544632677,1.3846153846153844,0.1719878115917192,11.14706760653913,
X1_to_X3,race_aware,TabPFN,break_even,0.2523364485981308,Female vs Male,sex,False,0.7441295546558705,False,0.6410256410256411,0.7682317682317682,4.0,27.225545560036913,4.0,1.7897012010947153e-05,5.369103603284146e-05,True,17.02130271797378,3.696278492559823e-05,0.1287874980509196,0.0426072372961935,0.3892817442941187,0.0947801616922751
X1_to_X3,race_aware,COMPAS tool,0.5,0.5,African-American vs Caucasian,race,True,0.5037878787878788,False,0.60062893081761,0.3571428571428571,18.0,39.480649958637386,18.0,0.0024549049229195,0.009819619691678,True,14.10009855912609,0.0001733346995722,1.7461978500503024,1.299522808820674,2.3464050887167383,0.1491897211927327
X1_to_X3,race_aware,COMPAS tool,0.5,0.5,Hispanic vs Caucasian,race,False,0.3441682600382409,False,0.2912621359223301,0.3571428571428571,16.0,16.841556431031155,16.0,0.3959208741768648,0.7918417483537296,False,2.601598547577153,0.1067559876738647,0.637061766879837,0.3709224221494144,1.0941578901277011,0.6534213849715809
X1_to_X3,race_aware,COMPAS tool,0.5,0.5,Other vs Caucasian,race,False,0.3353783231083844,False,0.2028985507246377,0.3571428571428571,15.0,28.61030574240941,15.0,0.0180464008900551,0.0541392026701654,False,11.360854871887325,0.0007500829196231,0.2631525371727546,0.121350389724796,0.5706554216884236,0.6164666453384471
X1_to_X3,race_aware,COMPAS tool,0.5,0.5,Female vs Male,sex,False,0.4663967611336032,False,0.4487179487179487,0.4705294705294705,18.0,17.64118065116316,18.0,0.4795151858947996,0.7918417483537296,False,1.9127127030598912,0.1666622383289012,1.2690266670499226,0.9040477310390328,1.7813536015769325,0.18901134014294
X1_to_X3,race_aware,COMPAS tool,break_even,0.2523364485981308,African-American vs Caucasian,race,True,0.5037878787878788,False,0.60062893081761,0.3571428571428571,18.0,39.480649958637386,18.0,0.0024549049229195,0.009819619691678,True,14.10009855912609,0.0001733346995722,1.7461978500503024,1.299522808820674,2.3464050887167383,0.1491897211927327
X1_to_X3,race_aware,COMPAS tool,break_even,0.2523364485981308,Hispanic vs Caucasian,race,False,0.3441682600382409,False,0.2912621359223301,0.3571428571428571,16.0,16.841556431031155,16.0,0.3959208741768648,0.7918417483537296,False,2.601598547577153,0.1067559876738647,0.637061766879837,0.3709224221494144,1.0941578901277011,0.6534213849715809
X1_to_X3,race_aware,COMPAS tool,break_even,0.2523364485981308,Other vs Caucasian,race,False,0.3353783231083844,False,0.2028985507246377,0.3571428571428571,15.0,28.61030574240941,15.0,0.0180464008900551,0.0541392026701654,False,11.360854871887325,0.0007500829196231,0.2631525371727546,0.121350389724796,0.5706554216884236,0.6164666453384471
X1_to_X3,race_aware,COMPAS tool,break_even,0.2523364485981308,Female vs Male,sex,False,0.4663967611336032,False,0.4487179487179487,0.4705294705294705,18.0,17.64118065116316,18.0,0.4795151858947996,0.7918417483537296,False,1.9127127030598912,0.1666622383289012,1.2690266670499226,0.9040477310390328,1.7813536015769325,0.18901134014294
X1_to_X3,race_blind,TabPFN,0.5,0.5,African-American vs Caucasian,race,True,0.4232954545454545,False,0.5110062893081762,0.2904761904761905,5.0,6.86257924753842,5.0,0.2310627285539627,0.6931881856618881,False,0.9947166535159916,0.3185923091436328,1.3258838495157248,0.7551092397783622,2.3280975649597817,0.2158229972731553
X1_to_X3,race_blind,TabPFN,0.5,0.5,Hispanic vs Caucasian,race,False,0.2944550669216061,False,0.3106796116504854,0.2904761904761905,5.0,5.090746041897537,5.0,0.4049061875635921,0.8098123751271842,False,1.755087879095463,0.1852383914613324,1.8985177972519744,0.7584441665046763,4.752320586884315,0.6946608461902251
X1_to_X3,race_blind,TabPFN,0.5,0.5,Other vs Caucasian,race,False,0.294478527607362,False,0.3188405797101449,0.2904761904761905,4.0,1.7909136434931017,4.0,0.7741443335058726,0.8098123751271842,False,0.5165711004282822,0.4723080293314533,1.5296640732441504,0.4998624374492024,4.681032223413808,0.7940244923905897
X1_to_X3,race_blind,TabPFN,0.5,0.5,Female vs Male,sex,False,0.4056680161943319,False,0.2735042735042735,0.4365634365634365,5.0,38.21568554836538,5.0,3.414898366337704e-07,1.3659593465350816e-06,True,8.340967300598136,0.0038760955241858,0.4202042099461,0.216104046241123,0.8170674317657726,2.466245855525795e-05
X1_to_X3,race_blind,TabPFN,break_even,0.2523364485981308,African-American vs Caucasian,race,True,0.7329545454545454,False,0.8050314465408805,0.6238095238095238,2.0,2.784652777489284,2.0,0.2484965321323492,0.993986128529397,False,1.5835984644708048,0.2082431242421678,1.938280166435506,0.6892549509572137,5.450711668272759,0.2845574313262572
X1_to_X3,race_blind,TabPFN,break_even,0.2523364485981308,Hispanic vs Caucasian,race,False,0.6290630975143403,False,0.6504854368932039,0.6238095238095238,2.0,2.226271411568439,2.0,0.3285271796616063,0.993986128529397,False,1.2376337518867186,0.2659275753273025,0.4269340974212035,0.0934482354374099,1.950520763582967,0.3202091683279675
X1_to_X3,race_blind,TabPFN,break_even,0.2523364485981308,Other vs Caucasian,race,False,0.621676891615542,False,0.6086956521739131,0.6238095238095238,1.0,0.0932497847362675,1.0,0.7600856797441,1.0,False,0.0913978494623656,0.762407544632677,1.3846153846153844,0.1719878115917192,11.14706760653913,
X1_to_X3,race_blind,TabPFN,break_even,0.2523364485981308,Female vs Male,sex,False,0.7182186234817813,False,0.6581196581196581,0.7322677322677322,2.0,0.6103202033355695,2.0,0.737005369156694,1.0,False,0.2357818007049023,0.6272694598139323,0.759535655058043,0.252472923251353,2.284975370329574,0.5445369236607197
X1_to_X3,race_blind,COMPAS tool,0.5,0.5,African-American vs Caucasian,race,True,0.5037878787878788,False,0.60062893081761,0.3571428571428571,18.0,39.480649958637386,18.0,0.0024549049229195,0.009819619691678,True,14.10009855912609,0.0001733346995722,1.7461978500503024,1.299522808820674,2.3464050887167383,0.1491897211927327
X1_to_X3,race_blind,COMPAS tool,0.5,0.5,Hispanic vs Caucasian,race,False,0.3441682600382409,False,0.2912621359223301,0.3571428571428571,16.0,16.841556431031155,16.0,0.3959208741768648,0.7918417483537296,False,2.601598547577153,0.1067559876738647,0.637061766879837,0.3709224221494144,1.0941578901277011,0.6534213849715809
X1_to_X3,race_blind,COMPAS tool,0.5,0.5,Other vs Caucasian,race,False,0.3353783231083844,False,0.2028985507246377,0.3571428571428571,15.0,28.61030574240941,15.0,0.0180464008900551,0.0541392026701654,False,11.360854871887325,0.0007500829196231,0.2631525371727546,0.121350389724796,0.5706554216884236,0.6164666453384471
X1_to_X3,race_blind,COMPAS tool,0.5,0.5,Female vs Male,sex,False,0.4663967611336032,False,0.4487179487179487,0.4705294705294705,18.0,17.64118065116316,18.0,0.4795151858947996,0.7918417483537296,False,1.9127127030598912,0.1666622383289012,1.2690266670499226,0.9040477310390328,1.7813536015769325,0.18901134014294
X1_to_X3,race_blind,COMPAS tool,break_even,0.2523364485981308,African-American vs Caucasian,race,True,0.5037878787878788,False,0.60062893081761,0.3571428571428571,18.0,39.480649958637386,18.0,0.0024549049229195,0.009819619691678,True,14.10009855912609,0.0001733346995722,1.7461978500503024,1.299522808820674,2.3464050887167383,0.1491897211927327
X1_to_X3,race_blind,COMPAS tool,break_even,0.2523364485981308,Hispanic vs Caucasian,race,False,0.3441682600382409,False,0.2912621359223301,0.3571428571428571,16.0,16.841556431031155,16.0,0.3959208741768648,0.7918417483537296,False,2.601598547577153,0.1067559876738647,0.637061766879837,0.3709224221494144,1.0941578901277011,0.6534213849715809
X1_to_X3,race_blind,COMPAS tool,break_even,0.2523364485981308,Other vs Caucasian,race,False,0.3353783231083844,False,0.2028985507246377,0.3571428571428571,15.0,28.61030574240941,15.0,0.0180464008900551,0.0541392026701654,False,11.360854871887325,0.0007500829196231,0.2631525371727546,0.121350389724796,0.5706554216884236,0.6164666453384471
X1_to_X3,race_blind,COMPAS tool,break_even,0.2523364485981308,Female vs Male,sex,False,0.4663967611336032,False,0.4487179487179487,0.4705294705294705,18.0,17.64118065116316,18.0,0.4795151858947996,0.7918417483537296,False,1.9127127030598912,0.1666622383289012,1.2690266670499226,0.9040477310390328,1.7813536015769325,0.18901134014294
X1_to_X3,race_priors_blind,TabPFN,0.5,0.5,African-American vs Caucasian,race,True,0.4668560606060606,False,0.5220125786163522,0.3833333333333333,9.0,9.12986155665361,9.0,0.4253742879784625,0.8507485759569251,False,0.0625742192365579,0.8024725919726525,1.0574387201719972,0.6842404079566148,1.6341868061523357,0.3556503108093922
X1_to_X3,race_priors_blind,TabPFN,0.5,0.5,Hispanic vs Caucasian,race,False,0.395793499043977,False,0.4466019417475728,0.3833333333333333,7.0,4.061349268670416,7.0,0.7726846825097033,0.8507485759569251,False,0.1688587813975307,0.6811280425663281,1.1801329708839614,0.5394282958199683,2.5818330995232337,0.7975834258813663
X1_to_X3,race_priors_blind,TabPFN,0.5,0.5,Other vs Caucasian,race,False,0.3905930470347648,False,0.4347826086956521,0.3833333333333333,8.0,12.85444494763226,8.0,0.1169567975194519,0.3508703925583557,False,0.4346751715796369,0.5097037843518202,1.3630025935079058,0.5338710240388659,3.479821878802756,0.156622622088995
X1_to_X3,race_priors_blind,TabPFN,0.5,0.5,Female vs Male,sex,False,0.4631578947368421,False,0.0,0.5714285714285714,9.0,667.9822433904321,9.0,5.266087994839888e-138,2.1064351979359552e-137,True,660.3175080414806,0.0,0.0,,,
X1_to_X3,race_priors_blind,TabPFN,break_even,0.2523364485981308,African-American vs Caucasian,race,True,0.9791666666666666,False,0.9937106918238994,0.9571428571428572,3.0,10.254331769403924,3.0,0.0165234548703241,0.0495703646109724,True,3.501590565196088,0.0613099189841171,2.8309090909090906,0.9030922547160652,8.874006214914745,0.0805384944020963
X1_to_X3,race_priors_blind,TabPFN,break_even,0.2523364485981308,Hispanic vs Caucasian,race,False,0.9617590822179732,False,0.9805825242718448,0.9571428571428572,3.0,8.828461284855608,3.0,0.0316607052940439,0.0633214105880878,False,2.5789887653839676,0.1082908235956752,3.0349650349650346,0.6903772583717545,13.341999105220191,0.0838364851768976
X1_to_X3,race_priors_blind,TabPFN,break_even,0.2523364485981308,Other vs Caucasian,race,False,0.9631901840490796,False,1.0,0.9571428571428572,1.0,0.6084977933747543,1.0,0.4353539787329987,0.4353539787329987,False,0.3478260869565217,0.5553463166714221,inf,,,
X1_to_X3,race_priors_blind,TabPFN,break_even,0.2523364485981308,Female vs Male,sex,False,0.9805668016194332,False,0.8974358974358975,1.0,3.0,112.65562348887036,3.0,2.9428198690254092e-24,1.1771279476101637e-23,True,101.70018005303976,0.0,0.0,,,
X1_to_X3,race_priors_blind,COMPAS tool,0.5,0.5,African-American vs Caucasian,race,True,0.5037878787878788,False,0.60062893081761,0.3571428571428571,18.0,39.480649958637386,18.0,0.0024549049229195,0.009819619691678,True,14.10009855912609,0.0001733346995722,1.7461978500503024,1.299522808820674,2.3464050887167383,0.1491897211927327
X1_to_X3,race_priors_blind,COMPAS tool,0.5,0.5,Hispanic vs Caucasian,race,False,0.3441682600382409,False,0.2912621359223301,0.3571428571428571,16.0,16.841556431031155,16.0,0.3959208741768648,0.7918417483537296,False,2.601598547577153,0.1067559876738647,0.637061766879837,0.3709224221494144,1.0941578901277011,0.6534213849715809
X1_to_X3,race_priors_blind,COMPAS tool,0.5,0.5,Other vs Caucasian,race,False,0.3353783231083844,False,0.2028985507246377,0.3571428571428571,15.0,28.61030574240941,15.0,0.0180464008900551,0.0541392026701654,False,11.360854871887325,0.0007500829196231,0.2631525371727546,0.121350389724796,0.5706554216884236,0.6164666453384471
X1_to_X3,race_priors_blind,COMPAS tool,0.5,0.5,Female vs Male,sex,False,0.4663967611336032,False,0.4487179487179487,0.4705294705294705,18.0,17.64118065116316,18.0,0.4795151858947996,0.7918417483537296,False,1.9127127030598912,0.1666622383289012,1.2690266670499226,0.9040477310390328,1.7813536015769325,0.18901134014294
X1_to_X3,race_priors_blind,COMPAS tool,break_even,0.2523364485981308,African-American vs Caucasian,race,True,0.5037878787878788,False,0.60062893081761,0.3571428571428571,18.0,39.480649958637386,18.0,0.0024549049229195,0.009819619691678,True,14.10009855912609,0.0001733346995722,1.7461978500503024,1.299522808820674,2.3464050887167383,0.1491897211927327
X1_to_X3,race_priors_blind,COMPAS tool,break_even,0.2523364485981308,Hispanic vs Caucasian,race,False,0.3441682600382409,False,0.2912621359223301,0.3571428571428571,16.0,16.841556431031155,16.0,0.3959208741768648,0.7918417483537296,False,2.601598547577153,0.1067559876738647,0.637061766879837,0.3709224221494144,1.0941578901277011,0.6534213849715809
X1_to_X3,race_priors_blind,COMPAS tool,break_even,0.2523364485981308,Other vs Caucasian,race,False,0.3353783231083844,False,0.2028985507246377,0.3571428571428571,15.0,28.61030574240941,15.0,0.0180464008900551,0.0541392026701654,False,11.360854871887325,0.0007500829196231,0.2631525371727546,0.121350389724796,0.5706554216884236,0.6164666453384471
X1_to_X3,race_priors_blind,COMPAS tool,break_even,0.2523364485981308,Female vs Male,sex,False,0.4663967611336032,False,0.4487179487179487,0.4705294705294705,18.0,17.64118065116316,18.0,0.4795151858947996,0.7918417483537296,False,1.9127127030598912,0.1666622383289012,1.2690266670499226,0.9040477310390328,1.7813536015769325,0.18901134014294
X1_to_X3,race_proxy_blind,TabPFN,0.5,0.5,African-American vs Caucasian,race,True,0.178030303030303,False,0.2091194968553459,0.1309523809523809,6.0,7.888814235850648,6.0,0.246362787277452,0.492741527283856,False,0.2832349238288765,0.5945887296842962,1.207622157436018,0.6003027403942728,2.429359683036916,0.1998402702012363
X1_to_X3,race_proxy_blind,TabPFN,0.5,0.5,Hispanic vs Caucasian,race,False,0.141491395793499,False,0.1844660194174757,0.1309523809523809,4.0,3.3082172291342853,4.0,0.5076313648131672,0.5076313648131672,False,0.0548831200285233,0.8147742360144283,1.16798092792958,0.3256635142750321,4.188923192836254,0.4795449752109143
X1_to_X3,race_proxy_blind,TabPFN,0.5,0.5,Other vs Caucasian,race,False,0.1390593047034765,False,0.1884057971014492,0.1309523809523809,5.0,7.85782537525735,5.0,0.1642471757612853,0.492741527283856,False,0.6119945581548978,0.4340378106327871,1.8109099804305284,0.3853428290158963,8.51033082825998,0.1269624764075864
X1_to_X3,race_proxy_blind,TabPFN,0.5,0.5,Female vs Male,sex,False,0.1789473684210526,False,0.0,0.2207792207792207,6.0,250.13095040168275,6.0,3.8454210965915154e-51,1.5381684386366064e-50,True,243.05841300616956,0.0,0.0,,,
X1_to_X3,race_proxy_blind,TabPFN,break_even,0.2523364485981308,African-American vs Caucasian,race,True,1.0,True,1.0,1.0,0.0,0.0,1.0,1.0,1.0,False,,,,,,
X1_to_X3,race_proxy_blind,TabPFN,break_even,0.2523364485981308,Hispanic vs Caucasian,race,False,1.0,True,1.0,1.0,0.0,0.0,1.0,1.0,1.0,False,,,,,,
X1_to_X3,race_proxy_blind,TabPFN,break_even,0.2523364485981308,Other vs Caucasian,race,False,1.0,True,1.0,1.0,0.0,0.0,1.0,1.0,1.0,False,,,,,,
X1_to_X3,race_proxy_blind,TabPFN,break_even,0.2523364485981308,Female vs Male,sex,False,1.0,True,1.0,1.0,0.0,0.0,1.0,1.0,1.0,False,,,,,,
X1_to_X3,race_proxy_blind,COMPAS tool,0.5,0.5,African-American vs Caucasian,race,True,0.5037878787878788,False,0.60062893081761,0.3571428571428571,18.0,39.480649958637386,18.0,0.0024549049229195,0.009819619691678,True,14.10009855912609,0.0001733346995722,1.7461978500503024,1.299522808820674,2.3464050887167383,0.1491897211927327
X1_to_X3,race_proxy_blind,COMPAS tool,0.5,0.5,Hispanic vs Caucasian,race,False,0.3441682600382409,False,0.2912621359223301,0.3571428571428571,16.0,16.841556431031155,16.0,0.3959208741768648,0.7918417483537296,False,2.601598547577153,0.1067559876738647,0.637061766879837,0.3709224221494144,1.0941578901277011,0.6534213849715809
X1_to_X3,race_proxy_blind,COMPAS tool,0.5,0.5,Other vs Caucasian,race,False,0.3353783231083844,False,0.2028985507246377,0.3571428571428571,15.0,28.61030574240941,15.0,0.0180464008900551,0.0541392026701654,False,11.360854871887325,0.0007500829196231,0.2631525371727546,0.121350389724796,0.5706554216884236,0.6164666453384471
X1_to_X3,race_proxy_blind,COMPAS tool,0.5,0.5,Female vs Male,sex,False,0.4663967611336032,False,0.4487179487179487,0.4705294705294705,18.0,17.64118065116316,18.0,0.4795151858947996,0.7918417483537296,False,1.9127127030598912,0.1666622383289012,1.2690266670499226,0.9040477310390328,1.7813536015769325,0.18901134014294
X1_to_X3,race_proxy_blind,COMPAS tool,break_even,0.2523364485981308,African-American vs Caucasian,race,True,0.5037878787878788,False,0.60062893081761,0.3571428571428571,18.0,39.480649958637386,18.0,0.0024549049229195,0.009819619691678,True,14.10009855912609,0.0001733346995722,1.7461978500503024,1.299522808820674,2.3464050887167383,0.1491897211927327
X1_to_X3,race_proxy_blind,COMPAS tool,break_even,0.2523364485981308,Hispanic vs Caucasian,race,False,0.3441682600382409,False,0.2912621359223301,0.3571428571428571,16.0,16.841556431031155,16.0,0.3959208741768648,0.7918417483537296,False,2.601598547577153,0.1067559876738647,0.637061766879837,0.3709224221494144,1.0941578901277011,0.6534213849715809
X1_to_X3,race_proxy_blind,COMPAS tool,break_even,0.2523364485981308,Other vs Caucasian,race,False,0.3353783231083844,False,0.2028985507246377,0.3571428571428571,15.0,28.61030574240941,15.0,0.0180464008900551,0.0541392026701654,False,11.360854871887325,0.0007500829196231,0.2631525371727546,0.121350389724796,0.5706554216884236,0.6164666453384471
X1_to_X3,race_proxy_blind,COMPAS tool,break_even,0.2523364485981308,Female vs Male,sex,False,0.4663967611336032,False,0.4487179487179487,0.4705294705294705,18.0,17.64118065116316,18.0,0.4795151858947996,0.7918417483537296,False,1.9127127030598912,0.1666622383289012,1.2690266670499226,0.9040477310390328,1.7813536015769325,0.18901134014294
X1_to_X3,sex_blind,TabPFN,0.5,0.5,African-American vs Caucasian,race,True,0.4289772727272727,False,0.5188679245283019,0.2928571428571428,4.0,7.655115331794489,4.0,0.105060701603559,0.210121403207118,False,1.566238619300559,0.2107540992653901,1.4264538347715636,0.8112268815983819,2.508263210811428,0.122561168468012
X1_to_X3,sex_blind,TabPFN,0.5,0.5,Hispanic vs Caucasian,race,False,0.2906309751434034,False,0.2815533980582524,0.2928571428571428,4.0,10.298265196669533,4.0,0.0356922547546831,0.1427690190187327,False,0.0047135009920492,0.9452642850044676,1.0355637513171758,0.3877477626954425,2.7656956047594656,0.0689350906984846
X1_to_X3,sex_blind,TabPFN,0.5,0.5,Other vs Caucasian,race,False,0.2903885480572597,False,0.2753623188405797,0.2928571428571428,3.0,4.474431186075934,3.0,0.2145823375504714,0.2145823375504714,False,0.7510517664260301,0.3861434394804044,0.5286044648660086,0.1281721549010774,2.180057599031057,0.2580311761516753
X1_to_X3,sex_blind,TabPFN,0.5,0.5,Female vs Male,sex,False,0.4056680161943319,False,0.3076923076923077,0.4285714285714285,4.0,9.541295497588967,4.0,0.0489055978748044,0.1467167936244132,False,0.0932033241614878,0.7601436200710971,0.9118581035465346,0.485753753700394,1.711742204088722,0.0204892622379146
X1_to_X3,sex_blind,TabPFN,break_even,0.2523364485981308,African-American vs Caucasian,race,True,0.7329545454545454,False,0.8050314465408805,0.6238095238095238,2.0,2.784652777489284,2.0,0.2484965321323492,0.993986128529397,False,1.5835984644708048,0.2082431242421678,1.938280166435506,0.6892549509572137,5.450711668272759,0.2845574313262572
X1_to_X3,sex_blind,TabPFN,break_even,0.2523364485981308,Hispanic vs Caucasian,race,False,0.6290630975143403,False,0.6504854368932039,0.6238095238095238,2.0,2.226271411568439,2.0,0.3285271796616063,0.993986128529397,False,1.2376337518867186,0.2659275753273025,0.4269340974212035,0.0934482354374099,1.950520763582967,0.3202091683279675
X1_to_X3,sex_blind,TabPFN,break_even,0.2523364485981308,Other vs Caucasian,race,False,0.621676891615542,False,0.6086956521739131,0.6238095238095238,1.0,0.0932497847362675,1.0,0.7600856797441,1.0,False,0.0913978494623656,0.762407544632677,1.3846153846153844,0.1719878115917192,11.14706760653913,
X1_to_X3,sex_blind,TabPFN,break_even,0.2523364485981308,Female vs Male,sex,False,0.7182186234817813,False,0.6581196581196581,0.7322677322677322,2.0,0.6103202033355695,2.0,0.737005369156694,1.0,False,0.2357818007049023,0.6272694598139323,0.759535655058043,0.252472923251353,2.284975370329574,0.5445369236607197
X1_to_X3,sex_blind,COMPAS tool,0.5,0.5,African-American vs Caucasian,race,True,0.5037878787878788,False,0.60062893081761,0.3571428571428571,18.0,39.480649958637386,18.0,0.0024549049229195,0.009819619691678,True,14.10009855912609,0.0001733346995722,1.7461978500503024,1.299522808820674,2.3464050887167383,0.1491897211927327
X1_to_X3,sex_blind,COMPAS tool,0.5,0.5,Hispanic vs Caucasian,race,False,0.3441682600382409,False,0.2912621359223301,0.3571428571428571,16.0,16.841556431031155,16.0,0.3959208741768648,0.7918417483537296,False,2.601598547577153,0.1067559876738647,0.637061766879837,0.3709224221494144,1.0941578901277011,0.6534213849715809
X1_to_X3,sex_blind,COMPAS tool,0.5,0.5,Other vs Caucasian,race,False,0.3353783231083844,False,0.2028985507246377,0.3571428571428571,15.0,28.61030574240941,15.0,0.0180464008900551,0.0541392026701654,False,11.360854871887325,0.0007500829196231,0.2631525371727546,0.121350389724796,0.5706554216884236,0.6164666453384471
X1_to_X3,sex_blind,COMPAS tool,0.5,0.5,Female vs Male,sex,False,0.4663967611336032,False,0.4487179487179487,0.4705294705294705,18.0,17.64118065116316,18.0,0.4795151858947996,0.7918417483537296,False,1.9127127030598912,0.1666622383289012,1.2690266670499226,0.9040477310390328,1.7813536015769325,0.18901134014294
X1_to_X3,sex_blind,COMPAS tool,break_even,0.2523364485981308,African-American vs Caucasian,race,True,0.5037878787878788,False,0.60062893081761,0.3571428571428571,18.0,39.480649958637386,18.0,0.0024549049229195,0.009819619691678,True,14.10009855912609,0.0001733346995722,1.7461978500503024,1.299522808820674,2.3464050887167383,0.1491897211927327
X1_to_X3,sex_blind,COMPAS tool,break_even,0.2523364485981308,Hispanic vs Caucasian,race,False,0.3441682600382409,False,0.2912621359223301,0.3571428571428571,16.0,16.841556431031155,16.0,0.3959208741768648,0.7918417483537296,False,2.601598547577153,0.1067559876738647,0.637061766879837,0.3709224221494144,1.0941578901277011,0.6534213849715809
X1_to_X3,sex_blind,COMPAS tool,break_even,0.2523364485981308,Other vs Caucasian,race,False,0.3353783231083844,False,0.2028985507246377,0.3571428571428571,15.0,28.61030574240941,15.0,0.0180464008900551,0.0541392026701654,False,11.360854871887325,0.0007500829196231,0.2631525371727546,0.121350389724796,0.5706554216884236,0.6164666453384471
X1_to_X3,sex_blind,COMPAS tool,break_even,0.2523364485981308,Female vs Male,sex,False,0.4663967611336032,False,0.4487179487179487,0.4705294705294705,18.0,17.64118065116316,18.0,0.4795151858947996,0.7918417483537296,False,1.9127127030598912,0.1666622383289012,1.2690266670499226,0.9040477310390328,1.7813536015769325,0.18901134014294
X2_to_X3,age_blind,TabPFN,0.5,0.5,African-American vs Caucasian,race,True,0.3446969696969697,False,0.4512578616352201,0.1833333333333333,6.0,95.2737678876482,6.0,2.4246508614945393e-18,9.698603445978156e-18,True,67.44789346575875,2.220446049250313e-16,54.96961541402248,8.932525896369597,338.2759427536184,0.0004898779309312
X2_to_X3,age_blind,TabPFN,0.5,0.5,Hispanic vs Caucasian,race,False,0.1739961759082218,False,0.1359223300970873,0.1833333333333333,2.0,0.419556174116909,2.0,0.8107641450648111,0.8107641450648111,False,0.1675413989684191,0.6823061518235258,1.7582417582417582,0.1333019552730521,23.1910632825505,0.711779851120302
X2_to_X3,age_blind,TabPFN,0.5,0.5,Other vs Caucasian,race,False,0.1840490797546012,False,0.1884057971014492,0.1833333333333333,2.0,2.959231485900496,2.0,0.2277251765782647,0.4554503531565294,False,0.5317405087759995,0.4658760312992419,2.3142857142857145,0.2339151686948266,22.896840753129805,0.1730491887664847
X2_to_X3,age_blind,TabPFN,0.5,0.5,Female vs Male,sex,False,0.3165991902834008,False,0.1709401709401709,0.3506493506493506,6.0,29.367106244793696,6.0,5.183640331793899e-05,0.0001555092099538,True,19.287432982371204,1.1244401243559745e-05,0.0502586914129919,0.0106371952635725,0.237462601743948,0.3819567837775409
X2_to_X3,age_blind,TabPFN,break_even,0.2523364485981308,African-American vs Caucasian,race,True,0.9403409090909092,False,0.9669811320754716,0.9,6.0,33.15001215298,6.0,9.811401549542208e-06,1.9622803099084416e-05,True,10.274454438949004,0.0013488475223394,2.568499124025749,1.3988479598771306,4.716157823685507,0.0038099900832827
X2_to_X3,age_blind,TabPFN,break_even,0.2523364485981308,Hispanic vs Caucasian,race,False,0.8738049713193117,False,0.7669902912621359,0.9,6.0,49.42306659680506,6.0,6.134792160757287e-09,1.840437648227186e-08,True,15.363514141282602,8.868431962250067e-05,0.2250574858526667,0.1039430951755906,0.4872942435739377,0.0001357843036552
X2_to_X3,age_blind,TabPFN,break_even,0.2523364485981308,Other vs Caucasian,race,False,0.8834355828220859,False,0.782608695652174,0.9,6.0,21.145695154122063,6.0,0.0017272362427181,0.0017272362427181,True,8.349060925435301,0.0038588671939586,0.2877214671498443,0.1208061110773465,0.6852603889041381,0.0801250077086384
X2_to_X3,age_blind,TabPFN,break_even,0.2523364485981308,Female vs Male,sex,False,0.9157894736842104,False,0.6709401709401709,0.973026973026973,6.0,217.36614954163144,6.0,3.7916276938700995e-44,1.5166510775480398e-43,True,196.91666674857927,0.0,0.0,,,
X2_to_X3,age_blind,COMPAS tool,0.5,0.5,African-American vs Caucasian,race,True,0.5037878787878788,False,0.60062893081761,0.3571428571428571,18.0,39.480649958637386,18.0,0.0024549049229195,0.009819619691678,True,14.10009855912609,0.0001733346995722,1.7461978500503024,1.299522808820674,2.3464050887167383,0.1491897211927327
X2_to_X3,age_blind,COMPAS tool,0.5,0.5,Hispanic vs Caucasian,race,False,0.3441682600382409,False,0.2912621359223301,0.3571428571428571,16.0,16.841556431031155,16.0,0.3959208741768648,0.7918417483537296,False,2.601598547577153,0.1067559876738647,0.637061766879837,0.3709224221494144,1.0941578901277011,0.6534213849715809
X2_to_X3,age_blind,COMPAS tool,0.5,0.5,Other vs Caucasian,race,False,0.3353783231083844,False,0.2028985507246377,0.3571428571428571,15.0,28.61030574240941,15.0,0.0180464008900551,0.0541392026701654,False,11.360854871887325,0.0007500829196231,0.2631525371727546,0.121350389724796,0.5706554216884236,0.6164666453384471
X2_to_X3,age_blind,COMPAS tool,0.5,0.5,Female vs Male,sex,False,0.4663967611336032,False,0.4487179487179487,0.4705294705294705,18.0,17.64118065116316,18.0,0.4795151858947996,0.7918417483537296,False,1.9127127030598912,0.1666622383289012,1.2690266670499226,0.9040477310390328,1.7813536015769325,0.18901134014294
X2_to_X3,age_blind,COMPAS tool,break_even,0.2523364485981308,African-American vs Caucasian,race,True,0.5037878787878788,False,0.60062893081761,0.3571428571428571,18.0,39.480649958637386,18.0,0.0024549049229195,0.009819619691678,True,14.10009855912609,0.0001733346995722,1.7461978500503024,1.299522808820674,2.3464050887167383,0.1491897211927327
X2_to_X3,age_blind,COMPAS tool,break_even,0.2523364485981308,Hispanic vs Caucasian,race,False,0.3441682600382409,False,0.2912621359223301,0.3571428571428571,16.0,16.841556431031155,16.0,0.3959208741768648,0.7918417483537296,False,2.601598547577153,0.1067559876738647,0.637061766879837,0.3709224221494144,1.0941578901277011,0.6534213849715809
X2_to_X3,age_blind,COMPAS tool,break_even,0.2523364485981308,Other vs Caucasian,race,False,0.3353783231083844,False,0.2028985507246377,0.3571428571428571,15.0,28.61030574240941,15.0,0.0180464008900551,0.0541392026701654,False,11.360854871887325,0.0007500829196231,0.2631525371727546,0.121350389724796,0.5706554216884236,0.6164666453384471
X2_to_X3,age_blind,COMPAS tool,break_even,0.2523364485981308,Female vs Male,sex,False,0.4663967611336032,False,0.4487179487179487,0.4705294705294705,18.0,17.64118065116316,18.0,0.4795151858947996,0.7918417483537296,False,1.9127127030598912,0.1666622383289012,1.2690266670499226,0.9040477310390328,1.7813536015769325,0.18901134014294
X2_to_X3,protected_blind,TabPFN,0.5,0.5,African-American vs Caucasian,race,True,0.3551136363636363,False,0.4166666666666667,0.2619047619047619,3.0,2.3132503540288436,3.0,0.509987244701428,0.9450458550969636,False,0.029061509950495,0.8646370911193542,1.0567968405839665,0.5539130033890357,2.0162364043363423,0.3061195098534399
X2_to_X3,protected_blind,TabPFN,0.5,0.5,Hispanic vs Caucasian,race,False,0.2466539196940726,False,0.1844660194174757,0.2619047619047619,3.0,3.9428009336418977,3.0,0.2677072056585168,0.8031216169755506,False,0.1525591665152425,0.6961016259695161,0.788942846469929,0.2416267725274734,2.576001030371344,0.2701923315657273
X2_to_X3,protected_blind,TabPFN,0.5,0.5,Other vs Caucasian,race,False,0.2576687116564417,False,0.2318840579710145,0.2619047619047619,3.0,2.515352519711029,3.0,0.4725229275484818,0.9450458550969636,False,0.4508504341673811,0.5019313731943973,0.5918151349444347,0.1264422773548472,2.7700003612428805,0.4669285252894694
X2_to_X3,protected_blind,TabPFN,0.5,0.5,Female vs Male,sex,False,0.3319838056680162,False,0.2393162393162393,0.3536463536463536,3.0,5.510416114314625,3.0,0.1380169440649792,0.5520677762599168,False,0.0423991722204229,0.8368607509102458,1.08076792472809,0.5212338481323356,2.2409506046209504,0.1587057978544818
X2_to_X3,protected_blind,TabPFN,break_even,0.2523364485981308,African-American vs Caucasian,race,True,0.8446969696969697,False,0.8789308176100629,0.7928571428571428,0.0,0.0,1.0,1.0,1.0,False,,,,,,
X2_to_X3,protected_blind,TabPFN,break_even,0.2523364485981308,Hispanic vs Caucasian,race,False,0.7896749521988528,False,0.7766990291262136,0.7928571428571428,0.0,0.0,1.0,1.0,1.0,False,,,,,,
X2_to_X3,protected_blind,TabPFN,break_even,0.2523364485981308,Other vs Caucasian,race,False,0.8016359918200409,False,0.855072463768116,0.7928571428571428,0.0,0.0,1.0,1.0,1.0,False,,,,,,
X2_to_X3,protected_blind,TabPFN,break_even,0.2523364485981308,Female vs Male,sex,False,0.8388663967611336,False,0.7649572649572649,0.8561438561438561,0.0,0.0,1.0,1.0,1.0,False,,,,,,
X2_to_X3,protected_blind,COMPAS tool,0.5,0.5,African-American vs Caucasian,race,True,0.5037878787878788,False,0.60062893081761,0.3571428571428571,18.0,39.480649958637386,18.0,0.0024549049229195,0.009819619691678,True,14.10009855912609,0.0001733346995722,1.7461978500503024,1.299522808820674,2.3464050887167383,0.1491897211927327
X2_to_X3,protected_blind,COMPAS tool,0.5,0.5,Hispanic vs Caucasian,race,False,0.3441682600382409,False,0.2912621359223301,0.3571428571428571,16.0,16.841556431031155,16.0,0.3959208741768648,0.7918417483537296,False,2.601598547577153,0.1067559876738647,0.637061766879837,0.3709224221494144,1.0941578901277011,0.6534213849715809
X2_to_X3,protected_blind,COMPAS tool,0.5,0.5,Other vs Caucasian,race,False,0.3353783231083844,False,0.2028985507246377,0.3571428571428571,15.0,28.61030574240941,15.0,0.0180464008900551,0.0541392026701654,False,11.360854871887325,0.0007500829196231,0.2631525371727546,0.121350389724796,0.5706554216884236,0.6164666453384471
X2_to_X3,protected_blind,COMPAS tool,0.5,0.5,Female vs Male,sex,False,0.4663967611336032,False,0.4487179487179487,0.4705294705294705,18.0,17.64118065116316,18.0,0.4795151858947996,0.7918417483537296,False,1.9127127030598912,0.1666622383289012,1.2690266670499226,0.9040477310390328,1.7813536015769325,0.18901134014294
X2_to_X3,protected_blind,COMPAS tool,break_even,0.2523364485981308,African-American vs Caucasian,race,True,0.5037878787878788,False,0.60062893081761,0.3571428571428571,18.0,39.480649958637386,18.0,0.0024549049229195,0.009819619691678,True,14.10009855912609,0.0001733346995722,1.7461978500503024,1.299522808820674,2.3464050887167383,0.1491897211927327
X2_to_X3,protected_blind,COMPAS tool,break_even,0.2523364485981308,Hispanic vs Caucasian,race,False,0.3441682600382409,False,0.2912621359223301,0.3571428571428571,16.0,16.841556431031155,16.0,0.3959208741768648,0.7918417483537296,False,2.601598547577153,0.1067559876738647,0.637061766879837,0.3709224221494144,1.0941578901277011,0.6534213849715809
X2_to_X3,protected_blind,COMPAS tool,break_even,0.2523364485981308,Other vs Caucasian,race,False,0.3353783231083844,False,0.2028985507246377,0.3571428571428571,15.0,28.61030574240941,15.0,0.0180464008900551,0.0541392026701654,False,11.360854871887325,0.0007500829196231,0.2631525371727546,0.121350389724796,0.5706554216884236,0.6164666453384471
X2_to_X3,protected_blind,COMPAS tool,break_even,0.2523364485981308,Female vs Male,sex,False,0.4663967611336032,False,0.4487179487179487,0.4705294705294705,18.0,17.64118065116316,18.0,0.4795151858947996,0.7918417483537296,False,1.9127127030598912,0.1666622383289012,1.2690266670499226,0.9040477310390328,1.7813536015769325,0.18901134014294
X2_to_X3,race_aware,TabPFN,0.5,0.5,African-American vs Caucasian,race,True,0.3948863636363636,False,0.4937106918238994,0.2452380952380952,5.0,20.59733224491706,5.0,0.0009649208730082,0.0028947626190247,True,15.60764243663982,7.793894299257254e-05,6.637649674586124,2.399085803356951,18.36465921347374,0.5408406508310653
X2_to_X3,race_aware,TabPFN,0.5,0.5,Hispanic vs Caucasian,race,False,0.2409177820267686,False,0.2233009708737864,0.2452380952380952,4.0,3.4421766157350557,4.0,0.4867248066340262,0.9734496132680523,False,0.1747026226196254,0.675965813842845,1.421830683283197,0.2701303203743399,7.483804443440765,0.4755479185637076
X2_to_X3,race_aware,TabPFN,0.5,0.5,Other vs Caucasian,race,False,0.2474437627811861,False,0.2608695652173913,0.2452380952380952,3.0,1.4294468040550736,3.0,0.6986469850226278,0.9734496132680523,False,0.6767182269440912,0.4107190866219223,2.9387755102040813,0.246697424490162,35.0080732185336,0.8100403667804088
X2_to_X3,race_aware,TabPFN,0.5,0.5,Female vs Male,sex,False,0.3708502024291498,False,0.2264957264957265,0.4045954045954046,5.0,30.76338440980088,5.0,1.0430692129968476e-05,4.1722768519873904e-05,True,27.074544371377065,1.95758815157987e-07,0.0547429129264223,0.0141691852276834,0.2115002710116874,0.6194890059969669
X2_to_X3,race_aware,TabPFN,break_even,0.2523364485981308,African-American vs Caucasian,race,True,0.8125,False,0.8616352201257862,0.7380952380952381,4.0,67.10995881811698,4.0,9.242048447285609e-14,2.7726145341856824e-13,True,5.975322456478994,0.0145074286070091,0.5527597879550056,0.3238692043827734,0.943415981035814,3.4077185517844555e-11
X2_to_X3,race_aware,TabPFN,break_even,0.2523364485981308,Hispanic vs Caucasian,race,False,0.734225621414914,False,0.7184466019417476,0.7380952380952381,4.0,19.93686069363377,4.0,0.0005139373594315,0.0010278747188631,True,5.58136990260488,0.0181525181692482,0.3027905108324207,0.1076409358056578,0.8517400258920764,0.0107769445405006
X2_to_X3,race_aware,TabPFN,break_even,0.2523364485981308,Other vs Caucasian,race,False,0.7321063394683026,False,0.6956521739130435,0.7380952380952381,3.0,15.796360715660628,3.0,0.0012483675794105,0.0012483675794105,True,6.32084982549744,0.0119326427952538,0.2957642725598526,0.1058999649108674,0.8260295930832927,0.0214186925001124
X2_to_X3,race_aware,TabPFN,break_even,0.2523364485981308,Female vs Male,sex,False,0.7967611336032389,False,0.6410256410256411,0.8331668331668332,4.0,119.9247463679424,4.0,5.542862043354221e-25,2.2171448173416884e-24,True,69.80565946599313,1.1102230246251563e-16,0.0518715347147778,0.0182551196040608,0.1473918644207548,1.555330847335945e-06
X2_to_X3,race_aware,COMPAS tool,0.5,0.5,African-American vs Caucasian,race,True,0.5037878787878788,False,0.60062893081761,0.3571428571428571,18.0,39.480649958637386,18.0,0.0024549049229195,0.009819619691678,True,14.10009855912609,0.0001733346995722,1.7461978500503024,1.299522808820674,2.3464050887167383,0.1491897211927327
X2_to_X3,race_aware,COMPAS tool,0.5,0.5,Hispanic vs Caucasian,race,False,0.3441682600382409,False,0.2912621359223301,0.3571428571428571,16.0,16.841556431031155,16.0,0.3959208741768648,0.7918417483537296,False,2.601598547577153,0.1067559876738647,0.637061766879837,0.3709224221494144,1.0941578901277011,0.6534213849715809
X2_to_X3,race_aware,COMPAS tool,0.5,0.5,Other vs Caucasian,race,False,0.3353783231083844,False,0.2028985507246377,0.3571428571428571,15.0,28.61030574240941,15.0,0.0180464008900551,0.0541392026701654,False,11.360854871887325,0.0007500829196231,0.2631525371727546,0.121350389724796,0.5706554216884236,0.6164666453384471
X2_to_X3,race_aware,COMPAS tool,0.5,0.5,Female vs Male,sex,False,0.4663967611336032,False,0.4487179487179487,0.4705294705294705,18.0,17.64118065116316,18.0,0.4795151858947996,0.7918417483537296,False,1.9127127030598912,0.1666622383289012,1.2690266670499226,0.9040477310390328,1.7813536015769325,0.18901134014294
X2_to_X3,race_aware,COMPAS tool,break_even,0.2523364485981308,African-American vs Caucasian,race,True,0.5037878787878788,False,0.60062893081761,0.3571428571428571,18.0,39.480649958637386,18.0,0.0024549049229195,0.009819619691678,True,14.10009855912609,0.0001733346995722,1.7461978500503024,1.299522808820674,2.3464050887167383,0.1491897211927327
X2_to_X3,race_aware,COMPAS tool,break_even,0.2523364485981308,Hispanic vs Caucasian,race,False,0.3441682600382409,False,0.2912621359223301,0.3571428571428571,16.0,16.841556431031155,16.0,0.3959208741768648,0.7918417483537296,False,2.601598547577153,0.1067559876738647,0.637061766879837,0.3709224221494144,1.0941578901277011,0.6534213849715809
X2_to_X3,race_aware,COMPAS tool,break_even,0.2523364485981308,Other vs Caucasian,race,False,0.3353783231083844,False,0.2028985507246377,0.3571428571428571,15.0,28.61030574240941,15.0,0.0180464008900551,0.0541392026701654,False,11.360854871887325,0.0007500829196231,0.2631525371727546,0.121350389724796,0.5706554216884236,0.6164666453384471
X2_to_X3,race_aware,COMPAS tool,break_even,0.2523364485981308,Female vs Male,sex,False,0.4663967611336032,False,0.4487179487179487,0.4705294705294705,18.0,17.64118065116316,18.0,0.4795151858947996,0.7918417483537296,False,1.9127127030598912,0.1666622383289012,1.2690266670499226,0.9040477310390328,1.7813536015769325,0.18901134014294
X2_to_X3,race_blind,TabPFN,0.5,0.5,African-American vs Caucasian,race,True,0.3920454545454545,False,0.4795597484276729,0.2595238095238095,6.0,12.181032174476783,6.0,0.0580499283990282,0.1741497851970848,False,1.7897169121803718,0.1809606581626954,1.5234422527649512,0.8087944481316329,2.8695502335246275,0.0639307543523841
X2_to_X3,race_blind,TabPFN,0.5,0.5,Hispanic vs Caucasian,race,False,0.2619502868068833,False,0.2718446601941747,0.2595238095238095,6.0,6.691077596093404,6.0,0.3503630755210336,0.7007261510420673,False,3.189129621241212,0.0741294708263504,2.774547291788671,0.8901397017072742,8.648207309040354,0.7277167516863758
X2_to_X3,race_blind,TabPFN,0.5,0.5,Other vs Caucasian,race,False,0.261758691206544,False,0.2753623188405797,0.2595238095238095,5.0,2.104049562948081,5.0,0.8345685743609796,0.8345685743609796,False,0.7021178081033937,0.4020729937611602,2.0344150594756902,0.4448461349623422,9.303991445428302,0.9255327480160492
X2_to_X3,race_blind,TabPFN,0.5,0.5,Female vs Male,sex,False,0.3732793522267206,False,0.188034188034188,0.4165834165834166,6.0,87.39018615136973,6.0,1.0547978490182099e-16,4.2191913960728406e-16,True,66.9048311601345,3.3306690738754696e-16,0.0238810076789377,0.0060779389647189,0.0938315654487406,0.0619936072922986
X2_to_X3,race_blind,TabPFN,break_even,0.2523364485981308,African-American vs Caucasian,race,True,0.8399621212121212,False,0.9072327044025156,0.7380952380952381,4.0,5.876851373605222,4.0,0.2085357863668077,0.6256073591004231,False,4.0369650571199145,0.0445138063084262,1.8652428417011024,1.0124360999702904,3.436395500535093,0.6268801206004944
X2_to_X3,race_blind,TabPFN,break_even,0.2523364485981308,Hispanic vs Caucasian,race,False,0.7476099426386233,False,0.7864077669902912,0.7380952380952381,4.0,1.7025719602019893,4.0,0.790250371233867,0.9739269493883552,False,0.3076281625639245,0.5791392996045247,1.365671075592423,0.465720570010538,4.004670626138683,0.8004135444056595
X2_to_X3,race_blind,TabPFN,break_even,0.2523364485981308,Other vs Caucasian,race,False,0.7464212678936605,False,0.7971014492753623,0.7380952380952381,3.0,2.436026833221421,3.0,0.4869634746941776,0.9739269493883552,False,0.2805533871172009,0.5963387364606172,1.3269230769230769,0.4627568747791242,3.80485941545743,0.3432722013098001
X2_to_X3,race_blind,TabPFN,break_even,0.2523364485981308,Female vs Male,sex,False,0.8323886639676114,False,0.6410256410256411,0.8771228771228772,4.0,224.64468244440664,4.0,1.8764739992955192e-47,7.505895997182077e-47,True,162.44578318954854,0.0,0.0375771793393265,0.0149419002340871,0.0945023313620172,5.0848214527832176e-14
X2_to_X3,race_blind,COMPAS tool,0.5,0.5,African-American vs Caucasian,race,True,0.5037878787878788,False,0.60062893081761,0.3571428571428571,18.0,39.480649958637386,18.0,0.0024549049229195,0.009819619691678,True,14.10009855912609,0.0001733346995722,1.7461978500503024,1.299522808820674,2.3464050887167383,0.1491897211927327
X2_to_X3,race_blind,COMPAS tool,0.5,0.5,Hispanic vs Caucasian,race,False,0.3441682600382409,False,0.2912621359223301,0.3571428571428571,16.0,16.841556431031155,16.0,0.3959208741768648,0.7918417483537296,False,2.601598547577153,0.1067559876738647,0.637061766879837,0.3709224221494144,1.0941578901277011,0.6534213849715809
X2_to_X3,race_blind,COMPAS tool,0.5,0.5,Other vs Caucasian,race,False,0.3353783231083844,False,0.2028985507246377,0.3571428571428571,15.0,28.61030574240941,15.0,0.0180464008900551,0.0541392026701654,False,11.360854871887325,0.0007500829196231,0.2631525371727546,0.121350389724796,0.5706554216884236,0.6164666453384471
X2_to_X3,race_blind,COMPAS tool,0.5,0.5,Female vs Male,sex,False,0.4663967611336032,False,0.4487179487179487,0.4705294705294705,18.0,17.64118065116316,18.0,0.4795151858947996,0.7918417483537296,False,1.9127127030598912,0.1666622383289012,1.2690266670499226,0.9040477310390328,1.7813536015769325,0.18901134014294
X2_to_X3,race_blind,COMPAS tool,break_even,0.2523364485981308,African-American vs Caucasian,race,True,0.5037878787878788,False,0.60062893081761,0.3571428571428571,18.0,39.480649958637386,18.0,0.0024549049229195,0.009819619691678,True,14.10009855912609,0.0001733346995722,1.7461978500503024,1.299522808820674,2.3464050887167383,0.1491897211927327
X2_to_X3,race_blind,COMPAS tool,break_even,0.2523364485981308,Hispanic vs Caucasian,race,False,0.3441682600382409,False,0.2912621359223301,0.3571428571428571,16.0,16.841556431031155,16.0,0.3959208741768648,0.7918417483537296,False,2.601598547577153,0.1067559876738647,0.637061766879837,0.3709224221494144,1.0941578901277011,0.6534213849715809
X2_to_X3,race_blind,COMPAS tool,break_even,0.2523364485981308,Other vs Caucasian,race,False,0.3353783231083844,False,0.2028985507246377,0.3571428571428571,15.0,28.61030574240941,15.0,0.0180464008900551,0.0541392026701654,False,11.360854871887325,0.0007500829196231,0.2631525371727546,0.121350389724796,0.5706554216884236,0.6164666453384471
X2_to_X3,race_blind,COMPAS tool,break_even,0.2523364485981308,Female vs Male,sex,False,0.4663967611336032,False,0.4487179487179487,0.4705294705294705,18.0,17.64118065116316,18.0,0.4795151858947996,0.7918417483537296,False,1.9127127030598912,0.1666622383289012,1.2690266670499226,0.9040477310390328,1.7813536015769325,0.18901134014294
X2_to_X3,race_priors_blind,TabPFN,0.5,0.5,African-American vs Caucasian,race,True,0.4668560606060606,False,0.5220125786163522,0.3833333333333333,9.0,9.12986155665361,9.0,0.4253742879784625,0.8507485759569251,False,0.0625742192365579,0.8024725919726525,1.0574387201719972,0.6842404079566148,1.6341868061523357,0.3556503108093922
X2_to_X3,race_priors_blind,TabPFN,0.5,0.5,Hispanic vs Caucasian,race,False,0.395793499043977,False,0.4466019417475728,0.3833333333333333,7.0,4.061349268670416,7.0,0.7726846825097033,0.8507485759569251,False,0.1688587813975307,0.6811280425663281,1.1801329708839614,0.5394282958199683,2.5818330995232337,0.7975834258813663
X2_to_X3,race_priors_blind,TabPFN,0.5,0.5,Other vs Caucasian,race,False,0.3905930470347648,False,0.4347826086956521,0.3833333333333333,8.0,12.85444494763226,8.0,0.1169567975194519,0.3508703925583557,False,0.4346751715796369,0.5097037843518202,1.3630025935079058,0.5338710240388659,3.479821878802756,0.156622622088995
X2_to_X3,race_priors_blind,TabPFN,0.5,0.5,Female vs Male,sex,False,0.4631578947368421,False,0.0,0.5714285714285714,9.0,667.9822433904321,9.0,5.266087994839888e-138,2.1064351979359552e-137,True,660.3175080414806,0.0,0.0,,,
X2_to_X3,race_priors_blind,TabPFN,break_even,0.2523364485981308,African-American vs Caucasian,race,True,0.9791666666666666,False,0.9937106918238994,0.9571428571428572,3.0,10.254331769403924,3.0,0.0165234548703241,0.0495703646109724,True,3.501590565196088,0.0613099189841171,2.8309090909090906,0.9030922547160652,8.874006214914745,0.0805384944020963
X2_to_X3,race_priors_blind,TabPFN,break_even,0.2523364485981308,Hispanic vs Caucasian,race,False,0.9617590822179732,False,0.9805825242718448,0.9571428571428572,3.0,8.828461284855608,3.0,0.0316607052940439,0.0633214105880878,False,2.5789887653839676,0.1082908235956752,3.0349650349650346,0.6903772583717545,13.341999105220191,0.0838364851768976
X2_to_X3,race_priors_blind,TabPFN,break_even,0.2523364485981308,Other vs Caucasian,race,False,0.9631901840490796,False,1.0,0.9571428571428572,1.0,0.6084977933747543,1.0,0.4353539787329987,0.4353539787329987,False,0.3478260869565217,0.5553463166714221,inf,,,
X2_to_X3,race_priors_blind,TabPFN,break_even,0.2523364485981308,Female vs Male,sex,False,0.9805668016194332,False,0.8974358974358975,1.0,3.0,112.65562348887036,3.0,2.9428198690254092e-24,1.1771279476101637e-23,True,101.70018005303976,0.0,0.0,,,
X2_to_X3,race_priors_blind,COMPAS tool,0.5,0.5,African-American vs Caucasian,race,True,0.5037878787878788,False,0.60062893081761,0.3571428571428571,18.0,39.480649958637386,18.0,0.0024549049229195,0.009819619691678,True,14.10009855912609,0.0001733346995722,1.7461978500503024,1.299522808820674,2.3464050887167383,0.1491897211927327
X2_to_X3,race_priors_blind,COMPAS tool,0.5,0.5,Hispanic vs Caucasian,race,False,0.3441682600382409,False,0.2912621359223301,0.3571428571428571,16.0,16.841556431031155,16.0,0.3959208741768648,0.7918417483537296,False,2.601598547577153,0.1067559876738647,0.637061766879837,0.3709224221494144,1.0941578901277011,0.6534213849715809
X2_to_X3,race_priors_blind,COMPAS tool,0.5,0.5,Other vs Caucasian,race,False,0.3353783231083844,False,0.2028985507246377,0.3571428571428571,15.0,28.61030574240941,15.0,0.0180464008900551,0.0541392026701654,False,11.360854871887325,0.0007500829196231,0.2631525371727546,0.121350389724796,0.5706554216884236,0.6164666453384471
X2_to_X3,race_priors_blind,COMPAS tool,0.5,0.5,Female vs Male,sex,False,0.4663967611336032,False,0.4487179487179487,0.4705294705294705,18.0,17.64118065116316,18.0,0.4795151858947996,0.7918417483537296,False,1.9127127030598912,0.1666622383289012,1.2690266670499226,0.9040477310390328,1.7813536015769325,0.18901134014294
X2_to_X3,race_priors_blind,COMPAS tool,break_even,0.2523364485981308,African-American vs Caucasian,race,True,0.5037878787878788,False,0.60062893081761,0.3571428571428571,18.0,39.480649958637386,18.0,0.0024549049229195,0.009819619691678,True,14.10009855912609,0.0001733346995722,1.7461978500503024,1.299522808820674,2.3464050887167383,0.1491897211927327
X2_to_X3,race_priors_blind,COMPAS tool,break_even,0.2523364485981308,Hispanic vs Caucasian,race,False,0.3441682600382409,False,0.2912621359223301,0.3571428571428571,16.0,16.841556431031155,16.0,0.3959208741768648,0.7918417483537296,False,2.601598547577153,0.1067559876738647,0.637061766879837,0.3709224221494144,1.0941578901277011,0.6534213849715809
X2_to_X3,race_priors_blind,COMPAS tool,break_even,0.2523364485981308,Other vs Caucasian,race,False,0.3353783231083844,False,0.2028985507246377,0.3571428571428571,15.0,28.61030574240941,15.0,0.0180464008900551,0.0541392026701654,False,11.360854871887325,0.0007500829196231,0.2631525371727546,0.121350389724796,0.5706554216884236,0.6164666453384471
X2_to_X3,race_priors_blind,COMPAS tool,break_even,0.2523364485981308,Female vs Male,sex,False,0.4663967611336032,False,0.4487179487179487,0.4705294705294705,18.0,17.64118065116316,18.0,0.4795151858947996,0.7918417483537296,False,1.9127127030598912,0.1666622383289012,1.2690266670499226,0.9040477310390328,1.7813536015769325,0.18901134014294
X2_to_X3,race_proxy_blind,TabPFN,0.5,0.5,African-American vs Caucasian,race,True,0.178030303030303,False,0.2091194968553459,0.1309523809523809,6.0,7.888814235850648,6.0,0.246362787277452,0.492741527283856,False,0.2832349238288765,0.5945887296842962,1.207622157436018,0.6003027403942728,2.429359683036916,0.1998402702012363
X2_to_X3,race_proxy_blind,TabPFN,0.5,0.5,Hispanic vs Caucasian,race,False,0.141491395793499,False,0.1844660194174757,0.1309523809523809,4.0,3.3082172291342853,4.0,0.5076313648131672,0.5076313648131672,False,0.0548831200285233,0.8147742360144283,1.16798092792958,0.3256635142750321,4.188923192836254,0.4795449752109143
X2_to_X3,race_proxy_blind,TabPFN,0.5,0.5,Other vs Caucasian,race,False,0.1390593047034765,False,0.1884057971014492,0.1309523809523809,5.0,7.85782537525735,5.0,0.1642471757612853,0.492741527283856,False,0.6119945581548978,0.4340378106327871,1.8109099804305284,0.3853428290158963,8.51033082825998,0.1269624764075864
X2_to_X3,race_proxy_blind,TabPFN,0.5,0.5,Female vs Male,sex,False,0.1789473684210526,False,0.0,0.2207792207792207,6.0,250.13095040168275,6.0,3.8454210965915154e-51,1.5381684386366064e-50,True,243.05841300616956,0.0,0.0,,,
X2_to_X3,race_proxy_blind,TabPFN,break_even,0.2523364485981308,African-American vs Caucasian,race,True,1.0,True,1.0,1.0,0.0,0.0,1.0,1.0,1.0,False,,,,,,
X2_to_X3,race_proxy_blind,TabPFN,break_even,0.2523364485981308,Hispanic vs Caucasian,race,False,1.0,True,1.0,1.0,0.0,0.0,1.0,1.0,1.0,False,,,,,,
X2_to_X3,race_proxy_blind,TabPFN,break_even,0.2523364485981308,Other vs Caucasian,race,False,1.0,True,1.0,1.0,0.0,0.0,1.0,1.0,1.0,False,,,,,,
X2_to_X3,race_proxy_blind,TabPFN,break_even,0.2523364485981308,Female vs Male,sex,False,1.0,True,1.0,1.0,0.0,0.0,1.0,1.0,1.0,False,,,,,,
X2_to_X3,race_proxy_blind,COMPAS tool,0.5,0.5,African-American vs Caucasian,race,True,0.5037878787878788,False,0.60062893081761,0.3571428571428571,18.0,39.480649958637386,18.0,0.0024549049229195,0.009819619691678,True,14.10009855912609,0.0001733346995722,1.7461978500503024,1.299522808820674,2.3464050887167383,0.1491897211927327
X2_to_X3,race_proxy_blind,COMPAS tool,0.5,0.5,Hispanic vs Caucasian,race,False,0.3441682600382409,False,0.2912621359223301,0.3571428571428571,16.0,16.841556431031155,16.0,0.3959208741768648,0.7918417483537296,False,2.601598547577153,0.1067559876738647,0.637061766879837,0.3709224221494144,1.0941578901277011,0.6534213849715809
X2_to_X3,race_proxy_blind,COMPAS tool,0.5,0.5,Other vs Caucasian,race,False,0.3353783231083844,False,0.2028985507246377,0.3571428571428571,15.0,28.61030574240941,15.0,0.0180464008900551,0.0541392026701654,False,11.360854871887325,0.0007500829196231,0.2631525371727546,0.121350389724796,0.5706554216884236,0.6164666453384471
X2_to_X3,race_proxy_blind,COMPAS tool,0.5,0.5,Female vs Male,sex,False,0.4663967611336032,False,0.4487179487179487,0.4705294705294705,18.0,17.64118065116316,18.0,0.4795151858947996,0.7918417483537296,False,1.9127127030598912,0.1666622383289012,1.2690266670499226,0.9040477310390328,1.7813536015769325,0.18901134014294
X2_to_X3,race_proxy_blind,COMPAS tool,break_even,0.2523364485981308,African-American vs Caucasian,race,True,0.5037878787878788,False,0.60062893081761,0.3571428571428571,18.0,39.480649958637386,18.0,0.0024549049229195,0.009819619691678,True,14.10009855912609,0.0001733346995722,1.7461978500503024,1.299522808820674,2.3464050887167383,0.1491897211927327
X2_to_X3,race_proxy_blind,COMPAS tool,break_even,0.2523364485981308,Hispanic vs Caucasian,race,False,0.3441682600382409,False,0.2912621359223301,0.3571428571428571,16.0,16.841556431031155,16.0,0.3959208741768648,0.7918417483537296,False,2.601598547577153,0.1067559876738647,0.637061766879837,0.3709224221494144,1.0941578901277011,0.6534213849715809
X2_to_X3,race_proxy_blind,COMPAS tool,break_even,0.2523364485981308,Other vs Caucasian,race,False,0.3353783231083844,False,0.2028985507246377,0.3571428571428571,15.0,28.61030574240941,15.0,0.0180464008900551,0.0541392026701654,False,11.360854871887325,0.0007500829196231,0.2631525371727546,0.121350389724796,0.5706554216884236,0.6164666453384471
X2_to_X3,race_proxy_blind,COMPAS tool,break_even,0.2523364485981308,Female vs Male,sex,False,0.4663967611336032,False,0.4487179487179487,0.4705294705294705,18.0,17.64118065116316,18.0,0.4795151858947996,0.7918417483537296,False,1.9127127030598912,0.1666622383289012,1.2690266670499226,0.9040477310390328,1.7813536015769325,0.18901134014294
X2_to_X3,sex_blind,TabPFN,0.5,0.5,African-American vs Caucasian,race,True,0.4005681818181818,False,0.5015723270440252,0.2476190476190476,4.0,29.33500090846929,4.0,6.683211502316427e-06,2.673284600926571e-05,True,18.910479809574817,1.3699800702093867e-05,7.380516503667483,2.721247818846978,20.017296287255625,0.0785660273464553
X2_to_X3,sex_blind,TabPFN,0.5,0.5,Hispanic vs Caucasian,race,False,0.2466539196940726,False,0.2427184466019417,0.2476190476190476,3.0,4.914009971202183,3.0,0.1782031375174431,0.3564062750348862,False,3.0052375735385097,0.0829958090550802,inf,,,
X2_to_X3,sex_blind,TabPFN,0.5,0.5,Other vs Caucasian,race,False,0.2494887525562372,False,0.2608695652173913,0.2476190476190476,2.0,1.1904403913099886,2.0,0.5514411275579529,0.5514411275579529,False,0.5406613047363718,0.4621587895007248,2.5714285714285716,0.2176513286946643,30.379988661752115,0.5401785558543298
X2_to_X3,sex_blind,TabPFN,0.5,0.5,Female vs Male,sex,False,0.377327935222672,False,0.2692307692307692,0.4025974025974026,4.0,13.81063634793894,4.0,0.0079246077603442,0.0237738232810328,True,1.0204589221982323,0.3124101762492454,0.7002645978369769,0.3091371947816269,1.5862552784377124,0.0023054376981733
X2_to_X3,sex_blind,TabPFN,break_even,0.2523364485981308,African-American vs Caucasian,race,True,0.7537878787878788,False,0.800314465408805,0.6833333333333333,3.0,108.1524893955484,3.0,2.740974264952119e-23,1.0963897059808476e-22,True,30.505280160363473,3.329590536615967e-08,0.2424799834591719,0.1296360611924619,0.4535508240339779,5.029310301551959e-14
X2_to_X3,sex_blind,TabPFN,break_even,0.2523364485981308,Hispanic vs Caucasian,race,False,0.6921606118546845,False,0.7281553398058253,0.6833333333333333,2.0,0.8820006425325573,2.0,0.6433924998726088,1.0,False,0.0475325961379765,0.827413750525308,0.7499999999999999,0.0607634756795138,9.257205808416977,0.4482950441124256
X2_to_X3,sex_blind,TabPFN,break_even,0.2523364485981308,Other vs Caucasian,race,False,0.6687116564417178,False,0.5797101449275363,0.6833333333333333,2.0,47.65937944963922,2.0,4.47607388891937e-11,1.342822166675811e-10,True,35.355234550269714,2.747292060512052e-09,0.0,,,
X2_to_X3,sex_blind,TabPFN,break_even,0.2523364485981308,Female vs Male,sex,False,0.7408906882591093,False,0.6794871794871795,0.7552447552447552,3.0,0.4254794850310822,3.0,0.9349301651481172,1.0,False,0.0523804667098906,0.8189716735947011,0.909201044386423,0.4028266029864802,2.052115061380657,0.824038289750098
X2_to_X3,sex_blind,COMPAS tool,0.5,0.5,African-American vs Caucasian,race,True,0.5037878787878788,False,0.60062893081761,0.3571428571428571,18.0,39.480649958637386,18.0,0.0024549049229195,0.009819619691678,True,14.10009855912609,0.0001733346995722,1.7461978500503024,1.299522808820674,2.3464050887167383,0.1491897211927327
X2_to_X3,sex_blind,COMPAS tool,0.5,0.5,Hispanic vs Caucasian,race,False,0.3441682600382409,False,0.2912621359223301,0.3571428571428571,16.0,16.841556431031155,16.0,0.3959208741768648,0.7918417483537296,False,2.601598547577153,0.1067559876738647,0.637061766879837,0.3709224221494144,1.0941578901277011,0.6534213849715809
X2_to_X3,sex_blind,COMPAS tool,0.5,0.5,Other vs Caucasian,race,False,0.3353783231083844,False,0.2028985507246377,0.3571428571428571,15.0,28.61030574240941,15.0,0.0180464008900551,0.0541392026701654,False,11.360854871887325,0.0007500829196231,0.2631525371727546,0.121350389724796,0.5706554216884236,0.6164666453384471
X2_to_X3,sex_blind,COMPAS tool,0.5,0.5,Female vs Male,sex,False,0.4663967611336032,False,0.4487179487179487,0.4705294705294705,18.0,17.64118065116316,18.0,0.4795151858947996,0.7918417483537296,False,1.9127127030598912,0.1666622383289012,1.2690266670499226,0.9040477310390328,1.7813536015769325,0.18901134014294
X2_to_X3,sex_blind,COMPAS tool,break_even,0.2523364485981308,African-American vs Caucasian,race,True,0.5037878787878788,False,0.60062893081761,0.3571428571428571,18.0,39.480649958637386,18.0,0.0024549049229195,0.009819619691678,True,14.10009855912609,0.0001733346995722,1.7461978500503024,1.299522808820674,2.3464050887167383,0.1491897211927327
X2_to_X3,sex_blind,COMPAS tool,break_even,0.2523364485981308,Hispanic vs Caucasian,race,False,0.3441682600382409,False,0.2912621359223301,0.3571428571428571,16.0,16.841556431031155,16.0,0.3959208741768648,0.7918417483537296,False,2.601598547577153,0.1067559876738647,0.637061766879837,0.3709224221494144,1.0941578901277011,0.6534213849715809
X2_to_X3,sex_blind,COMPAS tool,break_even,0.2523364485981308,Other vs Caucasian,race,False,0.3353783231083844,False,0.2028985507246377,0.3571428571428571,15.0,28.61030574240941,15.0,0.0180464008900551,0.0541392026701654,False,11.360854871887325,0.0007500829196231,0.2631525371727546,0.121350389724796,0.5706554216884236,0.6164666453384471
X2_to_X3,sex_blind,COMPAS tool,break_even,0.2523364485981308,Female vs Male,sex,False,0.4663967611336032,False,0.4487179487179487,0.4705294705294705,18.0,17.64118065116316,18.0,0.4795151858947996,0.7918417483537296,False,1.9127127030598912,0.1666622383289012,1.2690266670499226,0.9040477310390328,1.7813536015769325,0.18901134014294
holdout,age_blind,TabPFN,0.5,0.5,African-American vs Caucasian,race,True,0.372891942535915,False,0.4822175732217573,0.2108527131782945,6.0,39.09474720784884,6.0,6.85793857470389e-07,2.0573815724111668e-06,True,33.39046543043412,7.539267654621541e-09,3.7986449373425257,2.366816607860467,6.096671500476765,0.6270427174000476
holdout,age_blind,TabPFN,0.5,0.5,Hispanic vs Caucasian,race,False,0.2137404580152671,False,0.226950354609929,0.2108527131782945,6.0,2.908160554526463,6.0,0.8202822810326084,1.0,False,1.2717764715063795,0.2594336794485768,1.6598192855175498,0.6967309245844437,3.9541808227030737,0.94092304197873
holdout,age_blind,TabPFN,0.5,0.5,Other vs Caucasian,race,False,0.1994609164420485,False,0.1237113402061855,0.2108527131782945,4.0,2.5886138638171436,4.0,0.6288414477175421,1.0,False,1.4027252559902506,0.2362678064388471,0.3784588355863549,0.0761545041376665,1.880796045555717,0.8927805766107894
holdout,age_blind,TabPFN,0.5,0.5,Female vs Male,sex,False,0.3461123110151188,False,0.1722222222222222,0.3880697050938337,6.0,79.19433507429511,6.0,5.240751162146327e-15,2.0963004648585307e-14,True,53.32830790947925,2.822186928597148e-13,0.015167764669833,0.0029760036490163,0.0773053773490747,0.0395687749998334
holdout,age_blind,TabPFN,break_even,0.2523364485981308,African-American vs Caucasian,race,True,0.8713304184884447,False,0.9675732217573222,0.7286821705426356,9.0,208.68848918443533,9.0,4.983526395560028e-40,1.4950579186680083e-39,True,162.0010329273759,0.0,inf,,,
holdout,age_blind,TabPFN,break_even,0.2523364485981308,Hispanic vs Caucasian,race,False,0.7290076335877863,False,0.7304964539007093,0.7286821705426356,6.0,11.27784262531253,6.0,0.0801596829652984,0.1603193659305968,False,2.9914877140893315,0.083703236299206,2.896491799717606,0.8313396289819506,10.091741634048208,0.22091572944712
holdout,age_blind,TabPFN,break_even,0.2523364485981308,Other vs Caucasian,race,False,0.7088948787061995,False,0.5773195876288659,0.7286821705426356,5.0,7.143431958836713,5.0,0.2101897848948597,0.2101897848948597,False,2.2180163714198846,0.1364082214826114,0.5519124480243575,0.2481386300762178,1.227569243010153,0.2664705218942007
holdout,age_blind,TabPFN,break_even,0.2523364485981308,Female vs Male,sex,False,0.8434125269978402,False,0.5972222222222222,0.9028150134048256,9.0,248.95420730097177,9.0,1.6585701163613014e-48,6.634280465445206e-48,True,204.58902095255456,0.0,0.0,,,
holdout,age_blind,COMPAS tool,0.5,0.5,African-American vs Caucasian,race,True,0.4709556527170518,False,0.5669456066945606,0.3286821705426356,17.0,34.06809286446338,17.0,0.0082278124466088,0.0246834373398264,True,13.88041356903653,0.0001948181965668,1.5622945926956275,1.2315556009547228,1.9818548122990751,0.2361801641923326
holdout,age_blind,COMPAS tool,0.5,0.5,Hispanic vs Caucasian,race,False,0.3206106870229007,False,0.2836879432624113,0.3286821705426356,16.0,27.50989756943182,16.0,0.0361519294855832,0.0723038589711664,False,2.9104301264244143,0.0880084001018717,0.6562188571895637,0.409139263676587,1.0525100540621115,0.1957015394870414
holdout,age_blind,COMPAS tool,0.5,0.5,Other vs Caucasian,race,False,0.3140161725067385,False,0.2164948453608247,0.3286821705426356,14.0,34.10984330143288,14.0,0.0019875449049847,0.007950179619939,True,8.625071438125712,0.003315674367564,0.4179345719670881,0.2311060509092226,0.7557972011469424,0.0970311529630786
holdout,age_blind,COMPAS tool,0.5,0.5,Female vs Male,sex,False,0.4416846652267818,False,0.3833333333333333,0.4557640750670241,17.0,20.72260216453229,17.0,0.2389447611459932,0.2389447611459932,False,0.2098429223187503,0.6468905477257435,1.0674043549291563,0.808286898254713,1.4095886737516905,0.3008475631206835
holdout,age_blind,COMPAS tool,break_even,0.2523364485981308,African-American vs Caucasian,race,True,0.4709556527170518,False,0.5669456066945606,0.3286821705426356,17.0,34.06809286446338,17.0,0.0082278124466088,0.0246834373398264,True,13.88041356903653,0.0001948181965668,1.5622945926956275,1.2315556009547228,1.9818548122990751,0.2361801641923326
holdout,age_blind,COMPAS tool,break_even,0.2523364485981308,Hispanic vs Caucasian,race,False,0.3206106870229007,False,0.2836879432624113,0.3286821705426356,16.0,27.50989756943182,16.0,0.0361519294855832,0.0723038589711664,False,2.9104301264244143,0.0880084001018717,0.6562188571895637,0.409139263676587,1.0525100540621115,0.1957015394870414
holdout,age_blind,COMPAS tool,break_even,0.2523364485981308,Other vs Caucasian,race,False,0.3140161725067385,False,0.2164948453608247,0.3286821705426356,14.0,34.10984330143288,14.0,0.0019875449049847,0.007950179619939,True,8.625071438125712,0.003315674367564,0.4179345719670881,0.2311060509092226,0.7557972011469424,0.0970311529630786
holdout,age_blind,COMPAS tool,break_even,0.2523364485981308,Female vs Male,sex,False,0.4416846652267818,False,0.3833333333333333,0.4557640750670241,17.0,20.72260216453229,17.0,0.2389447611459932,0.2389447611459932,False,0.2098429223187503,0.6468905477257435,1.0674043549291563,0.808286898254713,1.4095886737516905,0.3008475631206835
holdout,protected_blind,TabPFN,0.5,0.5,African-American vs Caucasian,race,True,0.3466583385384135,False,0.4309623430962343,0.2217054263565891,6.0,3.601398905120334,6.0,0.7304337763268605,1.0,False,1.095291266987951,0.2953018016599684,1.2690283937218592,0.81018990143776,1.987722953858612,0.8141983993641244
holdout,protected_blind,TabPFN,0.5,0.5,Hispanic vs Caucasian,race,False,0.2226463104325699,False,0.226950354609929,0.2217054263565891,6.0,2.0126853280505324,6.0,0.9185282430236468,1.0,False,0.3451672197477735,0.5568616822397572,1.2975874451238498,0.5562160281590508,3.027120925148122,0.9430848466968652
holdout,protected_blind,TabPFN,0.5,0.5,Other vs Caucasian,race,False,0.2102425876010781,False,0.134020618556701,0.2217054263565891,4.0,2.585373017892196,4.0,0.6294164045069546,1.0,False,1.0453651440181937,0.3065769558971436,0.4987814934421773,0.1321605872054758,1.88242942514787,0.8271158067626128
holdout,protected_blind,TabPFN,0.5,0.5,Female vs Male,sex,False,0.3239740820734341,False,0.2222222222222222,0.3485254691689008,6.0,7.088607873462397,6.0,0.3127305221925657,1.0,False,0.8636519234006729,0.3527187407077988,0.7749929629029233,0.4484792362289259,1.3392238570493569,0.3620528793740589
holdout,protected_blind,TabPFN,break_even,0.2523364485981308,African-American vs Caucasian,race,True,0.8550905683947533,False,0.899581589958159,0.7891472868217054,0.0,0.0,1.0,1.0,1.0,False,,,,,,
holdout,protected_blind,TabPFN,break_even,0.2523364485981308,Hispanic vs Caucasian,race,False,0.7824427480916031,False,0.75177304964539,0.7891472868217054,0.0,0.0,1.0,1.0,1.0,False,,,,,,
holdout,protected_blind,TabPFN,break_even,0.2523364485981308,Other vs Caucasian,race,False,0.7762803234501348,False,0.6907216494845361,0.7891472868217054,0.0,0.0,1.0,1.0,1.0,False,,,,,,
holdout,protected_blind,TabPFN,break_even,0.2523364485981308,Female vs Male,sex,False,0.8369330453563715,False,0.7444444444444445,0.8592493297587132,0.0,0.0,1.0,1.0,1.0,False,,,,,,
holdout,protected_blind,COMPAS tool,0.5,0.5,African-American vs Caucasian,race,True,0.4709556527170518,False,0.5669456066945606,0.3286821705426356,17.0,34.06809286446338,17.0,0.0082278124466088,0.0246834373398264,True,13.88041356903653,0.0001948181965668,1.5622945926956275,1.2315556009547228,1.9818548122990751,0.2361801641923326
holdout,protected_blind,COMPAS tool,0.5,0.5,Hispanic vs Caucasian,race,False,0.3206106870229007,False,0.2836879432624113,0.3286821705426356,16.0,27.50989756943182,16.0,0.0361519294855832,0.0723038589711664,False,2.9104301264244143,0.0880084001018717,0.6562188571895637,0.409139263676587,1.0525100540621115,0.1957015394870414
holdout,protected_blind,COMPAS tool,0.5,0.5,Other vs Caucasian,race,False,0.3140161725067385,False,0.2164948453608247,0.3286821705426356,14.0,34.10984330143288,14.0,0.0019875449049847,0.007950179619939,True,8.625071438125712,0.003315674367564,0.4179345719670881,0.2311060509092226,0.7557972011469424,0.0970311529630786
holdout,protected_blind,COMPAS tool,0.5,0.5,Female vs Male,sex,False,0.4416846652267818,False,0.3833333333333333,0.4557640750670241,17.0,20.72260216453229,17.0,0.2389447611459932,0.2389447611459932,False,0.2098429223187503,0.6468905477257435,1.0674043549291563,0.808286898254713,1.4095886737516905,0.3008475631206835
holdout,protected_blind,COMPAS tool,break_even,0.2523364485981308,African-American vs Caucasian,race,True,0.4709556527170518,False,0.5669456066945606,0.3286821705426356,17.0,34.06809286446338,17.0,0.0082278124466088,0.0246834373398264,True,13.88041356903653,0.0001948181965668,1.5622945926956275,1.2315556009547228,1.9818548122990751,0.2361801641923326
holdout,protected_blind,COMPAS tool,break_even,0.2523364485981308,Hispanic vs Caucasian,race,False,0.3206106870229007,False,0.2836879432624113,0.3286821705426356,16.0,27.50989756943182,16.0,0.0361519294855832,0.0723038589711664,False,2.9104301264244143,0.0880084001018717,0.6562188571895637,0.409139263676587,1.0525100540621115,0.1957015394870414
holdout,protected_blind,COMPAS tool,break_even,0.2523364485981308,Other vs Caucasian,race,False,0.3140161725067385,False,0.2164948453608247,0.3286821705426356,14.0,34.10984330143288,14.0,0.0019875449049847,0.007950179619939,True,8.625071438125712,0.003315674367564,0.4179345719670881,0.2311060509092226,0.7557972011469424,0.0970311529630786
holdout,protected_blind,COMPAS tool,break_even,0.2523364485981308,Female vs Male,sex,False,0.4416846652267818,False,0.3833333333333333,0.4557640750670241,17.0,20.72260216453229,17.0,0.2389447611459932,0.2389447611459932,False,0.2098429223187503,0.6468905477257435,1.0674043549291563,0.808286898254713,1.4095886737516905,0.3008475631206835
holdout,race_aware,TabPFN,0.5,0.5,African-American vs Caucasian,race,True,0.4003747657713928,False,0.5,0.2527131782945736,6.0,12.334102382938362,6.0,0.0549171851257468,0.1647515553772404,False,0.1219042124765352,0.7269783244083857,1.089179594740128,0.6696941089981521,1.7714239585785918,0.0508526936341036
holdout,race_aware,TabPFN,0.5,0.5,Hispanic vs Caucasian,race,False,0.2519083969465648,False,0.2482269503546099,0.2527131782945736,6.0,10.927790424717216,6.0,0.0906339591388847,0.1812679182777694,False,0.0945032477404866,0.7585284214394641,0.8764746767143872,0.3558881727742222,2.158565295759198,0.0347535635601476
holdout,race_aware,TabPFN,0.5,0.5,Other vs Caucasian,race,False,0.2425876010781671,False,0.1752577319587628,0.2527131782945736,4.0,2.53906102818355,4.0,0.637655234830936,0.637655234830936,False,0.5036287010211743,0.4779100270135153,0.6436632283245052,0.1884900426312191,2.198006566891742,0.6569703859102529
holdout,race_aware,TabPFN,0.5,0.5,Female vs Male,sex,False,0.3747300215982721,False,0.1944444444444444,0.4182305630026809,7.0,101.66238722857244,7.0,4.892151026297314e-19,1.956860410518925e-18,True,58.16553409648163,2.4091839634365897e-14,0.1615414344137426,0.0854501803023833,0.305390052310067,6.116627725427648e-07
holdout,race_aware,TabPFN,break_even,0.2523364485981308,African-American vs Caucasian,race,True,0.7863835103060587,False,0.8765690376569037,0.6527131782945736,4.0,20.91148747426672,4.0,0.0003297246992159,0.0006594493984319,True,4.375091215862066,0.0364678784448192,1.726928311663808,1.0158393325005266,2.935780588732484,0.0022265480910043
holdout,race_aware,TabPFN,break_even,0.2523364485981308,Hispanic vs Caucasian,race,False,0.6475826972010178,False,0.624113475177305,0.6527131782945736,5.0,30.660330464665247,5.0,1.093056119560226e-05,3.279168358680678e-05,True,14.142074104793062,0.0001695097417927,0.1605339145400279,0.0549457708594177,0.4690285951849158,0.0163722822662685
holdout,race_aware,TabPFN,break_even,0.2523364485981308,Other vs Caucasian,race,False,0.6563342318059299,False,0.6804123711340206,0.6527131782945736,3.0,3.143135266494174,3.0,0.3700786718910459,0.3700786718910459,False,0.1574035647245903,0.6915583290428124,1.2530877401465637,0.4151230744938377,3.782562283294448,0.3710379132137463
holdout,race_aware,TabPFN,break_even,0.2523364485981308,Female vs Male,sex,False,0.765658747300216,False,0.5611111111111111,0.8150134048257373,5.0,171.84593782538977,5.0,2.9458853001383306e-35,1.1783541200553323e-34,True,137.02615839908125,0.0,0.0205371836336214,0.0071306052359296,0.0591500858126109,0.0047911506013326
holdout,race_aware,COMPAS tool,0.5,0.5,African-American vs Caucasian,race,True,0.4709556527170518,False,0.5669456066945606,0.3286821705426356,17.0,34.06809286446338,17.0,0.0082278124466088,0.0246834373398264,True,13.88041356903653,0.0001948181965668,1.5622945926956275,1.2315556009547228,1.9818548122990751,0.2361801641923326
holdout,race_aware,COMPAS tool,0.5,0.5,Hispanic vs Caucasian,race,False,0.3206106870229007,False,0.2836879432624113,0.3286821705426356,16.0,27.50989756943182,16.0,0.0361519294855832,0.0723038589711664,False,2.9104301264244143,0.0880084001018717,0.6562188571895637,0.409139263676587,1.0525100540621115,0.1957015394870414
holdout,race_aware,COMPAS tool,0.5,0.5,Other vs Caucasian,race,False,0.3140161725067385,False,0.2164948453608247,0.3286821705426356,14.0,34.10984330143288,14.0,0.0019875449049847,0.007950179619939,True,8.625071438125712,0.003315674367564,0.4179345719670881,0.2311060509092226,0.7557972011469424,0.0970311529630786
holdout,race_aware,COMPAS tool,0.5,0.5,Female vs Male,sex,False,0.4416846652267818,False,0.3833333333333333,0.4557640750670241,17.0,20.72260216453229,17.0,0.2389447611459932,0.2389447611459932,False,0.2098429223187503,0.6468905477257435,1.0674043549291563,0.808286898254713,1.4095886737516905,0.3008475631206835
holdout,race_aware,COMPAS tool,break_even,0.2523364485981308,African-American vs Caucasian,race,True,0.4709556527170518,False,0.5669456066945606,0.3286821705426356,17.0,34.06809286446338,17.0,0.0082278124466088,0.0246834373398264,True,13.88041356903653,0.0001948181965668,1.5622945926956275,1.2315556009547228,1.9818548122990751,0.2361801641923326
holdout,race_aware,COMPAS tool,break_even,0.2523364485981308,Hispanic vs Caucasian,race,False,0.3206106870229007,False,0.2836879432624113,0.3286821705426356,16.0,27.50989756943182,16.0,0.0361519294855832,0.0723038589711664,False,2.9104301264244143,0.0880084001018717,0.6562188571895637,0.409139263676587,1.0525100540621115,0.1957015394870414
holdout,race_aware,COMPAS tool,break_even,0.2523364485981308,Other vs Caucasian,race,False,0.3140161725067385,False,0.2164948453608247,0.3286821705426356,14.0,34.10984330143288,14.0,0.0019875449049847,0.007950179619939,True,8.625071438125712,0.003315674367564,0.4179345719670881,0.2311060509092226,0.7557972011469424,0.0970311529630786
holdout,race_aware,COMPAS tool,break_even,0.2523364485981308,Female vs Male,sex,False,0.4416846652267818,False,0.3833333333333333,0.4557640750670241,17.0,20.72260216453229,17.0,0.2389447611459932,0.2389447611459932,False,0.2098429223187503,0.6468905477257435,1.0674043549291563,0.808286898254713,1.4095886737516905,0.3008475631206835
holdout,race_blind,TabPFN,0.5,0.5,African-American vs Caucasian,race,True,0.4003747657713928,False,0.5031380753138075,0.2480620155038759,6.0,11.430540255813328,6.0,0.0759472684529278,0.1518945369058557,False,0.9559851513252255,0.3282004931752517,1.2877902443118907,0.7728335468407822,2.145874386695769,0.089189587504915
holdout,race_blind,TabPFN,0.5,0.5,Hispanic vs Caucasian,race,False,0.2493638676844783,False,0.2553191489361702,0.2480620155038759,6.0,12.639563352177746,6.0,0.0491304668994334,0.1473914006983002,False,0.2392420943079281,0.6247540508036311,1.2479187113473578,0.4793817987879641,3.2485611970838755,0.0103891160825398
holdout,race_blind,TabPFN,0.5,0.5,Other vs Caucasian,race,False,0.2371967654986523,False,0.1649484536082474,0.2480620155038759,4.0,2.8344616864862173,4.0,0.5858987781170495,0.5858987781170495,False,0.8380419383558059,0.3599573785257594,0.5189460236346215,0.1281006221715335,2.1022924860237717,0.6979934655440575
holdout,race_blind,TabPFN,0.5,0.5,Female vs Male,sex,False,0.3741900647948164,False,0.1861111111111111,0.4195710455764075,6.0,105.0375767012102,6.0,2.2259436782611322e-20,8.90377471304453e-20,True,77.35516538208009,0.0,0.0392738095595272,0.0144565891778209,0.1066940547556255,0.0078012721452663
holdout,race_blind,TabPFN,break_even,0.2523364485981308,African-American vs Caucasian,race,True,0.7888819487820112,False,0.8755230125523012,0.6604651162790698,3.0,9.635160245762956,3.0,0.0219361139713761,0.0658083419141285,False,1.4144101063979015,0.2343256679017624,1.390995699275954,0.7969032848315994,2.4279847658214564,0.0158789366369062
holdout,race_blind,TabPFN,break_even,0.2523364485981308,Hispanic vs Caucasian,race,False,0.6628498727735369,False,0.6737588652482269,0.6604651162790698,3.0,4.513341052431066,3.0,0.2111033784263316,0.4222067568526632,False,3.2889333680517305,0.0697483185752853,0.3335103435537496,0.1024205963844393,1.0860037256553117,0.569063706441038
holdout,race_blind,TabPFN,break_even,0.2523364485981308,Other vs Caucasian,race,False,0.6630727762803235,False,0.6804123711340206,0.6604651162790698,2.0,0.0915890807682923,2.0,0.9552382049046766,0.9552382049046766,False,0.0854512060296987,0.7700416760850765,0.8366884531590414,0.2547262265704859,2.74823514278361,0.9379026819843548
holdout,race_blind,TabPFN,break_even,0.2523364485981308,Female vs Male,sex,False,0.7721382289416847,False,0.5833333333333334,0.8176943699731903,3.0,182.30273234849457,3.0,2.806495017081926e-39,1.1225980068327704e-38,True,124.65659760471762,0.0,0.0376632256798116,0.0140368468627166,0.1010567816605708,2.42655384674606e-09
holdout,race_blind,COMPAS tool,0.5,0.5,African-American vs Caucasian,race,True,0.4709556527170518,False,0.5669456066945606,0.3286821705426356,17.0,34.06809286446338,17.0,0.0082278124466088,0.0246834373398264,True,13.88041356903653,0.0001948181965668,1.5622945926956275,1.2315556009547228,1.9818548122990751,0.2361801641923326
holdout,race_blind,COMPAS tool,0.5,0.5,Hispanic vs Caucasian,race,False,0.3206106870229007,False,0.2836879432624113,0.3286821705426356,16.0,27.50989756943182,16.0,0.0361519294855832,0.0723038589711664,False,2.9104301264244143,0.0880084001018717,0.6562188571895637,0.409139263676587,1.0525100540621115,0.1957015394870414
holdout,race_blind,COMPAS tool,0.5,0.5,Other vs Caucasian,race,False,0.3140161725067385,False,0.2164948453608247,0.3286821705426356,14.0,34.10984330143288,14.0,0.0019875449049847,0.007950179619939,True,8.625071438125712,0.003315674367564,0.4179345719670881,0.2311060509092226,0.7557972011469424,0.0970311529630786
holdout,race_blind,COMPAS tool,0.5,0.5,Female vs Male,sex,False,0.4416846652267818,False,0.3833333333333333,0.4557640750670241,17.0,20.72260216453229,17.0,0.2389447611459932,0.2389447611459932,False,0.2098429223187503,0.6468905477257435,1.0674043549291563,0.808286898254713,1.4095886737516905,0.3008475631206835
holdout,race_blind,COMPAS tool,break_even,0.2523364485981308,African-American vs Caucasian,race,True,0.4709556527170518,False,0.5669456066945606,0.3286821705426356,17.0,34.06809286446338,17.0,0.0082278124466088,0.0246834373398264,True,13.88041356903653,0.0001948181965668,1.5622945926956275,1.2315556009547228,1.9818548122990751,0.2361801641923326
holdout,race_blind,COMPAS tool,break_even,0.2523364485981308,Hispanic vs Caucasian,race,False,0.3206106870229007,False,0.2836879432624113,0.3286821705426356,16.0,27.50989756943182,16.0,0.0361519294855832,0.0723038589711664,False,2.9104301264244143,0.0880084001018717,0.6562188571895637,0.409139263676587,1.0525100540621115,0.1957015394870414
holdout,race_blind,COMPAS tool,break_even,0.2523364485981308,Other vs Caucasian,race,False,0.3140161725067385,False,0.2164948453608247,0.3286821705426356,14.0,34.10984330143288,14.0,0.0019875449049847,0.007950179619939,True,8.625071438125712,0.003315674367564,0.4179345719670881,0.2311060509092226,0.7557972011469424,0.0970311529630786
holdout,race_blind,COMPAS tool,break_even,0.2523364485981308,Female vs Male,sex,False,0.4416846652267818,False,0.3833333333333333,0.4557640750670241,17.0,20.72260216453229,17.0,0.2389447611459932,0.2389447611459932,False,0.2098429223187503,0.6468905477257435,1.0674043549291563,0.808286898254713,1.4095886737516905,0.3008475631206835
holdout,race_priors_blind,TabPFN,0.5,0.5,African-American vs Caucasian,race,True,0.4778263585259213,False,0.5397489539748954,0.386046511627907,9.0,8.747705095649536,9.0,0.4608817441879458,0.9217634883758916,False,0.0522448814505245,0.8192020614720052,1.0437435423808006,0.7249433229630515,1.5027389697292872,0.5157225887041383
holdout,race_priors_blind,TabPFN,0.5,0.5,Hispanic vs Caucasian,race,False,0.3905852417302799,False,0.4113475177304964,0.386046511627907,8.0,15.794068810633831,8.0,0.0454242709171465,0.1362728127514396,False,0.100796808653781,0.7508755197981759,1.1156345053311745,0.5625149931010627,2.2126349781790076,0.0661350994384023
holdout,race_priors_blind,TabPFN,0.5,0.5,Other vs Caucasian,race,False,0.3935309973045822,False,0.4432989690721649,0.386046511627907,7.0,2.838330407097993,7.0,0.8995443107295096,0.9217634883758916,False,0.3169808372147509,0.573427725524742,0.8158119684468348,0.4043047759771698,1.6461570760635322,0.8884318461789364
holdout,race_priors_blind,TabPFN,0.5,0.5,Female vs Male,sex,False,0.4703023758099352,False,0.0,0.5837801608579088,9.0,977.7267487816832,9.0,1.0938560494801365e-204,4.375424197920546e-204,True,1008.0714227017658,0.0,0.0,,,
holdout,race_priors_blind,TabPFN,break_even,0.2523364485981308,African-American vs Caucasian,race,True,0.9800124921923796,False,0.9926778242677824,0.9612403100775194,3.0,0.8368294729581078,3.0,0.840639126062189,0.9095964018037472,False,0.6332903325351676,0.4261509607935827,1.5073576765669254,0.5556202874011641,4.089352416796722,0.9175875315012292
holdout,race_priors_blind,TabPFN,break_even,0.2523364485981308,Hispanic vs Caucasian,race,False,0.9669211195928752,False,0.9929078014184396,0.9612403100775194,3.0,3.049285591882585,3.0,0.3840885536072853,0.9095964018037472,False,2.291302853214163,0.1301006740630402,4.844574780058651,0.5534611689657938,42.405693688387494,0.9340623883012096
holdout,race_priors_blind,TabPFN,break_even,0.2523364485981308,Other vs Caucasian,race,False,0.9649595687331536,False,0.9896907216494846,0.9612403100775194,1.0,1.0600718395110786,1.0,0.303198800601249,0.9095964018037472,False,0.934747583243824,0.3336322996023111,2.9032258064516134,0.3139939896550898,26.84357140881978,
holdout,race_priors_blind,TabPFN,break_even,0.2523364485981308,Female vs Male,sex,False,0.9816414686825052,False,0.9055555555555556,1.0,3.0,158.05759668805575,3.0,4.811702868957734e-34,1.9246811475830936e-33,True,143.29488778936647,0.0,0.0,,,
holdout,race_priors_blind,COMPAS tool,0.5,0.5,African-American vs Caucasian,race,True,0.4709556527170518,False,0.5669456066945606,0.3286821705426356,17.0,34.06809286446338,17.0,0.0082278124466088,0.0246834373398264,True,13.88041356903653,0.0001948181965668,1.5622945926956275,1.2315556009547228,1.9818548122990751,0.2361801641923326
holdout,race_priors_blind,COMPAS tool,0.5,0.5,Hispanic vs Caucasian,race,False,0.3206106870229007,False,0.2836879432624113,0.3286821705426356,16.0,27.50989756943182,16.0,0.0361519294855832,0.0723038589711664,False,2.9104301264244143,0.0880084001018717,0.6562188571895637,0.409139263676587,1.0525100540621115,0.1957015394870414
holdout,race_priors_blind,COMPAS tool,0.5,0.5,Other vs Caucasian,race,False,0.3140161725067385,False,0.2164948453608247,0.3286821705426356,14.0,34.10984330143288,14.0,0.0019875449049847,0.007950179619939,True,8.625071438125712,0.003315674367564,0.4179345719670881,0.2311060509092226,0.7557972011469424,0.0970311529630786
holdout,race_priors_blind,COMPAS tool,0.5,0.5,Female vs Male,sex,False,0.4416846652267818,False,0.3833333333333333,0.4557640750670241,17.0,20.72260216453229,17.0,0.2389447611459932,0.2389447611459932,False,0.2098429223187503,0.6468905477257435,1.0674043549291563,0.808286898254713,1.4095886737516905,0.3008475631206835
holdout,race_priors_blind,COMPAS tool,break_even,0.2523364485981308,African-American vs Caucasian,race,True,0.4709556527170518,False,0.5669456066945606,0.3286821705426356,17.0,34.06809286446338,17.0,0.0082278124466088,0.0246834373398264,True,13.88041356903653,0.0001948181965668,1.5622945926956275,1.2315556009547228,1.9818548122990751,0.2361801641923326
holdout,race_priors_blind,COMPAS tool,break_even,0.2523364485981308,Hispanic vs Caucasian,race,False,0.3206106870229007,False,0.2836879432624113,0.3286821705426356,16.0,27.50989756943182,16.0,0.0361519294855832,0.0723038589711664,False,2.9104301264244143,0.0880084001018717,0.6562188571895637,0.409139263676587,1.0525100540621115,0.1957015394870414
holdout,race_priors_blind,COMPAS tool,break_even,0.2523364485981308,Other vs Caucasian,race,False,0.3140161725067385,False,0.2164948453608247,0.3286821705426356,14.0,34.10984330143288,14.0,0.0019875449049847,0.007950179619939,True,8.625071438125712,0.003315674367564,0.4179345719670881,0.2311060509092226,0.7557972011469424,0.0970311529630786
holdout,race_priors_blind,COMPAS tool,break_even,0.2523364485981308,Female vs Male,sex,False,0.4416846652267818,False,0.3833333333333333,0.4557640750670241,17.0,20.72260216453229,17.0,0.2389447611459932,0.2389447611459932,False,0.2098429223187503,0.6468905477257435,1.0674043549291563,0.808286898254713,1.4095886737516905,0.3008475631206835
holdout,race_proxy_blind,TabPFN,0.5,0.5,African-American vs Caucasian,race,True,0.1873828856964397,False,0.209205020920502,0.1550387596899224,6.0,7.455458854256538,6.0,0.2807702458159513,0.5615404916319026,False,0.037789233681181,0.8458669718761255,0.9425607872130112,0.5205344724442402,1.7067473618412066,0.3008605801544093
holdout,race_proxy_blind,TabPFN,0.5,0.5,Hispanic vs Caucasian,race,False,0.1603053435114503,False,0.1843971631205673,0.1550387596899224,5.0,12.885970944719036,5.0,0.0244711011048651,0.0734133033145955,False,0.0046963794282642,0.9453636320497258,0.9672421425409472,0.358882350435672,2.606863673210635,0.033444493181352
holdout,race_proxy_blind,TabPFN,0.5,0.5,Other vs Caucasian,race,False,0.1630727762803234,False,0.2164948453608247,0.1550387596899224,4.0,2.1536312995814924,4.0,0.7075267317682341,0.7075267317682341,False,0.4117225629503465,0.5210964928129056,0.6983628389489683,0.2377433976134048,2.051416189558837,0.6932393221566614
holdout,race_proxy_blind,TabPFN,0.5,0.5,Female vs Male,sex,False,0.1884449244060475,False,0.0,0.2339142091152815,6.0,380.3397421529476,6.0,4.699970688723168e-79,1.8799882754892669e-78,True,393.5802063212621,0.0,0.0,,,
holdout,race_proxy_blind,TabPFN,break_even,0.2523364485981308,African-American vs Caucasian,race,True,1.0,True,1.0,1.0,0.0,0.0,1.0,1.0,1.0,False,,,,,,
holdout,race_proxy_blind,TabPFN,break_even,0.2523364485981308,Hispanic vs Caucasian,race,False,1.0,True,1.0,1.0,0.0,0.0,1.0,1.0,1.0,False,,,,,,
holdout,race_proxy_blind,TabPFN,break_even,0.2523364485981308,Other vs Caucasian,race,False,1.0,True,1.0,1.0,0.0,0.0,1.0,1.0,1.0,False,,,,,,
holdout,race_proxy_blind,TabPFN,break_even,0.2523364485981308,Female vs Male,sex,False,1.0,True,1.0,1.0,0.0,0.0,1.0,1.0,1.0,False,,,,,,
holdout,race_proxy_blind,COMPAS tool,0.5,0.5,African-American vs Caucasian,race,True,0.4709556527170518,False,0.5669456066945606,0.3286821705426356,17.0,34.06809286446338,17.0,0.0082278124466088,0.0246834373398264,True,13.88041356903653,0.0001948181965668,1.5622945926956275,1.2315556009547228,1.9818548122990751,0.2361801641923326
holdout,race_proxy_blind,COMPAS tool,0.5,0.5,Hispanic vs Caucasian,race,False,0.3206106870229007,False,0.2836879432624113,0.3286821705426356,16.0,27.50989756943182,16.0,0.0361519294855832,0.0723038589711664,False,2.9104301264244143,0.0880084001018717,0.6562188571895637,0.409139263676587,1.0525100540621115,0.1957015394870414
holdout,race_proxy_blind,COMPAS tool,0.5,0.5,Other vs Caucasian,race,False,0.3140161725067385,False,0.2164948453608247,0.3286821705426356,14.0,34.10984330143288,14.0,0.0019875449049847,0.007950179619939,True,8.625071438125712,0.003315674367564,0.4179345719670881,0.2311060509092226,0.7557972011469424,0.0970311529630786
holdout,race_proxy_blind,COMPAS tool,0.5,0.5,Female vs Male,sex,False,0.4416846652267818,False,0.3833333333333333,0.4557640750670241,17.0,20.72260216453229,17.0,0.2389447611459932,0.2389447611459932,False,0.2098429223187503,0.6468905477257435,1.0674043549291563,0.808286898254713,1.4095886737516905,0.3008475631206835
holdout,race_proxy_blind,COMPAS tool,break_even,0.2523364485981308,African-American vs Caucasian,race,True,0.4709556527170518,False,0.5669456066945606,0.3286821705426356,17.0,34.06809286446338,17.0,0.0082278124466088,0.0246834373398264,True,13.88041356903653,0.0001948181965668,1.5622945926956275,1.2315556009547228,1.9818548122990751,0.2361801641923326
holdout,race_proxy_blind,COMPAS tool,break_even,0.2523364485981308,Hispanic vs Caucasian,race,False,0.3206106870229007,False,0.2836879432624113,0.3286821705426356,16.0,27.50989756943182,16.0,0.0361519294855832,0.0723038589711664,False,2.9104301264244143,0.0880084001018717,0.6562188571895637,0.409139263676587,1.0525100540621115,0.1957015394870414
holdout,race_proxy_blind,COMPAS tool,break_even,0.2523364485981308,Other vs Caucasian,race,False,0.3140161725067385,False,0.2164948453608247,0.3286821705426356,14.0,34.10984330143288,14.0,0.0019875449049847,0.007950179619939,True,8.625071438125712,0.003315674367564,0.4179345719670881,0.2311060509092226,0.7557972011469424,0.0970311529630786
holdout,race_proxy_blind,COMPAS tool,break_even,0.2523364485981308,Female vs Male,sex,False,0.4416846652267818,False,0.3833333333333333,0.4557640750670241,17.0,20.72260216453229,17.0,0.2389447611459932,0.2389447611459932,False,0.2098429223187503,0.6468905477257435,1.0674043549291563,0.808286898254713,1.4095886737516905,0.3008475631206835
holdout,sex_blind,TabPFN,0.5,0.5,African-American vs Caucasian,race,True,0.4097439100562148,False,0.5209205020920502,0.2449612403100775,4.0,25.589988510053583,4.0,3.827596272824003e-05,0.0001531038509129,True,8.369540924968623,0.0038156199606579,2.034412277319349,1.2298910334107376,3.3652032592105936,0.0019797302342942
holdout,sex_blind,TabPFN,0.5,0.5,Hispanic vs Caucasian,race,False,0.2455470737913486,False,0.2482269503546099,0.2449612403100775,5.0,6.515760812302727,5.0,0.2592145816193358,0.5184291632386716,False,0.0005124598309073,0.9819393704729767,0.9897128232719103,0.3885205241430799,2.5211833395656726,0.1243364853242137
holdout,sex_blind,TabPFN,0.5,0.5,Other vs Caucasian,race,False,0.2358490566037736,False,0.1752577319587628,0.2449612403100775,3.0,0.2300178816974987,3.0,0.9726038102126804,0.9726038102126804,False,0.2182174650170764,0.6404014899313948,0.7367440979674283,0.2070444481005521,2.6216199993260867,0.9997824288461664
holdout,sex_blind,TabPFN,0.5,0.5,Female vs Male,sex,False,0.3822894168466522,False,0.2611111111111111,0.4115281501340482,5.0,9.978548739789607,5.0,0.0758453447912501,0.2275360343737503,False,0.7421039157065705,0.388987751337005,0.7841305658702322,0.4354360273445633,1.4120575830199444,0.0347625516699042
holdout,sex_blind,TabPFN,break_even,0.2523364485981308,African-American vs Caucasian,race,True,0.8126171143035603,False,0.8943514644351465,0.6914728682170542,2.0,16.515443199653486,2.0,0.0002592489917859,0.0005184979835718,True,1.7302433723182933,0.1883798196464194,1.5595472440944882,0.7636686049088222,3.1848731124060063,0.0001378138401474
holdout,sex_blind,TabPFN,break_even,0.2523364485981308,Hispanic vs Caucasian,race,False,0.683206106870229,False,0.6453900709219859,0.6914728682170542,3.0,51.92699320741643,3.0,3.1043286663681146e-11,9.312985999104346e-11,True,34.49965759272014,4.263263075898749e-09,0.0726610732942852,0.0200778085184953,0.2629585578233788,0.0005758539983772
holdout,sex_blind,TabPFN,break_even,0.2523364485981308,Other vs Caucasian,race,False,0.6778975741239892,False,0.5876288659793815,0.6914728682170542,2.0,68.46957255676092,2.0,1.3552556613951084e-15,5.421022645580434e-15,True,57.37549033291379,3.597122599785507e-14,0.0345402518982493,0.0073776089758596,0.1617094379897665,1.5108889248161006e-05
holdout,sex_blind,TabPFN,break_even,0.2523364485981308,Female vs Male,sex,False,0.7856371490280778,False,0.6861111111111111,0.8096514745308311,3.0,2.423814781277461,3.0,0.4892169052283187,0.4892169052283187,False,1.7746496240770535,0.1828076966602405,0.6441869469284558,0.3338612886812571,1.2429617828175052,0.6961187835165223
holdout,sex_blind,COMPAS tool,0.5,0.5,African-American vs Caucasian,race,True,0.4709556527170518,False,0.5669456066945606,0.3286821705426356,17.0,34.06809286446338,17.0,0.0082278124466088,0.0246834373398264,True,13.88041356903653,0.0001948181965668,1.5622945926956275,1.2315556009547228,1.9818548122990751,0.2361801641923326
holdout,sex_blind,COMPAS tool,0.5,0.5,Hispanic vs Caucasian,race,False,0.3206106870229007,False,0.2836879432624113,0.3286821705426356,16.0,27.50989756943182,16.0,0.0361519294855832,0.0723038589711664,False,2.9104301264244143,0.0880084001018717,0.6562188571895637,0.409139263676587,1.0525100540621115,0.1957015394870414
holdout,sex_blind,COMPAS tool,0.5,0.5,Other vs Caucasian,race,False,0.3140161725067385,False,0.2164948453608247,0.3286821705426356,14.0,34.10984330143288,14.0,0.0019875449049847,0.007950179619939,True,8.625071438125712,0.003315674367564,0.4179345719670881,0.2311060509092226,0.7557972011469424,0.0970311529630786
holdout,sex_blind,COMPAS tool,0.5,0.5,Female vs Male,sex,False,0.4416846652267818,False,0.3833333333333333,0.4557640750670241,17.0,20.72260216453229,17.0,0.2389447611459932,0.2389447611459932,False,0.2098429223187503,0.6468905477257435,1.0674043549291563,0.808286898254713,1.4095886737516905,0.3008475631206835
holdout,sex_blind,COMPAS tool,break_even,0.2523364485981308,African-American vs Caucasian,race,True,0.4709556527170518,False,0.5669456066945606,0.3286821705426356,17.0,34.06809286446338,17.0,0.0082278124466088,0.0246834373398264,True,13.88041356903653,0.0001948181965668,1.5622945926956275,1.2315556009547228,1.9818548122990751,0.2361801641923326
holdout,sex_blind,COMPAS tool,break_even,0.2523364485981308,Hispanic vs Caucasian,race,False,0.3206106870229007,False,0.2836879432624113,0.3286821705426356,16.0,27.50989756943182,16.0,0.0361519294855832,0.0723038589711664,False,2.9104301264244143,0.0880084001018717,0.6562188571895637,0.409139263676587,1.0525100540621115,0.1957015394870414
holdout,sex_blind,COMPAS tool,break_even,0.2523364485981308,Other vs Caucasian,race,False,0.3140161725067385,False,0.2164948453608247,0.3286821705426356,14.0,34.10984330143288,14.0,0.0019875449049847,0.007950179619939,True,8.625071438125712,0.003315674367564,0.4179345719670881,0.2311060509092226,0.7557972011469424,0.0970311529630786
holdout,sex_blind,COMPAS tool,break_even,0.2523364485981308,Female vs Male,sex,False,0.4416846652267818,False,0.3833333333333333,0.4557640750670241,17.0,20.72260216453229,17.0,0.2389447611459932,0.2389447611459932,False,0.2098429223187503,0.6468905477257435,1.0674043549291563,0.808286898254713,1.4095886737516905,0.3008475631206835
temporal_1,age_blind,TabPFN,0.5,0.5,African-American vs Caucasian,race,True,0.1807610993657505,False,0.2660714285714285,0.0569948186528497,6.0,43.31398278277041,6.0,1.0108991309807005e-07,4.043596523922802e-07,True,37.05498008415628,1.1484488915414204e-09,6.56355828075422,3.450596227931697,12.484885063089465,0.529596802351975
temporal_1,age_blind,TabPFN,0.5,0.5,Hispanic vs Caucasian,race,False,0.0602409638554216,False,0.0714285714285714,0.0569948186528497,3.0,3.257524763886839,3.0,0.3535982932375142,0.7071965864750285,False,2.9098192967972913,0.0880417388133379,3.0031361368496077,0.8222388627797081,10.968621242204996,0.8685553573641555
temporal_1,age_blind,TabPFN,0.5,0.5,Other vs Caucasian,race,False,0.0544662309368191,False,0.0410958904109589,0.0569948186528497,3.0,2.439132149592282,3.0,0.4863917569760565,0.7071965864750285,False,0.0516963862074726,0.82013729530658,1.2507062146892656,0.2132154768668778,7.336550134392959,0.4645112655335736
temporal_1,age_blind,TabPFN,0.5,0.5,Female vs Male,sex,False,0.1599297012302284,False,0.0304347826086956,0.1927312775330396,6.0,27.60552597393908,6.0,0.0001114728857086,0.000334418657126,True,22.76723446304044,1.8285686724794912e-06,0.1441391355285924,0.0583816087663757,0.355867041521057,0.5878818170456184
temporal_1,age_blind,TabPFN,break_even,0.2523364485981308,African-American vs Caucasian,race,True,0.6596194503171248,False,0.7660714285714286,0.5051813471502591,6.0,49.65215163207326,6.0,5.519627317684267e-09,1.65588819530528e-08,True,41.69294293669784,1.0679379602862582e-10,19.472769494664433,6.406891895971859,59.18450911131141,0.7178363183068023
temporal_1,age_blind,TabPFN,break_even,0.2523364485981308,Hispanic vs Caucasian,race,False,0.5040160642570282,False,0.5,0.5051813471502591,6.0,13.406663297790123,6.0,0.0370139006035607,0.0740278012071214,False,4.487748794882651,0.034138604895927,3.1351317548759132,1.0172576852611337,9.6623021510112,0.0873569060691482
temporal_1,age_blind,TabPFN,break_even,0.2523364485981308,Other vs Caucasian,race,False,0.494553376906318,False,0.4383561643835616,0.5051813471502591,6.0,6.9055423114223595,6.0,0.3296710612849806,0.3296710612849806,False,0.4474488647253769,0.503548944116662,0.7138167540462109,0.2654820638738416,1.9192797845627791,0.3394734114398805
temporal_1,age_blind,TabPFN,break_even,0.2523364485981308,Female vs Male,sex,False,0.6265377855887522,False,0.3608695652173913,0.6938325991189427,6.0,87.40168040432712,6.0,1.0490227693642411e-16,4.1960910774569644e-16,True,81.47142114949459,0.0,0.0611080848966446,0.0277297795707894,0.1346638198187891,0.0824881285857445
temporal_1,age_blind,COMPAS tool,0.5,0.5,African-American vs Caucasian,race,True,0.4587737843551797,False,0.5660714285714286,0.3031088082901554,17.0,34.41370626882505,17.0,0.0074213759069318,0.0296855036277272,True,13.705964776113976,0.0002137744502072,1.8040653535798947,1.3128926906538132,2.4789930076970363,0.225324873058465
temporal_1,age_blind,COMPAS tool,0.5,0.5,Hispanic vs Caucasian,race,False,0.2931726907630522,False,0.2589285714285714,0.3031088082901554,15.0,14.664285736064189,15.0,0.4758586057794137,0.4758586057794137,False,2.445189693600892,0.1178856334441158,0.6241091573352056,0.3489343876910885,1.1162907813330665,0.7840688403246083
temporal_1,age_blind,COMPAS tool,0.5,0.5,Other vs Caucasian,race,False,0.2810457516339869,False,0.1643835616438356,0.3031088082901554,16.0,22.376609305843377,16.0,0.1314422580235015,0.3943267740705046,False,6.297117497709402,0.0120934464277203,0.3834907541364081,0.1782025439582449,0.8252696916749417,0.6690886029137916
temporal_1,age_blind,COMPAS tool,0.5,0.5,Female vs Male,sex,False,0.4200351493848858,False,0.3695652173913043,0.4328193832599118,17.0,21.336335884002345,17.0,0.2116061470914693,0.4232122941829386,False,1.6666067895879273,0.1967136440989729,1.267292891423846,0.884283854424642,1.8161942736118073,0.4024642188717737
temporal_1,age_blind,COMPAS tool,break_even,0.2523364485981308,African-American vs Caucasian,race,True,0.4587737843551797,False,0.5660714285714286,0.3031088082901554,17.0,34.41370626882505,17.0,0.0074213759069318,0.0296855036277272,True,13.705964776113976,0.0002137744502072,1.8040653535798947,1.3128926906538132,2.4789930076970363,0.225324873058465
temporal_1,age_blind,COMPAS tool,break_even,0.2523364485981308,Hispanic vs Caucasian,race,False,0.2931726907630522,False,0.2589285714285714,0.3031088082901554,15.0,14.664285736064189,15.0,0.4758586057794137,0.4758586057794137,False,2.445189693600892,0.1178856334441158,0.6241091573352056,0.3489343876910885,1.1162907813330665,0.7840688403246083
temporal_1,age_blind,COMPAS tool,break_even,0.2523364485981308,Other vs Caucasian,race,False,0.2810457516339869,False,0.1643835616438356,0.3031088082901554,16.0,22.376609305843377,16.0,0.1314422580235015,0.3943267740705046,False,6.297117497709402,0.0120934464277203,0.3834907541364081,0.1782025439582449,0.8252696916749417,0.6690886029137916
temporal_1,age_blind,COMPAS tool,break_even,0.2523364485981308,Female vs Male,sex,False,0.4200351493848858,False,0.3695652173913043,0.4328193832599118,17.0,21.336335884002345,17.0,0.2116061470914693,0.4232122941829386,False,1.6666067895879273,0.1967136440989729,1.267292891423846,0.884283854424642,1.8161942736118073,0.4024642188717737
temporal_1,protected_blind,TabPFN,0.5,0.5,African-American vs Caucasian,race,True,0.1966173361522198,False,0.2696428571428571,0.0906735751295336,6.0,14.700082639866176,6.0,0.0227221519141197,0.0681664557423591,False,12.298045858620178,0.0004534327891704,2.748942727017995,1.548611774543466,4.879651724624695,0.81331353535801
temporal_1,protected_blind,TabPFN,0.5,0.5,Hispanic vs Caucasian,race,False,0.0863453815261044,False,0.0714285714285714,0.0906735751295336,4.0,1.9559072091459777,4.0,0.743868633679478,0.7930046077282424,False,0.1212687639453909,0.7276624660425091,1.241653666146646,0.3742948585192612,4.1189553945638036,0.6936250481087856
temporal_1,protected_blind,TabPFN,0.5,0.5,Other vs Caucasian,race,False,0.0827886710239651,False,0.0410958904109589,0.0906735751295336,5.0,5.161398595303016,5.0,0.3965023038641212,0.7930046077282424,False,1.3029466818750122,0.2536756790040416,0.3636717230649552,0.0704089620836587,1.8784131770027752,0.6540319799578247
temporal_1,protected_blind,TabPFN,0.5,0.5,Female vs Male,sex,False,0.1731107205623901,False,0.0521739130434782,0.2037444933920704,6.0,18.86164602393878,6.0,0.0044037852537486,0.0176151410149944,True,12.526548315227044,0.0004012102929193,0.2837005495762729,0.1337075859446562,0.601955388404019,0.2804586250236357
temporal_1,protected_blind,TabPFN,break_even,0.2523364485981308,African-American vs Caucasian,race,True,0.7145877378435518,False,0.775,0.6269430051813472,0.0,0.0,1.0,1.0,1.0,False,,,,,,
temporal_1,protected_blind,TabPFN,break_even,0.2523364485981308,Hispanic vs Caucasian,race,False,0.606425702811245,False,0.5357142857142857,0.6269430051813472,0.0,0.0,1.0,1.0,1.0,False,,,,,,
temporal_1,protected_blind,TabPFN,break_even,0.2523364485981308,Other vs Caucasian,race,False,0.616557734204793,False,0.5616438356164384,0.6269430051813472,0.0,0.0,1.0,1.0,1.0,False,,,,,,
temporal_1,protected_blind,TabPFN,break_even,0.2523364485981308,Female vs Male,sex,False,0.6836555360281195,False,0.5304347826086957,0.7224669603524229,0.0,0.0,1.0,1.0,1.0,False,,,,,,
temporal_1,protected_blind,COMPAS tool,0.5,0.5,African-American vs Caucasian,race,True,0.4587737843551797,False,0.5660714285714286,0.3031088082901554,17.0,34.41370626882505,17.0,0.0074213759069318,0.0296855036277272,True,13.705964776113976,0.0002137744502072,1.8040653535798947,1.3128926906538132,2.4789930076970363,0.225324873058465
temporal_1,protected_blind,COMPAS tool,0.5,0.5,Hispanic vs Caucasian,race,False,0.2931726907630522,False,0.2589285714285714,0.3031088082901554,15.0,14.664285736064189,15.0,0.4758586057794137,0.4758586057794137,False,2.445189693600892,0.1178856334441158,0.6241091573352056,0.3489343876910885,1.1162907813330665,0.7840688403246083
temporal_1,protected_blind,COMPAS tool,0.5,0.5,Other vs Caucasian,race,False,0.2810457516339869,False,0.1643835616438356,0.3031088082901554,16.0,22.376609305843377,16.0,0.1314422580235015,0.3943267740705046,False,6.297117497709402,0.0120934464277203,0.3834907541364081,0.1782025439582449,0.8252696916749417,0.6690886029137916
temporal_1,protected_blind,COMPAS tool,0.5,0.5,Female vs Male,sex,False,0.4200351493848858,False,0.3695652173913043,0.4328193832599118,17.0,21.336335884002345,17.0,0.2116061470914693,0.4232122941829386,False,1.6666067895879273,0.1967136440989729,1.267292891423846,0.884283854424642,1.8161942736118073,0.4024642188717737
temporal_1,protected_blind,COMPAS tool,break_even,0.2523364485981308,African-American vs Caucasian,race,True,0.4587737843551797,False,0.5660714285714286,0.3031088082901554,17.0,34.41370626882505,17.0,0.0074213759069318,0.0296855036277272,True,13.705964776113976,0.0002137744502072,1.8040653535798947,1.3128926906538132,2.4789930076970363,0.225324873058465
temporal_1,protected_blind,COMPAS tool,break_even,0.2523364485981308,Hispanic vs Caucasian,race,False,0.2931726907630522,False,0.2589285714285714,0.3031088082901554,15.0,14.664285736064189,15.0,0.4758586057794137,0.4758586057794137,False,2.445189693600892,0.1178856334441158,0.6241091573352056,0.3489343876910885,1.1162907813330665,0.7840688403246083
temporal_1,protected_blind,COMPAS tool,break_even,0.2523364485981308,Other vs Caucasian,race,False,0.2810457516339869,False,0.1643835616438356,0.3031088082901554,16.0,22.376609305843377,16.0,0.1314422580235015,0.3943267740705046,False,6.297117497709402,0.0120934464277203,0.3834907541364081,0.1782025439582449,0.8252696916749417,0.6690886029137916
temporal_1,protected_blind,COMPAS tool,break_even,0.2523364485981308,Female vs Male,sex,False,0.4200351493848858,False,0.3695652173913043,0.4328193832599118,17.0,21.336335884002345,17.0,0.2116061470914693,0.4232122941829386,False,1.6666067895879273,0.1967136440989729,1.267292891423846,0.884283854424642,1.8161942736118073,0.4024642188717737
temporal_1,race_aware,TabPFN,0.5,0.5,African-American vs Caucasian,race,True,0.2040169133192389,False,0.2928571428571428,0.0751295336787564,5.0,33.35459375233444,5.0,3.199937179676897e-06,1.2799748718707588e-05,True,24.947948656182557,5.889916595558375e-07,4.344775619838344,2.336053156136276,8.080755841174211,0.1125021951066893
temporal_1,race_aware,TabPFN,0.5,0.5,Hispanic vs Caucasian,race,False,0.0763052208835341,False,0.0803571428571428,0.0751295336787564,5.0,3.845112556731882,5.0,0.5719246402635524,1.0,False,0.7315591587055611,0.3923782708768468,1.6569889804427678,0.514426365869979,5.337231260815108,0.567302868279168
temporal_1,race_aware,TabPFN,0.5,0.5,Other vs Caucasian,race,False,0.0697167755991285,False,0.0410958904109589,0.0751295336787564,4.0,3.126962206028478,4.0,0.5368079076419257,1.0,False,2.0021331058020477,0.1570780169568898,0.2244897959183673,0.0250338815041884,2.013098466693568,0.920569387858793
temporal_1,race_aware,TabPFN,0.5,0.5,Female vs Male,sex,False,0.180140597539543,False,0.0434782608695652,0.2147577092511013,5.0,25.18947189189801,5.0,0.0001280727326272,0.0003842181978818,True,22.29870485107747,2.3336394858741727e-06,0.1221809290953545,0.0481133445483724,0.3102710812297716,0.8632225696683321
temporal_1,race_aware,TabPFN,break_even,0.2523364485981308,African-American vs Caucasian,race,True,0.6215644820295984,False,0.7553571428571428,0.4274611398963731,5.0,47.87171226825915,5.0,3.7726676174256854e-09,1.5090670469702742e-08,True,24.893135608912143,6.059781261225083e-07,3.5175602799512644,2.074190982258474,5.965328375701586,0.0007096907513168
temporal_1,race_aware,TabPFN,break_even,0.2523364485981308,Hispanic vs Caucasian,race,False,0.4518072289156626,False,0.5357142857142857,0.4274611398963731,5.0,37.055687744345995,5.0,5.837474997372937e-07,1.1674949994745877e-06,True,12.900405925376106,0.0003285108781736,4.439630077732343,1.712066566118893,11.512586961958656,0.0004670220228173
temporal_1,race_aware,TabPFN,break_even,0.2523364485981308,Other vs Caucasian,race,False,0.4030501089324618,False,0.273972602739726,0.4274611398963731,4.0,15.361279204220232,4.0,0.0040076734652137,0.0040076734652137,True,7.211591291988007,0.0072434245734915,0.3051532359259023,0.1233856820809808,0.754694514189528,0.1272511717399724
temporal_1,race_aware,TabPFN,break_even,0.2523364485981308,Female vs Male,sex,False,0.5878734622144113,False,0.3521739130434783,0.6475770925110133,5.0,47.46346013818556,5.0,4.570344610715112e-09,1.5090670469702742e-08,True,38.62734898801912,5.129510149970429e-10,0.1879807699492416,0.1080242923621621,0.3271187350363721,0.1647482155796927
temporal_1,race_aware,COMPAS tool,0.5,0.5,African-American vs Caucasian,race,True,0.4587737843551797,False,0.5660714285714286,0.3031088082901554,17.0,34.41370626882505,17.0,0.0074213759069318,0.0296855036277272,True,13.705964776113976,0.0002137744502072,1.8040653535798947,1.3128926906538132,2.4789930076970363,0.225324873058465
temporal_1,race_aware,COMPAS tool,0.5,0.5,Hispanic vs Caucasian,race,False,0.2931726907630522,False,0.2589285714285714,0.3031088082901554,15.0,14.664285736064189,15.0,0.4758586057794137,0.4758586057794137,False,2.445189693600892,0.1178856334441158,0.6241091573352056,0.3489343876910885,1.1162907813330665,0.7840688403246083
temporal_1,race_aware,COMPAS tool,0.5,0.5,Other vs Caucasian,race,False,0.2810457516339869,False,0.1643835616438356,0.3031088082901554,16.0,22.376609305843377,16.0,0.1314422580235015,0.3943267740705046,False,6.297117497709402,0.0120934464277203,0.3834907541364081,0.1782025439582449,0.8252696916749417,0.6690886029137916
temporal_1,race_aware,COMPAS tool,0.5,0.5,Female vs Male,sex,False,0.4200351493848858,False,0.3695652173913043,0.4328193832599118,17.0,21.336335884002345,17.0,0.2116061470914693,0.4232122941829386,False,1.6666067895879273,0.1967136440989729,1.267292891423846,0.884283854424642,1.8161942736118073,0.4024642188717737
temporal_1,race_aware,COMPAS tool,break_even,0.2523364485981308,African-American vs Caucasian,race,True,0.4587737843551797,False,0.5660714285714286,0.3031088082901554,17.0,34.41370626882505,17.0,0.0074213759069318,0.0296855036277272,True,13.705964776113976,0.0002137744502072,1.8040653535798947,1.3128926906538132,2.4789930076970363,0.225324873058465
temporal_1,race_aware,COMPAS tool,break_even,0.2523364485981308,Hispanic vs Caucasian,race,False,0.2931726907630522,False,0.2589285714285714,0.3031088082901554,15.0,14.664285736064189,15.0,0.4758586057794137,0.4758586057794137,False,2.445189693600892,0.1178856334441158,0.6241091573352056,0.3489343876910885,1.1162907813330665,0.7840688403246083
temporal_1,race_aware,COMPAS tool,break_even,0.2523364485981308,Other vs Caucasian,race,False,0.2810457516339869,False,0.1643835616438356,0.3031088082901554,16.0,22.376609305843377,16.0,0.1314422580235015,0.3943267740705046,False,6.297117497709402,0.0120934464277203,0.3834907541364081,0.1782025439582449,0.8252696916749417,0.6690886029137916
temporal_1,race_aware,COMPAS tool,break_even,0.2523364485981308,Female vs Male,sex,False,0.4200351493848858,False,0.3695652173913043,0.4328193832599118,17.0,21.336335884002345,17.0,0.2116061470914693,0.4232122941829386,False,1.6666067895879273,0.1967136440989729,1.267292891423846,0.884283854424642,1.8161942736118073,0.4024642188717737
temporal_1,race_blind,TabPFN,0.5,0.5,African-American vs Caucasian,race,True,0.2135306553911205,False,0.3053571428571429,0.0803108808290155,6.0,26.249540505508385,6.0,0.0002000271145133,0.0008001084580532,True,21.697125131236728,3.1926939386694997e-06,3.6448665857078097,2.0868484866505717,6.366083840102855,0.7518829422115239
temporal_1,race_blind,TabPFN,0.5,0.5,Hispanic vs Caucasian,race,False,0.0843373493975903,False,0.0982142857142857,0.0803108808290155,5.0,4.624721508167069,5.0,0.4633714824238424,0.9267429648476848,False,1.4162187721807766,0.2340267786127904,1.8723350949851028,0.6625897938867132,5.290813019242268,0.5733032906436192
temporal_1,race_blind,TabPFN,0.5,0.5,Other vs Caucasian,race,False,0.074074074074074,False,0.0410958904109589,0.0803108808290155,4.0,2.8486346406008347,4.0,0.5834670181915889,0.9267429648476848,False,1.8772000000000009,0.1706527275371258,0.2244897959183673,0.024233013381254,2.0796286321722937,0.9445862848901292
temporal_1,race_blind,TabPFN,0.5,0.5,Female vs Male,sex,False,0.1898066783831282,False,0.0478260869565217,0.2257709251101321,6.0,24.553174263830243,6.0,0.0004129958879874,0.0012389876639622,True,18.21495145832051,1.9732370444502937e-05,0.1758776013842365,0.076179517866112,0.4060531168369694,0.5968016099756145
temporal_1,race_blind,TabPFN,break_even,0.2523364485981308,African-American vs Caucasian,race,True,0.6035940803382663,False,0.7035714285714286,0.4585492227979275,4.0,0.2616266225118514,4.0,0.9921547429860316,0.9921547429860316,False,0.0010746111991159,0.9738490201997556,1.0082471588666262,0.6191846874683166,1.6417756348579613,0.967679379240422
temporal_1,race_blind,TabPFN,break_even,0.2523364485981308,Hispanic vs Caucasian,race,False,0.4518072289156626,False,0.4285714285714285,0.4585492227979275,4.0,3.949863553774703,4.0,0.4128336010267004,0.8256672020534008,False,1.81162138413916,0.17831385195379,0.5913611450449565,0.2756338520650387,1.2687411261312156,0.5744244145138078
temporal_1,race_blind,TabPFN,break_even,0.2523364485981308,Other vs Caucasian,race,False,0.4422657952069717,False,0.3561643835616438,0.4585492227979275,4.0,6.24114897247753,4.0,0.1818484021562894,0.5455452064688684,False,3.093426147342356,0.0786091321227875,0.440268247036806,0.1779819483194471,1.089077466445976,0.5467420454578376
temporal_1,race_blind,TabPFN,break_even,0.2523364485981308,Female vs Male,sex,False,0.5694200351493849,False,0.3826086956521739,0.6167400881057269,4.0,46.8963309905093,4.0,1.6026452157001963e-09,6.410580862800785e-09,True,12.264452502175349,0.000461668647276,0.4024634774604929,0.2367802174296273,0.6840810116991014,2.3000578261100912e-05
temporal_1,race_blind,COMPAS tool,0.5,0.5,African-American vs Caucasian,race,True,0.4587737843551797,False,0.5660714285714286,0.3031088082901554,17.0,34.41370626882505,17.0,0.0074213759069318,0.0296855036277272,True,13.705964776113976,0.0002137744502072,1.8040653535798947,1.3128926906538132,2.4789930076970363,0.225324873058465
temporal_1,race_blind,COMPAS tool,0.5,0.5,Hispanic vs Caucasian,race,False,0.2931726907630522,False,0.2589285714285714,0.3031088082901554,15.0,14.664285736064189,15.0,0.4758586057794137,0.4758586057794137,False,2.445189693600892,0.1178856334441158,0.6241091573352056,0.3489343876910885,1.1162907813330665,0.7840688403246083
temporal_1,race_blind,COMPAS tool,0.5,0.5,Other vs Caucasian,race,False,0.2810457516339869,False,0.1643835616438356,0.3031088082901554,16.0,22.376609305843377,16.0,0.1314422580235015,0.3943267740705046,False,6.297117497709402,0.0120934464277203,0.3834907541364081,0.1782025439582449,0.8252696916749417,0.6690886029137916
temporal_1,race_blind,COMPAS tool,0.5,0.5,Female vs Male,sex,False,0.4200351493848858,False,0.3695652173913043,0.4328193832599118,17.0,21.336335884002345,17.0,0.2116061470914693,0.4232122941829386,False,1.6666067895879273,0.1967136440989729,1.267292891423846,0.884283854424642,1.8161942736118073,0.4024642188717737
temporal_1,race_blind,COMPAS tool,break_even,0.2523364485981308,African-American vs Caucasian,race,True,0.4587737843551797,False,0.5660714285714286,0.3031088082901554,17.0,34.41370626882505,17.0,0.0074213759069318,0.0296855036277272,True,13.705964776113976,0.0002137744502072,1.8040653535798947,1.3128926906538132,2.4789930076970363,0.225324873058465
temporal_1,race_blind,COMPAS tool,break_even,0.2523364485981308,Hispanic vs Caucasian,race,False,0.2931726907630522,False,0.2589285714285714,0.3031088082901554,15.0,14.664285736064189,15.0,0.4758586057794137,0.4758586057794137,False,2.445189693600892,0.1178856334441158,0.6241091573352056,0.3489343876910885,1.1162907813330665,0.7840688403246083
temporal_1,race_blind,COMPAS tool,break_even,0.2523364485981308,Other vs Caucasian,race,False,0.2810457516339869,False,0.1643835616438356,0.3031088082901554,16.0,22.376609305843377,16.0,0.1314422580235015,0.3943267740705046,False,6.297117497709402,0.0120934464277203,0.3834907541364081,0.1782025439582449,0.8252696916749417,0.6690886029137916
temporal_1,race_blind,COMPAS tool,break_even,0.2523364485981308,Female vs Male,sex,False,0.4200351493848858,False,0.3695652173913043,0.4328193832599118,17.0,21.336335884002345,17.0,0.2116061470914693,0.4232122941829386,False,1.6666067895879273,0.1967136440989729,1.267292891423846,0.884283854424642,1.8161942736118073,0.4024642188717737
temporal_1,race_priors_blind,TabPFN,0.5,0.5,African-American vs Caucasian,race,True,0.0,True,0.0,0.0,0.0,0.0,1.0,1.0,1.0,False,,,,,,
temporal_1,race_priors_blind,TabPFN,0.5,0.5,Hispanic vs Caucasian,race,False,0.0,True,0.0,0.0,0.0,0.0,1.0,1.0,1.0,False,,,,,,
temporal_1,race_priors_blind,TabPFN,0.5,0.5,Other vs Caucasian,race,False,0.0,True,0.0,0.0,0.0,0.0,1.0,1.0,1.0,False,,,,,,
temporal_1,race_priors_blind,TabPFN,0.5,0.5,Female vs Male,sex,False,0.0,True,0.0,0.0,0.0,0.0,1.0,1.0,1.0,False,,,,,,
temporal_1,race_priors_blind,TabPFN,break_even,0.2523364485981308,African-American vs Caucasian,race,True,0.8731501057082452,False,0.9303571428571428,0.7901554404145078,6.0,7.620801470668719,6.0,0.2672209179512332,0.5344418359024665,False,0.0473045728584707,0.8278217113581845,0.9174582121151308,0.4140658810085962,2.0328397233000164,0.2297950492770213
temporal_1,race_priors_blind,TabPFN,break_even,0.2523364485981308,Hispanic vs Caucasian,race,False,0.8052208835341366,False,0.8571428571428571,0.7901554404145078,5.0,7.684394154454689,5.0,0.1745084992705464,0.5235254978116394,False,1.503887180682672,0.2200742230713439,0.4493395840309558,0.131362302789141,1.5370167657703606,0.3483144785720222
temporal_1,race_priors_blind,TabPFN,break_even,0.2523364485981308,Other vs Caucasian,race,False,0.7952069716775599,False,0.821917808219178,0.7901554404145078,5.0,2.1649897444165367,5.0,0.8258766012321657,0.8258766012321657,False,0.0349285590170424,0.8517454389784546,0.8807380738073806,0.2419851675064557,3.2055665338795643,0.8230449242638154
temporal_1,race_priors_blind,TabPFN,break_even,0.2523364485981308,Female vs Male,sex,False,0.867311072056239,False,0.7130434782608696,0.906387665198238,6.0,188.997672758288,6.0,4.156144088577053e-38,1.6624576354308212e-37,True,174.91014808655714,0.0,0.0,,,
temporal_1,race_priors_blind,COMPAS tool,0.5,0.5,African-American vs Caucasian,race,True,0.4587737843551797,False,0.5660714285714286,0.3031088082901554,17.0,34.41370626882505,17.0,0.0074213759069318,0.0296855036277272,True,13.705964776113976,0.0002137744502072,1.8040653535798947,1.3128926906538132,2.4789930076970363,0.225324873058465
temporal_1,race_priors_blind,COMPAS tool,0.5,0.5,Hispanic vs Caucasian,race,False,0.2931726907630522,False,0.2589285714285714,0.3031088082901554,15.0,14.664285736064189,15.0,0.4758586057794137,0.4758586057794137,False,2.445189693600892,0.1178856334441158,0.6241091573352056,0.3489343876910885,1.1162907813330665,0.7840688403246083
temporal_1,race_priors_blind,COMPAS tool,0.5,0.5,Other vs Caucasian,race,False,0.2810457516339869,False,0.1643835616438356,0.3031088082901554,16.0,22.376609305843377,16.0,0.1314422580235015,0.3943267740705046,False,6.297117497709402,0.0120934464277203,0.3834907541364081,0.1782025439582449,0.8252696916749417,0.6690886029137916
temporal_1,race_priors_blind,COMPAS tool,0.5,0.5,Female vs Male,sex,False,0.4200351493848858,False,0.3695652173913043,0.4328193832599118,17.0,21.336335884002345,17.0,0.2116061470914693,0.4232122941829386,False,1.6666067895879273,0.1967136440989729,1.267292891423846,0.884283854424642,1.8161942736118073,0.4024642188717737
temporal_1,race_priors_blind,COMPAS tool,break_even,0.2523364485981308,African-American vs Caucasian,race,True,0.4587737843551797,False,0.5660714285714286,0.3031088082901554,17.0,34.41370626882505,17.0,0.0074213759069318,0.0296855036277272,True,13.705964776113976,0.0002137744502072,1.8040653535798947,1.3128926906538132,2.4789930076970363,0.225324873058465
temporal_1,race_priors_blind,COMPAS tool,break_even,0.2523364485981308,Hispanic vs Caucasian,race,False,0.2931726907630522,False,0.2589285714285714,0.3031088082901554,15.0,14.664285736064189,15.0,0.4758586057794137,0.4758586057794137,False,2.445189693600892,0.1178856334441158,0.6241091573352056,0.3489343876910885,1.1162907813330665,0.7840688403246083
temporal_1,race_priors_blind,COMPAS tool,break_even,0.2523364485981308,Other vs Caucasian,race,False,0.2810457516339869,False,0.1643835616438356,0.3031088082901554,16.0,22.376609305843377,16.0,0.1314422580235015,0.3943267740705046,False,6.297117497709402,0.0120934464277203,0.3834907541364081,0.1782025439582449,0.8252696916749417,0.6690886029137916
temporal_1,race_priors_blind,COMPAS tool,break_even,0.2523364485981308,Female vs Male,sex,False,0.4200351493848858,False,0.3695652173913043,0.4328193832599118,17.0,21.336335884002345,17.0,0.2116061470914693,0.4232122941829386,False,1.6666067895879273,0.1967136440989729,1.267292891423846,0.884283854424642,1.8161942736118073,0.4024642188717737
temporal_1,race_proxy_blind,TabPFN,0.5,0.5,African-American vs Caucasian,race,True,0.0,True,0.0,0.0,0.0,0.0,1.0,1.0,1.0,False,,,,,,
temporal_1,race_proxy_blind,TabPFN,0.5,0.5,Hispanic vs Caucasian,race,False,0.0,True,0.0,0.0,0.0,0.0,1.0,1.0,1.0,False,,,,,,
temporal_1,race_proxy_blind,TabPFN,0.5,0.5,Other vs Caucasian,race,False,0.0,True,0.0,0.0,0.0,0.0,1.0,1.0,1.0,False,,,,,,
temporal_1,race_proxy_blind,TabPFN,0.5,0.5,Female vs Male,sex,False,0.0,True,0.0,0.0,0.0,0.0,1.0,1.0,1.0,False,,,,,,
temporal_1,race_proxy_blind,TabPFN,break_even,0.2523364485981308,African-American vs Caucasian,race,True,1.0,True,1.0,1.0,0.0,0.0,1.0,1.0,1.0,False,,,,,,
temporal_1,race_proxy_blind,TabPFN,break_even,0.2523364485981308,Hispanic vs Caucasian,race,False,1.0,True,1.0,1.0,0.0,0.0,1.0,1.0,1.0,False,,,,,,
temporal_1,race_proxy_blind,TabPFN,break_even,0.2523364485981308,Other vs Caucasian,race,False,1.0,True,1.0,1.0,0.0,0.0,1.0,1.0,1.0,False,,,,,,
temporal_1,race_proxy_blind,TabPFN,break_even,0.2523364485981308,Female vs Male,sex,False,1.0,True,1.0,1.0,0.0,0.0,1.0,1.0,1.0,False,,,,,,
temporal_1,race_proxy_blind,COMPAS tool,0.5,0.5,African-American vs Caucasian,race,True,0.4587737843551797,False,0.5660714285714286,0.3031088082901554,17.0,34.41370626882505,17.0,0.0074213759069318,0.0296855036277272,True,13.705964776113976,0.0002137744502072,1.8040653535798947,1.3128926906538132,2.4789930076970363,0.225324873058465
temporal_1,race_proxy_blind,COMPAS tool,0.5,0.5,Hispanic vs Caucasian,race,False,0.2931726907630522,False,0.2589285714285714,0.3031088082901554,15.0,14.664285736064189,15.0,0.4758586057794137,0.4758586057794137,False,2.445189693600892,0.1178856334441158,0.6241091573352056,0.3489343876910885,1.1162907813330665,0.7840688403246083
temporal_1,race_proxy_blind,COMPAS tool,0.5,0.5,Other vs Caucasian,race,False,0.2810457516339869,False,0.1643835616438356,0.3031088082901554,16.0,22.376609305843377,16.0,0.1314422580235015,0.3943267740705046,False,6.297117497709402,0.0120934464277203,0.3834907541364081,0.1782025439582449,0.8252696916749417,0.6690886029137916
temporal_1,race_proxy_blind,COMPAS tool,0.5,0.5,Female vs Male,sex,False,0.4200351493848858,False,0.3695652173913043,0.4328193832599118,17.0,21.336335884002345,17.0,0.2116061470914693,0.4232122941829386,False,1.6666067895879273,0.1967136440989729,1.267292891423846,0.884283854424642,1.8161942736118073,0.4024642188717737
temporal_1,race_proxy_blind,COMPAS tool,break_even,0.2523364485981308,African-American vs Caucasian,race,True,0.4587737843551797,False,0.5660714285714286,0.3031088082901554,17.0,34.41370626882505,17.0,0.0074213759069318,0.0296855036277272,True,13.705964776113976,0.0002137744502072,1.8040653535798947,1.3128926906538132,2.4789930076970363,0.225324873058465
temporal_1,race_proxy_blind,COMPAS tool,break_even,0.2523364485981308,Hispanic vs Caucasian,race,False,0.2931726907630522,False,0.2589285714285714,0.3031088082901554,15.0,14.664285736064189,15.0,0.4758586057794137,0.4758586057794137,False,2.445189693600892,0.1178856334441158,0.6241091573352056,0.3489343876910885,1.1162907813330665,0.7840688403246083
temporal_1,race_proxy_blind,COMPAS tool,break_even,0.2523364485981308,Other vs Caucasian,race,False,0.2810457516339869,False,0.1643835616438356,0.3031088082901554,16.0,22.376609305843377,16.0,0.1314422580235015,0.3943267740705046,False,6.297117497709402,0.0120934464277203,0.3834907541364081,0.1782025439582449,0.8252696916749417,0.6690886029137916
temporal_1,race_proxy_blind,COMPAS tool,break_even,0.2523364485981308,Female vs Male,sex,False,0.4200351493848858,False,0.3695652173913043,0.4328193832599118,17.0,21.336335884002345,17.0,0.2116061470914693,0.4232122941829386,False,1.6666067895879273,0.1967136440989729,1.267292891423846,0.884283854424642,1.8161942736118073,0.4024642188717737
temporal_1,sex_blind,TabPFN,0.5,0.5,African-American vs Caucasian,race,True,0.1923890063424947,False,0.275,0.0725388601036269,6.0,24.640867641970377,6.0,0.0003978790646253,0.0015915162585014,True,19.488430782841636,1.0121083103609152e-05,3.6474395334086775,2.010000158216816,6.618812986400496,0.6525783074083302
temporal_1,sex_blind,TabPFN,0.5,0.5,Hispanic vs Caucasian,race,False,0.07429718875502,False,0.0803571428571428,0.0725388601036269,5.0,4.689382373093604,5.0,0.4549511715608593,0.9099023431217186,False,1.1294727478342454,0.2878878306562467,1.8560286650356463,0.5902685869521404,5.836059179807439,0.5321166262276863
temporal_1,sex_blind,TabPFN,0.5,0.5,Other vs Caucasian,race,False,0.0675381263616557,False,0.0410958904109589,0.0725388601036269,4.0,2.612039728027024,4.0,0.6246918266879622,0.9099023431217186,False,1.7390586292320394,0.1872581488499564,0.2340425531914893,0.0250647313545296,2.1853781686150886,0.9542558378884172
temporal_1,sex_blind,TabPFN,0.5,0.5,Female vs Male,sex,False,0.1704745166959578,False,0.0521739130434782,0.2004405286343612,6.0,13.698247322792932,6.0,0.0331946712315864,0.0995840136947593,False,11.322759243423208,0.0007656286040412,0.2517868160432864,0.1109291958026138,0.5715050963321052,0.9538755399788468
temporal_1,sex_blind,TabPFN,break_even,0.2523364485981308,African-American vs Caucasian,race,True,0.5961945031712473,False,0.6982142857142857,0.4481865284974093,2.0,0.0470156858814742,2.0,0.9767663139184884,0.9767663139184884,False,0.0025989166988634,0.9593417990487008,1.014366077414924,0.5876606139159829,1.7509060751130168,0.8331306673328309
temporal_1,sex_blind,TabPFN,break_even,0.2523364485981308,Hispanic vs Caucasian,race,False,0.4618473895582329,False,0.5089285714285714,0.4481865284974093,3.0,13.57711575040513,3.0,0.0035411143452932,0.0106233430358796,True,2.534058386523488,0.1114133324150574,2.0028387762762767,0.8310085143689215,4.827102363448267,0.0150994000637524
temporal_1,sex_blind,TabPFN,break_even,0.2523364485981308,Other vs Caucasian,race,False,0.420479302832244,False,0.273972602739726,0.4481865284974093,4.0,34.456704253064615,4.0,6.00577625647405e-07,2.40231050258962e-06,True,12.12483667877676,0.0004975468869098,0.2602371178273671,0.1116561013885277,0.6065352152986175,0.0009609835088202
temporal_1,sex_blind,TabPFN,break_even,0.2523364485981308,Female vs Male,sex,False,0.5641476274165202,False,0.4260869565217391,0.5991189427312775,5.0,6.590401847150015,5.0,0.252927412286983,0.505854824573966,False,0.5593638348938655,0.4545166767481819,0.8060071332115188,0.4613073627467259,1.4082747236456543,0.323771119304886
temporal_1,sex_blind,COMPAS tool,0.5,0.5,African-American vs Caucasian,race,True,0.4587737843551797,False,0.5660714285714286,0.3031088082901554,17.0,34.41370626882505,17.0,0.0074213759069318,0.0296855036277272,True,13.705964776113976,0.0002137744502072,1.8040653535798947,1.3128926906538132,2.4789930076970363,0.225324873058465
temporal_1,sex_blind,COMPAS tool,0.5,0.5,Hispanic vs Caucasian,race,False,0.2931726907630522,False,0.2589285714285714,0.3031088082901554,15.0,14.664285736064189,15.0,0.4758586057794137,0.4758586057794137,False,2.445189693600892,0.1178856334441158,0.6241091573352056,0.3489343876910885,1.1162907813330665,0.7840688403246083
temporal_1,sex_blind,COMPAS tool,0.5,0.5,Other vs Caucasian,race,False,0.2810457516339869,False,0.1643835616438356,0.3031088082901554,16.0,22.376609305843377,16.0,0.1314422580235015,0.3943267740705046,False,6.297117497709402,0.0120934464277203,0.3834907541364081,0.1782025439582449,0.8252696916749417,0.6690886029137916
temporal_1,sex_blind,COMPAS tool,0.5,0.5,Female vs Male,sex,False,0.4200351493848858,False,0.3695652173913043,0.4328193832599118,17.0,21.336335884002345,17.0,0.2116061470914693,0.4232122941829386,False,1.6666067895879273,0.1967136440989729,1.267292891423846,0.884283854424642,1.8161942736118073,0.4024642188717737
temporal_1,sex_blind,COMPAS tool,break_even,0.2523364485981308,African-American vs Caucasian,race,True,0.4587737843551797,False,0.5660714285714286,0.3031088082901554,17.0,34.41370626882505,17.0,0.0074213759069318,0.0296855036277272,True,13.705964776113976,0.0002137744502072,1.8040653535798947,1.3128926906538132,2.4789930076970363,0.225324873058465
temporal_1,sex_blind,COMPAS tool,break_even,0.2523364485981308,Hispanic vs Caucasian,race,False,0.2931726907630522,False,0.2589285714285714,0.3031088082901554,15.0,14.664285736064189,15.0,0.4758586057794137,0.4758586057794137,False,2.445189693600892,0.1178856334441158,0.6241091573352056,0.3489343876910885,1.1162907813330665,0.7840688403246083
temporal_1,sex_blind,COMPAS tool,break_even,0.2523364485981308,Other vs Caucasian,race,False,0.2810457516339869,False,0.1643835616438356,0.3031088082901554,16.0,22.376609305843377,16.0,0.1314422580235015,0.3943267740705046,False,6.297117497709402,0.0120934464277203,0.3834907541364081,0.1782025439582449,0.8252696916749417,0.6690886029137916
temporal_1,sex_blind,COMPAS tool,break_even,0.2523364485981308,Female vs Male,sex,False,0.4200351493848858,False,0.3695652173913043,0.4328193832599118,17.0,21.336335884002345,17.0,0.2116061470914693,0.4232122941829386,False,1.6666067895879273,0.1967136440989729,1.267292891423846,0.884283854424642,1.8161942736118073,0.4024642188717737
temporal_2,age_blind,TabPFN,0.5,0.5,African-American vs Caucasian,race,True,0.1448087431693989,False,0.2147093712930012,0.0499194847020934,5.0,53.85704834467103,5.0,2.242501381459461e-10,8.970005525837844e-10,True,49.997728780327904,1.539213201340317e-12,5.607819731825282,3.4032668845550367,9.240427862818237,0.765110512012302
temporal_2,age_blind,TabPFN,0.5,0.5,Hispanic vs Caucasian,race,False,0.0490066225165562,False,0.044776119402985,0.0499194847020934,4.0,2.247880967303656,4.0,0.6902734872792893,0.6902734872792893,False,0.0255423307868375,0.8730231192963646,1.0938541527796293,0.3710207341847439,3.224932725612725,0.6796292749138508
temporal_2,age_blind,TabPFN,0.5,0.5,Other vs Caucasian,race,False,0.0445682451253481,False,0.0103092783505154,0.0499194847020934,5.0,6.516782915207618,5.0,0.2591276271777267,0.5182552543554534,False,3.6375875525711985,0.0564887308672246,0.1354999099995585,0.0144009422892326,1.274932239928221,0.8122417918798281
temporal_2,age_blind,TabPFN,0.5,0.5,Female vs Male,sex,False,0.1283704572098476,False,0.0521978021978022,0.1490312965722801,5.0,20.058531559889193,5.0,0.0012185138175845,0.0036555414527537,True,16.83437452792115,4.0787763893601614e-05,0.3152711084325149,0.1772473446797202,0.5607749554266749,0.6184580000304295
temporal_2,age_blind,TabPFN,break_even,0.2523364485981308,African-American vs Caucasian,race,True,0.5273224043715847,False,0.6476868327402135,0.3639291465378422,6.0,148.60315519196075,6.0,1.527177762228417e-29,6.108711048913667e-29,True,128.62127190238436,0.0,12.390376667311996,7.558083543937935,20.312217120304723,0.1171321320210683
temporal_2,age_blind,TabPFN,break_even,0.2523364485981308,Hispanic vs Caucasian,race,False,0.3549668874172185,False,0.3134328358208955,0.3639291465378422,5.0,2.6610717644629154,5.0,0.7520655940035194,0.8086106802883976,False,0.1466640418669963,0.701743923772751,0.8855923556706977,0.4761374737820636,1.6471583599432278,0.6516718968321822
temporal_2,age_blind,TabPFN,break_even,0.2523364485981308,Other vs Caucasian,race,False,0.3551532033426184,False,0.2989690721649484,0.3639291465378422,6.0,6.171041945505012,6.0,0.4043053401441988,0.8086106802883976,False,0.5285118254752212,0.4672331917222653,1.3974819068621056,0.5797595927584872,3.368561218133216,0.5566384366984174
temporal_2,age_blind,TabPFN,break_even,0.2523364485981308,Female vs Male,sex,False,0.4958968347010551,False,0.3598901098901099,0.5327868852459017,6.0,30.076967713365946,6.0,3.800590951126043e-05,0.0001140177285337,True,9.601597835246146,0.0019440813000614,0.5361928340788217,0.3565792938978286,0.8062800062637893,0.0008851276010437
temporal_2,age_blind,COMPAS tool,0.5,0.5,African-American vs Caucasian,race,True,0.4180327868852459,False,0.5077105575326216,0.2962962962962963,17.0,37.90330329159395,17.0,0.0025340821499387,0.0101363285997548,True,15.527430561933468,8.13166688053979e-05,1.6440950325674617,1.281774048075294,2.108833830870494,0.1339438890930135
temporal_2,age_blind,COMPAS tool,0.5,0.5,Hispanic vs Caucasian,race,False,0.2887417218543046,False,0.2537313432835821,0.2962962962962963,14.0,14.169711040993588,14.0,0.4371455034354166,0.8742910068708332,False,0.3342620344716578,0.563160159840232,0.8649137008020781,0.5327215775794283,1.4042526928123336,0.6516754086701414
temporal_2,age_blind,COMPAS tool,0.5,0.5,Other vs Caucasian,race,False,0.2827298050139276,False,0.1958762886597938,0.2962962962962963,16.0,27.23459405409696,16.0,0.0389481771306714,0.1168445313920142,False,4.327828735345699,0.0374940451120524,0.5439947660788974,0.3037573886992218,0.9742324517223916,0.1732354969632857
temporal_2,age_blind,COMPAS tool,0.5,0.5,Female vs Male,sex,False,0.391559202813599,False,0.3434065934065934,0.4046199701937407,17.0,10.360256393654051,17.0,0.8878273828204716,0.8878273828204716,False,0.0020824698585469,0.963601900295764,0.9934611961282984,0.7506257194543788,1.3148565558479437,0.8945823343036393
temporal_2,age_blind,COMPAS tool,break_even,0.2523364485981308,African-American vs Caucasian,race,True,0.4180327868852459,False,0.5077105575326216,0.2962962962962963,17.0,37.90330329159395,17.0,0.0025340821499387,0.0101363285997548,True,15.527430561933468,8.13166688053979e-05,1.6440950325674617,1.281774048075294,2.108833830870494,0.1339438890930135
temporal_2,age_blind,COMPAS tool,break_even,0.2523364485981308,Hispanic vs Caucasian,race,False,0.2887417218543046,False,0.2537313432835821,0.2962962962962963,14.0,14.169711040993588,14.0,0.4371455034354166,0.8742910068708332,False,0.3342620344716578,0.563160159840232,0.8649137008020781,0.5327215775794283,1.4042526928123336,0.6516754086701414
temporal_2,age_blind,COMPAS tool,break_even,0.2523364485981308,Other vs Caucasian,race,False,0.2827298050139276,False,0.1958762886597938,0.2962962962962963,16.0,27.23459405409696,16.0,0.0389481771306714,0.1168445313920142,False,4.327828735345699,0.0374940451120524,0.5439947660788974,0.3037573886992218,0.9742324517223916,0.1732354969632857
temporal_2,age_blind,COMPAS tool,break_even,0.2523364485981308,Female vs Male,sex,False,0.391559202813599,False,0.3434065934065934,0.4046199701937407,17.0,10.360256393654051,17.0,0.8878273828204716,0.8878273828204716,False,0.0020824698585469,0.963601900295764,0.9934611961282984,0.7506257194543788,1.3148565558479437,0.8945823343036393
temporal_2,protected_blind,TabPFN,0.5,0.5,African-American vs Caucasian,race,True,0.1461748633879781,False,0.1981020166073547,0.0756843800322061,6.0,20.73864636881839,6.0,0.0020438370678104,0.0081753482712419,True,13.720625846466724,0.0002121121796296,2.2982460607328896,1.4672129584827414,3.5999783979118773,0.2035990238890621
temporal_2,protected_blind,TabPFN,0.5,0.5,Hispanic vs Caucasian,race,False,0.0847682119205298,False,0.126865671641791,0.0756843800322061,4.0,14.22941946889593,4.0,0.0065977189512451,0.0197931568537353,True,12.324424672784358,0.0004470697079057,7.248122639413465,2.182206678851536,24.0743841108701,0.9011660150019358
temporal_2,protected_blind,TabPFN,0.5,0.5,Other vs Caucasian,race,False,0.0696378830083565,False,0.0309278350515463,0.0756843800322061,5.0,5.183238562609981,5.0,0.3939294573256673,0.3939294573256673,False,2.860658940655824,0.0907703076718099,0.3216865459342196,0.0842233785346198,1.2286640079696236,0.8540842029996486
temporal_2,protected_blind,TabPFN,0.5,0.5,Female vs Male,sex,False,0.1371629542790152,False,0.0851648351648351,0.1512667660208644,6.0,10.246466794833845,6.0,0.1146491682395448,0.2292983364790896,False,2.2667589674848383,0.1321760639443394,0.6758122266779231,0.4009720599562588,1.1390373827473048,0.1540191519458666
temporal_2,protected_blind,TabPFN,break_even,0.2523364485981308,African-American vs Caucasian,race,True,0.5710382513661202,False,0.6215895610913404,0.5024154589371981,3.0,12.112688760386002,3.0,0.0070069385873056,0.0280277543492225,True,0.4795740508703095,0.4886153174351472,1.2250837928424694,0.6799280212995614,2.207337030494376,0.0035129324019742
temporal_2,protected_blind,TabPFN,break_even,0.2523364485981308,Hispanic vs Caucasian,race,False,0.4900662251655629,False,0.4328358208955223,0.5024154589371981,2.0,2.336846150789869,2.0,0.3108567526280594,0.4792077426174772,False,1.2625361149096743,0.2611715840361105,0.5481481481481482,0.1893561032047292,1.5867795504504232,0.2997872054130667
temporal_2,protected_blind,TabPFN,break_even,0.2523364485981308,Other vs Caucasian,race,False,0.4860724233983287,False,0.3814432989690721,0.5024154589371981,3.0,4.210588902587988,3.0,0.2396038713087386,0.4792077426174772,False,1.6215557929996454,0.2028749908534609,2.634657836644591,0.5934726450873851,11.69627947244422,0.3429594227980381
temporal_2,protected_blind,TabPFN,break_even,0.2523364485981308,Female vs Male,sex,False,0.5480656506447831,False,0.445054945054945,0.5760059612518629,3.0,5.23970933459668,3.0,0.1550627511573458,0.4651882534720375,False,0.0411917515981174,0.839168241670331,1.0728067530901415,0.540918955740762,2.1277019732090765,0.0770554486001485
temporal_2,protected_blind,COMPAS tool,0.5,0.5,African-American vs Caucasian,race,True,0.4180327868852459,False,0.5077105575326216,0.2962962962962963,17.0,37.90330329159395,17.0,0.0025340821499387,0.0101363285997548,True,15.527430561933468,8.13166688053979e-05,1.6440950325674617,1.281774048075294,2.108833830870494,0.1339438890930135
temporal_2,protected_blind,COMPAS tool,0.5,0.5,Hispanic vs Caucasian,race,False,0.2887417218543046,False,0.2537313432835821,0.2962962962962963,14.0,14.169711040993588,14.0,0.4371455034354166,0.8742910068708332,False,0.3342620344716578,0.563160159840232,0.8649137008020781,0.5327215775794283,1.4042526928123336,0.6516754086701414
temporal_2,protected_blind,COMPAS tool,0.5,0.5,Other vs Caucasian,race,False,0.2827298050139276,False,0.1958762886597938,0.2962962962962963,16.0,27.23459405409696,16.0,0.0389481771306714,0.1168445313920142,False,4.327828735345699,0.0374940451120524,0.5439947660788974,0.3037573886992218,0.9742324517223916,0.1732354969632857
temporal_2,protected_blind,COMPAS tool,0.5,0.5,Female vs Male,sex,False,0.391559202813599,False,0.3434065934065934,0.4046199701937407,17.0,10.360256393654051,17.0,0.8878273828204716,0.8878273828204716,False,0.0020824698585469,0.963601900295764,0.9934611961282984,0.7506257194543788,1.3148565558479437,0.8945823343036393
temporal_2,protected_blind,COMPAS tool,break_even,0.2523364485981308,African-American vs Caucasian,race,True,0.4180327868852459,False,0.5077105575326216,0.2962962962962963,17.0,37.90330329159395,17.0,0.0025340821499387,0.0101363285997548,True,15.527430561933468,8.13166688053979e-05,1.6440950325674617,1.281774048075294,2.108833830870494,0.1339438890930135
temporal_2,protected_blind,COMPAS tool,break_even,0.2523364485981308,Hispanic vs Caucasian,race,False,0.2887417218543046,False,0.2537313432835821,0.2962962962962963,14.0,14.169711040993588,14.0,0.4371455034354166,0.8742910068708332,False,0.3342620344716578,0.563160159840232,0.8649137008020781,0.5327215775794283,1.4042526928123336,0.6516754086701414
temporal_2,protected_blind,COMPAS tool,break_even,0.2523364485981308,Other vs Caucasian,race,False,0.2827298050139276,False,0.1958762886597938,0.2962962962962963,16.0,27.23459405409696,16.0,0.0389481771306714,0.1168445313920142,False,4.327828735345699,0.0374940451120524,0.5439947660788974,0.3037573886992218,0.9742324517223916,0.1732354969632857
temporal_2,protected_blind,COMPAS tool,break_even,0.2523364485981308,Female vs Male,sex,False,0.391559202813599,False,0.3434065934065934,0.4046199701937407,17.0,10.360256393654051,17.0,0.8878273828204716,0.8878273828204716,False,0.0020824698585469,0.963601900295764,0.9934611961282984,0.7506257194543788,1.3148565558479437,0.8945823343036393
temporal_2,race_aware,TabPFN,0.5,0.5,African-American vs Caucasian,race,True,0.1769125683060109,False,0.2431791221826809,0.0869565217391304,7.0,28.532831451956795,7.0,0.0001759924028835,0.0005279772086507,True,18.342276599390836,1.8456566277857966e-05,2.480299447915901,1.619355117447276,3.79897237181036,0.1516343322898341
temporal_2,race_aware,TabPFN,0.5,0.5,Hispanic vs Caucasian,race,False,0.0887417218543046,False,0.0970149253731343,0.0869565217391304,5.0,8.005776527453532,5.0,0.155917559033219,0.3118351180664381,False,1.6925102806615218,0.1932703892391439,1.773030398079834,0.752314934029841,4.1786180897353296,0.2317740669748299
temporal_2,race_aware,TabPFN,0.5,0.5,Other vs Caucasian,race,False,0.0835654596100278,False,0.0618556701030927,0.0869565217391304,6.0,7.075162509418174,6.0,0.3139521489626929,0.3139521489626929,False,0.0471339284785682,0.8281276886263867,0.8880850242359927,0.3007468891830273,2.6224544247646833,0.2608429268284618
temporal_2,race_aware,TabPFN,0.5,0.5,Female vs Male,sex,False,0.1629542790152403,False,0.0769230769230769,0.1862891207153502,7.0,30.209681175247155,7.0,8.6907384822646e-05,0.0003476295392905,True,14.729255143558955,0.0001241055582769,0.3334656169197305,0.1890360649122768,0.5882439296398762,0.0722283250053839
temporal_2,race_aware,TabPFN,break_even,0.2523364485981308,African-American vs Caucasian,race,True,0.5717213114754098,False,0.6809015421115066,0.4235104669887278,7.0,40.119853439806974,7.0,1.1940177627353423e-06,3.5820532882060276e-06,True,13.11190631723945,0.000293424956295,2.0615537297250492,1.3852631545214045,3.0680118551276983,0.0003409552163671
temporal_2,race_aware,TabPFN,break_even,0.2523364485981308,Hispanic vs Caucasian,race,False,0.4198675496688742,False,0.4029850746268656,0.4235104669887278,6.0,5.4316431086365515,6.0,0.4897567604559684,0.4897567604559684,False,0.0331697206044521,0.8554841880452224,0.9344765415511114,0.4599656961267644,1.8985033320151403,0.516292372242966
temporal_2,race_aware,TabPFN,break_even,0.2523364485981308,Other vs Caucasian,race,False,0.4206128133704735,False,0.4020618556701031,0.4235104669887278,7.0,9.694615404991064,7.0,0.2065498666191847,0.4130997332383694,False,0.1401703105393078,0.7081117592617922,1.1555697343568516,0.5321076787931505,2.5095323074273095,0.174885068544613
temporal_2,race_aware,TabPFN,break_even,0.2523364485981308,Female vs Male,sex,False,0.5474794841735052,False,0.3379120879120879,0.6043219076005961,7.0,255.3447789521866,7.0,2.0173082876149024e-51,8.06923315045961e-51,True,101.5336447147262,0.0,0.2037822016057387,0.140646107285913,0.2952601141449525,0.0
temporal_2,race_aware,COMPAS tool,0.5,0.5,African-American vs Caucasian,race,True,0.4180327868852459,False,0.5077105575326216,0.2962962962962963,17.0,37.90330329159395,17.0,0.0025340821499387,0.0101363285997548,True,15.527430561933468,8.13166688053979e-05,1.6440950325674617,1.281774048075294,2.108833830870494,0.1339438890930135
temporal_2,race_aware,COMPAS tool,0.5,0.5,Hispanic vs Caucasian,race,False,0.2887417218543046,False,0.2537313432835821,0.2962962962962963,14.0,14.169711040993588,14.0,0.4371455034354166,0.8742910068708332,False,0.3342620344716578,0.563160159840232,0.8649137008020781,0.5327215775794283,1.4042526928123336,0.6516754086701414
temporal_2,race_aware,COMPAS tool,0.5,0.5,Other vs Caucasian,race,False,0.2827298050139276,False,0.1958762886597938,0.2962962962962963,16.0,27.23459405409696,16.0,0.0389481771306714,0.1168445313920142,False,4.327828735345699,0.0374940451120524,0.5439947660788974,0.3037573886992218,0.9742324517223916,0.1732354969632857
temporal_2,race_aware,COMPAS tool,0.5,0.5,Female vs Male,sex,False,0.391559202813599,False,0.3434065934065934,0.4046199701937407,17.0,10.360256393654051,17.0,0.8878273828204716,0.8878273828204716,False,0.0020824698585469,0.963601900295764,0.9934611961282984,0.7506257194543788,1.3148565558479437,0.8945823343036393
temporal_2,race_aware,COMPAS tool,break_even,0.2523364485981308,African-American vs Caucasian,race,True,0.4180327868852459,False,0.5077105575326216,0.2962962962962963,17.0,37.90330329159395,17.0,0.0025340821499387,0.0101363285997548,True,15.527430561933468,8.13166688053979e-05,1.6440950325674617,1.281774048075294,2.108833830870494,0.1339438890930135
temporal_2,race_aware,COMPAS tool,break_even,0.2523364485981308,Hispanic vs Caucasian,race,False,0.2887417218543046,False,0.2537313432835821,0.2962962962962963,14.0,14.169711040993588,14.0,0.4371455034354166,0.8742910068708332,False,0.3342620344716578,0.563160159840232,0.8649137008020781,0.5327215775794283,1.4042526928123336,0.6516754086701414
temporal_2,race_aware,COMPAS tool,break_even,0.2523364485981308,Other vs Caucasian,race,False,0.2827298050139276,False,0.1958762886597938,0.2962962962962963,16.0,27.23459405409696,16.0,0.0389481771306714,0.1168445313920142,False,4.327828735345699,0.0374940451120524,0.5439947660788974,0.3037573886992218,0.9742324517223916,0.1732354969632857
temporal_2,race_aware,COMPAS tool,break_even,0.2523364485981308,Female vs Male,sex,False,0.391559202813599,False,0.3434065934065934,0.4046199701937407,17.0,10.360256393654051,17.0,0.8878273828204716,0.8878273828204716,False,0.0020824698585469,0.963601900295764,0.9934611961282984,0.7506257194543788,1.3148565558479437,0.8945823343036393
temporal_2,race_blind,TabPFN,0.5,0.5,African-American vs Caucasian,race,True,0.174863387978142,False,0.2348754448398576,0.0933977455716586,6.0,20.115491111255608,6.0,0.0026412965859232,0.0079238897577697,True,11.51015054770086,0.0006921717177079,2.042740003290489,1.343590982960634,3.105697175674991,0.145479377579408
temporal_2,race_blind,TabPFN,0.5,0.5,Hispanic vs Caucasian,race,False,0.1006622516556291,False,0.1343283582089552,0.0933977455716586,5.0,10.30509389689866,5.0,0.0670379290683552,0.1340758581367104,False,7.856935044816,0.0050626139850423,3.540806035178313,1.4510502977950517,8.64016043951493,0.7532768674687114
temporal_2,race_blind,TabPFN,0.5,0.5,Other vs Caucasian,race,False,0.0905292479108635,False,0.0721649484536082,0.0933977455716586,6.0,4.825052832217472,6.0,0.5664394421979733,0.5664394421979733,False,2.1362699408552022e-05,0.996312206622997,1.0024946879256695,0.3502825895635131,2.869099490704091,0.4988026933739322
temporal_2,race_blind,TabPFN,0.5,0.5,Female vs Male,sex,False,0.1647127784290738,False,0.0824175824175824,0.1870342771982116,6.0,28.805465263881494,6.0,6.621631139105605e-05,0.0002648652455642,True,11.76100833633587,0.0006048445134542,0.3809347160102024,0.2189847464166099,0.6626546379888262,0.0323363101334331
temporal_2,race_blind,TabPFN,break_even,0.2523364485981308,African-American vs Caucasian,race,True,0.5532786885245902,False,0.6465005931198102,0.4267310789049919,6.0,1.5295142960850991,6.0,0.9575099739002096,0.9795135209119368,False,0.2872293616107146,0.5920015156305203,1.115399328453406,0.7504049950677836,1.6579256136240526,0.9424157339942488
temporal_2,race_blind,TabPFN,break_even,0.2523364485981308,Hispanic vs Caucasian,race,False,0.4225165562913907,False,0.4029850746268656,0.4267310789049919,6.0,5.4316431086365515,6.0,0.4897567604559684,0.9795135209119368,False,0.0331697206044521,0.8554841880452224,0.9344765415511114,0.4599656961267644,1.8985033320151403,0.516292372242966
temporal_2,race_blind,TabPFN,break_even,0.2523364485981308,Other vs Caucasian,race,False,0.4233983286908078,False,0.4020618556701031,0.4267310789049919,6.0,9.193305114847892,6.0,0.1629950345113383,0.488985103534015,False,0.0840532010172927,0.7718779755102707,1.1186666490349966,0.5126533451160408,2.441055117625198,0.1223360869088074
temporal_2,race_blind,TabPFN,break_even,0.2523364485981308,Female vs Male,sex,False,0.5316529894490035,False,0.3461538461538461,0.5819672131147541,6.0,247.11314493158392,6.0,1.697437019413562e-50,6.789748077654248e-50,True,62.37622763594617,2.886579864025407e-15,0.3080234338818449,0.2159602939280102,0.4393327777743754,0.0
temporal_2,race_blind,COMPAS tool,0.5,0.5,African-American vs Caucasian,race,True,0.4180327868852459,False,0.5077105575326216,0.2962962962962963,17.0,37.90330329159395,17.0,0.0025340821499387,0.0101363285997548,True,15.527430561933468,8.13166688053979e-05,1.6440950325674617,1.281774048075294,2.108833830870494,0.1339438890930135
temporal_2,race_blind,COMPAS tool,0.5,0.5,Hispanic vs Caucasian,race,False,0.2887417218543046,False,0.2537313432835821,0.2962962962962963,14.0,14.169711040993588,14.0,0.4371455034354166,0.8742910068708332,False,0.3342620344716578,0.563160159840232,0.8649137008020781,0.5327215775794283,1.4042526928123336,0.6516754086701414
temporal_2,race_blind,COMPAS tool,0.5,0.5,Other vs Caucasian,race,False,0.2827298050139276,False,0.1958762886597938,0.2962962962962963,16.0,27.23459405409696,16.0,0.0389481771306714,0.1168445313920142,False,4.327828735345699,0.0374940451120524,0.5439947660788974,0.3037573886992218,0.9742324517223916,0.1732354969632857
temporal_2,race_blind,COMPAS tool,0.5,0.5,Female vs Male,sex,False,0.391559202813599,False,0.3434065934065934,0.4046199701937407,17.0,10.360256393654051,17.0,0.8878273828204716,0.8878273828204716,False,0.0020824698585469,0.963601900295764,0.9934611961282984,0.7506257194543788,1.3148565558479437,0.8945823343036393
temporal_2,race_blind,COMPAS tool,break_even,0.2523364485981308,African-American vs Caucasian,race,True,0.4180327868852459,False,0.5077105575326216,0.2962962962962963,17.0,37.90330329159395,17.0,0.0025340821499387,0.0101363285997548,True,15.527430561933468,8.13166688053979e-05,1.6440950325674617,1.281774048075294,2.108833830870494,0.1339438890930135
temporal_2,race_blind,COMPAS tool,break_even,0.2523364485981308,Hispanic vs Caucasian,race,False,0.2887417218543046,False,0.2537313432835821,0.2962962962962963,14.0,14.169711040993588,14.0,0.4371455034354166,0.8742910068708332,False,0.3342620344716578,0.563160159840232,0.8649137008020781,0.5327215775794283,1.4042526928123336,0.6516754086701414
temporal_2,race_blind,COMPAS tool,break_even,0.2523364485981308,Other vs Caucasian,race,False,0.2827298050139276,False,0.1958762886597938,0.2962962962962963,16.0,27.23459405409696,16.0,0.0389481771306714,0.1168445313920142,False,4.327828735345699,0.0374940451120524,0.5439947660788974,0.3037573886992218,0.9742324517223916,0.1732354969632857
temporal_2,race_blind,COMPAS tool,break_even,0.2523364485981308,Female vs Male,sex,False,0.391559202813599,False,0.3434065934065934,0.4046199701937407,17.0,10.360256393654051,17.0,0.8878273828204716,0.8878273828204716,False,0.0020824698585469,0.963601900295764,0.9934611961282984,0.7506257194543788,1.3148565558479437,0.8945823343036393
temporal_2,race_priors_blind,TabPFN,0.5,0.5,African-American vs Caucasian,race,True,0.0,True,0.0,0.0,0.0,0.0,1.0,1.0,1.0,False,,,,,,
temporal_2,race_priors_blind,TabPFN,0.5,0.5,Hispanic vs Caucasian,race,False,0.0,True,0.0,0.0,0.0,0.0,1.0,1.0,1.0,False,,,,,,
temporal_2,race_priors_blind,TabPFN,0.5,0.5,Other vs Caucasian,race,False,0.0,True,0.0,0.0,0.0,0.0,1.0,1.0,1.0,False,,,,,,
temporal_2,race_priors_blind,TabPFN,0.5,0.5,Female vs Male,sex,False,0.0,True,0.0,0.0,0.0,0.0,1.0,1.0,1.0,False,,,,,,
temporal_2,race_priors_blind,TabPFN,break_even,0.2523364485981308,African-American vs Caucasian,race,True,0.7213114754098361,False,0.7852906287069988,0.6344605475040258,6.0,7.365249794054694,6.0,0.2883852923519862,0.5767705847039724,False,0.20548589332995,0.6503287594402541,0.8966047913261243,0.5577180266549624,1.4414096611696996,0.1762690532868456
temporal_2,race_priors_blind,TabPFN,break_even,0.2523364485981308,Hispanic vs Caucasian,race,False,0.6423841059602649,False,0.6791044776119403,0.6344605475040258,4.0,1.3300029356667589,4.0,0.8562649216442363,0.8562649216442363,False,0.1023710497641762,0.7490026239227892,1.1347367973129154,0.5233697372969375,2.46026376272006,0.7539633261932048
temporal_2,race_priors_blind,TabPFN,break_even,0.2523364485981308,Other vs Caucasian,race,False,0.6448467966573816,False,0.711340206185567,0.6344605475040258,5.0,9.70802008276974,5.0,0.0839439380052548,0.2518318140157646,False,0.3278664256950028,0.5669181229252132,1.27952420864684,0.5491671366831957,2.981209346213632,0.0675233029657133
temporal_2,race_priors_blind,TabPFN,break_even,0.2523364485981308,Female vs Male,sex,False,0.7174677608440797,False,0.4725274725274725,0.7839046199701938,6.0,514.9521482429203,6.0,5.0510188490250714e-108,2.0204075396100286e-107,True,431.7538719278018,0.0,0.0,,,
temporal_2,race_priors_blind,COMPAS tool,0.5,0.5,African-American vs Caucasian,race,True,0.4180327868852459,False,0.5077105575326216,0.2962962962962963,17.0,37.90330329159395,17.0,0.0025340821499387,0.0101363285997548,True,15.527430561933468,8.13166688053979e-05,1.6440950325674617,1.281774048075294,2.108833830870494,0.1339438890930135
temporal_2,race_priors_blind,COMPAS tool,0.5,0.5,Hispanic vs Caucasian,race,False,0.2887417218543046,False,0.2537313432835821,0.2962962962962963,14.0,14.169711040993588,14.0,0.4371455034354166,0.8742910068708332,False,0.3342620344716578,0.563160159840232,0.8649137008020781,0.5327215775794283,1.4042526928123336,0.6516754086701414
temporal_2,race_priors_blind,COMPAS tool,0.5,0.5,Other vs Caucasian,race,False,0.2827298050139276,False,0.1958762886597938,0.2962962962962963,16.0,27.23459405409696,16.0,0.0389481771306714,0.1168445313920142,False,4.327828735345699,0.0374940451120524,0.5439947660788974,0.3037573886992218,0.9742324517223916,0.1732354969632857
temporal_2,race_priors_blind,COMPAS tool,0.5,0.5,Female vs Male,sex,False,0.391559202813599,False,0.3434065934065934,0.4046199701937407,17.0,10.360256393654051,17.0,0.8878273828204716,0.8878273828204716,False,0.0020824698585469,0.963601900295764,0.9934611961282984,0.7506257194543788,1.3148565558479437,0.8945823343036393
temporal_2,race_priors_blind,COMPAS tool,break_even,0.2523364485981308,African-American vs Caucasian,race,True,0.4180327868852459,False,0.5077105575326216,0.2962962962962963,17.0,37.90330329159395,17.0,0.0025340821499387,0.0101363285997548,True,15.527430561933468,8.13166688053979e-05,1.6440950325674617,1.281774048075294,2.108833830870494,0.1339438890930135
temporal_2,race_priors_blind,COMPAS tool,break_even,0.2523364485981308,Hispanic vs Caucasian,race,False,0.2887417218543046,False,0.2537313432835821,0.2962962962962963,14.0,14.169711040993588,14.0,0.4371455034354166,0.8742910068708332,False,0.3342620344716578,0.563160159840232,0.8649137008020781,0.5327215775794283,1.4042526928123336,0.6516754086701414
temporal_2,race_priors_blind,COMPAS tool,break_even,0.2523364485981308,Other vs Caucasian,race,False,0.2827298050139276,False,0.1958762886597938,0.2962962962962963,16.0,27.23459405409696,16.0,0.0389481771306714,0.1168445313920142,False,4.327828735345699,0.0374940451120524,0.5439947660788974,0.3037573886992218,0.9742324517223916,0.1732354969632857
temporal_2,race_priors_blind,COMPAS tool,break_even,0.2523364485981308,Female vs Male,sex,False,0.391559202813599,False,0.3434065934065934,0.4046199701937407,17.0,10.360256393654051,17.0,0.8878273828204716,0.8878273828204716,False,0.0020824698585469,0.963601900295764,0.9934611961282984,0.7506257194543788,1.3148565558479437,0.8945823343036393
temporal_2,race_proxy_blind,TabPFN,0.5,0.5,African-American vs Caucasian,race,True,0.0,True,0.0,0.0,0.0,0.0,1.0,1.0,1.0,False,,,,,,
temporal_2,race_proxy_blind,TabPFN,0.5,0.5,Hispanic vs Caucasian,race,False,0.0,True,0.0,0.0,0.0,0.0,1.0,1.0,1.0,False,,,,,,
temporal_2,race_proxy_blind,TabPFN,0.5,0.5,Other vs Caucasian,race,False,0.0,True,0.0,0.0,0.0,0.0,1.0,1.0,1.0,False,,,,,,
temporal_2,race_proxy_blind,TabPFN,0.5,0.5,Female vs Male,sex,False,0.0,True,0.0,0.0,0.0,0.0,1.0,1.0,1.0,False,,,,,,
temporal_2,race_proxy_blind,TabPFN,break_even,0.2523364485981308,African-American vs Caucasian,race,True,0.7868852459016393,False,0.7983392645314353,0.7713365539452496,18.0,16.373228507506326,18.0,0.5665171744433024,1.0,False,0.0176305231713455,0.8943673875487321,0.9821027697992304,0.751547829207667,1.2833858511229936,0.4905130704889702
temporal_2,race_proxy_blind,TabPFN,break_even,0.2523364485981308,Hispanic vs Caucasian,race,False,0.7735099337748345,False,0.7835820895522388,0.7713365539452496,15.0,7.790929033316567,15.0,0.9318906848411238,1.0,False,0.1993713689422898,0.655228738042499,1.110943138818339,0.7005519112305408,1.761746185974488,0.9491005118246404
temporal_2,race_proxy_blind,TabPFN,break_even,0.2523364485981308,Other vs Caucasian,race,False,0.7743732590529248,False,0.7938144329896907,0.7713365539452496,17.0,22.943212225579696,17.0,0.1511085819215301,0.4533257457645904,False,0.8773505061899964,0.3489283826556275,1.2953527507619047,0.7536133648714397,2.2265246705021955,0.2844008614445049
temporal_2,race_proxy_blind,TabPFN,break_even,0.2523364485981308,Female vs Male,sex,False,0.7866354044548651,False,0.0,1.0,18.0,1718.072262382646,18.0,0.0,0.0,True,1598.9673181328722,0.0,0.0,,,
temporal_2,race_proxy_blind,COMPAS tool,0.5,0.5,African-American vs Caucasian,race,True,0.4180327868852459,False,0.5077105575326216,0.2962962962962963,17.0,37.90330329159395,17.0,0.0025340821499387,0.0101363285997548,True,15.527430561933468,8.13166688053979e-05,1.6440950325674617,1.281774048075294,2.108833830870494,0.1339438890930135
temporal_2,race_proxy_blind,COMPAS tool,0.5,0.5,Hispanic vs Caucasian,race,False,0.2887417218543046,False,0.2537313432835821,0.2962962962962963,14.0,14.169711040993588,14.0,0.4371455034354166,0.8742910068708332,False,0.3342620344716578,0.563160159840232,0.8649137008020781,0.5327215775794283,1.4042526928123336,0.6516754086701414
temporal_2,race_proxy_blind,COMPAS tool,0.5,0.5,Other vs Caucasian,race,False,0.2827298050139276,False,0.1958762886597938,0.2962962962962963,16.0,27.23459405409696,16.0,0.0389481771306714,0.1168445313920142,False,4.327828735345699,0.0374940451120524,0.5439947660788974,0.3037573886992218,0.9742324517223916,0.1732354969632857
temporal_2,race_proxy_blind,COMPAS tool,0.5,0.5,Female vs Male,sex,False,0.391559202813599,False,0.3434065934065934,0.4046199701937407,17.0,10.360256393654051,17.0,0.8878273828204716,0.8878273828204716,False,0.0020824698585469,0.963601900295764,0.9934611961282984,0.7506257194543788,1.3148565558479437,0.8945823343036393
temporal_2,race_proxy_blind,COMPAS tool,break_even,0.2523364485981308,African-American vs Caucasian,race,True,0.4180327868852459,False,0.5077105575326216,0.2962962962962963,17.0,37.90330329159395,17.0,0.0025340821499387,0.0101363285997548,True,15.527430561933468,8.13166688053979e-05,1.6440950325674617,1.281774048075294,2.108833830870494,0.1339438890930135
temporal_2,race_proxy_blind,COMPAS tool,break_even,0.2523364485981308,Hispanic vs Caucasian,race,False,0.2887417218543046,False,0.2537313432835821,0.2962962962962963,14.0,14.169711040993588,14.0,0.4371455034354166,0.8742910068708332,False,0.3342620344716578,0.563160159840232,0.8649137008020781,0.5327215775794283,1.4042526928123336,0.6516754086701414
temporal_2,race_proxy_blind,COMPAS tool,break_even,0.2523364485981308,Other vs Caucasian,race,False,0.2827298050139276,False,0.1958762886597938,0.2962962962962963,16.0,27.23459405409696,16.0,0.0389481771306714,0.1168445313920142,False,4.327828735345699,0.0374940451120524,0.5439947660788974,0.3037573886992218,0.9742324517223916,0.1732354969632857
temporal_2,race_proxy_blind,COMPAS tool,break_even,0.2523364485981308,Female vs Male,sex,False,0.391559202813599,False,0.3434065934065934,0.4046199701937407,17.0,10.360256393654051,17.0,0.8878273828204716,0.8878273828204716,False,0.0020824698585469,0.963601900295764,0.9934611961282984,0.7506257194543788,1.3148565558479437,0.8945823343036393
temporal_2,sex_blind,TabPFN,0.5,0.5,African-American vs Caucasian,race,True,0.180327868852459,False,0.2514827995255042,0.0837359098228663,6.0,36.05259550322828,6.0,2.692495549037748e-06,1.0769982196150992e-05,True,26.19125122911909,3.092202983667747e-07,3.0470524638129826,1.96065970126192,4.7354105922884315,0.0942803879649727
temporal_2,sex_blind,TabPFN,0.5,0.5,Hispanic vs Caucasian,race,False,0.0887417218543046,False,0.1119402985074626,0.0837359098228663,5.0,11.077021152904967,5.0,0.0498740862414943,0.1496222587244829,False,6.29518782280334,0.0121066188133027,3.302298522535181,1.3029036613075564,8.369901671006065,0.3845393227603375
temporal_2,sex_blind,TabPFN,0.5,0.5,Other vs Caucasian,race,False,0.0793871866295264,False,0.0515463917525773,0.0837359098228663,6.0,4.4002679648412855,6.0,0.6226778236807555,0.6226778236807555,False,0.3990263840524208,0.5275925014401305,0.6776173970150638,0.2037158176683232,2.253950341180937,0.5537459729156042
temporal_2,sex_blind,TabPFN,0.5,0.5,Female vs Male,sex,False,0.1664712778429073,False,0.1043956043956044,0.1833084947839046,6.0,7.932447626502104,6.0,0.2430942717785047,0.4861885435570095,False,2.8993106044976154,0.0886174450728902,0.6402314208747332,0.3830686326349076,1.0700335066743532,0.5833015305815041
temporal_2,sex_blind,TabPFN,break_even,0.2523364485981308,African-American vs Caucasian,race,True,0.5846994535519126,False,0.6844602609727165,0.4492753623188406,2.0,1.1683192429358606,2.0,0.5575742383977794,0.6413367934538837,False,0.936711356781367,0.3331250340658735,1.269724770642202,0.7838832860113305,2.0566849962904925,0.635871733421081
temporal_2,sex_blind,TabPFN,break_even,0.2523364485981308,Hispanic vs Caucasian,race,False,0.4423841059602649,False,0.4104477611940298,0.4492753623188406,2.0,2.2746954436014617,2.0,0.3206683967269418,0.6413367934538837,False,0.924320243703018,0.33634316837649,0.6753782668500687,0.3035189086170877,1.502824998322766,0.2521126424438569
temporal_2,sex_blind,TabPFN,break_even,0.2523364485981308,Other vs Caucasian,race,False,0.4526462395543175,False,0.4742268041237113,0.4492753623188406,2.0,4.265734055272711,2.0,0.1184970719924901,0.4739882879699607,False,3.0232808529574853,0.0820772647548155,2.616279069767442,0.8673078716908176,7.892141181145997,0.3055929876036419
temporal_2,sex_blind,TabPFN,break_even,0.2523364485981308,Female vs Male,sex,False,0.5638921453692849,False,0.4972527472527472,0.5819672131147541,2.0,4.121463909403307,2.0,0.1273607134962051,0.4739882879699607,False,1.447135537317249,0.2289881364640529,1.381476775377665,0.8152229934955276,2.34105035816601,0.1028401248535239
temporal_2,sex_blind,COMPAS tool,0.5,0.5,African-American vs Caucasian,race,True,0.4180327868852459,False,0.5077105575326216,0.2962962962962963,17.0,37.90330329159395,17.0,0.0025340821499387,0.0101363285997548,True,15.527430561933468,8.13166688053979e-05,1.6440950325674617,1.281774048075294,2.108833830870494,0.1339438890930135
temporal_2,sex_blind,COMPAS tool,0.5,0.5,Hispanic vs Caucasian,race,False,0.2887417218543046,False,0.2537313432835821,0.2962962962962963,14.0,14.169711040993588,14.0,0.4371455034354166,0.8742910068708332,False,0.3342620344716578,0.563160159840232,0.8649137008020781,0.5327215775794283,1.4042526928123336,0.6516754086701414
temporal_2,sex_blind,COMPAS tool,0.5,0.5,Other vs Caucasian,race,False,0.2827298050139276,False,0.1958762886597938,0.2962962962962963,16.0,27.23459405409696,16.0,0.0389481771306714,0.1168445313920142,False,4.327828735345699,0.0374940451120524,0.5439947660788974,0.3037573886992218,0.9742324517223916,0.1732354969632857
temporal_2,sex_blind,COMPAS tool,0.5,0.5,Female vs Male,sex,False,0.391559202813599,False,0.3434065934065934,0.4046199701937407,17.0,10.360256393654051,17.0,0.8878273828204716,0.8878273828204716,False,0.0020824698585469,0.963601900295764,0.9934611961282984,0.7506257194543788,1.3148565558479437,0.8945823343036393
temporal_2,sex_blind,COMPAS tool,break_even,0.2523364485981308,African-American vs Caucasian,race,True,0.4180327868852459,False,0.5077105575326216,0.2962962962962963,17.0,37.90330329159395,17.0,0.0025340821499387,0.0101363285997548,True,15.527430561933468,8.13166688053979e-05,1.6440950325674617,1.281774048075294,2.108833830870494,0.1339438890930135
temporal_2,sex_blind,COMPAS tool,break_even,0.2523364485981308,Hispanic vs Caucasian,race,False,0.2887417218543046,False,0.2537313432835821,0.2962962962962963,14.0,14.169711040993588,14.0,0.4371455034354166,0.8742910068708332,False,0.3342620344716578,0.563160159840232,0.8649137008020781,0.5327215775794283,1.4042526928123336,0.6516754086701414
temporal_2,sex_blind,COMPAS tool,break_even,0.2523364485981308,Other vs Caucasian,race,False,0.2827298050139276,False,0.1958762886597938,0.2962962962962963,16.0,27.23459405409696,16.0,0.0389481771306714,0.1168445313920142,False,4.327828735345699,0.0374940451120524,0.5439947660788974,0.3037573886992218,0.9742324517223916,0.1732354969632857
temporal_2,sex_blind,COMPAS tool,break_even,0.2523364485981308,Female vs Male,sex,False,0.391559202813599,False,0.3434065934065934,0.4046199701937407,17.0,10.360256393654051,17.0,0.8878273828204716,0.8878273828204716,False,0.0020824698585469,0.963601900295764,0.9934611961282984,0.7506257194543788,1.3148565558479437,0.8945823343036393
