pair,feature_set,model,threshold_name,comparison,metric,value_of,a,b,delta
X1_vs_X2,age_blind,COMPAS tool,0.5,African-American vs Caucasian,conditional_statistical_parity,p_holm,0.009819619691678,0.009819619691678,0.0
X1_vs_X2,age_blind,COMPAS tool,0.5,African-American vs Caucasian,equalized_odds,p_holm,9.316832955230614e-11,9.316832955230614e-11,0.0
X1_vs_X2,age_blind,COMPAS tool,0.5,African-American vs Caucasian,fnr,gap,-0.2627627627627628,-0.2627627627627628,0.0
X1_vs_X2,age_blind,COMPAS tool,0.5,African-American vs Caucasian,fnr,minimum_delta,0.3376995651526174,0.3376995651526174,0.0
X1_vs_X2,age_blind,COMPAS tool,0.5,African-American vs Caucasian,fnr,p_holm,1.5847951579904764e-08,1.5847951579904764e-08,0.0
X1_vs_X2,age_blind,COMPAS tool,0.5,African-American vs Caucasian,fpr,gap,0.1568172442244224,0.1568172442244224,0.0
X1_vs_X2,age_blind,COMPAS tool,0.5,African-American vs Caucasian,fpr,minimum_delta,0.2220423235823667,0.2220423235823667,0.0
X1_vs_X2,age_blind,COMPAS tool,0.5,African-American vs Caucasian,fpr,p_holm,0.0004329808176416,0.0004329808176416,0.0
X1_vs_X2,age_blind,COMPAS tool,0.5,African-American vs Caucasian,statistical_parity,gap,0.2434860736747529,0.2434860736747529,0.0
X1_vs_X2,age_blind,COMPAS tool,0.5,African-American vs Caucasian,statistical_parity,minimum_delta,0.2935240616572558,0.2935240616572558,0.0
X1_vs_X2,age_blind,COMPAS tool,0.5,African-American vs Caucasian,statistical_parity,p_holm,3.814479626008962e-14,3.814479626008962e-14,0.0
X1_vs_X2,age_blind,COMPAS tool,0.5,Female vs Male,conditional_statistical_parity,p_holm,0.7918417483537296,0.7918417483537296,0.0
X1_vs_X2,age_blind,COMPAS tool,0.5,Female vs Male,equalized_odds,p_holm,0.8910685887872078,0.8910685887872078,0.0
X1_vs_X2,age_blind,COMPAS tool,0.5,Female vs Male,fnr,gap,-0.0471636546184738,-0.0471636546184738,0.0
X1_vs_X2,age_blind,COMPAS tool,0.5,Female vs Male,fnr,minimum_delta,0.1384832300003962,0.1384832300003962,0.0
X1_vs_X2,age_blind,COMPAS tool,0.5,Female vs Male,fnr,p_holm,1.0,1.0,0.0
X1_vs_X2,age_blind,COMPAS tool,0.5,Female vs Male,fpr,gap,0.0031015240685894,0.0031015240685894,0.0
X1_vs_X2,age_blind,COMPAS tool,0.5,Female vs Male,fpr,minimum_delta,0.0739468522735205,0.0739468522735205,0.0
X1_vs_X2,age_blind,COMPAS tool,0.5,Female vs Male,fpr,p_holm,0.9424317521274836,0.9424317521274836,0.0
X1_vs_X2,age_blind,COMPAS tool,0.5,Female vs Male,statistical_parity,gap,-0.0218115218115217,-0.0218115218115217,0.0
X1_vs_X2,age_blind,COMPAS tool,0.5,Female vs Male,statistical_parity,minimum_delta,0.0812994155554227,0.0812994155554227,0.0
X1_vs_X2,age_blind,COMPAS tool,0.5,Female vs Male,statistical_parity,p_holm,0.5470874224782923,0.5470874224782923,0.0
X1_vs_X2,age_blind,COMPAS tool,0.5,Hispanic vs Caucasian,conditional_statistical_parity,p_holm,0.7918417483537296,0.7918417483537296,0.0
X1_vs_X2,age_blind,COMPAS tool,0.5,Hispanic vs Caucasian,equalized_odds,p_holm,0.8910685887872078,0.8910685887872078,0.0
X1_vs_X2,age_blind,COMPAS tool,0.5,Hispanic vs Caucasian,fnr,gap,0.0641025641025641,0.0641025641025641,0.0
X1_vs_X2,age_blind,COMPAS tool,0.5,Hispanic vs Caucasian,fnr,minimum_delta,0.2103184531013468,0.2103184531013468,0.0
X1_vs_X2,age_blind,COMPAS tool,0.5,Hispanic vs Caucasian,fnr,p_holm,1.0,1.0,0.0
X1_vs_X2,age_blind,COMPAS tool,0.5,Hispanic vs Caucasian,fpr,gap,-0.0625,-0.0625,0.0
X1_vs_X2,age_blind,COMPAS tool,0.5,Hispanic vs Caucasian,fpr,minimum_delta,0.1571382751987945,0.1571382751987945,0.0
X1_vs_X2,age_blind,COMPAS tool,0.5,Hispanic vs Caucasian,fpr,p_holm,0.6073865813925219,0.6073865813925219,0.0
X1_vs_X2,age_blind,COMPAS tool,0.5,Hispanic vs Caucasian,statistical_parity,gap,-0.065880721220527,-0.065880721220527,0.0
X1_vs_X2,age_blind,COMPAS tool,0.5,Hispanic vs Caucasian,statistical_parity,minimum_delta,0.1491028857063477,0.1491028857063477,0.0
X1_vs_X2,age_blind,COMPAS tool,0.5,Hispanic vs Caucasian,statistical_parity,p_holm,0.4145046178721787,0.4145046178721787,0.0
X1_vs_X2,age_blind,COMPAS tool,0.5,Other vs Caucasian,conditional_statistical_parity,p_holm,0.0541392026701654,0.0541392026701654,0.0
X1_vs_X2,age_blind,COMPAS tool,0.5,Other vs Caucasian,equalized_odds,p_holm,0.0184747920878291,0.0184747920878291,0.0
X1_vs_X2,age_blind,COMPAS tool,0.5,Other vs Caucasian,fnr,gap,0.0769230769230768,0.0769230769230768,0.0
X1_vs_X2,age_blind,COMPAS tool,0.5,Other vs Caucasian,fnr,minimum_delta,0.2495977393554651,0.2495977393554651,0.0
X1_vs_X2,age_blind,COMPAS tool,0.5,Other vs Caucasian,fnr,p_holm,1.0,1.0,0.0
X1_vs_X2,age_blind,COMPAS tool,0.5,Other vs Caucasian,fpr,gap,-0.1958575581395348,-0.1958575581395348,0.0
X1_vs_X2,age_blind,COMPAS tool,0.5,Other vs Caucasian,fpr,minimum_delta,0.274493305065666,0.274493305065666,0.0
X1_vs_X2,age_blind,COMPAS tool,0.5,Other vs Caucasian,fpr,p_holm,0.0156781578647862,0.0156781578647862,0.0
X1_vs_X2,age_blind,COMPAS tool,0.5,Other vs Caucasian,statistical_parity,gap,-0.1542443064182194,-0.1542443064182194,0.0
X1_vs_X2,age_blind,COMPAS tool,0.5,Other vs Caucasian,statistical_parity,minimum_delta,0.2428468089675734,0.2428468089675734,0.0
X1_vs_X2,age_blind,COMPAS tool,0.5,Other vs Caucasian,statistical_parity,p_holm,0.0357031647933105,0.0357031647933105,0.0
X1_vs_X2,age_blind,COMPAS tool,break_even,African-American vs Caucasian,conditional_statistical_parity,p_holm,0.009819619691678,0.009819619691678,0.0
X1_vs_X2,age_blind,COMPAS tool,break_even,African-American vs Caucasian,equalized_odds,p_holm,9.316832955230614e-11,9.316832955230614e-11,0.0
X1_vs_X2,age_blind,COMPAS tool,break_even,African-American vs Caucasian,fnr,gap,-0.2627627627627628,-0.2627627627627628,0.0
X1_vs_X2,age_blind,COMPAS tool,break_even,African-American vs Caucasian,fnr,minimum_delta,0.3376995651526174,0.3376995651526174,0.0
X1_vs_X2,age_blind,COMPAS tool,break_even,African-American vs Caucasian,fnr,p_holm,1.5847951579904764e-08,1.5847951579904764e-08,0.0
X1_vs_X2,age_blind,COMPAS tool,break_even,African-American vs Caucasian,fpr,gap,0.1568172442244224,0.1568172442244224,0.0
X1_vs_X2,age_blind,COMPAS tool,break_even,African-American vs Caucasian,fpr,minimum_delta,0.2220423235823667,0.2220423235823667,0.0
X1_vs_X2,age_blind,COMPAS tool,break_even,African-American vs Caucasian,fpr,p_holm,0.0004329808176416,0.0004329808176416,0.0
X1_vs_X2,age_blind,COMPAS tool,break_even,African-American vs Caucasian,statistical_parity,gap,0.2434860736747529,0.2434860736747529,0.0
X1_vs_X2,age_blind,COMPAS tool,break_even,African-American vs Caucasian,statistical_parity,minimum_delta,0.2935240616572558,0.2935240616572558,0.0
X1_vs_X2,age_blind,COMPAS tool,break_even,African-American vs Caucasian,statistical_parity,p_holm,3.814479626008962e-14,3.814479626008962e-14,0.0
X1_vs_X2,age_blind,COMPAS tool,break_even,Female vs Male,conditional_statistical_parity,p_holm,0.7918417483537296,0.7918417483537296,0.0
X1_vs_X2,age_blind,COMPAS tool,break_even,Female vs Male,equalized_odds,p_holm,0.8910685887872078,0.8910685887872078,0.0
X1_vs_X2,age_blind,COMPAS tool,break_even,Female vs Male,fnr,gap,-0.0471636546184738,-0.0471636546184738,0.0
X1_vs_X2,age_blind,COMPAS tool,break_even,Female vs Male,fnr,minimum_delta,0.1384832300003962,0.1384832300003962,0.0
X1_vs_X2,age_blind,COMPAS tool,break_even,Female vs Male,fnr,p_holm,1.0,1.0,0.0
X1_vs_X2,age_blind,COMPAS tool,break_even,Female vs Male,fpr,gap,0.0031015240685894,0.0031015240685894,0.0
X1_vs_X2,age_blind,COMPAS tool,break_even,Female vs Male,fpr,minimum_delta,0.0739468522735205,0.0739468522735205,0.0
X1_vs_X2,age_blind,COMPAS tool,break_even,Female vs Male,fpr,p_holm,0.9424317521274836,0.9424317521274836,0.0
X1_vs_X2,age_blind,COMPAS tool,break_even,Female vs Male,statistical_parity,gap,-0.0218115218115217,-0.0218115218115217,0.0
X1_vs_X2,age_blind,COMPAS tool,break_even,Female vs Male,statistical_parity,minimum_delta,0.0812994155554227,0.0812994155554227,0.0
X1_vs_X2,age_blind,COMPAS tool,break_even,Female vs Male,statistical_parity,p_holm,0.5470874224782923,0.5470874224782923,0.0
X1_vs_X2,age_blind,COMPAS tool,break_even,Hispanic vs Caucasian,conditional_statistical_parity,p_holm,0.7918417483537296,0.7918417483537296,0.0
X1_vs_X2,age_blind,COMPAS tool,break_even,Hispanic vs Caucasian,equalized_odds,p_holm,0.8910685887872078,0.8910685887872078,0.0
X1_vs_X2,age_blind,COMPAS tool,break_even,Hispanic vs Caucasian,fnr,gap,0.0641025641025641,0.0641025641025641,0.0
X1_vs_X2,age_blind,COMPAS tool,break_even,Hispanic vs Caucasian,fnr,minimum_delta,0.2103184531013468,0.2103184531013468,0.0
X1_vs_X2,age_blind,COMPAS tool,break_even,Hispanic vs Caucasian,fnr,p_holm,1.0,1.0,0.0
X1_vs_X2,age_blind,COMPAS tool,break_even,Hispanic vs Caucasian,fpr,gap,-0.0625,-0.0625,0.0
X1_vs_X2,age_blind,COMPAS tool,break_even,Hispanic vs Caucasian,fpr,minimum_delta,0.1571382751987945,0.1571382751987945,0.0
X1_vs_X2,age_blind,COMPAS tool,break_even,Hispanic vs Caucasian,fpr,p_holm,0.6073865813925219,0.6073865813925219,0.0
X1_vs_X2,age_blind,COMPAS tool,break_even,Hispanic vs Caucasian,statistical_parity,gap,-0.065880721220527,-0.065880721220527,0.0
X1_vs_X2,age_blind,COMPAS tool,break_even,Hispanic vs Caucasian,statistical_parity,minimum_delta,0.1491028857063477,0.1491028857063477,0.0
X1_vs_X2,age_blind,COMPAS tool,break_even,Hispanic vs Caucasian,statistical_parity,p_holm,0.4145046178721787,0.4145046178721787,0.0
X1_vs_X2,age_blind,COMPAS tool,break_even,Other vs Caucasian,conditional_statistical_parity,p_holm,0.0541392026701654,0.0541392026701654,0.0
X1_vs_X2,age_blind,COMPAS tool,break_even,Other vs Caucasian,equalized_odds,p_holm,0.0184747920878291,0.0184747920878291,0.0
X1_vs_X2,age_blind,COMPAS tool,break_even,Other vs Caucasian,fnr,gap,0.0769230769230768,0.0769230769230768,0.0
X1_vs_X2,age_blind,COMPAS tool,break_even,Other vs Caucasian,fnr,minimum_delta,0.2495977393554651,0.2495977393554651,0.0
X1_vs_X2,age_blind,COMPAS tool,break_even,Other vs Caucasian,fnr,p_holm,1.0,1.0,0.0
X1_vs_X2,age_blind,COMPAS tool,break_even,Other vs Caucasian,fpr,gap,-0.1958575581395348,-0.1958575581395348,0.0
X1_vs_X2,age_blind,COMPAS tool,break_even,Other vs Caucasian,fpr,minimum_delta,0.274493305065666,0.274493305065666,0.0
X1_vs_X2,age_blind,COMPAS tool,break_even,Other vs Caucasian,fpr,p_holm,0.0156781578647862,0.0156781578647862,0.0
X1_vs_X2,age_blind,COMPAS tool,break_even,Other vs Caucasian,statistical_parity,gap,-0.1542443064182194,-0.1542443064182194,0.0
X1_vs_X2,age_blind,COMPAS tool,break_even,Other vs Caucasian,statistical_parity,minimum_delta,0.2428468089675734,0.2428468089675734,0.0
X1_vs_X2,age_blind,COMPAS tool,break_even,Other vs Caucasian,statistical_parity,p_holm,0.0357031647933105,0.0357031647933105,0.0
X1_vs_X2,age_blind,TabPFN,0.5,African-American vs Caucasian,conditional_statistical_parity,p_holm,9.95162290866716e-05,9.698603445978156e-18,-9.95162290866619e-05
X1_vs_X2,age_blind,TabPFN,0.5,African-American vs Caucasian,equalized_odds,p_holm,2.670938389805782e-09,1.3962410191370688e-15,-2.670936993564763e-09
X1_vs_X2,age_blind,TabPFN,0.5,African-American vs Caucasian,fnr,gap,-0.2466673991064235,-0.2901743206621255,-0.043506921555702016
X1_vs_X2,age_blind,TabPFN,0.5,African-American vs Caucasian,fnr,minimum_delta,0.3227748134922208,0.3629874078208263,0.04021259432860547
X1_vs_X2,age_blind,TabPFN,0.5,African-American vs Caucasian,fnr,p_holm,8.604310662937218e-07,4.366919183690684e-09,-8.560641471100311e-07
X1_vs_X2,age_blind,TabPFN,0.5,African-American vs Caucasian,fpr,gap,0.1523695338283828,0.2017326732673267,0.04936313943894388
X1_vs_X2,age_blind,TabPFN,0.5,African-American vs Caucasian,fpr,minimum_delta,0.2155943062779153,0.2576841348923333,0.04208982861441804
X1_vs_X2,age_blind,TabPFN,0.5,African-American vs Caucasian,fpr,p_holm,0.000434550595785,8.091221801692778e-08,-0.0004344696835669831
X1_vs_X2,age_blind,TabPFN,0.5,African-American vs Caucasian,statistical_parity,gap,0.2205750224618149,0.2679245283018868,0.04734950584007189
X1_vs_X2,age_blind,TabPFN,0.5,African-American vs Caucasian,statistical_parity,minimum_delta,0.2693824414215965,0.3128847451321941,0.0435023037105976
X1_vs_X2,age_blind,TabPFN,0.5,African-American vs Caucasian,statistical_parity,p_holm,4.599740598381515e-12,1.231026910623327e-18,-4.599739367354604e-12
X1_vs_X2,age_blind,TabPFN,0.5,Female vs Male,conditional_statistical_parity,p_holm,9.95162290866716e-05,0.0001555092099538,5.599298086712839e-05
X1_vs_X2,age_blind,TabPFN,0.5,Female vs Male,equalized_odds,p_holm,1.3625961567045473e-05,1.231404819754009e-05,-1.3119133695053828e-06
X1_vs_X2,age_blind,TabPFN,0.5,Female vs Male,fnr,gap,0.2592118473895582,0.2402861445783132,-0.018925702811245004
X1_vs_X2,age_blind,TabPFN,0.5,Female vs Male,fnr,minimum_delta,0.3501892561830552,0.3262718260334252,-0.023917430149629992
X1_vs_X2,age_blind,TabPFN,0.5,Female vs Male,fnr,p_holm,3.807610142838371e-05,0.0001431294344578,0.0001050533330294163
X1_vs_X2,age_blind,TabPFN,0.5,Female vs Male,fpr,gap,-0.0922067852194582,-0.0978759644595848,-0.005669179240126596
X1_vs_X2,age_blind,TabPFN,0.5,Female vs Male,fpr,minimum_delta,0.1556076790116563,0.1525358130591662,-0.0030718659524901215
X1_vs_X2,age_blind,TabPFN,0.5,Female vs Male,fpr,p_holm,0.0515116710365879,0.027350366420389,-0.024161304616198902
X1_vs_X2,age_blind,TabPFN,0.5,Female vs Male,statistical_parity,gap,-0.1842601842601842,-0.1797091797091797,0.004551004551004489
X1_vs_X2,age_blind,TabPFN,0.5,Female vs Male,statistical_parity,minimum_delta,0.2368805533489551,0.2272212442202584,-0.009659309128696697
X1_vs_X2,age_blind,TabPFN,0.5,Female vs Male,statistical_parity,p_holm,5.791746178792109e-07,3.1009925401894717e-07,-2.6907536386026375e-07
X1_vs_X2,age_blind,TabPFN,0.5,Hispanic vs Caucasian,conditional_statistical_parity,p_holm,0.4546016262468546,0.8107641450648111,0.3561625188179565
X1_vs_X2,age_blind,TabPFN,0.5,Hispanic vs Caucasian,equalized_odds,p_holm,0.1496699150148809,0.5761932667031645,0.4265233516882836
X1_vs_X2,age_blind,TabPFN,0.5,Hispanic vs Caucasian,fnr,gap,0.0129768605378361,0.0692620387742338,0.0562851782363977
X1_vs_X2,age_blind,TabPFN,0.5,Hispanic vs Caucasian,fnr,minimum_delta,0.1544027310205541,0.190634920363488,0.0362321893429339
X1_vs_X2,age_blind,TabPFN,0.5,Hispanic vs Caucasian,fnr,p_holm,0.8800417098241349,0.4991537293424795,-0.3808879804816554
X1_vs_X2,age_blind,TabPFN,0.5,Hispanic vs Caucasian,fpr,gap,-0.10546875,-0.03125,0.07421875
X1_vs_X2,age_blind,TabPFN,0.5,Hispanic vs Caucasian,fpr,minimum_delta,0.1863150084558287,0.1003540098247524,-0.08596099863107631
X1_vs_X2,age_blind,TabPFN,0.5,Hispanic vs Caucasian,fpr,p_holm,0.0636162457369574,0.5944201089983874,0.53080386326143
X1_vs_X2,age_blind,TabPFN,0.5,Hispanic vs Caucasian,statistical_parity,gap,-0.0721220527045769,-0.0474110032362459,0.024711049468331005
X1_vs_X2,age_blind,TabPFN,0.5,Hispanic vs Caucasian,statistical_parity,minimum_delta,0.1479324735996922,0.111160169465471,-0.036772304134221195
X1_vs_X2,age_blind,TabPFN,0.5,Hispanic vs Caucasian,statistical_parity,p_holm,0.2804917451841777,0.5107477874711157,0.23025604228693802
X1_vs_X2,age_blind,TabPFN,0.5,Other vs Caucasian,conditional_statistical_parity,p_holm,0.4546016262468546,0.4554503531565294,0.0008487269096748018
X1_vs_X2,age_blind,TabPFN,0.5,Other vs Caucasian,equalized_odds,p_holm,0.0272013342991325,0.5761932667031645,0.548991932404032
X1_vs_X2,age_blind,TabPFN,0.5,Other vs Caucasian,fnr,gap,-0.1280487804878048,-0.1102251407129455,0.017823639774859304
X1_vs_X2,age_blind,TabPFN,0.5,Other vs Caucasian,fnr,minimum_delta,0.3017301159031894,0.2781274509281041,-0.023602664975085286
X1_vs_X2,age_blind,TabPFN,0.5,Other vs Caucasian,fnr,p_holm,0.427008381258563,0.4991537293424795,0.07214534808391648
X1_vs_X2,age_blind,TabPFN,0.5,Other vs Caucasian,fpr,gap,-0.1607013081395348,-0.0552325581395348,0.10546874999999999
X1_vs_X2,age_blind,TabPFN,0.5,Other vs Caucasian,fpr,minimum_delta,0.238129861810811,0.1278428299319605,-0.1102870318788505
X1_vs_X2,age_blind,TabPFN,0.5,Other vs Caucasian,fpr,p_holm,0.0484996679731869,0.5944201089983874,0.5459204410252004
X1_vs_X2,age_blind,TabPFN,0.5,Other vs Caucasian,statistical_parity,gap,-0.0538302277432712,0.0050724637681159,0.058902691511387106
X1_vs_X2,age_blind,TabPFN,0.5,Other vs Caucasian,statistical_parity,minimum_delta,0.1451006562948043,0.0886590310262674,-0.05644162526853688
X1_vs_X2,age_blind,TabPFN,0.5,Other vs Caucasian,statistical_parity,p_holm,0.3550420218757204,0.9197360605640964,0.564694038688376
X1_vs_X2,age_blind,TabPFN,break_even,African-American vs Caucasian,conditional_statistical_parity,p_holm,3.769910385561892e-74,1.9622803099084416e-05,1.9622803099084416e-05
X1_vs_X2,age_blind,TabPFN,break_even,African-American vs Caucasian,equalized_odds,p_holm,3.8942125599780047e-47,0.000540405041609,0.000540405041609
X1_vs_X2,age_blind,TabPFN,break_even,African-American vs Caucasian,fnr,gap,-0.2472716619058082,-0.052149710686296,0.1951219512195122
X1_vs_X2,age_blind,TabPFN,break_even,African-American vs Caucasian,fnr,minimum_delta,0.3057402957507486,0.0880776313287403,-0.21766266442200832
X1_vs_X2,age_blind,TabPFN,break_even,African-American vs Caucasian,fnr,p_holm,5.290681483679529e-17,0.0130783237904531,0.013078323790453048
X1_vs_X2,age_blind,TabPFN,break_even,African-American vs Caucasian,fpr,gap,0.4186391295379538,0.0709828795379537,-0.3476562500000001
X1_vs_X2,age_blind,TabPFN,break_even,African-American vs Caucasian,fpr,minimum_delta,0.4737086889528271,0.1096070705809887,-0.3641016183718384
X1_vs_X2,age_blind,TabPFN,break_even,African-American vs Caucasian,fpr,p_holm,2.0510901917283497e-30,0.002020349522091,0.002020349522091
X1_vs_X2,age_blind,TabPFN,break_even,African-American vs Caucasian,statistical_parity,gap,0.3550763701707097,0.0669811320754716,-0.28809523809523807
X1_vs_X2,age_blind,TabPFN,break_even,African-American vs Caucasian,statistical_parity,minimum_delta,0.3959240189942251,0.0937550596441126,-0.30216895935011245
X1_vs_X2,age_blind,TabPFN,break_even,African-American vs Caucasian,statistical_parity,p_holm,1.5748029778944842e-49,2.0605489430840796e-05,2.0605489430840796e-05
X1_vs_X2,age_blind,TabPFN,break_even,Female vs Male,conditional_statistical_parity,p_holm,1.6102472272451105e-08,1.5166510775480398e-43,-1.6102472272451105e-08
X1_vs_X2,age_blind,TabPFN,break_even,Female vs Male,equalized_odds,p_holm,5.034364310695765e-06,1.3427781071552753e-35,-5.034364310695765e-06
X1_vs_X2,age_blind,TabPFN,break_even,Female vs Male,fnr,gap,0.165512048192771,0.2446787148594377,0.07916666666666672
X1_vs_X2,age_blind,TabPFN,break_even,Female vs Male,fnr,minimum_delta,0.2469531121738008,0.3235954286130584,0.07664231643925759
X1_vs_X2,age_blind,TabPFN,break_even,Female vs Male,fnr,p_holm,3.007947337733263e-05,6.61395924491965e-23,-3.007947337733263e-05
X1_vs_X2,age_blind,TabPFN,break_even,Female vs Male,fpr,gap,-0.136695859973815,-0.3267150538317804,-0.1900191938579654
X1_vs_X2,age_blind,TabPFN,break_even,Female vs Male,fpr,minimum_delta,0.2082919507012015,0.3931371016510706,0.18484515094986909
X1_vs_X2,age_blind,TabPFN,break_even,Female vs Male,fpr,p_holm,0.002408924555535,2.007404344079505e-27,-0.002408924555535
X1_vs_X2,age_blind,TabPFN,break_even,Female vs Male,statistical_parity,gap,-0.1652236652236652,-0.3020868020868021,-0.13686313686313692
X1_vs_X2,age_blind,TabPFN,break_even,Female vs Male,statistical_parity,minimum_delta,0.2193287049280518,0.3533466280892045,0.13401792316115269
X1_vs_X2,age_blind,TabPFN,break_even,Female vs Male,statistical_parity,p_holm,2.8144520499252747e-08,3.9065290211467026e-50,-2.8144520499252747e-08
X1_vs_X2,age_blind,TabPFN,break_even,Hispanic vs Caucasian,conditional_statistical_parity,p_holm,5.0011723016792654e-17,1.840437648227186e-08,1.8404376432260138e-08
X1_vs_X2,age_blind,TabPFN,break_even,Hispanic vs Caucasian,equalized_odds,p_holm,0.0155471730952562,0.0028248117503455,-0.012722361344910699
X1_vs_X2,age_blind,TabPFN,break_even,Hispanic vs Caucasian,fnr,gap,-0.1144465290806754,0.0806754221388367,0.1951219512195121
X1_vs_X2,age_blind,TabPFN,break_even,Hispanic vs Caucasian,fnr,minimum_delta,0.2257266956434765,0.1818870337826004,-0.043839661860876095
X1_vs_X2,age_blind,TabPFN,break_even,Hispanic vs Caucasian,fnr,p_holm,0.2719292787180658,0.2223111652967102,-0.049618113421355636
X1_vs_X2,age_blind,TabPFN,break_even,Hispanic vs Caucasian,fpr,gap,0.18359375,-0.1640625,-0.34765625
X1_vs_X2,age_blind,TabPFN,break_even,Hispanic vs Caucasian,fpr,minimum_delta,0.289613138548604,0.2625278070455462,-0.027085331503057808
X1_vs_X2,age_blind,TabPFN,break_even,Hispanic vs Caucasian,fpr,p_holm,0.0158638384496201,0.002020349522091,-0.0138434889275291
X1_vs_X2,age_blind,TabPFN,break_even,Hispanic vs Caucasian,statistical_parity,gap,0.1550855293573739,-0.1330097087378641,-0.288095238095238
X1_vs_X2,age_blind,TabPFN,break_even,Hispanic vs Caucasian,statistical_parity,minimum_delta,0.2341195711280922,0.2057625591450722,-0.028357011983020014
X1_vs_X2,age_blind,TabPFN,break_even,Hispanic vs Caucasian,statistical_parity,p_holm,0.0065031494749586,0.0005391649492053,-0.0059639845257533
X1_vs_X2,age_blind,TabPFN,break_even,Other vs Caucasian,conditional_statistical_parity,p_holm,1.0,0.0017272362427181,-0.9982727637572819
X1_vs_X2,age_blind,TabPFN,break_even,Other vs Caucasian,equalized_odds,p_holm,0.3373296495696931,0.0005598218274668,-0.3367698277422263
X1_vs_X2,age_blind,TabPFN,break_even,Other vs Caucasian,fnr,gap,-0.0375234521575985,-0.073170731707317,-0.0356472795497185
X1_vs_X2,age_blind,TabPFN,break_even,Other vs Caucasian,fnr,minimum_delta,0.1855985435102002,0.1067846596957236,-0.0788138838144766
X1_vs_X2,age_blind,TabPFN,break_even,Other vs Caucasian,fnr,p_holm,0.6864467278898336,0.2223111652967102,-0.46413556259312344
X1_vs_X2,age_blind,TabPFN,break_even,Other vs Caucasian,fpr,gap,-0.1165515988372092,-0.2316497093023255,-0.11509811046511631
X1_vs_X2,age_blind,TabPFN,break_even,Other vs Caucasian,fpr,minimum_delta,0.2509189103880803,0.3560762880985855,0.1051573777105052
X1_vs_X2,age_blind,TabPFN,break_even,Other vs Caucasian,fpr,p_holm,0.1569686755551587,0.0002538237258651,-0.1567148518292936
X1_vs_X2,age_blind,TabPFN,break_even,Other vs Caucasian,statistical_parity,gap,-0.0611801242236025,-0.117391304347826,-0.056211180124223506
X1_vs_X2,age_blind,TabPFN,break_even,Other vs Caucasian,statistical_parity,minimum_delta,0.1673612520162465,0.2027051020825531,0.03534385006630661
X1_vs_X2,age_blind,TabPFN,break_even,Other vs Caucasian,statistical_parity,p_holm,0.3356857120314734,0.0048598589629739,-0.3308258530684995
X1_vs_X2,protected_blind,COMPAS tool,0.5,African-American vs Caucasian,conditional_statistical_parity,p_holm,0.009819619691678,0.009819619691678,0.0
X1_vs_X2,protected_blind,COMPAS tool,0.5,African-American vs Caucasian,equalized_odds,p_holm,9.316832955230614e-11,9.316832955230614e-11,0.0
X1_vs_X2,protected_blind,COMPAS tool,0.5,African-American vs Caucasian,fnr,gap,-0.2627627627627628,-0.2627627627627628,0.0
X1_vs_X2,protected_blind,COMPAS tool,0.5,African-American vs Caucasian,fnr,minimum_delta,0.3376995651526174,0.3376995651526174,0.0
X1_vs_X2,protected_blind,COMPAS tool,0.5,African-American vs Caucasian,fnr,p_holm,1.5847951579904764e-08,1.5847951579904764e-08,0.0
X1_vs_X2,protected_blind,COMPAS tool,0.5,African-American vs Caucasian,fpr,gap,0.1568172442244224,0.1568172442244224,0.0
X1_vs_X2,protected_blind,COMPAS tool,0.5,African-American vs Caucasian,fpr,minimum_delta,0.2220423235823667,0.2220423235823667,0.0
X1_vs_X2,protected_blind,COMPAS tool,0.5,African-American vs Caucasian,fpr,p_holm,0.0004329808176416,0.0004329808176416,0.0
X1_vs_X2,protected_blind,COMPAS tool,0.5,African-American vs Caucasian,statistical_parity,gap,0.2434860736747529,0.2434860736747529,0.0
X1_vs_X2,protected_blind,COMPAS tool,0.5,African-American vs Caucasian,statistical_parity,minimum_delta,0.2935240616572558,0.2935240616572558,0.0
X1_vs_X2,protected_blind,COMPAS tool,0.5,African-American vs Caucasian,statistical_parity,p_holm,3.814479626008962e-14,3.814479626008962e-14,0.0
X1_vs_X2,protected_blind,COMPAS tool,0.5,Female vs Male,conditional_statistical_parity,p_holm,0.7918417483537296,0.7918417483537296,0.0
X1_vs_X2,protected_blind,COMPAS tool,0.5,Female vs Male,equalized_odds,p_holm,0.8910685887872078,0.8910685887872078,0.0
X1_vs_X2,protected_blind,COMPAS tool,0.5,Female vs Male,fnr,gap,-0.0471636546184738,-0.0471636546184738,0.0
X1_vs_X2,protected_blind,COMPAS tool,0.5,Female vs Male,fnr,minimum_delta,0.1384832300003962,0.1384832300003962,0.0
X1_vs_X2,protected_blind,COMPAS tool,0.5,Female vs Male,fnr,p_holm,1.0,1.0,0.0
X1_vs_X2,protected_blind,COMPAS tool,0.5,Female vs Male,fpr,gap,0.0031015240685894,0.0031015240685894,0.0
X1_vs_X2,protected_blind,COMPAS tool,0.5,Female vs Male,fpr,minimum_delta,0.0739468522735205,0.0739468522735205,0.0
X1_vs_X2,protected_blind,COMPAS tool,0.5,Female vs Male,fpr,p_holm,0.9424317521274836,0.9424317521274836,0.0
X1_vs_X2,protected_blind,COMPAS tool,0.5,Female vs Male,statistical_parity,gap,-0.0218115218115217,-0.0218115218115217,0.0
X1_vs_X2,protected_blind,COMPAS tool,0.5,Female vs Male,statistical_parity,minimum_delta,0.0812994155554227,0.0812994155554227,0.0
X1_vs_X2,protected_blind,COMPAS tool,0.5,Female vs Male,statistical_parity,p_holm,0.5470874224782923,0.5470874224782923,0.0
X1_vs_X2,protected_blind,COMPAS tool,0.5,Hispanic vs Caucasian,conditional_statistical_parity,p_holm,0.7918417483537296,0.7918417483537296,0.0
X1_vs_X2,protected_blind,COMPAS tool,0.5,Hispanic vs Caucasian,equalized_odds,p_holm,0.8910685887872078,0.8910685887872078,0.0
X1_vs_X2,protected_blind,COMPAS tool,0.5,Hispanic vs Caucasian,fnr,gap,0.0641025641025641,0.0641025641025641,0.0
X1_vs_X2,protected_blind,COMPAS tool,0.5,Hispanic vs Caucasian,fnr,minimum_delta,0.2103184531013468,0.2103184531013468,0.0
X1_vs_X2,protected_blind,COMPAS tool,0.5,Hispanic vs Caucasian,fnr,p_holm,1.0,1.0,0.0
X1_vs_X2,protected_blind,COMPAS tool,0.5,Hispanic vs Caucasian,fpr,gap,-0.0625,-0.0625,0.0
X1_vs_X2,protected_blind,COMPAS tool,0.5,Hispanic vs Caucasian,fpr,minimum_delta,0.1571382751987945,0.1571382751987945,0.0
X1_vs_X2,protected_blind,COMPAS tool,0.5,Hispanic vs Caucasian,fpr,p_holm,0.6073865813925219,0.6073865813925219,0.0
X1_vs_X2,protected_blind,COMPAS tool,0.5,Hispanic vs Caucasian,statistical_parity,gap,-0.065880721220527,-0.065880721220527,0.0
X1_vs_X2,protected_blind,COMPAS tool,0.5,Hispanic vs Caucasian,statistical_parity,minimum_delta,0.1491028857063477,0.1491028857063477,0.0
X1_vs_X2,protected_blind,COMPAS tool,0.5,Hispanic vs Caucasian,statistical_parity,p_holm,0.4145046178721787,0.4145046178721787,0.0
X1_vs_X2,protected_blind,COMPAS tool,0.5,Other vs Caucasian,conditional_statistical_parity,p_holm,0.0541392026701654,0.0541392026701654,0.0
X1_vs_X2,protected_blind,COMPAS tool,0.5,Other vs Caucasian,equalized_odds,p_holm,0.0184747920878291,0.0184747920878291,0.0
X1_vs_X2,protected_blind,COMPAS tool,0.5,Other vs Caucasian,fnr,gap,0.0769230769230768,0.0769230769230768,0.0
X1_vs_X2,protected_blind,COMPAS tool,0.5,Other vs Caucasian,fnr,minimum_delta,0.2495977393554651,0.2495977393554651,0.0
X1_vs_X2,protected_blind,COMPAS tool,0.5,Other vs Caucasian,fnr,p_holm,1.0,1.0,0.0
X1_vs_X2,protected_blind,COMPAS tool,0.5,Other vs Caucasian,fpr,gap,-0.1958575581395348,-0.1958575581395348,0.0
X1_vs_X2,protected_blind,COMPAS tool,0.5,Other vs Caucasian,fpr,minimum_delta,0.274493305065666,0.274493305065666,0.0
X1_vs_X2,protected_blind,COMPAS tool,0.5,Other vs Caucasian,fpr,p_holm,0.0156781578647862,0.0156781578647862,0.0
X1_vs_X2,protected_blind,COMPAS tool,0.5,Other vs Caucasian,statistical_parity,gap,-0.1542443064182194,-0.1542443064182194,0.0
X1_vs_X2,protected_blind,COMPAS tool,0.5,Other vs Caucasian,statistical_parity,minimum_delta,0.2428468089675734,0.2428468089675734,0.0
X1_vs_X2,protected_blind,COMPAS tool,0.5,Other vs Caucasian,statistical_parity,p_holm,0.0357031647933105,0.0357031647933105,0.0
X1_vs_X2,protected_blind,COMPAS tool,break_even,African-American vs Caucasian,conditional_statistical_parity,p_holm,0.009819619691678,0.009819619691678,0.0
X1_vs_X2,protected_blind,COMPAS tool,break_even,African-American vs Caucasian,equalized_odds,p_holm,9.316832955230614e-11,9.316832955230614e-11,0.0
X1_vs_X2,protected_blind,COMPAS tool,break_even,African-American vs Caucasian,fnr,gap,-0.2627627627627628,-0.2627627627627628,0.0
X1_vs_X2,protected_blind,COMPAS tool,break_even,African-American vs Caucasian,fnr,minimum_delta,0.3376995651526174,0.3376995651526174,0.0
X1_vs_X2,protected_blind,COMPAS tool,break_even,African-American vs Caucasian,fnr,p_holm,1.5847951579904764e-08,1.5847951579904764e-08,0.0
X1_vs_X2,protected_blind,COMPAS tool,break_even,African-American vs Caucasian,fpr,gap,0.1568172442244224,0.1568172442244224,0.0
X1_vs_X2,protected_blind,COMPAS tool,break_even,African-American vs Caucasian,fpr,minimum_delta,0.2220423235823667,0.2220423235823667,0.0
X1_vs_X2,protected_blind,COMPAS tool,break_even,African-American vs Caucasian,fpr,p_holm,0.0004329808176416,0.0004329808176416,0.0
X1_vs_X2,protected_blind,COMPAS tool,break_even,African-American vs Caucasian,statistical_parity,gap,0.2434860736747529,0.2434860736747529,0.0
X1_vs_X2,protected_blind,COMPAS tool,break_even,African-American vs Caucasian,statistical_parity,minimum_delta,0.2935240616572558,0.2935240616572558,0.0
X1_vs_X2,protected_blind,COMPAS tool,break_even,African-American vs Caucasian,statistical_parity,p_holm,3.814479626008962e-14,3.814479626008962e-14,0.0
X1_vs_X2,protected_blind,COMPAS tool,break_even,Female vs Male,conditional_statistical_parity,p_holm,0.7918417483537296,0.7918417483537296,0.0
X1_vs_X2,protected_blind,COMPAS tool,break_even,Female vs Male,equalized_odds,p_holm,0.8910685887872078,0.8910685887872078,0.0
X1_vs_X2,protected_blind,COMPAS tool,break_even,Female vs Male,fnr,gap,-0.0471636546184738,-0.0471636546184738,0.0
X1_vs_X2,protected_blind,COMPAS tool,break_even,Female vs Male,fnr,minimum_delta,0.1384832300003962,0.1384832300003962,0.0
X1_vs_X2,protected_blind,COMPAS tool,break_even,Female vs Male,fnr,p_holm,1.0,1.0,0.0
X1_vs_X2,protected_blind,COMPAS tool,break_even,Female vs Male,fpr,gap,0.0031015240685894,0.0031015240685894,0.0
X1_vs_X2,protected_blind,COMPAS tool,break_even,Female vs Male,fpr,minimum_delta,0.0739468522735205,0.0739468522735205,0.0
X1_vs_X2,protected_blind,COMPAS tool,break_even,Female vs Male,fpr,p_holm,0.9424317521274836,0.9424317521274836,0.0
X1_vs_X2,protected_blind,COMPAS tool,break_even,Female vs Male,statistical_parity,gap,-0.0218115218115217,-0.0218115218115217,0.0
X1_vs_X2,protected_blind,COMPAS tool,break_even,Female vs Male,statistical_parity,minimum_delta,0.0812994155554227,0.0812994155554227,0.0
X1_vs_X2,protected_blind,COMPAS tool,break_even,Female vs Male,statistical_parity,p_holm,0.5470874224782923,0.5470874224782923,0.0
X1_vs_X2,protected_blind,COMPAS tool,break_even,Hispanic vs Caucasian,conditional_statistical_parity,p_holm,0.7918417483537296,0.7918417483537296,0.0
X1_vs_X2,protected_blind,COMPAS tool,break_even,Hispanic vs Caucasian,equalized_odds,p_holm,0.8910685887872078,0.8910685887872078,0.0
X1_vs_X2,protected_blind,COMPAS tool,break_even,Hispanic vs Caucasian,fnr,gap,0.0641025641025641,0.0641025641025641,0.0
X1_vs_X2,protected_blind,COMPAS tool,break_even,Hispanic vs Caucasian,fnr,minimum_delta,0.2103184531013468,0.2103184531013468,0.0
X1_vs_X2,protected_blind,COMPAS tool,break_even,Hispanic vs Caucasian,fnr,p_holm,1.0,1.0,0.0
X1_vs_X2,protected_blind,COMPAS tool,break_even,Hispanic vs Caucasian,fpr,gap,-0.0625,-0.0625,0.0
X1_vs_X2,protected_blind,COMPAS tool,break_even,Hispanic vs Caucasian,fpr,minimum_delta,0.1571382751987945,0.1571382751987945,0.0
X1_vs_X2,protected_blind,COMPAS tool,break_even,Hispanic vs Caucasian,fpr,p_holm,0.6073865813925219,0.6073865813925219,0.0
X1_vs_X2,protected_blind,COMPAS tool,break_even,Hispanic vs Caucasian,statistical_parity,gap,-0.065880721220527,-0.065880721220527,0.0
X1_vs_X2,protected_blind,COMPAS tool,break_even,Hispanic vs Caucasian,statistical_parity,minimum_delta,0.1491028857063477,0.1491028857063477,0.0
X1_vs_X2,protected_blind,COMPAS tool,break_even,Hispanic vs Caucasian,statistical_parity,p_holm,0.4145046178721787,0.4145046178721787,0.0
X1_vs_X2,protected_blind,COMPAS tool,break_even,Other vs Caucasian,conditional_statistical_parity,p_holm,0.0541392026701654,0.0541392026701654,0.0
X1_vs_X2,protected_blind,COMPAS tool,break_even,Other vs Caucasian,equalized_odds,p_holm,0.0184747920878291,0.0184747920878291,0.0
X1_vs_X2,protected_blind,COMPAS tool,break_even,Other vs Caucasian,fnr,gap,0.0769230769230768,0.0769230769230768,0.0
X1_vs_X2,protected_blind,COMPAS tool,break_even,Other vs Caucasian,fnr,minimum_delta,0.2495977393554651,0.2495977393554651,0.0
X1_vs_X2,protected_blind,COMPAS tool,break_even,Other vs Caucasian,fnr,p_holm,1.0,1.0,0.0
X1_vs_X2,protected_blind,COMPAS tool,break_even,Other vs Caucasian,fpr,gap,-0.1958575581395348,-0.1958575581395348,0.0
X1_vs_X2,protected_blind,COMPAS tool,break_even,Other vs Caucasian,fpr,minimum_delta,0.274493305065666,0.274493305065666,0.0
X1_vs_X2,protected_blind,COMPAS tool,break_even,Other vs Caucasian,fpr,p_holm,0.0156781578647862,0.0156781578647862,0.0
X1_vs_X2,protected_blind,COMPAS tool,break_even,Other vs Caucasian,statistical_parity,gap,-0.1542443064182194,-0.1542443064182194,0.0
X1_vs_X2,protected_blind,COMPAS tool,break_even,Other vs Caucasian,statistical_parity,minimum_delta,0.2428468089675734,0.2428468089675734,0.0
X1_vs_X2,protected_blind,COMPAS tool,break_even,Other vs Caucasian,statistical_parity,p_holm,0.0357031647933105,0.0357031647933105,0.0
X1_vs_X2,protected_blind,TabPFN,0.5,African-American vs Caucasian,conditional_statistical_parity,p_holm,0.6370655130276034,0.9450458550969636,0.3079803420693602
X1_vs_X2,protected_blind,TabPFN,0.5,African-American vs Caucasian,equalized_odds,p_holm,0.0034058527270759,0.0001998325656221,-0.0032060201614538
X1_vs_X2,protected_blind,TabPFN,0.5,African-American vs Caucasian,fnr,gap,-0.1492895334358749,-0.1778729949461657,-0.028583461510290814
X1_vs_X2,protected_blind,TabPFN,0.5,African-American vs Caucasian,fnr,minimum_delta,0.2271082047116125,0.2541347932831689,0.027026588571556404
X1_vs_X2,protected_blind,TabPFN,0.5,African-American vs Caucasian,fnr,p_holm,0.006516269222047,0.0007519630356023,-0.005764306186444699
X1_vs_X2,protected_blind,TabPFN,0.5,African-American vs Caucasian,fpr,gap,0.0826629537953795,0.0873040429042904,0.004641089108910909
X1_vs_X2,protected_blind,TabPFN,0.5,African-American vs Caucasian,fpr,minimum_delta,0.1484137711325767,0.1469919404309566,-0.0014218307016201082
X1_vs_X2,protected_blind,TabPFN,0.5,African-American vs Caucasian,fpr,p_holm,0.1201784297132194,0.0704593670216298,-0.0497190626915896
X1_vs_X2,protected_blind,TabPFN,0.5,African-American vs Caucasian,statistical_parity,gap,0.1389038634321653,0.1547619047619047,0.01585804132973942
X1_vs_X2,protected_blind,TabPFN,0.5,African-American vs Caucasian,statistical_parity,minimum_delta,0.189414214695967,0.2025450898512785,0.0131308751553115
X1_vs_X2,protected_blind,TabPFN,0.5,African-American vs Caucasian,statistical_parity,p_holm,3.479668210725799e-05,1.078578561064458e-06,-3.371810354619353e-05
X1_vs_X2,protected_blind,TabPFN,0.5,Female vs Male,conditional_statistical_parity,p_holm,1.0,0.5520677762599168,-0.44793222374008324
X1_vs_X2,protected_blind,TabPFN,0.5,Female vs Male,equalized_odds,p_holm,0.0364471762622035,0.0126110644677433,-0.0238361117944602
X1_vs_X2,protected_blind,TabPFN,0.5,Female vs Male,fnr,gap,0.1695281124497992,0.1904618473895583,0.020933734939759086
X1_vs_X2,protected_blind,TabPFN,0.5,Female vs Male,fnr,minimum_delta,0.2658999256417189,0.2815504783403397,0.015650552698620812
X1_vs_X2,protected_blind,TabPFN,0.5,Female vs Male,fnr,p_holm,0.0123503463477242,0.0039419674372787,-0.008408378910445501
X1_vs_X2,protected_blind,TabPFN,0.5,Female vs Male,fpr,gap,-0.0338498303059577,-0.0211895107472893,0.0126603195586684
X1_vs_X2,protected_blind,TabPFN,0.5,Female vs Male,fpr,minimum_delta,0.10305957878865,0.0831866020807368,-0.0198729767079132
X1_vs_X2,protected_blind,TabPFN,0.5,Female vs Male,fpr,p_holm,0.4288288322155202,0.5810094425993392,0.15218061038381897
X1_vs_X2,protected_blind,TabPFN,0.5,Female vs Male,statistical_parity,gap,-0.1144966144966145,-0.1143301143301143,0.0001665001665002025
X1_vs_X2,protected_blind,TabPFN,0.5,Female vs Male,statistical_parity,minimum_delta,0.1712824268545721,0.1665482415784386,-0.004734185276133507
X1_vs_X2,protected_blind,TabPFN,0.5,Female vs Male,statistical_parity,p_holm,0.0042257873544446,0.0024819397497913,-0.0017438476046533003
X1_vs_X2,protected_blind,TabPFN,0.5,Hispanic vs Caucasian,conditional_statistical_parity,p_holm,1.0,0.8031216169755506,-0.19687838302444938
X1_vs_X2,protected_blind,TabPFN,0.5,Hispanic vs Caucasian,equalized_odds,p_holm,0.0544535455814095,0.0941369137008177,0.039683368119408195
X1_vs_X2,protected_blind,TabPFN,0.5,Hispanic vs Caucasian,fnr,gap,-0.0298624140087555,0.0203252032520324,0.050187617260787895
X1_vs_X2,protected_blind,TabPFN,0.5,Hispanic vs Caucasian,fnr,minimum_delta,0.1769166645228717,0.1594844722057004,-0.017432192317171302
X1_vs_X2,protected_blind,TabPFN,0.5,Hispanic vs Caucasian,fnr,p_holm,0.7367479105883024,0.8109249504566289,0.07417703986832658
X1_vs_X2,protected_blind,TabPFN,0.5,Hispanic vs Caucasian,fpr,gap,-0.15625,-0.109375,0.046875
X1_vs_X2,protected_blind,TabPFN,0.5,Hispanic vs Caucasian,fpr,minimum_delta,0.2420270030777849,0.1824048233350492,-0.059622179742735704
X1_vs_X2,protected_blind,TabPFN,0.5,Hispanic vs Caucasian,fpr,p_holm,0.0454426673194972,0.1102625540308245,0.0648198867113273
X1_vs_X2,protected_blind,TabPFN,0.5,Hispanic vs Caucasian,statistical_parity,gap,-0.0876791493296347,-0.0774387424872861,0.010240406842348601
X1_vs_X2,protected_blind,TabPFN,0.5,Hispanic vs Caucasian,statistical_parity,minimum_delta,0.1695733446427896,0.1496565970805093,-0.01991674756228029
X1_vs_X2,protected_blind,TabPFN,0.5,Hispanic vs Caucasian,statistical_parity,p_holm,0.1856506850238732,0.2045850542746775,0.0189343692508043
X1_vs_X2,protected_blind,TabPFN,0.5,Other vs Caucasian,conditional_statistical_parity,p_holm,0.807487283431884,0.9450458550969636,0.13755857166507957
X1_vs_X2,protected_blind,TabPFN,0.5,Other vs Caucasian,equalized_odds,p_holm,0.1581171431321438,0.0528039134056937,-0.1053132297264501
X1_vs_X2,protected_blind,TabPFN,0.5,Other vs Caucasian,fnr,gap,-0.1196060037523452,-0.1463414634146341,-0.026735459662288907
X1_vs_X2,protected_blind,TabPFN,0.5,Other vs Caucasian,fnr,minimum_delta,0.2921927514364908,0.3197818828362924,0.02758913139980157
X1_vs_X2,protected_blind,TabPFN,0.5,Other vs Caucasian,fnr,p_holm,0.5129230779715301,0.3037082315415178,-0.2092148464300123
X1_vs_X2,protected_blind,TabPFN,0.5,Other vs Caucasian,fpr,gap,-0.110828488372093,-0.1333575581395348,-0.02252906976744179
X1_vs_X2,protected_blind,TabPFN,0.5,Other vs Caucasian,fpr,minimum_delta,0.2194919266014032,0.2097150928920919,-0.009776833709311317
X1_vs_X2,protected_blind,TabPFN,0.5,Other vs Caucasian,fpr,p_holm,0.269216209009781,0.1102625540308245,-0.1589536549789565
X1_vs_X2,protected_blind,TabPFN,0.5,Other vs Caucasian,statistical_parity,gap,-0.0261904761904762,-0.0300207039337474,-0.0038302277432712
X1_vs_X2,protected_blind,TabPFN,0.5,Other vs Caucasian,statistical_parity,minimum_delta,0.1273622794376981,0.1209087793644689,-0.006453500073229201
X1_vs_X2,protected_blind,TabPFN,0.5,Other vs Caucasian,statistical_parity,p_holm,0.6736594951058964,0.5972022361658611,-0.0764572589400353
X1_vs_X2,protected_blind,TabPFN,break_even,African-American vs Caucasian,conditional_statistical_parity,p_holm,1.0,1.0,0.0
X1_vs_X2,protected_blind,TabPFN,break_even,African-American vs Caucasian,equalized_odds,p_holm,0.0242251798913214,0.0242251798913214,0.0
X1_vs_X2,protected_blind,TabPFN,break_even,African-American vs Caucasian,fnr,gap,-0.0377755804585072,-0.0377755804585072,0.0
X1_vs_X2,protected_blind,TabPFN,break_even,African-American vs Caucasian,fnr,minimum_delta,0.0855585207700742,0.0855585207700742,0.0
X1_vs_X2,protected_blind,TabPFN,break_even,African-American vs Caucasian,fnr,p_holm,0.3352147322945924,0.3352147322945924,0.0
X1_vs_X2,protected_blind,TabPFN,break_even,African-American vs Caucasian,fpr,gap,0.0973081683168316,0.0973081683168316,0.0
X1_vs_X2,protected_blind,TabPFN,break_even,African-American vs Caucasian,fpr,minimum_delta,0.1549500989001406,0.1549500989001406,0.0
X1_vs_X2,protected_blind,TabPFN,break_even,African-American vs Caucasian,fpr,p_holm,0.020425268818013,0.020425268818013,0.0
X1_vs_X2,protected_blind,TabPFN,break_even,African-American vs Caucasian,statistical_parity,gap,0.08607367475292,0.08607367475292,0.0
X1_vs_X2,protected_blind,TabPFN,break_even,African-American vs Caucasian,statistical_parity,minimum_delta,0.1249747709834927,0.1249747709834927,0.0
X1_vs_X2,protected_blind,TabPFN,break_even,African-American vs Caucasian,statistical_parity,p_holm,0.0006282052800287,0.0006282052800287,0.0
X1_vs_X2,protected_blind,TabPFN,break_even,Female vs Male,conditional_statistical_parity,p_holm,1.0,1.0,0.0
X1_vs_X2,protected_blind,TabPFN,break_even,Female vs Male,equalized_odds,p_holm,0.0242251798913214,0.0242251798913214,0.0
X1_vs_X2,protected_blind,TabPFN,break_even,Female vs Male,fnr,gap,0.105722891566265,0.105722891566265,0.0
X1_vs_X2,protected_blind,TabPFN,break_even,Female vs Male,fnr,minimum_delta,0.1780739617662049,0.1780739617662049,0.0
X1_vs_X2,protected_blind,TabPFN,break_even,Female vs Male,fnr,p_holm,0.0077779973658654,0.0077779973658654,0.0
X1_vs_X2,protected_blind,TabPFN,break_even,Female vs Male,fpr,gap,-0.0576069962247842,-0.0576069962247842,0.0
X1_vs_X2,protected_blind,TabPFN,break_even,Female vs Male,fpr,minimum_delta,0.1235949121730646,0.1235949121730646,0.0
X1_vs_X2,protected_blind,TabPFN,break_even,Female vs Male,fpr,p_holm,0.3976829369502851,0.3976829369502851,0.0
X1_vs_X2,protected_blind,TabPFN,break_even,Female vs Male,statistical_parity,gap,-0.0911865911865912,-0.0911865911865912,0.0
X1_vs_X2,protected_blind,TabPFN,break_even,Female vs Male,statistical_parity,minimum_delta,0.1403329216581447,0.1403329216581447,0.0
X1_vs_X2,protected_blind,TabPFN,break_even,Female vs Male,statistical_parity,p_holm,0.0019083673627704,0.0019083673627704,0.0
X1_vs_X2,protected_blind,TabPFN,break_even,Hispanic vs Caucasian,conditional_statistical_parity,p_holm,1.0,1.0,0.0
X1_vs_X2,protected_blind,TabPFN,break_even,Hispanic vs Caucasian,equalized_odds,p_holm,0.818331794010394,0.818331794010394,0.0
X1_vs_X2,protected_blind,TabPFN,break_even,Hispanic vs Caucasian,fnr,gap,0.0379924953095684,0.0379924953095684,0.0
X1_vs_X2,protected_blind,TabPFN,break_even,Hispanic vs Caucasian,fnr,minimum_delta,0.1420123919800099,0.1420123919800099,0.0
X1_vs_X2,protected_blind,TabPFN,break_even,Hispanic vs Caucasian,fnr,p_holm,0.5163621732615542,0.5163621732615542,0.0
X1_vs_X2,protected_blind,TabPFN,break_even,Hispanic vs Caucasian,fpr,gap,0.0,0.0,0.0
X1_vs_X2,protected_blind,TabPFN,break_even,Hispanic vs Caucasian,fpr,minimum_delta,0.1018246037646638,0.1018246037646638,0.0
X1_vs_X2,protected_blind,TabPFN,break_even,Hispanic vs Caucasian,fpr,p_holm,1.0,1.0,0.0
X1_vs_X2,protected_blind,TabPFN,break_even,Hispanic vs Caucasian,statistical_parity,gap,-0.0161581137309292,-0.0161581137309292,0.0
X1_vs_X2,protected_blind,TabPFN,break_even,Hispanic vs Caucasian,statistical_parity,minimum_delta,0.0912163398398563,0.0912163398398563,0.0
X1_vs_X2,protected_blind,TabPFN,break_even,Hispanic vs Caucasian,statistical_parity,p_holm,0.7184061424378618,0.7184061424378618,0.0
X1_vs_X2,protected_blind,TabPFN,break_even,Other vs Caucasian,conditional_statistical_parity,p_holm,1.0,1.0,0.0
X1_vs_X2,protected_blind,TabPFN,break_even,Other vs Caucasian,equalized_odds,p_holm,0.0933105181137314,0.0933105181137314,0.0
X1_vs_X2,protected_blind,TabPFN,break_even,Other vs Caucasian,fnr,gap,-0.1158536585365853,-0.1158536585365853,0.0
X1_vs_X2,protected_blind,TabPFN,break_even,Other vs Caucasian,fnr,minimum_delta,0.1571648432669617,0.1571648432669617,0.0
X1_vs_X2,protected_blind,TabPFN,break_even,Other vs Caucasian,fnr,p_holm,0.2019971398775242,0.2019971398775242,0.0
X1_vs_X2,protected_blind,TabPFN,break_even,Other vs Caucasian,fpr,gap,0.0330668604651163,0.0330668604651163,0.0
X1_vs_X2,protected_blind,TabPFN,break_even,Other vs Caucasian,fpr,minimum_delta,0.1487148591145175,0.1487148591145175,0.0
X1_vs_X2,protected_blind,TabPFN,break_even,Other vs Caucasian,fpr,p_holm,1.0,1.0,0.0
X1_vs_X2,protected_blind,TabPFN,break_even,Other vs Caucasian,statistical_parity,gap,0.0622153209109731,0.0622153209109731,0.0
X1_vs_X2,protected_blind,TabPFN,break_even,Other vs Caucasian,statistical_parity,minimum_delta,0.1392846168180696,0.1392846168180696,0.0
X1_vs_X2,protected_blind,TabPFN,break_even,Other vs Caucasian,statistical_parity,p_holm,0.4594400622369383,0.4594400622369383,0.0
X1_vs_X2,race_aware,COMPAS tool,0.5,African-American vs Caucasian,conditional_statistical_parity,p_holm,0.009819619691678,0.009819619691678,0.0
X1_vs_X2,race_aware,COMPAS tool,0.5,African-American vs Caucasian,equalized_odds,p_holm,9.316832955230614e-11,9.316832955230614e-11,0.0
X1_vs_X2,race_aware,COMPAS tool,0.5,African-American vs Caucasian,fnr,gap,-0.2627627627627628,-0.2627627627627628,0.0
X1_vs_X2,race_aware,COMPAS tool,0.5,African-American vs Caucasian,fnr,minimum_delta,0.3376995651526174,0.3376995651526174,0.0
X1_vs_X2,race_aware,COMPAS tool,0.5,African-American vs Caucasian,fnr,p_holm,1.5847951579904764e-08,1.5847951579904764e-08,0.0
X1_vs_X2,race_aware,COMPAS tool,0.5,African-American vs Caucasian,fpr,gap,0.1568172442244224,0.1568172442244224,0.0
X1_vs_X2,race_aware,COMPAS tool,0.5,African-American vs Caucasian,fpr,minimum_delta,0.2220423235823667,0.2220423235823667,0.0
X1_vs_X2,race_aware,COMPAS tool,0.5,African-American vs Caucasian,fpr,p_holm,0.0004329808176416,0.0004329808176416,0.0
X1_vs_X2,race_aware,COMPAS tool,0.5,African-American vs Caucasian,statistical_parity,gap,0.2434860736747529,0.2434860736747529,0.0
X1_vs_X2,race_aware,COMPAS tool,0.5,African-American vs Caucasian,statistical_parity,minimum_delta,0.2935240616572558,0.2935240616572558,0.0
X1_vs_X2,race_aware,COMPAS tool,0.5,African-American vs Caucasian,statistical_parity,p_holm,3.814479626008962e-14,3.814479626008962e-14,0.0
X1_vs_X2,race_aware,COMPAS tool,0.5,Female vs Male,conditional_statistical_parity,p_holm,0.7918417483537296,0.7918417483537296,0.0
X1_vs_X2,race_aware,COMPAS tool,0.5,Female vs Male,equalized_odds,p_holm,0.8910685887872078,0.8910685887872078,0.0
X1_vs_X2,race_aware,COMPAS tool,0.5,Female vs Male,fnr,gap,-0.0471636546184738,-0.0471636546184738,0.0
X1_vs_X2,race_aware,COMPAS tool,0.5,Female vs Male,fnr,minimum_delta,0.1384832300003962,0.1384832300003962,0.0
X1_vs_X2,race_aware,COMPAS tool,0.5,Female vs Male,fnr,p_holm,1.0,1.0,0.0
X1_vs_X2,race_aware,COMPAS tool,0.5,Female vs Male,fpr,gap,0.0031015240685894,0.0031015240685894,0.0
X1_vs_X2,race_aware,COMPAS tool,0.5,Female vs Male,fpr,minimum_delta,0.0739468522735205,0.0739468522735205,0.0
X1_vs_X2,race_aware,COMPAS tool,0.5,Female vs Male,fpr,p_holm,0.9424317521274836,0.9424317521274836,0.0
X1_vs_X2,race_aware,COMPAS tool,0.5,Female vs Male,statistical_parity,gap,-0.0218115218115217,-0.0218115218115217,0.0
X1_vs_X2,race_aware,COMPAS tool,0.5,Female vs Male,statistical_parity,minimum_delta,0.0812994155554227,0.0812994155554227,0.0
X1_vs_X2,race_aware,COMPAS tool,0.5,Female vs Male,statistical_parity,p_holm,0.5470874224782923,0.5470874224782923,0.0
X1_vs_X2,race_aware,COMPAS tool,0.5,Hispanic vs Caucasian,conditional_statistical_parity,p_holm,0.7918417483537296,0.7918417483537296,0.0
X1_vs_X2,race_aware,COMPAS tool,0.5,Hispanic vs Caucasian,equalized_odds,p_holm,0.8910685887872078,0.8910685887872078,0.0
X1_vs_X2,race_aware,COMPAS tool,0.5,Hispanic vs Caucasian,fnr,gap,0.0641025641025641,0.0641025641025641,0.0
X1_vs_X2,race_aware,COMPAS tool,0.5,Hispanic vs Caucasian,fnr,minimum_delta,0.2103184531013468,0.2103184531013468,0.0
X1_vs_X2,race_aware,COMPAS tool,0.5,Hispanic vs Caucasian,fnr,p_holm,1.0,1.0,0.0
X1_vs_X2,race_aware,COMPAS tool,0.5,Hispanic vs Caucasian,fpr,gap,-0.0625,-0.0625,0.0
X1_vs_X2,race_aware,COMPAS tool,0.5,Hispanic vs Caucasian,fpr,minimum_delta,0.1571382751987945,0.1571382751987945,0.0
X1_vs_X2,race_aware,COMPAS tool,0.5,Hispanic vs Caucasian,fpr,p_holm,0.6073865813925219,0.6073865813925219,0.0
X1_vs_X2,race_aware,COMPAS tool,0.5,Hispanic vs Caucasian,statistical_parity,gap,-0.065880721220527,-0.065880721220527,0.0
X1_vs_X2,race_aware,COMPAS tool,0.5,Hispanic vs Caucasian,statistical_parity,minimum_delta,0.1491028857063477,0.1491028857063477,0.0
X1_vs_X2,race_aware,COMPAS tool,0.5,Hispanic vs Caucasian,statistical_parity,p_holm,0.4145046178721787,0.4145046178721787,0.0
X1_vs_X2,race_aware,COMPAS tool,0.5,Other vs Caucasian,conditional_statistical_parity,p_holm,0.0541392026701654,0.0541392026701654,0.0
X1_vs_X2,race_aware,COMPAS tool,0.5,Other vs Caucasian,equalized_odds,p_holm,0.0184747920878291,0.0184747920878291,0.0
X1_vs_X2,race_aware,COMPAS tool,0.5,Other vs Caucasian,fnr,gap,0.0769230769230768,0.0769230769230768,0.0
X1_vs_X2,race_aware,COMPAS tool,0.5,Other vs Caucasian,fnr,minimum_delta,0.2495977393554651,0.2495977393554651,0.0
X1_vs_X2,race_aware,COMPAS tool,0.5,Other vs Caucasian,fnr,p_holm,1.0,1.0,0.0
X1_vs_X2,race_aware,COMPAS tool,0.5,Other vs Caucasian,fpr,gap,-0.1958575581395348,-0.1958575581395348,0.0
X1_vs_X2,race_aware,COMPAS tool,0.5,Other vs Caucasian,fpr,minimum_delta,0.274493305065666,0.274493305065666,0.0
X1_vs_X2,race_aware,COMPAS tool,0.5,Other vs Caucasian,fpr,p_holm,0.0156781578647862,0.0156781578647862,0.0
X1_vs_X2,race_aware,COMPAS tool,0.5,Other vs Caucasian,statistical_parity,gap,-0.1542443064182194,-0.1542443064182194,0.0
X1_vs_X2,race_aware,COMPAS tool,0.5,Other vs Caucasian,statistical_parity,minimum_delta,0.2428468089675734,0.2428468089675734,0.0
X1_vs_X2,race_aware,COMPAS tool,0.5,Other vs Caucasian,statistical_parity,p_holm,0.0357031647933105,0.0357031647933105,0.0
X1_vs_X2,race_aware,COMPAS tool,break_even,African-American vs Caucasian,conditional_statistical_parity,p_holm,0.009819619691678,0.009819619691678,0.0
X1_vs_X2,race_aware,COMPAS tool,break_even,African-American vs Caucasian,equalized_odds,p_holm,9.316832955230614e-11,9.316832955230614e-11,0.0
X1_vs_X2,race_aware,COMPAS tool,break_even,African-American vs Caucasian,fnr,gap,-0.2627627627627628,-0.2627627627627628,0.0
X1_vs_X2,race_aware,COMPAS tool,break_even,African-American vs Caucasian,fnr,minimum_delta,0.3376995651526174,0.3376995651526174,0.0
X1_vs_X2,race_aware,COMPAS tool,break_even,African-American vs Caucasian,fnr,p_holm,1.5847951579904764e-08,1.5847951579904764e-08,0.0
X1_vs_X2,race_aware,COMPAS tool,break_even,African-American vs Caucasian,fpr,gap,0.1568172442244224,0.1568172442244224,0.0
X1_vs_X2,race_aware,COMPAS tool,break_even,African-American vs Caucasian,fpr,minimum_delta,0.2220423235823667,0.2220423235823667,0.0
X1_vs_X2,race_aware,COMPAS tool,break_even,African-American vs Caucasian,fpr,p_holm,0.0004329808176416,0.0004329808176416,0.0
X1_vs_X2,race_aware,COMPAS tool,break_even,African-American vs Caucasian,statistical_parity,gap,0.2434860736747529,0.2434860736747529,0.0
X1_vs_X2,race_aware,COMPAS tool,break_even,African-American vs Caucasian,statistical_parity,minimum_delta,0.2935240616572558,0.2935240616572558,0.0
X1_vs_X2,race_aware,COMPAS tool,break_even,African-American vs Caucasian,statistical_parity,p_holm,3.814479626008962e-14,3.814479626008962e-14,0.0
X1_vs_X2,race_aware,COMPAS tool,break_even,Female vs Male,conditional_statistical_parity,p_holm,0.7918417483537296,0.7918417483537296,0.0
X1_vs_X2,race_aware,COMPAS tool,break_even,Female vs Male,equalized_odds,p_holm,0.8910685887872078,0.8910685887872078,0.0
X1_vs_X2,race_aware,COMPAS tool,break_even,Female vs Male,fnr,gap,-0.0471636546184738,-0.0471636546184738,0.0
X1_vs_X2,race_aware,COMPAS tool,break_even,Female vs Male,fnr,minimum_delta,0.1384832300003962,0.1384832300003962,0.0
X1_vs_X2,race_aware,COMPAS tool,break_even,Female vs Male,fnr,p_holm,1.0,1.0,0.0
X1_vs_X2,race_aware,COMPAS tool,break_even,Female vs Male,fpr,gap,0.0031015240685894,0.0031015240685894,0.0
X1_vs_X2,race_aware,COMPAS tool,break_even,Female vs Male,fpr,minimum_delta,0.0739468522735205,0.0739468522735205,0.0
X1_vs_X2,race_aware,COMPAS tool,break_even,Female vs Male,fpr,p_holm,0.9424317521274836,0.9424317521274836,0.0
X1_vs_X2,race_aware,COMPAS tool,break_even,Female vs Male,statistical_parity,gap,-0.0218115218115217,-0.0218115218115217,0.0
X1_vs_X2,race_aware,COMPAS tool,break_even,Female vs Male,statistical_parity,minimum_delta,0.0812994155554227,0.0812994155554227,0.0
X1_vs_X2,race_aware,COMPAS tool,break_even,Female vs Male,statistical_parity,p_holm,0.5470874224782923,0.5470874224782923,0.0
X1_vs_X2,race_aware,COMPAS tool,break_even,Hispanic vs Caucasian,conditional_statistical_parity,p_holm,0.7918417483537296,0.7918417483537296,0.0
X1_vs_X2,race_aware,COMPAS tool,break_even,Hispanic vs Caucasian,equalized_odds,p_holm,0.8910685887872078,0.8910685887872078,0.0
X1_vs_X2,race_aware,COMPAS tool,break_even,Hispanic vs Caucasian,fnr,gap,0.0641025641025641,0.0641025641025641,0.0
X1_vs_X2,race_aware,COMPAS tool,break_even,Hispanic vs Caucasian,fnr,minimum_delta,0.2103184531013468,0.2103184531013468,0.0
X1_vs_X2,race_aware,COMPAS tool,break_even,Hispanic vs Caucasian,fnr,p_holm,1.0,1.0,0.0
X1_vs_X2,race_aware,COMPAS tool,break_even,Hispanic vs Caucasian,fpr,gap,-0.0625,-0.0625,0.0
X1_vs_X2,race_aware,COMPAS tool,break_even,Hispanic vs Caucasian,fpr,minimum_delta,0.1571382751987945,0.1571382751987945,0.0
X1_vs_X2,race_aware,COMPAS tool,break_even,Hispanic vs Caucasian,fpr,p_holm,0.6073865813925219,0.6073865813925219,0.0
X1_vs_X2,race_aware,COMPAS tool,break_even,Hispanic vs Caucasian,statistical_parity,gap,-0.065880721220527,-0.065880721220527,0.0
X1_vs_X2,race_aware,COMPAS tool,break_even,Hispanic vs Caucasian,statistical_parity,minimum_delta,0.1491028857063477,0.1491028857063477,0.0
X1_vs_X2,race_aware,COMPAS tool,break_even,Hispanic vs Caucasian,statistical_parity,p_holm,0.4145046178721787,0.4145046178721787,0.0
X1_vs_X2,race_aware,COMPAS tool,break_even,Other vs Caucasian,conditional_statistical_parity,p_holm,0.0541392026701654,0.0541392026701654,0.0
X1_vs_X2,race_aware,COMPAS tool,break_even,Other vs Caucasian,equalized_odds,p_holm,0.0184747920878291,0.0184747920878291,0.0
X1_vs_X2,race_aware,COMPAS tool,break_even,Other vs Caucasian,fnr,gap,0.0769230769230768,0.0769230769230768,0.0
X1_vs_X2,race_aware,COMPAS tool,break_even,Other vs Caucasian,fnr,minimum_delta,0.2495977393554651,0.2495977393554651,0.0
X1_vs_X2,race_aware,COMPAS tool,break_even,Other vs Caucasian,fnr,p_holm,1.0,1.0,0.0
X1_vs_X2,race_aware,COMPAS tool,break_even,Other vs Caucasian,fpr,gap,-0.1958575581395348,-0.1958575581395348,0.0
X1_vs_X2,race_aware,COMPAS tool,break_even,Other vs Caucasian,fpr,minimum_delta,0.274493305065666,0.274493305065666,0.0
X1_vs_X2,race_aware,COMPAS tool,break_even,Other vs Caucasian,fpr,p_holm,0.0156781578647862,0.0156781578647862,0.0
X1_vs_X2,race_aware,COMPAS tool,break_even,Other vs Caucasian,statistical_parity,gap,-0.1542443064182194,-0.1542443064182194,0.0
X1_vs_X2,race_aware,COMPAS tool,break_even,Other vs Caucasian,statistical_parity,minimum_delta,0.2428468089675734,0.2428468089675734,0.0
X1_vs_X2,race_aware,COMPAS tool,break_even,Other vs Caucasian,statistical_parity,p_holm,0.0357031647933105,0.0357031647933105,0.0
X1_vs_X2,race_aware,TabPFN,0.5,African-American vs Caucasian,conditional_statistical_parity,p_holm,0.2644050718958664,0.0028947626190247,-0.26151030927684166
X1_vs_X2,race_aware,TabPFN,0.5,African-American vs Caucasian,equalized_odds,p_holm,2.021353543498492e-09,7.652228625042949e-12,-2.013701314873449e-09
X1_vs_X2,race_aware,TabPFN,0.5,African-American vs Caucasian,fnr,gap,-0.2672306452794257,-0.2827949901120632,-0.015564344832637522
X1_vs_X2,race_aware,TabPFN,0.5,African-American vs Caucasian,fnr,minimum_delta,0.3432978113302235,0.3582960508881954,0.01499823955797186
X1_vs_X2,race_aware,TabPFN,0.5,African-American vs Caucasian,fnr,p_holm,5.437619314853197e-08,9.758381714698802e-09,-4.461781143383316e-08
X1_vs_X2,race_aware,TabPFN,0.5,African-American vs Caucasian,fpr,gap,0.1244843234323432,0.1554635932343234,0.030979269801980208
X1_vs_X2,race_aware,TabPFN,0.5,African-American vs Caucasian,fpr,minimum_delta,0.1863853562354578,0.2141352859902238,0.027749929754766006
X1_vs_X2,race_aware,TabPFN,0.5,African-American vs Caucasian,fpr,p_holm,0.004710276260867,9.913789535240808e-05,-0.004611138365514592
X1_vs_X2,race_aware,TabPFN,0.5,African-American vs Caucasian,statistical_parity,gap,0.2236747529200359,0.2484725965858041,0.024797843665768177
X1_vs_X2,race_aware,TabPFN,0.5,African-American vs Caucasian,statistical_parity,minimum_delta,0.2726084083296785,0.2960083746106486,0.02339996628097013
X1_vs_X2,race_aware,TabPFN,0.5,African-American vs Caucasian,statistical_parity,p_holm,2.482156645955103e-12,2.499827649520134e-15,-2.479656818305583e-12
X1_vs_X2,race_aware,TabPFN,0.5,Female vs Male,conditional_statistical_parity,p_holm,9.696516783846607e-09,4.1722768519873904e-05,4.171307200309006e-05
X1_vs_X2,race_aware,TabPFN,0.5,Female vs Male,equalized_odds,p_holm,7.208184315501604e-05,8.709102724653352e-05,1.500918409151748e-05
X1_vs_X2,race_aware,TabPFN,0.5,Female vs Male,fnr,gap,0.2510542168674698,0.2376506024096386,-0.013403614457831226
X1_vs_X2,race_aware,TabPFN,0.5,Female vs Male,fnr,minimum_delta,0.3453441608220966,0.3308867905232013,-0.014457370298895322
X1_vs_X2,race_aware,TabPFN,0.5,Female vs Male,fnr,p_holm,5.7916818049929634e-05,0.0001812909350844,0.00012337411703447035
X1_vs_X2,race_aware,TabPFN,0.5,Female vs Male,fpr,gap,-0.0710935414574621,-0.0820378538470338,-0.010944312389571692
X1_vs_X2,race_aware,TabPFN,0.5,Female vs Male,fpr,minimum_delta,0.1341238958561736,0.1407941403450404,0.0066702444888668
X1_vs_X2,race_aware,TabPFN,0.5,Female vs Male,fpr,p_holm,0.2389245451503637,0.10407548083938,-0.1348490643109837
X1_vs_X2,race_aware,TabPFN,0.5,Female vs Male,statistical_parity,gap,-0.1768786768786768,-0.1780996780996781,-0.0012210012210013
X1_vs_X2,race_aware,TabPFN,0.5,Female vs Male,statistical_parity,minimum_delta,0.2307105768313997,0.2298758451652733,-0.0008347316661264093
X1_vs_X2,race_aware,TabPFN,0.5,Female vs Male,statistical_parity,p_holm,2.0700961305022016e-06,1.1452977870449982e-06,-9.247983434572034e-07
X1_vs_X2,race_aware,TabPFN,0.5,Hispanic vs Caucasian,conditional_statistical_parity,p_holm,0.3434581726772115,0.9734496132680523,0.6299914405908409
X1_vs_X2,race_aware,TabPFN,0.5,Hispanic vs Caucasian,equalized_odds,p_holm,0.1981581701442874,0.6743030020459714,0.476144831901684
X1_vs_X2,race_aware,TabPFN,0.5,Hispanic vs Caucasian,fnr,gap,-0.1103814884302689,-0.0187617260787992,0.09161976235146971
X1_vs_X2,race_aware,TabPFN,0.5,Hispanic vs Caucasian,fnr,minimum_delta,0.2569993807523887,0.1617127362660705,-0.09528664448631821
X1_vs_X2,race_aware,TabPFN,0.5,Hispanic vs Caucasian,fnr,p_holm,0.2098852468833574,0.827279284010141,0.6173940371267835
X1_vs_X2,race_aware,TabPFN,0.5,Hispanic vs Caucasian,fpr,gap,-0.09375,-0.04296875,0.05078125
X1_vs_X2,race_aware,TabPFN,0.5,Hispanic vs Caucasian,fpr,minimum_delta,0.174170793875963,0.1213041844304514,-0.05286660944551158
X1_vs_X2,race_aware,TabPFN,0.5,Hispanic vs Caucasian,fpr,p_holm,0.2389245451503637,0.7858214259167358,0.5468968807663721
X1_vs_X2,race_aware,TabPFN,0.5,Hispanic vs Caucasian,statistical_parity,gap,-0.0186315302820157,-0.0219371243643088,-0.0033055940822931014
X1_vs_X2,race_aware,TabPFN,0.5,Hispanic vs Caucasian,statistical_parity,minimum_delta,0.0995662448119587,0.0978884418320139,-0.0016778029799448119
X1_vs_X2,race_aware,TabPFN,0.5,Hispanic vs Caucasian,statistical_parity,p_holm,1.0,1.0,0.0
X1_vs_X2,race_aware,TabPFN,0.5,Other vs Caucasian,conditional_statistical_parity,p_holm,0.810095272032739,0.9734496132680523,0.16335434123531334
X1_vs_X2,race_aware,TabPFN,0.5,Other vs Caucasian,equalized_odds,p_holm,0.1981581701442874,0.5871325471290731,0.38897437698478576
X1_vs_X2,race_aware,TabPFN,0.5,Other vs Caucasian,fnr,gap,-0.174484052532833,-0.1341463414634146,0.040337711069418414
X1_vs_X2,race_aware,TabPFN,0.5,Other vs Caucasian,fnr,minimum_delta,0.3466989099919811,0.3077509769585251,-0.038947933033456006
X1_vs_X2,race_aware,TabPFN,0.5,Other vs Caucasian,fnr,p_holm,0.1892778230442143,0.3827642251155632,0.19348640207134887
X1_vs_X2,race_aware,TabPFN,0.5,Other vs Caucasian,fpr,gap,-0.0559593023255813,-0.0516896802325581,0.004269622093023201
X1_vs_X2,race_aware,TabPFN,0.5,Other vs Caucasian,fpr,minimum_delta,0.15816752199285,0.1410893343028861,-0.017078187689963914
X1_vs_X2,race_aware,TabPFN,0.5,Other vs Caucasian,fpr,p_holm,0.4050709937672606,0.7858214259167358,0.3807504321494752
X1_vs_X2,race_aware,TabPFN,0.5,Other vs Caucasian,statistical_parity,gap,0.0283643892339544,0.015631469979296,-0.0127329192546584
X1_vs_X2,race_aware,TabPFN,0.5,Other vs Caucasian,statistical_parity,minimum_delta,0.1277678584333626,0.1093663799600723,-0.01840147847329031
X1_vs_X2,race_aware,TabPFN,0.5,Other vs Caucasian,statistical_parity,p_holm,1.0,1.0,0.0
X1_vs_X2,race_aware,TabPFN,break_even,African-American vs Caucasian,conditional_statistical_parity,p_holm,1.3439727965512804e-14,2.7726145341856824e-13,2.6382172545305543e-13
X1_vs_X2,race_aware,TabPFN,break_even,African-American vs Caucasian,equalized_odds,p_holm,3.2674609194004273e-15,0.0003995535790854,0.00039955357908213253
X1_vs_X2,race_aware,TabPFN,break_even,African-American vs Caucasian,fnr,gap,-0.1505346810224859,-0.0773639493151688,0.07317073170731711
X1_vs_X2,race_aware,TabPFN,break_even,African-American vs Caucasian,fnr,minimum_delta,0.20935081896513,0.1293808159117682,-0.0799700030533618
X1_vs_X2,race_aware,TabPFN,break_even,African-American vs Caucasian,fnr,p_holm,7.170655732481544e-06,0.0210524308457354,0.021045260190002916
X1_vs_X2,race_aware,TabPFN,break_even,African-American vs Caucasian,fpr,gap,0.2764542079207921,0.1241104579207921,-0.15234375
X1_vs_X2,race_aware,TabPFN,break_even,African-American vs Caucasian,fpr,minimum_delta,0.3406710539073655,0.1859750082853592,-0.1546960456220063
X1_vs_X2,race_aware,TabPFN,break_even,African-American vs Caucasian,fpr,p_holm,2.050288267506635e-11,0.0027628138680566,0.002762813847553717
X1_vs_X2,race_aware,TabPFN,break_even,African-American vs Caucasian,statistical_parity,gap,0.2449685534591195,0.123539982030548,-0.1214285714285715
X1_vs_X2,race_aware,TabPFN,break_even,African-American vs Caucasian,statistical_parity,minimum_delta,0.2900628718364106,0.1654387772049601,-0.1246240946314505
X1_vs_X2,race_aware,TabPFN,break_even,African-American vs Caucasian,statistical_parity,p_holm,1.752898709443911e-19,1.4407660675946657e-06,1.4407660675944904e-06
X1_vs_X2,race_aware,TabPFN,break_even,Female vs Male,conditional_statistical_parity,p_holm,5.369103603284146e-05,2.2171448173416884e-24,-5.369103603284146e-05
X1_vs_X2,race_aware,TabPFN,break_even,Female vs Male,equalized_odds,p_holm,0.0060457530089247,2.203426287803013e-07,-0.00604553266629592
X1_vs_X2,race_aware,TabPFN,break_even,Female vs Male,fnr,gap,0.13054718875502,0.1659638554216867,0.03541666666666671
X1_vs_X2,race_aware,TabPFN,break_even,Female vs Male,fnr,minimum_delta,0.2114001726052434,0.245801522923411,0.0344013503181676
X1_vs_X2,race_aware,TabPFN,break_even,Female vs Male,fnr,p_holm,0.0032372465232,1.235904605997761e-05,-0.0032248874771400224
X1_vs_X2,race_aware,TabPFN,break_even,Female vs Male,fpr,gap,-0.0802710020210751,-0.1724015202552402,-0.0921305182341651
X1_vs_X2,race_aware,TabPFN,break_even,Female vs Male,fpr,minimum_delta,0.1548497754349748,0.2456660826878256,0.09081630725285081
X1_vs_X2,race_aware,TabPFN,break_even,Female vs Male,fpr,p_holm,0.2119741684831649,0.0001581680290945,-0.2118160004540704
X1_vs_X2,race_aware,TabPFN,break_even,Female vs Male,statistical_parity,gap,-0.1272061272061271,-0.192141192141192,-0.0649350649350649
X1_vs_X2,race_aware,TabPFN,break_even,Female vs Male,statistical_parity,minimum_delta,0.1833003246049611,0.2472850879949459,0.0639847633899848
X1_vs_X2,race_aware,TabPFN,break_even,Female vs Male,statistical_parity,p_holm,0.0001784798263642,1.9364942939850126e-10,-0.0001784796327147706
X1_vs_X2,race_aware,TabPFN,break_even,Hispanic vs Caucasian,conditional_statistical_parity,p_holm,0.7405936838593962,0.0010278747188631,-0.739565809140533
X1_vs_X2,race_aware,TabPFN,break_even,Hispanic vs Caucasian,equalized_odds,p_holm,1.0,0.7529525456131896,-0.24704745438681042
X1_vs_X2,race_aware,TabPFN,break_even,Hispanic vs Caucasian,fnr,gap,-0.0461225766103814,-0.0242338961851157,0.0218886804252657
X1_vs_X2,race_aware,TabPFN,break_even,Hispanic vs Caucasian,fnr,minimum_delta,0.1611028717664923,0.1241184753198638,-0.0369843964466285
X1_vs_X2,race_aware,TabPFN,break_even,Hispanic vs Caucasian,fnr,p_holm,0.8171236763387604,0.7014953819049521,-0.11562829443380829
X1_vs_X2,race_aware,TabPFN,break_even,Hispanic vs Caucasian,fpr,gap,0.015625,-0.04296875,-0.05859375
X1_vs_X2,race_aware,TabPFN,break_even,Hispanic vs Caucasian,fpr,minimum_delta,0.1307069258728815,0.153980691972452,0.02327376609957052
X1_vs_X2,race_aware,TabPFN,break_even,Hispanic vs Caucasian,fpr,p_holm,1.0,0.5164943492339549,-0.4835056507660451
X1_vs_X2,race_aware,TabPFN,break_even,Hispanic vs Caucasian,statistical_parity,gap,0.0241100323624595,-0.0196486361534905,-0.04375866851595
X1_vs_X2,race_aware,TabPFN,break_even,Hispanic vs Caucasian,statistical_parity,minimum_delta,0.1112652698975187,0.1007784690206422,-0.010486800876876493
X1_vs_X2,race_aware,TabPFN,break_even,Hispanic vs Caucasian,statistical_parity,p_holm,1.0,0.9212832648167336,-0.07871673518326638
X1_vs_X2,race_aware,TabPFN,break_even,Other vs Caucasian,conditional_statistical_parity,p_holm,0.7600856797441,0.0012483675794105,-0.7588373121646895
X1_vs_X2,race_aware,TabPFN,break_even,Other vs Caucasian,equalized_odds,p_holm,1.0,0.1016721728290695,-0.8983278271709305
X1_vs_X2,race_aware,TabPFN,break_even,Other vs Caucasian,fnr,gap,-0.0717636022514071,-0.1139774859287054,-0.042213883677298294
X1_vs_X2,race_aware,TabPFN,break_even,Other vs Caucasian,fnr,minimum_delta,0.2005717200990286,0.1916896734738423,-0.008882046625186296
X1_vs_X2,race_aware,TabPFN,break_even,Other vs Caucasian,fnr,p_holm,0.8171236763387604,0.2323322122274475,-0.5847914641113129
X1_vs_X2,race_aware,TabPFN,break_even,Other vs Caucasian,fpr,gap,-0.0505087209302325,-0.1330850290697675,-0.08257630813953498
X1_vs_X2,race_aware,TabPFN,break_even,Other vs Caucasian,fpr,minimum_delta,0.1861831290137911,0.2676587906592714,0.08147566164548029
X1_vs_X2,race_aware,TabPFN,break_even,Other vs Caucasian,fpr,p_holm,1.0,0.181406161988496,-0.818593838011504
X1_vs_X2,race_aware,TabPFN,break_even,Other vs Caucasian,statistical_parity,gap,-0.0079710144927536,-0.0424430641821946,-0.034472049689441
X1_vs_X2,race_aware,TabPFN,break_even,Other vs Caucasian,statistical_parity,minimum_delta,0.1123914851050212,0.1403379175122739,0.027946432407252697
X1_vs_X2,race_aware,TabPFN,break_even,Other vs Caucasian,statistical_parity,p_holm,1.0,0.9212832648167336,-0.07871673518326638
X1_vs_X2,race_blind,COMPAS tool,0.5,African-American vs Caucasian,conditional_statistical_parity,p_holm,0.009819619691678,0.009819619691678,0.0
X1_vs_X2,race_blind,COMPAS tool,0.5,African-American vs Caucasian,equalized_odds,p_holm,9.316832955230614e-11,9.316832955230614e-11,0.0
X1_vs_X2,race_blind,COMPAS tool,0.5,African-American vs Caucasian,fnr,gap,-0.2627627627627628,-0.2627627627627628,0.0
X1_vs_X2,race_blind,COMPAS tool,0.5,African-American vs Caucasian,fnr,minimum_delta,0.3376995651526174,0.3376995651526174,0.0
X1_vs_X2,race_blind,COMPAS tool,0.5,African-American vs Caucasian,fnr,p_holm,1.5847951579904764e-08,1.5847951579904764e-08,0.0
X1_vs_X2,race_blind,COMPAS tool,0.5,African-American vs Caucasian,fpr,gap,0.1568172442244224,0.1568172442244224,0.0
X1_vs_X2,race_blind,COMPAS tool,0.5,African-American vs Caucasian,fpr,minimum_delta,0.2220423235823667,0.2220423235823667,0.0
X1_vs_X2,race_blind,COMPAS tool,0.5,African-American vs Caucasian,fpr,p_holm,0.0004329808176416,0.0004329808176416,0.0
X1_vs_X2,race_blind,COMPAS tool,0.5,African-American vs Caucasian,statistical_parity,gap,0.2434860736747529,0.2434860736747529,0.0
X1_vs_X2,race_blind,COMPAS tool,0.5,African-American vs Caucasian,statistical_parity,minimum_delta,0.2935240616572558,0.2935240616572558,0.0
X1_vs_X2,race_blind,COMPAS tool,0.5,African-American vs Caucasian,statistical_parity,p_holm,3.814479626008962e-14,3.814479626008962e-14,0.0
X1_vs_X2,race_blind,COMPAS tool,0.5,Female vs Male,conditional_statistical_parity,p_holm,0.7918417483537296,0.7918417483537296,0.0
X1_vs_X2,race_blind,COMPAS tool,0.5,Female vs Male,equalized_odds,p_holm,0.8910685887872078,0.8910685887872078,0.0
X1_vs_X2,race_blind,COMPAS tool,0.5,Female vs Male,fnr,gap,-0.0471636546184738,-0.0471636546184738,0.0
X1_vs_X2,race_blind,COMPAS tool,0.5,Female vs Male,fnr,minimum_delta,0.1384832300003962,0.1384832300003962,0.0
X1_vs_X2,race_blind,COMPAS tool,0.5,Female vs Male,fnr,p_holm,1.0,1.0,0.0
X1_vs_X2,race_blind,COMPAS tool,0.5,Female vs Male,fpr,gap,0.0031015240685894,0.0031015240685894,0.0
X1_vs_X2,race_blind,COMPAS tool,0.5,Female vs Male,fpr,minimum_delta,0.0739468522735205,0.0739468522735205,0.0
X1_vs_X2,race_blind,COMPAS tool,0.5,Female vs Male,fpr,p_holm,0.9424317521274836,0.9424317521274836,0.0
X1_vs_X2,race_blind,COMPAS tool,0.5,Female vs Male,statistical_parity,gap,-0.0218115218115217,-0.0218115218115217,0.0
X1_vs_X2,race_blind,COMPAS tool,0.5,Female vs Male,statistical_parity,minimum_delta,0.0812994155554227,0.0812994155554227,0.0
X1_vs_X2,race_blind,COMPAS tool,0.5,Female vs Male,statistical_parity,p_holm,0.5470874224782923,0.5470874224782923,0.0
X1_vs_X2,race_blind,COMPAS tool,0.5,Hispanic vs Caucasian,conditional_statistical_parity,p_holm,0.7918417483537296,0.7918417483537296,0.0
X1_vs_X2,race_blind,COMPAS tool,0.5,Hispanic vs Caucasian,equalized_odds,p_holm,0.8910685887872078,0.8910685887872078,0.0
X1_vs_X2,race_blind,COMPAS tool,0.5,Hispanic vs Caucasian,fnr,gap,0.0641025641025641,0.0641025641025641,0.0
X1_vs_X2,race_blind,COMPAS tool,0.5,Hispanic vs Caucasian,fnr,minimum_delta,0.2103184531013468,0.2103184531013468,0.0
X1_vs_X2,race_blind,COMPAS tool,0.5,Hispanic vs Caucasian,fnr,p_holm,1.0,1.0,0.0
X1_vs_X2,race_blind,COMPAS tool,0.5,Hispanic vs Caucasian,fpr,gap,-0.0625,-0.0625,0.0
X1_vs_X2,race_blind,COMPAS tool,0.5,Hispanic vs Caucasian,fpr,minimum_delta,0.1571382751987945,0.1571382751987945,0.0
X1_vs_X2,race_blind,COMPAS tool,0.5,Hispanic vs Caucasian,fpr,p_holm,0.6073865813925219,0.6073865813925219,0.0
X1_vs_X2,race_blind,COMPAS tool,0.5,Hispanic vs Caucasian,statistical_parity,gap,-0.065880721220527,-0.065880721220527,0.0
X1_vs_X2,race_blind,COMPAS tool,0.5,Hispanic vs Caucasian,statistical_parity,minimum_delta,0.1491028857063477,0.1491028857063477,0.0
X1_vs_X2,race_blind,COMPAS tool,0.5,Hispanic vs Caucasian,statistical_parity,p_holm,0.4145046178721787,0.4145046178721787,0.0
X1_vs_X2,race_blind,COMPAS tool,0.5,Other vs Caucasian,conditional_statistical_parity,p_holm,0.0541392026701654,0.0541392026701654,0.0
X1_vs_X2,race_blind,COMPAS tool,0.5,Other vs Caucasian,equalized_odds,p_holm,0.0184747920878291,0.0184747920878291,0.0
X1_vs_X2,race_blind,COMPAS tool,0.5,Other vs Caucasian,fnr,gap,0.0769230769230768,0.0769230769230768,0.0
X1_vs_X2,race_blind,COMPAS tool,0.5,Other vs Caucasian,fnr,minimum_delta,0.2495977393554651,0.2495977393554651,0.0
X1_vs_X2,race_blind,COMPAS tool,0.5,Other vs Caucasian,fnr,p_holm,1.0,1.0,0.0
X1_vs_X2,race_blind,COMPAS tool,0.5,Other vs Caucasian,fpr,gap,-0.1958575581395348,-0.1958575581395348,0.0
X1_vs_X2,race_blind,COMPAS tool,0.5,Other vs Caucasian,fpr,minimum_delta,0.274493305065666,0.274493305065666,0.0
X1_vs_X2,race_blind,COMPAS tool,0.5,Other vs Caucasian,fpr,p_holm,0.0156781578647862,0.0156781578647862,0.0
X1_vs_X2,race_blind,COMPAS tool,0.5,Other vs Caucasian,statistical_parity,gap,-0.1542443064182194,-0.1542443064182194,0.0
X1_vs_X2,race_blind,COMPAS tool,0.5,Other vs Caucasian,statistical_parity,minimum_delta,0.2428468089675734,0.2428468089675734,0.0
X1_vs_X2,race_blind,COMPAS tool,0.5,Other vs Caucasian,statistical_parity,p_holm,0.0357031647933105,0.0357031647933105,0.0
X1_vs_X2,race_blind,COMPAS tool,break_even,African-American vs Caucasian,conditional_statistical_parity,p_holm,0.009819619691678,0.009819619691678,0.0
X1_vs_X2,race_blind,COMPAS tool,break_even,African-American vs Caucasian,equalized_odds,p_holm,9.316832955230614e-11,9.316832955230614e-11,0.0
X1_vs_X2,race_blind,COMPAS tool,break_even,African-American vs Caucasian,fnr,gap,-0.2627627627627628,-0.2627627627627628,0.0
X1_vs_X2,race_blind,COMPAS tool,break_even,African-American vs Caucasian,fnr,minimum_delta,0.3376995651526174,0.3376995651526174,0.0
X1_vs_X2,race_blind,COMPAS tool,break_even,African-American vs Caucasian,fnr,p_holm,1.5847951579904764e-08,1.5847951579904764e-08,0.0
X1_vs_X2,race_blind,COMPAS tool,break_even,African-American vs Caucasian,fpr,gap,0.1568172442244224,0.1568172442244224,0.0
X1_vs_X2,race_blind,COMPAS tool,break_even,African-American vs Caucasian,fpr,minimum_delta,0.2220423235823667,0.2220423235823667,0.0
X1_vs_X2,race_blind,COMPAS tool,break_even,African-American vs Caucasian,fpr,p_holm,0.0004329808176416,0.0004329808176416,0.0
X1_vs_X2,race_blind,COMPAS tool,break_even,African-American vs Caucasian,statistical_parity,gap,0.2434860736747529,0.2434860736747529,0.0
X1_vs_X2,race_blind,COMPAS tool,break_even,African-American vs Caucasian,statistical_parity,minimum_delta,0.2935240616572558,0.2935240616572558,0.0
X1_vs_X2,race_blind,COMPAS tool,break_even,African-American vs Caucasian,statistical_parity,p_holm,3.814479626008962e-14,3.814479626008962e-14,0.0
X1_vs_X2,race_blind,COMPAS tool,break_even,Female vs Male,conditional_statistical_parity,p_holm,0.7918417483537296,0.7918417483537296,0.0
X1_vs_X2,race_blind,COMPAS tool,break_even,Female vs Male,equalized_odds,p_holm,0.8910685887872078,0.8910685887872078,0.0
X1_vs_X2,race_blind,COMPAS tool,break_even,Female vs Male,fnr,gap,-0.0471636546184738,-0.0471636546184738,0.0
X1_vs_X2,race_blind,COMPAS tool,break_even,Female vs Male,fnr,minimum_delta,0.1384832300003962,0.1384832300003962,0.0
X1_vs_X2,race_blind,COMPAS tool,break_even,Female vs Male,fnr,p_holm,1.0,1.0,0.0
X1_vs_X2,race_blind,COMPAS tool,break_even,Female vs Male,fpr,gap,0.0031015240685894,0.0031015240685894,0.0
X1_vs_X2,race_blind,COMPAS tool,break_even,Female vs Male,fpr,minimum_delta,0.0739468522735205,0.0739468522735205,0.0
X1_vs_X2,race_blind,COMPAS tool,break_even,Female vs Male,fpr,p_holm,0.9424317521274836,0.9424317521274836,0.0
X1_vs_X2,race_blind,COMPAS tool,break_even,Female vs Male,statistical_parity,gap,-0.0218115218115217,-0.0218115218115217,0.0
X1_vs_X2,race_blind,COMPAS tool,break_even,Female vs Male,statistical_parity,minimum_delta,0.0812994155554227,0.0812994155554227,0.0
X1_vs_X2,race_blind,COMPAS tool,break_even,Female vs Male,statistical_parity,p_holm,0.5470874224782923,0.5470874224782923,0.0
X1_vs_X2,race_blind,COMPAS tool,break_even,Hispanic vs Caucasian,conditional_statistical_parity,p_holm,0.7918417483537296,0.7918417483537296,0.0
X1_vs_X2,race_blind,COMPAS tool,break_even,Hispanic vs Caucasian,equalized_odds,p_holm,0.8910685887872078,0.8910685887872078,0.0
X1_vs_X2,race_blind,COMPAS tool,break_even,Hispanic vs Caucasian,fnr,gap,0.0641025641025641,0.0641025641025641,0.0
X1_vs_X2,race_blind,COMPAS tool,break_even,Hispanic vs Caucasian,fnr,minimum_delta,0.2103184531013468,0.2103184531013468,0.0
X1_vs_X2,race_blind,COMPAS tool,break_even,Hispanic vs Caucasian,fnr,p_holm,1.0,1.0,0.0
X1_vs_X2,race_blind,COMPAS tool,break_even,Hispanic vs Caucasian,fpr,gap,-0.0625,-0.0625,0.0
X1_vs_X2,race_blind,COMPAS tool,break_even,Hispanic vs Caucasian,fpr,minimum_delta,0.1571382751987945,0.1571382751987945,0.0
X1_vs_X2,race_blind,COMPAS tool,break_even,Hispanic vs Caucasian,fpr,p_holm,0.6073865813925219,0.6073865813925219,0.0
X1_vs_X2,race_blind,COMPAS tool,break_even,Hispanic vs Caucasian,statistical_parity,gap,-0.065880721220527,-0.065880721220527,0.0
X1_vs_X2,race_blind,COMPAS tool,break_even,Hispanic vs Caucasian,statistical_parity,minimum_delta,0.1491028857063477,0.1491028857063477,0.0
X1_vs_X2,race_blind,COMPAS tool,break_even,Hispanic vs Caucasian,statistical_parity,p_holm,0.4145046178721787,0.4145046178721787,0.0
X1_vs_X2,race_blind,COMPAS tool,break_even,Other vs Caucasian,conditional_statistical_parity,p_holm,0.0541392026701654,0.0541392026701654,0.0
X1_vs_X2,race_blind,COMPAS tool,break_even,Other vs Caucasian,equalized_odds,p_holm,0.0184747920878291,0.0184747920878291,0.0
X1_vs_X2,race_blind,COMPAS tool,break_even,Other vs Caucasian,fnr,gap,0.0769230769230768,0.0769230769230768,0.0
X1_vs_X2,race_blind,COMPAS tool,break_even,Other vs Caucasian,fnr,minimum_delta,0.2495977393554651,0.2495977393554651,0.0
X1_vs_X2,race_blind,COMPAS tool,break_even,Other vs Caucasian,fnr,p_holm,1.0,1.0,0.0
X1_vs_X2,race_blind,COMPAS tool,break_even,Other vs Caucasian,fpr,gap,-0.1958575581395348,-0.1958575581395348,0.0
X1_vs_X2,race_blind,COMPAS tool,break_even,Other vs Caucasian,fpr,minimum_delta,0.274493305065666,0.274493305065666,0.0
X1_vs_X2,race_blind,COMPAS tool,break_even,Other vs Caucasian,fpr,p_holm,0.0156781578647862,0.0156781578647862,0.0
X1_vs_X2,race_blind,COMPAS tool,break_even,Other vs Caucasian,statistical_parity,gap,-0.1542443064182194,-0.1542443064182194,0.0
X1_vs_X2,race_blind,COMPAS tool,break_even,Other vs Caucasian,statistical_parity,minimum_delta,0.2428468089675734,0.2428468089675734,0.0
X1_vs_X2,race_blind,COMPAS tool,break_even,Other vs Caucasian,statistical_parity,p_holm,0.0357031647933105,0.0357031647933105,0.0
X1_vs_X2,race_blind,TabPFN,0.5,African-American vs Caucasian,conditional_statistical_parity,p_holm,0.6931881856618881,0.1741497851970848,-0.5190384004648033
X1_vs_X2,race_blind,TabPFN,0.5,African-American vs Caucasian,equalized_odds,p_holm,2.2785881351418807e-09,5.918190706868539e-09,3.6396025717266583e-09
X1_vs_X2,race_blind,TabPFN,0.5,African-American vs Caucasian,fnr,gap,-0.2733282062550355,-0.2524902951732219,0.020837911081813598
X1_vs_X2,race_blind,TabPFN,0.5,African-American vs Caucasian,fnr,minimum_delta,0.3492617070577615,0.328674839380114,-0.020586867677647502
X1_vs_X2,race_blind,TabPFN,0.5,African-American vs Caucasian,fnr,p_holm,2.5880078338231442e-08,4.064218892702607e-07,3.8054181093202926e-07
X1_vs_X2,race_blind,TabPFN,0.5,African-American vs Caucasian,fpr,gap,0.1139774133663366,0.1272431930693069,0.013265779702970298
X1_vs_X2,race_blind,TabPFN,0.5,African-American vs Caucasian,fpr,minimum_delta,0.175912414273257,0.1861395717852575,0.010227157512000512
X1_vs_X2,race_blind,TabPFN,0.5,African-American vs Caucasian,fpr,p_holm,0.0116802165856545,0.0020992205875498,-0.009580995998104701
X1_vs_X2,race_blind,TabPFN,0.5,African-American vs Caucasian,statistical_parity,gap,0.2205300988319856,0.2200359389038634,-0.000494159928122212
X1_vs_X2,race_blind,TabPFN,0.5,African-American vs Caucasian,statistical_parity,minimum_delta,0.2694671988826371,0.2680327402414159,-0.0014344586412212146
X1_vs_X2,race_blind,TabPFN,0.5,African-American vs Caucasian,statistical_parity,p_holm,5.030407297988637e-12,3.039248850760327e-12,-1.99115844722831e-12
X1_vs_X2,race_blind,TabPFN,0.5,Female vs Male,conditional_statistical_parity,p_holm,1.3659593465350816e-06,4.2191913960728406e-16,-1.3659593461131624e-06
X1_vs_X2,race_blind,TabPFN,0.5,Female vs Male,equalized_odds,p_holm,0.0001673982852271,2.1415286325821936e-08,-0.00016737686994077418
X1_vs_X2,race_blind,TabPFN,0.5,Female vs Male,fnr,gap,0.2510542168674698,0.3045933734939758,0.05353915662650599
X1_vs_X2,race_blind,TabPFN,0.5,Female vs Male,fnr,minimum_delta,0.3453441608220966,0.3945178742762348,0.04917371345413818
X1_vs_X2,race_blind,TabPFN,0.5,Female vs Male,fnr,p_holm,5.7916818049929634e-05,7.848761308599877e-07,-5.713194191906965e-05
X1_vs_X2,race_blind,TabPFN,0.5,Female vs Male,fpr,gap,-0.0493066059920428,-0.120908594018126,-0.0716019880260832
X1_vs_X2,race_blind,TabPFN,0.5,Female vs Male,fpr,minimum_delta,0.1138948412466055,0.1761320090642976,0.062237167817692104
X1_vs_X2,race_blind,TabPFN,0.5,Female vs Male,fpr,p_holm,0.6774819796081223,0.0052982838239374,-0.6721836957841849
X1_vs_X2,race_blind,TabPFN,0.5,Female vs Male,statistical_parity,gap,-0.163059163059163,-0.2285492285492285,-0.0654900654900655
X1_vs_X2,race_blind,TabPFN,0.5,Female vs Male,statistical_parity,minimum_delta,0.2175264514791342,0.2778018952255366,0.060275443746402424
X1_vs_X2,race_blind,TabPFN,0.5,Female vs Male,statistical_parity,p_holm,1.4397938493312633e-05,2.2916472305629743e-10,-1.4397709328589577e-05
X1_vs_X2,race_blind,TabPFN,0.5,Hispanic vs Caucasian,conditional_statistical_parity,p_holm,0.8098123751271842,0.7007261510420673,-0.10908622408511692
X1_vs_X2,race_blind,TabPFN,0.5,Hispanic vs Caucasian,equalized_odds,p_holm,0.3007097308468442,0.3817327807510143,0.08102304990417009
X1_vs_X2,race_blind,TabPFN,0.5,Hispanic vs Caucasian,fnr,gap,-0.1421200750469042,-0.1286741713570982,0.013445903689806
X1_vs_X2,race_blind,TabPFN,0.5,Hispanic vs Caucasian,fnr,minimum_delta,0.2883538276239766,0.2750702253693444,-0.01328360225463221
X1_vs_X2,race_blind,TabPFN,0.5,Hispanic vs Caucasian,fnr,p_holm,0.1663062163577597,0.2729479888056055,0.10664177244784581
X1_vs_X2,race_blind,TabPFN,0.5,Hispanic vs Caucasian,fpr,gap,-0.05078125,-0.0546875,-0.00390625
X1_vs_X2,race_blind,TabPFN,0.5,Hispanic vs Caucasian,fpr,minimum_delta,0.1396191091214679,0.133539930690678,-0.006079178430789922
X1_vs_X2,race_blind,TabPFN,0.5,Hispanic vs Caucasian,fpr,p_holm,0.7488160906935251,0.592226009871518,-0.1565900808220071
X1_vs_X2,race_blind,TabPFN,0.5,Hispanic vs Caucasian,statistical_parity,gap,0.0202034211742949,0.0123208506703652,-0.0078825705039297
X1_vs_X2,race_blind,TabPFN,0.5,Hispanic vs Caucasian,statistical_parity,minimum_delta,0.1037367132349789,0.0926973610888937,-0.011039352146085202
X1_vs_X2,race_blind,TabPFN,0.5,Hispanic vs Caucasian,statistical_parity,p_holm,1.0,1.0,0.0
X1_vs_X2,race_blind,TabPFN,0.5,Other vs Caucasian,conditional_statistical_parity,p_holm,0.8098123751271842,0.8345685743609796,0.02475619923379546
X1_vs_X2,race_blind,TabPFN,0.5,Other vs Caucasian,equalized_odds,p_holm,0.3007097308468442,0.3817327807510143,0.08102304990417009
X1_vs_X2,race_blind,TabPFN,0.5,Other vs Caucasian,fnr,gap,-0.1805816135084427,-0.1543151969981238,0.026266416510318913
X1_vs_X2,race_blind,TabPFN,0.5,Other vs Caucasian,fnr,minimum_delta,0.3527371098758415,0.3276913798543621,-0.025045730021479418
X1_vs_X2,race_blind,TabPFN,0.5,Other vs Caucasian,fnr,p_holm,0.1663062163577597,0.2729479888056055,0.10664177244784581
X1_vs_X2,race_blind,TabPFN,0.5,Other vs Caucasian,fpr,gap,-0.0598655523255813,-0.0634084302325581,-0.003542877906976799
X1_vs_X2,race_blind,TabPFN,0.5,Other vs Caucasian,fpr,minimum_delta,0.1621872279730513,0.1532616286947358,-0.008925599278315488
X1_vs_X2,race_blind,TabPFN,0.5,Other vs Caucasian,fpr,p_holm,0.7488160906935251,0.592226009871518,-0.1565900808220071
X1_vs_X2,race_blind,TabPFN,0.5,Other vs Caucasian,statistical_parity,gap,0.0283643892339544,0.0158385093167701,-0.012525879917184301
X1_vs_X2,race_blind,TabPFN,0.5,Other vs Caucasian,statistical_parity,minimum_delta,0.1277678584333626,0.1112142592311831,-0.01655359920217951
X1_vs_X2,race_blind,TabPFN,0.5,Other vs Caucasian,statistical_parity,p_holm,1.0,1.0,0.0
X1_vs_X2,race_blind,TabPFN,break_even,African-American vs Caucasian,conditional_statistical_parity,p_holm,0.993986128529397,0.6256073591004231,-0.36837876942897396
X1_vs_X2,race_blind,TabPFN,break_even,African-American vs Caucasian,equalized_odds,p_holm,7.378286610830026e-07,1.1747050915958643e-09,-7.366539559914068e-07
X1_vs_X2,race_blind,TabPFN,break_even,African-American vs Caucasian,fnr,gap,-0.1114040870138431,-0.1043909763421958,0.00701311067164731
X1_vs_X2,race_blind,TabPFN,break_even,African-American vs Caucasian,fnr,minimum_delta,0.1715984084555563,0.1545156213821248,-0.0170827870734315
X1_vs_X2,race_blind,TabPFN,break_even,African-American vs Caucasian,fnr,p_holm,0.0036279421370067,0.0002089255865603,-0.0034190165504464002
X1_vs_X2,race_blind,TabPFN,break_even,African-American vs Caucasian,fpr,gap,0.1861334570957096,0.190117058580858,0.003983601485148397
X1_vs_X2,race_blind,TabPFN,break_even,African-American vs Caucasian,fpr,minimum_delta,0.2531512251443774,0.2487919858110385,-0.004359239333338871
X1_vs_X2,race_blind,TabPFN,break_even,African-American vs Caucasian,fpr,p_holm,2.3885045951529968e-05,2.946889103908507e-07,-2.3590357041139116e-05
X1_vs_X2,race_blind,TabPFN,break_even,African-American vs Caucasian,statistical_parity,gap,0.1812219227313567,0.1691374663072775,-0.01208445642407921
X1_vs_X2,race_blind,TabPFN,break_even,African-American vs Caucasian,statistical_parity,minimum_delta,0.2279469048722351,0.2092137428292252,-0.0187331620430099
X1_vs_X2,race_blind,TabPFN,break_even,African-American vs Caucasian,statistical_parity,p_holm,2.9115287335717496e-10,6.551962365374698e-13,-2.9049767712063747e-10
X1_vs_X2,race_blind,TabPFN,break_even,Female vs Male,conditional_statistical_parity,p_holm,1.0,7.505895997182077e-47,-1.0
X1_vs_X2,race_blind,TabPFN,break_even,Female vs Male,equalized_odds,p_holm,0.2837148138590448,9.751113856432704e-13,-0.2837148138580697
X1_vs_X2,race_blind,TabPFN,break_even,Female vs Male,fnr,gap,0.095582329317269,0.18679718875502,0.091214859437751
X1_vs_X2,race_blind,TabPFN,break_even,Female vs Male,fnr,minimum_delta,0.1757467126775677,0.2659897027850235,0.09024299010745579
X1_vs_X2,race_blind,TabPFN,break_even,Female vs Male,fnr,p_holm,0.0699983562635776,3.862202124694368e-08,-0.06999831764155635
X1_vs_X2,race_blind,TabPFN,break_even,Female vs Male,fpr,gap,-0.0124188074385732,-0.2376606373377738,-0.22524182989920058
X1_vs_X2,race_blind,TabPFN,break_even,Female vs Male,fpr,minimum_delta,0.0870292286663522,0.3096091143625608,0.22257988569620857
X1_vs_X2,race_blind,TabPFN,break_even,Female vs Male,fpr,p_holm,1.0,6.782516625715755e-09,-0.9999999932174833
X1_vs_X2,race_blind,TabPFN,break_even,Female vs Male,statistical_parity,gap,-0.0741480741480741,-0.2360972360972361,-0.16194916194916198
X1_vs_X2,race_blind,TabPFN,break_even,Female vs Male,statistical_parity,minimum_delta,0.1301487004888964,0.2904694302265587,0.1603207297376623
X1_vs_X2,race_blind,TabPFN,break_even,Female vs Male,statistical_parity,p_holm,0.0696407963113214,1.2705586369543457e-17,-0.06964079631132139
X1_vs_X2,race_blind,TabPFN,break_even,Hispanic vs Caucasian,conditional_statistical_parity,p_holm,0.993986128529397,0.9739269493883552,-0.020059179141041827
X1_vs_X2,race_blind,TabPFN,break_even,Hispanic vs Caucasian,equalized_odds,p_holm,1.0,0.5216642776081066,-0.47833572239189337
X1_vs_X2,race_blind,TabPFN,break_even,Hispanic vs Caucasian,fnr,gap,-0.0400250156347717,-0.0498749218261413,-0.0098499061913696
X1_vs_X2,race_blind,TabPFN,break_even,Hispanic vs Caucasian,fnr,minimum_delta,0.1547600732735715,0.1425891412281054,-0.012170932045466099
X1_vs_X2,race_blind,TabPFN,break_even,Hispanic vs Caucasian,fnr,p_holm,0.8908721591785524,0.4236885291760064,-0.46718363000254604
X1_vs_X2,race_blind,TabPFN,break_even,Hispanic vs Caucasian,fpr,gap,0.0234375,0.05078125,0.02734375
X1_vs_X2,race_blind,TabPFN,break_even,Hispanic vs Caucasian,fpr,minimum_delta,0.1382795628385634,0.1554394048047102,0.017159841966146783
X1_vs_X2,race_blind,TabPFN,break_even,Hispanic vs Caucasian,fpr,p_holm,1.0,0.8734331426670667,-0.12656685733293327
X1_vs_X2,race_blind,TabPFN,break_even,Hispanic vs Caucasian,statistical_parity,gap,0.0266759130836801,0.0483125288950531,0.021636615811373
X1_vs_X2,race_blind,TabPFN,break_even,Hispanic vs Caucasian,statistical_parity,minimum_delta,0.1133384050090323,0.12366230239174,0.010323897382707697
X1_vs_X2,race_blind,TabPFN,break_even,Hispanic vs Caucasian,statistical_parity,p_holm,1.0,0.5928738501680557,-0.4071261498319443
X1_vs_X2,race_blind,TabPFN,break_even,Other vs Caucasian,conditional_statistical_parity,p_holm,1.0,0.9739269493883552,-0.026073050611644777
X1_vs_X2,race_blind,TabPFN,break_even,Other vs Caucasian,equalized_odds,p_holm,1.0,0.3773913794759778,-0.6226086205240222
X1_vs_X2,race_blind,TabPFN,break_even,Other vs Caucasian,fnr,gap,-0.0656660412757973,-0.1139774859287054,-0.0483114446529081
X1_vs_X2,race_blind,TabPFN,break_even,Other vs Caucasian,fnr,minimum_delta,0.194255155542241,0.1916896734738423,-0.0025654820683986834
X1_vs_X2,race_blind,TabPFN,break_even,Other vs Caucasian,fnr,p_holm,0.8908721591785524,0.2323322122274475,-0.658539946951105
X1_vs_X2,race_blind,TabPFN,break_even,Other vs Caucasian,fpr,gap,-0.0583212209302325,0.0297056686046511,0.0880268895348836
X1_vs_X2,race_blind,TabPFN,break_even,Other vs Caucasian,fpr,minimum_delta,0.1939836679623151,0.1550577235380328,-0.038925944424282294
X1_vs_X2,race_blind,TabPFN,break_even,Other vs Caucasian,fpr,p_holm,1.0,0.8734331426670667,-0.12656685733293327
X1_vs_X2,race_blind,TabPFN,break_even,Other vs Caucasian,statistical_parity,gap,-0.0151138716356107,0.0590062111801241,0.0741200828157348
X1_vs_X2,race_blind,TabPFN,break_even,Other vs Caucasian,statistical_parity,minimum_delta,0.1194811439032711,0.1462747434793134,0.026793599576042312
X1_vs_X2,race_blind,TabPFN,break_even,Other vs Caucasian,statistical_parity,p_holm,1.0,0.5928738501680557,-0.4071261498319443
X1_vs_X2,race_priors_blind,COMPAS tool,0.5,African-American vs Caucasian,conditional_statistical_parity,p_holm,0.009819619691678,0.009819619691678,0.0
X1_vs_X2,race_priors_blind,COMPAS tool,0.5,African-American vs Caucasian,equalized_odds,p_holm,9.316832955230614e-11,9.316832955230614e-11,0.0
X1_vs_X2,race_priors_blind,COMPAS tool,0.5,African-American vs Caucasian,fnr,gap,-0.2627627627627628,-0.2627627627627628,0.0
X1_vs_X2,race_priors_blind,COMPAS tool,0.5,African-American vs Caucasian,fnr,minimum_delta,0.3376995651526174,0.3376995651526174,0.0
X1_vs_X2,race_priors_blind,COMPAS tool,0.5,African-American vs Caucasian,fnr,p_holm,1.5847951579904764e-08,1.5847951579904764e-08,0.0
X1_vs_X2,race_priors_blind,COMPAS tool,0.5,African-American vs Caucasian,fpr,gap,0.1568172442244224,0.1568172442244224,0.0
X1_vs_X2,race_priors_blind,COMPAS tool,0.5,African-American vs Caucasian,fpr,minimum_delta,0.2220423235823667,0.2220423235823667,0.0
X1_vs_X2,race_priors_blind,COMPAS tool,0.5,African-American vs Caucasian,fpr,p_holm,0.0004329808176416,0.0004329808176416,0.0
X1_vs_X2,race_priors_blind,COMPAS tool,0.5,African-American vs Caucasian,statistical_parity,gap,0.2434860736747529,0.2434860736747529,0.0
X1_vs_X2,race_priors_blind,COMPAS tool,0.5,African-American vs Caucasian,statistical_parity,minimum_delta,0.2935240616572558,0.2935240616572558,0.0
X1_vs_X2,race_priors_blind,COMPAS tool,0.5,African-American vs Caucasian,statistical_parity,p_holm,3.814479626008962e-14,3.814479626008962e-14,0.0
X1_vs_X2,race_priors_blind,COMPAS tool,0.5,Female vs Male,conditional_statistical_parity,p_holm,0.7918417483537296,0.7918417483537296,0.0
X1_vs_X2,race_priors_blind,COMPAS tool,0.5,Female vs Male,equalized_odds,p_holm,0.8910685887872078,0.8910685887872078,0.0
X1_vs_X2,race_priors_blind,COMPAS tool,0.5,Female vs Male,fnr,gap,-0.0471636546184738,-0.0471636546184738,0.0
X1_vs_X2,race_priors_blind,COMPAS tool,0.5,Female vs Male,fnr,minimum_delta,0.1384832300003962,0.1384832300003962,0.0
X1_vs_X2,race_priors_blind,COMPAS tool,0.5,Female vs Male,fnr,p_holm,1.0,1.0,0.0
X1_vs_X2,race_priors_blind,COMPAS tool,0.5,Female vs Male,fpr,gap,0.0031015240685894,0.0031015240685894,0.0
X1_vs_X2,race_priors_blind,COMPAS tool,0.5,Female vs Male,fpr,minimum_delta,0.0739468522735205,0.0739468522735205,0.0
X1_vs_X2,race_priors_blind,COMPAS tool,0.5,Female vs Male,fpr,p_holm,0.9424317521274836,0.9424317521274836,0.0
X1_vs_X2,race_priors_blind,COMPAS tool,0.5,Female vs Male,statistical_parity,gap,-0.0218115218115217,-0.0218115218115217,0.0
X1_vs_X2,race_priors_blind,COMPAS tool,0.5,Female vs Male,statistical_parity,minimum_delta,0.0812994155554227,0.0812994155554227,0.0
X1_vs_X2,race_priors_blind,COMPAS tool,0.5,Female vs Male,statistical_parity,p_holm,0.5470874224782923,0.5470874224782923,0.0
X1_vs_X2,race_priors_blind,COMPAS tool,0.5,Hispanic vs Caucasian,conditional_statistical_parity,p_holm,0.7918417483537296,0.7918417483537296,0.0
X1_vs_X2,race_priors_blind,COMPAS tool,0.5,Hispanic vs Caucasian,equalized_odds,p_holm,0.8910685887872078,0.8910685887872078,0.0
X1_vs_X2,race_priors_blind,COMPAS tool,0.5,Hispanic vs Caucasian,fnr,gap,0.0641025641025641,0.0641025641025641,0.0
X1_vs_X2,race_priors_blind,COMPAS tool,0.5,Hispanic vs Caucasian,fnr,minimum_delta,0.2103184531013468,0.2103184531013468,0.0
X1_vs_X2,race_priors_blind,COMPAS tool,0.5,Hispanic vs Caucasian,fnr,p_holm,1.0,1.0,0.0
X1_vs_X2,race_priors_blind,COMPAS tool,0.5,Hispanic vs Caucasian,fpr,gap,-0.0625,-0.0625,0.0
X1_vs_X2,race_priors_blind,COMPAS tool,0.5,Hispanic vs Caucasian,fpr,minimum_delta,0.1571382751987945,0.1571382751987945,0.0
X1_vs_X2,race_priors_blind,COMPAS tool,0.5,Hispanic vs Caucasian,fpr,p_holm,0.6073865813925219,0.6073865813925219,0.0
X1_vs_X2,race_priors_blind,COMPAS tool,0.5,Hispanic vs Caucasian,statistical_parity,gap,-0.065880721220527,-0.065880721220527,0.0
X1_vs_X2,race_priors_blind,COMPAS tool,0.5,Hispanic vs Caucasian,statistical_parity,minimum_delta,0.1491028857063477,0.1491028857063477,0.0
X1_vs_X2,race_priors_blind,COMPAS tool,0.5,Hispanic vs Caucasian,statistical_parity,p_holm,0.4145046178721787,0.4145046178721787,0.0
X1_vs_X2,race_priors_blind,COMPAS tool,0.5,Other vs Caucasian,conditional_statistical_parity,p_holm,0.0541392026701654,0.0541392026701654,0.0
X1_vs_X2,race_priors_blind,COMPAS tool,0.5,Other vs Caucasian,equalized_odds,p_holm,0.0184747920878291,0.0184747920878291,0.0
X1_vs_X2,race_priors_blind,COMPAS tool,0.5,Other vs Caucasian,fnr,gap,0.0769230769230768,0.0769230769230768,0.0
X1_vs_X2,race_priors_blind,COMPAS tool,0.5,Other vs Caucasian,fnr,minimum_delta,0.2495977393554651,0.2495977393554651,0.0
X1_vs_X2,race_priors_blind,COMPAS tool,0.5,Other vs Caucasian,fnr,p_holm,1.0,1.0,0.0
X1_vs_X2,race_priors_blind,COMPAS tool,0.5,Other vs Caucasian,fpr,gap,-0.1958575581395348,-0.1958575581395348,0.0
X1_vs_X2,race_priors_blind,COMPAS tool,0.5,Other vs Caucasian,fpr,minimum_delta,0.274493305065666,0.274493305065666,0.0
X1_vs_X2,race_priors_blind,COMPAS tool,0.5,Other vs Caucasian,fpr,p_holm,0.0156781578647862,0.0156781578647862,0.0
X1_vs_X2,race_priors_blind,COMPAS tool,0.5,Other vs Caucasian,statistical_parity,gap,-0.1542443064182194,-0.1542443064182194,0.0
X1_vs_X2,race_priors_blind,COMPAS tool,0.5,Other vs Caucasian,statistical_parity,minimum_delta,0.2428468089675734,0.2428468089675734,0.0
X1_vs_X2,race_priors_blind,COMPAS tool,0.5,Other vs Caucasian,statistical_parity,p_holm,0.0357031647933105,0.0357031647933105,0.0
X1_vs_X2,race_priors_blind,COMPAS tool,break_even,African-American vs Caucasian,conditional_statistical_parity,p_holm,0.009819619691678,0.009819619691678,0.0
X1_vs_X2,race_priors_blind,COMPAS tool,break_even,African-American vs Caucasian,equalized_odds,p_holm,9.316832955230614e-11,9.316832955230614e-11,0.0
X1_vs_X2,race_priors_blind,COMPAS tool,break_even,African-American vs Caucasian,fnr,gap,-0.2627627627627628,-0.2627627627627628,0.0
X1_vs_X2,race_priors_blind,COMPAS tool,break_even,African-American vs Caucasian,fnr,minimum_delta,0.3376995651526174,0.3376995651526174,0.0
X1_vs_X2,race_priors_blind,COMPAS tool,break_even,African-American vs Caucasian,fnr,p_holm,1.5847951579904764e-08,1.5847951579904764e-08,0.0
X1_vs_X2,race_priors_blind,COMPAS tool,break_even,African-American vs Caucasian,fpr,gap,0.1568172442244224,0.1568172442244224,0.0
X1_vs_X2,race_priors_blind,COMPAS tool,break_even,African-American vs Caucasian,fpr,minimum_delta,0.2220423235823667,0.2220423235823667,0.0
X1_vs_X2,race_priors_blind,COMPAS tool,break_even,African-American vs Caucasian,fpr,p_holm,0.0004329808176416,0.0004329808176416,0.0
X1_vs_X2,race_priors_blind,COMPAS tool,break_even,African-American vs Caucasian,statistical_parity,gap,0.2434860736747529,0.2434860736747529,0.0
X1_vs_X2,race_priors_blind,COMPAS tool,break_even,African-American vs Caucasian,statistical_parity,minimum_delta,0.2935240616572558,0.2935240616572558,0.0
X1_vs_X2,race_priors_blind,COMPAS tool,break_even,African-American vs Caucasian,statistical_parity,p_holm,3.814479626008962e-14,3.814479626008962e-14,0.0
X1_vs_X2,race_priors_blind,COMPAS tool,break_even,Female vs Male,conditional_statistical_parity,p_holm,0.7918417483537296,0.7918417483537296,0.0
X1_vs_X2,race_priors_blind,COMPAS tool,break_even,Female vs Male,equalized_odds,p_holm,0.8910685887872078,0.8910685887872078,0.0
X1_vs_X2,race_priors_blind,COMPAS tool,break_even,Female vs Male,fnr,gap,-0.0471636546184738,-0.0471636546184738,0.0
X1_vs_X2,race_priors_blind,COMPAS tool,break_even,Female vs Male,fnr,minimum_delta,0.1384832300003962,0.1384832300003962,0.0
X1_vs_X2,race_priors_blind,COMPAS tool,break_even,Female vs Male,fnr,p_holm,1.0,1.0,0.0
X1_vs_X2,race_priors_blind,COMPAS tool,break_even,Female vs Male,fpr,gap,0.0031015240685894,0.0031015240685894,0.0
X1_vs_X2,race_priors_blind,COMPAS tool,break_even,Female vs Male,fpr,minimum_delta,0.0739468522735205,0.0739468522735205,0.0
X1_vs_X2,race_priors_blind,COMPAS tool,break_even,Female vs Male,fpr,p_holm,0.9424317521274836,0.9424317521274836,0.0
X1_vs_X2,race_priors_blind,COMPAS tool,break_even,Female vs Male,statistical_parity,gap,-0.0218115218115217,-0.0218115218115217,0.0
X1_vs_X2,race_priors_blind,COMPAS tool,break_even,Female vs Male,statistical_parity,minimum_delta,0.0812994155554227,0.0812994155554227,0.0
X1_vs_X2,race_priors_blind,COMPAS tool,break_even,Female vs Male,statistical_parity,p_holm,0.5470874224782923,0.5470874224782923,0.0
X1_vs_X2,race_priors_blind,COMPAS tool,break_even,Hispanic vs Caucasian,conditional_statistical_parity,p_holm,0.7918417483537296,0.7918417483537296,0.0
X1_vs_X2,race_priors_blind,COMPAS tool,break_even,Hispanic vs Caucasian,equalized_odds,p_holm,0.8910685887872078,0.8910685887872078,0.0
X1_vs_X2,race_priors_blind,COMPAS tool,break_even,Hispanic vs Caucasian,fnr,gap,0.0641025641025641,0.0641025641025641,0.0
X1_vs_X2,race_priors_blind,COMPAS tool,break_even,Hispanic vs Caucasian,fnr,minimum_delta,0.2103184531013468,0.2103184531013468,0.0
X1_vs_X2,race_priors_blind,COMPAS tool,break_even,Hispanic vs Caucasian,fnr,p_holm,1.0,1.0,0.0
X1_vs_X2,race_priors_blind,COMPAS tool,break_even,Hispanic vs Caucasian,fpr,gap,-0.0625,-0.0625,0.0
X1_vs_X2,race_priors_blind,COMPAS tool,break_even,Hispanic vs Caucasian,fpr,minimum_delta,0.1571382751987945,0.1571382751987945,0.0
X1_vs_X2,race_priors_blind,COMPAS tool,break_even,Hispanic vs Caucasian,fpr,p_holm,0.6073865813925219,0.6073865813925219,0.0
X1_vs_X2,race_priors_blind,COMPAS tool,break_even,Hispanic vs Caucasian,statistical_parity,gap,-0.065880721220527,-0.065880721220527,0.0
X1_vs_X2,race_priors_blind,COMPAS tool,break_even,Hispanic vs Caucasian,statistical_parity,minimum_delta,0.1491028857063477,0.1491028857063477,0.0
X1_vs_X2,race_priors_blind,COMPAS tool,break_even,Hispanic vs Caucasian,statistical_parity,p_holm,0.4145046178721787,0.4145046178721787,0.0
X1_vs_X2,race_priors_blind,COMPAS tool,break_even,Other vs Caucasian,conditional_statistical_parity,p_holm,0.0541392026701654,0.0541392026701654,0.0
X1_vs_X2,race_priors_blind,COMPAS tool,break_even,Other vs Caucasian,equalized_odds,p_holm,0.0184747920878291,0.0184747920878291,0.0
X1_vs_X2,race_priors_blind,COMPAS tool,break_even,Other vs Caucasian,fnr,gap,0.0769230769230768,0.0769230769230768,0.0
X1_vs_X2,race_priors_blind,COMPAS tool,break_even,Other vs Caucasian,fnr,minimum_delta,0.2495977393554651,0.2495977393554651,0.0
X1_vs_X2,race_priors_blind,COMPAS tool,break_even,Other vs Caucasian,fnr,p_holm,1.0,1.0,0.0
X1_vs_X2,race_priors_blind,COMPAS tool,break_even,Other vs Caucasian,fpr,gap,-0.1958575581395348,-0.1958575581395348,0.0
X1_vs_X2,race_priors_blind,COMPAS tool,break_even,Other vs Caucasian,fpr,minimum_delta,0.274493305065666,0.274493305065666,0.0
X1_vs_X2,race_priors_blind,COMPAS tool,break_even,Other vs Caucasian,fpr,p_holm,0.0156781578647862,0.0156781578647862,0.0
X1_vs_X2,race_priors_blind,COMPAS tool,break_even,Other vs Caucasian,statistical_parity,gap,-0.1542443064182194,-0.1542443064182194,0.0
X1_vs_X2,race_priors_blind,COMPAS tool,break_even,Other vs Caucasian,statistical_parity,minimum_delta,0.2428468089675734,0.2428468089675734,0.0
X1_vs_X2,race_priors_blind,COMPAS tool,break_even,Other vs Caucasian,statistical_parity,p_holm,0.0357031647933105,0.0357031647933105,0.0
X1_vs_X2,race_priors_blind,TabPFN,0.5,African-American vs Caucasian,conditional_statistical_parity,p_holm,0.8507485759569251,0.8507485759569251,0.0
X1_vs_X2,race_priors_blind,TabPFN,0.5,African-American vs Caucasian,equalized_odds,p_holm,0.0026235863303268,0.0026235863303268,0.0
X1_vs_X2,race_priors_blind,TabPFN,0.5,African-American vs Caucasian,fnr,gap,-0.1127957225518201,-0.1127957225518201,0.0
X1_vs_X2,race_priors_blind,TabPFN,0.5,African-American vs Caucasian,fnr,minimum_delta,0.1908572367053383,0.1908572367053383,0.0
X1_vs_X2,race_priors_blind,TabPFN,0.5,African-American vs Caucasian,fnr,p_holm,0.0513770124287689,0.0513770124287689,0.0
X1_vs_X2,race_priors_blind,TabPFN,0.5,African-American vs Caucasian,fpr,gap,0.1192373143564356,0.1192373143564356,0.0
X1_vs_X2,race_priors_blind,TabPFN,0.5,African-American vs Caucasian,fpr,minimum_delta,0.1862907258008513,0.1862907258008513,0.0
X1_vs_X2,race_priors_blind,TabPFN,0.5,African-American vs Caucasian,fpr,p_holm,0.0114758482788905,0.0114758482788905,0.0
X1_vs_X2,race_priors_blind,TabPFN,0.5,African-American vs Caucasian,statistical_parity,gap,0.1386792452830188,0.1386792452830188,0.0
X1_vs_X2,race_priors_blind,TabPFN,0.5,African-American vs Caucasian,statistical_parity,minimum_delta,0.1895590058021767,0.1895590058021767,0.0
X1_vs_X2,race_priors_blind,TabPFN,0.5,African-American vs Caucasian,statistical_parity,p_holm,2.947569128340927e-05,2.947569128340927e-05,0.0
X1_vs_X2,race_priors_blind,TabPFN,0.5,Female vs Male,conditional_statistical_parity,p_holm,2.1064351979359552e-137,2.1064351979359552e-137,0.0
X1_vs_X2,race_priors_blind,TabPFN,0.5,Female vs Male,equalized_odds,p_holm,5.415423009163057e-71,5.415423009163057e-71,0.0
X1_vs_X2,race_priors_blind,TabPFN,0.5,Female vs Male,fnr,gap,0.6645833333333333,0.6645833333333333,0.0
X1_vs_X2,race_priors_blind,TabPFN,0.5,Female vs Male,fnr,minimum_delta,0.7000884901646958,0.7000884901646958,0.0
X1_vs_X2,race_priors_blind,TabPFN,0.5,Female vs Male,fnr,p_holm,6.466559423742679e-29,6.466559423742679e-29,0.0
X1_vs_X2,race_priors_blind,TabPFN,0.5,Female vs Male,fpr,gap,-0.4856046065259117,-0.4856046065259117,0.0
X1_vs_X2,race_priors_blind,TabPFN,0.5,Female vs Male,fpr,minimum_delta,0.5216707107777062,0.5216707107777062,0.0
X1_vs_X2,race_priors_blind,TabPFN,0.5,Female vs Male,fpr,p_holm,8.476338556114331e-27,8.476338556114331e-27,0.0
X1_vs_X2,race_priors_blind,TabPFN,0.5,Female vs Male,statistical_parity,gap,-0.5714285714285714,-0.5714285714285714,0.0
X1_vs_X2,race_priors_blind,TabPFN,0.5,Female vs Male,statistical_parity,minimum_delta,0.5971757249283062,0.5971757249283062,0.0
X1_vs_X2,race_priors_blind,TabPFN,0.5,Female vs Male,statistical_parity,p_holm,1.6520457700410528e-55,1.6520457700410528e-55,0.0
X1_vs_X2,race_priors_blind,TabPFN,0.5,Hispanic vs Caucasian,conditional_statistical_parity,p_holm,0.8507485759569251,0.8507485759569251,0.0
X1_vs_X2,race_priors_blind,TabPFN,0.5,Hispanic vs Caucasian,equalized_odds,p_holm,0.9354463138708504,0.9354463138708504,0.0
X1_vs_X2,race_priors_blind,TabPFN,0.5,Hispanic vs Caucasian,fnr,gap,-0.0762976860537836,-0.0762976860537836,0.0
X1_vs_X2,race_priors_blind,TabPFN,0.5,Hispanic vs Caucasian,fnr,minimum_delta,0.2225051070000432,0.2225051070000432,0.0
X1_vs_X2,race_priors_blind,TabPFN,0.5,Hispanic vs Caucasian,fnr,p_holm,0.4534513442142369,0.4534513442142369,0.0
X1_vs_X2,race_priors_blind,TabPFN,0.5,Hispanic vs Caucasian,fpr,gap,0.05859375,0.05859375,0.0
X1_vs_X2,race_priors_blind,TabPFN,0.5,Hispanic vs Caucasian,fpr,minimum_delta,0.1693423701342027,0.1693423701342027,0.0
X1_vs_X2,race_priors_blind,TabPFN,0.5,Hispanic vs Caucasian,fpr,p_holm,0.7437784001600114,0.7437784001600114,0.0
X1_vs_X2,race_priors_blind,TabPFN,0.5,Hispanic vs Caucasian,statistical_parity,gap,0.0632686084142394,0.0632686084142394,0.0
X1_vs_X2,race_priors_blind,TabPFN,0.5,Hispanic vs Caucasian,statistical_parity,minimum_delta,0.1529530360987768,0.1529530360987768,0.0
X1_vs_X2,race_priors_blind,TabPFN,0.5,Hispanic vs Caucasian,statistical_parity,p_holm,0.4786566795207372,0.4786566795207372,0.0
X1_vs_X2,race_priors_blind,TabPFN,0.5,Other vs Caucasian,conditional_statistical_parity,p_holm,0.3508703925583557,0.3508703925583557,0.0
X1_vs_X2,race_priors_blind,TabPFN,0.5,Other vs Caucasian,equalized_odds,p_holm,0.9354463138708504,0.9354463138708504,0.0
X1_vs_X2,race_priors_blind,TabPFN,0.5,Other vs Caucasian,fnr,gap,-0.1275797373358349,-0.1275797373358349,0.0
X1_vs_X2,race_priors_blind,TabPFN,0.5,Other vs Caucasian,fnr,minimum_delta,0.2979814671095115,0.2979814671095115,0.0
X1_vs_X2,race_priors_blind,TabPFN,0.5,Other vs Caucasian,fnr,p_holm,0.4534513442142369,0.4534513442142369,0.0
X1_vs_X2,race_priors_blind,TabPFN,0.5,Other vs Caucasian,fpr,gap,0.0091751453488372,0.0091751453488372,0.0
X1_vs_X2,race_priors_blind,TabPFN,0.5,Other vs Caucasian,fpr,minimum_delta,0.1364645621507288,0.1364645621507288,0.0
X1_vs_X2,race_priors_blind,TabPFN,0.5,Other vs Caucasian,fpr,p_holm,0.9048229913852956,0.9048229913852956,0.0
X1_vs_X2,race_priors_blind,TabPFN,0.5,Other vs Caucasian,statistical_parity,gap,0.0514492753623188,0.0514492753623188,0.0
X1_vs_X2,race_priors_blind,TabPFN,0.5,Other vs Caucasian,statistical_parity,minimum_delta,0.1572852602389963,0.1572852602389963,0.0
X1_vs_X2,race_priors_blind,TabPFN,0.5,Other vs Caucasian,statistical_parity,p_holm,0.4786566795207372,0.4786566795207372,0.0
X1_vs_X2,race_priors_blind,TabPFN,break_even,African-American vs Caucasian,conditional_statistical_parity,p_holm,0.0495703646109724,0.0495703646109724,0.0
X1_vs_X2,race_priors_blind,TabPFN,break_even,African-American vs Caucasian,equalized_odds,p_holm,0.0013984480584237,0.0013984480584237,0.0
X1_vs_X2,race_priors_blind,TabPFN,break_even,African-American vs Caucasian,fnr,gap,-0.0274848018750457,-0.0274848018750457,0.0
X1_vs_X2,race_priors_blind,TabPFN,break_even,African-American vs Caucasian,fnr,minimum_delta,0.0501536501974645,0.0501536501974645,0.0
X1_vs_X2,race_priors_blind,TabPFN,break_even,African-American vs Caucasian,fnr,p_holm,0.0250083627995645,0.0250083627995645,0.0
X1_vs_X2,race_priors_blind,TabPFN,break_even,African-American vs Caucasian,fpr,gap,0.04088025990099,0.04088025990099,0.0
X1_vs_X2,race_priors_blind,TabPFN,break_even,African-American vs Caucasian,fpr,minimum_delta,0.0653537725905611,0.0653537725905611,0.0
X1_vs_X2,race_priors_blind,TabPFN,break_even,African-American vs Caucasian,fpr,p_holm,0.011630073106351,0.011630073106351,0.0
X1_vs_X2,race_priors_blind,TabPFN,break_even,African-American vs Caucasian,statistical_parity,gap,0.0365678346810421,0.0365678346810421,0.0
X1_vs_X2,race_priors_blind,TabPFN,break_even,African-American vs Caucasian,statistical_parity,minimum_delta,0.0536365896484801,0.0536365896484801,0.0
X1_vs_X2,race_priors_blind,TabPFN,break_even,African-American vs Caucasian,statistical_parity,p_holm,0.0001398052324917,0.0001398052324917,0.0
X1_vs_X2,race_priors_blind,TabPFN,break_even,Female vs Male,conditional_statistical_parity,p_holm,1.1771279476101637e-23,1.1771279476101637e-23,0.0
X1_vs_X2,race_priors_blind,TabPFN,break_even,Female vs Male,equalized_odds,p_holm,3.018699864555054e-17,3.018699864555054e-17,0.0
X1_vs_X2,race_priors_blind,TabPFN,break_even,Female vs Male,fnr,gap,0.072289156626506,0.072289156626506,0.0
X1_vs_X2,race_priors_blind,TabPFN,break_even,Female vs Male,fnr,minimum_delta,0.1191218204585001,0.1191218204585001,0.0
X1_vs_X2,race_priors_blind,TabPFN,break_even,Female vs Male,fnr,p_holm,1.2705751366437117e-08,1.2705751366437117e-08,0.0
X1_vs_X2,race_priors_blind,TabPFN,break_even,Female vs Male,fpr,gap,-0.119205298013245,-0.119205298013245,0.0
X1_vs_X2,race_priors_blind,TabPFN,break_even,Female vs Male,fpr,minimum_delta,0.1626387965781261,0.1626387965781261,0.0
X1_vs_X2,race_priors_blind,TabPFN,break_even,Female vs Male,fpr,p_holm,5.465931136330188e-15,5.465931136330188e-15,0.0
X1_vs_X2,race_priors_blind,TabPFN,break_even,Female vs Male,statistical_parity,gap,-0.1025641025641025,-0.1025641025641025,0.0
X1_vs_X2,race_priors_blind,TabPFN,break_even,Female vs Male,statistical_parity,minimum_delta,0.1352112439496859,0.1352112439496859,0.0
X1_vs_X2,race_priors_blind,TabPFN,break_even,Female vs Male,statistical_parity,p_holm,5.6801740472407164e-24,5.6801740472407164e-24,0.0
X1_vs_X2,race_priors_blind,TabPFN,break_even,Hispanic vs Caucasian,conditional_statistical_parity,p_holm,0.0633214105880878,0.0633214105880878,0.0
X1_vs_X2,race_priors_blind,TabPFN,break_even,Hispanic vs Caucasian,equalized_odds,p_holm,0.2667495913104744,0.2667495913104744,0.0
X1_vs_X2,race_priors_blind,TabPFN,break_even,Hispanic vs Caucasian,fnr,gap,-0.0304878048780487,-0.0304878048780487,0.0
X1_vs_X2,race_priors_blind,TabPFN,break_even,Hispanic vs Caucasian,fnr,minimum_delta,0.0526723911843849,0.0526723911843849,0.0
X1_vs_X2,race_priors_blind,TabPFN,break_even,Hispanic vs Caucasian,fnr,p_holm,0.5390942393538054,0.5390942393538054,0.0
X1_vs_X2,race_priors_blind,TabPFN,break_even,Hispanic vs Caucasian,fpr,gap,0.01953125,0.01953125,0.0
X1_vs_X2,race_priors_blind,TabPFN,break_even,Hispanic vs Caucasian,fpr,minimum_delta,0.0619539200207635,0.0619539200207635,0.0
X1_vs_X2,race_priors_blind,TabPFN,break_even,Hispanic vs Caucasian,fpr,p_holm,0.5084971390779454,0.5084971390779454,0.0
X1_vs_X2,race_priors_blind,TabPFN,break_even,Hispanic vs Caucasian,statistical_parity,gap,0.0234396671289874,0.0234396671289874,0.0
X1_vs_X2,race_priors_blind,TabPFN,break_even,Hispanic vs Caucasian,statistical_parity,minimum_delta,0.0511364657117114,0.0511364657117114,0.0
X1_vs_X2,race_priors_blind,TabPFN,break_even,Hispanic vs Caucasian,statistical_parity,p_holm,0.2663123597673383,0.2663123597673383,0.0
X1_vs_X2,race_priors_blind,TabPFN,break_even,Other vs Caucasian,conditional_statistical_parity,p_holm,0.4353539787329987,0.4353539787329987,0.0
X1_vs_X2,race_priors_blind,TabPFN,break_even,Other vs Caucasian,equalized_odds,p_holm,0.1199418334922343,0.1199418334922343,0.0
X1_vs_X2,race_priors_blind,TabPFN,break_even,Other vs Caucasian,fnr,gap,-0.0304878048780487,-0.0304878048780487,0.0
X1_vs_X2,race_priors_blind,TabPFN,break_even,Other vs Caucasian,fnr,minimum_delta,0.0526794966994424,0.0526794966994424,0.0
X1_vs_X2,race_priors_blind,TabPFN,break_even,Other vs Caucasian,fnr,p_holm,0.5390942393538054,0.5390942393538054,0.0
X1_vs_X2,race_priors_blind,TabPFN,break_even,Other vs Caucasian,fpr,gap,0.05078125,0.05078125,0.0
X1_vs_X2,race_priors_blind,TabPFN,break_even,Other vs Caucasian,fpr,minimum_delta,0.0734224211873324,0.0734224211873324,0.0
X1_vs_X2,race_priors_blind,TabPFN,break_even,Other vs Caucasian,fpr,p_holm,0.2616229368738194,0.2616229368738194,0.0
X1_vs_X2,race_priors_blind,TabPFN,break_even,Other vs Caucasian,statistical_parity,gap,0.0428571428571428,0.0428571428571428,0.0
X1_vs_X2,race_priors_blind,TabPFN,break_even,Other vs Caucasian,statistical_parity,minimum_delta,0.0591437088624382,0.0591437088624382,0.0
X1_vs_X2,race_priors_blind,TabPFN,break_even,Other vs Caucasian,statistical_parity,p_holm,0.1594837675155694,0.1594837675155694,0.0
X1_vs_X2,race_proxy_blind,COMPAS tool,0.5,African-American vs Caucasian,conditional_statistical_parity,p_holm,0.009819619691678,0.009819619691678,0.0
X1_vs_X2,race_proxy_blind,COMPAS tool,0.5,African-American vs Caucasian,equalized_odds,p_holm,9.316832955230614e-11,9.316832955230614e-11,0.0
X1_vs_X2,race_proxy_blind,COMPAS tool,0.5,African-American vs Caucasian,fnr,gap,-0.2627627627627628,-0.2627627627627628,0.0
X1_vs_X2,race_proxy_blind,COMPAS tool,0.5,African-American vs Caucasian,fnr,minimum_delta,0.3376995651526174,0.3376995651526174,0.0
X1_vs_X2,race_proxy_blind,COMPAS tool,0.5,African-American vs Caucasian,fnr,p_holm,1.5847951579904764e-08,1.5847951579904764e-08,0.0
X1_vs_X2,race_proxy_blind,COMPAS tool,0.5,African-American vs Caucasian,fpr,gap,0.1568172442244224,0.1568172442244224,0.0
X1_vs_X2,race_proxy_blind,COMPAS tool,0.5,African-American vs Caucasian,fpr,minimum_delta,0.2220423235823667,0.2220423235823667,0.0
X1_vs_X2,race_proxy_blind,COMPAS tool,0.5,African-American vs Caucasian,fpr,p_holm,0.0004329808176416,0.0004329808176416,0.0
X1_vs_X2,race_proxy_blind,COMPAS tool,0.5,African-American vs Caucasian,statistical_parity,gap,0.2434860736747529,0.2434860736747529,0.0
X1_vs_X2,race_proxy_blind,COMPAS tool,0.5,African-American vs Caucasian,statistical_parity,minimum_delta,0.2935240616572558,0.2935240616572558,0.0
X1_vs_X2,race_proxy_blind,COMPAS tool,0.5,African-American vs Caucasian,statistical_parity,p_holm,3.814479626008962e-14,3.814479626008962e-14,0.0
X1_vs_X2,race_proxy_blind,COMPAS tool,0.5,Female vs Male,conditional_statistical_parity,p_holm,0.7918417483537296,0.7918417483537296,0.0
X1_vs_X2,race_proxy_blind,COMPAS tool,0.5,Female vs Male,equalized_odds,p_holm,0.8910685887872078,0.8910685887872078,0.0
X1_vs_X2,race_proxy_blind,COMPAS tool,0.5,Female vs Male,fnr,gap,-0.0471636546184738,-0.0471636546184738,0.0
X1_vs_X2,race_proxy_blind,COMPAS tool,0.5,Female vs Male,fnr,minimum_delta,0.1384832300003962,0.1384832300003962,0.0
X1_vs_X2,race_proxy_blind,COMPAS tool,0.5,Female vs Male,fnr,p_holm,1.0,1.0,0.0
X1_vs_X2,race_proxy_blind,COMPAS tool,0.5,Female vs Male,fpr,gap,0.0031015240685894,0.0031015240685894,0.0
X1_vs_X2,race_proxy_blind,COMPAS tool,0.5,Female vs Male,fpr,minimum_delta,0.0739468522735205,0.0739468522735205,0.0
X1_vs_X2,race_proxy_blind,COMPAS tool,0.5,Female vs Male,fpr,p_holm,0.9424317521274836,0.9424317521274836,0.0
X1_vs_X2,race_proxy_blind,COMPAS tool,0.5,Female vs Male,statistical_parity,gap,-0.0218115218115217,-0.0218115218115217,0.0
X1_vs_X2,race_proxy_blind,COMPAS tool,0.5,Female vs Male,statistical_parity,minimum_delta,0.0812994155554227,0.0812994155554227,0.0
X1_vs_X2,race_proxy_blind,COMPAS tool,0.5,Female vs Male,statistical_parity,p_holm,0.5470874224782923,0.5470874224782923,0.0
X1_vs_X2,race_proxy_blind,COMPAS tool,0.5,Hispanic vs Caucasian,conditional_statistical_parity,p_holm,0.7918417483537296,0.7918417483537296,0.0
X1_vs_X2,race_proxy_blind,COMPAS tool,0.5,Hispanic vs Caucasian,equalized_odds,p_holm,0.8910685887872078,0.8910685887872078,0.0
X1_vs_X2,race_proxy_blind,COMPAS tool,0.5,Hispanic vs Caucasian,fnr,gap,0.0641025641025641,0.0641025641025641,0.0
X1_vs_X2,race_proxy_blind,COMPAS tool,0.5,Hispanic vs Caucasian,fnr,minimum_delta,0.2103184531013468,0.2103184531013468,0.0
X1_vs_X2,race_proxy_blind,COMPAS tool,0.5,Hispanic vs Caucasian,fnr,p_holm,1.0,1.0,0.0
X1_vs_X2,race_proxy_blind,COMPAS tool,0.5,Hispanic vs Caucasian,fpr,gap,-0.0625,-0.0625,0.0
X1_vs_X2,race_proxy_blind,COMPAS tool,0.5,Hispanic vs Caucasian,fpr,minimum_delta,0.1571382751987945,0.1571382751987945,0.0
X1_vs_X2,race_proxy_blind,COMPAS tool,0.5,Hispanic vs Caucasian,fpr,p_holm,0.6073865813925219,0.6073865813925219,0.0
X1_vs_X2,race_proxy_blind,COMPAS tool,0.5,Hispanic vs Caucasian,statistical_parity,gap,-0.065880721220527,-0.065880721220527,0.0
X1_vs_X2,race_proxy_blind,COMPAS tool,0.5,Hispanic vs Caucasian,statistical_parity,minimum_delta,0.1491028857063477,0.1491028857063477,0.0
X1_vs_X2,race_proxy_blind,COMPAS tool,0.5,Hispanic vs Caucasian,statistical_parity,p_holm,0.4145046178721787,0.4145046178721787,0.0
X1_vs_X2,race_proxy_blind,COMPAS tool,0.5,Other vs Caucasian,conditional_statistical_parity,p_holm,0.0541392026701654,0.0541392026701654,0.0
X1_vs_X2,race_proxy_blind,COMPAS tool,0.5,Other vs Caucasian,equalized_odds,p_holm,0.0184747920878291,0.0184747920878291,0.0
X1_vs_X2,race_proxy_blind,COMPAS tool,0.5,Other vs Caucasian,fnr,gap,0.0769230769230768,0.0769230769230768,0.0
X1_vs_X2,race_proxy_blind,COMPAS tool,0.5,Other vs Caucasian,fnr,minimum_delta,0.2495977393554651,0.2495977393554651,0.0
X1_vs_X2,race_proxy_blind,COMPAS tool,0.5,Other vs Caucasian,fnr,p_holm,1.0,1.0,0.0
X1_vs_X2,race_proxy_blind,COMPAS tool,0.5,Other vs Caucasian,fpr,gap,-0.1958575581395348,-0.1958575581395348,0.0
X1_vs_X2,race_proxy_blind,COMPAS tool,0.5,Other vs Caucasian,fpr,minimum_delta,0.274493305065666,0.274493305065666,0.0
X1_vs_X2,race_proxy_blind,COMPAS tool,0.5,Other vs Caucasian,fpr,p_holm,0.0156781578647862,0.0156781578647862,0.0
X1_vs_X2,race_proxy_blind,COMPAS tool,0.5,Other vs Caucasian,statistical_parity,gap,-0.1542443064182194,-0.1542443064182194,0.0
X1_vs_X2,race_proxy_blind,COMPAS tool,0.5,Other vs Caucasian,statistical_parity,minimum_delta,0.2428468089675734,0.2428468089675734,0.0
X1_vs_X2,race_proxy_blind,COMPAS tool,0.5,Other vs Caucasian,statistical_parity,p_holm,0.0357031647933105,0.0357031647933105,0.0
X1_vs_X2,race_proxy_blind,COMPAS tool,break_even,African-American vs Caucasian,conditional_statistical_parity,p_holm,0.009819619691678,0.009819619691678,0.0
X1_vs_X2,race_proxy_blind,COMPAS tool,break_even,African-American vs Caucasian,equalized_odds,p_holm,9.316832955230614e-11,9.316832955230614e-11,0.0
X1_vs_X2,race_proxy_blind,COMPAS tool,break_even,African-American vs Caucasian,fnr,gap,-0.2627627627627628,-0.2627627627627628,0.0
X1_vs_X2,race_proxy_blind,COMPAS tool,break_even,African-American vs Caucasian,fnr,minimum_delta,0.3376995651526174,0.3376995651526174,0.0
X1_vs_X2,race_proxy_blind,COMPAS tool,break_even,African-American vs Caucasian,fnr,p_holm,1.5847951579904764e-08,1.5847951579904764e-08,0.0
X1_vs_X2,race_proxy_blind,COMPAS tool,break_even,African-American vs Caucasian,fpr,gap,0.1568172442244224,0.1568172442244224,0.0
X1_vs_X2,race_proxy_blind,COMPAS tool,break_even,African-American vs Caucasian,fpr,minimum_delta,0.2220423235823667,0.2220423235823667,0.0
X1_vs_X2,race_proxy_blind,COMPAS tool,break_even,African-American vs Caucasian,fpr,p_holm,0.0004329808176416,0.0004329808176416,0.0
X1_vs_X2,race_proxy_blind,COMPAS tool,break_even,African-American vs Caucasian,statistical_parity,gap,0.2434860736747529,0.2434860736747529,0.0
X1_vs_X2,race_proxy_blind,COMPAS tool,break_even,African-American vs Caucasian,statistical_parity,minimum_delta,0.2935240616572558,0.2935240616572558,0.0
X1_vs_X2,race_proxy_blind,COMPAS tool,break_even,African-American vs Caucasian,statistical_parity,p_holm,3.814479626008962e-14,3.814479626008962e-14,0.0
X1_vs_X2,race_proxy_blind,COMPAS tool,break_even,Female vs Male,conditional_statistical_parity,p_holm,0.7918417483537296,0.7918417483537296,0.0
X1_vs_X2,race_proxy_blind,COMPAS tool,break_even,Female vs Male,equalized_odds,p_holm,0.8910685887872078,0.8910685887872078,0.0
X1_vs_X2,race_proxy_blind,COMPAS tool,break_even,Female vs Male,fnr,gap,-0.0471636546184738,-0.0471636546184738,0.0
X1_vs_X2,race_proxy_blind,COMPAS tool,break_even,Female vs Male,fnr,minimum_delta,0.1384832300003962,0.1384832300003962,0.0
X1_vs_X2,race_proxy_blind,COMPAS tool,break_even,Female vs Male,fnr,p_holm,1.0,1.0,0.0
X1_vs_X2,race_proxy_blind,COMPAS tool,break_even,Female vs Male,fpr,gap,0.0031015240685894,0.0031015240685894,0.0
X1_vs_X2,race_proxy_blind,COMPAS tool,break_even,Female vs Male,fpr,minimum_delta,0.0739468522735205,0.0739468522735205,0.0
X1_vs_X2,race_proxy_blind,COMPAS tool,break_even,Female vs Male,fpr,p_holm,0.9424317521274836,0.9424317521274836,0.0
X1_vs_X2,race_proxy_blind,COMPAS tool,break_even,Female vs Male,statistical_parity,gap,-0.0218115218115217,-0.0218115218115217,0.0
X1_vs_X2,race_proxy_blind,COMPAS tool,break_even,Female vs Male,statistical_parity,minimum_delta,0.0812994155554227,0.0812994155554227,0.0
X1_vs_X2,race_proxy_blind,COMPAS tool,break_even,Female vs Male,statistical_parity,p_holm,0.5470874224782923,0.5470874224782923,0.0
X1_vs_X2,race_proxy_blind,COMPAS tool,break_even,Hispanic vs Caucasian,conditional_statistical_parity,p_holm,0.7918417483537296,0.7918417483537296,0.0
X1_vs_X2,race_proxy_blind,COMPAS tool,break_even,Hispanic vs Caucasian,equalized_odds,p_holm,0.8910685887872078,0.8910685887872078,0.0
X1_vs_X2,race_proxy_blind,COMPAS tool,break_even,Hispanic vs Caucasian,fnr,gap,0.0641025641025641,0.0641025641025641,0.0
X1_vs_X2,race_proxy_blind,COMPAS tool,break_even,Hispanic vs Caucasian,fnr,minimum_delta,0.2103184531013468,0.2103184531013468,0.0
X1_vs_X2,race_proxy_blind,COMPAS tool,break_even,Hispanic vs Caucasian,fnr,p_holm,1.0,1.0,0.0
X1_vs_X2,race_proxy_blind,COMPAS tool,break_even,Hispanic vs Caucasian,fpr,gap,-0.0625,-0.0625,0.0
X1_vs_X2,race_proxy_blind,COMPAS tool,break_even,Hispanic vs Caucasian,fpr,minimum_delta,0.1571382751987945,0.1571382751987945,0.0
X1_vs_X2,race_proxy_blind,COMPAS tool,break_even,Hispanic vs Caucasian,fpr,p_holm,0.6073865813925219,0.6073865813925219,0.0
X1_vs_X2,race_proxy_blind,COMPAS tool,break_even,Hispanic vs Caucasian,statistical_parity,gap,-0.065880721220527,-0.065880721220527,0.0
X1_vs_X2,race_proxy_blind,COMPAS tool,break_even,Hispanic vs Caucasian,statistical_parity,minimum_delta,0.1491028857063477,0.1491028857063477,0.0
X1_vs_X2,race_proxy_blind,COMPAS tool,break_even,Hispanic vs Caucasian,statistical_parity,p_holm,0.4145046178721787,0.4145046178721787,0.0
X1_vs_X2,race_proxy_blind,COMPAS tool,break_even,Other vs Caucasian,conditional_statistical_parity,p_holm,0.0541392026701654,0.0541392026701654,0.0
X1_vs_X2,race_proxy_blind,COMPAS tool,break_even,Other vs Caucasian,equalized_odds,p_holm,0.0184747920878291,0.0184747920878291,0.0
X1_vs_X2,race_proxy_blind,COMPAS tool,break_even,Other vs Caucasian,fnr,gap,0.0769230769230768,0.0769230769230768,0.0
X1_vs_X2,race_proxy_blind,COMPAS tool,break_even,Other vs Caucasian,fnr,minimum_delta,0.2495977393554651,0.2495977393554651,0.0
X1_vs_X2,race_proxy_blind,COMPAS tool,break_even,Other vs Caucasian,fnr,p_holm,1.0,1.0,0.0
X1_vs_X2,race_proxy_blind,COMPAS tool,break_even,Other vs Caucasian,fpr,gap,-0.1958575581395348,-0.1958575581395348,0.0
X1_vs_X2,race_proxy_blind,COMPAS tool,break_even,Other vs Caucasian,fpr,minimum_delta,0.274493305065666,0.274493305065666,0.0
X1_vs_X2,race_proxy_blind,COMPAS tool,break_even,Other vs Caucasian,fpr,p_holm,0.0156781578647862,0.0156781578647862,0.0
X1_vs_X2,race_proxy_blind,COMPAS tool,break_even,Other vs Caucasian,statistical_parity,gap,-0.1542443064182194,-0.1542443064182194,0.0
X1_vs_X2,race_proxy_blind,COMPAS tool,break_even,Other vs Caucasian,statistical_parity,minimum_delta,0.2428468089675734,0.2428468089675734,0.0
X1_vs_X2,race_proxy_blind,COMPAS tool,break_even,Other vs Caucasian,statistical_parity,p_holm,0.0357031647933105,0.0357031647933105,0.0
X1_vs_X2,race_proxy_blind,TabPFN,0.5,African-American vs Caucasian,conditional_statistical_parity,p_holm,0.492741527283856,0.492741527283856,0.0
X1_vs_X2,race_proxy_blind,TabPFN,0.5,African-American vs Caucasian,equalized_odds,p_holm,0.0607520644223733,0.0607520644223733,0.0
X1_vs_X2,race_proxy_blind,TabPFN,0.5,African-American vs Caucasian,fnr,gap,-0.0814289899655752,-0.0814289899655752,0.0
X1_vs_X2,race_proxy_blind,TabPFN,0.5,African-American vs Caucasian,fnr,minimum_delta,0.144457453007417,0.144457453007417,0.0
X1_vs_X2,race_proxy_blind,TabPFN,0.5,African-American vs Caucasian,fnr,p_holm,0.1288958209794117,0.1288958209794117,0.0
X1_vs_X2,race_proxy_blind,TabPFN,0.5,African-American vs Caucasian,fpr,gap,0.0535530115511551,0.0535530115511551,0.0
X1_vs_X2,race_proxy_blind,TabPFN,0.5,African-American vs Caucasian,fpr,minimum_delta,0.0998313253606296,0.0998313253606296,0.0
X1_vs_X2,race_proxy_blind,TabPFN,0.5,African-American vs Caucasian,fpr,p_holm,0.1835380806627241,0.1835380806627241,0.0
X1_vs_X2,race_proxy_blind,TabPFN,0.5,African-American vs Caucasian,statistical_parity,gap,0.0781671159029649,0.0781671159029649,0.0
X1_vs_X2,race_proxy_blind,TabPFN,0.5,African-American vs Caucasian,statistical_parity,minimum_delta,0.1161037700487685,0.1161037700487685,0.0
X1_vs_X2,race_proxy_blind,TabPFN,0.5,African-American vs Caucasian,statistical_parity,p_holm,0.003463325475778,0.003463325475778,0.0
X1_vs_X2,race_proxy_blind,TabPFN,0.5,Female vs Male,conditional_statistical_parity,p_holm,1.5381684386366064e-50,1.5381684386366064e-50,0.0
X1_vs_X2,race_proxy_blind,TabPFN,0.5,Female vs Male,equalized_odds,p_holm,2.66000048984062e-21,2.66000048984062e-21,0.0
X1_vs_X2,race_proxy_blind,TabPFN,0.5,Female vs Male,fnr,gap,0.2770833333333333,0.2770833333333333,0.0
X1_vs_X2,race_proxy_blind,TabPFN,0.5,Female vs Male,fnr,minimum_delta,0.3107402024332938,0.3107402024332938,0.0
X1_vs_X2,race_proxy_blind,TabPFN,0.5,Female vs Male,fnr,p_holm,1.6318513182062186e-07,1.6318513182062186e-07,0.0
X1_vs_X2,race_proxy_blind,TabPFN,0.5,Female vs Male,fpr,gap,-0.1689059500959693,-0.1689059500959693,0.0
X1_vs_X2,race_proxy_blind,TabPFN,0.5,Female vs Male,fpr,minimum_delta,0.1959428479560995,0.1959428479560995,0.0
X1_vs_X2,race_proxy_blind,TabPFN,0.5,Female vs Male,fpr,p_holm,2.419172005430815e-07,2.419172005430815e-07,0.0
X1_vs_X2,race_proxy_blind,TabPFN,0.5,Female vs Male,statistical_parity,gap,-0.2207792207792207,-0.2207792207792207,0.0
X1_vs_X2,race_proxy_blind,TabPFN,0.5,Female vs Male,statistical_parity,minimum_delta,0.2423589504464525,0.2423589504464525,0.0
X1_vs_X2,race_proxy_blind,TabPFN,0.5,Female vs Male,statistical_parity,p_holm,8.601925544502968e-15,8.601925544502968e-15,0.0
X1_vs_X2,race_proxy_blind,TabPFN,0.5,Hispanic vs Caucasian,conditional_statistical_parity,p_holm,0.5076313648131672,0.5076313648131672,0.0
X1_vs_X2,race_proxy_blind,TabPFN,0.5,Hispanic vs Caucasian,equalized_odds,p_holm,0.6316284137760456,0.6316284137760456,0.0
X1_vs_X2,race_proxy_blind,TabPFN,0.5,Hispanic vs Caucasian,fnr,gap,-0.0795809881175734,-0.0795809881175734,0.0
X1_vs_X2,race_proxy_blind,TabPFN,0.5,Hispanic vs Caucasian,fnr,minimum_delta,0.2051728986118463,0.2051728986118463,0.0
X1_vs_X2,race_proxy_blind,TabPFN,0.5,Hispanic vs Caucasian,fnr,p_holm,0.2568555656143025,0.2568555656143025,0.0
X1_vs_X2,race_proxy_blind,TabPFN,0.5,Hispanic vs Caucasian,fpr,gap,0.0390625,0.0390625,0.0
X1_vs_X2,race_proxy_blind,TabPFN,0.5,Hispanic vs Caucasian,fpr,minimum_delta,0.1172206918159997,0.1172206918159997,0.0
X1_vs_X2,race_proxy_blind,TabPFN,0.5,Hispanic vs Caucasian,fpr,p_holm,0.7409891580935359,0.7409891580935359,0.0
X1_vs_X2,race_proxy_blind,TabPFN,0.5,Hispanic vs Caucasian,statistical_parity,gap,0.0535136384650947,0.0535136384650947,0.0
X1_vs_X2,race_proxy_blind,TabPFN,0.5,Hispanic vs Caucasian,statistical_parity,minimum_delta,0.1220805965158646,0.1220805965158646,0.0
X1_vs_X2,race_proxy_blind,TabPFN,0.5,Hispanic vs Caucasian,statistical_parity,p_holm,0.3251693542398828,0.3251693542398828,0.0
X1_vs_X2,race_proxy_blind,TabPFN,0.5,Other vs Caucasian,conditional_statistical_parity,p_holm,0.492741527283856,0.492741527283856,0.0
X1_vs_X2,race_proxy_blind,TabPFN,0.5,Other vs Caucasian,equalized_odds,p_holm,0.6316284137760456,0.6316284137760456,0.0
X1_vs_X2,race_proxy_blind,TabPFN,0.5,Other vs Caucasian,fnr,gap,-0.1308630393996247,-0.1308630393996247,0.0
X1_vs_X2,race_proxy_blind,TabPFN,0.5,Other vs Caucasian,fnr,minimum_delta,0.2883805466018645,0.2883805466018645,0.0
X1_vs_X2,race_proxy_blind,TabPFN,0.5,Other vs Caucasian,fnr,p_holm,0.2349267863595319,0.2349267863595319,0.0
X1_vs_X2,race_proxy_blind,TabPFN,0.5,Other vs Caucasian,fpr,gap,0.0147165697674418,0.0147165697674418,0.0
X1_vs_X2,race_proxy_blind,TabPFN,0.5,Other vs Caucasian,fpr,minimum_delta,0.1011829218419271,0.1011829218419271,0.0
X1_vs_X2,race_proxy_blind,TabPFN,0.5,Other vs Caucasian,fpr,p_holm,0.7695837503588311,0.7695837503588311,0.0
X1_vs_X2,race_proxy_blind,TabPFN,0.5,Other vs Caucasian,statistical_parity,gap,0.0574534161490683,0.0574534161490683,0.0
X1_vs_X2,race_proxy_blind,TabPFN,0.5,Other vs Caucasian,statistical_parity,minimum_delta,0.139638898838722,0.139638898838722,0.0
X1_vs_X2,race_proxy_blind,TabPFN,0.5,Other vs Caucasian,statistical_parity,p_holm,0.3251693542398828,0.3251693542398828,0.0
X1_vs_X2,race_proxy_blind,TabPFN,break_even,African-American vs Caucasian,conditional_statistical_parity,p_holm,1.0,1.0,0.0
X1_vs_X2,race_proxy_blind,TabPFN,break_even,African-American vs Caucasian,equalized_odds,p_holm,1.0,1.0,0.0
X1_vs_X2,race_proxy_blind,TabPFN,break_even,African-American vs Caucasian,fnr,gap,0.0,0.0,0.0
X1_vs_X2,race_proxy_blind,TabPFN,break_even,African-American vs Caucasian,fnr,p_holm,1.0,1.0,0.0
X1_vs_X2,race_proxy_blind,TabPFN,break_even,African-American vs Caucasian,fpr,gap,0.0,0.0,0.0
X1_vs_X2,race_proxy_blind,TabPFN,break_even,African-American vs Caucasian,fpr,p_holm,1.0,1.0,0.0
X1_vs_X2,race_proxy_blind,TabPFN,break_even,African-American vs Caucasian,statistical_parity,gap,0.0,0.0,0.0
X1_vs_X2,race_proxy_blind,TabPFN,break_even,African-American vs Caucasian,statistical_parity,p_holm,1.0,1.0,0.0
X1_vs_X2,race_proxy_blind,TabPFN,break_even,Female vs Male,conditional_statistical_parity,p_holm,1.0,1.0,0.0
X1_vs_X2,race_proxy_blind,TabPFN,break_even,Female vs Male,equalized_odds,p_holm,1.0,1.0,0.0
X1_vs_X2,race_proxy_blind,TabPFN,break_even,Female vs Male,fnr,gap,0.0,0.0,0.0
X1_vs_X2,race_proxy_blind,TabPFN,break_even,Female vs Male,fnr,p_holm,1.0,1.0,0.0
X1_vs_X2,race_proxy_blind,TabPFN,break_even,Female vs Male,fpr,gap,0.0,0.0,0.0
X1_vs_X2,race_proxy_blind,TabPFN,break_even,Female vs Male,fpr,p_holm,1.0,1.0,0.0
X1_vs_X2,race_proxy_blind,TabPFN,break_even,Female vs Male,statistical_parity,gap,0.0,0.0,0.0
X1_vs_X2,race_proxy_blind,TabPFN,break_even,Female vs Male,statistical_parity,p_holm,1.0,1.0,0.0
X1_vs_X2,race_proxy_blind,TabPFN,break_even,Hispanic vs Caucasian,conditional_statistical_parity,p_holm,1.0,1.0,0.0
X1_vs_X2,race_proxy_blind,TabPFN,break_even,Hispanic vs Caucasian,equalized_odds,p_holm,1.0,1.0,0.0
X1_vs_X2,race_proxy_blind,TabPFN,break_even,Hispanic vs Caucasian,fnr,gap,0.0,0.0,0.0
X1_vs_X2,race_proxy_blind,TabPFN,break_even,Hispanic vs Caucasian,fnr,p_holm,1.0,1.0,0.0
X1_vs_X2,race_proxy_blind,TabPFN,break_even,Hispanic vs Caucasian,fpr,gap,0.0,0.0,0.0
X1_vs_X2,race_proxy_blind,TabPFN,break_even,Hispanic vs Caucasian,fpr,p_holm,1.0,1.0,0.0
X1_vs_X2,race_proxy_blind,TabPFN,break_even,Hispanic vs Caucasian,statistical_parity,gap,0.0,0.0,0.0
X1_vs_X2,race_proxy_blind,TabPFN,break_even,Hispanic vs Caucasian,statistical_parity,p_holm,1.0,1.0,0.0
X1_vs_X2,race_proxy_blind,TabPFN,break_even,Other vs Caucasian,conditional_statistical_parity,p_holm,1.0,1.0,0.0
X1_vs_X2,race_proxy_blind,TabPFN,break_even,Other vs Caucasian,equalized_odds,p_holm,1.0,1.0,0.0
X1_vs_X2,race_proxy_blind,TabPFN,break_even,Other vs Caucasian,fnr,gap,0.0,0.0,0.0
X1_vs_X2,race_proxy_blind,TabPFN,break_even,Other vs Caucasian,fnr,p_holm,1.0,1.0,0.0
X1_vs_X2,race_proxy_blind,TabPFN,break_even,Other vs Caucasian,fpr,gap,0.0,0.0,0.0
X1_vs_X2,race_proxy_blind,TabPFN,break_even,Other vs Caucasian,fpr,p_holm,1.0,1.0,0.0
X1_vs_X2,race_proxy_blind,TabPFN,break_even,Other vs Caucasian,statistical_parity,gap,0.0,0.0,0.0
X1_vs_X2,race_proxy_blind,TabPFN,break_even,Other vs Caucasian,statistical_parity,p_holm,1.0,1.0,0.0
X1_vs_X2,sex_blind,COMPAS tool,0.5,African-American vs Caucasian,conditional_statistical_parity,p_holm,0.009819619691678,0.009819619691678,0.0
X1_vs_X2,sex_blind,COMPAS tool,0.5,African-American vs Caucasian,equalized_odds,p_holm,9.316832955230614e-11,9.316832955230614e-11,0.0
X1_vs_X2,sex_blind,COMPAS tool,0.5,African-American vs Caucasian,fnr,gap,-0.2627627627627628,-0.2627627627627628,0.0
X1_vs_X2,sex_blind,COMPAS tool,0.5,African-American vs Caucasian,fnr,minimum_delta,0.3376995651526174,0.3376995651526174,0.0
X1_vs_X2,sex_blind,COMPAS tool,0.5,African-American vs Caucasian,fnr,p_holm,1.5847951579904764e-08,1.5847951579904764e-08,0.0
X1_vs_X2,sex_blind,COMPAS tool,0.5,African-American vs Caucasian,fpr,gap,0.1568172442244224,0.1568172442244224,0.0
X1_vs_X2,sex_blind,COMPAS tool,0.5,African-American vs Caucasian,fpr,minimum_delta,0.2220423235823667,0.2220423235823667,0.0
X1_vs_X2,sex_blind,COMPAS tool,0.5,African-American vs Caucasian,fpr,p_holm,0.0004329808176416,0.0004329808176416,0.0
X1_vs_X2,sex_blind,COMPAS tool,0.5,African-American vs Caucasian,statistical_parity,gap,0.2434860736747529,0.2434860736747529,0.0
X1_vs_X2,sex_blind,COMPAS tool,0.5,African-American vs Caucasian,statistical_parity,minimum_delta,0.2935240616572558,0.2935240616572558,0.0
X1_vs_X2,sex_blind,COMPAS tool,0.5,African-American vs Caucasian,statistical_parity,p_holm,3.814479626008962e-14,3.814479626008962e-14,0.0
X1_vs_X2,sex_blind,COMPAS tool,0.5,Female vs Male,conditional_statistical_parity,p_holm,0.7918417483537296,0.7918417483537296,0.0
X1_vs_X2,sex_blind,COMPAS tool,0.5,Female vs Male,equalized_odds,p_holm,0.8910685887872078,0.8910685887872078,0.0
X1_vs_X2,sex_blind,COMPAS tool,0.5,Female vs Male,fnr,gap,-0.0471636546184738,-0.0471636546184738,0.0
X1_vs_X2,sex_blind,COMPAS tool,0.5,Female vs Male,fnr,minimum_delta,0.1384832300003962,0.1384832300003962,0.0
X1_vs_X2,sex_blind,COMPAS tool,0.5,Female vs Male,fnr,p_holm,1.0,1.0,0.0
X1_vs_X2,sex_blind,COMPAS tool,0.5,Female vs Male,fpr,gap,0.0031015240685894,0.0031015240685894,0.0
X1_vs_X2,sex_blind,COMPAS tool,0.5,Female vs Male,fpr,minimum_delta,0.0739468522735205,0.0739468522735205,0.0
X1_vs_X2,sex_blind,COMPAS tool,0.5,Female vs Male,fpr,p_holm,0.9424317521274836,0.9424317521274836,0.0
X1_vs_X2,sex_blind,COMPAS tool,0.5,Female vs Male,statistical_parity,gap,-0.0218115218115217,-0.0218115218115217,0.0
X1_vs_X2,sex_blind,COMPAS tool,0.5,Female vs Male,statistical_parity,minimum_delta,0.0812994155554227,0.0812994155554227,0.0
X1_vs_X2,sex_blind,COMPAS tool,0.5,Female vs Male,statistical_parity,p_holm,0.5470874224782923,0.5470874224782923,0.0
X1_vs_X2,sex_blind,COMPAS tool,0.5,Hispanic vs Caucasian,conditional_statistical_parity,p_holm,0.7918417483537296,0.7918417483537296,0.0
X1_vs_X2,sex_blind,COMPAS tool,0.5,Hispanic vs Caucasian,equalized_odds,p_holm,0.8910685887872078,0.8910685887872078,0.0
X1_vs_X2,sex_blind,COMPAS tool,0.5,Hispanic vs Caucasian,fnr,gap,0.0641025641025641,0.0641025641025641,0.0
X1_vs_X2,sex_blind,COMPAS tool,0.5,Hispanic vs Caucasian,fnr,minimum_delta,0.2103184531013468,0.2103184531013468,0.0
X1_vs_X2,sex_blind,COMPAS tool,0.5,Hispanic vs Caucasian,fnr,p_holm,1.0,1.0,0.0
X1_vs_X2,sex_blind,COMPAS tool,0.5,Hispanic vs Caucasian,fpr,gap,-0.0625,-0.0625,0.0
X1_vs_X2,sex_blind,COMPAS tool,0.5,Hispanic vs Caucasian,fpr,minimum_delta,0.1571382751987945,0.1571382751987945,0.0
X1_vs_X2,sex_blind,COMPAS tool,0.5,Hispanic vs Caucasian,fpr,p_holm,0.6073865813925219,0.6073865813925219,0.0
X1_vs_X2,sex_blind,COMPAS tool,0.5,Hispanic vs Caucasian,statistical_parity,gap,-0.065880721220527,-0.065880721220527,0.0
X1_vs_X2,sex_blind,COMPAS tool,0.5,Hispanic vs Caucasian,statistical_parity,minimum_delta,0.1491028857063477,0.1491028857063477,0.0
X1_vs_X2,sex_blind,COMPAS tool,0.5,Hispanic vs Caucasian,statistical_parity,p_holm,0.4145046178721787,0.4145046178721787,0.0
X1_vs_X2,sex_blind,COMPAS tool,0.5,Other vs Caucasian,conditional_statistical_parity,p_holm,0.0541392026701654,0.0541392026701654,0.0
X1_vs_X2,sex_blind,COMPAS tool,0.5,Other vs Caucasian,equalized_odds,p_holm,0.0184747920878291,0.0184747920878291,0.0
X1_vs_X2,sex_blind,COMPAS tool,0.5,Other vs Caucasian,fnr,gap,0.0769230769230768,0.0769230769230768,0.0
X1_vs_X2,sex_blind,COMPAS tool,0.5,Other vs Caucasian,fnr,minimum_delta,0.2495977393554651,0.2495977393554651,0.0
X1_vs_X2,sex_blind,COMPAS tool,0.5,Other vs Caucasian,fnr,p_holm,1.0,1.0,0.0
X1_vs_X2,sex_blind,COMPAS tool,0.5,Other vs Caucasian,fpr,gap,-0.1958575581395348,-0.1958575581395348,0.0
X1_vs_X2,sex_blind,COMPAS tool,0.5,Other vs Caucasian,fpr,minimum_delta,0.274493305065666,0.274493305065666,0.0
X1_vs_X2,sex_blind,COMPAS tool,0.5,Other vs Caucasian,fpr,p_holm,0.0156781578647862,0.0156781578647862,0.0
X1_vs_X2,sex_blind,COMPAS tool,0.5,Other vs Caucasian,statistical_parity,gap,-0.1542443064182194,-0.1542443064182194,0.0
X1_vs_X2,sex_blind,COMPAS tool,0.5,Other vs Caucasian,statistical_parity,minimum_delta,0.2428468089675734,0.2428468089675734,0.0
X1_vs_X2,sex_blind,COMPAS tool,0.5,Other vs Caucasian,statistical_parity,p_holm,0.0357031647933105,0.0357031647933105,0.0
X1_vs_X2,sex_blind,COMPAS tool,break_even,African-American vs Caucasian,conditional_statistical_parity,p_holm,0.009819619691678,0.009819619691678,0.0
X1_vs_X2,sex_blind,COMPAS tool,break_even,African-American vs Caucasian,equalized_odds,p_holm,9.316832955230614e-11,9.316832955230614e-11,0.0
X1_vs_X2,sex_blind,COMPAS tool,break_even,African-American vs Caucasian,fnr,gap,-0.2627627627627628,-0.2627627627627628,0.0
X1_vs_X2,sex_blind,COMPAS tool,break_even,African-American vs Caucasian,fnr,minimum_delta,0.3376995651526174,0.3376995651526174,0.0
X1_vs_X2,sex_blind,COMPAS tool,break_even,African-American vs Caucasian,fnr,p_holm,1.5847951579904764e-08,1.5847951579904764e-08,0.0
X1_vs_X2,sex_blind,COMPAS tool,break_even,African-American vs Caucasian,fpr,gap,0.1568172442244224,0.1568172442244224,0.0
X1_vs_X2,sex_blind,COMPAS tool,break_even,African-American vs Caucasian,fpr,minimum_delta,0.2220423235823667,0.2220423235823667,0.0
X1_vs_X2,sex_blind,COMPAS tool,break_even,African-American vs Caucasian,fpr,p_holm,0.0004329808176416,0.0004329808176416,0.0
X1_vs_X2,sex_blind,COMPAS tool,break_even,African-American vs Caucasian,statistical_parity,gap,0.2434860736747529,0.2434860736747529,0.0
X1_vs_X2,sex_blind,COMPAS tool,break_even,African-American vs Caucasian,statistical_parity,minimum_delta,0.2935240616572558,0.2935240616572558,0.0
X1_vs_X2,sex_blind,COMPAS tool,break_even,African-American vs Caucasian,statistical_parity,p_holm,3.814479626008962e-14,3.814479626008962e-14,0.0
X1_vs_X2,sex_blind,COMPAS tool,break_even,Female vs Male,conditional_statistical_parity,p_holm,0.7918417483537296,0.7918417483537296,0.0
X1_vs_X2,sex_blind,COMPAS tool,break_even,Female vs Male,equalized_odds,p_holm,0.8910685887872078,0.8910685887872078,0.0
X1_vs_X2,sex_blind,COMPAS tool,break_even,Female vs Male,fnr,gap,-0.0471636546184738,-0.0471636546184738,0.0
X1_vs_X2,sex_blind,COMPAS tool,break_even,Female vs Male,fnr,minimum_delta,0.1384832300003962,0.1384832300003962,0.0
X1_vs_X2,sex_blind,COMPAS tool,break_even,Female vs Male,fnr,p_holm,1.0,1.0,0.0
X1_vs_X2,sex_blind,COMPAS tool,break_even,Female vs Male,fpr,gap,0.0031015240685894,0.0031015240685894,0.0
X1_vs_X2,sex_blind,COMPAS tool,break_even,Female vs Male,fpr,minimum_delta,0.0739468522735205,0.0739468522735205,0.0
X1_vs_X2,sex_blind,COMPAS tool,break_even,Female vs Male,fpr,p_holm,0.9424317521274836,0.9424317521274836,0.0
X1_vs_X2,sex_blind,COMPAS tool,break_even,Female vs Male,statistical_parity,gap,-0.0218115218115217,-0.0218115218115217,0.0
X1_vs_X2,sex_blind,COMPAS tool,break_even,Female vs Male,statistical_parity,minimum_delta,0.0812994155554227,0.0812994155554227,0.0
X1_vs_X2,sex_blind,COMPAS tool,break_even,Female vs Male,statistical_parity,p_holm,0.5470874224782923,0.5470874224782923,0.0
X1_vs_X2,sex_blind,COMPAS tool,break_even,Hispanic vs Caucasian,conditional_statistical_parity,p_holm,0.7918417483537296,0.7918417483537296,0.0
X1_vs_X2,sex_blind,COMPAS tool,break_even,Hispanic vs Caucasian,equalized_odds,p_holm,0.8910685887872078,0.8910685887872078,0.0
X1_vs_X2,sex_blind,COMPAS tool,break_even,Hispanic vs Caucasian,fnr,gap,0.0641025641025641,0.0641025641025641,0.0
X1_vs_X2,sex_blind,COMPAS tool,break_even,Hispanic vs Caucasian,fnr,minimum_delta,0.2103184531013468,0.2103184531013468,0.0
X1_vs_X2,sex_blind,COMPAS tool,break_even,Hispanic vs Caucasian,fnr,p_holm,1.0,1.0,0.0
X1_vs_X2,sex_blind,COMPAS tool,break_even,Hispanic vs Caucasian,fpr,gap,-0.0625,-0.0625,0.0
X1_vs_X2,sex_blind,COMPAS tool,break_even,Hispanic vs Caucasian,fpr,minimum_delta,0.1571382751987945,0.1571382751987945,0.0
X1_vs_X2,sex_blind,COMPAS tool,break_even,Hispanic vs Caucasian,fpr,p_holm,0.6073865813925219,0.6073865813925219,0.0
X1_vs_X2,sex_blind,COMPAS tool,break_even,Hispanic vs Caucasian,statistical_parity,gap,-0.065880721220527,-0.065880721220527,0.0
X1_vs_X2,sex_blind,COMPAS tool,break_even,Hispanic vs Caucasian,statistical_parity,minimum_delta,0.1491028857063477,0.1491028857063477,0.0
X1_vs_X2,sex_blind,COMPAS tool,break_even,Hispanic vs Caucasian,statistical_parity,p_holm,0.4145046178721787,0.4145046178721787,0.0
X1_vs_X2,sex_blind,COMPAS tool,break_even,Other vs Caucasian,conditional_statistical_parity,p_holm,0.0541392026701654,0.0541392026701654,0.0
X1_vs_X2,sex_blind,COMPAS tool,break_even,Other vs Caucasian,equalized_odds,p_holm,0.0184747920878291,0.0184747920878291,0.0
X1_vs_X2,sex_blind,COMPAS tool,break_even,Other vs Caucasian,fnr,gap,0.0769230769230768,0.0769230769230768,0.0
X1_vs_X2,sex_blind,COMPAS tool,break_even,Other vs Caucasian,fnr,minimum_delta,0.2495977393554651,0.2495977393554651,0.0
X1_vs_X2,sex_blind,COMPAS tool,break_even,Other vs Caucasian,fnr,p_holm,1.0,1.0,0.0
X1_vs_X2,sex_blind,COMPAS tool,break_even,Other vs Caucasian,fpr,gap,-0.1958575581395348,-0.1958575581395348,0.0
X1_vs_X2,sex_blind,COMPAS tool,break_even,Other vs Caucasian,fpr,minimum_delta,0.274493305065666,0.274493305065666,0.0
X1_vs_X2,sex_blind,COMPAS tool,break_even,Other vs Caucasian,fpr,p_holm,0.0156781578647862,0.0156781578647862,0.0
X1_vs_X2,sex_blind,COMPAS tool,break_even,Other vs Caucasian,statistical_parity,gap,-0.1542443064182194,-0.1542443064182194,0.0
X1_vs_X2,sex_blind,COMPAS tool,break_even,Other vs Caucasian,statistical_parity,minimum_delta,0.2428468089675734,0.2428468089675734,0.0
X1_vs_X2,sex_blind,COMPAS tool,break_even,Other vs Caucasian,statistical_parity,p_holm,0.0357031647933105,0.0357031647933105,0.0
X1_vs_X2,sex_blind,TabPFN,0.5,African-American vs Caucasian,conditional_statistical_parity,p_holm,0.210121403207118,2.673284600926571e-05,-0.21009467036110874
X1_vs_X2,sex_blind,TabPFN,0.5,African-American vs Caucasian,equalized_odds,p_holm,2.8117740854606686e-10,1.9234344977957537e-12,-2.792539740482711e-10
X1_vs_X2,sex_blind,TabPFN,0.5,African-American vs Caucasian,fnr,gap,-0.291529334212261,-0.2918039991210723,-0.000274664908811284
X1_vs_X2,sex_blind,TabPFN,0.5,African-American vs Caucasian,fnr,minimum_delta,0.3670584869167877,0.3671558778526094,9.739093582167291e-05
X1_vs_X2,sex_blind,TabPFN,0.5,African-American vs Caucasian,fnr,p_holm,2.396912296339649e-09,2.8319871315778355e-09,4.350748352381866e-10
X1_vs_X2,sex_blind,TabPFN,0.5,African-American vs Caucasian,fpr,gap,0.1121596534653465,0.15815800330033,0.04599834983498351
X1_vs_X2,sex_blind,TabPFN,0.5,African-American vs Caucasian,fpr,minimum_delta,0.174861479836119,0.2172359535149337,0.042374473678814695
X1_vs_X2,sex_blind,TabPFN,0.5,African-American vs Caucasian,fpr,p_holm,0.0150875318210617,8.168653736945623e-05,-0.015005845283692245
X1_vs_X2,sex_blind,TabPFN,0.5,African-American vs Caucasian,statistical_parity,gap,0.226010781671159,0.2539532794249776,0.027942497753818574
X1_vs_X2,sex_blind,TabPFN,0.5,African-American vs Caucasian,statistical_parity,minimum_delta,0.2750030341347023,0.3015726057646914,0.02656957162998913
X1_vs_X2,sex_blind,TabPFN,0.5,African-American vs Caucasian,statistical_parity,p_holm,1.5161687768887246e-12,6.737414112570469e-16,-1.5154950354774676e-12
X1_vs_X2,sex_blind,TabPFN,0.5,Female vs Male,conditional_statistical_parity,p_holm,0.1467167936244132,0.0237738232810328,-0.12294297034338039
X1_vs_X2,sex_blind,TabPFN,0.5,Female vs Male,equalized_odds,p_holm,0.0032056759554201,0.0060230195092794,0.0028173435538593
X1_vs_X2,sex_blind,TabPFN,0.5,Female vs Male,fnr,gap,0.2186244979919678,0.2035893574297189,-0.015035140562248889
X1_vs_X2,sex_blind,TabPFN,0.5,Female vs Male,fnr,minimum_delta,0.314019440686802,0.2986314939447775,-0.015387946742024483
X1_vs_X2,sex_blind,TabPFN,0.5,Female vs Male,fnr,p_holm,0.0006051418737159,0.00174182323672,0.0011366813630041
X1_vs_X2,sex_blind,TabPFN,0.5,Female vs Male,fpr,gap,-0.001893963468114,-0.0299220805633587,-0.0280281170952447
X1_vs_X2,sex_blind,TabPFN,0.5,Female vs Male,fpr,minimum_delta,0.0691052381394274,0.0928148094778903,0.023709571338462895
X1_vs_X2,sex_blind,TabPFN,0.5,Female vs Male,fpr,p_holm,0.9630258557035668,1.0,0.0369741442964332
X1_vs_X2,sex_blind,TabPFN,0.5,Female vs Male,statistical_parity,gap,-0.1208791208791208,-0.1333666333666334,-0.012487512487512606
X1_vs_X2,sex_blind,TabPFN,0.5,Female vs Male,statistical_parity,minimum_delta,0.1768216322021704,0.187489360825497,0.0106677286233266
X1_vs_X2,sex_blind,TabPFN,0.5,Female vs Male,statistical_parity,p_holm,0.0020942039719203,0.0004533681237343,-0.0016408358481860002
X1_vs_X2,sex_blind,TabPFN,0.5,Hispanic vs Caucasian,conditional_statistical_parity,p_holm,0.1427690190187327,0.3564062750348862,0.2136372560161535
X1_vs_X2,sex_blind,TabPFN,0.5,Hispanic vs Caucasian,equalized_odds,p_holm,0.1227975178689819,0.7273640754483015,0.6045665575793197
X1_vs_X2,sex_blind,TabPFN,0.5,Hispanic vs Caucasian,fnr,gap,-0.1286741713570982,-0.0444027517198248,0.08427141963727339
X1_vs_X2,sex_blind,TabPFN,0.5,Hispanic vs Caucasian,fnr,minimum_delta,0.2750702253693444,0.188636099778185,-0.0864341255911594
X1_vs_X2,sex_blind,TabPFN,0.5,Hispanic vs Caucasian,fnr,p_holm,0.2729479888056055,0.6065561308990495,0.33360814209344397
X1_vs_X2,sex_blind,TabPFN,0.5,Hispanic vs Caucasian,fpr,gap,-0.09375,-0.03125,0.0625
X1_vs_X2,sex_blind,TabPFN,0.5,Hispanic vs Caucasian,fpr,minimum_delta,0.1776919886770558,0.1128083892520709,-0.0648835994249849
X1_vs_X2,sex_blind,TabPFN,0.5,Hispanic vs Caucasian,fpr,p_holm,0.247033798361491,1.0,0.752966201638509
X1_vs_X2,sex_blind,TabPFN,0.5,Hispanic vs Caucasian,statistical_parity,gap,-0.0113037447988904,-0.0049006010171058,0.006403143781784599
X1_vs_X2,sex_blind,TabPFN,0.5,Hispanic vs Caucasian,statistical_parity,minimum_delta,0.0929808010462971,0.0826806430597184,-0.010300157986578712
X1_vs_X2,sex_blind,TabPFN,0.5,Hispanic vs Caucasian,statistical_parity,p_holm,1.0,1.0,0.0
X1_vs_X2,sex_blind,TabPFN,0.5,Other vs Caucasian,conditional_statistical_parity,p_holm,0.2145823375504714,0.5514411275579529,0.33685879000748153
X1_vs_X2,sex_blind,TabPFN,0.5,Other vs Caucasian,equalized_odds,p_holm,0.1227975178689819,0.5553178064161507,0.4325202885471688
X1_vs_X2,sex_blind,TabPFN,0.5,Other vs Caucasian,fnr,gap,-0.1543151969981238,-0.1341463414634146,0.020168855534709207
X1_vs_X2,sex_blind,TabPFN,0.5,Other vs Caucasian,fnr,minimum_delta,0.3276913798543621,0.3077509769585251,-0.019940402895836984
X1_vs_X2,sex_blind,TabPFN,0.5,Other vs Caucasian,fnr,p_holm,0.2729479888056055,0.3827642251155632,0.10981623630995768
X1_vs_X2,sex_blind,TabPFN,0.5,Other vs Caucasian,fpr,gap,-0.1180959302325581,-0.0555959302325581,0.0625
X1_vs_X2,sex_blind,TabPFN,0.5,Other vs Caucasian,fpr,minimum_delta,0.2098258166026981,0.1451488330552278,-0.06467698354747031
X1_vs_X2,sex_blind,TabPFN,0.5,Other vs Caucasian,fpr,p_holm,0.247033798361491,1.0,0.752966201638509
X1_vs_X2,sex_blind,TabPFN,0.5,Other vs Caucasian,statistical_parity,gap,-0.0174948240165631,0.0132505175983436,0.0307453416149067
X1_vs_X2,sex_blind,TabPFN,0.5,Other vs Caucasian,statistical_parity,minimum_delta,0.1133750393311528,0.1070270677283322,-0.006347971602820593
X1_vs_X2,sex_blind,TabPFN,0.5,Other vs Caucasian,statistical_parity,p_holm,1.0,1.0,0.0
X1_vs_X2,sex_blind,TabPFN,break_even,African-American vs Caucasian,conditional_statistical_parity,p_holm,0.993986128529397,1.0963897059808476e-22,-0.993986128529397
X1_vs_X2,sex_blind,TabPFN,break_even,African-American vs Caucasian,equalized_odds,p_holm,7.378286610830026e-07,0.0153461253093365,0.015345387480675416
X1_vs_X2,sex_blind,TabPFN,break_even,African-American vs Caucasian,fnr,gap,-0.1114040870138431,-0.059620596205962,0.051783490807881104
X1_vs_X2,sex_blind,TabPFN,break_even,African-American vs Caucasian,fnr,minimum_delta,0.1715984084555563,0.1157449180207572,-0.05585349043479909
X1_vs_X2,sex_blind,TabPFN,break_even,African-American vs Caucasian,fnr,p_holm,0.0036279421370067,0.1913819317041937,0.187753989567187
X1_vs_X2,sex_blind,TabPFN,break_even,African-American vs Caucasian,fpr,gap,0.1861334570957096,0.1131265470297029,-0.07300691006600671
X1_vs_X2,sex_blind,TabPFN,break_even,African-American vs Caucasian,fpr,minimum_delta,0.2531512251443774,0.1797299188216505,-0.07342130632272689
X1_vs_X2,sex_blind,TabPFN,break_even,African-American vs Caucasian,fpr,p_holm,2.3885045951529968e-05,0.0206930527056397,0.02066916765968817
X1_vs_X2,sex_blind,TabPFN,break_even,African-American vs Caucasian,statistical_parity,gap,0.1812219227313567,0.1169811320754716,-0.0642407906558851
X1_vs_X2,sex_blind,TabPFN,break_even,African-American vs Caucasian,statistical_parity,minimum_delta,0.2279469048722351,0.1625597945617792,-0.06538711031045591
X1_vs_X2,sex_blind,TabPFN,break_even,African-American vs Caucasian,statistical_parity,p_holm,2.9115287335717496e-10,6.276698407836899e-05,6.276669292549563e-05
X1_vs_X2,sex_blind,TabPFN,break_even,Female vs Male,conditional_statistical_parity,p_holm,1.0,1.0,0.0
X1_vs_X2,sex_blind,TabPFN,break_even,Female vs Male,equalized_odds,p_holm,0.2837148138590448,0.3323352547717365,0.04862044091269169
X1_vs_X2,sex_blind,TabPFN,break_even,Female vs Male,fnr,gap,0.095582329317269,0.0860692771084337,-0.00951305220883529
X1_vs_X2,sex_blind,TabPFN,break_even,Female vs Male,fnr,minimum_delta,0.1757467126775677,0.1630003552916809,-0.012746357385886808
X1_vs_X2,sex_blind,TabPFN,break_even,Female vs Male,fnr,p_holm,0.0699983562635776,0.1285006481776202,0.05850229191404259
X1_vs_X2,sex_blind,TabPFN,break_even,Female vs Male,fpr,gap,-0.0124188074385732,-0.0232614305144207,-0.0108426230758475
X1_vs_X2,sex_blind,TabPFN,break_even,Female vs Male,fpr,minimum_delta,0.0870292286663522,0.0970955076383713,0.010066278972019102
X1_vs_X2,sex_blind,TabPFN,break_even,Female vs Male,fpr,p_holm,1.0,0.9165289919293382,-0.08347100807066177
X1_vs_X2,sex_blind,TabPFN,break_even,Female vs Male,statistical_parity,gap,-0.0741480741480741,-0.0757575757575756,-0.0016095016095014902
X1_vs_X2,sex_blind,TabPFN,break_even,Female vs Male,statistical_parity,minimum_delta,0.1301487004888964,0.1307322584281077,0.0005835579392113044
X1_vs_X2,sex_blind,TabPFN,break_even,Female vs Male,statistical_parity,p_holm,0.0696407963113214,0.0517666277799258,-0.017874168531395604
X1_vs_X2,sex_blind,TabPFN,break_even,Hispanic vs Caucasian,conditional_statistical_parity,p_holm,0.993986128529397,1.0,0.0060138714706029495
X1_vs_X2,sex_blind,TabPFN,break_even,Hispanic vs Caucasian,equalized_odds,p_holm,1.0,0.6081864100899017,-0.3918135899100983
X1_vs_X2,sex_blind,TabPFN,break_even,Hispanic vs Caucasian,fnr,gap,-0.0400250156347717,-0.0425265791119449,-0.002501563477173202
X1_vs_X2,sex_blind,TabPFN,break_even,Hispanic vs Caucasian,fnr,minimum_delta,0.1547600732735715,0.1434378146437852,-0.011322258629786308
X1_vs_X2,sex_blind,TabPFN,break_even,Hispanic vs Caucasian,fnr,p_holm,0.8908721591785524,1.0,0.10912784082144755
X1_vs_X2,sex_blind,TabPFN,break_even,Hispanic vs Caucasian,fpr,gap,0.0234375,0.05078125,0.02734375
X1_vs_X2,sex_blind,TabPFN,break_even,Hispanic vs Caucasian,fpr,minimum_delta,0.1382795628385634,0.1619625578103975,0.023682994971834098
X1_vs_X2,sex_blind,TabPFN,break_even,Hispanic vs Caucasian,fpr,p_holm,1.0,0.9165289919293382,-0.08347100807066177
X1_vs_X2,sex_blind,TabPFN,break_even,Hispanic vs Caucasian,statistical_parity,gap,0.0266759130836801,0.0448220064724919,0.018146093388811797
X1_vs_X2,sex_blind,TabPFN,break_even,Hispanic vs Caucasian,statistical_parity,minimum_delta,0.1133384050090323,0.1261666096780205,0.012828204668988208
X1_vs_X2,sex_blind,TabPFN,break_even,Hispanic vs Caucasian,statistical_parity,p_holm,1.0,0.3771731394650487,-0.6228268605349513
X1_vs_X2,sex_blind,TabPFN,break_even,Other vs Caucasian,conditional_statistical_parity,p_holm,1.0,1.342822166675811e-10,-0.9999999998657177
X1_vs_X2,sex_blind,TabPFN,break_even,Other vs Caucasian,equalized_odds,p_holm,1.0,0.3323352547717365,-0.6676647452282636
X1_vs_X2,sex_blind,TabPFN,break_even,Other vs Caucasian,fnr,gap,-0.0656660412757973,-0.0168855534709193,0.048780487804877995
X1_vs_X2,sex_blind,TabPFN,break_even,Other vs Caucasian,fnr,minimum_delta,0.194255155542241,0.1435330635880821,-0.05072209195415889
X1_vs_X2,sex_blind,TabPFN,break_even,Other vs Caucasian,fnr,p_holm,0.8908721591785524,1.0,0.10912784082144755
X1_vs_X2,sex_blind,TabPFN,break_even,Other vs Caucasian,fpr,gap,-0.0583212209302325,-0.1712390988372092,-0.11291787790697669
X1_vs_X2,sex_blind,TabPFN,break_even,Other vs Caucasian,fpr,minimum_delta,0.1939836679623151,0.3053356155472336,0.11135194758491851
X1_vs_X2,sex_blind,TabPFN,break_even,Other vs Caucasian,fpr,p_holm,1.0,0.1082640008861424,-0.8917359991138576
X1_vs_X2,sex_blind,TabPFN,break_even,Other vs Caucasian,statistical_parity,gap,-0.0151138716356107,-0.1036231884057971,-0.08850931677018639
X1_vs_X2,sex_blind,TabPFN,break_even,Other vs Caucasian,statistical_parity,minimum_delta,0.1194811439032711,0.2084528418083425,0.08897169790507141
X1_vs_X2,sex_blind,TabPFN,break_even,Other vs Caucasian,statistical_parity,p_holm,1.0,0.1802108399013947,-0.8197891600986054
temporal_1_vs_2,age_blind,COMPAS tool,0.5,African-American vs Caucasian,conditional_statistical_parity,p_holm,0.0296855036277272,0.0101363285997548,-0.019549175027972397
temporal_1_vs_2,age_blind,COMPAS tool,0.5,African-American vs Caucasian,equalized_odds,p_holm,8.667853440464584e-12,6.089134526676387e-12,-2.5787189137881972e-12
temporal_1_vs_2,age_blind,COMPAS tool,0.5,African-American vs Caucasian,fnr,gap,-0.2418021618675629,-0.1570238877931186,0.0847782740744443
temporal_1_vs_2,age_blind,COMPAS tool,0.5,African-American vs Caucasian,fnr,minimum_delta,0.3383315470575448,0.2340154807837571,-0.1043160662737877
temporal_1_vs_2,age_blind,COMPAS tool,0.5,African-American vs Caucasian,fnr,p_holm,0.0001388136429873,0.0030044983540566,0.0028656847110693
temporal_1_vs_2,age_blind,COMPAS tool,0.5,African-American vs Caucasian,fpr,gap,0.2333333333333333,0.1965872082118437,-0.036746125121489615
temporal_1_vs_2,age_blind,COMPAS tool,0.5,African-American vs Caucasian,fpr,minimum_delta,0.2946704194505284,0.2446807011255172,-0.0499897183250112
temporal_1_vs_2,age_blind,COMPAS tool,0.5,African-American vs Caucasian,fpr,p_holm,7.660684342716421e-09,3.0918807546320046e-10,-7.351496267253221e-09
temporal_1_vs_2,age_blind,COMPAS tool,0.5,African-American vs Caucasian,statistical_parity,gap,0.2629626202812731,0.2114142612363253,-0.051548359044947784
temporal_1_vs_2,age_blind,COMPAS tool,0.5,African-American vs Caucasian,statistical_parity,minimum_delta,0.3146594289207531,0.2527995075828846,-0.061859921337868495
temporal_1_vs_2,age_blind,COMPAS tool,0.5,African-American vs Caucasian,statistical_parity,p_holm,5.990344653324547e-15,2.104684670542641e-15,-3.885659982781906e-15
temporal_1_vs_2,age_blind,COMPAS tool,0.5,Female vs Male,conditional_statistical_parity,p_holm,0.4232122941829386,0.8878273828204716,0.464615088637533
temporal_1_vs_2,age_blind,COMPAS tool,0.5,Female vs Male,equalized_odds,p_holm,1.0,0.6787045577757904,-0.3212954422242096
temporal_1_vs_2,age_blind,COMPAS tool,0.5,Female vs Male,fnr,gap,0.0699472096530919,-0.0258310178038488,-0.0957782274569407
temporal_1_vs_2,age_blind,COMPAS tool,0.5,Female vs Male,fnr,minimum_delta,0.1939540471247839,0.1225959771336141,-0.0713580699911698
temporal_1_vs_2,age_blind,COMPAS tool,0.5,Female vs Male,fnr,p_holm,0.6929734504095852,1.0,0.30702654959041475
temporal_1_vs_2,age_blind,COMPAS tool,0.5,Female vs Male,fpr,gap,-0.0216152375239023,-0.0438605092002483,-0.022245271676346004
temporal_1_vs_2,age_blind,COMPAS tool,0.5,Female vs Male,fpr,minimum_delta,0.0875526321510372,0.0944926840029939,0.006940051851956702
temporal_1_vs_2,age_blind,COMPAS tool,0.5,Female vs Male,fpr,p_holm,1.0,0.3272801572571062,-0.6727198427428938
temporal_1_vs_2,age_blind,COMPAS tool,0.5,Female vs Male,statistical_parity,gap,-0.0632541658686075,-0.0612133767871472,0.002040789081460305
temporal_1_vs_2,age_blind,COMPAS tool,0.5,Female vs Male,statistical_parity,minimum_delta,0.1222271917249142,0.1077318043003634,-0.014495387424550796
temporal_1_vs_2,age_blind,COMPAS tool,0.5,Female vs Male,statistical_parity,p_holm,0.165083187847234,0.1014756590400004,-0.0636075288072336
temporal_1_vs_2,age_blind,COMPAS tool,0.5,Hispanic vs Caucasian,conditional_statistical_parity,p_holm,0.4758586057794137,0.8742910068708332,0.3984324010914195
temporal_1_vs_2,age_blind,COMPAS tool,0.5,Hispanic vs Caucasian,equalized_odds,p_holm,1.0,0.6787045577757904,-0.3212954422242096
temporal_1_vs_2,age_blind,COMPAS tool,0.5,Hispanic vs Caucasian,fnr,gap,0.0554455445544553,0.0911242603550295,0.035678715800574204
temporal_1_vs_2,age_blind,COMPAS tool,0.5,Hispanic vs Caucasian,fnr,minimum_delta,0.2374065714726705,0.241993802156629,0.004587230683958499
temporal_1_vs_2,age_blind,COMPAS tool,0.5,Hispanic vs Caucasian,fnr,p_holm,0.6929734504095852,0.977506745450603,0.28453329504101776
temporal_1_vs_2,age_blind,COMPAS tool,0.5,Hispanic vs Caucasian,fpr,gap,-0.0307320024198426,-0.0214311254134262,0.009300877006416401
temporal_1_vs_2,age_blind,COMPAS tool,0.5,Hispanic vs Caucasian,fpr,minimum_delta,0.1151105917061019,0.0953410445488391,-0.0197695471572628
temporal_1_vs_2,age_blind,COMPAS tool,0.5,Hispanic vs Caucasian,fpr,p_holm,1.0,0.6408353312616617,-0.3591646687383383
temporal_1_vs_2,age_blind,COMPAS tool,0.5,Hispanic vs Caucasian,statistical_parity,gap,-0.044180236861584,-0.0425649530127141,0.0016152838488699
temporal_1_vs_2,age_blind,COMPAS tool,0.5,Hispanic vs Caucasian,statistical_parity,minimum_delta,0.1225305520193017,0.1114358266400943,-0.011094725379207401
temporal_1_vs_2,age_blind,COMPAS tool,0.5,Hispanic vs Caucasian,statistical_parity,p_holm,0.3658528106363565,0.324097986677323,-0.041754823959033516
temporal_1_vs_2,age_blind,COMPAS tool,0.5,Other vs Caucasian,conditional_statistical_parity,p_holm,0.3943267740705046,0.1168445313920142,-0.2774822426784904
temporal_1_vs_2,age_blind,COMPAS tool,0.5,Other vs Caucasian,equalized_odds,p_holm,0.1280235112858655,0.1848002831869529,0.0567767719010874
temporal_1_vs_2,age_blind,COMPAS tool,0.5,Other vs Caucasian,fnr,gap,0.2201514269073965,0.0680473372781064,-0.15210408962929012
temporal_1_vs_2,age_blind,COMPAS tool,0.5,Other vs Caucasian,fnr,minimum_delta,0.4094922944476661,0.2403389963579945,-0.1691532980896716
temporal_1_vs_2,age_blind,COMPAS tool,0.5,Other vs Caucasian,fnr,p_holm,0.2677037128939495,1.0,0.7322962871060505
temporal_1_vs_2,age_blind,COMPAS tool,0.5,Other vs Caucasian,fpr,gap,-0.106265664160401,-0.1107752710956001,-0.004509606935199112
temporal_1_vs_2,age_blind,COMPAS tool,0.5,Other vs Caucasian,fpr,minimum_delta,0.1942083444234554,0.1805305826331522,-0.013677761790303195
temporal_1_vs_2,age_blind,COMPAS tool,0.5,Other vs Caucasian,fpr,p_holm,0.2545856758585532,0.0979451969029814,-0.1566404789555718
temporal_1_vs_2,age_blind,COMPAS tool,0.5,Other vs Caucasian,statistical_parity,gap,-0.1387252466463198,-0.1004200076365024,0.0383052390098174
temporal_1_vs_2,age_blind,COMPAS tool,0.5,Other vs Caucasian,statistical_parity,minimum_delta,0.2199547276171629,0.1733269055463779,-0.046627822070785
temporal_1_vs_2,age_blind,COMPAS tool,0.5,Other vs Caucasian,statistical_parity,p_holm,0.0468119201750961,0.1014756590400004,0.054663738864904304
temporal_1_vs_2,age_blind,COMPAS tool,break_even,African-American vs Caucasian,conditional_statistical_parity,p_holm,0.0296855036277272,0.0101363285997548,-0.019549175027972397
temporal_1_vs_2,age_blind,COMPAS tool,break_even,African-American vs Caucasian,equalized_odds,p_holm,8.667853440464584e-12,6.089134526676387e-12,-2.5787189137881972e-12
temporal_1_vs_2,age_blind,COMPAS tool,break_even,African-American vs Caucasian,fnr,gap,-0.2418021618675629,-0.1570238877931186,0.0847782740744443
temporal_1_vs_2,age_blind,COMPAS tool,break_even,African-American vs Caucasian,fnr,minimum_delta,0.3383315470575448,0.2340154807837571,-0.1043160662737877
temporal_1_vs_2,age_blind,COMPAS tool,break_even,African-American vs Caucasian,fnr,p_holm,0.0001388136429873,0.0030044983540566,0.0028656847110693
temporal_1_vs_2,age_blind,COMPAS tool,break_even,African-American vs Caucasian,fpr,gap,0.2333333333333333,0.1965872082118437,-0.036746125121489615
temporal_1_vs_2,age_blind,COMPAS tool,break_even,African-American vs Caucasian,fpr,minimum_delta,0.2946704194505284,0.2446807011255172,-0.0499897183250112
temporal_1_vs_2,age_blind,COMPAS tool,break_even,African-American vs Caucasian,fpr,p_holm,7.660684342716421e-09,3.0918807546320046e-10,-7.351496267253221e-09
temporal_1_vs_2,age_blind,COMPAS tool,break_even,African-American vs Caucasian,statistical_parity,gap,0.2629626202812731,0.2114142612363253,-0.051548359044947784
temporal_1_vs_2,age_blind,COMPAS tool,break_even,African-American vs Caucasian,statistical_parity,minimum_delta,0.3146594289207531,0.2527995075828846,-0.061859921337868495
temporal_1_vs_2,age_blind,COMPAS tool,break_even,African-American vs Caucasian,statistical_parity,p_holm,5.990344653324547e-15,2.104684670542641e-15,-3.885659982781906e-15
temporal_1_vs_2,age_blind,COMPAS tool,break_even,Female vs Male,conditional_statistical_parity,p_holm,0.4232122941829386,0.8878273828204716,0.464615088637533
temporal_1_vs_2,age_blind,COMPAS tool,break_even,Female vs Male,equalized_odds,p_holm,1.0,0.6787045577757904,-0.3212954422242096
temporal_1_vs_2,age_blind,COMPAS tool,break_even,Female vs Male,fnr,gap,0.0699472096530919,-0.0258310178038488,-0.0957782274569407
temporal_1_vs_2,age_blind,COMPAS tool,break_even,Female vs Male,fnr,minimum_delta,0.1939540471247839,0.1225959771336141,-0.0713580699911698
temporal_1_vs_2,age_blind,COMPAS tool,break_even,Female vs Male,fnr,p_holm,0.6929734504095852,1.0,0.30702654959041475
temporal_1_vs_2,age_blind,COMPAS tool,break_even,Female vs Male,fpr,gap,-0.0216152375239023,-0.0438605092002483,-0.022245271676346004
temporal_1_vs_2,age_blind,COMPAS tool,break_even,Female vs Male,fpr,minimum_delta,0.0875526321510372,0.0944926840029939,0.006940051851956702
temporal_1_vs_2,age_blind,COMPAS tool,break_even,Female vs Male,fpr,p_holm,1.0,0.3272801572571062,-0.6727198427428938
temporal_1_vs_2,age_blind,COMPAS tool,break_even,Female vs Male,statistical_parity,gap,-0.0632541658686075,-0.0612133767871472,0.002040789081460305
temporal_1_vs_2,age_blind,COMPAS tool,break_even,Female vs Male,statistical_parity,minimum_delta,0.1222271917249142,0.1077318043003634,-0.014495387424550796
temporal_1_vs_2,age_blind,COMPAS tool,break_even,Female vs Male,statistical_parity,p_holm,0.165083187847234,0.1014756590400004,-0.0636075288072336
temporal_1_vs_2,age_blind,COMPAS tool,break_even,Hispanic vs Caucasian,conditional_statistical_parity,p_holm,0.4758586057794137,0.8742910068708332,0.3984324010914195
temporal_1_vs_2,age_blind,COMPAS tool,break_even,Hispanic vs Caucasian,equalized_odds,p_holm,1.0,0.6787045577757904,-0.3212954422242096
temporal_1_vs_2,age_blind,COMPAS tool,break_even,Hispanic vs Caucasian,fnr,gap,0.0554455445544553,0.0911242603550295,0.035678715800574204
temporal_1_vs_2,age_blind,COMPAS tool,break_even,Hispanic vs Caucasian,fnr,minimum_delta,0.2374065714726705,0.241993802156629,0.004587230683958499
temporal_1_vs_2,age_blind,COMPAS tool,break_even,Hispanic vs Caucasian,fnr,p_holm,0.6929734504095852,0.977506745450603,0.28453329504101776
temporal_1_vs_2,age_blind,COMPAS tool,break_even,Hispanic vs Caucasian,fpr,gap,-0.0307320024198426,-0.0214311254134262,0.009300877006416401
temporal_1_vs_2,age_blind,COMPAS tool,break_even,Hispanic vs Caucasian,fpr,minimum_delta,0.1151105917061019,0.0953410445488391,-0.0197695471572628
temporal_1_vs_2,age_blind,COMPAS tool,break_even,Hispanic vs Caucasian,fpr,p_holm,1.0,0.6408353312616617,-0.3591646687383383
temporal_1_vs_2,age_blind,COMPAS tool,break_even,Hispanic vs Caucasian,statistical_parity,gap,-0.044180236861584,-0.0425649530127141,0.0016152838488699
temporal_1_vs_2,age_blind,COMPAS tool,break_even,Hispanic vs Caucasian,statistical_parity,minimum_delta,0.1225305520193017,0.1114358266400943,-0.011094725379207401
temporal_1_vs_2,age_blind,COMPAS tool,break_even,Hispanic vs Caucasian,statistical_parity,p_holm,0.3658528106363565,0.324097986677323,-0.041754823959033516
temporal_1_vs_2,age_blind,COMPAS tool,break_even,Other vs Caucasian,conditional_statistical_parity,p_holm,0.3943267740705046,0.1168445313920142,-0.2774822426784904
temporal_1_vs_2,age_blind,COMPAS tool,break_even,Other vs Caucasian,equalized_odds,p_holm,0.1280235112858655,0.1848002831869529,0.0567767719010874
temporal_1_vs_2,age_blind,COMPAS tool,break_even,Other vs Caucasian,fnr,gap,0.2201514269073965,0.0680473372781064,-0.15210408962929012
temporal_1_vs_2,age_blind,COMPAS tool,break_even,Other vs Caucasian,fnr,minimum_delta,0.4094922944476661,0.2403389963579945,-0.1691532980896716
temporal_1_vs_2,age_blind,COMPAS tool,break_even,Other vs Caucasian,fnr,p_holm,0.2677037128939495,1.0,0.7322962871060505
temporal_1_vs_2,age_blind,COMPAS tool,break_even,Other vs Caucasian,fpr,gap,-0.106265664160401,-0.1107752710956001,-0.004509606935199112
temporal_1_vs_2,age_blind,COMPAS tool,break_even,Other vs Caucasian,fpr,minimum_delta,0.1942083444234554,0.1805305826331522,-0.013677761790303195
temporal_1_vs_2,age_blind,COMPAS tool,break_even,Other vs Caucasian,fpr,p_holm,0.2545856758585532,0.0979451969029814,-0.1566404789555718
temporal_1_vs_2,age_blind,COMPAS tool,break_even,Other vs Caucasian,statistical_parity,gap,-0.1387252466463198,-0.1004200076365024,0.0383052390098174
temporal_1_vs_2,age_blind,COMPAS tool,break_even,Other vs Caucasian,statistical_parity,minimum_delta,0.2199547276171629,0.1733269055463779,-0.046627822070785
temporal_1_vs_2,age_blind,COMPAS tool,break_even,Other vs Caucasian,statistical_parity,p_holm,0.0468119201750961,0.1014756590400004,0.054663738864904304
temporal_1_vs_2,age_blind,TabPFN,0.5,African-American vs Caucasian,conditional_statistical_parity,p_holm,4.043596523922802e-07,8.970005525837844e-10,-4.034626518396964e-07
temporal_1_vs_2,age_blind,TabPFN,0.5,African-American vs Caucasian,equalized_odds,p_holm,2.125601139756988e-15,7.086409519736709e-17,-2.054737044559621e-15
temporal_1_vs_2,age_blind,TabPFN,0.5,African-American vs Caucasian,fnr,gap,-0.3442637841765827,-0.2080502593323107,0.13621352484427202
temporal_1_vs_2,age_blind,TabPFN,0.5,African-American vs Caucasian,fnr,minimum_delta,0.4114251720618681,0.2649928056415161,-0.146432366420352
temporal_1_vs_2,age_blind,TabPFN,0.5,African-American vs Caucasian,fnr,p_holm,1.4107047993504812e-09,1.0214827553356443e-06,1.0200720505362939e-06
temporal_1_vs_2,age_blind,TabPFN,0.5,African-American vs Caucasian,fpr,gap,0.1222222222222222,0.1250959128344161,0.002873690612193891
temporal_1_vs_2,age_blind,TabPFN,0.5,African-American vs Caucasian,fpr,minimum_delta,0.1630549436640415,0.1545565113119957,-0.00849843235204581
temporal_1_vs_2,age_blind,TabPFN,0.5,African-American vs Caucasian,fpr,p_holm,1.3739693534171278e-05,2.3841087988278096e-10,-1.3739455123291395e-05
temporal_1_vs_2,age_blind,TabPFN,0.5,African-American vs Caucasian,statistical_parity,gap,0.2090766099185788,0.1647898865909078,-0.044286723327671
temporal_1_vs_2,age_blind,TabPFN,0.5,African-American vs Caucasian,statistical_parity,minimum_delta,0.2454464100458195,0.1921525794892311,-0.0532938305565884
temporal_1_vs_2,age_blind,TabPFN,0.5,African-American vs Caucasian,statistical_parity,p_holm,8.645574026652226e-16,3.3461165903333658e-18,-8.612112860748893e-16
temporal_1_vs_2,age_blind,TabPFN,0.5,Female vs Male,conditional_statistical_parity,p_holm,0.000334418657126,0.0036555414527537,0.0033211227956277
temporal_1_vs_2,age_blind,TabPFN,0.5,Female vs Male,equalized_odds,p_holm,5.408024079234156e-09,1.29768549232768e-05,1.2971446899197566e-05
temporal_1_vs_2,age_blind,TabPFN,0.5,Female vs Male,fnr,gap,0.2520739064856712,0.0857260471338891,-0.1663478593517821
temporal_1_vs_2,age_blind,TabPFN,0.5,Female vs Male,fnr,minimum_delta,0.321496738181441,0.1575334121264767,-0.16396332605496428
temporal_1_vs_2,age_blind,TabPFN,0.5,Female vs Male,fnr,p_holm,0.0005617017163085,0.2498768776106765,0.249315175894368
temporal_1_vs_2,age_blind,TabPFN,0.5,Female vs Male,fpr,gap,-0.1085261145063927,-0.0788639409092394,0.0296621735971533
temporal_1_vs_2,age_blind,TabPFN,0.5,Female vs Male,fpr,minimum_delta,0.137656688706896,0.1017279547036253,-0.03592873400327071
temporal_1_vs_2,age_blind,TabPFN,0.5,Female vs Male,fpr,p_holm,0.0001043613070423,0.0001041423180185,-2.1898902380000868e-07
temporal_1_vs_2,age_blind,TabPFN,0.5,Female vs Male,statistical_parity,gap,-0.162296494924344,-0.0968334943744779,0.0654630005498661
temporal_1_vs_2,age_blind,TabPFN,0.5,Female vs Male,statistical_parity,minimum_delta,0.1907927148344851,0.1218151101997167,-0.06897760463476839
temporal_1_vs_2,age_blind,TabPFN,0.5,Female vs Male,statistical_parity,p_holm,5.9847216871042585e-09,2.896896167009349e-06,2.890911445322245e-06
temporal_1_vs_2,age_blind,TabPFN,0.5,Hispanic vs Caucasian,conditional_statistical_parity,p_holm,0.7071965864750285,0.6902734872792893,-0.0169230991957392
temporal_1_vs_2,age_blind,TabPFN,0.5,Hispanic vs Caucasian,equalized_odds,p_holm,0.5734969289911368,0.8096054125282713,0.23610848353713454
temporal_1_vs_2,age_blind,TabPFN,0.5,Hispanic vs Caucasian,fnr,gap,-0.1005940594059405,-0.013693998309383,0.0869000610965575
temporal_1_vs_2,age_blind,TabPFN,0.5,Hispanic vs Caucasian,fnr,minimum_delta,0.2282036958767434,0.1104349866847307,-0.11776870919201271
temporal_1_vs_2,age_blind,TabPFN,0.5,Hispanic vs Caucasian,fnr,p_holm,0.1914508114885596,0.8082734100463538,0.6168225985577942
temporal_1_vs_2,age_blind,TabPFN,0.5,Hispanic vs Caucasian,fpr,gap,-0.0101633393829401,-0.0107714311254134,-0.0006080917424732997
temporal_1_vs_2,age_blind,TabPFN,0.5,Hispanic vs Caucasian,fpr,minimum_delta,0.05348166274388,0.0376607574110283,-0.0158209053328517
temporal_1_vs_2,age_blind,TabPFN,0.5,Hispanic vs Caucasian,fpr,p_holm,0.712964326345875,0.5632000477391669,-0.14976427860670816
temporal_1_vs_2,age_blind,TabPFN,0.5,Hispanic vs Caucasian,statistical_parity,gap,0.0144337527757216,-0.0051433652991083,-0.0195771180748299
temporal_1_vs_2,age_blind,TabPFN,0.5,Hispanic vs Caucasian,statistical_parity,minimum_delta,0.0590023211061992,0.0378976888863793,-0.021104632219819897
temporal_1_vs_2,age_blind,TabPFN,0.5,Hispanic vs Caucasian,statistical_parity,p_holm,1.0,0.8024911909522293,-0.19750880904777068
temporal_1_vs_2,age_blind,TabPFN,0.5,Other vs Caucasian,conditional_statistical_parity,p_holm,0.7071965864750285,0.5182552543554534,-0.1889413321195751
temporal_1_vs_2,age_blind,TabPFN,0.5,Other vs Caucasian,equalized_odds,p_holm,0.5734969289911368,0.1337017103029467,-0.4397952186881901
temporal_1_vs_2,age_blind,TabPFN,0.5,Other vs Caucasian,fnr,gap,-0.0582411182294699,0.0621301775147928,0.1203712957442627
temporal_1_vs_2,age_blind,TabPFN,0.5,Other vs Caucasian,fnr,minimum_delta,0.1935511296829966,0.1352599355335894,-0.0582911941494072
temporal_1_vs_2,age_blind,TabPFN,0.5,Other vs Caucasian,fnr,p_holm,0.3768475612347394,0.616510960709896,0.23966339947515658
temporal_1_vs_2,age_blind,TabPFN,0.5,Other vs Caucasian,fpr,gap,-0.0382832080200501,-0.0309734513274336,0.0073097566926164995
temporal_1_vs_2,age_blind,TabPFN,0.5,Other vs Caucasian,fpr,minimum_delta,0.075131136361574,0.044400902699866,-0.030730233661707997
temporal_1_vs_2,age_blind,TabPFN,0.5,Other vs Caucasian,fpr,p_holm,0.4576538892937885,0.2655764524121249,-0.19207743688166357
temporal_1_vs_2,age_blind,TabPFN,0.5,Other vs Caucasian,statistical_parity,gap,-0.0158989282418908,-0.0396102063515779,-0.023711278109687102
temporal_1_vs_2,age_blind,TabPFN,0.5,Other vs Caucasian,statistical_parity,minimum_delta,0.0588489211187053,0.0618022689684357,0.002953347849730399
temporal_1_vs_2,age_blind,TabPFN,0.5,Other vs Caucasian,statistical_parity,p_holm,1.0,0.1574329317261578,-0.8425670682738422
temporal_1_vs_2,age_blind,TabPFN,break_even,African-American vs Caucasian,conditional_statistical_parity,p_holm,1.65588819530528e-08,6.108711048913667e-29,-1.65588819530528e-08
temporal_1_vs_2,age_blind,TabPFN,break_even,African-American vs Caucasian,equalized_odds,p_holm,7.83880118391941e-13,2.2436395308101347e-22,-7.838801181675771e-13
temporal_1_vs_2,age_blind,TabPFN,break_even,African-American vs Caucasian,fnr,gap,-0.1937051503315469,-0.2807363576594346,-0.08703120732788772
temporal_1_vs_2,age_blind,TabPFN,break_even,African-American vs Caucasian,fnr,minimum_delta,0.2795365420133785,0.3546690036861174,0.0751324616727389
temporal_1_vs_2,age_blind,TabPFN,break_even,African-American vs Caucasian,fnr,p_holm,0.0001905741966342,8.576008195018746e-10,-0.00019057333903338048
temporal_1_vs_2,age_blind,TabPFN,break_even,African-American vs Caucasian,fpr,gap,0.2561403508771929,0.2523146964039082,-0.003825654473284701
temporal_1_vs_2,age_blind,TabPFN,break_even,African-American vs Caucasian,fpr,minimum_delta,0.3194871294493812,0.3030575349729695,-0.01642959447641168
temporal_1_vs_2,age_blind,TabPFN,break_even,African-American vs Caucasian,fpr,p_holm,2.7104671503136065e-10,1.2612142098508239e-14,-2.710341028892621e-10
temporal_1_vs_2,age_blind,TabPFN,break_even,African-American vs Caucasian,statistical_parity,gap,0.2608900814211695,0.2837576862023713,0.02286760478120181
temporal_1_vs_2,age_blind,TabPFN,break_even,African-American vs Caucasian,statistical_parity,minimum_delta,0.3121058544573776,0.3255079400677081,0.013402085610330516
temporal_1_vs_2,age_blind,TabPFN,break_even,African-American vs Caucasian,statistical_parity,p_holm,2.5768161008298652e-16,2.429966353884932e-26,-2.5768161005868685e-16
temporal_1_vs_2,age_blind,TabPFN,break_even,Female vs Male,conditional_statistical_parity,p_holm,4.1960910774569644e-16,0.0001140177285337,0.00011401772853328039
temporal_1_vs_2,age_blind,TabPFN,break_even,Female vs Male,equalized_odds,p_holm,2.492802030399522e-16,3.6694190329808264e-06,3.6694190327315463e-06
temporal_1_vs_2,age_blind,TabPFN,break_even,Female vs Male,fnr,gap,0.2422699849170437,0.0552639703612226,-0.1870060145558211
temporal_1_vs_2,age_blind,TabPFN,break_even,Female vs Male,fnr,minimum_delta,0.3623376404529325,0.1503209122110954,-0.2120167282418371
temporal_1_vs_2,age_blind,TabPFN,break_even,Female vs Male,fnr,p_holm,0.0003506827705006,0.9783539949972582,0.9780033122267575
temporal_1_vs_2,age_blind,TabPFN,break_even,Female vs Male,fpr,gap,-0.3308743579168385,-0.1702291074288328,0.1606452504880057
temporal_1_vs_2,age_blind,TabPFN,break_even,Female vs Male,fpr,minimum_delta,0.3960624657870021,0.2224463405733071,-0.17361612521369502
temporal_1_vs_2,age_blind,TabPFN,break_even,Female vs Male,fpr,p_holm,2.2248135900623e-14,1.3569752583981353e-06,1.3569752361499994e-06
temporal_1_vs_2,age_blind,TabPFN,break_even,Female vs Male,statistical_parity,gap,-0.3329630339015513,-0.1728967753557918,0.1600662585457595
temporal_1_vs_2,age_blind,TabPFN,break_even,Female vs Male,statistical_parity,minimum_delta,0.3908554926628012,0.219976989199657,-0.17087850346314418
temporal_1_vs_2,age_blind,TabPFN,break_even,Female vs Male,statistical_parity,p_holm,4.452014603894323e-20,1.4612718080290972e-08,1.4612718080246452e-08
temporal_1_vs_2,age_blind,TabPFN,break_even,Hispanic vs Caucasian,conditional_statistical_parity,p_holm,0.0740278012071214,0.8086106802883976,0.7345828790812762
temporal_1_vs_2,age_blind,TabPFN,break_even,Hispanic vs Caucasian,equalized_odds,p_holm,0.5376149875233108,0.2602830056250385,-0.27733198189827235
temporal_1_vs_2,age_blind,TabPFN,break_even,Hispanic vs Caucasian,fnr,gap,0.1532673267326732,-0.0743871513102282,-0.2276544780429014
temporal_1_vs_2,age_blind,TabPFN,break_even,Hispanic vs Caucasian,fnr,minimum_delta,0.3360296478984957,0.2265215170079867,-0.10950813089050901
temporal_1_vs_2,age_blind,TabPFN,break_even,Hispanic vs Caucasian,fnr,p_holm,0.3043371631408392,0.9783539949972582,0.674016831856419
temporal_1_vs_2,age_blind,TabPFN,break_even,Hispanic vs Caucasian,fpr,gap,0.0486388384754991,-0.091937069813176,-0.1405759082886751
temporal_1_vs_2,age_blind,TabPFN,break_even,Hispanic vs Caucasian,fpr,minimum_delta,0.1494832170391432,0.1696128668187202,0.020129649779577014
temporal_1_vs_2,age_blind,TabPFN,break_even,Hispanic vs Caucasian,fpr,p_holm,0.4432775607083177,0.1399496081963626,-0.3033279525119551
temporal_1_vs_2,age_blind,TabPFN,break_even,Hispanic vs Caucasian,statistical_parity,gap,-0.005181347150259,-0.0504963107169466,-0.0453149635666876
temporal_1_vs_2,age_blind,TabPFN,break_even,Hispanic vs Caucasian,statistical_parity,minimum_delta,0.0936146670003909,0.1237533430046919,0.030138676004301007
temporal_1_vs_2,age_blind,TabPFN,break_even,Hispanic vs Caucasian,statistical_parity,p_holm,0.9230798082842748,0.4275064179381376,-0.49557339034613723
temporal_1_vs_2,age_blind,TabPFN,break_even,Other vs Caucasian,conditional_statistical_parity,p_holm,0.3296710612849806,0.8086106802883976,0.47893961900341697
temporal_1_vs_2,age_blind,TabPFN,break_even,Other vs Caucasian,equalized_odds,p_holm,0.5376149875233108,0.2602830056250385,-0.27733198189827235
temporal_1_vs_2,age_blind,TabPFN,break_even,Other vs Caucasian,fnr,gap,-0.0326150262085032,-0.0414201183431952,-0.008805092134692001
temporal_1_vs_2,age_blind,TabPFN,break_even,Other vs Caucasian,fnr,minimum_delta,0.2315208838139922,0.2150628983433365,-0.01645798547065569
temporal_1_vs_2,age_blind,TabPFN,break_even,Other vs Caucasian,fnr,p_holm,0.7900384274436668,0.9783539949972582,0.18831556755359136
temporal_1_vs_2,age_blind,TabPFN,break_even,Other vs Caucasian,fpr,gap,-0.0884711779448621,-0.1028916864015954,-0.014420508456733303
temporal_1_vs_2,age_blind,TabPFN,break_even,Other vs Caucasian,fpr,minimum_delta,0.2047092232983018,0.190451511835116,-0.014257711463185802
temporal_1_vs_2,age_blind,TabPFN,break_even,Other vs Caucasian,fpr,p_holm,0.4432775607083177,0.1399496081963626,-0.3033279525119551
temporal_1_vs_2,age_blind,TabPFN,break_even,Other vs Caucasian,statistical_parity,gap,-0.0668251827666974,-0.0649600743728937,0.0018651083938037022
temporal_1_vs_2,age_blind,TabPFN,break_even,Other vs Caucasian,statistical_parity,minimum_delta,0.1713290741866653,0.1478583472898695,-0.0234707268967958
temporal_1_vs_2,age_blind,TabPFN,break_even,Other vs Caucasian,statistical_parity,p_holm,0.5899812770445354,0.4275064179381376,-0.1624748591063978
temporal_1_vs_2,protected_blind,COMPAS tool,0.5,African-American vs Caucasian,conditional_statistical_parity,p_holm,0.0296855036277272,0.0101363285997548,-0.019549175027972397
temporal_1_vs_2,protected_blind,COMPAS tool,0.5,African-American vs Caucasian,equalized_odds,p_holm,8.667853440464584e-12,6.089134526676387e-12,-2.5787189137881972e-12
temporal_1_vs_2,protected_blind,COMPAS tool,0.5,African-American vs Caucasian,fnr,gap,-0.2418021618675629,-0.1570238877931186,0.0847782740744443
temporal_1_vs_2,protected_blind,COMPAS tool,0.5,African-American vs Caucasian,fnr,minimum_delta,0.3383315470575448,0.2340154807837571,-0.1043160662737877
temporal_1_vs_2,protected_blind,COMPAS tool,0.5,African-American vs Caucasian,fnr,p_holm,0.0001388136429873,0.0030044983540566,0.0028656847110693
temporal_1_vs_2,protected_blind,COMPAS tool,0.5,African-American vs Caucasian,fpr,gap,0.2333333333333333,0.1965872082118437,-0.036746125121489615
temporal_1_vs_2,protected_blind,COMPAS tool,0.5,African-American vs Caucasian,fpr,minimum_delta,0.2946704194505284,0.2446807011255172,-0.0499897183250112
temporal_1_vs_2,protected_blind,COMPAS tool,0.5,African-American vs Caucasian,fpr,p_holm,7.660684342716421e-09,3.0918807546320046e-10,-7.351496267253221e-09
temporal_1_vs_2,protected_blind,COMPAS tool,0.5,African-American vs Caucasian,statistical_parity,gap,0.2629626202812731,0.2114142612363253,-0.051548359044947784
temporal_1_vs_2,protected_blind,COMPAS tool,0.5,African-American vs Caucasian,statistical_parity,minimum_delta,0.3146594289207531,0.2527995075828846,-0.061859921337868495
temporal_1_vs_2,protected_blind,COMPAS tool,0.5,African-American vs Caucasian,statistical_parity,p_holm,5.990344653324547e-15,2.104684670542641e-15,-3.885659982781906e-15
temporal_1_vs_2,protected_blind,COMPAS tool,0.5,Female vs Male,conditional_statistical_parity,p_holm,0.4232122941829386,0.8878273828204716,0.464615088637533
temporal_1_vs_2,protected_blind,COMPAS tool,0.5,Female vs Male,equalized_odds,p_holm,1.0,0.6787045577757904,-0.3212954422242096
temporal_1_vs_2,protected_blind,COMPAS tool,0.5,Female vs Male,fnr,gap,0.0699472096530919,-0.0258310178038488,-0.0957782274569407
temporal_1_vs_2,protected_blind,COMPAS tool,0.5,Female vs Male,fnr,minimum_delta,0.1939540471247839,0.1225959771336141,-0.0713580699911698
temporal_1_vs_2,protected_blind,COMPAS tool,0.5,Female vs Male,fnr,p_holm,0.6929734504095852,1.0,0.30702654959041475
temporal_1_vs_2,protected_blind,COMPAS tool,0.5,Female vs Male,fpr,gap,-0.0216152375239023,-0.0438605092002483,-0.022245271676346004
temporal_1_vs_2,protected_blind,COMPAS tool,0.5,Female vs Male,fpr,minimum_delta,0.0875526321510372,0.0944926840029939,0.006940051851956702
temporal_1_vs_2,protected_blind,COMPAS tool,0.5,Female vs Male,fpr,p_holm,1.0,0.3272801572571062,-0.6727198427428938
temporal_1_vs_2,protected_blind,COMPAS tool,0.5,Female vs Male,statistical_parity,gap,-0.0632541658686075,-0.0612133767871472,0.002040789081460305
temporal_1_vs_2,protected_blind,COMPAS tool,0.5,Female vs Male,statistical_parity,minimum_delta,0.1222271917249142,0.1077318043003634,-0.014495387424550796
temporal_1_vs_2,protected_blind,COMPAS tool,0.5,Female vs Male,statistical_parity,p_holm,0.165083187847234,0.1014756590400004,-0.0636075288072336
temporal_1_vs_2,protected_blind,COMPAS tool,0.5,Hispanic vs Caucasian,conditional_statistical_parity,p_holm,0.4758586057794137,0.8742910068708332,0.3984324010914195
temporal_1_vs_2,protected_blind,COMPAS tool,0.5,Hispanic vs Caucasian,equalized_odds,p_holm,1.0,0.6787045577757904,-0.3212954422242096
temporal_1_vs_2,protected_blind,COMPAS tool,0.5,Hispanic vs Caucasian,fnr,gap,0.0554455445544553,0.0911242603550295,0.035678715800574204
temporal_1_vs_2,protected_blind,COMPAS tool,0.5,Hispanic vs Caucasian,fnr,minimum_delta,0.2374065714726705,0.241993802156629,0.004587230683958499
temporal_1_vs_2,protected_blind,COMPAS tool,0.5,Hispanic vs Caucasian,fnr,p_holm,0.6929734504095852,0.977506745450603,0.28453329504101776
temporal_1_vs_2,protected_blind,COMPAS tool,0.5,Hispanic vs Caucasian,fpr,gap,-0.0307320024198426,-0.0214311254134262,0.009300877006416401
temporal_1_vs_2,protected_blind,COMPAS tool,0.5,Hispanic vs Caucasian,fpr,minimum_delta,0.1151105917061019,0.0953410445488391,-0.0197695471572628
temporal_1_vs_2,protected_blind,COMPAS tool,0.5,Hispanic vs Caucasian,fpr,p_holm,1.0,0.6408353312616617,-0.3591646687383383
temporal_1_vs_2,protected_blind,COMPAS tool,0.5,Hispanic vs Caucasian,statistical_parity,gap,-0.044180236861584,-0.0425649530127141,0.0016152838488699
temporal_1_vs_2,protected_blind,COMPAS tool,0.5,Hispanic vs Caucasian,statistical_parity,minimum_delta,0.1225305520193017,0.1114358266400943,-0.011094725379207401
temporal_1_vs_2,protected_blind,COMPAS tool,0.5,Hispanic vs Caucasian,statistical_parity,p_holm,0.3658528106363565,0.324097986677323,-0.041754823959033516
temporal_1_vs_2,protected_blind,COMPAS tool,0.5,Other vs Caucasian,conditional_statistical_parity,p_holm,0.3943267740705046,0.1168445313920142,-0.2774822426784904
temporal_1_vs_2,protected_blind,COMPAS tool,0.5,Other vs Caucasian,equalized_odds,p_holm,0.1280235112858655,0.1848002831869529,0.0567767719010874
temporal_1_vs_2,protected_blind,COMPAS tool,0.5,Other vs Caucasian,fnr,gap,0.2201514269073965,0.0680473372781064,-0.15210408962929012
temporal_1_vs_2,protected_blind,COMPAS tool,0.5,Other vs Caucasian,fnr,minimum_delta,0.4094922944476661,0.2403389963579945,-0.1691532980896716
temporal_1_vs_2,protected_blind,COMPAS tool,0.5,Other vs Caucasian,fnr,p_holm,0.2677037128939495,1.0,0.7322962871060505
temporal_1_vs_2,protected_blind,COMPAS tool,0.5,Other vs Caucasian,fpr,gap,-0.106265664160401,-0.1107752710956001,-0.004509606935199112
temporal_1_vs_2,protected_blind,COMPAS tool,0.5,Other vs Caucasian,fpr,minimum_delta,0.1942083444234554,0.1805305826331522,-0.013677761790303195
temporal_1_vs_2,protected_blind,COMPAS tool,0.5,Other vs Caucasian,fpr,p_holm,0.2545856758585532,0.0979451969029814,-0.1566404789555718
temporal_1_vs_2,protected_blind,COMPAS tool,0.5,Other vs Caucasian,statistical_parity,gap,-0.1387252466463198,-0.1004200076365024,0.0383052390098174
temporal_1_vs_2,protected_blind,COMPAS tool,0.5,Other vs Caucasian,statistical_parity,minimum_delta,0.2199547276171629,0.1733269055463779,-0.046627822070785
temporal_1_vs_2,protected_blind,COMPAS tool,0.5,Other vs Caucasian,statistical_parity,p_holm,0.0468119201750961,0.1014756590400004,0.054663738864904304
temporal_1_vs_2,protected_blind,COMPAS tool,break_even,African-American vs Caucasian,conditional_statistical_parity,p_holm,0.0296855036277272,0.0101363285997548,-0.019549175027972397
temporal_1_vs_2,protected_blind,COMPAS tool,break_even,African-American vs Caucasian,equalized_odds,p_holm,8.667853440464584e-12,6.089134526676387e-12,-2.5787189137881972e-12
temporal_1_vs_2,protected_blind,COMPAS tool,break_even,African-American vs Caucasian,fnr,gap,-0.2418021618675629,-0.1570238877931186,0.0847782740744443
temporal_1_vs_2,protected_blind,COMPAS tool,break_even,African-American vs Caucasian,fnr,minimum_delta,0.3383315470575448,0.2340154807837571,-0.1043160662737877
temporal_1_vs_2,protected_blind,COMPAS tool,break_even,African-American vs Caucasian,fnr,p_holm,0.0001388136429873,0.0030044983540566,0.0028656847110693
temporal_1_vs_2,protected_blind,COMPAS tool,break_even,African-American vs Caucasian,fpr,gap,0.2333333333333333,0.1965872082118437,-0.036746125121489615
temporal_1_vs_2,protected_blind,COMPAS tool,break_even,African-American vs Caucasian,fpr,minimum_delta,0.2946704194505284,0.2446807011255172,-0.0499897183250112
temporal_1_vs_2,protected_blind,COMPAS tool,break_even,African-American vs Caucasian,fpr,p_holm,7.660684342716421e-09,3.0918807546320046e-10,-7.351496267253221e-09
temporal_1_vs_2,protected_blind,COMPAS tool,break_even,African-American vs Caucasian,statistical_parity,gap,0.2629626202812731,0.2114142612363253,-0.051548359044947784
temporal_1_vs_2,protected_blind,COMPAS tool,break_even,African-American vs Caucasian,statistical_parity,minimum_delta,0.3146594289207531,0.2527995075828846,-0.061859921337868495
temporal_1_vs_2,protected_blind,COMPAS tool,break_even,African-American vs Caucasian,statistical_parity,p_holm,5.990344653324547e-15,2.104684670542641e-15,-3.885659982781906e-15
temporal_1_vs_2,protected_blind,COMPAS tool,break_even,Female vs Male,conditional_statistical_parity,p_holm,0.4232122941829386,0.8878273828204716,0.464615088637533
temporal_1_vs_2,protected_blind,COMPAS tool,break_even,Female vs Male,equalized_odds,p_holm,1.0,0.6787045577757904,-0.3212954422242096
temporal_1_vs_2,protected_blind,COMPAS tool,break_even,Female vs Male,fnr,gap,0.0699472096530919,-0.0258310178038488,-0.0957782274569407
temporal_1_vs_2,protected_blind,COMPAS tool,break_even,Female vs Male,fnr,minimum_delta,0.1939540471247839,0.1225959771336141,-0.0713580699911698
temporal_1_vs_2,protected_blind,COMPAS tool,break_even,Female vs Male,fnr,p_holm,0.6929734504095852,1.0,0.30702654959041475
temporal_1_vs_2,protected_blind,COMPAS tool,break_even,Female vs Male,fpr,gap,-0.0216152375239023,-0.0438605092002483,-0.022245271676346004
temporal_1_vs_2,protected_blind,COMPAS tool,break_even,Female vs Male,fpr,minimum_delta,0.0875526321510372,0.0944926840029939,0.006940051851956702
temporal_1_vs_2,protected_blind,COMPAS tool,break_even,Female vs Male,fpr,p_holm,1.0,0.3272801572571062,-0.6727198427428938
temporal_1_vs_2,protected_blind,COMPAS tool,break_even,Female vs Male,statistical_parity,gap,-0.0632541658686075,-0.0612133767871472,0.002040789081460305
temporal_1_vs_2,protected_blind,COMPAS tool,break_even,Female vs Male,statistical_parity,minimum_delta,0.1222271917249142,0.1077318043003634,-0.014495387424550796
temporal_1_vs_2,protected_blind,COMPAS tool,break_even,Female vs Male,statistical_parity,p_holm,0.165083187847234,0.1014756590400004,-0.0636075288072336
temporal_1_vs_2,protected_blind,COMPAS tool,break_even,Hispanic vs Caucasian,conditional_statistical_parity,p_holm,0.4758586057794137,0.8742910068708332,0.3984324010914195
temporal_1_vs_2,protected_blind,COMPAS tool,break_even,Hispanic vs Caucasian,equalized_odds,p_holm,1.0,0.6787045577757904,-0.3212954422242096
temporal_1_vs_2,protected_blind,COMPAS tool,break_even,Hispanic vs Caucasian,fnr,gap,0.0554455445544553,0.0911242603550295,0.035678715800574204
temporal_1_vs_2,protected_blind,COMPAS tool,break_even,Hispanic vs Caucasian,fnr,minimum_delta,0.2374065714726705,0.241993802156629,0.004587230683958499
temporal_1_vs_2,protected_blind,COMPAS tool,break_even,Hispanic vs Caucasian,fnr,p_holm,0.6929734504095852,0.977506745450603,0.28453329504101776
temporal_1_vs_2,protected_blind,COMPAS tool,break_even,Hispanic vs Caucasian,fpr,gap,-0.0307320024198426,-0.0214311254134262,0.009300877006416401
temporal_1_vs_2,protected_blind,COMPAS tool,break_even,Hispanic vs Caucasian,fpr,minimum_delta,0.1151105917061019,0.0953410445488391,-0.0197695471572628
temporal_1_vs_2,protected_blind,COMPAS tool,break_even,Hispanic vs Caucasian,fpr,p_holm,1.0,0.6408353312616617,-0.3591646687383383
temporal_1_vs_2,protected_blind,COMPAS tool,break_even,Hispanic vs Caucasian,statistical_parity,gap,-0.044180236861584,-0.0425649530127141,0.0016152838488699
temporal_1_vs_2,protected_blind,COMPAS tool,break_even,Hispanic vs Caucasian,statistical_parity,minimum_delta,0.1225305520193017,0.1114358266400943,-0.011094725379207401
temporal_1_vs_2,protected_blind,COMPAS tool,break_even,Hispanic vs Caucasian,statistical_parity,p_holm,0.3658528106363565,0.324097986677323,-0.041754823959033516
temporal_1_vs_2,protected_blind,COMPAS tool,break_even,Other vs Caucasian,conditional_statistical_parity,p_holm,0.3943267740705046,0.1168445313920142,-0.2774822426784904
temporal_1_vs_2,protected_blind,COMPAS tool,break_even,Other vs Caucasian,equalized_odds,p_holm,0.1280235112858655,0.1848002831869529,0.0567767719010874
temporal_1_vs_2,protected_blind,COMPAS tool,break_even,Other vs Caucasian,fnr,gap,0.2201514269073965,0.0680473372781064,-0.15210408962929012
temporal_1_vs_2,protected_blind,COMPAS tool,break_even,Other vs Caucasian,fnr,minimum_delta,0.4094922944476661,0.2403389963579945,-0.1691532980896716
temporal_1_vs_2,protected_blind,COMPAS tool,break_even,Other vs Caucasian,fnr,p_holm,0.2677037128939495,1.0,0.7322962871060505
temporal_1_vs_2,protected_blind,COMPAS tool,break_even,Other vs Caucasian,fpr,gap,-0.106265664160401,-0.1107752710956001,-0.004509606935199112
temporal_1_vs_2,protected_blind,COMPAS tool,break_even,Other vs Caucasian,fpr,minimum_delta,0.1942083444234554,0.1805305826331522,-0.013677761790303195
temporal_1_vs_2,protected_blind,COMPAS tool,break_even,Other vs Caucasian,fpr,p_holm,0.2545856758585532,0.0979451969029814,-0.1566404789555718
temporal_1_vs_2,protected_blind,COMPAS tool,break_even,Other vs Caucasian,statistical_parity,gap,-0.1387252466463198,-0.1004200076365024,0.0383052390098174
temporal_1_vs_2,protected_blind,COMPAS tool,break_even,Other vs Caucasian,statistical_parity,minimum_delta,0.2199547276171629,0.1733269055463779,-0.046627822070785
temporal_1_vs_2,protected_blind,COMPAS tool,break_even,Other vs Caucasian,statistical_parity,p_holm,0.0468119201750961,0.1014756590400004,0.054663738864904304
temporal_1_vs_2,protected_blind,TabPFN,0.5,African-American vs Caucasian,conditional_statistical_parity,p_holm,0.0681664557423591,0.0081753482712419,-0.0599911074711172
temporal_1_vs_2,protected_blind,TabPFN,0.5,African-American vs Caucasian,equalized_odds,p_holm,2.3280104336885157e-10,2.2503963895696253e-08,2.2271162852327403e-08
temporal_1_vs_2,protected_blind,TabPFN,0.5,African-American vs Caucasian,fnr,gap,-0.3138341357071487,-0.1686938417707648,0.1451402939363839
temporal_1_vs_2,protected_blind,TabPFN,0.5,African-American vs Caucasian,fnr,minimum_delta,0.3875208978038188,0.2269350749674178,-0.16058582283640102
temporal_1_vs_2,protected_blind,TabPFN,0.5,African-American vs Caucasian,fnr,p_holm,7.623389908457154e-08,9.360952842369468e-05,9.353329452461012e-05
temporal_1_vs_2,protected_blind,TabPFN,0.5,African-American vs Caucasian,fpr,gap,0.0906432748538011,0.0828473749722918,-0.007795899881509291
temporal_1_vs_2,protected_blind,TabPFN,0.5,African-American vs Caucasian,fpr,minimum_delta,0.1345150218474929,0.1140781278767798,-0.02043689397071309
temporal_1_vs_2,protected_blind,TabPFN,0.5,African-American vs Caucasian,fpr,p_holm,0.0030576967165286,9.853051387079514e-05,-0.0029591662026578047
temporal_1_vs_2,protected_blind,TabPFN,0.5,African-American vs Caucasian,statistical_parity,gap,0.1789692820133234,0.1224176365751485,-0.05655164543817491
temporal_1_vs_2,protected_blind,TabPFN,0.5,African-American vs Caucasian,statistical_parity,minimum_delta,0.2181149907404178,0.150977340444327,-0.06713765029609078
temporal_1_vs_2,protected_blind,TabPFN,0.5,African-American vs Caucasian,statistical_parity,p_holm,3.9893626988705925e-11,2.2620810400164863e-10,1.863144770129427e-10
temporal_1_vs_2,protected_blind,TabPFN,0.5,Female vs Male,conditional_statistical_parity,p_holm,0.0176151410149944,0.2292983364790896,0.2116831954640952
temporal_1_vs_2,protected_blind,TabPFN,0.5,Female vs Male,equalized_odds,p_holm,9.48641553740244e-07,0.0238319494226158,0.02383100078106206
temporal_1_vs_2,protected_blind,TabPFN,0.5,Female vs Male,fnr,gap,0.202865761689291,0.0247504373777915,-0.17811532431149948
temporal_1_vs_2,protected_blind,TabPFN,0.5,Female vs Male,fnr,minimum_delta,0.2890838101674364,0.1051308029518857,-0.1839530072155507
temporal_1_vs_2,protected_blind,TabPFN,0.5,Female vs Male,fnr,p_holm,0.0094116675853442,1.0,0.9905883324146558
temporal_1_vs_2,protected_blind,TabPFN,0.5,Female vs Male,fpr,gap,-0.1090978965918038,-0.0574974670719351,0.0516004295198687
temporal_1_vs_2,protected_blind,TabPFN,0.5,Female vs Male,fpr,minimum_delta,0.1414590847632142,0.0849210351858328,-0.0565380495773814
temporal_1_vs_2,protected_blind,TabPFN,0.5,Female vs Male,fpr,p_holm,0.0002801019701235,0.0116430947233262,0.0113629927532027
temporal_1_vs_2,protected_blind,TabPFN,0.5,Female vs Male,statistical_parity,gap,-0.1515705803485922,-0.0661019308560292,0.085468649492563
temporal_1_vs_2,protected_blind,TabPFN,0.5,Female vs Male,statistical_parity,minimum_delta,0.1842332907145803,0.0950647817834746,-0.0891685089311057
temporal_1_vs_2,protected_blind,TabPFN,0.5,Female vs Male,statistical_parity,p_holm,1.718655450191347e-07,0.0034452925401781,0.003445120674633081
temporal_1_vs_2,protected_blind,TabPFN,0.5,Hispanic vs Caucasian,conditional_statistical_parity,p_holm,0.7930046077282424,0.0197931568537353,-0.7732114508745072
temporal_1_vs_2,protected_blind,TabPFN,0.5,Hispanic vs Caucasian,equalized_odds,p_holm,0.2870705906233673,0.0347073638809099,-0.2523632267424574
temporal_1_vs_2,protected_blind,TabPFN,0.5,Hispanic vs Caucasian,fnr,gap,-0.060990099009901,-0.195942519019442,-0.134952420009541
temporal_1_vs_2,protected_blind,TabPFN,0.5,Hispanic vs Caucasian,fnr,minimum_delta,0.192102807251611,0.3319530236351278,0.1398502163835168
temporal_1_vs_2,protected_blind,TabPFN,0.5,Hispanic vs Caucasian,fnr,p_holm,0.7699514554240907,0.0098743836842255,-0.7600770717398652
temporal_1_vs_2,protected_blind,TabPFN,0.5,Hispanic vs Caucasian,fpr,gap,-0.0417422867513611,0.0008715473317243,0.0426138340830854
temporal_1_vs_2,protected_blind,TabPFN,0.5,Hispanic vs Caucasian,fpr,minimum_delta,0.0879421104044402,0.0444433551545708,-0.043498755249869396
temporal_1_vs_2,protected_blind,TabPFN,0.5,Hispanic vs Caucasian,fpr,p_holm,0.2036889258238626,0.9735946149447748,0.7699056891209122
temporal_1_vs_2,protected_blind,TabPFN,0.5,Hispanic vs Caucasian,statistical_parity,gap,-0.0192450037009622,0.0511812916095849,0.0704262953105471
temporal_1_vs_2,protected_blind,TabPFN,0.5,Hispanic vs Caucasian,statistical_parity,minimum_delta,0.0660244091148572,0.1016548248040732,0.035630415689216
temporal_1_vs_2,protected_blind,TabPFN,0.5,Hispanic vs Caucasian,statistical_parity,p_holm,0.5232109110843606,0.1074378188468397,-0.4157730922375209
temporal_1_vs_2,protected_blind,TabPFN,0.5,Other vs Caucasian,conditional_statistical_parity,p_holm,0.7930046077282424,0.3939294573256673,-0.39907515040257513
temporal_1_vs_2,protected_blind,TabPFN,0.5,Other vs Caucasian,equalized_odds,p_holm,0.2213751656507918,0.0347073638809099,-0.1866678017698819
temporal_1_vs_2,protected_blind,TabPFN,0.5,Other vs Caucasian,fnr,gap,-0.0186371578334304,0.0029585798816568,0.021595737715087198
temporal_1_vs_2,protected_blind,TabPFN,0.5,Other vs Caucasian,fnr,minimum_delta,0.1572591758589308,0.1143617375318902,-0.042897438327040585
temporal_1_vs_2,protected_blind,TabPFN,0.5,Other vs Caucasian,fnr,p_holm,0.8140430139489943,1.0,0.18595698605100575
temporal_1_vs_2,protected_blind,TabPFN,0.5,Other vs Caucasian,fpr,gap,-0.0698621553884711,-0.0597345132743362,0.010127642114134895
temporal_1_vs_2,protected_blind,TabPFN,0.5,Other vs Caucasian,fpr,minimum_delta,0.1100596036546946,0.0781028089763797,-0.0319567946783149
temporal_1_vs_2,protected_blind,TabPFN,0.5,Other vs Caucasian,fpr,p_holm,0.1434319721768363,0.0689084907674348,-0.07452348140940149
temporal_1_vs_2,protected_blind,TabPFN,0.5,Other vs Caucasian,statistical_parity,gap,-0.0495776847185747,-0.0447565449806597,0.004821139737914995
temporal_1_vs_2,protected_blind,TabPFN,0.5,Other vs Caucasian,statistical_parity,minimum_delta,0.0948183952815206,0.0785752582628294,-0.016243137018691192
temporal_1_vs_2,protected_blind,TabPFN,0.5,Other vs Caucasian,statistical_parity,p_holm,0.3172793513463297,0.1074378188468397,-0.20984153249948997
temporal_1_vs_2,protected_blind,TabPFN,break_even,African-American vs Caucasian,conditional_statistical_parity,p_holm,1.0,0.0280277543492225,-0.9719722456507776
temporal_1_vs_2,protected_blind,TabPFN,break_even,African-American vs Caucasian,equalized_odds,p_holm,0.0002332062604505,0.001815893030098,0.0015826867696474998
temporal_1_vs_2,protected_blind,TabPFN,break_even,African-American vs Caucasian,fnr,gap,-0.1289853756017803,-0.1163525458397253,0.012632829762055
temporal_1_vs_2,protected_blind,TabPFN,break_even,African-American vs Caucasian,fnr,minimum_delta,0.2099061254200324,0.189858147116823,-0.020047978303209396
temporal_1_vs_2,protected_blind,TabPFN,break_even,African-American vs Caucasian,fnr,p_holm,0.0170730875409263,0.0303229533078834,0.013249865766957098
temporal_1_vs_2,protected_blind,TabPFN,break_even,African-American vs Caucasian,fpr,gap,0.1274853801169589,0.0911683462069671,-0.0363170339099918
temporal_1_vs_2,protected_blind,TabPFN,break_even,African-American vs Caucasian,fpr,minimum_delta,0.1901917057684603,0.1439114277808658,-0.046280277987594515
temporal_1_vs_2,protected_blind,TabPFN,break_even,African-American vs Caucasian,fpr,p_holm,0.0024694556176485,0.0091832763447331,0.0067138207270846005
temporal_1_vs_2,protected_blind,TabPFN,break_even,African-American vs Caucasian,statistical_parity,gap,0.1480569948186528,0.1191741021541423,-0.02888289266451051
temporal_1_vs_2,protected_blind,TabPFN,break_even,African-American vs Caucasian,statistical_parity,minimum_delta,0.1979236803323308,0.1621439694660539,-0.035779710866276904
temporal_1_vs_2,protected_blind,TabPFN,break_even,African-American vs Caucasian,statistical_parity,p_holm,2.161865920476563e-06,2.112141432866284e-05,1.8959548408186277e-05
temporal_1_vs_2,protected_blind,TabPFN,break_even,Female vs Male,conditional_statistical_parity,p_holm,1.0,0.4651882534720375,-0.5348117465279625
temporal_1_vs_2,protected_blind,TabPFN,break_even,Female vs Male,equalized_odds,p_holm,2.269523922919416e-05,0.001815893030098,0.0017931977908688058
temporal_1_vs_2,protected_blind,TabPFN,break_even,Female vs Male,fnr,gap,0.1666666666666666,0.0153854070186271,-0.1512812596480395
temporal_1_vs_2,protected_blind,TabPFN,break_even,Female vs Male,fnr,minimum_delta,0.2809478782889544,0.106900556165888,-0.1740473221230664
temporal_1_vs_2,protected_blind,TabPFN,break_even,Female vs Male,fnr,p_holm,0.0170730875409263,1.0,0.9829269124590737
temporal_1_vs_2,protected_blind,TabPFN,break_even,Female vs Male,fpr,gap,-0.1728094184694987,-0.1333300650390561,0.03947935343044262
temporal_1_vs_2,protected_blind,TabPFN,break_even,Female vs Male,fpr,minimum_delta,0.2421006336129144,0.1884174438485421,-0.05368318976437231
temporal_1_vs_2,protected_blind,TabPFN,break_even,Female vs Male,fpr,p_holm,0.0001130866435872,0.0003932974733323,0.00028021082974509997
temporal_1_vs_2,protected_blind,TabPFN,break_even,Female vs Male,statistical_parity,gap,-0.1920321777437271,-0.1309510161969178,0.061081161546809315
temporal_1_vs_2,protected_blind,TabPFN,break_even,Female vs Male,statistical_parity,minimum_delta,0.2514722472736751,0.1792279651014774,-0.07224428217219772
temporal_1_vs_2,protected_blind,TabPFN,break_even,Female vs Male,statistical_parity,p_holm,8.883478075740538e-08,2.5476966604253535e-05,2.538813182349613e-05
temporal_1_vs_2,protected_blind,TabPFN,break_even,Hispanic vs Caucasian,conditional_statistical_parity,p_holm,1.0,0.4792077426174772,-0.5207922573825228
temporal_1_vs_2,protected_blind,TabPFN,break_even,Hispanic vs Caucasian,equalized_odds,p_holm,0.407728242382229,0.148607990988823,-0.259120251393406
temporal_1_vs_2,protected_blind,TabPFN,break_even,Hispanic vs Caucasian,fnr,gap,0.1425742574257426,-0.0358410819949281,-0.1784153394206707
temporal_1_vs_2,protected_blind,TabPFN,break_even,Hispanic vs Caucasian,fnr,minimum_delta,0.3202361132188624,0.1820560265860747,-0.13818008663278772
temporal_1_vs_2,protected_blind,TabPFN,break_even,Hispanic vs Caucasian,fnr,p_holm,0.3154216314087481,1.0,0.6845783685912519
temporal_1_vs_2,protected_blind,TabPFN,break_even,Hispanic vs Caucasian,fpr,gap,-0.0687235329703569,-0.1044292482345579,-0.03570571526420101
temporal_1_vs_2,protected_blind,TabPFN,break_even,Hispanic vs Caucasian,fpr,minimum_delta,0.1693169910442391,0.1925084153194898,0.0231914242752507
temporal_1_vs_2,protected_blind,TabPFN,break_even,Hispanic vs Caucasian,fpr,p_holm,0.303004007717412,0.05792569642433,-0.245078311293082
temporal_1_vs_2,protected_blind,TabPFN,break_even,Hispanic vs Caucasian,statistical_parity,gap,-0.0912287194670614,-0.0695796380416757,0.0216490814253857
temporal_1_vs_2,protected_blind,TabPFN,break_even,Hispanic vs Caucasian,statistical_parity,minimum_delta,0.1788434485715382,0.1474297586859928,-0.03141368988554538
temporal_1_vs_2,protected_blind,TabPFN,break_even,Hispanic vs Caucasian,statistical_parity,p_holm,0.1637628407910107,0.1439486095908939,-0.0198142312001168
temporal_1_vs_2,protected_blind,TabPFN,break_even,Other vs Caucasian,conditional_statistical_parity,p_holm,1.0,0.4792077426174772,-0.5207922573825228
temporal_1_vs_2,protected_blind,TabPFN,break_even,Other vs Caucasian,equalized_odds,p_holm,0.407728242382229,0.0136568291602928,-0.3940714132219362
temporal_1_vs_2,protected_blind,TabPFN,break_even,Other vs Caucasian,fnr,gap,-0.0809551543389633,-0.0710059171597632,0.009949237179200099
temporal_1_vs_2,protected_blind,TabPFN,break_even,Other vs Caucasian,fnr,minimum_delta,0.2503846237229054,0.2328205626131338,-0.017564061109771573
temporal_1_vs_2,protected_blind,TabPFN,break_even,Other vs Caucasian,fnr,p_holm,0.4732136405476433,1.0,0.5267863594523567
temporal_1_vs_2,protected_blind,TabPFN,break_even,Other vs Caucasian,fpr,gap,-0.1038220551378446,-0.1903589679670946,-0.08653691282925
temporal_1_vs_2,protected_blind,TabPFN,break_even,Other vs Caucasian,fpr,minimum_delta,0.2240089228042373,0.2851552405928056,0.06114631778856833
temporal_1_vs_2,protected_blind,TabPFN,break_even,Other vs Caucasian,fpr,p_holm,0.303004007717412,0.0078332041741031,-0.2951708035433089
temporal_1_vs_2,protected_blind,TabPFN,break_even,Other vs Caucasian,statistical_parity,gap,-0.0652991695649087,-0.1209721599681259,-0.0556729904032172
temporal_1_vs_2,protected_blind,TabPFN,break_even,Other vs Caucasian,statistical_parity,minimum_delta,0.1692599473592597,0.2086651205994894,0.03940517324022971
temporal_1_vs_2,protected_blind,TabPFN,break_even,Other vs Caucasian,statistical_parity,p_holm,0.2926842012066547,0.0532547406979722,-0.23942946050868252
temporal_1_vs_2,race_aware,COMPAS tool,0.5,African-American vs Caucasian,conditional_statistical_parity,p_holm,0.0296855036277272,0.0101363285997548,-0.019549175027972397
temporal_1_vs_2,race_aware,COMPAS tool,0.5,African-American vs Caucasian,equalized_odds,p_holm,8.667853440464584e-12,6.089134526676387e-12,-2.5787189137881972e-12
temporal_1_vs_2,race_aware,COMPAS tool,0.5,African-American vs Caucasian,fnr,gap,-0.2418021618675629,-0.1570238877931186,0.0847782740744443
temporal_1_vs_2,race_aware,COMPAS tool,0.5,African-American vs Caucasian,fnr,minimum_delta,0.3383315470575448,0.2340154807837571,-0.1043160662737877
temporal_1_vs_2,race_aware,COMPAS tool,0.5,African-American vs Caucasian,fnr,p_holm,0.0001388136429873,0.0030044983540566,0.0028656847110693
temporal_1_vs_2,race_aware,COMPAS tool,0.5,African-American vs Caucasian,fpr,gap,0.2333333333333333,0.1965872082118437,-0.036746125121489615
temporal_1_vs_2,race_aware,COMPAS tool,0.5,African-American vs Caucasian,fpr,minimum_delta,0.2946704194505284,0.2446807011255172,-0.0499897183250112
temporal_1_vs_2,race_aware,COMPAS tool,0.5,African-American vs Caucasian,fpr,p_holm,7.660684342716421e-09,3.0918807546320046e-10,-7.351496267253221e-09
temporal_1_vs_2,race_aware,COMPAS tool,0.5,African-American vs Caucasian,statistical_parity,gap,0.2629626202812731,0.2114142612363253,-0.051548359044947784
temporal_1_vs_2,race_aware,COMPAS tool,0.5,African-American vs Caucasian,statistical_parity,minimum_delta,0.3146594289207531,0.2527995075828846,-0.061859921337868495
temporal_1_vs_2,race_aware,COMPAS tool,0.5,African-American vs Caucasian,statistical_parity,p_holm,5.990344653324547e-15,2.104684670542641e-15,-3.885659982781906e-15
temporal_1_vs_2,race_aware,COMPAS tool,0.5,Female vs Male,conditional_statistical_parity,p_holm,0.4232122941829386,0.8878273828204716,0.464615088637533
temporal_1_vs_2,race_aware,COMPAS tool,0.5,Female vs Male,equalized_odds,p_holm,1.0,0.6787045577757904,-0.3212954422242096
temporal_1_vs_2,race_aware,COMPAS tool,0.5,Female vs Male,fnr,gap,0.0699472096530919,-0.0258310178038488,-0.0957782274569407
temporal_1_vs_2,race_aware,COMPAS tool,0.5,Female vs Male,fnr,minimum_delta,0.1939540471247839,0.1225959771336141,-0.0713580699911698
temporal_1_vs_2,race_aware,COMPAS tool,0.5,Female vs Male,fnr,p_holm,0.6929734504095852,1.0,0.30702654959041475
temporal_1_vs_2,race_aware,COMPAS tool,0.5,Female vs Male,fpr,gap,-0.0216152375239023,-0.0438605092002483,-0.022245271676346004
temporal_1_vs_2,race_aware,COMPAS tool,0.5,Female vs Male,fpr,minimum_delta,0.0875526321510372,0.0944926840029939,0.006940051851956702
temporal_1_vs_2,race_aware,COMPAS tool,0.5,Female vs Male,fpr,p_holm,1.0,0.3272801572571062,-0.6727198427428938
temporal_1_vs_2,race_aware,COMPAS tool,0.5,Female vs Male,statistical_parity,gap,-0.0632541658686075,-0.0612133767871472,0.002040789081460305
temporal_1_vs_2,race_aware,COMPAS tool,0.5,Female vs Male,statistical_parity,minimum_delta,0.1222271917249142,0.1077318043003634,-0.014495387424550796
temporal_1_vs_2,race_aware,COMPAS tool,0.5,Female vs Male,statistical_parity,p_holm,0.165083187847234,0.1014756590400004,-0.0636075288072336
temporal_1_vs_2,race_aware,COMPAS tool,0.5,Hispanic vs Caucasian,conditional_statistical_parity,p_holm,0.4758586057794137,0.8742910068708332,0.3984324010914195
temporal_1_vs_2,race_aware,COMPAS tool,0.5,Hispanic vs Caucasian,equalized_odds,p_holm,1.0,0.6787045577757904,-0.3212954422242096
temporal_1_vs_2,race_aware,COMPAS tool,0.5,Hispanic vs Caucasian,fnr,gap,0.0554455445544553,0.0911242603550295,0.035678715800574204
temporal_1_vs_2,race_aware,COMPAS tool,0.5,Hispanic vs Caucasian,fnr,minimum_delta,0.2374065714726705,0.241993802156629,0.004587230683958499
temporal_1_vs_2,race_aware,COMPAS tool,0.5,Hispanic vs Caucasian,fnr,p_holm,0.6929734504095852,0.977506745450603,0.28453329504101776
temporal_1_vs_2,race_aware,COMPAS tool,0.5,Hispanic vs Caucasian,fpr,gap,-0.0307320024198426,-0.0214311254134262,0.009300877006416401
temporal_1_vs_2,race_aware,COMPAS tool,0.5,Hispanic vs Caucasian,fpr,minimum_delta,0.1151105917061019,0.0953410445488391,-0.0197695471572628
temporal_1_vs_2,race_aware,COMPAS tool,0.5,Hispanic vs Caucasian,fpr,p_holm,1.0,0.6408353312616617,-0.3591646687383383
temporal_1_vs_2,race_aware,COMPAS tool,0.5,Hispanic vs Caucasian,statistical_parity,gap,-0.044180236861584,-0.0425649530127141,0.0016152838488699
temporal_1_vs_2,race_aware,COMPAS tool,0.5,Hispanic vs Caucasian,statistical_parity,minimum_delta,0.1225305520193017,0.1114358266400943,-0.011094725379207401
temporal_1_vs_2,race_aware,COMPAS tool,0.5,Hispanic vs Caucasian,statistical_parity,p_holm,0.3658528106363565,0.324097986677323,-0.041754823959033516
temporal_1_vs_2,race_aware,COMPAS tool,0.5,Other vs Caucasian,conditional_statistical_parity,p_holm,0.3943267740705046,0.1168445313920142,-0.2774822426784904
temporal_1_vs_2,race_aware,COMPAS tool,0.5,Other vs Caucasian,equalized_odds,p_holm,0.1280235112858655,0.1848002831869529,0.0567767719010874
temporal_1_vs_2,race_aware,COMPAS tool,0.5,Other vs Caucasian,fnr,gap,0.2201514269073965,0.0680473372781064,-0.15210408962929012
temporal_1_vs_2,race_aware,COMPAS tool,0.5,Other vs Caucasian,fnr,minimum_delta,0.4094922944476661,0.2403389963579945,-0.1691532980896716
temporal_1_vs_2,race_aware,COMPAS tool,0.5,Other vs Caucasian,fnr,p_holm,0.2677037128939495,1.0,0.7322962871060505
temporal_1_vs_2,race_aware,COMPAS tool,0.5,Other vs Caucasian,fpr,gap,-0.106265664160401,-0.1107752710956001,-0.004509606935199112
temporal_1_vs_2,race_aware,COMPAS tool,0.5,Other vs Caucasian,fpr,minimum_delta,0.1942083444234554,0.1805305826331522,-0.013677761790303195
temporal_1_vs_2,race_aware,COMPAS tool,0.5,Other vs Caucasian,fpr,p_holm,0.2545856758585532,0.0979451969029814,-0.1566404789555718
temporal_1_vs_2,race_aware,COMPAS tool,0.5,Other vs Caucasian,statistical_parity,gap,-0.1387252466463198,-0.1004200076365024,0.0383052390098174
temporal_1_vs_2,race_aware,COMPAS tool,0.5,Other vs Caucasian,statistical_parity,minimum_delta,0.2199547276171629,0.1733269055463779,-0.046627822070785
temporal_1_vs_2,race_aware,COMPAS tool,0.5,Other vs Caucasian,statistical_parity,p_holm,0.0468119201750961,0.1014756590400004,0.054663738864904304
temporal_1_vs_2,race_aware,COMPAS tool,break_even,African-American vs Caucasian,conditional_statistical_parity,p_holm,0.0296855036277272,0.0101363285997548,-0.019549175027972397
temporal_1_vs_2,race_aware,COMPAS tool,break_even,African-American vs Caucasian,equalized_odds,p_holm,8.667853440464584e-12,6.089134526676387e-12,-2.5787189137881972e-12
temporal_1_vs_2,race_aware,COMPAS tool,break_even,African-American vs Caucasian,fnr,gap,-0.2418021618675629,-0.1570238877931186,0.0847782740744443
temporal_1_vs_2,race_aware,COMPAS tool,break_even,African-American vs Caucasian,fnr,minimum_delta,0.3383315470575448,0.2340154807837571,-0.1043160662737877
temporal_1_vs_2,race_aware,COMPAS tool,break_even,African-American vs Caucasian,fnr,p_holm,0.0001388136429873,0.0030044983540566,0.0028656847110693
temporal_1_vs_2,race_aware,COMPAS tool,break_even,African-American vs Caucasian,fpr,gap,0.2333333333333333,0.1965872082118437,-0.036746125121489615
temporal_1_vs_2,race_aware,COMPAS tool,break_even,African-American vs Caucasian,fpr,minimum_delta,0.2946704194505284,0.2446807011255172,-0.0499897183250112
temporal_1_vs_2,race_aware,COMPAS tool,break_even,African-American vs Caucasian,fpr,p_holm,7.660684342716421e-09,3.0918807546320046e-10,-7.351496267253221e-09
temporal_1_vs_2,race_aware,COMPAS tool,break_even,African-American vs Caucasian,statistical_parity,gap,0.2629626202812731,0.2114142612363253,-0.051548359044947784
temporal_1_vs_2,race_aware,COMPAS tool,break_even,African-American vs Caucasian,statistical_parity,minimum_delta,0.3146594289207531,0.2527995075828846,-0.061859921337868495
temporal_1_vs_2,race_aware,COMPAS tool,break_even,African-American vs Caucasian,statistical_parity,p_holm,5.990344653324547e-15,2.104684670542641e-15,-3.885659982781906e-15
temporal_1_vs_2,race_aware,COMPAS tool,break_even,Female vs Male,conditional_statistical_parity,p_holm,0.4232122941829386,0.8878273828204716,0.464615088637533
temporal_1_vs_2,race_aware,COMPAS tool,break_even,Female vs Male,equalized_odds,p_holm,1.0,0.6787045577757904,-0.3212954422242096
temporal_1_vs_2,race_aware,COMPAS tool,break_even,Female vs Male,fnr,gap,0.0699472096530919,-0.0258310178038488,-0.0957782274569407
temporal_1_vs_2,race_aware,COMPAS tool,break_even,Female vs Male,fnr,minimum_delta,0.1939540471247839,0.1225959771336141,-0.0713580699911698
temporal_1_vs_2,race_aware,COMPAS tool,break_even,Female vs Male,fnr,p_holm,0.6929734504095852,1.0,0.30702654959041475
temporal_1_vs_2,race_aware,COMPAS tool,break_even,Female vs Male,fpr,gap,-0.0216152375239023,-0.0438605092002483,-0.022245271676346004
temporal_1_vs_2,race_aware,COMPAS tool,break_even,Female vs Male,fpr,minimum_delta,0.0875526321510372,0.0944926840029939,0.006940051851956702
temporal_1_vs_2,race_aware,COMPAS tool,break_even,Female vs Male,fpr,p_holm,1.0,0.3272801572571062,-0.6727198427428938
temporal_1_vs_2,race_aware,COMPAS tool,break_even,Female vs Male,statistical_parity,gap,-0.0632541658686075,-0.0612133767871472,0.002040789081460305
temporal_1_vs_2,race_aware,COMPAS tool,break_even,Female vs Male,statistical_parity,minimum_delta,0.1222271917249142,0.1077318043003634,-0.014495387424550796
temporal_1_vs_2,race_aware,COMPAS tool,break_even,Female vs Male,statistical_parity,p_holm,0.165083187847234,0.1014756590400004,-0.0636075288072336
temporal_1_vs_2,race_aware,COMPAS tool,break_even,Hispanic vs Caucasian,conditional_statistical_parity,p_holm,0.4758586057794137,0.8742910068708332,0.3984324010914195
temporal_1_vs_2,race_aware,COMPAS tool,break_even,Hispanic vs Caucasian,equalized_odds,p_holm,1.0,0.6787045577757904,-0.3212954422242096
temporal_1_vs_2,race_aware,COMPAS tool,break_even,Hispanic vs Caucasian,fnr,gap,0.0554455445544553,0.0911242603550295,0.035678715800574204
temporal_1_vs_2,race_aware,COMPAS tool,break_even,Hispanic vs Caucasian,fnr,minimum_delta,0.2374065714726705,0.241993802156629,0.004587230683958499
temporal_1_vs_2,race_aware,COMPAS tool,break_even,Hispanic vs Caucasian,fnr,p_holm,0.6929734504095852,0.977506745450603,0.28453329504101776
temporal_1_vs_2,race_aware,COMPAS tool,break_even,Hispanic vs Caucasian,fpr,gap,-0.0307320024198426,-0.0214311254134262,0.009300877006416401
temporal_1_vs_2,race_aware,COMPAS tool,break_even,Hispanic vs Caucasian,fpr,minimum_delta,0.1151105917061019,0.0953410445488391,-0.0197695471572628
temporal_1_vs_2,race_aware,COMPAS tool,break_even,Hispanic vs Caucasian,fpr,p_holm,1.0,0.6408353312616617,-0.3591646687383383
temporal_1_vs_2,race_aware,COMPAS tool,break_even,Hispanic vs Caucasian,statistical_parity,gap,-0.044180236861584,-0.0425649530127141,0.0016152838488699
temporal_1_vs_2,race_aware,COMPAS tool,break_even,Hispanic vs Caucasian,statistical_parity,minimum_delta,0.1225305520193017,0.1114358266400943,-0.011094725379207401
temporal_1_vs_2,race_aware,COMPAS tool,break_even,Hispanic vs Caucasian,statistical_parity,p_holm,0.3658528106363565,0.324097986677323,-0.041754823959033516
temporal_1_vs_2,race_aware,COMPAS tool,break_even,Other vs Caucasian,conditional_statistical_parity,p_holm,0.3943267740705046,0.1168445313920142,-0.2774822426784904
temporal_1_vs_2,race_aware,COMPAS tool,break_even,Other vs Caucasian,equalized_odds,p_holm,0.1280235112858655,0.1848002831869529,0.0567767719010874
temporal_1_vs_2,race_aware,COMPAS tool,break_even,Other vs Caucasian,fnr,gap,0.2201514269073965,0.0680473372781064,-0.15210408962929012
temporal_1_vs_2,race_aware,COMPAS tool,break_even,Other vs Caucasian,fnr,minimum_delta,0.4094922944476661,0.2403389963579945,-0.1691532980896716
temporal_1_vs_2,race_aware,COMPAS tool,break_even,Other vs Caucasian,fnr,p_holm,0.2677037128939495,1.0,0.7322962871060505
temporal_1_vs_2,race_aware,COMPAS tool,break_even,Other vs Caucasian,fpr,gap,-0.106265664160401,-0.1107752710956001,-0.004509606935199112
temporal_1_vs_2,race_aware,COMPAS tool,break_even,Other vs Caucasian,fpr,minimum_delta,0.1942083444234554,0.1805305826331522,-0.013677761790303195
temporal_1_vs_2,race_aware,COMPAS tool,break_even,Other vs Caucasian,fpr,p_holm,0.2545856758585532,0.0979451969029814,-0.1566404789555718
temporal_1_vs_2,race_aware,COMPAS tool,break_even,Other vs Caucasian,statistical_parity,gap,-0.1387252466463198,-0.1004200076365024,0.0383052390098174
temporal_1_vs_2,race_aware,COMPAS tool,break_even,Other vs Caucasian,statistical_parity,minimum_delta,0.2199547276171629,0.1733269055463779,-0.046627822070785
temporal_1_vs_2,race_aware,COMPAS tool,break_even,Other vs Caucasian,statistical_parity,p_holm,0.0468119201750961,0.1014756590400004,0.054663738864904304
temporal_1_vs_2,race_aware,TabPFN,0.5,African-American vs Caucasian,conditional_statistical_parity,p_holm,1.2799748718707588e-05,0.0005279772086507,0.0005151774599319925
temporal_1_vs_2,race_aware,TabPFN,0.5,African-American vs Caucasian,equalized_odds,p_holm,4.2544076952064027e-14,1.0759977077966926e-11,1.0717433001014863e-11
temporal_1_vs_2,race_aware,TabPFN,0.5,African-American vs Caucasian,fnr,gap,-0.317694613498047,-0.2468770545693622,0.0708175589286848
temporal_1_vs_2,race_aware,TabPFN,0.5,African-American vs Caucasian,fnr,minimum_delta,0.3929849281927172,0.3097263551336863,-0.0832585730590309
temporal_1_vs_2,race_aware,TabPFN,0.5,African-American vs Caucasian,fnr,p_holm,7.181433846824335e-08,6.236334622173275e-08,-9.450992246510603e-09
temporal_1_vs_2,race_aware,TabPFN,0.5,African-American vs Caucasian,fpr,gap,0.1444444444444444,0.0858441181987143,-0.0586003262457301
temporal_1_vs_2,race_aware,TabPFN,0.5,African-American vs Caucasian,fpr,minimum_delta,0.1876719068957899,0.1181803019144492,-0.06949160498134069
temporal_1_vs_2,race_aware,TabPFN,0.5,African-American vs Caucasian,fpr,p_holm,9.856542261701883e-07,9.483792338961362e-05,9.385226916344343e-05
temporal_1_vs_2,race_aware,TabPFN,0.5,African-American vs Caucasian,statistical_parity,gap,0.2177276091783864,0.1562226004435504,-0.061505008734836
temporal_1_vs_2,race_aware,TabPFN,0.5,African-American vs Caucasian,statistical_parity,minimum_delta,0.2563344209261624,0.1868455448497106,-0.06948887607645177
temporal_1_vs_2,race_aware,TabPFN,0.5,African-American vs Caucasian,statistical_parity,p_holm,1.2630283464575669e-15,3.927017318700987e-14,3.8007144840552307e-14
temporal_1_vs_2,race_aware,TabPFN,0.5,Female vs Male,conditional_statistical_parity,p_holm,0.0003842181978818,0.0003476295392905,-3.658865859129998e-05
temporal_1_vs_2,race_aware,TabPFN,0.5,Female vs Male,equalized_odds,p_holm,4.5271578598596766e-09,8.835272722460105e-05,8.83482000667412e-05
temporal_1_vs_2,race_aware,TabPFN,0.5,Female vs Male,fnr,gap,0.2092760180995474,0.1150046310589688,-0.09427138704057861
temporal_1_vs_2,race_aware,TabPFN,0.5,Female vs Male,fnr,minimum_delta,0.2956082306970343,0.1951570889768406,-0.1004511417201937
temporal_1_vs_2,race_aware,TabPFN,0.5,Female vs Male,fnr,p_holm,0.007317893448688,0.1039782435226111,0.09666035007392311
temporal_1_vs_2,race_aware,TabPFN,0.5,Female vs Male,fpr,gap,-0.133693899741292,-0.0761104029806843,0.0575834967606077
temporal_1_vs_2,race_aware,TabPFN,0.5,Female vs Male,fpr,minimum_delta,0.1641939922189479,0.1029064573848464,-0.0612875348341015
temporal_1_vs_2,race_aware,TabPFN,0.5,Female vs Male,fpr,p_holm,6.400147664312229e-06,0.000643407126331,0.0006370069786666878
temporal_1_vs_2,race_aware,TabPFN,0.5,Female vs Male,statistical_parity,gap,-0.1712794483815361,-0.1093660437922733,0.06191340458926281
temporal_1_vs_2,race_aware,TabPFN,0.5,Female vs Male,statistical_parity,minimum_delta,0.2027962731757297,0.1382500341441845,-0.06454623903154522
temporal_1_vs_2,race_aware,TabPFN,0.5,Female vs Male,statistical_parity,p_holm,4.692236255297595e-09,1.625600819114761e-06,1.6209085828594634e-06
temporal_1_vs_2,race_aware,TabPFN,0.5,Hispanic vs Caucasian,conditional_statistical_parity,p_holm,1.0,0.3118351180664381,-0.688164881933562
temporal_1_vs_2,race_aware,TabPFN,0.5,Hispanic vs Caucasian,equalized_odds,p_holm,1.0,0.3291781383991669,-0.6708218616008331
temporal_1_vs_2,race_aware,TabPFN,0.5,Hispanic vs Caucasian,fnr,gap,-0.011089108910891,-0.1151310228233305,-0.1040419139124395
temporal_1_vs_2,race_aware,TabPFN,0.5,Hispanic vs Caucasian,fnr,minimum_delta,0.1304202027454499,0.2450199447424393,0.11459974199698938
temporal_1_vs_2,race_aware,TabPFN,0.5,Hispanic vs Caucasian,fnr,p_holm,1.0,0.1845316739105485,-0.8154683260894515
temporal_1_vs_2,race_aware,TabPFN,0.5,Hispanic vs Caucasian,fpr,gap,0.0058076225045372,-0.0259676410118888,-0.031775263516426
temporal_1_vs_2,race_aware,TabPFN,0.5,Hispanic vs Caucasian,fpr,minimum_delta,0.0565161232502827,0.0638533992058896,0.007337275955606903
temporal_1_vs_2,race_aware,TabPFN,0.5,Hispanic vs Caucasian,fpr,p_holm,0.8485369508376621,0.4236147089668094,-0.4249222418708527
temporal_1_vs_2,race_aware,TabPFN,0.5,Hispanic vs Caucasian,statistical_parity,gap,0.0052276091783863,0.0100584036340038,0.0048307944556175
temporal_1_vs_2,race_aware,TabPFN,0.5,Hispanic vs Caucasian,statistical_parity,minimum_delta,0.0529844676259219,0.0561005290285874,0.0031160614026655015
temporal_1_vs_2,race_aware,TabPFN,0.5,Hispanic vs Caucasian,statistical_parity,p_holm,0.8544343361355848,0.8121791118186474,-0.0422552243169374
temporal_1_vs_2,race_aware,TabPFN,0.5,Other vs Caucasian,conditional_statistical_parity,p_holm,1.0,0.3139521489626929,-0.6860478510373071
temporal_1_vs_2,race_aware,TabPFN,0.5,Other vs Caucasian,equalized_odds,p_holm,1.0,0.3870099734446224,-0.6129900265553776
temporal_1_vs_2,race_aware,TabPFN,0.5,Other vs Caucasian,fnr,gap,0.0500873616773441,-0.0118343195266272,-0.061921681203971304
temporal_1_vs_2,race_aware,TabPFN,0.5,Other vs Caucasian,fnr,minimum_delta,0.1577685244842899,0.1369209389570227,-0.020847585527267204
temporal_1_vs_2,race_aware,TabPFN,0.5,Other vs Caucasian,fnr,p_holm,1.0,0.8727261851349982,-0.12727381486500178
temporal_1_vs_2,race_aware,TabPFN,0.5,Other vs Caucasian,fpr,gap,-0.0274436090225563,-0.0382026673314221,-0.0107590583088658
temporal_1_vs_2,race_aware,TabPFN,0.5,Other vs Caucasian,fpr,minimum_delta,0.0747486074284092,0.0758740666039451,0.0011254591755359006
temporal_1_vs_2,race_aware,TabPFN,0.5,Other vs Caucasian,fpr,p_holm,0.8485369508376621,0.4236147089668094,-0.4249222418708527
temporal_1_vs_2,race_aware,TabPFN,0.5,Other vs Caucasian,statistical_parity,gap,-0.0340336432677975,-0.0251008516360376,0.0089327916317599
temporal_1_vs_2,race_aware,TabPFN,0.5,Other vs Caucasian,statistical_parity,minimum_delta,0.0782542913879412,0.0694806875152602,-0.008773603872681002
temporal_1_vs_2,race_aware,TabPFN,0.5,Other vs Caucasian,statistical_parity,p_holm,0.5901229714416258,0.8121791118186474,0.2220561403770216
temporal_1_vs_2,race_aware,TabPFN,break_even,African-American vs Caucasian,conditional_statistical_parity,p_holm,1.5090670469702742e-08,3.5820532882060276e-06,3.566962617736325e-06
temporal_1_vs_2,race_aware,TabPFN,break_even,African-American vs Caucasian,equalized_odds,p_holm,1.2537896932279962e-19,7.783962369177329e-18,7.65858339985453e-18
temporal_1_vs_2,race_aware,TabPFN,break_even,African-American vs Caucasian,fnr,gap,-0.2448905441002816,-0.1994301994301994,0.0454603446700822
temporal_1_vs_2,race_aware,TabPFN,break_even,African-American vs Caucasian,fnr,minimum_delta,0.3288982739230812,0.2706219327225599,-0.058276341200521276
temporal_1_vs_2,race_aware,TabPFN,break_even,African-American vs Caucasian,fnr,p_holm,2.312233772039151e-07,5.42962368990088e-06,5.198400312696965e-06
temporal_1_vs_2,race_aware,TabPFN,break_even,African-American vs Caucasian,fpr,gap,0.3140350877192983,0.2455325933125309,-0.06850249440676737
temporal_1_vs_2,race_aware,TabPFN,break_even,African-American vs Caucasian,fpr,minimum_delta,0.3767567516403036,0.296755802165843,-0.08000094947446057
temporal_1_vs_2,race_aware,TabPFN,break_even,African-American vs Caucasian,fpr,p_holm,1.883364420732484e-14,8.88080857892752e-14,6.997444158195037e-14
temporal_1_vs_2,race_aware,TabPFN,break_even,African-American vs Caucasian,statistical_parity,gap,0.3278960029607697,0.2573910751227787,-0.070504927837991
temporal_1_vs_2,race_aware,TabPFN,break_even,African-American vs Caucasian,statistical_parity,minimum_delta,0.3790167849062477,0.2993822453340468,-0.0796345395722009
temporal_1_vs_2,race_aware,TabPFN,break_even,African-American vs Caucasian,statistical_parity,p_holm,6.4720153716114975e-24,3.1451545282303104e-22,3.0804343745141955e-22
temporal_1_vs_2,race_aware,TabPFN,break_even,Female vs Male,conditional_statistical_parity,p_holm,1.5090670469702742e-08,8.06923315045961e-51,-1.5090670469702742e-08
temporal_1_vs_2,race_aware,TabPFN,break_even,Female vs Male,equalized_odds,p_holm,4.4240885982340655e-12,8.755335655178305e-15,-4.415333262578887e-12
temporal_1_vs_2,race_aware,TabPFN,break_even,Female vs Male,fnr,gap,0.2711161387631976,0.1602860965318514,-0.11083004223134621
temporal_1_vs_2,race_aware,TabPFN,break_even,Female vs Male,fnr,minimum_delta,0.3905006028336649,0.2545813486964611,-0.1359192541372038
temporal_1_vs_2,race_aware,TabPFN,break_even,Female vs Male,fnr,p_holm,2.024161208530878e-05,0.0062033630113937,0.006183121399308392
temporal_1_vs_2,race_aware,TabPFN,break_even,Female vs Male,fpr,gap,-0.2564770724757227,-0.2549596365656764,0.0015174359100463275
temporal_1_vs_2,race_aware,TabPFN,break_even,Female vs Male,fpr,minimum_delta,0.3216718317131407,0.3061802851737381,-0.0154915465394026
temporal_1_vs_2,race_aware,TabPFN,break_even,Female vs Male,fpr,p_holm,5.227406243519879e-09,2.317567285382935e-13,-5.227174486791341e-09
temporal_1_vs_2,race_aware,TabPFN,break_even,Female vs Male,statistical_parity,gap,-0.2954031794675349,-0.2664098196885082,0.02899335977902673
temporal_1_vs_2,race_aware,TabPFN,break_even,Female vs Male,statistical_parity,minimum_delta,0.3534485792492908,0.3127491237991841,-0.04069945545010667
temporal_1_vs_2,race_aware,TabPFN,break_even,Female vs Male,statistical_parity,p_holm,1.2872523415705153e-15,4.022446836694004e-19,-1.2868500968868458e-15
temporal_1_vs_2,race_aware,TabPFN,break_even,Hispanic vs Caucasian,conditional_statistical_parity,p_holm,1.1674949994745877e-06,0.4897567604559684,0.48975559296096893
temporal_1_vs_2,race_aware,TabPFN,break_even,Hispanic vs Caucasian,equalized_odds,p_holm,0.0517922411412929,0.2818112237732234,0.2300189826319305
temporal_1_vs_2,race_aware,TabPFN,break_even,Hispanic vs Caucasian,fnr,gap,0.0233663366336633,-0.0989010989010989,-0.1222674355347622
temporal_1_vs_2,race_aware,TabPFN,break_even,Hispanic vs Caucasian,fnr,minimum_delta,0.2005200603399246,0.2394201567499504,0.038900096410025814
temporal_1_vs_2,race_aware,TabPFN,break_even,Hispanic vs Caucasian,fnr,p_holm,1.0,0.2693736923032819,-0.7306263076967181
temporal_1_vs_2,race_aware,TabPFN,break_even,Hispanic vs Caucasian,fpr,gap,0.1618874773139746,-0.0588406185751318,-0.2207280958891064
temporal_1_vs_2,race_aware,TabPFN,break_even,Hispanic vs Caucasian,fpr,minimum_delta,0.2617133496927445,0.1427992458923527,-0.1189141038003918
temporal_1_vs_2,race_aware,TabPFN,break_even,Hispanic vs Caucasian,fpr,p_holm,0.0130341940794439,0.3281976695893578,0.3151634755099139
temporal_1_vs_2,race_aware,TabPFN,break_even,Hispanic vs Caucasian,statistical_parity,gap,0.1082531458179126,-0.0205253923618621,-0.1287785381797747
temporal_1_vs_2,race_aware,TabPFN,break_even,Hispanic vs Caucasian,statistical_parity,minimum_delta,0.1963025286256971,0.0975703051382554,-0.0987322234874417
temporal_1_vs_2,race_aware,TabPFN,break_even,Hispanic vs Caucasian,statistical_parity,p_holm,0.0426951030697837,1.0,0.9573048969302163
temporal_1_vs_2,race_aware,TabPFN,break_even,Other vs Caucasian,conditional_statistical_parity,p_holm,0.0040076734652137,0.4130997332383694,0.4090920597731557
temporal_1_vs_2,race_aware,TabPFN,break_even,Other vs Caucasian,equalized_odds,p_holm,0.0517922411412929,0.2161534398794979,0.16436119873820498
temporal_1_vs_2,race_aware,TabPFN,break_even,Other vs Caucasian,fnr,gap,0.0751310425160162,-0.1538461538461538,-0.22897719636217
temporal_1_vs_2,race_aware,TabPFN,break_even,Other vs Caucasian,fnr,minimum_delta,0.2878519838284055,0.3037677276879056,0.01591574385950012
temporal_1_vs_2,race_aware,TabPFN,break_even,Other vs Caucasian,fnr,p_holm,1.0,0.2581659435242646,-0.7418340564757354
temporal_1_vs_2,race_aware,TabPFN,break_even,Other vs Caucasian,fpr,gap,-0.1652882205513784,-0.0841642777016078,0.0811239428497706
temporal_1_vs_2,race_aware,TabPFN,break_even,Other vs Caucasian,fpr,minimum_delta,0.2616171261154078,0.1783181919487897,-0.08329893416661813
temporal_1_vs_2,race_aware,TabPFN,break_even,Other vs Caucasian,fpr,p_holm,0.0150663493378251,0.3281976695893578,0.31313132025153273
temporal_1_vs_2,race_aware,TabPFN,break_even,Other vs Caucasian,statistical_parity,gap,-0.153488537156647,-0.0214486113186247,0.13203992583802232
temporal_1_vs_2,race_aware,TabPFN,break_even,Other vs Caucasian,statistical_parity,minimum_delta,0.249010674731197,0.1097059239803093,-0.13930475075088772
temporal_1_vs_2,race_aware,TabPFN,break_even,Other vs Caucasian,statistical_parity,p_holm,0.0284326597936909,1.0,0.9715673402063091
temporal_1_vs_2,race_blind,COMPAS tool,0.5,African-American vs Caucasian,conditional_statistical_parity,p_holm,0.0296855036277272,0.0101363285997548,-0.019549175027972397
temporal_1_vs_2,race_blind,COMPAS tool,0.5,African-American vs Caucasian,equalized_odds,p_holm,8.667853440464584e-12,6.089134526676387e-12,-2.5787189137881972e-12
temporal_1_vs_2,race_blind,COMPAS tool,0.5,African-American vs Caucasian,fnr,gap,-0.2418021618675629,-0.1570238877931186,0.0847782740744443
temporal_1_vs_2,race_blind,COMPAS tool,0.5,African-American vs Caucasian,fnr,minimum_delta,0.3383315470575448,0.2340154807837571,-0.1043160662737877
temporal_1_vs_2,race_blind,COMPAS tool,0.5,African-American vs Caucasian,fnr,p_holm,0.0001388136429873,0.0030044983540566,0.0028656847110693
temporal_1_vs_2,race_blind,COMPAS tool,0.5,African-American vs Caucasian,fpr,gap,0.2333333333333333,0.1965872082118437,-0.036746125121489615
temporal_1_vs_2,race_blind,COMPAS tool,0.5,African-American vs Caucasian,fpr,minimum_delta,0.2946704194505284,0.2446807011255172,-0.0499897183250112
temporal_1_vs_2,race_blind,COMPAS tool,0.5,African-American vs Caucasian,fpr,p_holm,7.660684342716421e-09,3.0918807546320046e-10,-7.351496267253221e-09
temporal_1_vs_2,race_blind,COMPAS tool,0.5,African-American vs Caucasian,statistical_parity,gap,0.2629626202812731,0.2114142612363253,-0.051548359044947784
temporal_1_vs_2,race_blind,COMPAS tool,0.5,African-American vs Caucasian,statistical_parity,minimum_delta,0.3146594289207531,0.2527995075828846,-0.061859921337868495
temporal_1_vs_2,race_blind,COMPAS tool,0.5,African-American vs Caucasian,statistical_parity,p_holm,5.990344653324547e-15,2.104684670542641e-15,-3.885659982781906e-15
temporal_1_vs_2,race_blind,COMPAS tool,0.5,Female vs Male,conditional_statistical_parity,p_holm,0.4232122941829386,0.8878273828204716,0.464615088637533
temporal_1_vs_2,race_blind,COMPAS tool,0.5,Female vs Male,equalized_odds,p_holm,1.0,0.6787045577757904,-0.3212954422242096
temporal_1_vs_2,race_blind,COMPAS tool,0.5,Female vs Male,fnr,gap,0.0699472096530919,-0.0258310178038488,-0.0957782274569407
temporal_1_vs_2,race_blind,COMPAS tool,0.5,Female vs Male,fnr,minimum_delta,0.1939540471247839,0.1225959771336141,-0.0713580699911698
temporal_1_vs_2,race_blind,COMPAS tool,0.5,Female vs Male,fnr,p_holm,0.6929734504095852,1.0,0.30702654959041475
temporal_1_vs_2,race_blind,COMPAS tool,0.5,Female vs Male,fpr,gap,-0.0216152375239023,-0.0438605092002483,-0.022245271676346004
temporal_1_vs_2,race_blind,COMPAS tool,0.5,Female vs Male,fpr,minimum_delta,0.0875526321510372,0.0944926840029939,0.006940051851956702
temporal_1_vs_2,race_blind,COMPAS tool,0.5,Female vs Male,fpr,p_holm,1.0,0.3272801572571062,-0.6727198427428938
temporal_1_vs_2,race_blind,COMPAS tool,0.5,Female vs Male,statistical_parity,gap,-0.0632541658686075,-0.0612133767871472,0.002040789081460305
temporal_1_vs_2,race_blind,COMPAS tool,0.5,Female vs Male,statistical_parity,minimum_delta,0.1222271917249142,0.1077318043003634,-0.014495387424550796
temporal_1_vs_2,race_blind,COMPAS tool,0.5,Female vs Male,statistical_parity,p_holm,0.165083187847234,0.1014756590400004,-0.0636075288072336
temporal_1_vs_2,race_blind,COMPAS tool,0.5,Hispanic vs Caucasian,conditional_statistical_parity,p_holm,0.4758586057794137,0.8742910068708332,0.3984324010914195
temporal_1_vs_2,race_blind,COMPAS tool,0.5,Hispanic vs Caucasian,equalized_odds,p_holm,1.0,0.6787045577757904,-0.3212954422242096
temporal_1_vs_2,race_blind,COMPAS tool,0.5,Hispanic vs Caucasian,fnr,gap,0.0554455445544553,0.0911242603550295,0.035678715800574204
temporal_1_vs_2,race_blind,COMPAS tool,0.5,Hispanic vs Caucasian,fnr,minimum_delta,0.2374065714726705,0.241993802156629,0.004587230683958499
temporal_1_vs_2,race_blind,COMPAS tool,0.5,Hispanic vs Caucasian,fnr,p_holm,0.6929734504095852,0.977506745450603,0.28453329504101776
temporal_1_vs_2,race_blind,COMPAS tool,0.5,Hispanic vs Caucasian,fpr,gap,-0.0307320024198426,-0.0214311254134262,0.009300877006416401
temporal_1_vs_2,race_blind,COMPAS tool,0.5,Hispanic vs Caucasian,fpr,minimum_delta,0.1151105917061019,0.0953410445488391,-0.0197695471572628
temporal_1_vs_2,race_blind,COMPAS tool,0.5,Hispanic vs Caucasian,fpr,p_holm,1.0,0.6408353312616617,-0.3591646687383383
temporal_1_vs_2,race_blind,COMPAS tool,0.5,Hispanic vs Caucasian,statistical_parity,gap,-0.044180236861584,-0.0425649530127141,0.0016152838488699
temporal_1_vs_2,race_blind,COMPAS tool,0.5,Hispanic vs Caucasian,statistical_parity,minimum_delta,0.1225305520193017,0.1114358266400943,-0.011094725379207401
temporal_1_vs_2,race_blind,COMPAS tool,0.5,Hispanic vs Caucasian,statistical_parity,p_holm,0.3658528106363565,0.324097986677323,-0.041754823959033516
temporal_1_vs_2,race_blind,COMPAS tool,0.5,Other vs Caucasian,conditional_statistical_parity,p_holm,0.3943267740705046,0.1168445313920142,-0.2774822426784904
temporal_1_vs_2,race_blind,COMPAS tool,0.5,Other vs Caucasian,equalized_odds,p_holm,0.1280235112858655,0.1848002831869529,0.0567767719010874
temporal_1_vs_2,race_blind,COMPAS tool,0.5,Other vs Caucasian,fnr,gap,0.2201514269073965,0.0680473372781064,-0.15210408962929012
temporal_1_vs_2,race_blind,COMPAS tool,0.5,Other vs Caucasian,fnr,minimum_delta,0.4094922944476661,0.2403389963579945,-0.1691532980896716
temporal_1_vs_2,race_blind,COMPAS tool,0.5,Other vs Caucasian,fnr,p_holm,0.2677037128939495,1.0,0.7322962871060505
temporal_1_vs_2,race_blind,COMPAS tool,0.5,Other vs Caucasian,fpr,gap,-0.106265664160401,-0.1107752710956001,-0.004509606935199112
temporal_1_vs_2,race_blind,COMPAS tool,0.5,Other vs Caucasian,fpr,minimum_delta,0.1942083444234554,0.1805305826331522,-0.013677761790303195
temporal_1_vs_2,race_blind,COMPAS tool,0.5,Other vs Caucasian,fpr,p_holm,0.2545856758585532,0.0979451969029814,-0.1566404789555718
temporal_1_vs_2,race_blind,COMPAS tool,0.5,Other vs Caucasian,statistical_parity,gap,-0.1387252466463198,-0.1004200076365024,0.0383052390098174
temporal_1_vs_2,race_blind,COMPAS tool,0.5,Other vs Caucasian,statistical_parity,minimum_delta,0.2199547276171629,0.1733269055463779,-0.046627822070785
temporal_1_vs_2,race_blind,COMPAS tool,0.5,Other vs Caucasian,statistical_parity,p_holm,0.0468119201750961,0.1014756590400004,0.054663738864904304
temporal_1_vs_2,race_blind,COMPAS tool,break_even,African-American vs Caucasian,conditional_statistical_parity,p_holm,0.0296855036277272,0.0101363285997548,-0.019549175027972397
temporal_1_vs_2,race_blind,COMPAS tool,break_even,African-American vs Caucasian,equalized_odds,p_holm,8.667853440464584e-12,6.089134526676387e-12,-2.5787189137881972e-12
temporal_1_vs_2,race_blind,COMPAS tool,break_even,African-American vs Caucasian,fnr,gap,-0.2418021618675629,-0.1570238877931186,0.0847782740744443
temporal_1_vs_2,race_blind,COMPAS tool,break_even,African-American vs Caucasian,fnr,minimum_delta,0.3383315470575448,0.2340154807837571,-0.1043160662737877
temporal_1_vs_2,race_blind,COMPAS tool,break_even,African-American vs Caucasian,fnr,p_holm,0.0001388136429873,0.0030044983540566,0.0028656847110693
temporal_1_vs_2,race_blind,COMPAS tool,break_even,African-American vs Caucasian,fpr,gap,0.2333333333333333,0.1965872082118437,-0.036746125121489615
temporal_1_vs_2,race_blind,COMPAS tool,break_even,African-American vs Caucasian,fpr,minimum_delta,0.2946704194505284,0.2446807011255172,-0.0499897183250112
temporal_1_vs_2,race_blind,COMPAS tool,break_even,African-American vs Caucasian,fpr,p_holm,7.660684342716421e-09,3.0918807546320046e-10,-7.351496267253221e-09
temporal_1_vs_2,race_blind,COMPAS tool,break_even,African-American vs Caucasian,statistical_parity,gap,0.2629626202812731,0.2114142612363253,-0.051548359044947784
temporal_1_vs_2,race_blind,COMPAS tool,break_even,African-American vs Caucasian,statistical_parity,minimum_delta,0.3146594289207531,0.2527995075828846,-0.061859921337868495
temporal_1_vs_2,race_blind,COMPAS tool,break_even,African-American vs Caucasian,statistical_parity,p_holm,5.990344653324547e-15,2.104684670542641e-15,-3.885659982781906e-15
temporal_1_vs_2,race_blind,COMPAS tool,break_even,Female vs Male,conditional_statistical_parity,p_holm,0.4232122941829386,0.8878273828204716,0.464615088637533
temporal_1_vs_2,race_blind,COMPAS tool,break_even,Female vs Male,equalized_odds,p_holm,1.0,0.6787045577757904,-0.3212954422242096
temporal_1_vs_2,race_blind,COMPAS tool,break_even,Female vs Male,fnr,gap,0.0699472096530919,-0.0258310178038488,-0.0957782274569407
temporal_1_vs_2,race_blind,COMPAS tool,break_even,Female vs Male,fnr,minimum_delta,0.1939540471247839,0.1225959771336141,-0.0713580699911698
temporal_1_vs_2,race_blind,COMPAS tool,break_even,Female vs Male,fnr,p_holm,0.6929734504095852,1.0,0.30702654959041475
temporal_1_vs_2,race_blind,COMPAS tool,break_even,Female vs Male,fpr,gap,-0.0216152375239023,-0.0438605092002483,-0.022245271676346004
temporal_1_vs_2,race_blind,COMPAS tool,break_even,Female vs Male,fpr,minimum_delta,0.0875526321510372,0.0944926840029939,0.006940051851956702
temporal_1_vs_2,race_blind,COMPAS tool,break_even,Female vs Male,fpr,p_holm,1.0,0.3272801572571062,-0.6727198427428938
temporal_1_vs_2,race_blind,COMPAS tool,break_even,Female vs Male,statistical_parity,gap,-0.0632541658686075,-0.0612133767871472,0.002040789081460305
temporal_1_vs_2,race_blind,COMPAS tool,break_even,Female vs Male,statistical_parity,minimum_delta,0.1222271917249142,0.1077318043003634,-0.014495387424550796
temporal_1_vs_2,race_blind,COMPAS tool,break_even,Female vs Male,statistical_parity,p_holm,0.165083187847234,0.1014756590400004,-0.0636075288072336
temporal_1_vs_2,race_blind,COMPAS tool,break_even,Hispanic vs Caucasian,conditional_statistical_parity,p_holm,0.4758586057794137,0.8742910068708332,0.3984324010914195
temporal_1_vs_2,race_blind,COMPAS tool,break_even,Hispanic vs Caucasian,equalized_odds,p_holm,1.0,0.6787045577757904,-0.3212954422242096
temporal_1_vs_2,race_blind,COMPAS tool,break_even,Hispanic vs Caucasian,fnr,gap,0.0554455445544553,0.0911242603550295,0.035678715800574204
temporal_1_vs_2,race_blind,COMPAS tool,break_even,Hispanic vs Caucasian,fnr,minimum_delta,0.2374065714726705,0.241993802156629,0.004587230683958499
temporal_1_vs_2,race_blind,COMPAS tool,break_even,Hispanic vs Caucasian,fnr,p_holm,0.6929734504095852,0.977506745450603,0.28453329504101776
temporal_1_vs_2,race_blind,COMPAS tool,break_even,Hispanic vs Caucasian,fpr,gap,-0.0307320024198426,-0.0214311254134262,0.009300877006416401
temporal_1_vs_2,race_blind,COMPAS tool,break_even,Hispanic vs Caucasian,fpr,minimum_delta,0.1151105917061019,0.0953410445488391,-0.0197695471572628
temporal_1_vs_2,race_blind,COMPAS tool,break_even,Hispanic vs Caucasian,fpr,p_holm,1.0,0.6408353312616617,-0.3591646687383383
temporal_1_vs_2,race_blind,COMPAS tool,break_even,Hispanic vs Caucasian,statistical_parity,gap,-0.044180236861584,-0.0425649530127141,0.0016152838488699
temporal_1_vs_2,race_blind,COMPAS tool,break_even,Hispanic vs Caucasian,statistical_parity,minimum_delta,0.1225305520193017,0.1114358266400943,-0.011094725379207401
temporal_1_vs_2,race_blind,COMPAS tool,break_even,Hispanic vs Caucasian,statistical_parity,p_holm,0.3658528106363565,0.324097986677323,-0.041754823959033516
temporal_1_vs_2,race_blind,COMPAS tool,break_even,Other vs Caucasian,conditional_statistical_parity,p_holm,0.3943267740705046,0.1168445313920142,-0.2774822426784904
temporal_1_vs_2,race_blind,COMPAS tool,break_even,Other vs Caucasian,equalized_odds,p_holm,0.1280235112858655,0.1848002831869529,0.0567767719010874
temporal_1_vs_2,race_blind,COMPAS tool,break_even,Other vs Caucasian,fnr,gap,0.2201514269073965,0.0680473372781064,-0.15210408962929012
temporal_1_vs_2,race_blind,COMPAS tool,break_even,Other vs Caucasian,fnr,minimum_delta,0.4094922944476661,0.2403389963579945,-0.1691532980896716
temporal_1_vs_2,race_blind,COMPAS tool,break_even,Other vs Caucasian,fnr,p_holm,0.2677037128939495,1.0,0.7322962871060505
temporal_1_vs_2,race_blind,COMPAS tool,break_even,Other vs Caucasian,fpr,gap,-0.106265664160401,-0.1107752710956001,-0.004509606935199112
temporal_1_vs_2,race_blind,COMPAS tool,break_even,Other vs Caucasian,fpr,minimum_delta,0.1942083444234554,0.1805305826331522,-0.013677761790303195
temporal_1_vs_2,race_blind,COMPAS tool,break_even,Other vs Caucasian,fpr,p_holm,0.2545856758585532,0.0979451969029814,-0.1566404789555718
temporal_1_vs_2,race_blind,COMPAS tool,break_even,Other vs Caucasian,statistical_parity,gap,-0.1387252466463198,-0.1004200076365024,0.0383052390098174
temporal_1_vs_2,race_blind,COMPAS tool,break_even,Other vs Caucasian,statistical_parity,minimum_delta,0.2199547276171629,0.1733269055463779,-0.046627822070785
temporal_1_vs_2,race_blind,COMPAS tool,break_even,Other vs Caucasian,statistical_parity,p_holm,0.0468119201750961,0.1014756590400004,0.054663738864904304
temporal_1_vs_2,race_blind,TabPFN,0.5,African-American vs Caucasian,conditional_statistical_parity,p_holm,0.0008001084580532,0.0079238897577697,0.007123781299716499
temporal_1_vs_2,race_blind,TabPFN,0.5,African-American vs Caucasian,equalized_odds,p_holm,9.049777995248952e-15,1.5078549997848882e-09,1.507845950006893e-09
temporal_1_vs_2,race_blind,TabPFN,0.5,African-American vs Caucasian,fnr,gap,-0.3635661731310746,-0.228614215793703,0.1349519573373716
temporal_1_vs_2,race_blind,TabPFN,0.5,African-American vs Caucasian,fnr,minimum_delta,0.439239293198406,0.291806608296471,-0.147432684901935
temporal_1_vs_2,race_blind,TabPFN,0.5,African-American vs Caucasian,fnr,p_holm,1.16873163225941e-09,5.553256699393493e-07,5.541569383070899e-07
temporal_1_vs_2,race_blind,TabPFN,0.5,African-American vs Caucasian,fpr,gap,0.1286549707602339,0.0734266032363121,-0.05522836752392181
temporal_1_vs_2,race_blind,TabPFN,0.5,African-American vs Caucasian,fpr,minimum_delta,0.17207395892468,0.1059644422053356,-0.0661095167193444
temporal_1_vs_2,race_blind,TabPFN,0.5,African-American vs Caucasian,fpr,p_holm,1.1620010091478518e-05,0.0008998633455224,0.0008882433354309215
temporal_1_vs_2,race_blind,TabPFN,0.5,African-American vs Caucasian,statistical_parity,gap,0.2250462620281273,0.141477699268199,-0.0835685627599283
temporal_1_vs_2,race_blind,TabPFN,0.5,African-American vs Caucasian,statistical_parity,minimum_delta,0.2643594944233154,0.1722489191878622,-0.09211057523545321
temporal_1_vs_2,race_blind,TabPFN,0.5,African-American vs Caucasian,statistical_parity,p_holm,4.121269051526301e-16,7.519658547203146e-12,7.519246420297993e-12
temporal_1_vs_2,race_blind,TabPFN,0.5,Female vs Male,conditional_statistical_parity,p_holm,0.0012389876639622,0.0002648652455642,-0.0009741224183980001
temporal_1_vs_2,race_blind,TabPFN,0.5,Female vs Male,equalized_odds,p_holm,3.566468447675377e-09,0.0001431203955742,0.00014311682910575233
temporal_1_vs_2,race_blind,TabPFN,0.5,Female vs Male,fnr,gap,0.2217194570135746,0.0863949778738294,-0.1353244791397452
temporal_1_vs_2,race_blind,TabPFN,0.5,Female vs Male,fnr,minimum_delta,0.3129337137752458,0.1693876649647002,-0.1435460488105456
temporal_1_vs_2,race_blind,TabPFN,0.5,Female vs Male,fnr,p_holm,0.0052949845641743,0.2250998036306743,0.2198048190665
temporal_1_vs_2,race_blind,TabPFN,0.5,Female vs Male,fpr,gap,-0.133693899741292,-0.079566624178841,0.054127275562451005
temporal_1_vs_2,race_blind,TabPFN,0.5,Female vs Male,fpr,minimum_delta,0.1641939922189479,0.1065151080289378,-0.057678884190010105
temporal_1_vs_2,race_blind,TabPFN,0.5,Female vs Male,fpr,p_holm,8.533530219082972e-06,0.0005221171460809,0.000513583615861817
temporal_1_vs_2,race_blind,TabPFN,0.5,Female vs Male,statistical_parity,gap,-0.1779448381536104,-0.1046166947806292,0.0733281433729812
temporal_1_vs_2,race_blind,TabPFN,0.5,Female vs Male,statistical_parity,minimum_delta,0.2104755987450869,0.1341056238217517,-0.0763699749233352
temporal_1_vs_2,race_blind,TabPFN,0.5,Female vs Male,statistical_parity,p_holm,2.367212365335094e-09,5.455338098136706e-06,5.452970885771371e-06
temporal_1_vs_2,race_blind,TabPFN,0.5,Hispanic vs Caucasian,conditional_statistical_parity,p_holm,0.9267429648476848,0.1340758581367104,-0.7926671067109744
temporal_1_vs_2,race_blind,TabPFN,0.5,Hispanic vs Caucasian,equalized_odds,p_holm,0.9399263703607704,0.1722165297653415,-0.7677098405954289
temporal_1_vs_2,race_blind,TabPFN,0.5,Hispanic vs Caucasian,fnr,gap,-0.0510891089108911,-0.166356720202874,-0.1152676112919829
temporal_1_vs_2,race_blind,TabPFN,0.5,Hispanic vs Caucasian,fnr,minimum_delta,0.1830125515565383,0.3036505368072743,0.12063798525073596
temporal_1_vs_2,race_blind,TabPFN,0.5,Hispanic vs Caucasian,fnr,p_holm,0.9601084119633252,0.056353764615385,-0.9037546473479402
temporal_1_vs_2,race_blind,TabPFN,0.5,Hispanic vs Caucasian,fpr,gap,0.0102843315184513,-0.0023017788504514,-0.0125861103689027
temporal_1_vs_2,race_blind,TabPFN,0.5,Hispanic vs Caucasian,fpr,minimum_delta,0.0644594635695063,0.0492938528724337,-0.015165610697072597
temporal_1_vs_2,race_blind,TabPFN,0.5,Hispanic vs Caucasian,fpr,p_holm,0.7462241583773355,0.9362818110628413,0.19005765268550578
temporal_1_vs_2,race_blind,TabPFN,0.5,Hispanic vs Caucasian,statistical_parity,gap,0.0179034048852701,0.0409306126372966,0.0230272077520265
temporal_1_vs_2,race_blind,TabPFN,0.5,Hispanic vs Caucasian,statistical_parity,minimum_delta,0.0695480567534013,0.0931173427745892,0.023569286021187907
temporal_1_vs_2,race_blind,TabPFN,0.5,Hispanic vs Caucasian,statistical_parity,p_holm,0.548326987641268,0.3064890256505015,-0.24183796199076646
temporal_1_vs_2,race_blind,TabPFN,0.5,Other vs Caucasian,conditional_statistical_parity,p_holm,0.9267429648476848,0.5664394421979733,-0.36030352264971155
temporal_1_vs_2,race_blind,TabPFN,0.5,Other vs Caucasian,equalized_odds,p_holm,0.9399263703607704,0.2542429232129425,-0.6856834471478279
temporal_1_vs_2,race_blind,TabPFN,0.5,Other vs Caucasian,fnr,gap,0.0500873616773441,-0.044378698224852,-0.0944660599021961
temporal_1_vs_2,race_blind,TabPFN,0.5,Other vs Caucasian,fnr,minimum_delta,0.1577685244842899,0.1798658099211348,0.022097285436844888
temporal_1_vs_2,race_blind,TabPFN,0.5,Other vs Caucasian,fnr,p_holm,0.9601084119633252,0.5593049468922573,-0.4008034650710679
temporal_1_vs_2,race_blind,TabPFN,0.5,Other vs Caucasian,fpr,gap,-0.0344611528822055,-0.044839835473015,-0.010378682590809499
temporal_1_vs_2,race_blind,TabPFN,0.5,Other vs Caucasian,fpr,minimum_delta,0.0823758244661254,0.0829639367951232,0.000588112328997803
temporal_1_vs_2,race_blind,TabPFN,0.5,Other vs Caucasian,fpr,p_holm,0.6744541451584909,0.3196713232457038,-0.3547828219127871
temporal_1_vs_2,race_blind,TabPFN,0.5,Other vs Caucasian,statistical_parity,gap,-0.0392149904180566,-0.0212327971180503,0.0179821933000063
temporal_1_vs_2,race_blind,TabPFN,0.5,Other vs Caucasian,statistical_parity,minimum_delta,0.083782493338218,0.0685855973786579,-0.0151968959595601
temporal_1_vs_2,race_blind,TabPFN,0.5,Other vs Caucasian,statistical_parity,p_holm,0.4814148473449113,0.4979121033681795,0.01649725602326818
temporal_1_vs_2,race_blind,TabPFN,break_even,African-American vs Caucasian,conditional_statistical_parity,p_holm,0.9921547429860316,0.9795135209119368,-0.012641222074094793
temporal_1_vs_2,race_blind,TabPFN,break_even,African-American vs Caucasian,equalized_odds,p_holm,6.727258075352194e-10,2.62484138487954e-12,-6.701009661503399e-10
temporal_1_vs_2,race_blind,TabPFN,break_even,African-American vs Caucasian,fnr,gap,-0.1845308384049414,-0.1778252611585945,0.006705577246346878
temporal_1_vs_2,race_blind,TabPFN,break_even,African-American vs Caucasian,fnr,minimum_delta,0.2708444219130354,0.2497861687166912,-0.021058253196344218
temporal_1_vs_2,race_blind,TabPFN,break_even,African-American vs Caucasian,fnr,p_holm,0.000516362488183,9.246224500787197e-05,-0.00042390024317512804
temporal_1_vs_2,race_blind,TabPFN,break_even,African-American vs Caucasian,fpr,gap,0.2228070175438596,0.198718604532201,-0.024088413011658594
temporal_1_vs_2,race_blind,TabPFN,break_even,African-American vs Caucasian,fpr,minimum_delta,0.2871846444286514,0.25034482723406,-0.036839817194591395
temporal_1_vs_2,race_blind,TabPFN,break_even,African-American vs Caucasian,fpr,p_holm,1.1031255598898512e-07,1.7483438952950992e-09,-1.0856421209369003e-07
temporal_1_vs_2,race_blind,TabPFN,break_even,African-American vs Caucasian,statistical_parity,gap,0.2450222057735011,0.2197695142148182,-0.0252526915586829
temporal_1_vs_2,race_blind,TabPFN,break_even,African-American vs Caucasian,statistical_parity,minimum_delta,0.2974938027228549,0.2622142520124318,-0.0352795507104231
temporal_1_vs_2,race_blind,TabPFN,break_even,African-American vs Caucasian,statistical_parity,p_holm,1.4711942239728429e-13,2.525191938316594e-16,-1.4686690320345262e-13
temporal_1_vs_2,race_blind,TabPFN,break_even,Female vs Male,conditional_statistical_parity,p_holm,6.410580862800785e-09,6.789748077654248e-50,-6.410580862800785e-09
temporal_1_vs_2,race_blind,TabPFN,break_even,Female vs Male,equalized_odds,p_holm,3.697890152128345e-07,4.6808671174536085e-11,-3.6974220654166e-07
temporal_1_vs_2,race_blind,TabPFN,break_even,Female vs Male,fnr,gap,0.225867269984917,0.1455181640423999,-0.0803491059425171
temporal_1_vs_2,race_blind,TabPFN,break_even,Female vs Male,fnr,minimum_delta,0.3451768382993905,0.2400487093179849,-0.10512812898140561
temporal_1_vs_2,race_blind,TabPFN,break_even,Female vs Male,fnr,p_holm,0.0008700174130407,0.017721212665086,0.0168511952520453
temporal_1_vs_2,race_blind,TabPFN,break_even,Female vs Male,fpr,gap,-0.1894004724232312,-0.2178236428408014,-0.028423170417570226
temporal_1_vs_2,race_blind,TabPFN,break_even,Female vs Male,fpr,minimum_delta,0.2561488509549733,0.2695137294362813,0.013364878481308018
temporal_1_vs_2,race_blind,TabPFN,break_even,Female vs Male,fpr,p_holm,2.545554732721017e-05,5.74264726473919e-10,-2.5454973062483698e-05
temporal_1_vs_2,race_blind,TabPFN,break_even,Female vs Male,statistical_parity,gap,-0.2341313924535529,-0.2358133669609079,-0.001681974507354994
temporal_1_vs_2,race_blind,TabPFN,break_even,Female vs Male,statistical_parity,minimum_delta,0.2931966155115173,0.282451451946013,-0.010745163565504312
temporal_1_vs_2,race_blind,TabPFN,break_even,Female vs Male,statistical_parity,p_holm,4.4967376552687215e-10,3.835636786057007e-15,-4.496699298900861e-10
temporal_1_vs_2,race_blind,TabPFN,break_even,Hispanic vs Caucasian,conditional_statistical_parity,p_holm,0.8256672020534008,0.9795135209119368,0.15384631885853595
temporal_1_vs_2,race_blind,TabPFN,break_even,Hispanic vs Caucasian,equalized_odds,p_holm,0.7895022076283573,0.2558535810008682,-0.5336486266274891
temporal_1_vs_2,race_blind,TabPFN,break_even,Hispanic vs Caucasian,fnr,gap,0.0732673267326732,-0.0989010989010989,-0.1721684256337721
temporal_1_vs_2,race_blind,TabPFN,break_even,Hispanic vs Caucasian,fnr,minimum_delta,0.2531212613111071,0.2394201567499504,-0.013701104561156724
temporal_1_vs_2,race_blind,TabPFN,break_even,Hispanic vs Caucasian,fnr,p_holm,0.9781809431545292,0.2693736923032819,-0.7088072508512473
temporal_1_vs_2,race_blind,TabPFN,break_even,Hispanic vs Caucasian,fpr,gap,-0.003145795523291,-0.0632653973361938,-0.060119601812902795
temporal_1_vs_2,race_blind,TabPFN,break_even,Hispanic vs Caucasian,fpr,minimum_delta,0.1011854124989761,0.1472702303196854,0.04608481782070929
temporal_1_vs_2,race_blind,TabPFN,break_even,Hispanic vs Caucasian,fpr,p_holm,0.957838725535014,0.2882233358815024,-0.6696153896535116
temporal_1_vs_2,race_blind,TabPFN,break_even,Hispanic vs Caucasian,statistical_parity,gap,-0.0299777942264989,-0.0237460042781262,0.006231789948372701
temporal_1_vs_2,race_blind,TabPFN,break_even,Hispanic vs Caucasian,statistical_parity,minimum_delta,0.1176410308010753,0.1008045864536564,-0.01683644434741889
temporal_1_vs_2,race_blind,TabPFN,break_even,Hispanic vs Caucasian,statistical_parity,p_holm,0.5746376280997784,1.0,0.42536237190022164
temporal_1_vs_2,race_blind,TabPFN,break_even,Other vs Caucasian,conditional_statistical_parity,p_holm,0.5455452064688684,0.488985103534015,-0.05656010293485342
temporal_1_vs_2,race_blind,TabPFN,break_even,Other vs Caucasian,equalized_odds,p_holm,0.2987881090281347,0.1949295714478451,-0.1038585375802896
temporal_1_vs_2,race_blind,TabPFN,break_even,Other vs Caucasian,fnr,gap,-0.0326150262085032,-0.1538461538461538,-0.1212311276376506
temporal_1_vs_2,race_blind,TabPFN,break_even,Other vs Caucasian,fnr,minimum_delta,0.2315208838139922,0.3037677276879056,0.07224684387391342
temporal_1_vs_2,race_blind,TabPFN,break_even,Other vs Caucasian,fnr,p_holm,0.9781809431545292,0.2581659435242646,-0.7200149996302646
temporal_1_vs_2,race_blind,TabPFN,break_even,Other vs Caucasian,fpr,gap,-0.1324561403508772,-0.0885890564626698,0.043867083888207384
temporal_1_vs_2,race_blind,TabPFN,break_even,Other vs Caucasian,fpr,minimum_delta,0.2390529474898587,0.1827841828857393,-0.05626876460411939
temporal_1_vs_2,race_blind,TabPFN,break_even,Other vs Caucasian,fpr,p_holm,0.1183054265570443,0.2882233358815024,0.1699179093244581
temporal_1_vs_2,race_blind,TabPFN,break_even,Other vs Caucasian,statistical_parity,gap,-0.1023848392362836,-0.0246692232348888,0.07771561600139479
temporal_1_vs_2,race_blind,TabPFN,break_even,Other vs Caucasian,statistical_parity,minimum_delta,0.2037785326142294,0.1129384704767446,-0.0908400621374848
temporal_1_vs_2,race_blind,TabPFN,break_even,Other vs Caucasian,statistical_parity,p_holm,0.2125303201599807,1.0,0.7874696798400194
temporal_1_vs_2,race_priors_blind,COMPAS tool,0.5,African-American vs Caucasian,conditional_statistical_parity,p_holm,0.0296855036277272,0.0101363285997548,-0.019549175027972397
temporal_1_vs_2,race_priors_blind,COMPAS tool,0.5,African-American vs Caucasian,equalized_odds,p_holm,8.667853440464584e-12,6.089134526676387e-12,-2.5787189137881972e-12
temporal_1_vs_2,race_priors_blind,COMPAS tool,0.5,African-American vs Caucasian,fnr,gap,-0.2418021618675629,-0.1570238877931186,0.0847782740744443
temporal_1_vs_2,race_priors_blind,COMPAS tool,0.5,African-American vs Caucasian,fnr,minimum_delta,0.3383315470575448,0.2340154807837571,-0.1043160662737877
temporal_1_vs_2,race_priors_blind,COMPAS tool,0.5,African-American vs Caucasian,fnr,p_holm,0.0001388136429873,0.0030044983540566,0.0028656847110693
temporal_1_vs_2,race_priors_blind,COMPAS tool,0.5,African-American vs Caucasian,fpr,gap,0.2333333333333333,0.1965872082118437,-0.036746125121489615
temporal_1_vs_2,race_priors_blind,COMPAS tool,0.5,African-American vs Caucasian,fpr,minimum_delta,0.2946704194505284,0.2446807011255172,-0.0499897183250112
temporal_1_vs_2,race_priors_blind,COMPAS tool,0.5,African-American vs Caucasian,fpr,p_holm,7.660684342716421e-09,3.0918807546320046e-10,-7.351496267253221e-09
temporal_1_vs_2,race_priors_blind,COMPAS tool,0.5,African-American vs Caucasian,statistical_parity,gap,0.2629626202812731,0.2114142612363253,-0.051548359044947784
temporal_1_vs_2,race_priors_blind,COMPAS tool,0.5,African-American vs Caucasian,statistical_parity,minimum_delta,0.3146594289207531,0.2527995075828846,-0.061859921337868495
temporal_1_vs_2,race_priors_blind,COMPAS tool,0.5,African-American vs Caucasian,statistical_parity,p_holm,5.990344653324547e-15,2.104684670542641e-15,-3.885659982781906e-15
temporal_1_vs_2,race_priors_blind,COMPAS tool,0.5,Female vs Male,conditional_statistical_parity,p_holm,0.4232122941829386,0.8878273828204716,0.464615088637533
temporal_1_vs_2,race_priors_blind,COMPAS tool,0.5,Female vs Male,equalized_odds,p_holm,1.0,0.6787045577757904,-0.3212954422242096
temporal_1_vs_2,race_priors_blind,COMPAS tool,0.5,Female vs Male,fnr,gap,0.0699472096530919,-0.0258310178038488,-0.0957782274569407
temporal_1_vs_2,race_priors_blind,COMPAS tool,0.5,Female vs Male,fnr,minimum_delta,0.1939540471247839,0.1225959771336141,-0.0713580699911698
temporal_1_vs_2,race_priors_blind,COMPAS tool,0.5,Female vs Male,fnr,p_holm,0.6929734504095852,1.0,0.30702654959041475
temporal_1_vs_2,race_priors_blind,COMPAS tool,0.5,Female vs Male,fpr,gap,-0.0216152375239023,-0.0438605092002483,-0.022245271676346004
temporal_1_vs_2,race_priors_blind,COMPAS tool,0.5,Female vs Male,fpr,minimum_delta,0.0875526321510372,0.0944926840029939,0.006940051851956702
temporal_1_vs_2,race_priors_blind,COMPAS tool,0.5,Female vs Male,fpr,p_holm,1.0,0.3272801572571062,-0.6727198427428938
temporal_1_vs_2,race_priors_blind,COMPAS tool,0.5,Female vs Male,statistical_parity,gap,-0.0632541658686075,-0.0612133767871472,0.002040789081460305
temporal_1_vs_2,race_priors_blind,COMPAS tool,0.5,Female vs Male,statistical_parity,minimum_delta,0.1222271917249142,0.1077318043003634,-0.014495387424550796
temporal_1_vs_2,race_priors_blind,COMPAS tool,0.5,Female vs Male,statistical_parity,p_holm,0.165083187847234,0.1014756590400004,-0.0636075288072336
temporal_1_vs_2,race_priors_blind,COMPAS tool,0.5,Hispanic vs Caucasian,conditional_statistical_parity,p_holm,0.4758586057794137,0.8742910068708332,0.3984324010914195
temporal_1_vs_2,race_priors_blind,COMPAS tool,0.5,Hispanic vs Caucasian,equalized_odds,p_holm,1.0,0.6787045577757904,-0.3212954422242096
temporal_1_vs_2,race_priors_blind,COMPAS tool,0.5,Hispanic vs Caucasian,fnr,gap,0.0554455445544553,0.0911242603550295,0.035678715800574204
temporal_1_vs_2,race_priors_blind,COMPAS tool,0.5,Hispanic vs Caucasian,fnr,minimum_delta,0.2374065714726705,0.241993802156629,0.004587230683958499
temporal_1_vs_2,race_priors_blind,COMPAS tool,0.5,Hispanic vs Caucasian,fnr,p_holm,0.6929734504095852,0.977506745450603,0.28453329504101776
temporal_1_vs_2,race_priors_blind,COMPAS tool,0.5,Hispanic vs Caucasian,fpr,gap,-0.0307320024198426,-0.0214311254134262,0.009300877006416401
temporal_1_vs_2,race_priors_blind,COMPAS tool,0.5,Hispanic vs Caucasian,fpr,minimum_delta,0.1151105917061019,0.0953410445488391,-0.0197695471572628
temporal_1_vs_2,race_priors_blind,COMPAS tool,0.5,Hispanic vs Caucasian,fpr,p_holm,1.0,0.6408353312616617,-0.3591646687383383
temporal_1_vs_2,race_priors_blind,COMPAS tool,0.5,Hispanic vs Caucasian,statistical_parity,gap,-0.044180236861584,-0.0425649530127141,0.0016152838488699
temporal_1_vs_2,race_priors_blind,COMPAS tool,0.5,Hispanic vs Caucasian,statistical_parity,minimum_delta,0.1225305520193017,0.1114358266400943,-0.011094725379207401
temporal_1_vs_2,race_priors_blind,COMPAS tool,0.5,Hispanic vs Caucasian,statistical_parity,p_holm,0.3658528106363565,0.324097986677323,-0.041754823959033516
temporal_1_vs_2,race_priors_blind,COMPAS tool,0.5,Other vs Caucasian,conditional_statistical_parity,p_holm,0.3943267740705046,0.1168445313920142,-0.2774822426784904
temporal_1_vs_2,race_priors_blind,COMPAS tool,0.5,Other vs Caucasian,equalized_odds,p_holm,0.1280235112858655,0.1848002831869529,0.0567767719010874
temporal_1_vs_2,race_priors_blind,COMPAS tool,0.5,Other vs Caucasian,fnr,gap,0.2201514269073965,0.0680473372781064,-0.15210408962929012
temporal_1_vs_2,race_priors_blind,COMPAS tool,0.5,Other vs Caucasian,fnr,minimum_delta,0.4094922944476661,0.2403389963579945,-0.1691532980896716
temporal_1_vs_2,race_priors_blind,COMPAS tool,0.5,Other vs Caucasian,fnr,p_holm,0.2677037128939495,1.0,0.7322962871060505
temporal_1_vs_2,race_priors_blind,COMPAS tool,0.5,Other vs Caucasian,fpr,gap,-0.106265664160401,-0.1107752710956001,-0.004509606935199112
temporal_1_vs_2,race_priors_blind,COMPAS tool,0.5,Other vs Caucasian,fpr,minimum_delta,0.1942083444234554,0.1805305826331522,-0.013677761790303195
temporal_1_vs_2,race_priors_blind,COMPAS tool,0.5,Other vs Caucasian,fpr,p_holm,0.2545856758585532,0.0979451969029814,-0.1566404789555718
temporal_1_vs_2,race_priors_blind,COMPAS tool,0.5,Other vs Caucasian,statistical_parity,gap,-0.1387252466463198,-0.1004200076365024,0.0383052390098174
temporal_1_vs_2,race_priors_blind,COMPAS tool,0.5,Other vs Caucasian,statistical_parity,minimum_delta,0.2199547276171629,0.1733269055463779,-0.046627822070785
temporal_1_vs_2,race_priors_blind,COMPAS tool,0.5,Other vs Caucasian,statistical_parity,p_holm,0.0468119201750961,0.1014756590400004,0.054663738864904304
temporal_1_vs_2,race_priors_blind,COMPAS tool,break_even,African-American vs Caucasian,conditional_statistical_parity,p_holm,0.0296855036277272,0.0101363285997548,-0.019549175027972397
temporal_1_vs_2,race_priors_blind,COMPAS tool,break_even,African-American vs Caucasian,equalized_odds,p_holm,8.667853440464584e-12,6.089134526676387e-12,-2.5787189137881972e-12
temporal_1_vs_2,race_priors_blind,COMPAS tool,break_even,African-American vs Caucasian,fnr,gap,-0.2418021618675629,-0.1570238877931186,0.0847782740744443
temporal_1_vs_2,race_priors_blind,COMPAS tool,break_even,African-American vs Caucasian,fnr,minimum_delta,0.3383315470575448,0.2340154807837571,-0.1043160662737877
temporal_1_vs_2,race_priors_blind,COMPAS tool,break_even,African-American vs Caucasian,fnr,p_holm,0.0001388136429873,0.0030044983540566,0.0028656847110693
temporal_1_vs_2,race_priors_blind,COMPAS tool,break_even,African-American vs Caucasian,fpr,gap,0.2333333333333333,0.1965872082118437,-0.036746125121489615
temporal_1_vs_2,race_priors_blind,COMPAS tool,break_even,African-American vs Caucasian,fpr,minimum_delta,0.2946704194505284,0.2446807011255172,-0.0499897183250112
temporal_1_vs_2,race_priors_blind,COMPAS tool,break_even,African-American vs Caucasian,fpr,p_holm,7.660684342716421e-09,3.0918807546320046e-10,-7.351496267253221e-09
temporal_1_vs_2,race_priors_blind,COMPAS tool,break_even,African-American vs Caucasian,statistical_parity,gap,0.2629626202812731,0.2114142612363253,-0.051548359044947784
temporal_1_vs_2,race_priors_blind,COMPAS tool,break_even,African-American vs Caucasian,statistical_parity,minimum_delta,0.3146594289207531,0.2527995075828846,-0.061859921337868495
temporal_1_vs_2,race_priors_blind,COMPAS tool,break_even,African-American vs Caucasian,statistical_parity,p_holm,5.990344653324547e-15,2.104684670542641e-15,-3.885659982781906e-15
temporal_1_vs_2,race_priors_blind,COMPAS tool,break_even,Female vs Male,conditional_statistical_parity,p_holm,0.4232122941829386,0.8878273828204716,0.464615088637533
temporal_1_vs_2,race_priors_blind,COMPAS tool,break_even,Female vs Male,equalized_odds,p_holm,1.0,0.6787045577757904,-0.3212954422242096
temporal_1_vs_2,race_priors_blind,COMPAS tool,break_even,Female vs Male,fnr,gap,0.0699472096530919,-0.0258310178038488,-0.0957782274569407
temporal_1_vs_2,race_priors_blind,COMPAS tool,break_even,Female vs Male,fnr,minimum_delta,0.1939540471247839,0.1225959771336141,-0.0713580699911698
temporal_1_vs_2,race_priors_blind,COMPAS tool,break_even,Female vs Male,fnr,p_holm,0.6929734504095852,1.0,0.30702654959041475
temporal_1_vs_2,race_priors_blind,COMPAS tool,break_even,Female vs Male,fpr,gap,-0.0216152375239023,-0.0438605092002483,-0.022245271676346004
temporal_1_vs_2,race_priors_blind,COMPAS tool,break_even,Female vs Male,fpr,minimum_delta,0.0875526321510372,0.0944926840029939,0.006940051851956702
temporal_1_vs_2,race_priors_blind,COMPAS tool,break_even,Female vs Male,fpr,p_holm,1.0,0.3272801572571062,-0.6727198427428938
temporal_1_vs_2,race_priors_blind,COMPAS tool,break_even,Female vs Male,statistical_parity,gap,-0.0632541658686075,-0.0612133767871472,0.002040789081460305
temporal_1_vs_2,race_priors_blind,COMPAS tool,break_even,Female vs Male,statistical_parity,minimum_delta,0.1222271917249142,0.1077318043003634,-0.014495387424550796
temporal_1_vs_2,race_priors_blind,COMPAS tool,break_even,Female vs Male,statistical_parity,p_holm,0.165083187847234,0.1014756590400004,-0.0636075288072336
temporal_1_vs_2,race_priors_blind,COMPAS tool,break_even,Hispanic vs Caucasian,conditional_statistical_parity,p_holm,0.4758586057794137,0.8742910068708332,0.3984324010914195
temporal_1_vs_2,race_priors_blind,COMPAS tool,break_even,Hispanic vs Caucasian,equalized_odds,p_holm,1.0,0.6787045577757904,-0.3212954422242096
temporal_1_vs_2,race_priors_blind,COMPAS tool,break_even,Hispanic vs Caucasian,fnr,gap,0.0554455445544553,0.0911242603550295,0.035678715800574204
temporal_1_vs_2,race_priors_blind,COMPAS tool,break_even,Hispanic vs Caucasian,fnr,minimum_delta,0.2374065714726705,0.241993802156629,0.004587230683958499
temporal_1_vs_2,race_priors_blind,COMPAS tool,break_even,Hispanic vs Caucasian,fnr,p_holm,0.6929734504095852,0.977506745450603,0.28453329504101776
temporal_1_vs_2,race_priors_blind,COMPAS tool,break_even,Hispanic vs Caucasian,fpr,gap,-0.0307320024198426,-0.0214311254134262,0.009300877006416401
temporal_1_vs_2,race_priors_blind,COMPAS tool,break_even,Hispanic vs Caucasian,fpr,minimum_delta,0.1151105917061019,0.0953410445488391,-0.0197695471572628
temporal_1_vs_2,race_priors_blind,COMPAS tool,break_even,Hispanic vs Caucasian,fpr,p_holm,1.0,0.6408353312616617,-0.3591646687383383
temporal_1_vs_2,race_priors_blind,COMPAS tool,break_even,Hispanic vs Caucasian,statistical_parity,gap,-0.044180236861584,-0.0425649530127141,0.0016152838488699
temporal_1_vs_2,race_priors_blind,COMPAS tool,break_even,Hispanic vs Caucasian,statistical_parity,minimum_delta,0.1225305520193017,0.1114358266400943,-0.011094725379207401
temporal_1_vs_2,race_priors_blind,COMPAS tool,break_even,Hispanic vs Caucasian,statistical_parity,p_holm,0.3658528106363565,0.324097986677323,-0.041754823959033516
temporal_1_vs_2,race_priors_blind,COMPAS tool,break_even,Other vs Caucasian,conditional_statistical_parity,p_holm,0.3943267740705046,0.1168445313920142,-0.2774822426784904
temporal_1_vs_2,race_priors_blind,COMPAS tool,break_even,Other vs Caucasian,equalized_odds,p_holm,0.1280235112858655,0.1848002831869529,0.0567767719010874
temporal_1_vs_2,race_priors_blind,COMPAS tool,break_even,Other vs Caucasian,fnr,gap,0.2201514269073965,0.0680473372781064,-0.15210408962929012
temporal_1_vs_2,race_priors_blind,COMPAS tool,break_even,Other vs Caucasian,fnr,minimum_delta,0.4094922944476661,0.2403389963579945,-0.1691532980896716
temporal_1_vs_2,race_priors_blind,COMPAS tool,break_even,Other vs Caucasian,fnr,p_holm,0.2677037128939495,1.0,0.7322962871060505
temporal_1_vs_2,race_priors_blind,COMPAS tool,break_even,Other vs Caucasian,fpr,gap,-0.106265664160401,-0.1107752710956001,-0.004509606935199112
temporal_1_vs_2,race_priors_blind,COMPAS tool,break_even,Other vs Caucasian,fpr,minimum_delta,0.1942083444234554,0.1805305826331522,-0.013677761790303195
temporal_1_vs_2,race_priors_blind,COMPAS tool,break_even,Other vs Caucasian,fpr,p_holm,0.2545856758585532,0.0979451969029814,-0.1566404789555718
temporal_1_vs_2,race_priors_blind,COMPAS tool,break_even,Other vs Caucasian,statistical_parity,gap,-0.1387252466463198,-0.1004200076365024,0.0383052390098174
temporal_1_vs_2,race_priors_blind,COMPAS tool,break_even,Other vs Caucasian,statistical_parity,minimum_delta,0.2199547276171629,0.1733269055463779,-0.046627822070785
temporal_1_vs_2,race_priors_blind,COMPAS tool,break_even,Other vs Caucasian,statistical_parity,p_holm,0.0468119201750961,0.1014756590400004,0.054663738864904304
temporal_1_vs_2,race_priors_blind,TabPFN,0.5,African-American vs Caucasian,conditional_statistical_parity,p_holm,1.0,1.0,0.0
temporal_1_vs_2,race_priors_blind,TabPFN,0.5,African-American vs Caucasian,equalized_odds,p_holm,1.0,1.0,0.0
temporal_1_vs_2,race_priors_blind,TabPFN,0.5,African-American vs Caucasian,fnr,gap,0.0,0.0,0.0
temporal_1_vs_2,race_priors_blind,TabPFN,0.5,African-American vs Caucasian,fnr,p_holm,1.0,1.0,0.0
temporal_1_vs_2,race_priors_blind,TabPFN,0.5,African-American vs Caucasian,fpr,gap,0.0,0.0,0.0
temporal_1_vs_2,race_priors_blind,TabPFN,0.5,African-American vs Caucasian,fpr,p_holm,1.0,1.0,0.0
temporal_1_vs_2,race_priors_blind,TabPFN,0.5,African-American vs Caucasian,statistical_parity,gap,0.0,0.0,0.0
temporal_1_vs_2,race_priors_blind,TabPFN,0.5,African-American vs Caucasian,statistical_parity,p_holm,1.0,1.0,0.0
temporal_1_vs_2,race_priors_blind,TabPFN,0.5,Female vs Male,conditional_statistical_parity,p_holm,1.0,1.0,0.0
temporal_1_vs_2,race_priors_blind,TabPFN,0.5,Female vs Male,equalized_odds,p_holm,1.0,1.0,0.0
temporal_1_vs_2,race_priors_blind,TabPFN,0.5,Female vs Male,fnr,gap,0.0,0.0,0.0
temporal_1_vs_2,race_priors_blind,TabPFN,0.5,Female vs Male,fnr,p_holm,1.0,1.0,0.0
temporal_1_vs_2,race_priors_blind,TabPFN,0.5,Female vs Male,fpr,gap,0.0,0.0,0.0
temporal_1_vs_2,race_priors_blind,TabPFN,0.5,Female vs Male,fpr,p_holm,1.0,1.0,0.0
temporal_1_vs_2,race_priors_blind,TabPFN,0.5,Female vs Male,statistical_parity,gap,0.0,0.0,0.0
temporal_1_vs_2,race_priors_blind,TabPFN,0.5,Female vs Male,statistical_parity,p_holm,1.0,1.0,0.0
temporal_1_vs_2,race_priors_blind,TabPFN,0.5,Hispanic vs Caucasian,conditional_statistical_parity,p_holm,1.0,1.0,0.0
temporal_1_vs_2,race_priors_blind,TabPFN,0.5,Hispanic vs Caucasian,equalized_odds,p_holm,1.0,1.0,0.0
temporal_1_vs_2,race_priors_blind,TabPFN,0.5,Hispanic vs Caucasian,fnr,gap,0.0,0.0,0.0
temporal_1_vs_2,race_priors_blind,TabPFN,0.5,Hispanic vs Caucasian,fnr,p_holm,1.0,1.0,0.0
temporal_1_vs_2,race_priors_blind,TabPFN,0.5,Hispanic vs Caucasian,fpr,gap,0.0,0.0,0.0
temporal_1_vs_2,race_priors_blind,TabPFN,0.5,Hispanic vs Caucasian,fpr,p_holm,1.0,1.0,0.0
temporal_1_vs_2,race_priors_blind,TabPFN,0.5,Hispanic vs Caucasian,statistical_parity,gap,0.0,0.0,0.0
temporal_1_vs_2,race_priors_blind,TabPFN,0.5,Hispanic vs Caucasian,statistical_parity,p_holm,1.0,1.0,0.0
temporal_1_vs_2,race_priors_blind,TabPFN,0.5,Other vs Caucasian,conditional_statistical_parity,p_holm,1.0,1.0,0.0
temporal_1_vs_2,race_priors_blind,TabPFN,0.5,Other vs Caucasian,equalized_odds,p_holm,1.0,1.0,0.0
temporal_1_vs_2,race_priors_blind,TabPFN,0.5,Other vs Caucasian,fnr,gap,0.0,0.0,0.0
temporal_1_vs_2,race_priors_blind,TabPFN,0.5,Other vs Caucasian,fnr,p_holm,1.0,1.0,0.0
temporal_1_vs_2,race_priors_blind,TabPFN,0.5,Other vs Caucasian,fpr,gap,0.0,0.0,0.0
temporal_1_vs_2,race_priors_blind,TabPFN,0.5,Other vs Caucasian,fpr,p_holm,1.0,1.0,0.0
temporal_1_vs_2,race_priors_blind,TabPFN,0.5,Other vs Caucasian,statistical_parity,gap,0.0,0.0,0.0
temporal_1_vs_2,race_priors_blind,TabPFN,0.5,Other vs Caucasian,statistical_parity,p_holm,1.0,1.0,0.0
temporal_1_vs_2,race_priors_blind,TabPFN,break_even,African-American vs Caucasian,conditional_statistical_parity,p_holm,0.5344418359024665,0.5767705847039724,0.04232874880150583
temporal_1_vs_2,race_priors_blind,TabPFN,break_even,African-American vs Caucasian,equalized_odds,p_holm,7.427909138320628e-08,2.3549954858470394e-07,1.6122045720149768e-07
temporal_1_vs_2,race_priors_blind,TabPFN,break_even,African-American vs Caucasian,fnr,gap,-0.0973294577164138,-0.1217218204397691,-0.024392362723355307
temporal_1_vs_2,race_priors_blind,TabPFN,break_even,African-American vs Caucasian,fnr,minimum_delta,0.1582500108243884,0.1850716961135706,0.026821685289182218
temporal_1_vs_2,race_priors_blind,TabPFN,break_even,African-American vs Caucasian,fnr,p_holm,0.005312166152886,0.0021718284742852,-0.0031403376786008
temporal_1_vs_2,race_priors_blind,TabPFN,break_even,African-American vs Caucasian,fpr,gap,0.1473684210526314,0.1411836922604736,-0.006184728792157812
temporal_1_vs_2,race_priors_blind,TabPFN,break_even,African-American vs Caucasian,fpr,minimum_delta,0.1958152244999811,0.1908527332985359,-0.004962491201445207
temporal_1_vs_2,race_priors_blind,TabPFN,break_even,African-American vs Caucasian,fpr,p_holm,1.1263116936923517e-06,9.431611181198558e-06,8.305299487506207e-06
temporal_1_vs_2,race_priors_blind,TabPFN,break_even,African-American vs Caucasian,statistical_parity,gap,0.140201702442635,0.150830081202973,0.010628378760338009
temporal_1_vs_2,race_priors_blind,TabPFN,break_even,African-American vs Caucasian,statistical_parity,minimum_delta,0.1786480995633829,0.1902448781219169,0.011596778558533999
temporal_1_vs_2,race_priors_blind,TabPFN,break_even,African-American vs Caucasian,statistical_parity,p_holm,5.743719354245627e-10,5.995778012027068e-10,2.5205865778144047e-11
temporal_1_vs_2,race_priors_blind,TabPFN,break_even,Female vs Male,conditional_statistical_parity,p_holm,1.6624576354308212e-37,2.0204075396100286e-107,-1.6624576354308212e-37
temporal_1_vs_2,race_priors_blind,TabPFN,break_even,Female vs Male,equalized_odds,p_holm,3.603363493682206e-10,6.7502046431523505e-25,-3.603363493682199e-10
temporal_1_vs_2,race_priors_blind,TabPFN,break_even,Female vs Male,fnr,gap,0.1611990950226244,0.2753936400123494,0.114194544989725
temporal_1_vs_2,race_priors_blind,TabPFN,break_even,Female vs Male,fnr,minimum_delta,0.258510476398038,0.3687821644230822,0.11027168802504422
temporal_1_vs_2,race_priors_blind,TabPFN,break_even,Female vs Male,fnr,p_holm,0.0002532034669366,8.128507178091615e-09,-0.00025319533842942186
temporal_1_vs_2,race_priors_blind,TabPFN,break_even,Female vs Male,fpr,gap,-0.1931686101008586,-0.3022191718142301,-0.10905056171337149
temporal_1_vs_2,race_priors_blind,TabPFN,break_even,Female vs Male,fpr,minimum_delta,0.2538717969890044,0.3566732763942222,0.10280147940521778
temporal_1_vs_2,race_priors_blind,TabPFN,break_even,Female vs Male,fpr,p_holm,2.2241536091240246e-09,3.1460345586011913e-20,-2.2241536090925644e-09
temporal_1_vs_2,race_priors_blind,TabPFN,break_even,Female vs Male,statistical_parity,gap,-0.1933441869373683,-0.3113771474427212,-0.11803296050535292
temporal_1_vs_2,race_priors_blind,TabPFN,break_even,Female vs Male,statistical_parity,minimum_delta,0.2449588153000668,0.3582439420010478,0.11328512670098101
temporal_1_vs_2,race_priors_blind,TabPFN,break_even,Female vs Male,statistical_parity,p_holm,4.6242407063780095e-14,4.933920425012358e-31,-4.6242407063780095e-14
temporal_1_vs_2,race_priors_blind,TabPFN,break_even,Hispanic vs Caucasian,conditional_statistical_parity,p_holm,0.5235254978116394,0.8562649216442363,0.3327394238325969
temporal_1_vs_2,race_priors_blind,TabPFN,break_even,Hispanic vs Caucasian,equalized_odds,p_holm,0.4580277234767603,0.6323664207335769,0.17433869725681655
temporal_1_vs_2,race_priors_blind,TabPFN,break_even,Hispanic vs Caucasian,fnr,gap,-0.0586138613861386,0.0027049873203718,0.061318848706510394
temporal_1_vs_2,race_priors_blind,TabPFN,break_even,Hispanic vs Caucasian,fnr,minimum_delta,0.1650669118025556,0.1367477449123014,-0.028319166890254183
temporal_1_vs_2,race_priors_blind,TabPFN,break_even,Hispanic vs Caucasian,fnr,p_holm,0.8613217816346137,0.9871255794067786,0.12580379777216488
temporal_1_vs_2,race_priors_blind,TabPFN,break_even,Hispanic vs Caucasian,fpr,gap,0.0741681790683604,0.0636453025833556,-0.0105228764850048
temporal_1_vs_2,race_priors_blind,TabPFN,break_even,Hispanic vs Caucasian,fpr,minimum_delta,0.1512121490624839,0.1510109797499385,-0.00020116931254540726
temporal_1_vs_2,race_priors_blind,TabPFN,break_even,Hispanic vs Caucasian,fpr,p_holm,0.2846565061503164,0.3659111995656852,0.08125469341536878
temporal_1_vs_2,race_priors_blind,TabPFN,break_even,Hispanic vs Caucasian,statistical_parity,gap,0.0669874167283492,0.0446439301079144,-0.022343486620434796
temporal_1_vs_2,race_priors_blind,TabPFN,break_even,Hispanic vs Caucasian,statistical_parity,minimum_delta,0.1312958954120792,0.1182899028037092,-0.013005992608370001
temporal_1_vs_2,race_priors_blind,TabPFN,break_even,Hispanic vs Caucasian,statistical_parity,p_holm,0.2300577974310267,0.3281383786945201,0.09808058126349342
temporal_1_vs_2,race_priors_blind,TabPFN,break_even,Other vs Caucasian,conditional_statistical_parity,p_holm,0.8258766012321657,0.2518318140157646,-0.5740447872164011
temporal_1_vs_2,race_priors_blind,TabPFN,break_even,Other vs Caucasian,equalized_odds,p_holm,0.5900468470102049,0.6323664207335769,0.04231957372337192
temporal_1_vs_2,race_priors_blind,TabPFN,break_even,Other vs Caucasian,fnr,gap,0.0378567268491555,-0.0621301775147929,-0.0999869043639484
temporal_1_vs_2,race_priors_blind,TabPFN,break_even,Other vs Caucasian,fnr,minimum_delta,0.2014203462884599,0.2013625164049541,-5.7829883505805535e-05
temporal_1_vs_2,race_priors_blind,TabPFN,break_even,Other vs Caucasian,fnr,p_holm,0.8613217816346137,0.9871255794067786,0.12580379777216488
temporal_1_vs_2,race_priors_blind,TabPFN,break_even,Other vs Caucasian,fpr,gap,0.0565162907268169,0.083135984045868,0.026619693319051098
temporal_1_vs_2,race_priors_blind,TabPFN,break_even,Other vs Caucasian,fpr,minimum_delta,0.1505487251141049,0.1822575394724879,0.03170881435838302
temporal_1_vs_2,race_priors_blind,TabPFN,break_even,Other vs Caucasian,fpr,p_holm,0.3551008195863202,0.3659111995656852,0.010810379979364959
temporal_1_vs_2,race_priors_blind,TabPFN,break_even,Other vs Caucasian,statistical_parity,gap,0.0317623678046702,0.0768796586815412,0.045117290876871004
temporal_1_vs_2,race_priors_blind,TabPFN,break_even,Other vs Caucasian,statistical_parity,minimum_delta,0.1130872565219159,0.1590693321300594,0.04598207560814349
temporal_1_vs_2,race_priors_blind,TabPFN,break_even,Other vs Caucasian,statistical_parity,p_holm,0.5374420001344864,0.2823403102355812,-0.2551016898989052
temporal_1_vs_2,race_proxy_blind,COMPAS tool,0.5,African-American vs Caucasian,conditional_statistical_parity,p_holm,0.0296855036277272,0.0101363285997548,-0.019549175027972397
temporal_1_vs_2,race_proxy_blind,COMPAS tool,0.5,African-American vs Caucasian,equalized_odds,p_holm,8.667853440464584e-12,6.089134526676387e-12,-2.5787189137881972e-12
temporal_1_vs_2,race_proxy_blind,COMPAS tool,0.5,African-American vs Caucasian,fnr,gap,-0.2418021618675629,-0.1570238877931186,0.0847782740744443
temporal_1_vs_2,race_proxy_blind,COMPAS tool,0.5,African-American vs Caucasian,fnr,minimum_delta,0.3383315470575448,0.2340154807837571,-0.1043160662737877
temporal_1_vs_2,race_proxy_blind,COMPAS tool,0.5,African-American vs Caucasian,fnr,p_holm,0.0001388136429873,0.0030044983540566,0.0028656847110693
temporal_1_vs_2,race_proxy_blind,COMPAS tool,0.5,African-American vs Caucasian,fpr,gap,0.2333333333333333,0.1965872082118437,-0.036746125121489615
temporal_1_vs_2,race_proxy_blind,COMPAS tool,0.5,African-American vs Caucasian,fpr,minimum_delta,0.2946704194505284,0.2446807011255172,-0.0499897183250112
temporal_1_vs_2,race_proxy_blind,COMPAS tool,0.5,African-American vs Caucasian,fpr,p_holm,7.660684342716421e-09,3.0918807546320046e-10,-7.351496267253221e-09
temporal_1_vs_2,race_proxy_blind,COMPAS tool,0.5,African-American vs Caucasian,statistical_parity,gap,0.2629626202812731,0.2114142612363253,-0.051548359044947784
temporal_1_vs_2,race_proxy_blind,COMPAS tool,0.5,African-American vs Caucasian,statistical_parity,minimum_delta,0.3146594289207531,0.2527995075828846,-0.061859921337868495
temporal_1_vs_2,race_proxy_blind,COMPAS tool,0.5,African-American vs Caucasian,statistical_parity,p_holm,5.990344653324547e-15,2.104684670542641e-15,-3.885659982781906e-15
temporal_1_vs_2,race_proxy_blind,COMPAS tool,0.5,Female vs Male,conditional_statistical_parity,p_holm,0.4232122941829386,0.8878273828204716,0.464615088637533
temporal_1_vs_2,race_proxy_blind,COMPAS tool,0.5,Female vs Male,equalized_odds,p_holm,1.0,0.6787045577757904,-0.3212954422242096
temporal_1_vs_2,race_proxy_blind,COMPAS tool,0.5,Female vs Male,fnr,gap,0.0699472096530919,-0.0258310178038488,-0.0957782274569407
temporal_1_vs_2,race_proxy_blind,COMPAS tool,0.5,Female vs Male,fnr,minimum_delta,0.1939540471247839,0.1225959771336141,-0.0713580699911698
temporal_1_vs_2,race_proxy_blind,COMPAS tool,0.5,Female vs Male,fnr,p_holm,0.6929734504095852,1.0,0.30702654959041475
temporal_1_vs_2,race_proxy_blind,COMPAS tool,0.5,Female vs Male,fpr,gap,-0.0216152375239023,-0.0438605092002483,-0.022245271676346004
temporal_1_vs_2,race_proxy_blind,COMPAS tool,0.5,Female vs Male,fpr,minimum_delta,0.0875526321510372,0.0944926840029939,0.006940051851956702
temporal_1_vs_2,race_proxy_blind,COMPAS tool,0.5,Female vs Male,fpr,p_holm,1.0,0.3272801572571062,-0.6727198427428938
temporal_1_vs_2,race_proxy_blind,COMPAS tool,0.5,Female vs Male,statistical_parity,gap,-0.0632541658686075,-0.0612133767871472,0.002040789081460305
temporal_1_vs_2,race_proxy_blind,COMPAS tool,0.5,Female vs Male,statistical_parity,minimum_delta,0.1222271917249142,0.1077318043003634,-0.014495387424550796
temporal_1_vs_2,race_proxy_blind,COMPAS tool,0.5,Female vs Male,statistical_parity,p_holm,0.165083187847234,0.1014756590400004,-0.0636075288072336
temporal_1_vs_2,race_proxy_blind,COMPAS tool,0.5,Hispanic vs Caucasian,conditional_statistical_parity,p_holm,0.4758586057794137,0.8742910068708332,0.3984324010914195
temporal_1_vs_2,race_proxy_blind,COMPAS tool,0.5,Hispanic vs Caucasian,equalized_odds,p_holm,1.0,0.6787045577757904,-0.3212954422242096
temporal_1_vs_2,race_proxy_blind,COMPAS tool,0.5,Hispanic vs Caucasian,fnr,gap,0.0554455445544553,0.0911242603550295,0.035678715800574204
temporal_1_vs_2,race_proxy_blind,COMPAS tool,0.5,Hispanic vs Caucasian,fnr,minimum_delta,0.2374065714726705,0.241993802156629,0.004587230683958499
temporal_1_vs_2,race_proxy_blind,COMPAS tool,0.5,Hispanic vs Caucasian,fnr,p_holm,0.6929734504095852,0.977506745450603,0.28453329504101776
temporal_1_vs_2,race_proxy_blind,COMPAS tool,0.5,Hispanic vs Caucasian,fpr,gap,-0.0307320024198426,-0.0214311254134262,0.009300877006416401
temporal_1_vs_2,race_proxy_blind,COMPAS tool,0.5,Hispanic vs Caucasian,fpr,minimum_delta,0.1151105917061019,0.0953410445488391,-0.0197695471572628
temporal_1_vs_2,race_proxy_blind,COMPAS tool,0.5,Hispanic vs Caucasian,fpr,p_holm,1.0,0.6408353312616617,-0.3591646687383383
temporal_1_vs_2,race_proxy_blind,COMPAS tool,0.5,Hispanic vs Caucasian,statistical_parity,gap,-0.044180236861584,-0.0425649530127141,0.0016152838488699
temporal_1_vs_2,race_proxy_blind,COMPAS tool,0.5,Hispanic vs Caucasian,statistical_parity,minimum_delta,0.1225305520193017,0.1114358266400943,-0.011094725379207401
temporal_1_vs_2,race_proxy_blind,COMPAS tool,0.5,Hispanic vs Caucasian,statistical_parity,p_holm,0.3658528106363565,0.324097986677323,-0.041754823959033516
temporal_1_vs_2,race_proxy_blind,COMPAS tool,0.5,Other vs Caucasian,conditional_statistical_parity,p_holm,0.3943267740705046,0.1168445313920142,-0.2774822426784904
temporal_1_vs_2,race_proxy_blind,COMPAS tool,0.5,Other vs Caucasian,equalized_odds,p_holm,0.1280235112858655,0.1848002831869529,0.0567767719010874
temporal_1_vs_2,race_proxy_blind,COMPAS tool,0.5,Other vs Caucasian,fnr,gap,0.2201514269073965,0.0680473372781064,-0.15210408962929012
temporal_1_vs_2,race_proxy_blind,COMPAS tool,0.5,Other vs Caucasian,fnr,minimum_delta,0.4094922944476661,0.2403389963579945,-0.1691532980896716
temporal_1_vs_2,race_proxy_blind,COMPAS tool,0.5,Other vs Caucasian,fnr,p_holm,0.2677037128939495,1.0,0.7322962871060505
temporal_1_vs_2,race_proxy_blind,COMPAS tool,0.5,Other vs Caucasian,fpr,gap,-0.106265664160401,-0.1107752710956001,-0.004509606935199112
temporal_1_vs_2,race_proxy_blind,COMPAS tool,0.5,Other vs Caucasian,fpr,minimum_delta,0.1942083444234554,0.1805305826331522,-0.013677761790303195
temporal_1_vs_2,race_proxy_blind,COMPAS tool,0.5,Other vs Caucasian,fpr,p_holm,0.2545856758585532,0.0979451969029814,-0.1566404789555718
temporal_1_vs_2,race_proxy_blind,COMPAS tool,0.5,Other vs Caucasian,statistical_parity,gap,-0.1387252466463198,-0.1004200076365024,0.0383052390098174
temporal_1_vs_2,race_proxy_blind,COMPAS tool,0.5,Other vs Caucasian,statistical_parity,minimum_delta,0.2199547276171629,0.1733269055463779,-0.046627822070785
temporal_1_vs_2,race_proxy_blind,COMPAS tool,0.5,Other vs Caucasian,statistical_parity,p_holm,0.0468119201750961,0.1014756590400004,0.054663738864904304
temporal_1_vs_2,race_proxy_blind,COMPAS tool,break_even,African-American vs Caucasian,conditional_statistical_parity,p_holm,0.0296855036277272,0.0101363285997548,-0.019549175027972397
temporal_1_vs_2,race_proxy_blind,COMPAS tool,break_even,African-American vs Caucasian,equalized_odds,p_holm,8.667853440464584e-12,6.089134526676387e-12,-2.5787189137881972e-12
temporal_1_vs_2,race_proxy_blind,COMPAS tool,break_even,African-American vs Caucasian,fnr,gap,-0.2418021618675629,-0.1570238877931186,0.0847782740744443
temporal_1_vs_2,race_proxy_blind,COMPAS tool,break_even,African-American vs Caucasian,fnr,minimum_delta,0.3383315470575448,0.2340154807837571,-0.1043160662737877
temporal_1_vs_2,race_proxy_blind,COMPAS tool,break_even,African-American vs Caucasian,fnr,p_holm,0.0001388136429873,0.0030044983540566,0.0028656847110693
temporal_1_vs_2,race_proxy_blind,COMPAS tool,break_even,African-American vs Caucasian,fpr,gap,0.2333333333333333,0.1965872082118437,-0.036746125121489615
temporal_1_vs_2,race_proxy_blind,COMPAS tool,break_even,African-American vs Caucasian,fpr,minimum_delta,0.2946704194505284,0.2446807011255172,-0.0499897183250112
temporal_1_vs_2,race_proxy_blind,COMPAS tool,break_even,African-American vs Caucasian,fpr,p_holm,7.660684342716421e-09,3.0918807546320046e-10,-7.351496267253221e-09
temporal_1_vs_2,race_proxy_blind,COMPAS tool,break_even,African-American vs Caucasian,statistical_parity,gap,0.2629626202812731,0.2114142612363253,-0.051548359044947784
temporal_1_vs_2,race_proxy_blind,COMPAS tool,break_even,African-American vs Caucasian,statistical_parity,minimum_delta,0.3146594289207531,0.2527995075828846,-0.061859921337868495
temporal_1_vs_2,race_proxy_blind,COMPAS tool,break_even,African-American vs Caucasian,statistical_parity,p_holm,5.990344653324547e-15,2.104684670542641e-15,-3.885659982781906e-15
temporal_1_vs_2,race_proxy_blind,COMPAS tool,break_even,Female vs Male,conditional_statistical_parity,p_holm,0.4232122941829386,0.8878273828204716,0.464615088637533
temporal_1_vs_2,race_proxy_blind,COMPAS tool,break_even,Female vs Male,equalized_odds,p_holm,1.0,0.6787045577757904,-0.3212954422242096
temporal_1_vs_2,race_proxy_blind,COMPAS tool,break_even,Female vs Male,fnr,gap,0.0699472096530919,-0.0258310178038488,-0.0957782274569407
temporal_1_vs_2,race_proxy_blind,COMPAS tool,break_even,Female vs Male,fnr,minimum_delta,0.1939540471247839,0.1225959771336141,-0.0713580699911698
temporal_1_vs_2,race_proxy_blind,COMPAS tool,break_even,Female vs Male,fnr,p_holm,0.6929734504095852,1.0,0.30702654959041475
temporal_1_vs_2,race_proxy_blind,COMPAS tool,break_even,Female vs Male,fpr,gap,-0.0216152375239023,-0.0438605092002483,-0.022245271676346004
temporal_1_vs_2,race_proxy_blind,COMPAS tool,break_even,Female vs Male,fpr,minimum_delta,0.0875526321510372,0.0944926840029939,0.006940051851956702
temporal_1_vs_2,race_proxy_blind,COMPAS tool,break_even,Female vs Male,fpr,p_holm,1.0,0.3272801572571062,-0.6727198427428938
temporal_1_vs_2,race_proxy_blind,COMPAS tool,break_even,Female vs Male,statistical_parity,gap,-0.0632541658686075,-0.0612133767871472,0.002040789081460305
temporal_1_vs_2,race_proxy_blind,COMPAS tool,break_even,Female vs Male,statistical_parity,minimum_delta,0.1222271917249142,0.1077318043003634,-0.014495387424550796
temporal_1_vs_2,race_proxy_blind,COMPAS tool,break_even,Female vs Male,statistical_parity,p_holm,0.165083187847234,0.1014756590400004,-0.0636075288072336
temporal_1_vs_2,race_proxy_blind,COMPAS tool,break_even,Hispanic vs Caucasian,conditional_statistical_parity,p_holm,0.4758586057794137,0.8742910068708332,0.3984324010914195
temporal_1_vs_2,race_proxy_blind,COMPAS tool,break_even,Hispanic vs Caucasian,equalized_odds,p_holm,1.0,0.6787045577757904,-0.3212954422242096
temporal_1_vs_2,race_proxy_blind,COMPAS tool,break_even,Hispanic vs Caucasian,fnr,gap,0.0554455445544553,0.0911242603550295,0.035678715800574204
temporal_1_vs_2,race_proxy_blind,COMPAS tool,break_even,Hispanic vs Caucasian,fnr,minimum_delta,0.2374065714726705,0.241993802156629,0.004587230683958499
temporal_1_vs_2,race_proxy_blind,COMPAS tool,break_even,Hispanic vs Caucasian,fnr,p_holm,0.6929734504095852,0.977506745450603,0.28453329504101776
temporal_1_vs_2,race_proxy_blind,COMPAS tool,break_even,Hispanic vs Caucasian,fpr,gap,-0.0307320024198426,-0.0214311254134262,0.009300877006416401
temporal_1_vs_2,race_proxy_blind,COMPAS tool,break_even,Hispanic vs Caucasian,fpr,minimum_delta,0.1151105917061019,0.0953410445488391,-0.0197695471572628
temporal_1_vs_2,race_proxy_blind,COMPAS tool,break_even,Hispanic vs Caucasian,fpr,p_holm,1.0,0.6408353312616617,-0.3591646687383383
temporal_1_vs_2,race_proxy_blind,COMPAS tool,break_even,Hispanic vs Caucasian,statistical_parity,gap,-0.044180236861584,-0.0425649530127141,0.0016152838488699
temporal_1_vs_2,race_proxy_blind,COMPAS tool,break_even,Hispanic vs Caucasian,statistical_parity,minimum_delta,0.1225305520193017,0.1114358266400943,-0.011094725379207401
temporal_1_vs_2,race_proxy_blind,COMPAS tool,break_even,Hispanic vs Caucasian,statistical_parity,p_holm,0.3658528106363565,0.324097986677323,-0.041754823959033516
temporal_1_vs_2,race_proxy_blind,COMPAS tool,break_even,Other vs Caucasian,conditional_statistical_parity,p_holm,0.3943267740705046,0.1168445313920142,-0.2774822426784904
temporal_1_vs_2,race_proxy_blind,COMPAS tool,break_even,Other vs Caucasian,equalized_odds,p_holm,0.1280235112858655,0.1848002831869529,0.0567767719010874
temporal_1_vs_2,race_proxy_blind,COMPAS tool,break_even,Other vs Caucasian,fnr,gap,0.2201514269073965,0.0680473372781064,-0.15210408962929012
temporal_1_vs_2,race_proxy_blind,COMPAS tool,break_even,Other vs Caucasian,fnr,minimum_delta,0.4094922944476661,0.2403389963579945,-0.1691532980896716
temporal_1_vs_2,race_proxy_blind,COMPAS tool,break_even,Other vs Caucasian,fnr,p_holm,0.2677037128939495,1.0,0.7322962871060505
temporal_1_vs_2,race_proxy_blind,COMPAS tool,break_even,Other vs Caucasian,fpr,gap,-0.106265664160401,-0.1107752710956001,-0.004509606935199112
temporal_1_vs_2,race_proxy_blind,COMPAS tool,break_even,Other vs Caucasian,fpr,minimum_delta,0.1942083444234554,0.1805305826331522,-0.013677761790303195
temporal_1_vs_2,race_proxy_blind,COMPAS tool,break_even,Other vs Caucasian,fpr,p_holm,0.2545856758585532,0.0979451969029814,-0.1566404789555718
temporal_1_vs_2,race_proxy_blind,COMPAS tool,break_even,Other vs Caucasian,statistical_parity,gap,-0.1387252466463198,-0.1004200076365024,0.0383052390098174
temporal_1_vs_2,race_proxy_blind,COMPAS tool,break_even,Other vs Caucasian,statistical_parity,minimum_delta,0.2199547276171629,0.1733269055463779,-0.046627822070785
temporal_1_vs_2,race_proxy_blind,COMPAS tool,break_even,Other vs Caucasian,statistical_parity,p_holm,0.0468119201750961,0.1014756590400004,0.054663738864904304
temporal_1_vs_2,race_proxy_blind,TabPFN,0.5,African-American vs Caucasian,conditional_statistical_parity,p_holm,1.0,1.0,0.0
temporal_1_vs_2,race_proxy_blind,TabPFN,0.5,African-American vs Caucasian,equalized_odds,p_holm,1.0,1.0,0.0
temporal_1_vs_2,race_proxy_blind,TabPFN,0.5,African-American vs Caucasian,fnr,gap,0.0,0.0,0.0
temporal_1_vs_2,race_proxy_blind,TabPFN,0.5,African-American vs Caucasian,fnr,p_holm,1.0,1.0,0.0
temporal_1_vs_2,race_proxy_blind,TabPFN,0.5,African-American vs Caucasian,fpr,gap,0.0,0.0,0.0
temporal_1_vs_2,race_proxy_blind,TabPFN,0.5,African-American vs Caucasian,fpr,p_holm,1.0,1.0,0.0
temporal_1_vs_2,race_proxy_blind,TabPFN,0.5,African-American vs Caucasian,statistical_parity,gap,0.0,0.0,0.0
temporal_1_vs_2,race_proxy_blind,TabPFN,0.5,African-American vs Caucasian,statistical_parity,p_holm,1.0,1.0,0.0
temporal_1_vs_2,race_proxy_blind,TabPFN,0.5,Female vs Male,conditional_statistical_parity,p_holm,1.0,1.0,0.0
temporal_1_vs_2,race_proxy_blind,TabPFN,0.5,Female vs Male,equalized_odds,p_holm,1.0,1.0,0.0
temporal_1_vs_2,race_proxy_blind,TabPFN,0.5,Female vs Male,fnr,gap,0.0,0.0,0.0
temporal_1_vs_2,race_proxy_blind,TabPFN,0.5,Female vs Male,fnr,p_holm,1.0,1.0,0.0
temporal_1_vs_2,race_proxy_blind,TabPFN,0.5,Female vs Male,fpr,gap,0.0,0.0,0.0
temporal_1_vs_2,race_proxy_blind,TabPFN,0.5,Female vs Male,fpr,p_holm,1.0,1.0,0.0
temporal_1_vs_2,race_proxy_blind,TabPFN,0.5,Female vs Male,statistical_parity,gap,0.0,0.0,0.0
temporal_1_vs_2,race_proxy_blind,TabPFN,0.5,Female vs Male,statistical_parity,p_holm,1.0,1.0,0.0
temporal_1_vs_2,race_proxy_blind,TabPFN,0.5,Hispanic vs Caucasian,conditional_statistical_parity,p_holm,1.0,1.0,0.0
temporal_1_vs_2,race_proxy_blind,TabPFN,0.5,Hispanic vs Caucasian,equalized_odds,p_holm,1.0,1.0,0.0
temporal_1_vs_2,race_proxy_blind,TabPFN,0.5,Hispanic vs Caucasian,fnr,gap,0.0,0.0,0.0
temporal_1_vs_2,race_proxy_blind,TabPFN,0.5,Hispanic vs Caucasian,fnr,p_holm,1.0,1.0,0.0
temporal_1_vs_2,race_proxy_blind,TabPFN,0.5,Hispanic vs Caucasian,fpr,gap,0.0,0.0,0.0
temporal_1_vs_2,race_proxy_blind,TabPFN,0.5,Hispanic vs Caucasian,fpr,p_holm,1.0,1.0,0.0
temporal_1_vs_2,race_proxy_blind,TabPFN,0.5,Hispanic vs Caucasian,statistical_parity,gap,0.0,0.0,0.0
temporal_1_vs_2,race_proxy_blind,TabPFN,0.5,Hispanic vs Caucasian,statistical_parity,p_holm,1.0,1.0,0.0
temporal_1_vs_2,race_proxy_blind,TabPFN,0.5,Other vs Caucasian,conditional_statistical_parity,p_holm,1.0,1.0,0.0
temporal_1_vs_2,race_proxy_blind,TabPFN,0.5,Other vs Caucasian,equalized_odds,p_holm,1.0,1.0,0.0
temporal_1_vs_2,race_proxy_blind,TabPFN,0.5,Other vs Caucasian,fnr,gap,0.0,0.0,0.0
temporal_1_vs_2,race_proxy_blind,TabPFN,0.5,Other vs Caucasian,fnr,p_holm,1.0,1.0,0.0
temporal_1_vs_2,race_proxy_blind,TabPFN,0.5,Other vs Caucasian,fpr,gap,0.0,0.0,0.0
temporal_1_vs_2,race_proxy_blind,TabPFN,0.5,Other vs Caucasian,fpr,p_holm,1.0,1.0,0.0
temporal_1_vs_2,race_proxy_blind,TabPFN,0.5,Other vs Caucasian,statistical_parity,gap,0.0,0.0,0.0
temporal_1_vs_2,race_proxy_blind,TabPFN,0.5,Other vs Caucasian,statistical_parity,p_holm,1.0,1.0,0.0
temporal_1_vs_2,race_proxy_blind,TabPFN,break_even,African-American vs Caucasian,conditional_statistical_parity,p_holm,1.0,1.0,0.0
temporal_1_vs_2,race_proxy_blind,TabPFN,break_even,African-American vs Caucasian,equalized_odds,p_holm,1.0,1.0,0.0
temporal_1_vs_2,race_proxy_blind,TabPFN,break_even,African-American vs Caucasian,fnr,gap,0.0,-0.0478851632697786,-0.0478851632697786
temporal_1_vs_2,race_proxy_blind,TabPFN,break_even,African-American vs Caucasian,fnr,p_holm,1.0,0.45901053084354,-0.5409894691564601
temporal_1_vs_2,race_proxy_blind,TabPFN,break_even,African-American vs Caucasian,fpr,gap,0.0,0.0011594795982744,0.0011594795982744
temporal_1_vs_2,race_proxy_blind,TabPFN,break_even,African-American vs Caucasian,fpr,p_holm,1.0,1.0,0.0
temporal_1_vs_2,race_proxy_blind,TabPFN,break_even,African-American vs Caucasian,statistical_parity,gap,0.0,0.0270027105861857,0.0270027105861857
temporal_1_vs_2,race_proxy_blind,TabPFN,break_even,African-American vs Caucasian,statistical_parity,p_holm,1.0,0.6372951534291788,-0.36270484657082125
temporal_1_vs_2,race_proxy_blind,TabPFN,break_even,Female vs Male,conditional_statistical_parity,p_holm,1.0,0.0,-1.0
temporal_1_vs_2,race_proxy_blind,TabPFN,break_even,Female vs Male,equalized_odds,p_holm,1.0,0.0,-1.0
temporal_1_vs_2,race_proxy_blind,TabPFN,break_even,Female vs Male,fnr,gap,0.0,1.0,1.0
temporal_1_vs_2,race_proxy_blind,TabPFN,break_even,Female vs Male,fnr,p_holm,1.0,,
temporal_1_vs_2,race_proxy_blind,TabPFN,break_even,Female vs Male,fpr,gap,0.0,-1.0,-1.0
temporal_1_vs_2,race_proxy_blind,TabPFN,break_even,Female vs Male,fpr,p_holm,1.0,,
temporal_1_vs_2,race_proxy_blind,TabPFN,break_even,Female vs Male,statistical_parity,gap,0.0,-1.0,-1.0
temporal_1_vs_2,race_proxy_blind,TabPFN,break_even,Female vs Male,statistical_parity,p_holm,1.0,,
temporal_1_vs_2,race_proxy_blind,TabPFN,break_even,Hispanic vs Caucasian,conditional_statistical_parity,p_holm,1.0,1.0,0.0
temporal_1_vs_2,race_proxy_blind,TabPFN,break_even,Hispanic vs Caucasian,equalized_odds,p_holm,1.0,1.0,0.0
temporal_1_vs_2,race_proxy_blind,TabPFN,break_even,Hispanic vs Caucasian,fnr,gap,0.0,0.0224852071005917,0.0224852071005917
temporal_1_vs_2,race_proxy_blind,TabPFN,break_even,Hispanic vs Caucasian,fnr,p_holm,1.0,0.7533559161589527,-0.2466440838410473
temporal_1_vs_2,race_proxy_blind,TabPFN,break_even,Hispanic vs Caucasian,fpr,gap,0.0,0.0255653883972468,0.0255653883972468
temporal_1_vs_2,race_proxy_blind,TabPFN,break_even,Hispanic vs Caucasian,fpr,p_holm,1.0,1.0,0.0
temporal_1_vs_2,race_proxy_blind,TabPFN,break_even,Hispanic vs Caucasian,statistical_parity,gap,0.0,0.0122455356069892,0.0122455356069892
temporal_1_vs_2,race_proxy_blind,TabPFN,break_even,Hispanic vs Caucasian,statistical_parity,p_holm,1.0,1.0,0.0
temporal_1_vs_2,race_proxy_blind,TabPFN,break_even,Other vs Caucasian,conditional_statistical_parity,p_holm,1.0,0.4533257457645904,-0.5466742542354096
temporal_1_vs_2,race_proxy_blind,TabPFN,break_even,Other vs Caucasian,equalized_odds,p_holm,1.0,1.0,0.0
temporal_1_vs_2,race_proxy_blind,TabPFN,break_even,Other vs Caucasian,fnr,gap,0.0,-0.1005917159763313,-0.1005917159763313
temporal_1_vs_2,race_proxy_blind,TabPFN,break_even,Other vs Caucasian,fnr,p_holm,1.0,0.45901053084354,-0.5409894691564601
temporal_1_vs_2,race_proxy_blind,TabPFN,break_even,Other vs Caucasian,fpr,gap,0.0,-0.0057335161410942,-0.0057335161410942
temporal_1_vs_2,race_proxy_blind,TabPFN,break_even,Other vs Caucasian,fpr,p_holm,1.0,1.0,0.0
temporal_1_vs_2,race_proxy_blind,TabPFN,break_even,Other vs Caucasian,statistical_parity,gap,0.0,0.022477879044441,0.022477879044441
temporal_1_vs_2,race_proxy_blind,TabPFN,break_even,Other vs Caucasian,statistical_parity,p_holm,1.0,1.0,0.0
temporal_1_vs_2,sex_blind,COMPAS tool,0.5,African-American vs Caucasian,conditional_statistical_parity,p_holm,0.0296855036277272,0.0101363285997548,-0.019549175027972397
temporal_1_vs_2,sex_blind,COMPAS tool,0.5,African-American vs Caucasian,equalized_odds,p_holm,8.667853440464584e-12,6.089134526676387e-12,-2.5787189137881972e-12
temporal_1_vs_2,sex_blind,COMPAS tool,0.5,African-American vs Caucasian,fnr,gap,-0.2418021618675629,-0.1570238877931186,0.0847782740744443
temporal_1_vs_2,sex_blind,COMPAS tool,0.5,African-American vs Caucasian,fnr,minimum_delta,0.3383315470575448,0.2340154807837571,-0.1043160662737877
temporal_1_vs_2,sex_blind,COMPAS tool,0.5,African-American vs Caucasian,fnr,p_holm,0.0001388136429873,0.0030044983540566,0.0028656847110693
temporal_1_vs_2,sex_blind,COMPAS tool,0.5,African-American vs Caucasian,fpr,gap,0.2333333333333333,0.1965872082118437,-0.036746125121489615
temporal_1_vs_2,sex_blind,COMPAS tool,0.5,African-American vs Caucasian,fpr,minimum_delta,0.2946704194505284,0.2446807011255172,-0.0499897183250112
temporal_1_vs_2,sex_blind,COMPAS tool,0.5,African-American vs Caucasian,fpr,p_holm,7.660684342716421e-09,3.0918807546320046e-10,-7.351496267253221e-09
temporal_1_vs_2,sex_blind,COMPAS tool,0.5,African-American vs Caucasian,statistical_parity,gap,0.2629626202812731,0.2114142612363253,-0.051548359044947784
temporal_1_vs_2,sex_blind,COMPAS tool,0.5,African-American vs Caucasian,statistical_parity,minimum_delta,0.3146594289207531,0.2527995075828846,-0.061859921337868495
temporal_1_vs_2,sex_blind,COMPAS tool,0.5,African-American vs Caucasian,statistical_parity,p_holm,5.990344653324547e-15,2.104684670542641e-15,-3.885659982781906e-15
temporal_1_vs_2,sex_blind,COMPAS tool,0.5,Female vs Male,conditional_statistical_parity,p_holm,0.4232122941829386,0.8878273828204716,0.464615088637533
temporal_1_vs_2,sex_blind,COMPAS tool,0.5,Female vs Male,equalized_odds,p_holm,1.0,0.6787045577757904,-0.3212954422242096
temporal_1_vs_2,sex_blind,COMPAS tool,0.5,Female vs Male,fnr,gap,0.0699472096530919,-0.0258310178038488,-0.0957782274569407
temporal_1_vs_2,sex_blind,COMPAS tool,0.5,Female vs Male,fnr,minimum_delta,0.1939540471247839,0.1225959771336141,-0.0713580699911698
temporal_1_vs_2,sex_blind,COMPAS tool,0.5,Female vs Male,fnr,p_holm,0.6929734504095852,1.0,0.30702654959041475
temporal_1_vs_2,sex_blind,COMPAS tool,0.5,Female vs Male,fpr,gap,-0.0216152375239023,-0.0438605092002483,-0.022245271676346004
temporal_1_vs_2,sex_blind,COMPAS tool,0.5,Female vs Male,fpr,minimum_delta,0.0875526321510372,0.0944926840029939,0.006940051851956702
temporal_1_vs_2,sex_blind,COMPAS tool,0.5,Female vs Male,fpr,p_holm,1.0,0.3272801572571062,-0.6727198427428938
temporal_1_vs_2,sex_blind,COMPAS tool,0.5,Female vs Male,statistical_parity,gap,-0.0632541658686075,-0.0612133767871472,0.002040789081460305
temporal_1_vs_2,sex_blind,COMPAS tool,0.5,Female vs Male,statistical_parity,minimum_delta,0.1222271917249142,0.1077318043003634,-0.014495387424550796
temporal_1_vs_2,sex_blind,COMPAS tool,0.5,Female vs Male,statistical_parity,p_holm,0.165083187847234,0.1014756590400004,-0.0636075288072336
temporal_1_vs_2,sex_blind,COMPAS tool,0.5,Hispanic vs Caucasian,conditional_statistical_parity,p_holm,0.4758586057794137,0.8742910068708332,0.3984324010914195
temporal_1_vs_2,sex_blind,COMPAS tool,0.5,Hispanic vs Caucasian,equalized_odds,p_holm,1.0,0.6787045577757904,-0.3212954422242096
temporal_1_vs_2,sex_blind,COMPAS tool,0.5,Hispanic vs Caucasian,fnr,gap,0.0554455445544553,0.0911242603550295,0.035678715800574204
temporal_1_vs_2,sex_blind,COMPAS tool,0.5,Hispanic vs Caucasian,fnr,minimum_delta,0.2374065714726705,0.241993802156629,0.004587230683958499
temporal_1_vs_2,sex_blind,COMPAS tool,0.5,Hispanic vs Caucasian,fnr,p_holm,0.6929734504095852,0.977506745450603,0.28453329504101776
temporal_1_vs_2,sex_blind,COMPAS tool,0.5,Hispanic vs Caucasian,fpr,gap,-0.0307320024198426,-0.0214311254134262,0.009300877006416401
temporal_1_vs_2,sex_blind,COMPAS tool,0.5,Hispanic vs Caucasian,fpr,minimum_delta,0.1151105917061019,0.0953410445488391,-0.0197695471572628
temporal_1_vs_2,sex_blind,COMPAS tool,0.5,Hispanic vs Caucasian,fpr,p_holm,1.0,0.6408353312616617,-0.3591646687383383
temporal_1_vs_2,sex_blind,COMPAS tool,0.5,Hispanic vs Caucasian,statistical_parity,gap,-0.044180236861584,-0.0425649530127141,0.0016152838488699
temporal_1_vs_2,sex_blind,COMPAS tool,0.5,Hispanic vs Caucasian,statistical_parity,minimum_delta,0.1225305520193017,0.1114358266400943,-0.011094725379207401
temporal_1_vs_2,sex_blind,COMPAS tool,0.5,Hispanic vs Caucasian,statistical_parity,p_holm,0.3658528106363565,0.324097986677323,-0.041754823959033516
temporal_1_vs_2,sex_blind,COMPAS tool,0.5,Other vs Caucasian,conditional_statistical_parity,p_holm,0.3943267740705046,0.1168445313920142,-0.2774822426784904
temporal_1_vs_2,sex_blind,COMPAS tool,0.5,Other vs Caucasian,equalized_odds,p_holm,0.1280235112858655,0.1848002831869529,0.0567767719010874
temporal_1_vs_2,sex_blind,COMPAS tool,0.5,Other vs Caucasian,fnr,gap,0.2201514269073965,0.0680473372781064,-0.15210408962929012
temporal_1_vs_2,sex_blind,COMPAS tool,0.5,Other vs Caucasian,fnr,minimum_delta,0.4094922944476661,0.2403389963579945,-0.1691532980896716
temporal_1_vs_2,sex_blind,COMPAS tool,0.5,Other vs Caucasian,fnr,p_holm,0.2677037128939495,1.0,0.7322962871060505
temporal_1_vs_2,sex_blind,COMPAS tool,0.5,Other vs Caucasian,fpr,gap,-0.106265664160401,-0.1107752710956001,-0.004509606935199112
temporal_1_vs_2,sex_blind,COMPAS tool,0.5,Other vs Caucasian,fpr,minimum_delta,0.1942083444234554,0.1805305826331522,-0.013677761790303195
temporal_1_vs_2,sex_blind,COMPAS tool,0.5,Other vs Caucasian,fpr,p_holm,0.2545856758585532,0.0979451969029814,-0.1566404789555718
temporal_1_vs_2,sex_blind,COMPAS tool,0.5,Other vs Caucasian,statistical_parity,gap,-0.1387252466463198,-0.1004200076365024,0.0383052390098174
temporal_1_vs_2,sex_blind,COMPAS tool,0.5,Other vs Caucasian,statistical_parity,minimum_delta,0.2199547276171629,0.1733269055463779,-0.046627822070785
temporal_1_vs_2,sex_blind,COMPAS tool,0.5,Other vs Caucasian,statistical_parity,p_holm,0.0468119201750961,0.1014756590400004,0.054663738864904304
temporal_1_vs_2,sex_blind,COMPAS tool,break_even,African-American vs Caucasian,conditional_statistical_parity,p_holm,0.0296855036277272,0.0101363285997548,-0.019549175027972397
temporal_1_vs_2,sex_blind,COMPAS tool,break_even,African-American vs Caucasian,equalized_odds,p_holm,8.667853440464584e-12,6.089134526676387e-12,-2.5787189137881972e-12
temporal_1_vs_2,sex_blind,COMPAS tool,break_even,African-American vs Caucasian,fnr,gap,-0.2418021618675629,-0.1570238877931186,0.0847782740744443
temporal_1_vs_2,sex_blind,COMPAS tool,break_even,African-American vs Caucasian,fnr,minimum_delta,0.3383315470575448,0.2340154807837571,-0.1043160662737877
temporal_1_vs_2,sex_blind,COMPAS tool,break_even,African-American vs Caucasian,fnr,p_holm,0.0001388136429873,0.0030044983540566,0.0028656847110693
temporal_1_vs_2,sex_blind,COMPAS tool,break_even,African-American vs Caucasian,fpr,gap,0.2333333333333333,0.1965872082118437,-0.036746125121489615
temporal_1_vs_2,sex_blind,COMPAS tool,break_even,African-American vs Caucasian,fpr,minimum_delta,0.2946704194505284,0.2446807011255172,-0.0499897183250112
temporal_1_vs_2,sex_blind,COMPAS tool,break_even,African-American vs Caucasian,fpr,p_holm,7.660684342716421e-09,3.0918807546320046e-10,-7.351496267253221e-09
temporal_1_vs_2,sex_blind,COMPAS tool,break_even,African-American vs Caucasian,statistical_parity,gap,0.2629626202812731,0.2114142612363253,-0.051548359044947784
temporal_1_vs_2,sex_blind,COMPAS tool,break_even,African-American vs Caucasian,statistical_parity,minimum_delta,0.3146594289207531,0.2527995075828846,-0.061859921337868495
temporal_1_vs_2,sex_blind,COMPAS tool,break_even,African-American vs Caucasian,statistical_parity,p_holm,5.990344653324547e-15,2.104684670542641e-15,-3.885659982781906e-15
temporal_1_vs_2,sex_blind,COMPAS tool,break_even,Female vs Male,conditional_statistical_parity,p_holm,0.4232122941829386,0.8878273828204716,0.464615088637533
temporal_1_vs_2,sex_blind,COMPAS tool,break_even,Female vs Male,equalized_odds,p_holm,1.0,0.6787045577757904,-0.3212954422242096
temporal_1_vs_2,sex_blind,COMPAS tool,break_even,Female vs Male,fnr,gap,0.0699472096530919,-0.0258310178038488,-0.0957782274569407
temporal_1_vs_2,sex_blind,COMPAS tool,break_even,Female vs Male,fnr,minimum_delta,0.1939540471247839,0.1225959771336141,-0.0713580699911698
temporal_1_vs_2,sex_blind,COMPAS tool,break_even,Female vs Male,fnr,p_holm,0.6929734504095852,1.0,0.30702654959041475
temporal_1_vs_2,sex_blind,COMPAS tool,break_even,Female vs Male,fpr,gap,-0.0216152375239023,-0.0438605092002483,-0.022245271676346004
temporal_1_vs_2,sex_blind,COMPAS tool,break_even,Female vs Male,fpr,minimum_delta,0.0875526321510372,0.0944926840029939,0.006940051851956702
temporal_1_vs_2,sex_blind,COMPAS tool,break_even,Female vs Male,fpr,p_holm,1.0,0.3272801572571062,-0.6727198427428938
temporal_1_vs_2,sex_blind,COMPAS tool,break_even,Female vs Male,statistical_parity,gap,-0.0632541658686075,-0.0612133767871472,0.002040789081460305
temporal_1_vs_2,sex_blind,COMPAS tool,break_even,Female vs Male,statistical_parity,minimum_delta,0.1222271917249142,0.1077318043003634,-0.014495387424550796
temporal_1_vs_2,sex_blind,COMPAS tool,break_even,Female vs Male,statistical_parity,p_holm,0.165083187847234,0.1014756590400004,-0.0636075288072336
temporal_1_vs_2,sex_blind,COMPAS tool,break_even,Hispanic vs Caucasian,conditional_statistical_parity,p_holm,0.4758586057794137,0.8742910068708332,0.3984324010914195
temporal_1_vs_2,sex_blind,COMPAS tool,break_even,Hispanic vs Caucasian,equalized_odds,p_holm,1.0,0.6787045577757904,-0.3212954422242096
temporal_1_vs_2,sex_blind,COMPAS tool,break_even,Hispanic vs Caucasian,fnr,gap,0.0554455445544553,0.0911242603550295,0.035678715800574204
temporal_1_vs_2,sex_blind,COMPAS tool,break_even,Hispanic vs Caucasian,fnr,minimum_delta,0.2374065714726705,0.241993802156629,0.004587230683958499
temporal_1_vs_2,sex_blind,COMPAS tool,break_even,Hispanic vs Caucasian,fnr,p_holm,0.6929734504095852,0.977506745450603,0.28453329504101776
temporal_1_vs_2,sex_blind,COMPAS tool,break_even,Hispanic vs Caucasian,fpr,gap,-0.0307320024198426,-0.0214311254134262,0.009300877006416401
temporal_1_vs_2,sex_blind,COMPAS tool,break_even,Hispanic vs Caucasian,fpr,minimum_delta,0.1151105917061019,0.0953410445488391,-0.0197695471572628
temporal_1_vs_2,sex_blind,COMPAS tool,break_even,Hispanic vs Caucasian,fpr,p_holm,1.0,0.6408353312616617,-0.3591646687383383
temporal_1_vs_2,sex_blind,COMPAS tool,break_even,Hispanic vs Caucasian,statistical_parity,gap,-0.044180236861584,-0.0425649530127141,0.0016152838488699
temporal_1_vs_2,sex_blind,COMPAS tool,break_even,Hispanic vs Caucasian,statistical_parity,minimum_delta,0.1225305520193017,0.1114358266400943,-0.011094725379207401
temporal_1_vs_2,sex_blind,COMPAS tool,break_even,Hispanic vs Caucasian,statistical_parity,p_holm,0.3658528106363565,0.324097986677323,-0.041754823959033516
temporal_1_vs_2,sex_blind,COMPAS tool,break_even,Other vs Caucasian,conditional_statistical_parity,p_holm,0.3943267740705046,0.1168445313920142,-0.2774822426784904
temporal_1_vs_2,sex_blind,COMPAS tool,break_even,Other vs Caucasian,equalized_odds,p_holm,0.1280235112858655,0.1848002831869529,0.0567767719010874
temporal_1_vs_2,sex_blind,COMPAS tool,break_even,Other vs Caucasian,fnr,gap,0.2201514269073965,0.0680473372781064,-0.15210408962929012
temporal_1_vs_2,sex_blind,COMPAS tool,break_even,Other vs Caucasian,fnr,minimum_delta,0.4094922944476661,0.2403389963579945,-0.1691532980896716
temporal_1_vs_2,sex_blind,COMPAS tool,break_even,Other vs Caucasian,fnr,p_holm,0.2677037128939495,1.0,0.7322962871060505
temporal_1_vs_2,sex_blind,COMPAS tool,break_even,Other vs Caucasian,fpr,gap,-0.106265664160401,-0.1107752710956001,-0.004509606935199112
temporal_1_vs_2,sex_blind,COMPAS tool,break_even,Other vs Caucasian,fpr,minimum_delta,0.1942083444234554,0.1805305826331522,-0.013677761790303195
temporal_1_vs_2,sex_blind,COMPAS tool,break_even,Other vs Caucasian,fpr,p_holm,0.2545856758585532,0.0979451969029814,-0.1566404789555718
temporal_1_vs_2,sex_blind,COMPAS tool,break_even,Other vs Caucasian,statistical_parity,gap,-0.1387252466463198,-0.1004200076365024,0.0383052390098174
temporal_1_vs_2,sex_blind,COMPAS tool,break_even,Other vs Caucasian,statistical_parity,minimum_delta,0.2199547276171629,0.1733269055463779,-0.046627822070785
temporal_1_vs_2,sex_blind,COMPAS tool,break_even,Other vs Caucasian,statistical_parity,p_holm,0.0468119201750961,0.1014756590400004,0.054663738864904304
temporal_1_vs_2,sex_blind,TabPFN,0.5,African-American vs Caucasian,conditional_statistical_parity,p_holm,0.0015915162585014,1.0769982196150992e-05,-0.0015807462763052491
temporal_1_vs_2,sex_blind,TabPFN,0.5,African-American vs Caucasian,equalized_odds,p_holm,1.5125098324442954e-12,3.1293716362254993e-13,-1.1995726688217454e-12
temporal_1_vs_2,sex_blind,TabPFN,0.5,African-American vs Caucasian,fnr,gap,-0.3131074575347443,-0.2563919935714808,0.05671546396326349
temporal_1_vs_2,sex_blind,TabPFN,0.5,African-American vs Caucasian,fnr,minimum_delta,0.3883401834240614,0.3199868113549841,-0.06835337206907732
temporal_1_vs_2,sex_blind,TabPFN,0.5,African-American vs Caucasian,fnr,p_holm,1.0589027231791552e-07,2.5008325267670573e-08,-8.088194705024495e-08
temporal_1_vs_2,sex_blind,TabPFN,0.5,African-American vs Caucasian,fpr,gap,0.1216374269005848,0.0963348508875134,-0.0253025760130714
temporal_1_vs_2,sex_blind,TabPFN,0.5,African-American vs Caucasian,fpr,minimum_delta,0.1630102109987829,0.1283468215229002,-0.03466338947588271
temporal_1_vs_2,sex_blind,TabPFN,0.5,African-American vs Caucasian,fpr,p_holm,1.949285780679443e-05,7.650997404394351e-06,-1.184186040240008e-05
temporal_1_vs_2,sex_blind,TabPFN,0.5,African-American vs Caucasian,statistical_parity,gap,0.2024611398963731,0.1677468897026378,-0.03471425019373531
temporal_1_vs_2,sex_blind,TabPFN,0.5,African-American vs Caucasian,statistical_parity,minimum_delta,0.2403771336503227,0.19839975185235,-0.041977381797972696
temporal_1_vs_2,sex_blind,TabPFN,0.5,African-American vs Caucasian,statistical_parity,p_holm,3.2884224408983085e-14,6.297554944132748e-16,-3.225446891456981e-14
temporal_1_vs_2,sex_blind,TabPFN,0.5,Female vs Male,conditional_statistical_parity,p_holm,0.0995840136947593,0.4861885435570095,0.38660452986225025
temporal_1_vs_2,sex_blind,TabPFN,0.5,Female vs Male,equalized_odds,p_holm,5.679324282767909e-07,0.0097139793581494,0.009713411425721123
temporal_1_vs_2,sex_blind,TabPFN,0.5,Female vs Male,fnr,gap,0.160444947209653,0.0174436554492126,-0.1430012917604404
temporal_1_vs_2,sex_blind,TabPFN,0.5,Female vs Male,fnr,minimum_delta,0.2549992197550288,0.1073251586592275,-0.14767406109580133
temporal_1_vs_2,sex_blind,TabPFN,0.5,Female vs Male,fnr,p_holm,0.059440616532473,1.0,0.940559383467527
temporal_1_vs_2,sex_blind,TabPFN,0.5,Female vs Male,fpr,gap,-0.1169153762513591,-0.0644099094682485,0.052505466783110605
temporal_1_vs_2,sex_blind,TabPFN,0.5,Female vs Male,fpr,minimum_delta,0.1465203188782999,0.0921382208824987,-0.05438209799580118
temporal_1_vs_2,sex_blind,TabPFN,0.5,Female vs Male,fpr,p_holm,4.172845396912165e-05,0.0047840859797324,0.004742357525763278
temporal_1_vs_2,sex_blind,TabPFN,0.5,Female vs Male,statistical_parity,gap,-0.1482666155908829,-0.0789128903883002,0.06935372520258269
temporal_1_vs_2,sex_blind,TabPFN,0.5,Female vs Male,statistical_parity,minimum_delta,0.1808392640699261,0.1105016183058747,-0.0703376457640514
temporal_1_vs_2,sex_blind,TabPFN,0.5,Female vs Male,statistical_parity,p_holm,2.7708181903552305e-07,0.0010123134483419,0.0010120363665228644
temporal_1_vs_2,sex_blind,TabPFN,0.5,Hispanic vs Caucasian,conditional_statistical_parity,p_holm,0.9099023431217186,0.1496222587244829,-0.7602800843972357
temporal_1_vs_2,sex_blind,TabPFN,0.5,Hispanic vs Caucasian,equalized_odds,p_holm,1.0,0.1645562993768421,-0.8354437006231579
temporal_1_vs_2,sex_blind,TabPFN,0.5,Hispanic vs Caucasian,fnr,gap,-0.011089108910891,-0.1377852916314454,-0.1266961827205544
temporal_1_vs_2,sex_blind,TabPFN,0.5,Hispanic vs Caucasian,fnr,minimum_delta,0.1304202027454499,0.2717927167611027,0.14137251401565282
temporal_1_vs_2,sex_blind,TabPFN,0.5,Hispanic vs Caucasian,fnr,p_holm,1.0,0.1472152982025344,-0.8527847017974656
temporal_1_vs_2,sex_blind,TabPFN,0.5,Hispanic vs Caucasian,fpr,gap,0.0093163944343617,-0.0092294627692857,-0.0185458572036474
temporal_1_vs_2,sex_blind,TabPFN,0.5,Hispanic vs Caucasian,fpr,minimum_delta,0.0597345116760786,0.0498779129596822,-0.009856598716396402
temporal_1_vs_2,sex_blind,TabPFN,0.5,Hispanic vs Caucasian,fpr,p_holm,0.9506146487675422,0.7221287266104717,-0.22848592215707053
temporal_1_vs_2,sex_blind,TabPFN,0.5,Hispanic vs Caucasian,statistical_parity,gap,0.0078182827535159,0.0282043886845963,0.020386105931080402
temporal_1_vs_2,sex_blind,TabPFN,0.5,Hispanic vs Caucasian,statistical_parity,minimum_delta,0.0554122160985452,0.076652126410624,0.021239910312078794
temporal_1_vs_2,sex_blind,TabPFN,0.5,Hispanic vs Caucasian,statistical_parity,p_holm,0.7811928279763509,0.550887438937083,-0.2303053890392679
temporal_1_vs_2,sex_blind,TabPFN,0.5,Other vs Caucasian,conditional_statistical_parity,p_holm,0.9099023431217186,0.6226778236807555,-0.28722451944096306
temporal_1_vs_2,sex_blind,TabPFN,0.5,Other vs Caucasian,equalized_odds,p_holm,1.0,0.0295515713827374,-0.9704484286172625
temporal_1_vs_2,sex_blind,TabPFN,0.5,Other vs Caucasian,fnr,gap,0.0500873616773441,-0.044378698224852,-0.0944660599021961
temporal_1_vs_2,sex_blind,TabPFN,0.5,Other vs Caucasian,fnr,minimum_delta,0.1577685244842899,0.1798658099211348,0.022097285436844888
temporal_1_vs_2,sex_blind,TabPFN,0.5,Other vs Caucasian,fnr,p_holm,1.0,1.0,0.0
temporal_1_vs_2,sex_blind,TabPFN,0.5,Other vs Caucasian,fpr,gap,-0.0239348370927318,-0.0597345132743362,-0.0357996761816044
temporal_1_vs_2,sex_blind,TabPFN,0.5,Other vs Caucasian,fpr,minimum_delta,0.0709282822412,0.0781028089763797,0.007174526735179695
temporal_1_vs_2,sex_blind,TabPFN,0.5,Other vs Caucasian,fpr,p_holm,0.9506146487675422,0.0689084907674348,-0.8817061580001074
temporal_1_vs_2,sex_blind,TabPFN,0.5,Other vs Caucasian,statistical_parity,gap,-0.031442969692668,-0.032189518070289,-0.0007465483776209966
temporal_1_vs_2,sex_blind,TabPFN,0.5,Other vs Caucasian,statistical_parity,minimum_delta,0.0754875575537038,0.0734484861815687,-0.002039071372135104
temporal_1_vs_2,sex_blind,TabPFN,0.5,Other vs Caucasian,statistical_parity,p_holm,0.6524876227150742,0.550887438937083,-0.10160018377799118
temporal_1_vs_2,sex_blind,TabPFN,break_even,African-American vs Caucasian,conditional_statistical_parity,p_holm,0.9767663139184884,0.6413367934538837,-0.3354295204646047
temporal_1_vs_2,sex_blind,TabPFN,break_even,African-American vs Caucasian,equalized_odds,p_holm,2.4231051723565597e-10,9.099918067952796e-15,-2.42301417317588e-10
temporal_1_vs_2,sex_blind,TabPFN,break_even,African-American vs Caucasian,fnr,gap,-0.2036061404305568,-0.1785923003871721,0.025013840043384694
temporal_1_vs_2,sex_blind,TabPFN,break_even,African-American vs Caucasian,fnr,minimum_delta,0.2899591082202964,0.2493989283116658,-0.04056017990863062
temporal_1_vs_2,sex_blind,TabPFN,break_even,African-American vs Caucasian,fnr,p_holm,8.589767599426048e-05,5.4556149368453144e-05,-3.134152662580734e-05
temporal_1_vs_2,sex_blind,TabPFN,break_even,African-American vs Caucasian,fpr,gap,0.2187134502923977,0.2244786604600405,0.005765210167642809
temporal_1_vs_2,sex_blind,TabPFN,break_even,African-American vs Caucasian,fpr,minimum_delta,0.2830763864949787,0.2760717545118699,-0.0070046319831088
temporal_1_vs_2,sex_blind,TabPFN,break_even,African-American vs Caucasian,fpr,p_holm,1.9617834162456836e-07,1.1952383510465611e-11,-1.961663892410579e-07
temporal_1_vs_2,sex_blind,TabPFN,break_even,African-American vs Caucasian,statistical_parity,gap,0.2500277572168763,0.2351848986538759,-0.01484285856300041
temporal_1_vs_2,sex_blind,TabPFN,break_even,African-American vs Caucasian,statistical_parity,minimum_delta,0.3025339522797756,0.2772963958265143,-0.02523755645326131
temporal_1_vs_2,sex_blind,TabPFN,break_even,African-American vs Caucasian,statistical_parity,p_holm,5.323479085597195e-14,7.182802727353881e-19,-5.323407257569922e-14
temporal_1_vs_2,sex_blind,TabPFN,break_even,Female vs Male,conditional_statistical_parity,p_holm,0.505854824573966,0.4739882879699607,-0.03186653660400535
temporal_1_vs_2,sex_blind,TabPFN,break_even,Female vs Male,equalized_odds,p_holm,0.0012660241114,0.5157389879372068,0.5144729638258069
temporal_1_vs_2,sex_blind,TabPFN,break_even,Female vs Male,fnr,gap,0.1706259426847662,0.0235669445302048,-0.1470589981545614
temporal_1_vs_2,sex_blind,TabPFN,break_even,Female vs Male,fnr,minimum_delta,0.2883937738680404,0.1105006389909048,-0.1778931348771356
temporal_1_vs_2,sex_blind,TabPFN,break_even,Female vs Male,fnr,p_holm,0.0207099085187248,0.7210365941725791,0.7003266856538544
temporal_1_vs_2,sex_blind,TabPFN,break_even,Female vs Male,fpr,gap,-0.1262513591541374,-0.058249174755695,0.06800218439844241
temporal_1_vs_2,sex_blind,TabPFN,break_even,Female vs Male,fpr,minimum_delta,0.1945456569821217,0.1142319897461282,-0.0803136672359935
temporal_1_vs_2,sex_blind,TabPFN,break_even,Female vs Male,fpr,p_holm,0.008948652372266,0.26620484699303,0.257256194620764
temporal_1_vs_2,sex_blind,TabPFN,break_even,Female vs Male,statistical_parity,gap,-0.1730319862095384,-0.0847144658620068,0.08831752034753161
temporal_1_vs_2,sex_blind,TabPFN,break_even,Female vs Male,statistical_parity,minimum_delta,0.2330157691791394,0.1332033387029229,-0.09981243047621652
temporal_1_vs_2,sex_blind,TabPFN,break_even,Female vs Male,statistical_parity,p_holm,6.8320253518741195e-06,0.0115322751077408,0.011525443082388927
temporal_1_vs_2,sex_blind,TabPFN,break_even,Hispanic vs Caucasian,conditional_statistical_parity,p_holm,0.0106233430358796,0.6413367934538837,0.6307134504180041
temporal_1_vs_2,sex_blind,TabPFN,break_even,Hispanic vs Caucasian,equalized_odds,p_holm,0.1553777928865578,0.5157389879372068,0.36036119505064906
temporal_1_vs_2,sex_blind,TabPFN,break_even,Hispanic vs Caucasian,fnr,gap,0.0633663366336633,-0.081149619611158,-0.1445159562448213
temporal_1_vs_2,sex_blind,TabPFN,break_even,Hispanic vs Caucasian,fnr,minimum_delta,0.2434720558031836,0.2214148229726272,-0.022057232830556384
temporal_1_vs_2,sex_blind,TabPFN,break_even,Hispanic vs Caucasian,fnr,p_holm,1.0,0.7210365941725791,-0.27896340582742085
temporal_1_vs_2,sex_blind,TabPFN,break_even,Hispanic vs Caucasian,fpr,gap,0.1108287961282517,-0.0775006704210243,-0.18832946654927601
temporal_1_vs_2,sex_blind,TabPFN,break_even,Hispanic vs Caucasian,fpr,minimum_delta,0.2109939678115153,0.1623959276586536,-0.048598040152861705
temporal_1_vs_2,sex_blind,TabPFN,break_even,Hispanic vs Caucasian,fpr,p_holm,0.0645104713326185,0.2944678047065855,0.229957333373967
temporal_1_vs_2,sex_blind,TabPFN,break_even,Hispanic vs Caucasian,statistical_parity,gap,0.060742042931162,-0.0388276011248107,-0.0995696440559727
temporal_1_vs_2,sex_blind,TabPFN,break_even,Hispanic vs Caucasian,statistical_parity,minimum_delta,0.149058634723169,0.1161478073066791,-0.03291082741648989
temporal_1_vs_2,sex_blind,TabPFN,break_even,Hispanic vs Caucasian,statistical_parity,p_holm,0.2562882096423637,0.8236052288192801,0.5673170191769163
temporal_1_vs_2,sex_blind,TabPFN,break_even,Other vs Caucasian,conditional_statistical_parity,p_holm,2.40231050258962e-06,0.4739882879699607,0.4739858856594581
temporal_1_vs_2,sex_blind,TabPFN,break_even,Other vs Caucasian,equalized_odds,p_holm,0.0235654889518061,0.5157389879372068,0.49217349898540075
temporal_1_vs_2,sex_blind,TabPFN,break_even,Other vs Caucasian,fnr,gap,0.0751310425160162,-0.1745562130177514,-0.24968725553376758
temporal_1_vs_2,sex_blind,TabPFN,break_even,Other vs Caucasian,fnr,minimum_delta,0.2878519838284055,0.3162383660037585,0.028386382175352998
temporal_1_vs_2,sex_blind,TabPFN,break_even,Other vs Caucasian,fnr,p_holm,1.0,0.2430703900977127,-0.7569296099022873
temporal_1_vs_2,sex_blind,TabPFN,break_even,Other vs Caucasian,fpr,gap,-0.1933583959899749,-0.0284182973949894,0.16494009859498548
temporal_1_vs_2,sex_blind,TabPFN,break_even,Other vs Caucasian,fpr,minimum_delta,0.2900817560542858,0.129116743330972,-0.16096501272331382
temporal_1_vs_2,sex_blind,TabPFN,break_even,Other vs Caucasian,fpr,p_holm,0.0104723007250754,0.6459360214166855,0.6354637206916101
temporal_1_vs_2,sex_blind,TabPFN,break_even,Other vs Caucasian,statistical_parity,gap,-0.1742139257576833,0.0249514418048707,0.19916536756255399
temporal_1_vs_2,sex_blind,TabPFN,break_even,Other vs Caucasian,statistical_parity,minimum_delta,0.2698309568741206,0.1146917720269124,-0.15513918484720823
temporal_1_vs_2,sex_blind,TabPFN,break_even,Other vs Caucasian,statistical_parity,p_holm,0.0113779649119057,0.8236052288192801,0.8122272639073744
temporal_1_vs_2,race_proxy_blind,TabPFN,break_even,African-American vs Caucasian,fnr,minimum_delta,,0.1052606094190891,
temporal_1_vs_2,race_proxy_blind,TabPFN,break_even,African-American vs Caucasian,fpr,minimum_delta,,0.0468568552158891,
temporal_1_vs_2,race_proxy_blind,TabPFN,break_even,African-American vs Caucasian,statistical_parity,minimum_delta,,0.0628740873356214,
temporal_1_vs_2,race_proxy_blind,TabPFN,break_even,Hispanic vs Caucasian,fnr,minimum_delta,,0.1443105042256529,
temporal_1_vs_2,race_proxy_blind,TabPFN,break_even,Hispanic vs Caucasian,fpr,minimum_delta,,0.10210890549451,
temporal_1_vs_2,race_proxy_blind,TabPFN,break_even,Hispanic vs Caucasian,statistical_parity,minimum_delta,,0.0770738725734451,
temporal_1_vs_2,race_proxy_blind,TabPFN,break_even,Other vs Caucasian,fnr,minimum_delta,,0.1996889696259622,
temporal_1_vs_2,race_proxy_blind,TabPFN,break_even,Other vs Caucasian,fpr,minimum_delta,,0.0971496014977206,
temporal_1_vs_2,race_proxy_blind,TabPFN,break_even,Other vs Caucasian,statistical_parity,minimum_delta,,0.0956042056710921,
