threshold_name,threshold,comparison,attribute,primary,selection_rate,degenerate,metric,test,rate_protected,rate_reference,n_protected,n_reference,gap,ci_low,ci_high,z,p_value,tost_p,certified_fair,minimum_delta,hurlin_statistic,hurlin_df,hurlin_p,strata_used,cmh_statistic,cmh_p,mh_odds_ratio,mh_or_low,mh_or_high,breslow_day_p,p_holm,reject_fairness,model,run,feature_set
0.5,0.5,African-American vs Caucasian,race,True,0.39015151515151514,False,statistical_parity,z (pooled),0.4827044025157233,0.25,636,420,0.23270440251572327,0.17593171919811124,0.2894770858333353,7.587491545657933,3.2615788771034534e-14,0.9999999997917219,False,0.28039145379377034,59.25542041753101,1.0,1.3847837091881735e-14,,,,,,,,1.3046315508413814e-13,True,TabPFN,X1+X2_to_X3,age_blind
0.5,0.5,African-American vs Caucasian,race,True,0.39015151515151514,False,conditional_statistical_parity,Hurlin LR over proxy strata,0.4827044025157233,0.25,636,420,,,,,4.1742478820456994e-07,,,,42.49522130072046,7.0,4.1742478820456994e-07,7.0,28.639237913435146,8.719725730355066e-08,4.667554280229951,2.542064745981221,8.570223474179706,0.058952770039542135,1.6696991528182797e-06,True,TabPFN,X1+X2_to_X3,age_blind
0.5,0.5,African-American vs Caucasian,race,True,0.39015151515151514,False,fpr,z (pooled),0.3564356435643564,0.1875,303,256,0.16893564356435642,0.09686456469092428,0.24100672243778856,4.43663467548232,9.13761752091677e-06,0.9993544771667059,False,0.22952036326159442,,,,,,,,,,,3.655047008366708e-05,True,TabPFN,X1+X2_to_X3,age_blind
0.5,0.5,African-American vs Caucasian,race,True,0.39015151515151514,False,fnr,z (pooled),0.4024024024024024,0.6524390243902439,333,164,-0.25003662198784155,-0.3399569733951132,-0.1601162705805699,-5.244418661840316,1.5677584762195057e-07,0.9999920897653097,False,0.32564165503516324,,,,,,,,,,,6.271033904878023e-07,True,TabPFN,X1+X2_to_X3,age_blind
0.5,0.5,African-American vs Caucasian,race,True,0.39015151515151514,False,equalized_odds,Hurlin LR given Y,,,636,420,,,,,3.867656147956614e-11,,,,47.95157469178719,2.0,3.867656147956614e-11,,,,,,,,1.5470624591826457e-10,True,TabPFN,X1+X2_to_X3,age_blind
0.5,0.5,Hispanic vs Caucasian,race,False,0.23709369024856597,False,statistical_parity,z (pooled),0.18446601941747573,0.25,103,420,-0.06553398058252427,-0.15112394177387603,0.02005598060882749,-1.4014040223587667,0.16109329013232132,0.6389027960170353,False,0.13749128829393273,2.0513828226466497,1.0,0.15206801639033335,,,,,,,,0.32218658026464264,False,TabPFN,X1+X2_to_X3,age_blind
0.5,0.5,Hispanic vs Caucasian,race,False,0.23709369024856597,False,conditional_statistical_parity,Hurlin LR over proxy strata,0.18446601941747573,0.25,103,420,,,,,0.17878836683720686,,,,4.906299253474439,3.0,0.17878836683720686,3.0,0.011719587515902111,0.9137917964349416,1.0676621558562762,0.3254717442606649,3.502308569479821,0.16717101657813394,0.3575767336744137,False,TabPFN,X1+X2_to_X3,age_blind
0.5,0.5,Hispanic vs Caucasian,race,False,0.23709369024856597,False,fpr,z (pooled),0.09375,0.1875,64,256,-0.09375,-0.1796896139128732,-0.007810386087126794,-1.79109465135858,0.07327810733518443,0.8404265241433362,False,0.16608352015708633,,,,,,,,,,,0.11507090343324183,False,TabPFN,X1+X2_to_X3,age_blind
0.5,0.5,Hispanic vs Caucasian,race,False,0.23709369024856597,False,fnr,z (pooled),0.6666666666666666,0.6524390243902439,39,164,0.014227642276422703,-0.1506972760213745,0.1791525605742199,0.16801975350991724,0.8665677389415197,0.33560274996201894,False,0.15327787780431146,,,,,,,,,,,0.8665677389415197,False,TabPFN,X1+X2_to_X3,age_blind
0.5,0.5,Hispanic vs Caucasian,race,False,0.23709369024856597,False,equalized_odds,Hurlin LR given Y,,,103,420,,,,,0.16371748547092943,,,,3.6192259723848252,2.0,0.16371748547092943,,,,,,,,0.16371748547092943,False,TabPFN,X1+X2_to_X3,age_blind
0.5,0.5,Other vs Caucasian,race,False,0.2474437627811861,False,statistical_parity,z (pooled),0.2318840579710145,0.25,69,420,-0.018115942028985504,-0.1259636365136319,0.08973175245566088,-0.32318258317090987,0.7465569703826276,0.2812790737510984,False,0.10879707855507142,0.10572301365741321,1.0,0.7450669769155354,,,,,,,,0.7465569703826276,False,TabPFN,X1+X2_to_X3,age_blind
0.5,0.5,Other vs Caucasian,race,False,0.2474437627811861,False,conditional_statistical_parity,Hurlin LR over proxy strata,0.2318840579710145,0.25,69,420,,,,,0.5588576608843077,,,,2.065824102875157,3.0,0.5588576608843077,3.0,0.11199992709771812,0.7378786349688065,0.7662793247094936,0.1612148244948546,3.6422457135508544,0.5090318924514846,0.5588576608843077,False,TabPFN,X1+X2_to_X3,age_blind
0.5,0.5,Other vs Caucasian,race,False,0.2474437627811861,False,fpr,z (pooled),0.06976744186046512,0.1875,43,256,-0.11773255813953488,-0.2076433043479463,-0.027821811931123444,-1.8992207948403335,0.05753545171662092,0.9295656410438183,False,0.1934241317910107,,,,,,,,,,,0.11507090343324183,False,TabPFN,X1+X2_to_X3,age_blind
0.5,0.5,Other vs Caucasian,race,False,0.2474437627811861,False,fnr,z (pooled),0.5,0.6524390243902439,26,164,-0.15243902439024393,-0.3579838576303464,0.05310580884985855,-1.4970693399420942,0.13437521657894724,0.8350390210539054,False,0.32579191741257696,,,,,,,,,,,0.2687504331578945,False,TabPFN,X1+X2_to_X3,age_blind
0.5,0.5,Other vs Caucasian,race,False,0.2474437627811861,False,equalized_odds,Hurlin LR given Y,,,69,420,,,,,0.038916777394888954,,,,6.492659651680951,2.0,0.038916777394888954,,,,,,,,0.07783355478977791,False,TabPFN,X1+X2_to_X3,age_blind
0.5,0.5,Female vs Male,sex,False,0.36194331983805667,False,statistical_parity,z (pooled),0.21367521367521367,0.3966033966033966,234,1001,-0.18292818292818294,-0.2435635330692463,-0.12229283278711958,-5.242303932362131,1.5858386738708604e-07,0.9999906519852785,False,0.2338532344055912,29.328809120114755,1.0,6.108081758604508e-08,,,,,,,,4.7575160216125813e-07,True,TabPFN,X1+X2_to_X3,age_blind
0.5,0.5,Female vs Male,sex,False,0.36194331983805667,False,conditional_statistical_parity,Hurlin LR over proxy strata,0.21367521367521367,0.3966033966033966,234,1001,,,,,0.0010653256672549605,,,,24.165865311448464,7.0,0.0010653256672549605,7.0,14.634143672613622,0.00013052816528202893,0.2161863878735433,0.09366204998989185,0.49899136637361663,0.5866949902235201,0.0031959770017648817,True,TabPFN,X1+X2_to_X3,age_blind
0.5,0.5,Female vs Male,sex,False,0.36194331983805667,False,fpr,z (pooled),0.17218543046357615,0.2667946257197697,151,521,-0.09460919525619355,-0.1658025447882897,-0.023415845724097398,-2.3783697276551354,0.01738938020999738,0.8900793023814527,False,0.15443926323865687,,,,,,,,,,,0.052168140629992144,False,TabPFN,X1+X2_to_X3,age_blind
0.5,0.5,Female vs Male,sex,False,0.36194331983805667,False,fnr,z (pooled),0.7108433734939759,0.4625,83,480,0.24834337349397584,0.14109285670398986,0.3555938902839618,4.178195187090279,2.9383144636784178e-05,0.9998421677259522,False,0.33849972213785046,,,,,,,,,,,8.814943391035254e-05,True,TabPFN,X1+X2_to_X3,age_blind
0.5,0.5,Female vs Male,sex,False,0.36194331983805667,False,equalized_odds,Hurlin LR given Y,,,234,1001,,,,,6.391132415986933e-06,,,,23.921198176753055,2.0,6.391132415986933e-06,,,,,,,,1.9173397247960798e-05,True,TabPFN,X1+X2_to_X3,age_blind
break_even,0.2523364485981308,African-American vs Caucasian,race,True,0.8825757575757576,False,statistical_parity,z (pooled),0.9669811320754716,0.7547619047619047,636,420,0.2122192273135669,0.16879340066924328,0.2556450539578905,10.484581315367283,1.0169507921654741e-25,0.9999999999997571,False,0.24869538980872632,111.57669964447608,1.0,4.423561485396795e-26,,,,,,,,4.0678031686618965e-25,True,TabPFN,X1+X2_to_X3,age_blind
break_even,0.2523364485981308,African-American vs Caucasian,race,True,0.8825757575757576,False,conditional_statistical_parity,Hurlin LR over proxy strata,0.9669811320754716,0.7547619047619047,636,420,,,,,2.896694480432685e-30,,,,152.01768904937498,6.0,2.896694480432685e-30,6.0,117.86308971130353,0.0,inf,,,,1.158677792173074e-29,True,TabPFN,X1+X2_to_X3,age_blind
break_even,0.2523364485981308,African-American vs Caucasian,race,True,0.8825757575757576,False,fpr,z (pooled),0.9537953795379538,0.6953125,303,256,0.2584828795379538,0.19734596267460341,0.31961979640130417,8.21157814234717,2.183000699512263e-16,0.9999999999716643,False,0.3098760739956662,,,,,,,,,,,8.732002798049052e-16,True,TabPFN,X1+X2_to_X3,age_blind
break_even,0.2523364485981308,African-American vs Caucasian,race,True,0.8825757575757576,False,fnr,z (pooled),0.021021021021021023,0.1524390243902439,333,164,-0.13141800336922288,-0.18854725310893744,-0.07428875362950833,-5.612749168618966,1.9913716002694075e-08,0.9972898657022432,False,0.179452277556796,,,,,,,,,,,5.974114800808223e-08,True,TabPFN,X1+X2_to_X3,age_blind
break_even,0.2523364485981308,African-American vs Caucasian,race,True,0.8825757575757576,False,equalized_odds,Hurlin LR given Y,,,636,420,,,,,1.0395335093415054e-22,,,,101.23619996410775,2.0,1.0395335093415054e-22,,,,,,,,4.1581340373660217e-22,True,TabPFN,X1+X2_to_X3,age_blind
break_even,0.2523364485981308,Hispanic vs Caucasian,race,False,0.7571701720841301,False,statistical_parity,z (pooled),0.7669902912621359,0.7547619047619047,103,420,0.01222838650023117,-0.0791953564736945,0.10365212947415683,0.25936645458472135,0.7953525096760272,0.2092248052865069,False,0.08909027910695673,0.06774784953757229,1.0,0.7946445818404473,,,,,,,,1.0,False,TabPFN,X1+X2_to_X3,age_blind
break_even,0.2523364485981308,Hispanic vs Caucasian,race,False,0.7571701720841301,False,conditional_statistical_parity,Hurlin LR over proxy strata,0.7669902912621359,0.7547619047619047,103,420,,,,,0.2300498875781092,,,,4.308199214876917,3.0,0.2300498875781092,3.0,2.4333096421918716,0.11878187568139142,4.840236686390533,0.5809734256712322,40.32523717106889,0.6516678543667574,0.4600997751562184,False,TabPFN,X1+X2_to_X3,age_blind
break_even,0.2523364485981308,Hispanic vs Caucasian,race,False,0.7571701720841301,False,fpr,z (pooled),0.71875,0.6953125,64,256,0.0234375,-0.10030625416492055,0.14718125416492056,0.3659625273556999,0.7143930376343264,0.3371216568282732,False,0.12758994994323902,,,,,,,,,,,1.0,False,TabPFN,X1+X2_to_X3,age_blind
break_even,0.2523364485981308,Hispanic vs Caucasian,race,False,0.7571701720841301,False,fnr,z (pooled),0.15384615384615385,0.1524390243902439,39,164,0.0014071294559099556,-0.12448448981213434,0.12729874872395425,0.021957921618873985,0.982481521120997,0.22510986178436598,False,0.1075479084896787,,,,,,,,,,,0.982481521120997,False,TabPFN,X1+X2_to_X3,age_blind
break_even,0.2523364485981308,Hispanic vs Caucasian,race,False,0.7571701720841301,False,equalized_odds,Hurlin LR given Y,,,103,420,,,,,0.9344187945075102,,,,0.13566110625107386,2.0,0.9344187945075102,,,,,,,,0.9344187945075102,False,TabPFN,X1+X2_to_X3,age_blind
break_even,0.2523364485981308,Other vs Caucasian,race,False,0.7586912065439673,False,statistical_parity,z (pooled),0.782608695652174,0.7547619047619047,69,420,0.027846790890269202,-0.07781674746091792,0.13351032924145634,0.5010151000823697,0.6163604958486155,0.3406551721122991,False,0.11669143233429563,0.25603704587031784,1.0,0.6128559241626816,,,,,,,,1.0,False,TabPFN,X1+X2_to_X3,age_blind
break_even,0.2523364485981308,Other vs Caucasian,race,False,0.7586912065439673,False,conditional_statistical_parity,Hurlin LR over proxy strata,0.782608695652174,0.7547619047619047,69,420,,,,,0.8878268213010798,,,,0.6373688992346171,3.0,0.8878268213010798,3.0,0.08455304571554303,0.7712195333401239,0.8412942989214176,0.2666770384946818,2.6540571374006556,0.7596040761967457,0.8878268213010798,False,TabPFN,X1+X2_to_X3,age_blind
break_even,0.2523364485981308,Other vs Caucasian,race,False,0.7586912065439673,False,fpr,z (pooled),0.6511627906976745,0.6953125,43,256,-0.044149709302325535,-0.1973545242033891,0.10905510559873802,-0.5786854574171219,0.5628014303556395,0.47019487418277517,False,0.17312554389238144,,,,,,,,,,,1.0,False,TabPFN,X1+X2_to_X3,age_blind
break_even,0.2523364485981308,Other vs Caucasian,race,False,0.7586912065439673,False,fnr,z (pooled),0.0,0.1524390243902439,26,164,-0.1524390243902439,-0.2074513143500047,-0.09742673443048311,-2.1363361165688306,0.03265202705834627,0.9998299395091075,False,0.1988354210594226,,,,,,,,,,,0.06530405411669254,False,TabPFN,X1+X2_to_X3,age_blind
break_even,0.2523364485981308,Other vs Caucasian,race,False,0.7586912065439673,False,equalized_odds,Hurlin LR given Y,,,69,420,,,,,0.016051598450559385,,,,8.263893684859791,2.0,0.016051598450559385,,,,,,,,0.03210319690111877,True,TabPFN,X1+X2_to_X3,age_blind
break_even,0.2523364485981308,Female vs Male,sex,False,0.8663967611336032,False,statistical_parity,z (pooled),0.6709401709401709,0.9120879120879121,234,1001,-0.24114774114774118,-0.30385450328021213,-0.17844097901527023,-9.761302766361828,1.650215706563927e-22,0.9999999984921701,False,0.2938124834498572,78.71388902333987,1.0,7.178906845307063e-19,,,,,,,,4.950647119691781e-22,True,TabPFN,X1+X2_to_X3,age_blind
break_even,0.2523364485981308,Female vs Male,sex,False,0.8663967611336032,False,conditional_statistical_parity,Hurlin LR over proxy strata,0.6709401709401709,0.9120879120879121,234,1001,,,,,4.841869096834218e-26,,,,132.01313682716585,6.0,4.841869096834218e-26,6.0,100.75097604402733,0.0,0.0,,,,1.4525607290502654e-25,True,TabPFN,X1+X2_to_X3,age_blind
break_even,0.2523364485981308,Female vs Male,sex,False,0.8663967611336032,False,fpr,z (pooled),0.6291390728476821,0.8637236084452975,151,521,-0.23458453559761538,-0.31706869856369735,-0.1521003726315334,-6.483227166275589,8.978116004066962e-11,0.9999932984510072,False,0.3039032726730834,,,,,,,,,,,2.6934348012200885e-10,True,TabPFN,X1+X2_to_X3,age_blind
break_even,0.2523364485981308,Female vs Male,sex,False,0.8663967611336032,False,fnr,z (pooled),0.25301204819277107,0.035416666666666666,83,480,0.21759538152610441,0.12261812303271766,0.31257264001949114,7.296121969405593,2.961804311711657e-13,0.9997078142898727,False,0.29743465024251114,,,,,,,,,,,1.1847217246846628e-12,True,TabPFN,X1+X2_to_X3,age_blind
break_even,0.2523364485981308,Female vs Male,sex,False,0.8663967611336032,False,equalized_odds,Hurlin LR given Y,,,234,1001,,,,,5.491380539111482e-17,,,,74.88153378534032,2.0,5.491380539111482e-17,,,,,,,,1.6474141617334447e-16,True,TabPFN,X1+X2_to_X3,age_blind
0.5,0.5,African-American vs Caucasian,race,True,0.35511363636363635,False,statistical_parity,z (pooled),0.4166666666666667,0.2619047619047619,636,420,0.15476190476190477,0.09787477162447179,0.21164903789933776,5.1435153297677765,2.6964464026611443e-07,0.9998393474040542,False,0.2025450898512785,27.004529173966844,1.0,2.029792916854509e-07,,,,,,,,1.0785785610644577e-06,True,TabPFN,X1+X2_to_X3,protected_blind
0.5,0.5,African-American vs Caucasian,race,True,0.35511363636363635,False,conditional_statistical_parity,Hurlin LR over proxy strata,0.4166666666666667,0.2619047619047619,636,420,,,,,0.509987244701428,,,,2.3132503540288436,3.0,0.509987244701428,3.0,0.02906150995049502,0.8646370911193542,1.0567968405839665,0.5539130033890357,2.0162364043363423,0.30611950985343994,0.9450458550969636,False,TabPFN,X1+X2_to_X3,protected_blind
0.5,0.5,African-American vs Caucasian,race,True,0.35511363636363635,False,fpr,z (pooled),0.29042904290429045,0.203125,303,256,0.08730404290429045,0.01629981622913082,0.15830826957945007,2.3736163626481876,0.017614841755407475,0.8482061632111073,False,0.14699194043095665,,,,,,,,,,,0.0704593670216299,False,TabPFN,X1+X2_to_X3,protected_blind
0.5,0.5,African-American vs Caucasian,race,True,0.35511363636363635,False,fnr,z (pooled),0.46846846846846846,0.6463414634146342,333,164,-0.1778729949461657,-0.268574465853819,-0.08717152403851243,-3.7346308116833398,0.00018799075890059744,0.9970315508317197,False,0.2541347932831689,,,,,,,,,,,0.0007519630356023898,True,TabPFN,X1+X2_to_X3,protected_blind
0.5,0.5,African-American vs Caucasian,race,True,0.35511363636363635,False,equalized_odds,Hurlin LR given Y,,,636,420,,,,,4.995814140552717e-05,,,,19.808650150099346,2.0,4.995814140552717e-05,,,,,,,,0.0001998325656221087,True,TabPFN,X1+X2_to_X3,protected_blind
0.5,0.5,Hispanic vs Caucasian,race,False,0.24665391969407266,False,statistical_parity,z (pooled),0.18446601941747573,0.2619047619047619,103,420,-0.07743874248728619,-0.1633386124038571,0.008461127429284732,-1.6338396370285648,0.10229252713733872,0.7342269298282688,False,0.14965659708050932,2.804373836925315,1.0,0.09400754107194133,,,,,,,,0.20458505427467744,False,TabPFN,X1+X2_to_X3,protected_blind
0.5,0.5,Hispanic vs Caucasian,race,False,0.24665391969407266,False,conditional_statistical_parity,Hurlin LR over proxy strata,0.18446601941747573,0.2619047619047619,103,420,,,,,0.2677072056585173,,,,3.9428009336418977,3.0,0.2677072056585173,3.0,0.15255916651524257,0.6961016259695161,0.788942846469929,0.24162677252747344,2.576001030371344,0.2701923315657272,0.803121616975552,False,TabPFN,X1+X2_to_X3,protected_blind
0.5,0.5,Hispanic vs Caucasian,race,False,0.24665391969407266,False,fpr,z (pooled),0.09375,0.203125,64,256,-0.109375,-0.19614189324547704,-0.022608106754522947,-2.0316008337961033,0.042194082227185625,0.909595743887795,False,0.18240482333504926,,,,,,,,,,,0.11026255403082452,False,TabPFN,X1+X2_to_X3,protected_blind
0.5,0.5,Hispanic vs Caucasian,race,False,0.24665391969407266,False,fnr,z (pooled),0.6666666666666666,0.6463414634146342,39,164,0.020325203252032464,-0.1447290375799561,0.18537944408402102,0.23923295448370946,0.8109249504566289,0.3624618869456383,False,0.15948447220570044,,,,,,,,,,,0.8109249504566289,False,TabPFN,X1+X2_to_X3,protected_blind
0.5,0.5,Hispanic vs Caucasian,race,False,0.24665391969407266,False,equalized_odds,Hurlin LR given Y,,,103,420,,,,,0.09413691370081771,,,,4.726010055378261,2.0,0.09413691370081771,,,,,,,,0.09413691370081771,False,TabPFN,X1+X2_to_X3,protected_blind
0.5,0.5,Other vs Caucasian,race,False,0.25766871165644173,False,statistical_parity,z (pooled),0.2318840579710145,0.2619047619047619,69,420,-0.030020703933747422,-0.1381145122698419,0.07807310440234706,-0.5284281032651403,0.5972022361658611,0.35865524330116455,False,0.12090877936446894,0.28464823054970667,1.0,0.5936706607885676,,,,,,,,0.5972022361658611,False,TabPFN,X1+X2_to_X3,protected_blind
0.5,0.5,Other vs Caucasian,race,False,0.25766871165644173,False,conditional_statistical_parity,Hurlin LR over proxy strata,0.2318840579710145,0.2619047619047619,69,420,,,,,0.4725229275484818,,,,2.515352519711029,3.0,0.4725229275484818,3.0,0.45085043416738113,0.5019313731943973,0.5918151349444347,0.12644227735484725,2.7700003612428805,0.4669285252894694,0.9450458550969636,False,TabPFN,X1+X2_to_X3,protected_blind
0.5,0.5,Other vs Caucasian,race,False,0.25766871165644173,False,fpr,z (pooled),0.06976744186046512,0.203125,43,256,-0.13335755813953487,-0.2240593707329537,-0.042655745546116036,-2.088484139083382,0.036754184676941505,0.9636621789302513,False,0.20971509289209198,,,,,,,,,,,0.11026255403082452,False,TabPFN,X1+X2_to_X3,protected_blind
0.5,0.5,Other vs Caucasian,race,False,0.25766871165644173,False,fnr,z (pooled),0.5,0.6463414634146342,26,164,-0.14634146341463417,-0.35199007686191836,0.059307150032650024,-1.4330130225962392,0.15185411577075894,0.8201537089356776,False,0.3197818828362924,,,,,,,,,,,0.3037082315415179,False,TabPFN,X1+X2_to_X3,protected_blind
0.5,0.5,Other vs Caucasian,race,False,0.25766871165644173,False,equalized_odds,Hurlin LR given Y,,,69,420,,,,,0.026401956702846875,,,,7.268634308088713,2.0,0.026401956702846875,,,,,,,,0.05280391340569375,False,TabPFN,X1+X2_to_X3,protected_blind
0.5,0.5,Female vs Male,sex,False,0.3319838056680162,False,statistical_parity,z (pooled),0.23931623931623933,0.35364635364635366,234,1001,-0.11433011433011434,-0.17650510164097422,-0.05215512701925445,-3.343491176218668,0.0008273132499304492,0.9786074753296056,False,0.16654824157843862,11.684679451178631,1.0,0.0006301684207377483,,,,,,,,0.0024819397497913473,True,TabPFN,X1+X2_to_X3,protected_blind
0.5,0.5,Female vs Male,sex,False,0.3319838056680162,False,conditional_statistical_parity,Hurlin LR over proxy strata,0.23931623931623933,0.35364635364635366,234,1001,,,,,0.13801694406497925,,,,5.510416114314625,3.0,0.13801694406497925,3.0,0.042399172220422915,0.8368607509102458,1.08076792472809,0.5212338481323356,2.2409506046209504,0.1587057978544818,0.552067776259917,False,TabPFN,X1+X2_to_X3,protected_blind
0.5,0.5,Female vs Male,sex,False,0.3319838056680162,False,fpr,z (pooled),0.2052980132450331,0.22648752399232247,151,521,-0.021189510747289364,-0.0949614575645507,0.05258243606997197,-0.5519108379100496,0.5810094425993392,0.2221414900190718,False,0.08318660208073683,,,,,,,,,,,0.5810094425993392,False,TabPFN,X1+X2_to_X3,protected_blind
0.5,0.5,Female vs Male,sex,False,0.3319838056680162,False,fnr,z (pooled),0.6987951807228916,0.5083333333333333,83,480,0.1904618473895583,0.08210228214415104,0.29882141263496553,3.2129068140471975,0.0013139891457595737,0.9943329659902003,False,0.2815504783403397,,,,,,,,,,,0.003941967437278721,True,TabPFN,X1+X2_to_X3,protected_blind
0.5,0.5,Female vs Male,sex,False,0.3319838056680162,False,equalized_odds,Hurlin LR given Y,,,234,1001,,,,,0.004203688155914464,,,,10.943586013329767,2.0,0.004203688155914464,,,,,,,,0.012611064467743393,True,TabPFN,X1+X2_to_X3,protected_blind
break_even,0.2523364485981308,African-American vs Caucasian,race,True,0.8446969696969697,False,statistical_parity,z (pooled),0.8789308176100629,0.7928571428571428,636,420,0.08607367475292005,0.03976090099534118,0.1323864485104989,3.7796462588630564,0.0001570513200071909,0.9364251748853101,False,0.12497477098349277,14.003954565233173,1.0,0.00018242655140802153,,,,,,,,0.0006282052800287636,True,TabPFN,X1+X2_to_X3,protected_blind
break_even,0.2523364485981308,African-American vs Caucasian,race,True,0.8446969696969697,False,conditional_statistical_parity,Hurlin LR over proxy strata,0.8789308176100629,0.7928571428571428,636,420,,,,,1.0,,,,0.0,1.0,1.0,0.0,,,,,,,1.0,False,TabPFN,X1+X2_to_X3,protected_blind
break_even,0.2523364485981308,African-American vs Caucasian,race,True,0.8446969696969697,False,fpr,z (pooled),0.8316831683168316,0.734375,303,256,0.09730816831683164,0.028737806908095895,0.16587852972556738,2.80024918554711,0.005106317204503258,0.9115733640415558,False,0.1549500989001406,,,,,,,,,,,0.020425268818013032,True,TabPFN,X1+X2_to_X3,protected_blind
break_even,0.2523364485981308,African-American vs Caucasian,race,True,0.8446969696969697,False,fnr,z (pooled),0.07807807807807808,0.11585365853658537,333,164,-0.03777558045850729,-0.09460590789715118,0.0190547469801366,-1.3799327035215905,0.1676073661472961,0.3367515802887462,False,0.08555852077007421,,,,,,,,,,,0.3352147322945922,False,TabPFN,X1+X2_to_X3,protected_blind
break_even,0.2523364485981308,African-American vs Caucasian,race,True,0.8446969696969697,False,equalized_odds,Hurlin LR given Y,,,636,420,,,,,0.007983259643936867,,,,9.660816948480981,2.0,0.007983259643936867,,,,,,,,0.02422517989132142,True,TabPFN,X1+X2_to_X3,protected_blind
break_even,0.2523364485981308,Hispanic vs Caucasian,race,False,0.7896749521988528,False,statistical_parity,z (pooled),0.7766990291262136,0.7928571428571428,103,420,-0.016158113730929236,-0.10543647702822985,0.07312024956637138,-0.3605897639189128,0.7184061424378618,0.22892503761929808,False,0.09121633983985634,0.1285965568671661,1.0,0.7198916377039253,,,,,,,,0.7184061424378618,False,TabPFN,X1+X2_to_X3,protected_blind
break_even,0.2523364485981308,Hispanic vs Caucasian,race,False,0.7896749521988528,False,conditional_statistical_parity,Hurlin LR over proxy strata,0.7766990291262136,0.7928571428571428,103,420,,,,,1.0,,,,0.0,1.0,1.0,0.0,,,,,,,1.0,False,TabPFN,X1+X2_to_X3,protected_blind
break_even,0.2523364485981308,Hispanic vs Caucasian,race,False,0.7896749521988528,False,fpr,z (pooled),0.734375,0.734375,64,256,0.0,-0.12097803501561255,0.12097803501561255,0.0,1.0,0.20925873277939885,False,0.10182460376466382,,,,,,,,,,,1.0,False,TabPFN,X1+X2_to_X3,protected_blind
break_even,0.2523364485981308,Hispanic vs Caucasian,race,False,0.7896749521988528,False,fnr,z (pooled),0.15384615384615385,0.11585365853658537,39,164,0.03799249530956848,-0.08538358452653558,0.16136857514567254,0.648963183652288,0.5163621732615542,0.42445607684177206,False,0.14201239198001,,,,,,,,,,,0.5163621732615542,False,TabPFN,X1+X2_to_X3,protected_blind
break_even,0.2523364485981308,Hispanic vs Caucasian,race,False,0.7896749521988528,False,equalized_odds,Hurlin LR given Y,,,103,420,,,,,0.818331794010394,,,,0.4009748169395131,2.0,0.818331794010394,,,,,,,,0.818331794010394,False,TabPFN,X1+X2_to_X3,protected_blind
break_even,0.2523364485981308,Other vs Caucasian,race,False,0.8016359918200409,False,statistical_parity,z (pooled),0.855072463768116,0.7928571428571428,69,420,0.06221532091097315,-0.02944371863739355,0.15387436045933983,1.2010803589064238,0.22972003111846917,0.6029766923122017,False,0.13928461681806964,1.538678587225399,1.0,0.21481460200757482,,,,,,,,0.45944006223693834,False,TabPFN,X1+X2_to_X3,protected_blind
break_even,0.2523364485981308,Other vs Caucasian,race,False,0.8016359918200409,False,conditional_statistical_parity,Hurlin LR over proxy strata,0.855072463768116,0.7928571428571428,69,420,,,,,1.0,,,,0.0,1.0,1.0,0.0,,,,,,,1.0,False,TabPFN,X1+X2_to_X3,protected_blind
break_even,0.2523364485981308,Other vs Caucasian,race,False,0.8016359918200409,False,fpr,z (pooled),0.7674418604651163,0.734375,43,256,0.03306686046511631,-0.10430639463399055,0.17044011556422317,0.4569191173494079,0.6477291824844442,0.4046313377691596,False,0.14871485911451754,,,,,,,,,,,1.0,False,TabPFN,X1+X2_to_X3,protected_blind
break_even,0.2523364485981308,Other vs Caucasian,race,False,0.8016359918200409,False,fnr,z (pooled),0.0,0.11585365853658537,26,164,-0.11585365853658537,-0.1648364036659807,-0.06687091340719004,-1.8294489522352593,0.06733237995917477,0.9954425144216859,False,0.15716484326696173,,,,,,,,,,,0.2019971398775243,False,TabPFN,X1+X2_to_X3,protected_blind
break_even,0.2523364485981308,Other vs Caucasian,race,False,0.8016359918200409,False,equalized_odds,Hurlin LR given Y,,,69,420,,,,,0.04665525905686579,,,,6.129939247409728,2.0,0.04665525905686579,,,,,,,,0.09331051811373157,False,TabPFN,X1+X2_to_X3,protected_blind
break_even,0.2523364485981308,Female vs Male,sex,False,0.8388663967611336,False,statistical_parity,z (pooled),0.7649572649572649,0.8561438561438561,234,1001,-0.09118659118659123,-0.1497040569492536,-0.03266912542392885,-3.4157258872297707,0.0006361224542568171,0.9160030097855416,False,0.1403329216581447,10.788096305697067,1.0,0.0010215488564388898,,,,,,,,0.0019083673627704513,True,TabPFN,X1+X2_to_X3,protected_blind
break_even,0.2523364485981308,Female vs Male,sex,False,0.8388663967611336,False,conditional_statistical_parity,Hurlin LR over proxy strata,0.7649572649572649,0.8561438561438561,234,1001,,,,,1.0,,,,0.0,1.0,1.0,0.0,,,,,,,1.0,False,TabPFN,X1+X2_to_X3,protected_blind
break_even,0.2523364485981308,Female vs Male,sex,False,0.8388663967611336,False,fpr,z (pooled),0.7350993377483444,0.7927063339731286,151,521,-0.05760699622478427,-0.1361277287497331,0.02091373630016459,-1.5040791855113536,0.13256097898342836,0.575269272371664,False,0.12359491217306467,,,,,,,,,,,0.3976829369502851,False,TabPFN,X1+X2_to_X3,protected_blind
break_even,0.2523364485981308,Female vs Male,sex,False,0.8388663967611336,False,fnr,z (pooled),0.18072289156626506,0.075,83,480,0.10572289156626506,0.019653637587229655,0.19179214554530047,3.098580807369688,0.0019444993414663733,0.8975018047643454,False,0.17807396176620496,,,,,,,,,,,0.007777997365865493,True,TabPFN,X1+X2_to_X3,protected_blind
break_even,0.2523364485981308,Female vs Male,sex,False,0.8388663967611336,False,equalized_odds,Hurlin LR given Y,,,234,1001,,,,,0.006056294972830355,,,,10.213314112996855,2.0,0.006056294972830355,,,,,,,,0.02422517989132142,True,TabPFN,X1+X2_to_X3,protected_blind
0.5,0.5,African-American vs Caucasian,race,True,0.4185606060606061,False,statistical_parity,z (pooled),0.5031446540880503,0.2904761904761905,636,420,0.21266846361185981,0.1544017980437248,0.27093512917999485,6.85634931029478,7.064252147155395e-12,0.9999999721769157,False,0.26161040727874485,47.96332813426781,1.0,4.3426600774443474e-12,,,,,,,,2.825700858862158e-11,True,TabPFN,X1+X2_to_X3,race_aware
0.5,0.5,African-American vs Caucasian,race,True,0.4185606060606061,False,conditional_statistical_parity,Hurlin LR over proxy strata,0.5031446540880503,0.2904761904761905,636,420,,,,,0.40853116772042014,,,,6.132328162613626,6.0,0.40853116772042014,6.0,0.4952456506469247,0.48159662446609797,1.2091602357506368,0.709190120638535,2.061602993572626,0.33162300757891994,0.8170623354408403,False,TabPFN,X1+X2_to_X3,race_aware
0.5,0.5,African-American vs Caucasian,race,True,0.4185606060606061,False,fpr,z (pooled),0.3333333333333333,0.21875,303,256,0.11458333333333331,0.041222567474627755,0.18794409919203886,3.003348989650941,0.0026702603105210674,0.9575003054413131,False,0.17625219559817715,,,,,,,,,,,0.01068104124208427,True,TabPFN,X1+X2_to_X3,race_aware
0.5,0.5,African-American vs Caucasian,race,True,0.4185606060606061,False,fnr,z (pooled),0.34234234234234234,0.5975609756097561,333,164,-0.25521863326741373,-0.345938950759883,-0.16449831577494445,-5.409339673065084,6.32575516418025e-08,0.9999942889111715,False,0.33149627781326224,,,,,,,,,,,2.5303020656721e-07,True,TabPFN,X1+X2_to_X3,race_aware
0.5,0.5,African-American vs Caucasian,race,True,0.4185606060606061,False,equalized_odds,Hurlin LR given Y,,,636,420,,,,,4.733861861164798e-09,,,,38.33704901286289,2.0,4.733861861164798e-09,,,,,,,,1.893544744465919e-08,True,TabPFN,X1+X2_to_X3,race_aware
0.5,0.5,Hispanic vs Caucasian,race,False,0.28680688336520077,False,statistical_parity,z (pooled),0.27184466019417475,0.2904761904761905,103,420,-0.01863153028201575,-0.11489971062351956,0.07763665005948805,-0.37466453298809116,0.7079099725778896,0.26166767855816775,False,0.09956624481195872,0.1415155528072325,1.0,0.7067789722534517,,,,,,,,1.0,False,TabPFN,X1+X2_to_X3,race_aware
0.5,0.5,Hispanic vs Caucasian,race,False,0.28680688336520077,False,conditional_statistical_parity,Hurlin LR over proxy strata,0.27184466019417475,0.2904761904761905,103,420,,,,,0.1527010790790647,,,,9.392032322931914,6.0,0.1527010790790647,6.0,0.011770224076856647,0.9136064862115167,1.0545806649727838,0.41634731687012516,2.6711842105646584,0.2894023114329092,0.45810323723719404,False,TabPFN,X1+X2_to_X3,race_aware
0.5,0.5,Hispanic vs Caucasian,race,False,0.28680688336520077,False,fpr,z (pooled),0.125,0.21875,64,256,-0.09375,-0.18929812155218934,0.0017981215521893218,-1.6770509831248421,0.09353251268909311,0.8149176606114504,False,0.17417079387596301,,,,,,,,,,,0.18706502537818623,False,TabPFN,X1+X2_to_X3,race_aware
0.5,0.5,Hispanic vs Caucasian,race,False,0.28680688336520077,False,fnr,z (pooled),0.48717948717948717,0.5975609756097561,39,164,-0.1103814884302689,-0.2842822647965985,0.06351928793606071,-1.2538810415480155,0.2098852468833574,0.7515254984112564,False,0.25699938075238876,,,,,,,,,,,0.2098852468833574,False,TabPFN,X1+X2_to_X3,race_aware
0.5,0.5,Hispanic vs Caucasian,race,False,0.28680688336520077,False,equalized_odds,Hurlin LR given Y,,,103,420,,,,,0.09907908507214372,,,,4.62367381727425,2.0,0.09907908507214372,,,,,,,,0.19815817014428744,False,TabPFN,X1+X2_to_X3,race_aware
0.5,0.5,Other vs Caucasian,race,False,0.294478527607362,False,statistical_parity,z (pooled),0.3188405797101449,0.2904761904761905,69,420,0.0283643892339544,-0.08985683502085877,0.14658561348876759,0.479055976874838,0.6318988068978088,0.3599904456257409,False,0.1277678584333626,0.22657695009599044,1.0,0.6340736669029179,,,,,,,,1.0,False,TabPFN,X1+X2_to_X3,race_aware
0.5,0.5,Other vs Caucasian,race,False,0.294478527607362,False,conditional_statistical_parity,Hurlin LR over proxy strata,0.3188405797101449,0.2904761904761905,69,420,,,,,0.7866051206506295,,,,2.4326303272519647,5.0,0.7866051206506295,5.0,0.7229088226890668,0.3951914170167862,1.6504333896165095,0.5494846996645466,4.957245170291303,0.8670190280293713,0.8170623354408403,False,TabPFN,X1+X2_to_X3,race_aware
0.5,0.5,Other vs Caucasian,race,False,0.294478527607362,False,fpr,z (pooled),0.16279069767441862,0.21875,43,256,-0.055959302325581384,-0.17736802532599405,0.06544942067483128,-0.8325988748709057,0.40507099376726063,0.5382883250184299,False,0.15816752199285006,,,,,,,,,,,0.40507099376726063,False,TabPFN,X1+X2_to_X3,race_aware
0.5,0.5,Other vs Caucasian,race,False,0.294478527607362,False,fnr,z (pooled),0.4230769230769231,0.5975609756097561,26,164,-0.174484052532833,-0.3786795149838018,0.02971140991813581,-1.6714191726633234,0.09463891152210717,0.8831758411023651,False,0.34669890999198116,,,,,,,,,,,0.18927782304421434,False,TabPFN,X1+X2_to_X3,race_aware
0.5,0.5,Other vs Caucasian,race,False,0.294478527607362,False,equalized_odds,Hurlin LR given Y,,,69,420,,,,,0.17458902069123297,,,,3.4906410403856363,2.0,0.17458902069123297,,,,,,,,0.19815817014428744,False,TabPFN,X1+X2_to_X3,race_aware
0.5,0.5,Female vs Male,sex,False,0.39838056680161943,False,statistical_parity,z (pooled),0.23504273504273504,0.43656343656343655,234,1001,-0.2015207015207015,-0.26393551036965074,-0.13910589267175227,-5.668930782631271,1.4369139740408968e-08,0.9999989074329508,False,0.25394024467813126,33.979682597752884,1.0,5.5690575232986365e-09,,,,,,,,4.31074192212269e-08,True,TabPFN,X1+X2_to_X3,race_aware
0.5,0.5,Female vs Male,sex,False,0.39838056680161943,False,conditional_statistical_parity,Hurlin LR over proxy strata,0.23504273504273504,0.43656343656343655,234,1001,,,,,2.5660825809381493e-15,,,,80.69575119840631,6.0,2.5660825809381493e-15,6.0,26.188245703185242,3.097019503073284e-07,0.2857076446093454,0.15564068398340009,0.5244699271363146,4.2671055577869765e-10,1.0264330323752597e-14,True,TabPFN,X1+X2_to_X3,race_aware
0.5,0.5,Female vs Male,sex,False,0.39838056680161943,False,fpr,z (pooled),0.18543046357615894,0.2763915547024952,151,521,-0.09096109112633627,-0.1638807188357334,-0.01804146341693913,-2.2552692969794452,0.024116430578941375,0.8643472788809584,False,0.1522419033339747,,,,,,,,,,,0.07234929173682413,False,TabPFN,X1+X2_to_X3,race_aware
0.5,0.5,Female vs Male,sex,False,0.39838056680161943,False,fnr,z (pooled),0.6746987951807228,0.38958333333333334,83,480,0.2851154618473895,0.1752914372434381,0.3949394864513409,4.842353674382661,1.283101187040026e-06,0.9999842085833964,False,0.37743513869384926,,,,,,,,,,,3.849303561120078e-06,True,TabPFN,X1+X2_to_X3,race_aware
0.5,0.5,Female vs Male,sex,False,0.39838056680161943,False,equalized_odds,Hurlin LR given Y,,,234,1001,,,,,5.74774473850341e-07,,,,28.738576184955832,2.0,5.74774473850341e-07,,,,,,,,1.7243234215510228e-06,True,TabPFN,X1+X2_to_X3,race_aware
break_even,0.2523364485981308,African-American vs Caucasian,race,True,0.8172348484848485,False,statistical_parity,z (pooled),0.9119496855345912,0.6738095238095239,636,420,0.23814016172506736,0.18818745127242495,0.28809287217770974,9.800173264840344,1.1239268910318077e-22,0.999999999999842,False,0.2800986763773706,94.90720397353796,1.0,1.9952241648561408e-22,,,,,,,,4.495707564127231e-22,True,TabPFN,X1+X2_to_X3,race_aware
break_even,0.2523364485981308,African-American vs Caucasian,race,True,0.8172348484848485,False,conditional_statistical_parity,Hurlin LR over proxy strata,0.9119496855345912,0.6738095238095239,636,420,,,,,3.958005254028471e-15,,,,76.77763187595114,5.0,3.958005254028471e-15,5.0,41.188803721917154,1.3821199740249313e-10,5.9609223204261905,3.252278134910682,10.925447774204894,3.104484270133323e-05,1.1874015762085414e-14,True,TabPFN,X1+X2_to_X3,race_aware
break_even,0.2523364485981308,African-American vs Caucasian,race,True,0.8172348484848485,False,fpr,z (pooled),0.8646864686468647,0.58984375,303,256,0.2748427186468647,0.2033326938766679,0.3463527434170615,7.370212044669544,1.7035685335661968e-13,0.9999999993130418,False,0.3349558024797473,,,,,,,,,,,6.814274134264787e-13,True,TabPFN,X1+X2_to_X3,race_aware
break_even,0.2523364485981308,African-American vs Caucasian,race,True,0.8172348484848485,False,fnr,z (pooled),0.04504504504504504,0.1951219512195122,333,164,-0.15007690617446717,-0.21469021238743735,-0.08546359996149698,-5.376268097303873,7.604553435325319e-08,0.9987369452358421,False,0.204403775176597,,,,,,,,,,,2.281366030597596e-07,True,TabPFN,X1+X2_to_X3,race_aware
break_even,0.2523364485981308,African-American vs Caucasian,race,True,0.8172348484848485,False,equalized_odds,Hurlin LR given Y,,,636,420,,,,,1.433633774371342e-18,,,,82.17263870360001,2.0,1.433633774371342e-18,,,,,,,,5.734535097485368e-18,True,TabPFN,X1+X2_to_X3,race_aware
break_even,0.2523364485981308,Hispanic vs Caucasian,race,False,0.6845124282982792,False,statistical_parity,z (pooled),0.7281553398058253,0.6738095238095239,103,420,0.054345815996301394,-0.042570540551772396,0.15126217254437518,1.0635960862587501,0.2875117161426426,0.5349996862256545,False,0.13582546610161045,1.1548450567202906,1.0,0.28253720156474427,,,,,,,,0.38988238726923874,False,TabPFN,X1+X2_to_X3,race_aware
break_even,0.2523364485981308,Hispanic vs Caucasian,race,False,0.6845124282982792,False,conditional_statistical_parity,Hurlin LR over proxy strata,0.7281553398058253,0.6738095238095239,103,420,,,,,0.8715599886583264,,,,1.2394602680322027,4.0,0.8715599886583264,4.0,0.09534557691486065,0.757488282116413,1.1955448827582356,0.40066954076996425,3.5673477049008344,0.7817205395007131,0.8715599886583264,False,TabPFN,X1+X2_to_X3,race_aware
break_even,0.2523364485981308,Hispanic vs Caucasian,race,False,0.6845124282982792,False,fpr,z (pooled),0.65625,0.58984375,64,256,0.06640625,-0.06463038004256283,0.19744288004256283,0.9712105690330463,0.3314434318594942,0.5968453335033781,False,0.176696956333748,,,,,,,,,,,0.3314434318594942,False,TabPFN,X1+X2_to_X3,race_aware
break_even,0.2523364485981308,Hispanic vs Caucasian,race,False,0.6845124282982792,False,fnr,z (pooled),0.15384615384615385,0.1951219512195122,39,164,-0.04127579737335835,-0.1697320094291363,0.0871804146824196,-0.5939692307037548,0.5525326929202525,0.4471188041083581,False,0.14957881626055894,,,,,,,,,,,1.0,False,TabPFN,X1+X2_to_X3,race_aware
break_even,0.2523364485981308,Hispanic vs Caucasian,race,False,0.6845124282982792,False,equalized_odds,Hurlin LR given Y,,,103,420,,,,,0.5162282349348924,,,,1.3224125910561222,2.0,0.5162282349348924,,,,,,,,0.5162282349348924,False,TabPFN,X1+X2_to_X3,race_aware
break_even,0.2523364485981308,Other vs Caucasian,race,False,0.6625766871165644,False,statistical_parity,z (pooled),0.5942028985507246,0.6738095238095239,69,420,-0.07960662525879925,-0.2038424814324426,0.04462923091484412,-1.2960995394700974,0.19494119363461937,0.679673754958363,False,0.18406735285201803,1.640134760897567,1.0,0.20030697940391384,,,,,,,,0.38988238726923874,False,TabPFN,X1+X2_to_X3,race_aware
break_even,0.2523364485981308,Other vs Caucasian,race,False,0.6625766871165644,False,conditional_statistical_parity,Hurlin LR over proxy strata,0.5942028985507246,0.6738095238095239,69,420,,,,,1.7918166359551877e-05,,,,24.690810770767268,3.0,1.7918166359551877e-05,3.0,12.913705891300816,0.0003261848425710756,0.14607156030984875,0.03828394349867038,0.5573328863599127,0.004327695526812669,3.5836332719103754e-05,True,TabPFN,X1+X2_to_X3,race_aware
break_even,0.2523364485981308,Other vs Caucasian,race,False,0.6625766871165644,False,fpr,z (pooled),0.4418604651162791,0.58984375,43,256,-0.14798328488372092,-0.3081781292479777,0.0122115594805359,-1.8129388353651483,0.06984125558982587,0.8842219087491205,False,0.2828436922556873,,,,,,,,,,,0.13968251117965175,False,TabPFN,X1+X2_to_X3,race_aware
break_even,0.2523364485981308,Other vs Caucasian,race,False,0.6625766871165644,False,fnr,z (pooled),0.15384615384615385,0.1951219512195122,26,164,-0.04127579737335835,-0.19264346992392545,0.11009187517720875,-0.49896405382943915,0.6178047077236919,0.4550897486590785,False,0.1689366270476626,,,,,,,,,,,1.0,False,TabPFN,X1+X2_to_X3,race_aware
break_even,0.2523364485981308,Other vs Caucasian,race,False,0.6625766871165644,False,equalized_odds,Hurlin LR given Y,,,69,420,,,,,0.17258093379327077,,,,3.51377794226328,2.0,0.17258093379327077,,,,,,,,0.34516186758654155,False,TabPFN,X1+X2_to_X3,race_aware
break_even,0.2523364485981308,Female vs Male,sex,False,0.7959514170040486,False,statistical_parity,z (pooled),0.6282051282051282,0.8351648351648352,234,1001,-0.206959706959707,-0.27300966118048375,-0.14090975273893025,-7.072406550345646,1.5226952629668783e-12,0.9999982272182404,False,0.26243225409513826,44.79793531542761,1.0,2.1845292252517588e-11,,,,,,,,4.568085788900635e-12,True,TabPFN,X1+X2_to_X3,race_aware
break_even,0.2523364485981308,Female vs Male,sex,False,0.7959514170040486,False,conditional_statistical_parity,Hurlin LR over proxy strata,0.6282051282051282,0.8351648351648352,234,1001,,,,,2.4483848250638032e-21,,,,106.32455933801243,5.0,2.4483848250638032e-21,5.0,71.00667849722028,0.0,0.05301074139306489,0.020297900420465073,0.13844479699038825,0.00010615602123598133,9.793539300255213e-21,True,TabPFN,X1+X2_to_X3,race_aware
break_even,0.2523364485981308,Female vs Male,sex,False,0.7959514170040486,False,fpr,z (pooled),0.5761589403973509,0.7485604606525912,151,521,-0.17240152025524025,-0.2595809231452381,-0.08522211736524236,-4.110139552100626,3.954200727363808e-05,0.9969566632399364,False,0.24566608268782564,,,,,,,,,,,0.00011862602182091424,True,TabPFN,X1+X2_to_X3,race_aware
break_even,0.2523364485981308,Female vs Male,sex,False,0.7959514170040486,False,fnr,z (pooled),0.27710843373493976,0.07083333333333333,83,480,0.20627510040160643,0.10729007410675116,0.3052601266964617,5.752385504389255,8.799286156242632e-09,0.9989646111096773,False,0.28948335718452683,,,,,,,,,,,3.519714462497053e-08,True,TabPFN,X1+X2_to_X3,race_aware
break_even,0.2523364485981308,Female vs Male,sex,False,0.7959514170040486,False,equalized_odds,Hurlin LR given Y,,,234,1001,,,,,8.91332630856643e-10,,,,41.67660687010806,2.0,8.91332630856643e-10,,,,,,,,2.673997892569929e-09,True,TabPFN,X1+X2_to_X3,race_aware
0.5,0.5,African-American vs Caucasian,race,True,0.5037878787878788,False,statistical_parity,z (pooled),0.60062893081761,0.35714285714285715,636,420,0.2434860736747529,0.18391453864698554,0.30305760870252024,7.74529259881554,9.536199065022404e-15,0.9999999998553907,False,0.29352406165725586,60.64530736944292,1.0,6.834279396425114e-15,,,,,,,,3.8144796260089615e-14,True,COMPAS tool,X1+X2_to_X3,race_aware
0.5,0.5,African-American vs Caucasian,race,True,0.5037878787878788,False,conditional_statistical_parity,Hurlin LR over proxy strata,0.60062893081761,0.35714285714285715,636,420,,,,,0.002454904922919527,,,,39.480649958637386,18.0,0.002454904922919527,18.0,14.10009855912609,0.00017333469957225844,1.7461978500503024,1.299522808820674,2.3464050887167383,0.14918972119273288,0.009819619691678109,True,COMPAS tool,X1+X2_to_X3,race_aware
0.5,0.5,African-American vs Caucasian,race,True,0.5037878787878788,False,fpr,z (pooled),0.42244224422442245,0.265625,303,256,0.15681724422442245,0.07922603207680591,0.234408456372039,3.8713253403967283,0.0001082452044104177,0.9964086927356083,False,0.22204232358236678,,,,,,,,,,,0.0004329808176416708,True,COMPAS tool,X1+X2_to_X3,race_aware
0.5,0.5,African-American vs Caucasian,race,True,0.5037878787878788,False,fnr,z (pooled),0.23723723723723725,0.5,333,164,-0.2627627627627628,-0.3518883584094895,-0.17363716711603608,-5.885772587297624,3.961987894976192e-09,0.9999981361694245,False,0.3376995651526174,,,,,,,,,,,1.5847951579904767e-08,True,COMPAS tool,X1+X2_to_X3,race_aware
0.5,0.5,African-American vs Caucasian,race,True,0.5037878787878788,False,equalized_odds,Hurlin LR given Y,,,636,420,,,,,2.3292082388076535e-11,,,,48.965815249552996,2.0,2.3292082388076535e-11,,,,,,,,9.316832955230614e-11,True,COMPAS tool,X1+X2_to_X3,race_aware
0.5,0.5,Hispanic vs Caucasian,race,False,0.3441682600382409,False,statistical_parity,z (pooled),0.2912621359223301,0.35714285714285715,103,420,-0.06588072122052707,-0.1648697197690702,0.03310827732801605,-1.261156940623699,0.20725230893608937,0.6233418618775698,False,0.14910288570634772,1.6238966826596943,1.0,0.20254930571743998,,,,,,,,0.41450461787217874,False,COMPAS tool,X1+X2_to_X3,race_aware
0.5,0.5,Hispanic vs Caucasian,race,False,0.3441682600382409,False,conditional_statistical_parity,Hurlin LR over proxy strata,0.2912621359223301,0.35714285714285715,103,420,,,,,0.39592087417686433,,,,16.841556431031158,16.0,0.39592087417686433,16.0,2.601598547577153,0.10675598767386507,0.637061766879837,0.3709224221494144,1.0941578901277011,0.6534213849715809,0.7918417483537287,False,COMPAS tool,X1+X2_to_X3,race_aware
0.5,0.5,Hispanic vs Caucasian,race,False,0.3441682600382409,False,fpr,z (pooled),0.203125,0.265625,64,256,-0.0625,-0.1749399422881932,0.049939942288193206,-1.028545518471772,0.30369329069626094,0.5861727535863986,False,0.15713827519879453,,,,,,,,,,,0.6073865813925219,False,COMPAS tool,X1+X2_to_X3,race_aware
0.5,0.5,Hispanic vs Caucasian,race,False,0.3441682600382409,False,fnr,z (pooled),0.5641025641025641,0.5,39,164,0.0641025641025641,-0.10932140354060799,0.23752653174573618,0.7198522744518148,0.47161595538786316,0.5632357008654552,False,0.21031845310134686,,,,,,,,,,,1.0,False,COMPAS tool,X1+X2_to_X3,race_aware
0.5,0.5,Hispanic vs Caucasian,race,False,0.3441682600382409,False,equalized_odds,Hurlin LR given Y,,,103,420,,,,,0.4455342943936039,,,,1.6169621109497831,2.0,0.4455342943936039,,,,,,,,0.8910685887872078,False,COMPAS tool,X1+X2_to_X3,race_aware
0.5,0.5,Other vs Caucasian,race,False,0.33537832310838445,False,statistical_parity,z (pooled),0.2028985507246377,0.35714285714285715,69,420,-0.15424430641821946,-0.2596198673296006,-0.048868745506838354,-2.5150646760158875,0.011901054931103518,0.9734559750936749,False,0.24284680896757346,6.806004451107071,1.0,0.00908518311601236,,,,,,,,0.03570316479331055,True,COMPAS tool,X1+X2_to_X3,race_aware
0.5,0.5,Other vs Caucasian,race,False,0.33537832310838445,False,conditional_statistical_parity,Hurlin LR over proxy strata,0.2028985507246377,0.35714285714285715,69,420,,,,,0.018046400890055162,,,,28.61030574240941,15.0,0.018046400890055162,15.0,11.360854871887323,0.0007500829196231962,0.26315253717275466,0.12135038972479605,0.5706554216884236,0.6164666453384471,0.05413920267016549,False,COMPAS tool,X1+X2_to_X3,race_aware
0.5,0.5,Other vs Caucasian,race,False,0.33537832310838445,False,fpr,z (pooled),0.06976744186046512,0.265625,43,256,-0.19585755813953487,-0.28926556042707074,-0.10244955585199897,-2.7927595293567333,0.005226052621595412,0.9987942428154036,False,0.274493305065666,,,,,,,,,,,0.015678157864786237,True,COMPAS tool,X1+X2_to_X3,race_aware
0.5,0.5,Other vs Caucasian,race,False,0.33537832310838445,False,fnr,z (pooled),0.5769230769230769,0.5,26,164,0.07692307692307687,-0.12781757710156497,0.2816637309477187,0.7289784749063989,0.466014829504519,0.601552257929663,False,0.24959773935546517,,,,,,,,,,,1.0,False,COMPAS tool,X1+X2_to_X3,race_aware
0.5,0.5,Other vs Caucasian,race,False,0.33537832310838445,False,equalized_odds,Hurlin LR given Y,,,69,420,,,,,0.006158264029276388,,,,10.179920709165465,2.0,0.006158264029276388,,,,,,,,0.018474792087829164,True,COMPAS tool,X1+X2_to_X3,race_aware
0.5,0.5,Female vs Male,sex,False,0.46639676113360323,False,statistical_parity,z (pooled),0.44871794871794873,0.47052947052947053,234,1001,-0.021811521811521795,-0.09264246182374737,0.04901941820070378,-0.6021302764191608,0.5470874224782923,0.21776917085376235,False,0.08129941555542268,0.36306677167869594,1.0,0.5468079426438925,,,,,,,,0.5470874224782923,False,COMPAS tool,X1+X2_to_X3,race_aware
0.5,0.5,Female vs Male,sex,False,0.46639676113360323,False,conditional_statistical_parity,Hurlin LR over proxy strata,0.44871794871794873,0.47052947052947053,234,1001,,,,,0.4795151858947996,,,,17.64118065116316,18.0,0.4795151858947996,18.0,1.9127127030598912,0.16666223832890126,1.2690266670499226,0.9040477310390328,1.7813536015769327,0.1890113401429402,0.7918417483537287,False,COMPAS tool,X1+X2_to_X3,race_aware
0.5,0.5,Female vs Male,sex,False,0.46639676113360323,False,fpr,z (pooled),0.31788079470198677,0.31477927063339733,151,521,0.003101524068589434,-0.08119916927322807,0.08740221741040693,0.07221381370664585,0.9424317521274836,0.13797010443764562,False,0.0739468522735206,,,,,,,,,,,0.9424317521274836,False,COMPAS tool,X1+X2_to_X3,race_aware
0.5,0.5,Female vs Male,sex,False,0.46639676113360323,False,fnr,z (pooled),0.3132530120481928,0.36041666666666666,83,480,-0.04716365461847388,-0.15579795270257976,0.061470643465632,-0.8299350049502094,0.40657553213119,0.47960297058164325,False,0.1384832300003962,,,,,,,,,,,1.0,False,COMPAS tool,X1+X2_to_X3,race_aware
0.5,0.5,Female vs Male,sex,False,0.46639676113360323,False,equalized_odds,Hurlin LR given Y,,,234,1001,,,,,0.7029961306909508,,,,0.7048077823648434,2.0,0.7029961306909508,,,,,,,,0.8910685887872078,False,COMPAS tool,X1+X2_to_X3,race_aware
break_even,0.2523364485981308,African-American vs Caucasian,race,True,0.5037878787878788,False,statistical_parity,z (pooled),0.60062893081761,0.35714285714285715,636,420,0.2434860736747529,0.18391453864698554,0.30305760870252024,7.74529259881554,9.536199065022404e-15,0.9999999998553907,False,0.29352406165725586,60.64530736944292,1.0,6.834279396425114e-15,,,,,,,,3.8144796260089615e-14,True,COMPAS tool,X1+X2_to_X3,race_aware
break_even,0.2523364485981308,African-American vs Caucasian,race,True,0.5037878787878788,False,conditional_statistical_parity,Hurlin LR over proxy strata,0.60062893081761,0.35714285714285715,636,420,,,,,0.002454904922919527,,,,39.480649958637386,18.0,0.002454904922919527,18.0,14.10009855912609,0.00017333469957225844,1.7461978500503024,1.299522808820674,2.3464050887167383,0.14918972119273288,0.009819619691678109,True,COMPAS tool,X1+X2_to_X3,race_aware
break_even,0.2523364485981308,African-American vs Caucasian,race,True,0.5037878787878788,False,fpr,z (pooled),0.42244224422442245,0.265625,303,256,0.15681724422442245,0.07922603207680591,0.234408456372039,3.8713253403967283,0.0001082452044104177,0.9964086927356083,False,0.22204232358236678,,,,,,,,,,,0.0004329808176416708,True,COMPAS tool,X1+X2_to_X3,race_aware
break_even,0.2523364485981308,African-American vs Caucasian,race,True,0.5037878787878788,False,fnr,z (pooled),0.23723723723723725,0.5,333,164,-0.2627627627627628,-0.3518883584094895,-0.17363716711603608,-5.885772587297624,3.961987894976192e-09,0.9999981361694245,False,0.3376995651526174,,,,,,,,,,,1.5847951579904767e-08,True,COMPAS tool,X1+X2_to_X3,race_aware
break_even,0.2523364485981308,African-American vs Caucasian,race,True,0.5037878787878788,False,equalized_odds,Hurlin LR given Y,,,636,420,,,,,2.3292082388076535e-11,,,,48.965815249552996,2.0,2.3292082388076535e-11,,,,,,,,9.316832955230614e-11,True,COMPAS tool,X1+X2_to_X3,race_aware
break_even,0.2523364485981308,Hispanic vs Caucasian,race,False,0.3441682600382409,False,statistical_parity,z (pooled),0.2912621359223301,0.35714285714285715,103,420,-0.06588072122052707,-0.1648697197690702,0.03310827732801605,-1.261156940623699,0.20725230893608937,0.6233418618775698,False,0.14910288570634772,1.6238966826596943,1.0,0.20254930571743998,,,,,,,,0.41450461787217874,False,COMPAS tool,X1+X2_to_X3,race_aware
break_even,0.2523364485981308,Hispanic vs Caucasian,race,False,0.3441682600382409,False,conditional_statistical_parity,Hurlin LR over proxy strata,0.2912621359223301,0.35714285714285715,103,420,,,,,0.39592087417686433,,,,16.841556431031158,16.0,0.39592087417686433,16.0,2.601598547577153,0.10675598767386507,0.637061766879837,0.3709224221494144,1.0941578901277011,0.6534213849715809,0.7918417483537287,False,COMPAS tool,X1+X2_to_X3,race_aware
break_even,0.2523364485981308,Hispanic vs Caucasian,race,False,0.3441682600382409,False,fpr,z (pooled),0.203125,0.265625,64,256,-0.0625,-0.1749399422881932,0.049939942288193206,-1.028545518471772,0.30369329069626094,0.5861727535863986,False,0.15713827519879453,,,,,,,,,,,0.6073865813925219,False,COMPAS tool,X1+X2_to_X3,race_aware
break_even,0.2523364485981308,Hispanic vs Caucasian,race,False,0.3441682600382409,False,fnr,z (pooled),0.5641025641025641,0.5,39,164,0.0641025641025641,-0.10932140354060799,0.23752653174573618,0.7198522744518148,0.47161595538786316,0.5632357008654552,False,0.21031845310134686,,,,,,,,,,,1.0,False,COMPAS tool,X1+X2_to_X3,race_aware
break_even,0.2523364485981308,Hispanic vs Caucasian,race,False,0.3441682600382409,False,equalized_odds,Hurlin LR given Y,,,103,420,,,,,0.4455342943936039,,,,1.6169621109497831,2.0,0.4455342943936039,,,,,,,,0.8910685887872078,False,COMPAS tool,X1+X2_to_X3,race_aware
break_even,0.2523364485981308,Other vs Caucasian,race,False,0.33537832310838445,False,statistical_parity,z (pooled),0.2028985507246377,0.35714285714285715,69,420,-0.15424430641821946,-0.2596198673296006,-0.048868745506838354,-2.5150646760158875,0.011901054931103518,0.9734559750936749,False,0.24284680896757346,6.806004451107071,1.0,0.00908518311601236,,,,,,,,0.03570316479331055,True,COMPAS tool,X1+X2_to_X3,race_aware
break_even,0.2523364485981308,Other vs Caucasian,race,False,0.33537832310838445,False,conditional_statistical_parity,Hurlin LR over proxy strata,0.2028985507246377,0.35714285714285715,69,420,,,,,0.018046400890055162,,,,28.61030574240941,15.0,0.018046400890055162,15.0,11.360854871887323,0.0007500829196231962,0.26315253717275466,0.12135038972479605,0.5706554216884236,0.6164666453384471,0.05413920267016549,False,COMPAS tool,X1+X2_to_X3,race_aware
break_even,0.2523364485981308,Other vs Caucasian,race,False,0.33537832310838445,False,fpr,z (pooled),0.06976744186046512,0.265625,43,256,-0.19585755813953487,-0.28926556042707074,-0.10244955585199897,-2.7927595293567333,0.005226052621595412,0.9987942428154036,False,0.274493305065666,,,,,,,,,,,0.015678157864786237,True,COMPAS tool,X1+X2_to_X3,race_aware
break_even,0.2523364485981308,Other vs Caucasian,race,False,0.33537832310838445,False,fnr,z (pooled),0.5769230769230769,0.5,26,164,0.07692307692307687,-0.12781757710156497,0.2816637309477187,0.7289784749063989,0.466014829504519,0.601552257929663,False,0.24959773935546517,,,,,,,,,,,1.0,False,COMPAS tool,X1+X2_to_X3,race_aware
break_even,0.2523364485981308,Other vs Caucasian,race,False,0.33537832310838445,False,equalized_odds,Hurlin LR given Y,,,69,420,,,,,0.006158264029276388,,,,10.179920709165465,2.0,0.006158264029276388,,,,,,,,0.018474792087829164,True,COMPAS tool,X1+X2_to_X3,race_aware
break_even,0.2523364485981308,Female vs Male,sex,False,0.46639676113360323,False,statistical_parity,z (pooled),0.44871794871794873,0.47052947052947053,234,1001,-0.021811521811521795,-0.09264246182374737,0.04901941820070378,-0.6021302764191608,0.5470874224782923,0.21776917085376235,False,0.08129941555542268,0.36306677167869594,1.0,0.5468079426438925,,,,,,,,0.5470874224782923,False,COMPAS tool,X1+X2_to_X3,race_aware
break_even,0.2523364485981308,Female vs Male,sex,False,0.46639676113360323,False,conditional_statistical_parity,Hurlin LR over proxy strata,0.44871794871794873,0.47052947052947053,234,1001,,,,,0.4795151858947996,,,,17.64118065116316,18.0,0.4795151858947996,18.0,1.9127127030598912,0.16666223832890126,1.2690266670499226,0.9040477310390328,1.7813536015769327,0.1890113401429402,0.7918417483537287,False,COMPAS tool,X1+X2_to_X3,race_aware
break_even,0.2523364485981308,Female vs Male,sex,False,0.46639676113360323,False,fpr,z (pooled),0.31788079470198677,0.31477927063339733,151,521,0.003101524068589434,-0.08119916927322807,0.08740221741040693,0.07221381370664585,0.9424317521274836,0.13797010443764562,False,0.0739468522735206,,,,,,,,,,,0.9424317521274836,False,COMPAS tool,X1+X2_to_X3,race_aware
break_even,0.2523364485981308,Female vs Male,sex,False,0.46639676113360323,False,fnr,z (pooled),0.3132530120481928,0.36041666666666666,83,480,-0.04716365461847388,-0.15579795270257976,0.061470643465632,-0.8299350049502094,0.40657553213119,0.47960297058164325,False,0.1384832300003962,,,,,,,,,,,1.0,False,COMPAS tool,X1+X2_to_X3,race_aware
break_even,0.2523364485981308,Female vs Male,sex,False,0.46639676113360323,False,equalized_odds,Hurlin LR given Y,,,234,1001,,,,,0.7029961306909508,,,,0.7048077823648434,2.0,0.7029961306909508,,,,,,,,0.8910685887872078,False,COMPAS tool,X1+X2_to_X3,race_aware
0.5,0.5,African-American vs Caucasian,race,True,0.4024621212121212,False,statistical_parity,z (pooled),0.4889937106918239,0.2714285714285714,636,420,0.2175651392632525,0.15996297571980167,0.2751673028067033,7.056109739845567,1.7122861859241662e-12,0.9999999922965342,False,0.2659489246703244,50.980762894415165,1.0,9.327564221910062e-13,,,,,,,,6.849144743696665e-12,True,TabPFN,X1+X2_to_X3,race_blind
0.5,0.5,African-American vs Caucasian,race,True,0.4024621212121212,False,conditional_statistical_parity,Hurlin LR over proxy strata,0.4889937106918239,0.2714285714285714,636,420,,,,,0.2832161812433131,,,,6.243773640899624,5.0,0.2832161812433131,5.0,1.1714098523319807,0.27911174310804965,1.39168352611922,0.7628961502647901,2.538724354814737,0.286755677957931,0.8496485437299393,False,TabPFN,X1+X2_to_X3,race_blind
0.5,0.5,African-American vs Caucasian,race,True,0.4024621212121212,False,fpr,z (pooled),0.31683168316831684,0.19921875,303,256,0.11761293316831684,0.04593286970860773,0.18929299662802596,3.146987417633602,0.0016496206036655755,0.9674885691497805,False,0.17786895570147723,,,,,,,,,,,0.006598482414662302,True,TabPFN,X1+X2_to_X3,race_blind
0.5,0.5,African-American vs Caucasian,race,True,0.4024621212121212,False,fnr,z (pooled),0.35435435435435436,0.6158536585365854,333,164,-0.261499304182231,-0.35194686284237114,-0.17105174552209085,-5.521388639868512,3.363309438539814e-08,0.9999970964462958,False,0.33754761309705206,,,,,,,,,,,1.3453237754159257e-07,True,TabPFN,X1+X2_to_X3,race_blind
0.5,0.5,African-American vs Caucasian,race,True,0.4024621212121212,False,equalized_odds,Hurlin LR given Y,,,636,420,,,,,1.5373711358227238e-09,,,,40.58638386771903,2.0,1.5373711358227238e-09,,,,,,,,6.149484543290895e-09,True,TabPFN,X1+X2_to_X3,race_blind
0.5,0.5,Hispanic vs Caucasian,race,False,0.27151051625239003,False,statistical_parity,z (pooled),0.27184466019417475,0.2714285714285714,103,420,0.00041608876560333963,-0.09545486317149908,0.09628704070270576,0.008508900240437968,0.9932109617914678,0.155602462014937,False,0.08101684489517598,7.238733245544526e-05,1.0,0.9932116205776303,,,,,,,,1.0,False,TabPFN,X1+X2_to_X3,race_blind
0.5,0.5,Hispanic vs Caucasian,race,False,0.27151051625239003,False,conditional_statistical_parity,Hurlin LR over proxy strata,0.27184466019417475,0.2714285714285714,103,420,,,,,0.4346994991895221,,,,4.848090607550671,5.0,0.4346994991895221,5.0,1.336736232587425,0.24761036126116087,1.8903206656015648,0.6497686684143178,5.499360607092031,0.6354232058695193,0.8693989983790442,False,TabPFN,X1+X2_to_X3,race_blind
0.5,0.5,Hispanic vs Caucasian,race,False,0.27151051625239003,False,fpr,z (pooled),0.125,0.19921875,64,256,-0.07421875,-0.16887001404213525,0.020432514042135252,-1.3694694073115248,0.1708525913403457,0.6918178587973172,False,0.15388467824615815,,,,,,,,,,,0.3417051826806914,False,TabPFN,X1+X2_to_X3,race_blind
0.5,0.5,Hispanic vs Caucasian,race,False,0.27151051625239003,False,fnr,z (pooled),0.48717948717948717,0.6158536585365854,39,164,-0.1286741713570982,-0.3023118293979368,0.04496348668374045,-1.4691426185296734,0.1417941102228185,0.8122117621513266,False,0.27507022536934445,,,,,,,,,,,0.27294798880560556,False,TabPFN,X1+X2_to_X3,race_blind
0.5,0.5,Hispanic vs Caucasian,race,False,0.27151051625239003,False,equalized_odds,Hurlin LR given Y,,,103,420,,,,,0.12564411171917506,,,,4.148603757303802,2.0,0.12564411171917506,,,,,,,,0.2512882234383501,False,TabPFN,X1+X2_to_X3,race_blind
0.5,0.5,Other vs Caucasian,race,False,0.2719836400817996,False,statistical_parity,z (pooled),0.2753623188405797,0.2714285714285714,69,420,0.003933747412008304,-0.10972218430611362,0.11758967913013023,0.0680548797371083,0.9457419477927627,0.21367496585256746,False,0.09949860033149079,0.004621505284552241,1.0,0.945800238457993,,,,,,,,1.0,False,TabPFN,X1+X2_to_X3,race_blind
0.5,0.5,Other vs Caucasian,race,False,0.2719836400817996,False,conditional_statistical_parity,Hurlin LR over proxy strata,0.2753623188405797,0.2714285714285714,69,420,,,,,0.8142849821231468,,,,1.5693781988826618,4.0,0.8142849821231468,4.0,0.11665042643424599,0.7326961555615834,1.3240504097999473,0.30346823281911367,5.776912698260489,0.8050554777128639,0.8693989983790442,False,TabPFN,X1+X2_to_X3,race_blind
0.5,0.5,Other vs Caucasian,race,False,0.2719836400817996,False,fpr,z (pooled),0.11627906976744186,0.19921875,43,256,-0.08293968023255814,-0.19052176683697866,0.02464240637186238,-1.2898969354294847,0.19708644496042826,0.725553193248237,False,0.1735079134548972,,,,,,,,,,,0.3417051826806914,False,TabPFN,X1+X2_to_X3,race_blind
0.5,0.5,Other vs Caucasian,race,False,0.2719836400817996,False,fnr,z (pooled),0.46153846153846156,0.6158536585365854,26,164,-0.1543151969981238,-0.35988764503566517,0.05125725103941761,-1.4890507913975322,0.13647399440280278,0.8393855412035643,False,0.3276913798543622,,,,,,,,,,,0.27294798880560556,False,TabPFN,X1+X2_to_X3,race_blind
0.5,0.5,Other vs Caucasian,race,False,0.2719836400817996,False,equalized_odds,Hurlin LR given Y,,,69,420,,,,,0.13451765419069678,,,,4.012119661260829,2.0,0.13451765419069678,,,,,,,,0.2512882234383501,False,TabPFN,X1+X2_to_X3,race_blind
0.5,0.5,Female vs Male,sex,False,0.3821862348178138,False,statistical_parity,z (pooled),0.23504273504273504,0.4165834165834166,234,1001,-0.18154068154068154,-0.2438652215609197,-0.11921614152044338,-5.145163019198626,2.672885978328664e-07,0.9999811852698077,False,0.23388441174843388,27.968592664141745,1.0,1.23300521764709e-07,,,,,,,,8.018657934985993e-07,True,TabPFN,X1+X2_to_X3,race_blind
0.5,0.5,Female vs Male,sex,False,0.3821862348178138,False,conditional_statistical_parity,Hurlin LR over proxy strata,0.23504273504273504,0.4165834165834166,234,1001,,,,,3.711059469677747e-13,,,,67.3122540999292,5.0,3.711059469677747e-13,5.0,19.911302475221362,8.111933196275345e-06,0.34439850263814825,0.18745794136387534,0.6327303487728143,5.832516691839373e-10,1.4844237878710988e-12,True,TabPFN,X1+X2_to_X3,race_blind
0.5,0.5,Female vs Male,sex,False,0.3821862348178138,False,fpr,z (pooled),0.18543046357615894,0.2533589251439539,151,521,-0.06792846156779497,-0.14029842712426505,0.004441503988675113,-1.7256343569766486,0.08441321431038509,0.6862770252466827,False,0.1287473440559701,,,,,,,,,,,0.2532396429311553,False,TabPFN,X1+X2_to_X3,race_blind
0.5,0.5,Female vs Male,sex,False,0.3821862348178138,False,fnr,z (pooled),0.6746987951807228,0.40625,83,480,0.26844879518072284,0.1585008577549255,0.3783967326065202,4.543192761258717,5.540854071191716e-06,0.9999447902039815,False,0.3608726349524733,,,,,,,,,,,1.6622562213575148e-05,True,TabPFN,X1+X2_to_X3,race_blind
0.5,0.5,Female vs Male,sex,False,0.3821862348178138,False,equalized_odds,Hurlin LR given Y,,,234,1001,,,,,6.773801753507365e-06,,,,23.804896139583096,2.0,6.773801753507365e-06,,,,,,,,2.0321405260522095e-05,True,TabPFN,X1+X2_to_X3,race_blind
break_even,0.2523364485981308,African-American vs Caucasian,race,True,0.7878787878787878,False,statistical_parity,z (pooled),0.8616352201257862,0.6761904761904762,636,420,0.18544474393530996,0.13326482004148016,0.23762466782913977,7.214629253834342,5.408111697311044e-13,0.9999997853748378,False,0.22927403931120305,51.105543769977274,1.0,8.753073911993284e-13,,,,,,,,2.1632446789244177e-12,True,TabPFN,X1+X2_to_X3,race_blind
break_even,0.2523364485981308,African-American vs Caucasian,race,True,0.7878787878787878,False,conditional_statistical_parity,Hurlin LR over proxy strata,0.8616352201257862,0.6761904761904762,636,420,,,,,0.20888396819665112,,,,4.5384750544379475,3.0,0.20888396819665112,3.0,3.397141263355534,0.06530951472706448,2.0699248767677636,0.955515274250694,4.484061229499418,0.5880750074655381,0.6266519045899533,False,TabPFN,X1+X2_to_X3,race_blind
break_even,0.2523364485981308,African-American vs Caucasian,race,True,0.7878787878787878,False,fpr,z (pooled),0.7920792079207921,0.5859375,303,256,0.20614170792079212,0.13045449827738265,0.2818289175642016,5.2873421494121695,1.241063749843728e-07,0.9999699445780861,False,0.2697662359920989,,,,,,,,,,,4.964254999374912e-07,True,TabPFN,X1+X2_to_X3,race_blind
break_even,0.2523364485981308,African-American vs Caucasian,race,True,0.7878787878787878,False,fnr,z (pooled),0.07507507507507508,0.18292682926829268,333,164,-0.1078517541932176,-0.1734416052463359,-0.0422619031400993,-3.6037691978258457,0.000313635586726586,0.957759806076936,False,0.16299970211414733,,,,,,,,,,,0.0009409067601797579,True,TabPFN,X1+X2_to_X3,race_blind
break_even,0.2523364485981308,African-American vs Caucasian,race,True,0.7878787878787878,False,equalized_odds,Hurlin LR given Y,,,636,420,,,,,1.7952240380532936e-09,,,,40.276272021017235,2.0,1.7952240380532936e-09,,,,,,,,7.1808961522131746e-09,True,TabPFN,X1+X2_to_X3,race_blind
break_even,0.2523364485981308,Hispanic vs Caucasian,race,False,0.6883365200764818,False,statistical_parity,z (pooled),0.7378640776699029,0.6761904761904762,103,420,0.06167360147942669,-0.034328561165341276,0.15767576412419465,1.2110117571898815,0.22589089871697643,0.5941391280609459,False,0.14238466925227036,1.5027689399873552,1.0,0.22024580634803548,,,,,,,,0.45178179743395286,False,TabPFN,X1+X2_to_X3,race_blind
break_even,0.2523364485981308,Hispanic vs Caucasian,race,False,0.6883365200764818,False,conditional_statistical_parity,Hurlin LR over proxy strata,0.7378640776699029,0.6761904761904762,103,420,,,,,0.7544799782277579,,,,1.19384888452548,3.0,0.7544799782277579,3.0,0.05703132252929475,0.8112511193132091,1.164453961456103,0.34883877622237297,3.887047887951645,0.5846760282217074,1.0,False,TabPFN,X1+X2_to_X3,race_blind
break_even,0.2523364485981308,Hispanic vs Caucasian,race,False,0.6883365200764818,False,fpr,z (pooled),0.65625,0.5859375,64,256,0.0703125,-0.060763439853165596,0.2013884398531656,1.0269797953221866,0.3044299781228317,0.6192340968845269,False,0.1806362925538058,,,,,,,,,,,0.6088599562456634,False,TabPFN,X1+X2_to_X3,race_blind
break_even,0.2523364485981308,Hispanic vs Caucasian,race,False,0.6883365200764818,False,fnr,z (pooled),0.1282051282051282,0.18292682926829268,39,164,-0.054721701063164485,-0.17517947379381718,0.06573607166748821,-0.8131546928556938,0.41612937209576795,0.5305810557179024,False,0.1562811369703452,,,,,,,,,,,0.41612937209576795,False,TabPFN,X1+X2_to_X3,race_blind
break_even,0.2523364485981308,Hispanic vs Caucasian,race,False,0.6883365200764818,False,equalized_odds,Hurlin LR given Y,,,103,420,,,,,0.412601481764849,,,,1.770546174129679,2.0,0.412601481764849,,,,,,,,0.412601481764849,False,TabPFN,X1+X2_to_X3,race_blind
break_even,0.2523364485981308,Other vs Caucasian,race,False,0.6789366053169734,False,statistical_parity,z (pooled),0.6956521739130435,0.6761904761904762,69,420,0.01946169772256723,-0.09796836431154918,0.13689175975668363,0.3208968654744044,0.7482885494114193,0.30524666098479436,False,0.1181999372228881,0.10379298637066459,1.0,0.7473245246938289,,,,,,,,0.7482885494114193,False,TabPFN,X1+X2_to_X3,race_blind
break_even,0.2523364485981308,Other vs Caucasian,race,False,0.6789366053169734,False,conditional_statistical_parity,Hurlin LR over proxy strata,0.6956521739130435,0.6761904761904762,69,420,,,,,0.6951241453742623,,,,0.7273296458627201,2.0,0.6951241453742623,2.0,0.09545146222105236,0.7573578875671189,0.8202247191011235,0.22692021707868054,2.9647803024586667,0.41918830129447016,1.0,False,TabPFN,X1+X2_to_X3,race_blind
break_even,0.2523364485981308,Other vs Caucasian,race,False,0.6789366053169734,False,fpr,z (pooled),0.5348837209302325,0.5859375,43,256,-0.05105377906976749,-0.21188274314766928,0.1097751850081343,-0.6273492384943451,0.5304303341350979,0.5051187735401097,False,0.18644802161754206,,,,,,,,,,,0.6088599562456634,False,TabPFN,X1+X2_to_X3,race_blind
break_even,0.2523364485981308,Other vs Caucasian,race,False,0.6789366053169734,False,fnr,z (pooled),0.038461538461538464,0.18292682926829268,26,164,-0.14446529080675422,-0.23914927678314568,-0.04978130483036275,-1.8521216380099566,0.0640083580021968,0.973993187913848,False,0.22432009733803848,,,,,,,,,,,0.1280167160043936,False,TabPFN,X1+X2_to_X3,race_blind
break_even,0.2523364485981308,Other vs Caucasian,race,False,0.6789366053169734,False,equalized_odds,Hurlin LR given Y,,,69,420,,,,,0.0862564522053599,,,,4.900860835381149,2.0,0.0862564522053599,,,,,,,,0.1725129044107198,False,TabPFN,X1+X2_to_X3,race_blind
break_even,0.2523364485981308,Female vs Male,sex,False,0.7773279352226721,False,statistical_parity,z (pooled),0.6410256410256411,0.8091908091908092,234,1001,-0.16816516816516813,-0.23427235705938346,-0.10205797927095281,-5.566632216569845,2.597097394523583e-08,0.9997620914358198,False,0.22368578426836108,28.4792162914992,1.0,9.470972324330855e-08,,,,,,,,7.791292183570749e-08,True,TabPFN,X1+X2_to_X3,race_blind
break_even,0.2523364485981308,Female vs Male,sex,False,0.7773279352226721,False,conditional_statistical_parity,Hurlin LR over proxy strata,0.6410256410256411,0.8091908091908092,234,1001,,,,,4.2850952894986896e-21,,,,97.95129038961835,3.0,4.2850952894986896e-21,3.0,63.139180425216395,1.887379141862766e-15,0.060376421096098996,0.021960388443315014,0.1659948881953016,8.018251988373137e-06,1.7140381157994758e-20,True,TabPFN,X1+X2_to_X3,race_blind
break_even,0.2523364485981308,Female vs Male,sex,False,0.7773279352226721,False,fpr,z (pooled),0.5761589403973509,0.7120921305182342,151,521,-0.13593319012088323,-0.2238201235850066,-0.04804625665675985,-3.1570237954791085,0.001593883390047516,0.9721299161242806,False,0.20979235306921645,,,,,,,,,,,0.004781650170142548,True,TabPFN,X1+X2_to_X3,race_blind
break_even,0.2523364485981308,Female vs Male,sex,False,0.7773279352226721,False,fnr,z (pooled),0.24096385542168675,0.08541666666666667,83,480,0.15554718875502008,0.060204073302776454,0.2508903042072637,4.209778566373818,2.5562109538977617e-05,0.9847767762096776,False,0.23569400216700226,,,,,,,,,,,0.00010224843815591047,True,TabPFN,X1+X2_to_X3,race_blind
break_even,0.2523364485981308,Female vs Male,sex,False,0.7773279352226721,False,equalized_odds,Hurlin LR given Y,,,234,1001,,,,,5.780606146209646e-06,,,,24.12200402238395,2.0,5.780606146209646e-06,,,,,,,,1.7341818438628937e-05,True,TabPFN,X1+X2_to_X3,race_blind
0.5,0.5,African-American vs Caucasian,race,True,0.4668560606060606,False,statistical_parity,z (pooled),0.5220125786163522,0.38333333333333336,636,420,0.13867924528301884,0.07810555800703786,0.1992529325589998,4.420984319533043,9.82523042780309e-06,0.9979024633225305,False,0.18955900580217674,19.668362898070647,1.0,9.211383738338428e-06,,,,,,,,2.947569128340927e-05,True,TabPFN,X1+X2_to_X3,race_priors_blind
0.5,0.5,African-American vs Caucasian,race,True,0.4668560606060606,False,conditional_statistical_parity,Hurlin LR over proxy strata,0.5220125786163522,0.38333333333333336,636,420,,,,,0.4253742879784626,,,,9.12986155665361,9.0,0.4253742879784626,9.0,0.06257421923655791,0.8024725919726525,1.0574387201719972,0.6842404079566148,1.6341868061523357,0.35565031080939224,0.8507485759569252,False,TabPFN,X1+X2_to_X3,race_priors_blind
0.5,0.5,African-American vs Caucasian,race,True,0.4668560606060606,False,fpr,z (pooled),0.43564356435643564,0.31640625,303,256,0.11923731435643564,0.03947113355881293,0.19900349515405835,2.89222140107277,0.0038252827596301922,0.9552734287127073,False,0.18629072580085132,,,,,,,,,,,0.011475848278890578,True,TabPFN,X1+X2_to_X3,race_priors_blind
0.5,0.5,African-American vs Caucasian,race,True,0.4668560606060606,False,fnr,z (pooled),0.3993993993993994,0.5121951219512195,333,164,-0.11279572255182013,-0.20563767369116603,-0.019953771412474244,-2.3839985293480463,0.01712567080958965,0.9072189801560959,False,0.19085723670533838,,,,,,,,,,,0.05137701242876895,False,TabPFN,X1+X2_to_X3,race_priors_blind
0.5,0.5,African-American vs Caucasian,race,True,0.4668560606060606,False,equalized_odds,Hurlin LR given Y,,,636,420,,,,,0.0008745287767756305,,,,14.083650714999415,2.0,0.0008745287767756305,,,,,,,,0.0026235863303268915,True,TabPFN,X1+X2_to_X3,race_priors_blind
0.5,0.5,Hispanic vs Caucasian,race,False,0.39579349904397704,False,statistical_parity,z (pooled),0.44660194174757284,0.38333333333333336,103,420,0.06326860841423948,-0.04340695976813068,0.16994417659660965,1.1766672616087568,0.2393283397603686,0.5962536800015816,False,0.1529530360987768,1.3714174602784848,1.0,0.24156849367016503,,,,,,,,0.4786566795207372,False,TabPFN,X1+X2_to_X3,race_priors_blind
0.5,0.5,Hispanic vs Caucasian,race,False,0.39579349904397704,False,conditional_statistical_parity,Hurlin LR over proxy strata,0.44660194174757284,0.38333333333333336,103,420,,,,,0.7726846825097033,,,,4.061349268670416,7.0,0.7726846825097033,7.0,0.1688587813975307,0.6811280425663281,1.1801329708839614,0.5394282958199683,2.5818330995232337,0.7975834258813663,0.8507485759569252,False,TabPFN,X1+X2_to_X3,race_priors_blind
0.5,0.5,Hispanic vs Caucasian,race,False,0.39579349904397704,False,fpr,z (pooled),0.375,0.31640625,64,256,0.05859375,-0.0729869284330047,0.1901744284330047,0.8929401954728154,0.3718892000800057,0.5508884058894856,False,0.16934237013420272,,,,,,,,,,,0.7437784001600114,False,TabPFN,X1+X2_to_X3,race_priors_blind
0.5,0.5,Hispanic vs Caucasian,race,False,0.39579349904397704,False,fnr,z (pooled),0.4358974358974359,0.5121951219512195,39,164,-0.07629768605378362,-0.24971160989612926,0.09711623778856202,-0.8565502390974199,0.39169349649992413,0.61669820083679,False,0.2225051070000433,,,,,,,,,,,0.45345134421423694,False,TabPFN,X1+X2_to_X3,race_priors_blind
0.5,0.5,Hispanic vs Caucasian,race,False,0.39579349904397704,False,equalized_odds,Hurlin LR given Y,,,103,420,,,,,0.4677231569354252,,,,1.5197574062120882,2.0,0.4677231569354252,,,,,,,,0.9354463138708504,False,TabPFN,X1+X2_to_X3,race_priors_blind
0.5,0.5,Other vs Caucasian,race,False,0.39059304703476483,False,statistical_parity,z (pooled),0.43478260869565216,0.38333333333333336,69,420,0.0514492753623188,-0.07442218368339026,0.17732073440802787,0.8118168603406328,0.4168967260016392,0.5089975013375245,False,0.15728526023899636,0.6524849111409932,1.0,0.4192256575629446,,,,,,,,0.4786566795207372,False,TabPFN,X1+X2_to_X3,race_priors_blind
0.5,0.5,Other vs Caucasian,race,False,0.39059304703476483,False,conditional_statistical_parity,Hurlin LR over proxy strata,0.43478260869565216,0.38333333333333336,69,420,,,,,0.11695679751945194,,,,12.85444494763226,8.0,0.11695679751945194,8.0,0.4346751715796369,0.5097037843518202,1.3630025935079058,0.5338710240388659,3.479821878802756,0.1566226220889948,0.35087039255835584,False,TabPFN,X1+X2_to_X3,race_priors_blind
0.5,0.5,Other vs Caucasian,race,False,0.39059304703476483,False,fpr,z (pooled),0.32558139534883723,0.31640625,43,256,0.009175145348837233,-0.1420264468097429,0.16037673750741738,0.119571002691717,0.9048229913852955,0.29853246882618406,False,0.1364645621507288,,,,,,,,,,,0.9048229913852955,False,TabPFN,X1+X2_to_X3,race_priors_blind
0.5,0.5,Other vs Caucasian,race,False,0.39059304703476483,False,fnr,z (pooled),0.38461538461538464,0.5121951219512195,26,164,-0.1275797373358349,-0.3296253710688877,0.07446589639721793,-1.2088364835464729,0.22672567210711847,0.7736752034455431,False,0.2979814671095116,,,,,,,,,,,0.45345134421423694,False,TabPFN,X1+X2_to_X3,race_priors_blind
0.5,0.5,Other vs Caucasian,race,False,0.39059304703476483,False,equalized_odds,Hurlin LR given Y,,,69,420,,,,,0.4752240546049742,,,,1.4879377845097723,2.0,0.4752240546049742,,,,,,,,0.9354463138708504,False,TabPFN,X1+X2_to_X3,race_priors_blind
0.5,0.5,Female vs Male,sex,False,0.4631578947368421,False,statistical_parity,z (pooled),0.0,0.5714285714285714,234,1001,-0.5714285714285714,-0.6020851465777337,-0.5407719962794091,-15.782130092357649,4.130114425102632e-56,1.0,False,0.5971757249283062,338.18016644804493,1.0,1.5892823249940175e-75,,,,,,,,1.6520457700410528e-55,True,TabPFN,X1+X2_to_X3,race_priors_blind
0.5,0.5,Female vs Male,sex,False,0.4631578947368421,False,conditional_statistical_parity,Hurlin LR over proxy strata,0.0,0.5714285714285714,234,1001,,,,,5.266087994839889e-138,,,,667.9822433904321,9.0,5.266087994839889e-138,9.0,660.3175080414806,0.0,0.0,,,,2.1064351979359557e-137,True,TabPFN,X1+X2_to_X3,race_priors_blind
0.5,0.5,Female vs Male,sex,False,0.4631578947368421,False,fpr,z (pooled),0.0,0.4856046065259117,151,521,-0.4856046065259117,-0.5285205993175568,-0.44268861373426666,-10.844449173840188,2.119084639028582e-27,1.0,False,0.5216707107777062,,,,,,,,,,,8.476338556114328e-27,True,TabPFN,X1+X2_to_X3,race_priors_blind
0.5,0.5,Female vs Male,sex,False,0.4631578947368421,False,fnr,z (pooled),1.0,0.33541666666666664,83,480,0.6645833333333333,0.6223461922317693,0.7068204744348973,11.281661200368086,1.6166398559356708e-29,1.0,False,0.7000884901646958,,,,,,,,,,,6.466559423742683e-29,True,TabPFN,X1+X2_to_X3,race_priors_blind
0.5,0.5,Female vs Male,sex,False,0.4631578947368421,False,equalized_odds,Hurlin LR given Y,,,234,1001,,,,,1.3538557522907643e-71,,,,326.36116993651916,2.0,1.3538557522907643e-71,,,,,,,,5.415423009163057e-71,True,TabPFN,X1+X2_to_X3,race_priors_blind
break_even,0.2523364485981308,African-American vs Caucasian,race,True,0.9791666666666666,False,statistical_parity,z (pooled),0.9937106918238994,0.9571428571428572,636,420,0.03656783468104219,0.016247034916298267,0.05688863444578611,4.0720471424411535,4.660174416390721e-05,0.09770755212121601,False,0.0536365896484801,16.73217628394323,1.0,4.3044737979545464e-05,,,,,,,,0.00013980523249172163,True,TabPFN,X1+X2_to_X3,race_priors_blind
break_even,0.2523364485981308,African-American vs Caucasian,race,True,0.9791666666666666,False,conditional_statistical_parity,Hurlin LR over proxy strata,0.9937106918238994,0.9571428571428572,636,420,,,,,0.01652345487032417,,,,10.254331769403924,3.0,0.01652345487032417,3.0,3.501590565196088,0.06130991898411686,2.8309090909090906,0.9030922547160652,8.874006214914745,0.08053849440209637,0.049570364610972514,True,TabPFN,X1+X2_to_X3,race_priors_blind
break_even,0.2523364485981308,African-American vs Caucasian,race,True,0.9791666666666666,False,fpr,z (pooled),0.9900990099009901,0.94921875,303,256,0.04088025990099009,0.011766772668987163,0.06999374713299301,2.888024963991427,0.003876691035450343,0.2697479644970709,False,0.0653537725905611,,,,,,,,,,,0.01163007310635103,True,TabPFN,X1+X2_to_X3,race_priors_blind
break_even,0.2523364485981308,African-American vs Caucasian,race,True,0.9791666666666666,False,fnr,z (pooled),0.003003003003003003,0.03048780487804878,333,164,-0.027484801875045775,-0.054445848315885115,-0.0005237554342064354,-2.6381438619054642,0.00833612093318818,0.05115726490248202,False,0.05015365019746451,,,,,,,,,,,0.02500836279956454,True,TabPFN,X1+X2_to_X3,race_priors_blind
break_even,0.2523364485981308,African-American vs Caucasian,race,True,0.9791666666666666,False,equalized_odds,Hurlin LR given Y,,,636,420,,,,,0.00046614935280792584,,,,15.342008951199652,2.0,0.00046614935280792584,,,,,,,,0.0013984480584237776,True,TabPFN,X1+X2_to_X3,race_priors_blind
break_even,0.2523364485981308,Hispanic vs Caucasian,race,False,0.9617590822179732,False,statistical_parity,z (pooled),0.9805825242718447,0.9571428571428572,103,420,0.023439667128987485,-0.009504421403721632,0.0563837556616966,1.1115949152386324,0.26631235976733847,0.057337289751029405,False,0.051136465711711473,1.4388759592083704,1.0,0.2303213212960127,,,,,,,,0.26631235976733847,False,TabPFN,X1+X2_to_X3,race_priors_blind
break_even,0.2523364485981308,Hispanic vs Caucasian,race,False,0.9617590822179732,False,conditional_statistical_parity,Hurlin LR over proxy strata,0.9805825242718447,0.9571428571428572,103,420,,,,,0.03166070529404395,,,,8.828461284855608,3.0,0.03166070529404395,3.0,2.5789887653839676,0.10829082359567543,3.0349650349650346,0.6903772583717545,13.341999105220191,0.08383648517689768,0.0633214105880879,False,TabPFN,X1+X2_to_X3,race_priors_blind
break_even,0.2523364485981308,Hispanic vs Caucasian,race,False,0.9617590822179732,False,fpr,z (pooled),0.96875,0.94921875,64,256,0.01953125,-0.03087121727686007,0.06993371727686007,0.6611796049072862,0.5084971390779454,0.11848744871699912,False,0.06195392002076356,,,,,,,,,,,0.5084971390779454,False,TabPFN,X1+X2_to_X3,race_priors_blind
break_even,0.2523364485981308,Hispanic vs Caucasian,race,False,0.9617590822179732,False,fnr,z (pooled),0.0,0.03048780487804878,39,164,-0.03048780487804878,-0.05680053329704593,-0.004175076459051626,-1.1041060903212176,0.2695471196769027,0.07383463721868676,False,0.052672391184384965,,,,,,,,,,,0.5390942393538054,False,TabPFN,X1+X2_to_X3,race_priors_blind
break_even,0.2523364485981308,Hispanic vs Caucasian,race,False,0.9617590822179732,False,equalized_odds,Hurlin LR given Y,,,103,420,,,,,0.26674959131047443,,,,2.6428898418167712,2.0,0.26674959131047443,,,,,,,,0.26674959131047443,False,TabPFN,X1+X2_to_X3,race_priors_blind
break_even,0.2523364485981308,Other vs Caucasian,race,False,0.9631901840490797,False,statistical_parity,z (pooled),1.0,0.9571428571428572,69,420,0.042857142857142816,0.023487418766423504,0.06222686694786213,1.7521856882414737,0.07974188375778474,0.2350858629219249,False,0.059143708862438284,5.587711919624493,1.0,0.018086907216483906,,,,,,,,0.15948376751556947,False,TabPFN,X1+X2_to_X3,race_priors_blind
break_even,0.2523364485981308,Other vs Caucasian,race,False,0.9631901840490797,False,conditional_statistical_parity,Hurlin LR over proxy strata,1.0,0.9571428571428572,69,420,,,,,0.43535397873299875,,,,0.6084977933747543,1.0,0.43535397873299875,1.0,0.34782608695652173,0.5553463166714221,inf,,,,0.43535397873299875,False,TabPFN,X1+X2_to_X3,race_priors_blind
break_even,0.2523364485981308,Other vs Caucasian,race,False,0.9631901840490797,False,fpr,z (pooled),1.0,0.94921875,43,256,0.05078125,0.023886782118293388,0.07767571788170662,1.5109096635350632,0.13081146843690972,0.5226821540666582,False,0.07342242118733247,,,,,,,,,,,0.26162293687381943,False,TabPFN,X1+X2_to_X3,race_priors_blind
break_even,0.2523364485981308,Other vs Caucasian,race,False,0.9631901840490797,False,fnr,z (pooled),0.0,0.03048780487804878,26,164,-0.03048780487804878,-0.05680053329704593,-0.004175076459051626,-0.9022786652229708,0.36690885591978584,0.07388849232118685,False,0.05267949669944249,,,,,,,,,,,0.5390942393538054,False,TabPFN,X1+X2_to_X3,race_priors_blind
break_even,0.2523364485981308,Other vs Caucasian,race,False,0.9631901840490797,False,equalized_odds,Hurlin LR given Y,,,69,420,,,,,0.05997091674611719,,,,5.627791110346468,2.0,0.05997091674611719,,,,,,,,0.11994183349223438,False,TabPFN,X1+X2_to_X3,race_priors_blind
break_even,0.2523364485981308,Female vs Male,sex,False,0.9805668016194332,False,statistical_parity,z (pooled),0.8974358974358975,1.0,234,1001,-0.10256410256410253,-0.14143634307421454,-0.06369186205399054,-10.23236769997988,1.4200435118101784e-24,0.9959277186717359,False,0.1352112439496859,81.92909321167497,1.0,1.4105755848576065e-19,,,,,,,,5.6801740472407134e-24,True,TabPFN,X1+X2_to_X3,race_priors_blind
break_even,0.2523364485981308,Female vs Male,sex,False,0.9805668016194332,False,conditional_statistical_parity,Hurlin LR over proxy strata,0.8974358974358975,1.0,234,1001,,,,,2.9428198690254078e-24,,,,112.65562348887036,3.0,2.9428198690254078e-24,3.0,101.70018005303977,0.0,0.0,,,,1.1771279476101631e-23,True,TabPFN,X1+X2_to_X3,race_priors_blind
break_even,0.2523364485981308,Female vs Male,sex,False,0.9805668016194332,False,fpr,z (pooled),0.8807947019867549,1.0,151,521,-0.11920529801324509,-0.17088794436487073,-0.06752265166161944,-7.988447823001373,1.3664827840825472e-15,0.9955619909213095,False,0.16263879657812613,,,,,,,,,,,5.465931136330189e-15,True,TabPFN,X1+X2_to_X3,race_priors_blind
break_even,0.2523364485981308,Female vs Male,sex,False,0.9805668016194332,False,fnr,z (pooled),0.07228915662650602,0.0,83,480,0.07228915662650602,0.016576747304410985,0.12800156594860107,5.92220992140824,3.1764378416092796e-09,0.7833535158982585,False,0.1191218204585001,,,,,,,,,,,1.2705751366437118e-08,True,TabPFN,X1+X2_to_X3,race_priors_blind
break_even,0.2523364485981308,Female vs Male,sex,False,0.9805668016194332,False,equalized_odds,Hurlin LR given Y,,,234,1001,,,,,7.546749661387632e-18,,,,78.85082942350544,2.0,7.546749661387632e-18,,,,,,,,3.018699864555053e-17,True,TabPFN,X1+X2_to_X3,race_priors_blind
0.5,0.5,African-American vs Caucasian,race,True,0.17803030303030304,False,statistical_parity,z (pooled),0.20911949685534592,0.13095238095238096,636,420,0.07816711590296496,0.03300253570295213,0.1233316961029778,3.249903482069087,0.0011544418252593584,0.8890740748949084,False,0.11610377004876857,10.898969532251556,1.0,0.0009621777173526427,,,,,,,,0.0034633254757780755,True,TabPFN,X1+X2_to_X3,race_proxy_blind
0.5,0.5,African-American vs Caucasian,race,True,0.17803030303030304,False,conditional_statistical_parity,Hurlin LR over proxy strata,0.20911949685534592,0.13095238095238096,636,420,,,,,0.24636278727745212,,,,7.8888142358506474,6.0,0.24636278727745212,6.0,0.28323492382887655,0.5945887296842962,1.207622157436018,0.6003027403942728,2.429359683036916,0.19984027020123607,0.49274152728385556,False,TabPFN,X1+X2_to_X3,race_proxy_blind
0.5,0.5,African-American vs Caucasian,race,True,0.17803030303030304,False,fpr,z (pooled),0.1551155115511551,0.1015625,303,256,0.053553011551155105,-0.0014992858162310649,0.10860530891854128,1.8721969549425508,0.06117936022090804,0.5503066508689506,False,0.09983132536062966,,,,,,,,,,,0.18353808066272412,False,TabPFN,X1+X2_to_X3,race_proxy_blind
0.5,0.5,African-American vs Caucasian,race,True,0.17803030303030304,False,fnr,z (pooled),0.7417417417417418,0.823170731707317,333,164,-0.08142898996557524,-0.1563914801193101,-0.006466499811840401,-2.024047412242339,0.04296527365980392,0.7941897932936344,False,0.14445745300741705,,,,,,,,,,,0.12889582097941177,False,TabPFN,X1+X2_to_X3,race_proxy_blind
0.5,0.5,African-American vs Caucasian,race,True,0.17803030303030304,False,equalized_odds,Hurlin LR given Y,,,636,420,,,,,0.02025068814079113,,,,7.799133007491365,2.0,0.02025068814079113,,,,,,,,0.060752064422373395,False,TabPFN,X1+X2_to_X3,race_proxy_blind
0.5,0.5,Hispanic vs Caucasian,race,False,0.14149139579349904,False,statistical_parity,z (pooled),0.18446601941747573,0.13095238095238096,103,420,0.05351363846509477,-0.028043655230650277,0.13507093216083982,1.396431226753909,0.1625846771199414,0.5336300262110567,False,0.12208059651586467,1.8435172816072107,1.0,0.1745392592486401,,,,,,,,0.3251693542398828,False,TabPFN,X1+X2_to_X3,race_proxy_blind
0.5,0.5,Hispanic vs Caucasian,race,False,0.14149139579349904,False,conditional_statistical_parity,Hurlin LR over proxy strata,0.18446601941747573,0.13095238095238096,103,420,,,,,0.5076313648131672,,,,3.3082172291342853,4.0,0.5076313648131672,4.0,0.05488312002852339,0.8147742360144283,1.16798092792958,0.32566351427503215,4.188923192836254,0.4795449752109143,0.5076313648131672,False,TabPFN,X1+X2_to_X3,race_proxy_blind
0.5,0.5,Hispanic vs Caucasian,race,False,0.14149139579349904,False,fpr,z (pooled),0.140625,0.1015625,64,256,0.0390625,-0.05379741908327265,0.13192241908327265,0.8955473256792901,0.37049457904676797,0.4087882472886667,False,0.11722069181599977,,,,,,,,,,,0.7409891580935359,False,TabPFN,X1+X2_to_X3,race_proxy_blind
0.5,0.5,Hispanic vs Caucasian,race,False,0.14149139579349904,False,fnr,z (pooled),0.7435897435897436,0.823170731707317,39,164,-0.07958098811757341,-0.22854323545571517,0.06938125922056834,-1.1338545475338448,0.25685556561430256,0.6512337697741628,False,0.20517289861184637,,,,,,,,,,,0.25685556561430256,False,TabPFN,X1+X2_to_X3,race_proxy_blind
0.5,0.5,Hispanic vs Caucasian,race,False,0.14149139579349904,False,equalized_odds,Hurlin LR given Y,,,103,420,,,,,0.37262020038841337,,,,1.9743912152156935,2.0,0.37262020038841337,,,,,,,,0.6316284137760455,False,TabPFN,X1+X2_to_X3,race_proxy_blind
0.5,0.5,Other vs Caucasian,race,False,0.1390593047034765,False,statistical_parity,z (pooled),0.18840579710144928,0.13095238095238096,69,420,0.05745341614906832,-0.0402903392529963,0.15519717155113294,1.2782740502538446,0.20115281426183385,0.5593722981035902,False,0.13963889883872205,1.5197568815869547,1.0,0.21765628801579137,,,,,,,,0.3251693542398828,False,TabPFN,X1+X2_to_X3,race_proxy_blind
0.5,0.5,Other vs Caucasian,race,False,0.1390593047034765,False,conditional_statistical_parity,Hurlin LR over proxy strata,0.18840579710144928,0.13095238095238096,69,420,,,,,0.1642471757612852,,,,7.85782537525735,5.0,0.1642471757612852,5.0,0.6119945581548978,0.4340378106327871,1.8109099804305284,0.38534282901589634,8.51033082825998,0.1269624764075863,0.49274152728385556,False,TabPFN,X1+X2_to_X3,race_proxy_blind
0.5,0.5,Other vs Caucasian,race,False,0.1390593047034765,False,fpr,z (pooled),0.11627906976744186,0.1015625,43,256,0.014716569767441859,-0.08799306965336065,0.11742620918824437,0.29291941244186104,0.7695837503588311,0.2506404757315656,False,0.10118292184192713,,,,,,,,,,,0.7695837503588311,False,TabPFN,X1+X2_to_X3,race_proxy_blind
0.5,0.5,Other vs Caucasian,race,False,0.1390593047034765,False,fnr,z (pooled),0.6923076923076923,0.823170731707317,26,164,-0.13086303939962474,-0.3176318275392602,0.05590574874001075,-1.565509920191733,0.11746339317976595,0.8014034701893227,False,0.2883805466018645,,,,,,,,,,,0.2349267863595319,False,TabPFN,X1+X2_to_X3,race_proxy_blind
0.5,0.5,Other vs Caucasian,race,False,0.1390593047034765,False,equalized_odds,Hurlin LR given Y,,,69,420,,,,,0.31581420688802275,,,,2.3052023823866126,2.0,0.31581420688802275,,,,,,,,0.6316284137760455,False,TabPFN,X1+X2_to_X3,race_proxy_blind
0.5,0.5,Female vs Male,sex,False,0.17894736842105263,False,statistical_parity,z (pooled),0.0,0.22077922077922077,234,1001,-0.22077922077922077,-0.2464737350970428,-0.19508470646139875,-7.932343784914892,2.150481386125743e-15,1.0,False,0.2423589504464525,103.54948424224565,1.0,2.5397089511680333e-24,,,,,,,,8.601925544502972e-15,True,TabPFN,X1+X2_to_X3,race_proxy_blind
0.5,0.5,Female vs Male,sex,False,0.17894736842105263,False,conditional_statistical_parity,Hurlin LR over proxy strata,0.0,0.22077922077922077,234,1001,,,,,3.8454210965915154e-51,,,,250.13095040168275,6.0,3.8454210965915154e-51,6.0,243.05841300616956,0.0,0.0,,,,1.5381684386366062e-50,True,TabPFN,X1+X2_to_X3,race_proxy_blind
0.5,0.5,Female vs Male,sex,False,0.17894736842105263,False,fpr,z (pooled),0.0,0.1689059500959693,151,521,-0.1689059500959693,-0.20107785603771122,-0.13673404415422735,-5.417378265748963,6.047930013577039e-08,0.9999999999993991,False,0.19594284795609954,,,,,,,,,,,2.4191720054308157e-07,True,TabPFN,X1+X2_to_X3,race_proxy_blind
0.5,0.5,Female vs Male,sex,False,0.17894736842105263,False,fnr,z (pooled),1.0,0.7229166666666667,83,480,0.27708333333333335,0.23704492606861183,0.31712174059805487,5.4873696590619625,4.079628295515545e-08,1.0,False,0.31074020243329387,,,,,,,,,,,1.631851318206218e-07,True,TabPFN,X1+X2_to_X3,race_proxy_blind
0.5,0.5,Female vs Male,sex,False,0.17894736842105263,False,equalized_odds,Hurlin LR given Y,,,234,1001,,,,,6.65000122460155e-22,,,,97.5245100141013,2.0,6.65000122460155e-22,,,,,,,,2.66000048984062e-21,True,TabPFN,X1+X2_to_X3,race_proxy_blind
break_even,0.2523364485981308,African-American vs Caucasian,race,True,1.0,True,statistical_parity,z (pooled),1.0,1.0,636,420,0.0,,,,1.0,,False,,0.0,1.0,1.0,,,,,,,,1.0,False,TabPFN,X1+X2_to_X3,race_proxy_blind
break_even,0.2523364485981308,African-American vs Caucasian,race,True,1.0,True,conditional_statistical_parity,Hurlin LR over proxy strata,1.0,1.0,636,420,,,,,1.0,,,,0.0,1.0,1.0,0.0,,,,,,,1.0,False,TabPFN,X1+X2_to_X3,race_proxy_blind
break_even,0.2523364485981308,African-American vs Caucasian,race,True,1.0,True,fpr,z (pooled),1.0,1.0,303,256,0.0,,,,1.0,,False,,,,,,,,,,,,1.0,False,TabPFN,X1+X2_to_X3,race_proxy_blind
break_even,0.2523364485981308,African-American vs Caucasian,race,True,1.0,True,fnr,z (pooled),0.0,0.0,333,164,0.0,,,,1.0,,False,,,,,,,,,,,,1.0,False,TabPFN,X1+X2_to_X3,race_proxy_blind
break_even,0.2523364485981308,African-American vs Caucasian,race,True,1.0,True,equalized_odds,Hurlin LR given Y,,,636,420,,,,,1.0,,,,0.0,1.0,1.0,,,,,,,,1.0,False,TabPFN,X1+X2_to_X3,race_proxy_blind
break_even,0.2523364485981308,Hispanic vs Caucasian,race,False,1.0,True,statistical_parity,z (pooled),1.0,1.0,103,420,0.0,,,,1.0,,False,,0.0,1.0,1.0,,,,,,,,1.0,False,TabPFN,X1+X2_to_X3,race_proxy_blind
break_even,0.2523364485981308,Hispanic vs Caucasian,race,False,1.0,True,conditional_statistical_parity,Hurlin LR over proxy strata,1.0,1.0,103,420,,,,,1.0,,,,0.0,1.0,1.0,0.0,,,,,,,1.0,False,TabPFN,X1+X2_to_X3,race_proxy_blind
break_even,0.2523364485981308,Hispanic vs Caucasian,race,False,1.0,True,fpr,z (pooled),1.0,1.0,64,256,0.0,,,,1.0,,False,,,,,,,,,,,,1.0,False,TabPFN,X1+X2_to_X3,race_proxy_blind
break_even,0.2523364485981308,Hispanic vs Caucasian,race,False,1.0,True,fnr,z (pooled),0.0,0.0,39,164,0.0,,,,1.0,,False,,,,,,,,,,,,1.0,False,TabPFN,X1+X2_to_X3,race_proxy_blind
break_even,0.2523364485981308,Hispanic vs Caucasian,race,False,1.0,True,equalized_odds,Hurlin LR given Y,,,103,420,,,,,1.0,,,,0.0,1.0,1.0,,,,,,,,1.0,False,TabPFN,X1+X2_to_X3,race_proxy_blind
break_even,0.2523364485981308,Other vs Caucasian,race,False,1.0,True,statistical_parity,z (pooled),1.0,1.0,69,420,0.0,,,,1.0,,False,,0.0,1.0,1.0,,,,,,,,1.0,False,TabPFN,X1+X2_to_X3,race_proxy_blind
break_even,0.2523364485981308,Other vs Caucasian,race,False,1.0,True,conditional_statistical_parity,Hurlin LR over proxy strata,1.0,1.0,69,420,,,,,1.0,,,,0.0,1.0,1.0,0.0,,,,,,,1.0,False,TabPFN,X1+X2_to_X3,race_proxy_blind
break_even,0.2523364485981308,Other vs Caucasian,race,False,1.0,True,fpr,z (pooled),1.0,1.0,43,256,0.0,,,,1.0,,False,,,,,,,,,,,,1.0,False,TabPFN,X1+X2_to_X3,race_proxy_blind
break_even,0.2523364485981308,Other vs Caucasian,race,False,1.0,True,fnr,z (pooled),0.0,0.0,26,164,0.0,,,,1.0,,False,,,,,,,,,,,,1.0,False,TabPFN,X1+X2_to_X3,race_proxy_blind
break_even,0.2523364485981308,Other vs Caucasian,race,False,1.0,True,equalized_odds,Hurlin LR given Y,,,69,420,,,,,1.0,,,,0.0,1.0,1.0,,,,,,,,1.0,False,TabPFN,X1+X2_to_X3,race_proxy_blind
break_even,0.2523364485981308,Female vs Male,sex,False,1.0,True,statistical_parity,z (pooled),1.0,1.0,234,1001,0.0,,,,1.0,,False,,0.0,1.0,1.0,,,,,,,,1.0,False,TabPFN,X1+X2_to_X3,race_proxy_blind
break_even,0.2523364485981308,Female vs Male,sex,False,1.0,True,conditional_statistical_parity,Hurlin LR over proxy strata,1.0,1.0,234,1001,,,,,1.0,,,,0.0,1.0,1.0,0.0,,,,,,,1.0,False,TabPFN,X1+X2_to_X3,race_proxy_blind
break_even,0.2523364485981308,Female vs Male,sex,False,1.0,True,fpr,z (pooled),1.0,1.0,151,521,0.0,,,,1.0,,False,,,,,,,,,,,,1.0,False,TabPFN,X1+X2_to_X3,race_proxy_blind
break_even,0.2523364485981308,Female vs Male,sex,False,1.0,True,fnr,z (pooled),0.0,0.0,83,480,0.0,,,,1.0,,False,,,,,,,,,,,,1.0,False,TabPFN,X1+X2_to_X3,race_proxy_blind
break_even,0.2523364485981308,Female vs Male,sex,False,1.0,True,equalized_odds,Hurlin LR given Y,,,234,1001,,,,,1.0,,,,0.0,1.0,1.0,,,,,,,,1.0,False,TabPFN,X1+X2_to_X3,race_proxy_blind
0.5,0.5,African-American vs Caucasian,race,True,0.4109848484848485,False,statistical_parity,z (pooled),0.5015723270440252,0.27380952380952384,636,420,0.22776280323450138,0.17006852854507454,0.2854570779239282,7.362544019047086,1.8043789671026452e-13,0.999999998925887,False,0.27622395875488753,55.51175699087048,1.0,9.290171509494623e-14,,,,,,,,7.217515868410581e-13,True,TabPFN,X1+X2_to_X3,sex_blind
0.5,0.5,African-American vs Caucasian,race,True,0.4109848484848485,False,conditional_statistical_parity,Hurlin LR over proxy strata,0.5015723270440252,0.27380952380952384,636,420,,,,,0.01382376566645451,,,,12.528688035441494,4.0,0.01382376566645451,4.0,3.0065851774484527,0.08292682338344393,1.7492415561209627,0.9110305028961753,3.3586647339833355,0.037460487363518924,0.05529506266581804,False,TabPFN,X1+X2_to_X3,sex_blind
0.5,0.5,African-American vs Caucasian,race,True,0.4109848484848485,False,fpr,z (pooled),0.33003300330033003,0.19921875,303,256,0.13081425330033003,0.058723096816110765,0.2029054097845493,3.4704333825008833,0.00051961922047067,0.9857885754827628,False,0.19141585073050532,,,,,,,,,,,0.00207847688188268,True,TabPFN,X1+X2_to_X3,sex_blind
0.5,0.5,African-American vs Caucasian,race,True,0.4109848484848485,False,fnr,z (pooled),0.34234234234234234,0.6097560975609756,333,164,-0.26741375521863325,-0.35780709183154413,-0.17702041860572235,-5.6611657878381205,1.503480860472436e-08,0.9999984196689419,False,0.3434164742351888,,,,,,,,,,,6.013923441889744e-08,True,TabPFN,X1+X2_to_X3,sex_blind
0.5,0.5,African-American vs Caucasian,race,True,0.4109848484848485,False,equalized_odds,Hurlin LR given Y,,,636,420,,,,,2.422524541598207e-10,,,,44.282081469036584,2.0,2.422524541598207e-10,,,,,,,,9.690098166392828e-10,True,TabPFN,X1+X2_to_X3,sex_blind
0.5,0.5,Hispanic vs Caucasian,race,False,0.2734225621414914,False,statistical_parity,z (pooled),0.27184466019417475,0.27380952380952384,103,420,-0.0019648636153490884,-0.09788745097133887,0.0939577237406407,-0.040092828433508816,0.968019119287348,0.16340315637351244,False,0.08260903074399181,0.0016088960418475517,1.0,0.9680045951509342,,,,,,,,1.0,False,TabPFN,X1+X2_to_X3,sex_blind
0.5,0.5,Hispanic vs Caucasian,race,False,0.2734225621414914,False,conditional_statistical_parity,Hurlin LR over proxy strata,0.27184466019417475,0.27380952380952384,103,420,,,,,0.46204243955528157,,,,3.605343314252276,4.0,0.46204243955528157,4.0,1.112320930339866,0.2915779857357568,1.8498759305210921,0.6082818623836742,5.625748801569266,0.634637415862972,0.9240848791105631,False,TabPFN,X1+X2_to_X3,sex_blind
0.5,0.5,Hispanic vs Caucasian,race,False,0.2734225621414914,False,fpr,z (pooled),0.140625,0.19921875,64,256,-0.05859375,-0.15681594657674996,0.03962844657674998,-1.0741723110591495,0.28274545993277445,0.568023481599357,False,0.141265255170602,,,,,,,,,,,0.5912593348812848,False,TabPFN,X1+X2_to_X3,sex_blind
0.5,0.5,Hispanic vs Caucasian,race,False,0.2734225621414914,False,fnr,z (pooled),0.5128205128205128,0.6097560975609756,39,164,-0.09693558474046282,-0.27066600613778974,0.0767948366568641,-1.1067660066687701,0.2683951088528006,0.7014820935283516,False,0.24340984868424143,,,,,,,,,,,0.3069609324305761,False,TabPFN,X1+X2_to_X3,sex_blind
0.5,0.5,Hispanic vs Caucasian,race,False,0.2734225621414914,False,equalized_odds,Hurlin LR given Y,,,103,420,,,,,0.2967293241133216,,,,2.4298698446966123,2.0,0.2967293241133216,,,,,,,,0.2967293241133216,False,TabPFN,X1+X2_to_X3,sex_blind
0.5,0.5,Other vs Caucasian,race,False,0.2740286298568507,False,statistical_parity,z (pooled),0.2753623188405797,0.27380952380952384,69,420,0.0015527950310558758,-0.11214669553269152,0.11525228559480327,0.026801011004113855,0.9786184468441184,0.20202473178316346,False,0.09715427335682039,0.0007176897937606341,1.0,0.9786274421663241,,,,,,,,1.0,False,TabPFN,X1+X2_to_X3,sex_blind
0.5,0.5,Other vs Caucasian,race,False,0.2740286298568507,False,conditional_statistical_parity,Hurlin LR over proxy strata,0.2753623188405797,0.27380952380952384,69,420,,,,,0.7219339399688167,,,,1.3303717861375768,3.0,0.7219339399688167,3.0,0.05800461719967353,0.8096779813644116,1.217766810610734,0.2712232407142989,5.46765830656509,0.6278704244567119,0.9240848791105631,False,TabPFN,X1+X2_to_X3,sex_blind
0.5,0.5,Other vs Caucasian,race,False,0.2740286298568507,False,fpr,z (pooled),0.11627906976744186,0.19921875,43,256,-0.08293968023255814,-0.19052176683697866,0.02464240637186238,-1.2898969354294847,0.19708644496042826,0.725553193248237,False,0.1735079134548972,,,,,,,,,,,0.5912593348812848,False,TabPFN,X1+X2_to_X3,sex_blind
0.5,0.5,Other vs Caucasian,race,False,0.2740286298568507,False,fnr,z (pooled),0.46153846153846156,0.6097560975609756,26,164,-0.14821763602251403,-0.35386844302587406,0.05743317098084599,-1.4273450329650421,0.15348046621528805,0.8247803427913177,False,0.32165990545074147,,,,,,,,,,,0.3069609324305761,False,TabPFN,X1+X2_to_X3,sex_blind
0.5,0.5,Other vs Caucasian,race,False,0.2740286298568507,False,equalized_odds,Hurlin LR given Y,,,69,420,,,,,0.14666345609862314,,,,3.8392294624283902,2.0,0.14666345609862314,,,,,,,,0.29332691219724627,False,TabPFN,X1+X2_to_X3,sex_blind
0.5,0.5,Female vs Male,sex,False,0.3894736842105263,False,statistical_parity,z (pooled),0.2863247863247863,0.41358641358641357,234,1001,-0.12726162726162726,-0.19272415062962772,-0.06179910389362682,-3.5941624887573185,0.00032543670189471175,0.9895631139354075,False,0.18224081621000332,13.342389360246798,1.0,0.00025947352968314205,,,,,,,,0.0009763101056841353,True,TabPFN,X1+X2_to_X3,sex_blind
0.5,0.5,Female vs Male,sex,False,0.3894736842105263,False,conditional_statistical_parity,Hurlin LR over proxy strata,0.2863247863247863,0.41358641358641357,234,1001,,,,,0.038476875320116746,,,,10.118581175337857,4.0,0.038476875320116746,4.0,0.5374285938472695,0.463500358544901,0.7879480461564189,0.39224820894481177,1.5828297218026854,0.017099397281919004,0.11543062596035024,False,TabPFN,X1+X2_to_X3,sex_blind
0.5,0.5,Female vs Male,sex,False,0.3894736842105263,False,fpr,z (pooled),0.23178807947019867,0.2495201535508637,151,521,-0.017732074080665045,-0.09461276637839154,0.05914861821706145,-0.4457645801530179,0.6557673097227311,0.20550699957321505,False,0.08234171918014306,,,,,,,,,,,0.6557673097227311,False,TabPFN,X1+X2_to_X3,sex_blind
0.5,0.5,Female vs Male,sex,False,0.3894736842105263,False,fnr,z (pooled),0.6144578313253012,0.4083333333333333,83,480,0.20612449799196786,0.09255583568169388,0.3196931603022418,3.4942297364455333,0.0004754317065051855,0.9963685103586818,False,0.30159197190925474,,,,,,,,,,,0.0014262951195155565,True,TabPFN,X1+X2_to_X3,sex_blind
0.5,0.5,Female vs Male,sex,False,0.3894736842105263,False,equalized_odds,Hurlin LR given Y,,,234,1001,,,,,0.0020955080979390846,,,,12.335918452328396,2.0,0.0020955080979390846,,,,,,,,0.0062865242938172534,True,TabPFN,X1+X2_to_X3,sex_blind
break_even,0.2523364485981308,African-American vs Caucasian,race,True,0.7973484848484849,False,statistical_parity,z (pooled),0.8726415094339622,0.6833333333333333,636,420,0.1893081761006289,0.13782572323025377,0.240790628971004,7.490168727746684,6.878512883102993e-14,0.9999999308182352,False,0.23255162042075342,55.07141734362138,1.0,1.1622888846030352e-13,,,,,,,,2.7514051532411974e-13,True,TabPFN,X1+X2_to_X3,sex_blind
break_even,0.2523364485981308,African-American vs Caucasian,race,True,0.7973484848484849,False,conditional_statistical_parity,Hurlin LR over proxy strata,0.8726415094339622,0.6833333333333333,636,420,,,,,0.005271499816644819,,,,10.490880723459249,2.0,0.005271499816644819,2.0,8.295632477545375,0.0039740537182704205,4.979674796747967,1.5663543082785776,15.831131532826046,0.19325334315237774,0.010542999633289639,True,TabPFN,X1+X2_to_X3,sex_blind
break_even,0.2523364485981308,African-American vs Caucasian,race,True,0.7973484848484849,False,fpr,z (pooled),0.8052805280528053,0.58984375,303,256,0.21543677805280526,0.14048164779826144,0.29039190830734907,5.573738308872412,2.4933018419039367e-08,0.9999909983245524,False,0.27844590220254123,,,,,,,,,,,9.973207367615747e-08,True,TabPFN,X1+X2_to_X3,sex_blind
break_even,0.2523364485981308,African-American vs Caucasian,race,True,0.7973484848484849,False,fnr,z (pooled),0.06606606606606606,0.17073170731707318,333,164,-0.10466564125100712,-0.16813327528935582,-0.04119800721265843,-3.6474354097668202,0.00026487086572949157,0.9539935482152561,False,0.1580292290685324,,,,,,,,,,,0.0010594834629179663,True,TabPFN,X1+X2_to_X3,sex_blind
break_even,0.2523364485981308,African-American vs Caucasian,race,True,0.7973484848484849,False,equalized_odds,Hurlin LR given Y,,,636,420,,,,,3.2469182559742154e-10,,,,43.696289224766545,2.0,3.2469182559742154e-10,,,,,,,,1.2987673023896861e-09,True,TabPFN,X1+X2_to_X3,sex_blind
break_even,0.2523364485981308,Hispanic vs Caucasian,race,False,0.6730401529636711,False,statistical_parity,z (pooled),0.6310679611650486,0.6833333333333333,103,420,-0.05226537216828475,-0.15552425763872366,0.05099351330215415,-1.013301679074341,0.3109160857672708,0.5171406710181703,False,0.13907732175103824,1.011351597253812,1.0,0.31457925577040935,,,,,,,,0.44143160621415034,False,TabPFN,X1+X2_to_X3,sex_blind
break_even,0.2523364485981308,Hispanic vs Caucasian,race,False,0.6730401529636711,False,conditional_statistical_parity,Hurlin LR over proxy strata,0.6310679611650486,0.6833333333333333,103,420,,,,,2.6887786655430443e-10,,,,47.524009675510314,3.0,2.6887786655430443e-10,3.0,29.421797917826325,5.821910953329734e-08,0.06492199295420231,0.013258116983983683,0.317908280205795,0.00012228026752536536,1.0755114662172177e-09,True,TabPFN,X1+X2_to_X3,sex_blind
break_even,0.2523364485981308,Hispanic vs Caucasian,race,False,0.6730401529636711,False,fpr,z (pooled),0.515625,0.58984375,64,256,-0.07421875,-0.210678797839591,0.06224129783959101,-1.074286773450764,0.28269417123537843,0.6359092003618467,False,0.18907423016365316,,,,,,,,,,,0.5653883424707569,False,TabPFN,X1+X2_to_X3,sex_blind
break_even,0.2523364485981308,Hispanic vs Caucasian,race,False,0.6730401529636711,False,fnr,z (pooled),0.1794871794871795,0.17073170731707318,39,164,0.008755472170106304,-0.12474527575789734,0.14225622009810995,0.1301047508569108,0.8964835514316838,0.2727572841322591,False,0.12131160155389846,,,,,,,,,,,1.0,False,TabPFN,X1+X2_to_X3,sex_blind
break_even,0.2523364485981308,Hispanic vs Caucasian,race,False,0.6730401529636711,False,equalized_odds,Hurlin LR given Y,,,103,420,,,,,0.5591306934703537,,,,1.1627440689179283,2.0,0.5591306934703537,,,,,,,,0.614147141550101,False,TabPFN,X1+X2_to_X3,sex_blind
break_even,0.2523364485981308,Other vs Caucasian,race,False,0.6728016359918201,False,statistical_parity,z (pooled),0.6086956521739131,0.6833333333333333,69,420,-0.07463768115942027,-0.19808697170678957,0.048811609387949026,-1.224626965611515,0.22071580310707517,0.6520766014041224,False,0.1784370439892686,1.4633373735816804,1.0,0.2263998553557324,,,,,,,,0.44143160621415034,False,TabPFN,X1+X2_to_X3,sex_blind
break_even,0.2523364485981308,Other vs Caucasian,race,False,0.6728016359918201,False,conditional_statistical_parity,Hurlin LR over proxy strata,0.6086956521739131,0.6833333333333333,69,420,,,,,3.179973279521788e-10,,,,43.73795627169956,2.0,3.179973279521788e-10,2.0,21.79385240079963,3.0357126080682306e-06,0.1316270566727605,0.0385771077517917,0.4491182221282368,8.190080370007458e-06,1.0755114662172177e-09,True,TabPFN,X1+X2_to_X3,sex_blind
break_even,0.2523364485981308,Other vs Caucasian,race,False,0.6728016359918201,False,fpr,z (pooled),0.46511627906976744,0.58984375,43,256,-0.12472747093023256,-0.2855243990442106,0.03606945718374549,-1.529497885554575,0.12614106284430748,0.8184455439222654,False,0.2600947439262562,,,,,,,,,,,0.37842318853292245,False,TabPFN,X1+X2_to_X3,sex_blind
break_even,0.2523364485981308,Other vs Caucasian,race,False,0.6728016359918201,False,fnr,z (pooled),0.15384615384615385,0.17073170731707318,26,164,-0.01688555347091933,-0.1670517312222924,0.13328062428045373,-0.21374559154263623,0.8307454559378824,0.33304254599475047,False,0.14353306358808215,,,,,,,,,,,1.0,False,TabPFN,X1+X2_to_X3,sex_blind
break_even,0.2523364485981308,Other vs Caucasian,race,False,0.6728016359918201,False,equalized_odds,Hurlin LR given Y,,,69,420,,,,,0.3070735707750505,,,,2.3613358317732467,2.0,0.3070735707750505,,,,,,,,0.614147141550101,False,TabPFN,X1+X2_to_X3,sex_blind
break_even,0.2523364485981308,Female vs Male,sex,False,0.7716599190283401,False,statistical_parity,z (pooled),0.7051282051282052,0.7872127872127872,234,1001,-0.08208458208458203,-0.1457728215142905,-0.018396342654873554,-2.6930786266255997,0.007079557126997332,0.8381754557800589,False,0.13557362542181123,6.930046862696496,1.0,0.008475946788729656,,,,,,,,0.021238671380991996,True,TabPFN,X1+X2_to_X3,sex_blind
break_even,0.2523364485981308,Female vs Male,sex,False,0.7716599190283401,False,conditional_statistical_parity,Hurlin LR over proxy strata,0.7051282051282052,0.7872127872127872,234,1001,,,,,0.822400558249802,,,,0.9125402237647859,3.0,0.822400558249802,3.0,0.6874296399099755,0.40704003384196685,0.6841247419319787,0.28304941267593875,1.653515752245481,0.8967514925635061,0.822400558249802,False,TabPFN,X1+X2_to_X3,sex_blind
break_even,0.2523364485981308,Female vs Male,sex,False,0.7716599190283401,False,fpr,z (pooled),0.6357615894039735,0.6813819577735125,151,521,-0.04562036836953898,-0.1321759802466312,0.04093524350755322,-1.0506700480192954,0.29341015697267747,0.4605155605847982,False,0.11836070404563259,,,,,,,,,,,0.5653883424707569,False,TabPFN,X1+X2_to_X3,sex_blind
break_even,0.2523364485981308,Female vs Male,sex,False,0.7716599190283401,False,fnr,z (pooled),0.1686746987951807,0.09791666666666667,83,480,0.07075803212851405,-0.014076016058356303,0.1555920803153844,1.915017876167144,0.055490223902507387,0.6841446957505144,False,0.14207077032429744,,,,,,,,,,,0.16647067170752217,False,TabPFN,X1+X2_to_X3,sex_blind
break_even,0.2523364485981308,Female vs Male,sex,False,0.7716599190283401,False,equalized_odds,Hurlin LR given Y,,,234,1001,,,,,0.11228896029143533,,,,4.3733594551563755,2.0,0.11228896029143533,,,,,,,,0.336866880874306,False,TabPFN,X1+X2_to_X3,sex_blind
0.5,0.5,African-American vs Caucasian,race,True,0.4185606060606061,False,statistical_parity,z (pooled),0.5062893081761006,0.2857142857142857,636,420,0.22057502246181493,0.16246851208025773,0.27868153284337216,7.111253720647945,1.1499351495953787e-12,0.9999999942781483,False,0.2693824414215965,51.65745250958328,1.0,6.607933834129582e-13,,,,,,,,4.599740598381515e-12,True,TabPFN,X1_to_X3,age_blind
0.5,0.5,African-American vs Caucasian,race,True,0.4185606060606061,False,conditional_statistical_parity,Hurlin LR over proxy strata,0.5062893081761006,0.2857142857142857,636,420,,,,,3.2238697051946415e-05,,,,30.452493978126245,6.0,3.2238697051946415e-05,6.0,18.394046194634257,1.796183430802234e-05,2.77065384983465,1.7091068431467475,4.491540588223158,0.09720621558168907,9.95162290866716e-05,True,TabPFN,X1_to_X3,age_blind
0.5,0.5,African-American vs Caucasian,race,True,0.4185606060606061,False,fpr,z (pooled),0.38283828382838286,0.23046875,303,256,0.15236953382838286,0.07715787014921945,0.2275811975075463,3.87044324215427,0.00010863764894626322,0.9960699953188136,False,0.21559430627791532,,,,,,,,,,,0.0004345505957850529,True,TabPFN,X1_to_X3,age_blind
0.5,0.5,African-American vs Caucasian,race,True,0.4185606060606061,False,fnr,z (pooled),0.3813813813813814,0.6280487804878049,333,164,-0.2466673991064235,-0.33718525447177045,-0.15614954374107654,-5.185784210187813,2.1510776657343045e-07,0.9999876775725915,False,0.32277481349222087,,,,,,,,,,,8.604310662937218e-07,True,TabPFN,X1_to_X3,age_blind
0.5,0.5,African-American vs Caucasian,race,True,0.4185606060606061,False,equalized_odds,Hurlin LR given Y,,,636,420,,,,,6.677345974514457e-10,,,,42.25426066108908,2.0,6.677345974514457e-10,,,,,,,,2.670938389805783e-09,True,TabPFN,X1_to_X3,age_blind
0.5,0.5,Hispanic vs Caucasian,race,False,0.27151051625239003,False,statistical_parity,z (pooled),0.21359223300970873,0.2857142857142857,103,420,-0.07212205270457697,-0.1622951176604831,0.01805101225132917,-1.4748760416758755,0.14024587259208884,0.6845824267267899,False,0.14793247359969228,2.2602082243851918,1.0,0.13273621249900433,,,,,,,,0.2804917451841777,False,TabPFN,X1_to_X3,age_blind
0.5,0.5,Hispanic vs Caucasian,race,False,0.27151051625239003,False,conditional_statistical_parity,Hurlin LR over proxy strata,0.21359223300970873,0.2857142857142857,103,420,,,,,0.3149636473267998,,,,5.911119948583181,5.0,0.3149636473267998,5.0,0.20656316038241845,0.6494746043168358,0.8083067092651757,0.32402812377060297,2.0163673715731103,0.41226033618573366,0.4546016262468548,False,TabPFN,X1_to_X3,age_blind
0.5,0.5,Hispanic vs Caucasian,race,False,0.27151051625239003,False,fpr,z (pooled),0.125,0.23046875,64,256,-0.10546875,-0.20152236695249415,-0.009415133047505866,-1.8548598289241802,0.06361624573695747,0.8707215077495617,False,0.1863150084558287,,,,,,,,,,,0.06361624573695747,False,TabPFN,X1_to_X3,age_blind
0.5,0.5,Hispanic vs Caucasian,race,False,0.27151051625239003,False,fnr,z (pooled),0.6410256410256411,0.6280487804878049,39,164,0.012976860537836199,-0.15476575453942468,0.18071947561509707,0.15091634106420898,0.8800417098241349,0.3328876919291322,False,0.15440273102055416,,,,,,,,,,,0.8800417098241349,False,TabPFN,X1_to_X3,age_blind
0.5,0.5,Hispanic vs Caucasian,race,False,0.27151051625239003,False,equalized_odds,Hurlin LR given Y,,,103,420,,,,,0.14966991501488092,,,,3.7986459525157996,2.0,0.14966991501488092,,,,,,,,0.14966991501488092,False,TabPFN,X1_to_X3,age_blind
0.5,0.5,Other vs Caucasian,race,False,0.278118609406953,False,statistical_parity,z (pooled),0.2318840579710145,0.2857142857142857,69,420,-0.0538302277432712,-0.16237877125515035,0.054718315768607945,-0.9248536832137529,0.3550420218757204,0.5275542762770518,False,0.14510065629480434,0.8825674934712691,1.0,0.34749942672219936,,,,,,,,0.3550420218757204,False,TabPFN,X1_to_X3,age_blind
0.5,0.5,Other vs Caucasian,race,False,0.278118609406953,False,conditional_statistical_parity,Hurlin LR over proxy strata,0.2318840579710145,0.2857142857142857,69,420,,,,,0.2273008131234274,,,,6.911565580615776,5.0,0.2273008131234274,5.0,2.2351743129935078,0.13490141006944578,0.34405662533489123,0.07910753575287222,1.4963803424067064,0.4596272793621927,0.4546016262468548,False,TabPFN,X1_to_X3,age_blind
0.5,0.5,Other vs Caucasian,race,False,0.278118609406953,False,fpr,z (pooled),0.06976744186046512,0.23046875,43,256,-0.16070130813953487,-0.2526753377782586,-0.0687272785008111,-2.405133563268981,0.016166555991062335,0.990515234440981,False,0.23812986181081108,,,,,,,,,,,0.048499667973187006,True,TabPFN,X1_to_X3,age_blind
0.5,0.5,Other vs Caucasian,race,False,0.278118609406953,False,fnr,z (pooled),0.5,0.6280487804878049,26,164,-0.12804878048780488,-0.3339830484568684,0.07788548748125862,-1.2439874262465311,0.2135041906292816,0.7707421179958538,False,0.3017301159031895,,,,,,,,,,,0.4270083812585632,False,TabPFN,X1_to_X3,age_blind
0.5,0.5,Other vs Caucasian,race,False,0.278118609406953,False,equalized_odds,Hurlin LR given Y,,,69,420,,,,,0.013600667149566278,,,,8.595272864656252,2.0,0.013600667149566278,,,,,,,,0.027201334299132556,True,TabPFN,X1_to_X3,age_blind
0.5,0.5,Female vs Male,sex,False,0.38866396761133604,False,statistical_parity,z (pooled),0.23931623931623933,0.42357642357642356,234,1001,-0.18426018426018423,-0.24691411217354278,-0.12160625634682568,-5.205900375911479,1.9305820595973696e-07,0.9999856929248089,False,0.2368805533489551,28.5833027483354,1.0,8.97528003857963e-08,,,,,,,,5.791746178792109e-07,True,TabPFN,X1_to_X3,age_blind
0.5,0.5,Female vs Male,sex,False,0.38866396761133604,False,conditional_statistical_parity,Hurlin LR over proxy strata,0.23931623931623933,0.42357642357642356,234,1001,,,,,2.48790572716679e-05,,,,31.042588289896372,6.0,2.48790572716679e-05,6.0,13.117463279942253,0.0002925558934906425,0.3081075097434996,0.15915640273454265,0.5964588036000982,0.03775957114322703,9.95162290866716e-05,True,TabPFN,X1_to_X3,age_blind
0.5,0.5,Female vs Male,sex,False,0.38866396761133604,False,fpr,z (pooled),0.2052980132450331,0.29750479846449135,151,521,-0.09220678521945824,-0.167649152988759,-0.016764417450157484,-2.2298735994697694,0.02575583551829396,0.8633765539917662,False,0.15560767901165634,,,,,,,,,,,0.05151167103658792,False,TabPFN,X1_to_X3,age_blind
0.5,0.5,Female vs Male,sex,False,0.38866396761133604,False,fnr,z (pooled),0.6987951807228916,0.4395833333333333,83,480,0.25921184738955827,0.1509845926694406,0.36743910210967595,4.365348337101445,1.2692033809461237e-05,0.9999161186185676,False,0.3501892561830552,,,,,,,,,,,3.807610142838371e-05,True,TabPFN,X1_to_X3,age_blind
0.5,0.5,Female vs Male,sex,False,0.38866396761133604,False,equalized_odds,Hurlin LR given Y,,,234,1001,,,,,4.5419871890151575e-06,,,,24.604291869690353,2.0,4.5419871890151575e-06,,,,,,,,1.3625961567045473e-05,True,TabPFN,X1_to_X3,age_blind
break_even,0.2523364485981308,African-American vs Caucasian,race,True,0.8257575757575758,False,statistical_parity,z (pooled),0.9669811320754716,0.611904761904762,636,420,0.3550763701707097,0.3064461745772563,0.4037065657641631,14.888117227696721,3.937007444736208e-50,1.0,False,0.39592401899422514,231.33155727674674,1.0,3.0546096111966902e-52,,,,,,,,1.5748029778944833e-49,True,TabPFN,X1_to_X3,age_blind
break_even,0.2523364485981308,African-American vs Caucasian,race,True,0.8257575757575758,False,conditional_statistical_parity,Hurlin LR over proxy strata,0.9669811320754716,0.611904761904762,636,420,,,,,9.42477596390473e-75,,,,360.3122838930741,6.0,9.42477596390473e-75,6.0,268.80268246986464,0.0,inf,,,,3.769910385561892e-74,True,TabPFN,X1_to_X3,age_blind
break_even,0.2523364485981308,African-American vs Caucasian,race,True,0.8257575757575758,False,fpr,z (pooled),0.9537953795379538,0.53515625,303,256,0.4186391295379538,0.35312883948547,0.48414941959043756,11.581275676737299,5.127725479320876e-31,1.0,False,0.4737086889528271,,,,,,,,,,,2.0510901917283504e-30,True,TabPFN,X1_to_X3,age_blind
break_even,0.2523364485981308,African-American vs Caucasian,race,True,0.8257575757575758,False,fnr,z (pooled),0.021021021021021023,0.2682926829268293,333,164,-0.24727166190580827,-0.3168109490369893,-0.17773237477462722,-8.541695108918612,1.3226703709198824e-17,0.9999999779202515,False,0.3057402957507486,,,,,,,,,,,5.29068148367953e-17,True,TabPFN,X1_to_X3,age_blind
break_even,0.2523364485981308,African-American vs Caucasian,race,True,0.8257575757575758,False,equalized_odds,Hurlin LR given Y,,,636,420,,,,,9.735531399945013e-48,,,,216.49660447968412,2.0,9.735531399945013e-48,,,,,,,,3.894212559978005e-47,True,TabPFN,X1_to_X3,age_blind
break_even,0.2523364485981308,Hispanic vs Caucasian,race,False,0.6424474187380497,False,statistical_parity,z (pooled),0.7669902912621359,0.611904761904762,103,420,0.15508552935737396,0.06107811325057359,0.24909294546417432,2.9428961497827633,0.0032515747374793303,0.9855505410625724,False,0.23411957112809223,9.127777810326279,1.0,0.002517573308839426,,,,,,,,0.006503149474958661,True,TabPFN,X1_to_X3,age_blind
break_even,0.2523364485981308,Hispanic vs Caucasian,race,False,0.6424474187380497,False,conditional_statistical_parity,Hurlin LR over proxy strata,0.7669902912621359,0.611904761904762,103,420,,,,,1.6670574338930882e-17,,,,81.2357259051434,3.0,1.6670574338930882e-17,3.0,81.7787901392605,0.0,inf,,,,5.001172301679265e-17,True,TabPFN,X1_to_X3,age_blind
break_even,0.2523364485981308,Hispanic vs Caucasian,race,False,0.6424474187380497,False,fpr,z (pooled),0.71875,0.53515625,64,256,0.18359375,0.05763188198418881,0.3095556180158112,2.6549541353198083,0.007931919224810048,0.9807775575712641,False,0.28961313854860404,,,,,,,,,,,0.015863838449620096,True,TabPFN,X1_to_X3,age_blind
break_even,0.2523364485981308,Hispanic vs Caucasian,race,False,0.6424474187380497,False,fnr,z (pooled),0.15384615384615385,0.2682926829268293,39,164,-0.11444652908067543,-0.24643388105358374,0.017540822892232882,-1.4909880233108772,0.13596463935903289,0.830143426267376,False,0.22572669564347664,,,,,,,,,,,0.27192927871806577,False,TabPFN,X1_to_X3,age_blind
break_even,0.2523364485981308,Hispanic vs Caucasian,race,False,0.6424474187380497,False,equalized_odds,Hurlin LR given Y,,,103,420,,,,,0.007773586547628139,,,,9.714047263921493,2.0,0.007773586547628139,,,,,,,,0.015547173095256278,True,TabPFN,X1_to_X3,age_blind
break_even,0.2523364485981308,Other vs Caucasian,race,False,0.6032719836400818,False,statistical_parity,z (pooled),0.5507246376811594,0.611904761904762,69,420,-0.06118012422360253,-0.1874620640945489,0.06510181564734385,-0.9627246717861488,0.33568571203147346,0.5688432137425106,False,0.1673612520162465,0.9168615583421564,1.0,0.33830037613679526,,,,,,,,0.33568571203147346,False,TabPFN,X1_to_X3,age_blind
break_even,0.2523364485981308,Other vs Caucasian,race,False,0.6032719836400818,False,conditional_statistical_parity,Hurlin LR over proxy strata,0.5507246376811594,0.611904761904762,69,420,,,,,1.0,,,,0.0,1.0,1.0,0.0,,,,,,,1.0,False,TabPFN,X1_to_X3,age_blind
break_even,0.2523364485981308,Other vs Caucasian,race,False,0.6032719836400818,False,fpr,z (pooled),0.4186046511627907,0.53515625,43,256,-0.11655159883720928,-0.27616071600505354,0.04305751833063495,-1.415340535082609,0.15696867555515878,0.7927764249627082,False,0.2509189103880803,,,,,,,,,,,0.15696867555515878,False,TabPFN,X1_to_X3,age_blind
break_even,0.2523364485981308,Other vs Caucasian,race,False,0.6032719836400818,False,fnr,z (pooled),0.23076923076923078,0.2682926829268293,26,164,-0.0375234521575985,-0.21309635104866223,0.13804944673346523,-0.40368179575909163,0.6864467278898336,0.44468946119997144,False,0.18559854351020025,,,,,,,,,,,0.6864467278898336,False,TabPFN,X1_to_X3,age_blind
break_even,0.2523364485981308,Other vs Caucasian,race,False,0.6032719836400818,False,equalized_odds,Hurlin LR given Y,,,69,420,,,,,0.33732964956969314,,,,2.1733892762208145,2.0,0.33732964956969314,,,,,,,,0.33732964956969314,False,TabPFN,X1_to_X3,age_blind
break_even,0.2523364485981308,Female vs Male,sex,False,0.8048582995951417,False,statistical_parity,z (pooled),0.6709401709401709,0.8361638361638362,234,1001,-0.16522366522366527,-0.22964535811732906,-0.10080197233000149,-5.741547800277357,9.38150683308425e-09,0.9997640022252732,False,0.2193287049280518,29.84669640164558,1.0,4.675929491364575e-08,,,,,,,,2.814452049925275e-08,True,TabPFN,X1_to_X3,age_blind
break_even,0.2523364485981308,Female vs Male,sex,False,0.8048582995951417,False,conditional_statistical_parity,Hurlin LR over proxy strata,0.6709401709401709,0.8361638361638362,234,1001,,,,,8.051236136225554e-09,,,,48.83329726023075,6.0,8.051236136225554e-09,6.0,23.17535178922414,1.4788067430604457e-06,0.2523375208440961,0.14057817340955284,0.45294531065103255,0.0018552681731244247,1.6102472272451108e-08,True,TabPFN,X1_to_X3,age_blind
break_even,0.2523364485981308,Female vs Male,sex,False,0.8048582995951417,False,fpr,z (pooled),0.6291390728476821,0.7658349328214972,151,521,-0.13669585997381506,-0.22188990511146248,-0.05150181483616764,-3.351767285379687,0.000802974851845032,0.9767497065762949,False,0.20829195070120154,,,,,,,,,,,0.002408924555535096,True,TabPFN,X1_to_X3,age_blind
break_even,0.2523364485981308,Female vs Male,sex,False,0.8048582995951417,False,fnr,z (pooled),0.25301204819277107,0.0875,83,480,0.16551204819277107,0.06862928473487898,0.26239481165066314,4.416601325575618,1.0026491125777547e-05,0.9901007455092868,False,0.24695311217380084,,,,,,,,,,,3.007947337733264e-05,True,TabPFN,X1_to_X3,age_blind
break_even,0.2523364485981308,Female vs Male,sex,False,0.8048582995951417,False,equalized_odds,Hurlin LR given Y,,,234,1001,,,,,1.6781214368985882e-06,,,,26.595671165029692,2.0,1.6781214368985882e-06,,,,,,,,5.034364310695765e-06,True,TabPFN,X1_to_X3,age_blind
0.5,0.5,African-American vs Caucasian,race,True,0.4431818181818182,False,statistical_parity,z (pooled),0.49842767295597484,0.3595238095238095,636,420,0.13890386343216532,0.0787699675483308,0.19903775931599985,4.44721266455135,8.699170526814496e-06,0.998081384225904,False,0.18941421469596703,19.943331939686253,1.0,7.977167761542554e-06,,,,,,,,3.479668210725798e-05,True,TabPFN,X1_to_X3,protected_blind
0.5,0.5,African-American vs Caucasian,race,True,0.4431818181818182,False,conditional_statistical_parity,Hurlin LR over proxy strata,0.49842767295597484,0.3595238095238095,636,420,,,,,0.15926637825690088,,,,9.263996555732433,6.0,0.15926637825690088,6.0,0.008507750809612745,0.9265093684358403,0.9799377543430791,0.6332747236341952,1.516368752057838,0.0907459792243227,0.6370655130276035,False,TabPFN,X1_to_X3,protected_blind
0.5,0.5,African-American vs Caucasian,race,True,0.4431818181818182,False,fpr,z (pooled),0.3795379537953795,0.296875,303,256,0.08266295379537952,0.004446328118430154,0.1608795794723289,2.0531351004018377,0.040059476571073144,0.7932814776896138,False,0.1484137711325767,,,,,,,,,,,0.12017842971321943,False,TabPFN,X1_to_X3,protected_blind
0.5,0.5,African-American vs Caucasian,race,True,0.4431818181818182,False,fnr,z (pooled),0.3933933933933934,0.5426829268292683,333,164,-0.14928953343587492,-0.24184266098733714,-0.056736405884412686,-3.1506515242288593,0.0016290673055117607,0.9819982402222208,False,0.22710820471161253,,,,,,,,,,,0.006516269222047043,True,TabPFN,X1_to_X3,protected_blind
0.5,0.5,African-American vs Caucasian,race,True,0.4431818181818182,False,equalized_odds,Hurlin LR given Y,,,636,420,,,,,0.0008514631817689786,,,,14.137108596115407,2.0,0.0008514631817689786,,,,,,,,0.0034058527270759142,True,TabPFN,X1_to_X3,protected_blind
0.5,0.5,Hispanic vs Caucasian,race,False,0.3422562141491396,False,statistical_parity,z (pooled),0.27184466019417475,0.3595238095238095,103,420,-0.08767914932963478,-0.18508858864275424,0.009730289983484686,-1.6806786872799055,0.0928253425119366,0.775644350699418,False,0.16957334464278964,2.9084061438428623,1.0,0.08811892030709775,,,,,,,,0.1856506850238732,False,TabPFN,X1_to_X3,protected_blind
0.5,0.5,Hispanic vs Caucasian,race,False,0.3422562141491396,False,conditional_statistical_parity,Hurlin LR over proxy strata,0.27184466019417475,0.3595238095238095,103,420,,,,,0.5941373122584073,,,,4.6143478114535625,6.0,0.5941373122584073,6.0,0.7561176702560299,0.38454622528843196,0.7172152282724101,0.3397570904735249,1.5140160370131528,0.7149558604891062,1.0,False,TabPFN,X1_to_X3,protected_blind
0.5,0.5,Hispanic vs Caucasian,race,False,0.3422562141491396,False,fpr,z (pooled),0.140625,0.296875,64,256,-0.15625,-0.2581618454500655,-0.05433815454993453,-2.5314047508282127,0.011360666829874319,0.9790814041580013,False,0.24202700307778496,,,,,,,,,,,0.045442667319497275,True,TabPFN,X1_to_X3,protected_blind
0.5,0.5,Hispanic vs Caucasian,race,False,0.3422562141491396,False,fnr,z (pooled),0.5128205128205128,0.5426829268292683,39,164,-0.029862414008755556,-0.20428074677396768,0.14455591875645657,-0.33616305578442135,0.7367479105883024,0.41060331699796215,False,0.1769166645228718,,,,,,,,,,,0.7367479105883024,False,TabPFN,X1_to_X3,protected_blind
0.5,0.5,Hispanic vs Caucasian,race,False,0.3422562141491396,False,equalized_odds,Hurlin LR given Y,,,103,420,,,,,0.02722677279070479,,,,7.20710899200751,2.0,0.02722677279070479,,,,,,,,0.05445354558140958,False,TabPFN,X1_to_X3,protected_blind
0.5,0.5,Other vs Caucasian,race,False,0.3558282208588957,False,statistical_parity,z (pooled),0.3333333333333333,0.3595238095238095,69,420,-0.02619047619047621,-0.14651479219558472,0.0941338398146323,-0.4211309052376867,0.6736594951058964,0.34915432918351386,False,0.12736227943769818,0.17882836580452333,1.0,0.6723820637799642,,,,,,,,0.6736594951058964,False,TabPFN,X1_to_X3,protected_blind
0.5,0.5,Other vs Caucasian,race,False,0.3558282208588957,False,conditional_statistical_parity,Hurlin LR over proxy strata,0.3333333333333333,0.3595238095238095,69,420,,,,,0.2691624278106278,,,,6.400642358862506,5.0,0.2691624278106278,5.0,0.031181173505652426,0.8598367987998667,0.9237167038423068,0.38067002774885034,2.241449252002144,0.22532149001104995,0.8074872834318835,False,TabPFN,X1_to_X3,protected_blind
0.5,0.5,Other vs Caucasian,race,False,0.3558282208588957,False,fpr,z (pooled),0.18604651162790697,0.296875,43,256,-0.11082848837209303,-0.23990508627393103,0.018248109529744982,-1.4961748197560296,0.13460810450489052,0.8217909157253281,False,0.2194919266014032,,,,,,,,,,,0.26921620900978105,False,TabPFN,X1_to_X3,protected_blind
0.5,0.5,Other vs Caucasian,race,False,0.3558282208588957,False,fnr,z (pooled),0.4230769230769231,0.5426829268292683,26,164,-0.11960600375234526,-0.324242417103804,0.08503040959911351,-1.134794242906433,0.25646153898576507,0.7471003310708639,False,0.2921927514364909,,,,,,,,,,,0.5129230779715301,False,TabPFN,X1_to_X3,protected_blind
0.5,0.5,Other vs Caucasian,race,False,0.3558282208588957,False,equalized_odds,Hurlin LR given Y,,,69,420,,,,,0.1581171431321438,,,,3.6888382168733687,2.0,0.1581171431321438,,,,,,,,0.1581171431321438,False,TabPFN,X1_to_X3,protected_blind
0.5,0.5,Female vs Male,sex,False,0.42186234817813767,False,statistical_parity,z (pooled),0.32905982905982906,0.4435564435564436,234,1001,-0.11449661449661452,-0.18211024502769002,-0.04688298396553901,-3.1928838789223106,0.0014085957848148894,0.9691124930808795,False,0.17128242685457212,10.408177842566772,1.0,0.0012545847693545603,,,,,,,,0.004225787354444668,True,TabPFN,X1_to_X3,protected_blind
0.5,0.5,Female vs Male,sex,False,0.42186234817813767,False,conditional_statistical_parity,Hurlin LR over proxy strata,0.32905982905982906,0.4435564435564436,234,1001,,,,,0.918938070596006,,,,2.008252362945749,6.0,0.918938070596006,6.0,0.06398236667713811,0.8003088915721942,0.9381020593946064,0.5735354805786261,1.5344045898477896,0.8578963696168453,1.0,False,TabPFN,X1_to_X3,protected_blind
0.5,0.5,Female vs Male,sex,False,0.42186234817813767,False,fpr,z (pooled),0.2847682119205298,0.31861804222648754,151,521,-0.03384983030595773,-0.11620430491897336,0.048504644307057906,-0.7911973593265184,0.42882883221552026,0.35041686804580074,False,0.10305957878865005,,,,,,,,,,,0.42882883221552026,False,TabPFN,X1_to_X3,protected_blind
0.5,0.5,Female vs Male,sex,False,0.42186234817813767,False,fnr,z (pooled),0.5903614457831325,0.42083333333333334,83,480,0.1695281124497992,0.05488364287784282,0.2841725820217556,2.8690718943002693,0.004116782115908076,0.9792629761225164,False,0.2658999256417189,,,,,,,,,,,0.012350346347724228,True,TabPFN,X1_to_X3,protected_blind
0.5,0.5,Female vs Male,sex,False,0.42186234817813767,False,equalized_odds,Hurlin LR given Y,,,234,1001,,,,,0.012149058754067858,,,,8.821007161994883,2.0,0.012149058754067858,,,,,,,,0.036447176262203576,True,TabPFN,X1_to_X3,protected_blind
break_even,0.2523364485981308,African-American vs Caucasian,race,True,0.8446969696969697,False,statistical_parity,z (pooled),0.8789308176100629,0.7928571428571428,636,420,0.08607367475292005,0.03976090099534118,0.1323864485104989,3.7796462588630564,0.0001570513200071909,0.9364251748853101,False,0.12497477098349277,14.003954565233173,1.0,0.00018242655140802153,,,,,,,,0.0006282052800287636,True,TabPFN,X1_to_X3,protected_blind
break_even,0.2523364485981308,African-American vs Caucasian,race,True,0.8446969696969697,False,conditional_statistical_parity,Hurlin LR over proxy strata,0.8789308176100629,0.7928571428571428,636,420,,,,,1.0,,,,0.0,1.0,1.0,0.0,,,,,,,1.0,False,TabPFN,X1_to_X3,protected_blind
break_even,0.2523364485981308,African-American vs Caucasian,race,True,0.8446969696969697,False,fpr,z (pooled),0.8316831683168316,0.734375,303,256,0.09730816831683164,0.028737806908095895,0.16587852972556738,2.80024918554711,0.005106317204503258,0.9115733640415558,False,0.1549500989001406,,,,,,,,,,,0.020425268818013032,True,TabPFN,X1_to_X3,protected_blind
break_even,0.2523364485981308,African-American vs Caucasian,race,True,0.8446969696969697,False,fnr,z (pooled),0.07807807807807808,0.11585365853658537,333,164,-0.03777558045850729,-0.09460590789715118,0.0190547469801366,-1.3799327035215905,0.1676073661472961,0.3367515802887462,False,0.08555852077007421,,,,,,,,,,,0.3352147322945922,False,TabPFN,X1_to_X3,protected_blind
break_even,0.2523364485981308,African-American vs Caucasian,race,True,0.8446969696969697,False,equalized_odds,Hurlin LR given Y,,,636,420,,,,,0.007983259643936867,,,,9.660816948480981,2.0,0.007983259643936867,,,,,,,,0.02422517989132142,True,TabPFN,X1_to_X3,protected_blind
break_even,0.2523364485981308,Hispanic vs Caucasian,race,False,0.7896749521988528,False,statistical_parity,z (pooled),0.7766990291262136,0.7928571428571428,103,420,-0.016158113730929236,-0.10543647702822985,0.07312024956637138,-0.3605897639189128,0.7184061424378618,0.22892503761929808,False,0.09121633983985634,0.1285965568671661,1.0,0.7198916377039253,,,,,,,,0.7184061424378618,False,TabPFN,X1_to_X3,protected_blind
break_even,0.2523364485981308,Hispanic vs Caucasian,race,False,0.7896749521988528,False,conditional_statistical_parity,Hurlin LR over proxy strata,0.7766990291262136,0.7928571428571428,103,420,,,,,1.0,,,,0.0,1.0,1.0,0.0,,,,,,,1.0,False,TabPFN,X1_to_X3,protected_blind
break_even,0.2523364485981308,Hispanic vs Caucasian,race,False,0.7896749521988528,False,fpr,z (pooled),0.734375,0.734375,64,256,0.0,-0.12097803501561255,0.12097803501561255,0.0,1.0,0.20925873277939885,False,0.10182460376466382,,,,,,,,,,,1.0,False,TabPFN,X1_to_X3,protected_blind
break_even,0.2523364485981308,Hispanic vs Caucasian,race,False,0.7896749521988528,False,fnr,z (pooled),0.15384615384615385,0.11585365853658537,39,164,0.03799249530956848,-0.08538358452653558,0.16136857514567254,0.648963183652288,0.5163621732615542,0.42445607684177206,False,0.14201239198001,,,,,,,,,,,0.5163621732615542,False,TabPFN,X1_to_X3,protected_blind
break_even,0.2523364485981308,Hispanic vs Caucasian,race,False,0.7896749521988528,False,equalized_odds,Hurlin LR given Y,,,103,420,,,,,0.818331794010394,,,,0.4009748169395131,2.0,0.818331794010394,,,,,,,,0.818331794010394,False,TabPFN,X1_to_X3,protected_blind
break_even,0.2523364485981308,Other vs Caucasian,race,False,0.8016359918200409,False,statistical_parity,z (pooled),0.855072463768116,0.7928571428571428,69,420,0.06221532091097315,-0.02944371863739355,0.15387436045933983,1.2010803589064238,0.22972003111846917,0.6029766923122017,False,0.13928461681806964,1.538678587225399,1.0,0.21481460200757482,,,,,,,,0.45944006223693834,False,TabPFN,X1_to_X3,protected_blind
break_even,0.2523364485981308,Other vs Caucasian,race,False,0.8016359918200409,False,conditional_statistical_parity,Hurlin LR over proxy strata,0.855072463768116,0.7928571428571428,69,420,,,,,1.0,,,,0.0,1.0,1.0,0.0,,,,,,,1.0,False,TabPFN,X1_to_X3,protected_blind
break_even,0.2523364485981308,Other vs Caucasian,race,False,0.8016359918200409,False,fpr,z (pooled),0.7674418604651163,0.734375,43,256,0.03306686046511631,-0.10430639463399055,0.17044011556422317,0.4569191173494079,0.6477291824844442,0.4046313377691596,False,0.14871485911451754,,,,,,,,,,,1.0,False,TabPFN,X1_to_X3,protected_blind
break_even,0.2523364485981308,Other vs Caucasian,race,False,0.8016359918200409,False,fnr,z (pooled),0.0,0.11585365853658537,26,164,-0.11585365853658537,-0.1648364036659807,-0.06687091340719004,-1.8294489522352593,0.06733237995917477,0.9954425144216859,False,0.15716484326696173,,,,,,,,,,,0.2019971398775243,False,TabPFN,X1_to_X3,protected_blind
break_even,0.2523364485981308,Other vs Caucasian,race,False,0.8016359918200409,False,equalized_odds,Hurlin LR given Y,,,69,420,,,,,0.04665525905686579,,,,6.129939247409728,2.0,0.04665525905686579,,,,,,,,0.09331051811373157,False,TabPFN,X1_to_X3,protected_blind
break_even,0.2523364485981308,Female vs Male,sex,False,0.8388663967611336,False,statistical_parity,z (pooled),0.7649572649572649,0.8561438561438561,234,1001,-0.09118659118659123,-0.1497040569492536,-0.03266912542392885,-3.4157258872297707,0.0006361224542568171,0.9160030097855416,False,0.1403329216581447,10.788096305697067,1.0,0.0010215488564388898,,,,,,,,0.0019083673627704513,True,TabPFN,X1_to_X3,protected_blind
break_even,0.2523364485981308,Female vs Male,sex,False,0.8388663967611336,False,conditional_statistical_parity,Hurlin LR over proxy strata,0.7649572649572649,0.8561438561438561,234,1001,,,,,1.0,,,,0.0,1.0,1.0,0.0,,,,,,,1.0,False,TabPFN,X1_to_X3,protected_blind
break_even,0.2523364485981308,Female vs Male,sex,False,0.8388663967611336,False,fpr,z (pooled),0.7350993377483444,0.7927063339731286,151,521,-0.05760699622478427,-0.1361277287497331,0.02091373630016459,-1.5040791855113536,0.13256097898342836,0.575269272371664,False,0.12359491217306467,,,,,,,,,,,0.3976829369502851,False,TabPFN,X1_to_X3,protected_blind
break_even,0.2523364485981308,Female vs Male,sex,False,0.8388663967611336,False,fnr,z (pooled),0.18072289156626506,0.075,83,480,0.10572289156626506,0.019653637587229655,0.19179214554530047,3.098580807369688,0.0019444993414663733,0.8975018047643454,False,0.17807396176620496,,,,,,,,,,,0.007777997365865493,True,TabPFN,X1_to_X3,protected_blind
break_even,0.2523364485981308,Female vs Male,sex,False,0.8388663967611336,False,equalized_odds,Hurlin LR given Y,,,234,1001,,,,,0.006056294972830355,,,,10.213314112996855,2.0,0.006056294972830355,,,,,,,,0.02422517989132142,True,TabPFN,X1_to_X3,protected_blind
0.5,0.5,African-American vs Caucasian,race,True,0.4251893939393939,False,statistical_parity,z (pooled),0.5141509433962265,0.2904761904761905,636,420,0.22367475292003597,0.16541795473919113,0.2819315511008808,7.195891598583993,6.205391614887759e-13,0.9999999965871051,False,0.2726084083296785,52.858874711536316,1.0,3.58395630693687e-13,,,,,,,,2.4821566459551034e-12,True,TabPFN,X1_to_X3,race_aware
0.5,0.5,African-American vs Caucasian,race,True,0.4251893939393939,False,conditional_statistical_parity,Hurlin LR over proxy strata,0.5141509433962265,0.2904761904761905,636,420,,,,,0.08813502396528877,,,,11.007820723612657,6.0,0.08813502396528877,6.0,1.3101548948455588,0.25236661272318583,1.3737251625185067,0.7871894630768805,2.3972892304227815,0.10598362257577298,0.2644050718958663,False,TabPFN,X1_to_X3,race_aware
0.5,0.5,African-American vs Caucasian,race,True,0.4251893939393939,False,fpr,z (pooled),0.3432343234323432,0.21875,303,256,0.12448432343234322,0.050847369431488584,0.19812127743319785,3.2442583041986235,0.0011775690652167593,0.9760439091546794,False,0.18638535623545788,,,,,,,,,,,0.004710276260867037,True,TabPFN,X1_to_X3,race_aware
0.5,0.5,African-American vs Caucasian,race,True,0.4251893939393939,False,fnr,z (pooled),0.3303303303303303,0.5975609756097561,333,164,-0.26723064527942575,-0.35770063155086657,-0.17676065900798493,-5.678425164763177,1.3594048287132995e-08,0.9999983594779296,False,0.3432978113302235,,,,,,,,,,,5.437619314853198e-08,True,TabPFN,X1_to_X3,race_aware
0.5,0.5,African-American vs Caucasian,race,True,0.4251893939393939,False,equalized_odds,Hurlin LR given Y,,,636,420,,,,,5.053383858746231e-10,,,,42.811585680023384,2.0,5.053383858746231e-10,,,,,,,,2.0213535434984925e-09,True,TabPFN,X1_to_X3,race_aware
0.5,0.5,Hispanic vs Caucasian,race,False,0.28680688336520077,False,statistical_parity,z (pooled),0.27184466019417475,0.2904761904761905,103,420,-0.01863153028201575,-0.11489971062351956,0.07763665005948805,-0.37466453298809116,0.7079099725778896,0.26166767855816775,False,0.09956624481195872,0.1415155528072325,1.0,0.7067789722534517,,,,,,,,1.0,False,TabPFN,X1_to_X3,race_aware
0.5,0.5,Hispanic vs Caucasian,race,False,0.28680688336520077,False,conditional_statistical_parity,Hurlin LR over proxy strata,0.27184466019417475,0.2904761904761905,103,420,,,,,0.17172908633860587,,,,9.033028287834123,6.0,0.17172908633860587,6.0,0.003225548485650828,0.9547093633140308,1.0284294933705789,0.4033154347215331,2.6224318034461684,0.311942571893956,0.34345817267721174,False,TabPFN,X1_to_X3,race_aware
0.5,0.5,Hispanic vs Caucasian,race,False,0.28680688336520077,False,fpr,z (pooled),0.125,0.21875,64,256,-0.09375,-0.18929812155218934,0.0017981215521893218,-1.6770509831248421,0.09353251268909311,0.8149176606114504,False,0.17417079387596301,,,,,,,,,,,0.2389245451503637,False,TabPFN,X1_to_X3,race_aware
0.5,0.5,Hispanic vs Caucasian,race,False,0.28680688336520077,False,fnr,z (pooled),0.48717948717948717,0.5975609756097561,39,164,-0.1103814884302689,-0.2842822647965985,0.06351928793606071,-1.2538810415480155,0.2098852468833574,0.7515254984112564,False,0.25699938075238876,,,,,,,,,,,0.2098852468833574,False,TabPFN,X1_to_X3,race_aware
0.5,0.5,Hispanic vs Caucasian,race,False,0.28680688336520077,False,equalized_odds,Hurlin LR given Y,,,103,420,,,,,0.09907908507214372,,,,4.62367381727425,2.0,0.09907908507214372,,,,,,,,0.19815817014428744,False,TabPFN,X1_to_X3,race_aware
0.5,0.5,Other vs Caucasian,race,False,0.294478527607362,False,statistical_parity,z (pooled),0.3188405797101449,0.2904761904761905,69,420,0.0283643892339544,-0.08985683502085877,0.14658561348876759,0.479055976874838,0.6318988068978088,0.3599904456257409,False,0.1277678584333626,0.22657695009599044,1.0,0.6340736669029179,,,,,,,,1.0,False,TabPFN,X1_to_X3,race_aware
0.5,0.5,Other vs Caucasian,race,False,0.294478527607362,False,conditional_statistical_parity,Hurlin LR over proxy strata,0.3188405797101449,0.2904761904761905,69,420,,,,,0.810095272032739,,,,2.2738812436731735,5.0,0.810095272032739,5.0,0.4240158762429798,0.5149399716113183,1.4672364858252047,0.4827312916293368,4.459588476376836,0.8433201863695505,0.810095272032739,False,TabPFN,X1_to_X3,race_aware
0.5,0.5,Other vs Caucasian,race,False,0.294478527607362,False,fpr,z (pooled),0.16279069767441862,0.21875,43,256,-0.055959302325581384,-0.17736802532599405,0.06544942067483128,-0.8325988748709057,0.40507099376726063,0.5382883250184299,False,0.15816752199285006,,,,,,,,,,,0.40507099376726063,False,TabPFN,X1_to_X3,race_aware
0.5,0.5,Other vs Caucasian,race,False,0.294478527607362,False,fnr,z (pooled),0.4230769230769231,0.5975609756097561,26,164,-0.174484052532833,-0.3786795149838018,0.02971140991813581,-1.6714191726633234,0.09463891152210717,0.8831758411023651,False,0.34669890999198116,,,,,,,,,,,0.18927782304421434,False,TabPFN,X1_to_X3,race_aware
0.5,0.5,Other vs Caucasian,race,False,0.294478527607362,False,equalized_odds,Hurlin LR given Y,,,69,420,,,,,0.17458902069123297,,,,3.4906410403856363,2.0,0.17458902069123297,,,,,,,,0.19815817014428744,False,TabPFN,X1_to_X3,race_aware
0.5,0.5,Female vs Male,sex,False,0.4040485829959514,False,statistical_parity,z (pooled),0.2606837606837607,0.43756243756243757,234,1001,-0.17687867687867687,-0.24097514821636606,-0.11278220554098765,-4.964148299187961,6.900320435007342e-07,0.9999449524132102,False,0.23071057683139976,25.75399657836784,1.0,3.8782308732719704e-07,,,,,,,,2.0700961305022025e-06,True,TabPFN,X1_to_X3,race_aware
0.5,0.5,Female vs Male,sex,False,0.4040485829959514,False,conditional_statistical_parity,Hurlin LR over proxy strata,0.2606837606837607,0.43756243756243757,234,1001,,,,,2.4241291959616523e-09,,,,51.4332356639148,6.0,2.4241291959616523e-09,6.0,13.396030852164076,0.0002521573201604843,0.36432530767295873,0.19128964880123667,0.693884539193832,1.1247942799386124e-06,9.696516783846609e-09,True,TabPFN,X1_to_X3,race_aware
0.5,0.5,Female vs Male,sex,False,0.4040485829959514,False,fpr,z (pooled),0.2052980132450331,0.2763915547024952,151,521,-0.0710935414574621,-0.14609499479284266,0.003907911877918432,-1.752769881002143,0.07964151505012124,0.7091679607184609,False,0.13412389585617368,,,,,,,,,,,0.2389245451503637,False,TabPFN,X1_to_X3,race_aware
0.5,0.5,Female vs Male,sex,False,0.4040485829959514,False,fnr,z (pooled),0.6385542168674698,0.3875,83,480,0.2510542168674698,0.13888635105051705,0.3632220826844226,4.27277404834817,1.9305606016643215e-05,0.9997607119115572,False,0.3453441608220966,,,,,,,,,,,5.791681804992964e-05,True,TabPFN,X1_to_X3,race_aware
0.5,0.5,Female vs Male,sex,False,0.4040485829959514,False,equalized_odds,Hurlin LR given Y,,,234,1001,,,,,2.4027281051672013e-05,,,,21.27264132539238,2.0,2.4027281051672013e-05,,,,,,,,7.208184315501604e-05,True,TabPFN,X1_to_X3,race_aware
break_even,0.2523364485981308,African-American vs Caucasian,race,True,0.7642045454545454,False,statistical_parity,z (pooled),0.8616352201257862,0.6166666666666667,636,420,0.2449685534591195,0.19128258655522565,0.2986545203630133,9.178232584466137,4.382246773609777e-20,0.9999999999989883,False,0.29006287183641066,83.05385878999077,1.0,7.984791378660175e-20,,,,,,,,1.7528987094439107e-19,True,TabPFN,X1_to_X3,race_aware
break_even,0.2523364485981308,African-American vs Caucasian,race,True,0.7642045454545454,False,conditional_statistical_parity,Hurlin LR over proxy strata,0.8616352201257862,0.6166666666666667,636,420,,,,,3.3599319913782025e-15,,,,70.48532732081597,3.0,3.3599319913782025e-15,3.0,43.047040460127576,5.343936404500482e-11,9.951076758109197,4.484098394491839,22.083353203716435,0.00011162894393323963,1.343972796551281e-14,True,TabPFN,X1_to_X3,race_aware
break_even,0.2523364485981308,African-American vs Caucasian,race,True,0.7642045454545454,False,fpr,z (pooled),0.7920792079207921,0.515625,303,256,0.2764542079207921,0.20006238180968822,0.352846034031896,6.902050497224062,5.1257206687665875e-12,0.9999999947443102,False,0.3406710539073655,,,,,,,,,,,2.050288267506635e-11,True,TabPFN,X1_to_X3,race_aware
break_even,0.2523364485981308,African-American vs Caucasian,race,True,0.7642045454545454,False,fnr,z (pooled),0.07507507507507508,0.22560975609756098,333,164,-0.1505346810224859,-0.22048726987871792,-0.08058209216625388,-4.7754942729305405,1.792663933120385e-06,0.997478087467036,False,0.20935081896513008,,,,,,,,,,,7.17065573248154e-06,True,TabPFN,X1_to_X3,race_aware
break_even,0.2523364485981308,African-American vs Caucasian,race,True,0.7642045454545454,False,equalized_odds,Hurlin LR given Y,,,636,420,,,,,8.168652298501068e-16,,,,69.48211509996717,2.0,8.168652298501068e-16,,,,,,,,3.2674609194004273e-15,True,TabPFN,X1_to_X3,race_aware
break_even,0.2523364485981308,Hispanic vs Caucasian,race,False,0.621414913957935,False,statistical_parity,z (pooled),0.6407766990291263,0.6166666666666667,103,420,0.024110032362459566,-0.0795571785922115,0.12777724331713064,0.4520824206363463,0.651209607404807,0.3123526747745883,False,0.11126526989751875,0.20546266272983793,1.0,0.6503472084725404,,,,,,,,1.0,False,TabPFN,X1_to_X3,race_aware
break_even,0.2523364485981308,Hispanic vs Caucasian,race,False,0.621414913957935,False,conditional_statistical_parity,Hurlin LR over proxy strata,0.6407766990291263,0.6166666666666667,103,420,,,,,0.3702968419296972,,,,3.1416506415473484,3.0,0.3702968419296972,3.0,0.8179970103318387,0.36576644450789,0.5247981545559401,0.1230270007776031,2.238639496082546,0.3710214695187376,0.7405936838593944,False,TabPFN,X1_to_X3,race_aware
break_even,0.2523364485981308,Hispanic vs Caucasian,race,False,0.621414913957935,False,fpr,z (pooled),0.53125,0.515625,64,256,0.015625,-0.12110408848327942,0.15235408848327942,0.2237641872959001,0.8229407977739609,0.311263348675404,False,0.13070692587288152,,,,,,,,,,,1.0,False,TabPFN,X1_to_X3,race_aware
break_even,0.2523364485981308,Hispanic vs Caucasian,race,False,0.621414913957935,False,fnr,z (pooled),0.1794871794871795,0.22560975609756098,39,164,-0.046122576610381494,-0.18249858282487533,0.09025342960411234,-0.6283345011438695,0.5297848348059613,0.47780795069276993,False,0.16110287176649235,,,,,,,,,,,0.8171236763387604,False,TabPFN,X1_to_X3,race_aware
break_even,0.2523364485981308,Hispanic vs Caucasian,race,False,0.621414913957935,False,equalized_odds,Hurlin LR given Y,,,103,420,,,,,0.795014348972777,,,,0.4587902309366514,2.0,0.795014348972777,,,,,,,,1.0,False,TabPFN,X1_to_X3,race_aware
break_even,0.2523364485981308,Other vs Caucasian,race,False,0.6155419222903885,False,statistical_parity,z (pooled),0.6086956521739131,0.6166666666666667,69,420,-0.007971014492753614,-0.13215899276423543,0.11621696377872821,-0.12614064473839479,0.8996205945593536,0.2537225032441016,False,0.11239148510502124,0.015882381485497143,1.0,0.8997118812605828,,,,,,,,1.0,False,TabPFN,X1_to_X3,race_aware
break_even,0.2523364485981308,Other vs Caucasian,race,False,0.6155419222903885,False,conditional_statistical_parity,Hurlin LR over proxy strata,0.6086956521739131,0.6166666666666667,69,420,,,,,0.7600856797441,,,,0.09324978473626755,1.0,0.7600856797441,1.0,0.09139784946236565,0.762407544632677,1.3846153846153844,0.17198781159171928,11.14706760653913,,0.7600856797441,False,TabPFN,X1_to_X3,race_aware
break_even,0.2523364485981308,Other vs Caucasian,race,False,0.6155419222903885,False,fpr,z (pooled),0.46511627906976744,0.515625,43,256,-0.050508720930232565,-0.21167048152918716,0.11065303966872203,-0.6130215106042781,0.5398621166758388,0.5024660814299016,False,0.18618312901379117,,,,,,,,,,,1.0,False,TabPFN,X1_to_X3,race_aware
break_even,0.2523364485981308,Other vs Caucasian,race,False,0.6155419222903885,False,fnr,z (pooled),0.15384615384615385,0.22560975609756098,26,164,-0.07176360225140713,-0.22449161642738033,0.08096441192456608,-0.8264271311256276,0.4085618381693802,0.6098365332138763,False,0.2005717200990287,,,,,,,,,,,0.8171236763387604,False,TabPFN,X1_to_X3,race_aware
break_even,0.2523364485981308,Other vs Caucasian,race,False,0.6155419222903885,False,equalized_odds,Hurlin LR given Y,,,69,420,,,,,0.5750501552616815,,,,1.1065960308934906,2.0,0.5750501552616815,,,,,,,,1.0,False,TabPFN,X1_to_X3,race_aware
break_even,0.2523364485981308,Female vs Male,sex,False,0.7441295546558705,False,statistical_parity,z (pooled),0.6410256410256411,0.7682317682317682,234,1001,-0.12720612720612712,-0.1939962668620317,-0.06041598755022254,-4.014811689355879,5.949327545474692e-05,0.9881763262602394,False,0.18330032460496115,15.258375117576179,1.0,9.376007647067525e-05,,,,,,,,0.00017847982636424076,True,TabPFN,X1_to_X3,race_aware
break_even,0.2523364485981308,Female vs Male,sex,False,0.7441295546558705,False,conditional_statistical_parity,Hurlin LR over proxy strata,0.6410256410256411,0.7682317682317682,234,1001,,,,,1.7897012010947153e-05,,,,27.225545560036913,4.0,1.7897012010947153e-05,4.0,17.02130271797378,3.6962784925598235e-05,0.12878749805091963,0.0426072372961935,0.3892817442941187,0.09478016169227499,5.369103603284146e-05,True,TabPFN,X1_to_X3,race_aware
break_even,0.2523364485981308,Female vs Male,sex,False,0.7441295546558705,False,fpr,z (pooled),0.5761589403973509,0.6564299424184261,151,521,-0.08027100202107518,-0.16901421864063537,0.008472214598485031,-1.8076688456961278,0.07065805616105496,0.747996441992768,False,0.1548497754349748,,,,,,,,,,,0.21197416848316486,False,TabPFN,X1_to_X3,race_aware
break_even,0.2523364485981308,Female vs Male,sex,False,0.7441295546558705,False,fnr,z (pooled),0.24096385542168675,0.11041666666666666,83,480,0.13054718875502008,0.03436400884162186,0.2267303686684183,3.269052657884881,0.0010790821744000318,0.9493566540369874,False,0.21140017260524346,,,,,,,,,,,0.0032372465232000953,True,TabPFN,X1_to_X3,race_aware
break_even,0.2523364485981308,Female vs Male,sex,False,0.7441295546558705,False,equalized_odds,Hurlin LR given Y,,,234,1001,,,,,0.0020152510029749146,,,,12.414023048216272,2.0,0.0020152510029749146,,,,,,,,0.006045753008924744,True,TabPFN,X1_to_X3,race_aware
0.5,0.5,African-American vs Caucasian,race,True,0.5037878787878788,False,statistical_parity,z (pooled),0.60062893081761,0.35714285714285715,636,420,0.2434860736747529,0.18391453864698554,0.30305760870252024,7.74529259881554,9.536199065022404e-15,0.9999999998553907,False,0.29352406165725586,60.64530736944292,1.0,6.834279396425114e-15,,,,,,,,3.8144796260089615e-14,True,COMPAS tool,X1_to_X3,race_aware
0.5,0.5,African-American vs Caucasian,race,True,0.5037878787878788,False,conditional_statistical_parity,Hurlin LR over proxy strata,0.60062893081761,0.35714285714285715,636,420,,,,,0.002454904922919527,,,,39.480649958637386,18.0,0.002454904922919527,18.0,14.10009855912609,0.00017333469957225844,1.7461978500503024,1.299522808820674,2.3464050887167383,0.14918972119273288,0.009819619691678109,True,COMPAS tool,X1_to_X3,race_aware
0.5,0.5,African-American vs Caucasian,race,True,0.5037878787878788,False,fpr,z (pooled),0.42244224422442245,0.265625,303,256,0.15681724422442245,0.07922603207680591,0.234408456372039,3.8713253403967283,0.0001082452044104177,0.9964086927356083,False,0.22204232358236678,,,,,,,,,,,0.0004329808176416708,True,COMPAS tool,X1_to_X3,race_aware
0.5,0.5,African-American vs Caucasian,race,True,0.5037878787878788,False,fnr,z (pooled),0.23723723723723725,0.5,333,164,-0.2627627627627628,-0.3518883584094895,-0.17363716711603608,-5.885772587297624,3.961987894976192e-09,0.9999981361694245,False,0.3376995651526174,,,,,,,,,,,1.5847951579904767e-08,True,COMPAS tool,X1_to_X3,race_aware
0.5,0.5,African-American vs Caucasian,race,True,0.5037878787878788,False,equalized_odds,Hurlin LR given Y,,,636,420,,,,,2.3292082388076535e-11,,,,48.965815249552996,2.0,2.3292082388076535e-11,,,,,,,,9.316832955230614e-11,True,COMPAS tool,X1_to_X3,race_aware
0.5,0.5,Hispanic vs Caucasian,race,False,0.3441682600382409,False,statistical_parity,z (pooled),0.2912621359223301,0.35714285714285715,103,420,-0.06588072122052707,-0.1648697197690702,0.03310827732801605,-1.261156940623699,0.20725230893608937,0.6233418618775698,False,0.14910288570634772,1.6238966826596943,1.0,0.20254930571743998,,,,,,,,0.41450461787217874,False,COMPAS tool,X1_to_X3,race_aware
0.5,0.5,Hispanic vs Caucasian,race,False,0.3441682600382409,False,conditional_statistical_parity,Hurlin LR over proxy strata,0.2912621359223301,0.35714285714285715,103,420,,,,,0.39592087417686433,,,,16.841556431031158,16.0,0.39592087417686433,16.0,2.601598547577153,0.10675598767386507,0.637061766879837,0.3709224221494144,1.0941578901277011,0.6534213849715809,0.7918417483537287,False,COMPAS tool,X1_to_X3,race_aware
0.5,0.5,Hispanic vs Caucasian,race,False,0.3441682600382409,False,fpr,z (pooled),0.203125,0.265625,64,256,-0.0625,-0.1749399422881932,0.049939942288193206,-1.028545518471772,0.30369329069626094,0.5861727535863986,False,0.15713827519879453,,,,,,,,,,,0.6073865813925219,False,COMPAS tool,X1_to_X3,race_aware
0.5,0.5,Hispanic vs Caucasian,race,False,0.3441682600382409,False,fnr,z (pooled),0.5641025641025641,0.5,39,164,0.0641025641025641,-0.10932140354060799,0.23752653174573618,0.7198522744518148,0.47161595538786316,0.5632357008654552,False,0.21031845310134686,,,,,,,,,,,1.0,False,COMPAS tool,X1_to_X3,race_aware
0.5,0.5,Hispanic vs Caucasian,race,False,0.3441682600382409,False,equalized_odds,Hurlin LR given Y,,,103,420,,,,,0.4455342943936039,,,,1.6169621109497831,2.0,0.4455342943936039,,,,,,,,0.8910685887872078,False,COMPAS tool,X1_to_X3,race_aware
0.5,0.5,Other vs Caucasian,race,False,0.33537832310838445,False,statistical_parity,z (pooled),0.2028985507246377,0.35714285714285715,69,420,-0.15424430641821946,-0.2596198673296006,-0.048868745506838354,-2.5150646760158875,0.011901054931103518,0.9734559750936749,False,0.24284680896757346,6.806004451107071,1.0,0.00908518311601236,,,,,,,,0.03570316479331055,True,COMPAS tool,X1_to_X3,race_aware
0.5,0.5,Other vs Caucasian,race,False,0.33537832310838445,False,conditional_statistical_parity,Hurlin LR over proxy strata,0.2028985507246377,0.35714285714285715,69,420,,,,,0.018046400890055162,,,,28.61030574240941,15.0,0.018046400890055162,15.0,11.360854871887323,0.0007500829196231962,0.26315253717275466,0.12135038972479605,0.5706554216884236,0.6164666453384471,0.05413920267016549,False,COMPAS tool,X1_to_X3,race_aware
0.5,0.5,Other vs Caucasian,race,False,0.33537832310838445,False,fpr,z (pooled),0.06976744186046512,0.265625,43,256,-0.19585755813953487,-0.28926556042707074,-0.10244955585199897,-2.7927595293567333,0.005226052621595412,0.9987942428154036,False,0.274493305065666,,,,,,,,,,,0.015678157864786237,True,COMPAS tool,X1_to_X3,race_aware
0.5,0.5,Other vs Caucasian,race,False,0.33537832310838445,False,fnr,z (pooled),0.5769230769230769,0.5,26,164,0.07692307692307687,-0.12781757710156497,0.2816637309477187,0.7289784749063989,0.466014829504519,0.601552257929663,False,0.24959773935546517,,,,,,,,,,,1.0,False,COMPAS tool,X1_to_X3,race_aware
0.5,0.5,Other vs Caucasian,race,False,0.33537832310838445,False,equalized_odds,Hurlin LR given Y,,,69,420,,,,,0.006158264029276388,,,,10.179920709165465,2.0,0.006158264029276388,,,,,,,,0.018474792087829164,True,COMPAS tool,X1_to_X3,race_aware
0.5,0.5,Female vs Male,sex,False,0.46639676113360323,False,statistical_parity,z (pooled),0.44871794871794873,0.47052947052947053,234,1001,-0.021811521811521795,-0.09264246182374737,0.04901941820070378,-0.6021302764191608,0.5470874224782923,0.21776917085376235,False,0.08129941555542268,0.36306677167869594,1.0,0.5468079426438925,,,,,,,,0.5470874224782923,False,COMPAS tool,X1_to_X3,race_aware
0.5,0.5,Female vs Male,sex,False,0.46639676113360323,False,conditional_statistical_parity,Hurlin LR over proxy strata,0.44871794871794873,0.47052947052947053,234,1001,,,,,0.4795151858947996,,,,17.64118065116316,18.0,0.4795151858947996,18.0,1.9127127030598912,0.16666223832890126,1.2690266670499226,0.9040477310390328,1.7813536015769327,0.1890113401429402,0.7918417483537287,False,COMPAS tool,X1_to_X3,race_aware
0.5,0.5,Female vs Male,sex,False,0.46639676113360323,False,fpr,z (pooled),0.31788079470198677,0.31477927063339733,151,521,0.003101524068589434,-0.08119916927322807,0.08740221741040693,0.07221381370664585,0.9424317521274836,0.13797010443764562,False,0.0739468522735206,,,,,,,,,,,0.9424317521274836,False,COMPAS tool,X1_to_X3,race_aware
0.5,0.5,Female vs Male,sex,False,0.46639676113360323,False,fnr,z (pooled),0.3132530120481928,0.36041666666666666,83,480,-0.04716365461847388,-0.15579795270257976,0.061470643465632,-0.8299350049502094,0.40657553213119,0.47960297058164325,False,0.1384832300003962,,,,,,,,,,,1.0,False,COMPAS tool,X1_to_X3,race_aware
0.5,0.5,Female vs Male,sex,False,0.46639676113360323,False,equalized_odds,Hurlin LR given Y,,,234,1001,,,,,0.7029961306909508,,,,0.7048077823648434,2.0,0.7029961306909508,,,,,,,,0.8910685887872078,False,COMPAS tool,X1_to_X3,race_aware
break_even,0.2523364485981308,African-American vs Caucasian,race,True,0.5037878787878788,False,statistical_parity,z (pooled),0.60062893081761,0.35714285714285715,636,420,0.2434860736747529,0.18391453864698554,0.30305760870252024,7.74529259881554,9.536199065022404e-15,0.9999999998553907,False,0.29352406165725586,60.64530736944292,1.0,6.834279396425114e-15,,,,,,,,3.8144796260089615e-14,True,COMPAS tool,X1_to_X3,race_aware
break_even,0.2523364485981308,African-American vs Caucasian,race,True,0.5037878787878788,False,conditional_statistical_parity,Hurlin LR over proxy strata,0.60062893081761,0.35714285714285715,636,420,,,,,0.002454904922919527,,,,39.480649958637386,18.0,0.002454904922919527,18.0,14.10009855912609,0.00017333469957225844,1.7461978500503024,1.299522808820674,2.3464050887167383,0.14918972119273288,0.009819619691678109,True,COMPAS tool,X1_to_X3,race_aware
break_even,0.2523364485981308,African-American vs Caucasian,race,True,0.5037878787878788,False,fpr,z (pooled),0.42244224422442245,0.265625,303,256,0.15681724422442245,0.07922603207680591,0.234408456372039,3.8713253403967283,0.0001082452044104177,0.9964086927356083,False,0.22204232358236678,,,,,,,,,,,0.0004329808176416708,True,COMPAS tool,X1_to_X3,race_aware
break_even,0.2523364485981308,African-American vs Caucasian,race,True,0.5037878787878788,False,fnr,z (pooled),0.23723723723723725,0.5,333,164,-0.2627627627627628,-0.3518883584094895,-0.17363716711603608,-5.885772587297624,3.961987894976192e-09,0.9999981361694245,False,0.3376995651526174,,,,,,,,,,,1.5847951579904767e-08,True,COMPAS tool,X1_to_X3,race_aware
break_even,0.2523364485981308,African-American vs Caucasian,race,True,0.5037878787878788,False,equalized_odds,Hurlin LR given Y,,,636,420,,,,,2.3292082388076535e-11,,,,48.965815249552996,2.0,2.3292082388076535e-11,,,,,,,,9.316832955230614e-11,True,COMPAS tool,X1_to_X3,race_aware
break_even,0.2523364485981308,Hispanic vs Caucasian,race,False,0.3441682600382409,False,statistical_parity,z (pooled),0.2912621359223301,0.35714285714285715,103,420,-0.06588072122052707,-0.1648697197690702,0.03310827732801605,-1.261156940623699,0.20725230893608937,0.6233418618775698,False,0.14910288570634772,1.6238966826596943,1.0,0.20254930571743998,,,,,,,,0.41450461787217874,False,COMPAS tool,X1_to_X3,race_aware
break_even,0.2523364485981308,Hispanic vs Caucasian,race,False,0.3441682600382409,False,conditional_statistical_parity,Hurlin LR over proxy strata,0.2912621359223301,0.35714285714285715,103,420,,,,,0.39592087417686433,,,,16.841556431031158,16.0,0.39592087417686433,16.0,2.601598547577153,0.10675598767386507,0.637061766879837,0.3709224221494144,1.0941578901277011,0.6534213849715809,0.7918417483537287,False,COMPAS tool,X1_to_X3,race_aware
break_even,0.2523364485981308,Hispanic vs Caucasian,race,False,0.3441682600382409,False,fpr,z (pooled),0.203125,0.265625,64,256,-0.0625,-0.1749399422881932,0.049939942288193206,-1.028545518471772,0.30369329069626094,0.5861727535863986,False,0.15713827519879453,,,,,,,,,,,0.6073865813925219,False,COMPAS tool,X1_to_X3,race_aware
break_even,0.2523364485981308,Hispanic vs Caucasian,race,False,0.3441682600382409,False,fnr,z (pooled),0.5641025641025641,0.5,39,164,0.0641025641025641,-0.10932140354060799,0.23752653174573618,0.7198522744518148,0.47161595538786316,0.5632357008654552,False,0.21031845310134686,,,,,,,,,,,1.0,False,COMPAS tool,X1_to_X3,race_aware
break_even,0.2523364485981308,Hispanic vs Caucasian,race,False,0.3441682600382409,False,equalized_odds,Hurlin LR given Y,,,103,420,,,,,0.4455342943936039,,,,1.6169621109497831,2.0,0.4455342943936039,,,,,,,,0.8910685887872078,False,COMPAS tool,X1_to_X3,race_aware
break_even,0.2523364485981308,Other vs Caucasian,race,False,0.33537832310838445,False,statistical_parity,z (pooled),0.2028985507246377,0.35714285714285715,69,420,-0.15424430641821946,-0.2596198673296006,-0.048868745506838354,-2.5150646760158875,0.011901054931103518,0.9734559750936749,False,0.24284680896757346,6.806004451107071,1.0,0.00908518311601236,,,,,,,,0.03570316479331055,True,COMPAS tool,X1_to_X3,race_aware
break_even,0.2523364485981308,Other vs Caucasian,race,False,0.33537832310838445,False,conditional_statistical_parity,Hurlin LR over proxy strata,0.2028985507246377,0.35714285714285715,69,420,,,,,0.018046400890055162,,,,28.61030574240941,15.0,0.018046400890055162,15.0,11.360854871887323,0.0007500829196231962,0.26315253717275466,0.12135038972479605,0.5706554216884236,0.6164666453384471,0.05413920267016549,False,COMPAS tool,X1_to_X3,race_aware
break_even,0.2523364485981308,Other vs Caucasian,race,False,0.33537832310838445,False,fpr,z (pooled),0.06976744186046512,0.265625,43,256,-0.19585755813953487,-0.28926556042707074,-0.10244955585199897,-2.7927595293567333,0.005226052621595412,0.9987942428154036,False,0.274493305065666,,,,,,,,,,,0.015678157864786237,True,COMPAS tool,X1_to_X3,race_aware
break_even,0.2523364485981308,Other vs Caucasian,race,False,0.33537832310838445,False,fnr,z (pooled),0.5769230769230769,0.5,26,164,0.07692307692307687,-0.12781757710156497,0.2816637309477187,0.7289784749063989,0.466014829504519,0.601552257929663,False,0.24959773935546517,,,,,,,,,,,1.0,False,COMPAS tool,X1_to_X3,race_aware
break_even,0.2523364485981308,Other vs Caucasian,race,False,0.33537832310838445,False,equalized_odds,Hurlin LR given Y,,,69,420,,,,,0.006158264029276388,,,,10.179920709165465,2.0,0.006158264029276388,,,,,,,,0.018474792087829164,True,COMPAS tool,X1_to_X3,race_aware
break_even,0.2523364485981308,Female vs Male,sex,False,0.46639676113360323,False,statistical_parity,z (pooled),0.44871794871794873,0.47052947052947053,234,1001,-0.021811521811521795,-0.09264246182374737,0.04901941820070378,-0.6021302764191608,0.5470874224782923,0.21776917085376235,False,0.08129941555542268,0.36306677167869594,1.0,0.5468079426438925,,,,,,,,0.5470874224782923,False,COMPAS tool,X1_to_X3,race_aware
break_even,0.2523364485981308,Female vs Male,sex,False,0.46639676113360323,False,conditional_statistical_parity,Hurlin LR over proxy strata,0.44871794871794873,0.47052947052947053,234,1001,,,,,0.4795151858947996,,,,17.64118065116316,18.0,0.4795151858947996,18.0,1.9127127030598912,0.16666223832890126,1.2690266670499226,0.9040477310390328,1.7813536015769327,0.1890113401429402,0.7918417483537287,False,COMPAS tool,X1_to_X3,race_aware
break_even,0.2523364485981308,Female vs Male,sex,False,0.46639676113360323,False,fpr,z (pooled),0.31788079470198677,0.31477927063339733,151,521,0.003101524068589434,-0.08119916927322807,0.08740221741040693,0.07221381370664585,0.9424317521274836,0.13797010443764562,False,0.0739468522735206,,,,,,,,,,,0.9424317521274836,False,COMPAS tool,X1_to_X3,race_aware
break_even,0.2523364485981308,Female vs Male,sex,False,0.46639676113360323,False,fnr,z (pooled),0.3132530120481928,0.36041666666666666,83,480,-0.04716365461847388,-0.15579795270257976,0.061470643465632,-0.8299350049502094,0.40657553213119,0.47960297058164325,False,0.1384832300003962,,,,,,,,,,,1.0,False,COMPAS tool,X1_to_X3,race_aware
break_even,0.2523364485981308,Female vs Male,sex,False,0.46639676113360323,False,equalized_odds,Hurlin LR given Y,,,234,1001,,,,,0.7029961306909508,,,,0.7048077823648434,2.0,0.7029961306909508,,,,,,,,0.8910685887872078,False,COMPAS tool,X1_to_X3,race_aware
0.5,0.5,African-American vs Caucasian,race,True,0.42329545454545453,False,statistical_parity,z (pooled),0.5110062893081762,0.2904761904761905,636,420,0.22053009883198565,0.16226919971581555,0.27879099794815576,7.098892936893876,1.2576018244971593e-12,0.9999999937014392,False,0.2694671988826371,51.436045595329134,1.0,7.396788256908398e-13,,,,,,,,5.030407297988637e-12,True,TabPFN,X1_to_X3,race_blind
0.5,0.5,African-American vs Caucasian,race,True,0.42329545454545453,False,conditional_statistical_parity,Hurlin LR over proxy strata,0.5110062893081762,0.2904761904761905,636,420,,,,,0.23106272855396243,,,,6.86257924753842,5.0,0.23106272855396243,5.0,0.9947166535159917,0.3185923091436328,1.3258838495157248,0.7551092397783622,2.3280975649597817,0.21582299727315535,0.6931881856618873,False,TabPFN,X1_to_X3,race_blind
0.5,0.5,African-American vs Caucasian,race,True,0.42329545454545453,False,fpr,z (pooled),0.33663366336633666,0.22265625,303,256,0.11397741336633666,0.040300051191592745,0.18765477554108057,2.9760309248299897,0.002920054146413647,0.9553363859232988,False,0.175912414273257,,,,,,,,,,,0.011680216585654588,True,TabPFN,X1_to_X3,race_blind
0.5,0.5,African-American vs Caucasian,race,True,0.42329545454545453,False,fnr,z (pooled),0.3303303303303303,0.6036585365853658,333,164,-0.2733282062550355,-0.36363921863818993,-0.1830171938718811,-5.804132249749619,6.470019584557862e-09,0.9999991588911987,False,0.3492617070577615,,,,,,,,,,,2.588007833823145e-08,True,TabPFN,X1_to_X3,race_blind
0.5,0.5,African-American vs Caucasian,race,True,0.42329545454545453,False,equalized_odds,Hurlin LR given Y,,,636,420,,,,,5.696470337854702e-10,,,,42.5720083717609,2.0,5.696470337854702e-10,,,,,,,,2.2785881351418807e-09,True,TabPFN,X1_to_X3,race_blind
0.5,0.5,Hispanic vs Caucasian,race,False,0.2944550669216061,False,statistical_parity,z (pooled),0.3106796116504854,0.2904761904761905,103,420,0.02020342117429491,-0.07915564954488744,0.11956249189347726,0.4031303318227422,0.6868523479281612,0.2784708743043395,False,0.10373671323497895,0.16125070945481212,1.0,0.6880076199939209,,,,,,,,1.0,False,TabPFN,X1_to_X3,race_blind
0.5,0.5,Hispanic vs Caucasian,race,False,0.2944550669216061,False,conditional_statistical_parity,Hurlin LR over proxy strata,0.3106796116504854,0.2904761904761905,103,420,,,,,0.4049061875635928,,,,5.090746041897537,5.0,0.4049061875635928,5.0,1.755087879095463,0.18523839146133247,1.8985177972519742,0.7584441665046763,4.752320586884315,0.6946608461902251,0.8098123751271856,False,TabPFN,X1_to_X3,race_blind
0.5,0.5,Hispanic vs Caucasian,race,False,0.2944550669216061,False,fpr,z (pooled),0.171875,0.22265625,64,256,-0.05078125,-0.15632970522746514,0.05476720522746516,-0.8882467334983534,0.37440804534676253,0.505782818988272,False,0.1396191091214679,,,,,,,,,,,0.7488160906935251,False,TabPFN,X1_to_X3,race_blind
0.5,0.5,Hispanic vs Caucasian,race,False,0.2944550669216061,False,fnr,z (pooled),0.46153846153846156,0.6036585365853658,39,164,-0.14212007504690427,-0.31556523035062756,0.031325080256819016,-1.61441624187981,0.10643717108238919,0.8504311204620111,False,0.2883538276239767,,,,,,,,,,,0.16630621635775966,False,TabPFN,X1_to_X3,race_blind
0.5,0.5,Hispanic vs Caucasian,race,False,0.2944550669216061,False,equalized_odds,Hurlin LR given Y,,,103,420,,,,,0.18280753367691888,,,,3.398642816273391,2.0,0.18280753367691888,,,,,,,,0.30070973084684427,False,TabPFN,X1_to_X3,race_blind
0.5,0.5,Other vs Caucasian,race,False,0.294478527607362,False,statistical_parity,z (pooled),0.3188405797101449,0.2904761904761905,69,420,0.0283643892339544,-0.08985683502085877,0.14658561348876759,0.479055976874838,0.6318988068978088,0.3599904456257409,False,0.1277678584333626,0.22657695009599044,1.0,0.6340736669029179,,,,,,,,1.0,False,TabPFN,X1_to_X3,race_blind
0.5,0.5,Other vs Caucasian,race,False,0.294478527607362,False,conditional_statistical_parity,Hurlin LR over proxy strata,0.3188405797101449,0.2904761904761905,69,420,,,,,0.7741443335058726,,,,1.7909136434931017,4.0,0.7741443335058726,4.0,0.5165711004282822,0.4723080293314533,1.5296640732441504,0.49986243744920245,4.681032223413808,0.7940244923905897,0.8098123751271856,False,TabPFN,X1_to_X3,race_blind
0.5,0.5,Other vs Caucasian,race,False,0.294478527607362,False,fpr,z (pooled),0.16279069767441862,0.22265625,43,256,-0.059865552325581384,-0.18140904477719705,0.061677940126034295,-0.8856107512023955,0.3758273161046908,0.5631462176019161,False,0.16218722797305132,,,,,,,,,,,0.7488160906935251,False,TabPFN,X1_to_X3,race_blind
0.5,0.5,Other vs Caucasian,race,False,0.294478527607362,False,fnr,z (pooled),0.4230769230769231,0.6036585365853658,26,164,-0.18058161350844276,-0.38470669140746183,0.02354346439057628,-1.732676924466261,0.08315310817887983,0.8942670964480517,False,0.3527371098758415,,,,,,,,,,,0.16630621635775966,False,TabPFN,X1_to_X3,race_blind
0.5,0.5,Other vs Caucasian,race,False,0.294478527607362,False,equalized_odds,Hurlin LR given Y,,,69,420,,,,,0.15035486542342213,,,,3.7895140188464493,2.0,0.15035486542342213,,,,,,,,0.30070973084684427,False,TabPFN,X1_to_X3,race_blind
0.5,0.5,Female vs Male,sex,False,0.40566801619433196,False,statistical_parity,z (pooled),0.27350427350427353,0.43656343656343655,234,1001,-0.16305916305916301,-0.2279121776122142,-0.09820614850611184,-4.573374461096152,4.799312831104211e-06,0.9996729094797547,False,0.21752645147913416,21.74422918419529,1.0,3.1152553246253536e-06,,,,,,,,1.4397938493312633e-05,True,TabPFN,X1_to_X3,race_blind
0.5,0.5,Female vs Male,sex,False,0.40566801619433196,False,conditional_statistical_parity,Hurlin LR over proxy strata,0.27350427350427353,0.43656343656343655,234,1001,,,,,3.414898366337703e-07,,,,38.21568554836538,5.0,3.414898366337703e-07,5.0,8.340967300598136,0.003876095524185774,0.4202042099461,0.216104046241123,0.8170674317657726,2.466245855525795e-05,1.3659593465350811e-06,True,TabPFN,X1_to_X3,race_blind
0.5,0.5,Female vs Male,sex,False,0.40566801619433196,False,fpr,z (pooled),0.2251655629139073,0.2744721689059501,151,521,-0.04930660599204281,-0.12616182216005928,0.027548610175973667,-1.2111776501083424,0.22582732653604076,0.4929485216589472,False,0.11389484124660555,,,,,,,,,,,0.6774819796081223,False,TabPFN,X1_to_X3,race_blind
0.5,0.5,Female vs Male,sex,False,0.40566801619433196,False,fnr,z (pooled),0.6385542168674698,0.3875,83,480,0.2510542168674698,0.13888635105051705,0.3632220826844226,4.27277404834817,1.9305606016643215e-05,0.9997607119115572,False,0.3453441608220966,,,,,,,,,,,5.791681804992964e-05,True,TabPFN,X1_to_X3,race_blind
0.5,0.5,Female vs Male,sex,False,0.40566801619433196,False,equalized_odds,Hurlin LR given Y,,,234,1001,,,,,5.579942840905606e-05,,,,19.587493864389558,2.0,5.579942840905606e-05,,,,,,,,0.0001673982852271682,True,TabPFN,X1_to_X3,race_blind
break_even,0.2523364485981308,African-American vs Caucasian,race,True,0.7329545454545454,False,statistical_parity,z (pooled),0.8050314465408805,0.6238095238095238,636,420,0.18122192273135673,0.12559460791505256,0.2368492375476609,6.514796606736709,7.278821833929374e-11,0.999997879163918,False,0.2279469048722351,41.82961288041324,1.0,9.958371107163075e-11,,,,,,,,2.9115287335717496e-10,True,TabPFN,X1_to_X3,race_blind
break_even,0.2523364485981308,African-American vs Caucasian,race,True,0.7329545454545454,False,conditional_statistical_parity,Hurlin LR over proxy strata,0.8050314465408805,0.6238095238095238,636,420,,,,,0.24849653213234932,,,,2.784652777489284,2.0,0.24849653213234932,2.0,1.5835984644708048,0.20824312424216784,1.938280166435506,0.6892549509572137,5.450711668272759,0.2845574313262572,0.9939861285293973,False,TabPFN,X1_to_X3,race_blind
break_even,0.2523364485981308,African-American vs Caucasian,race,True,0.7329545454545454,False,fpr,z (pooled),0.7095709570957096,0.5234375,303,256,0.1861334570957096,0.10640967738534292,0.2658572368060763,4.527404348729849,5.971261487882495e-06,0.9995636251472076,False,0.2531512251443774,,,,,,,,,,,2.388504595152998e-05,True,TabPFN,X1_to_X3,race_blind
break_even,0.2523364485981308,African-American vs Caucasian,race,True,0.7329545454545454,False,fnr,z (pooled),0.10810810810810811,0.21951219512195122,333,164,-0.1114040870138431,-0.1829958093978976,-0.039812364629788585,-3.317895059247783,0.0009069855342516914,0.9533087189358299,False,0.17159840845555635,,,,,,,,,,,0.0036279421370067656,True,TabPFN,X1_to_X3,race_blind
break_even,0.2523364485981308,African-American vs Caucasian,race,True,0.7329545454545454,False,equalized_odds,Hurlin LR given Y,,,636,420,,,,,1.8445716527075065e-07,,,,31.011697133949706,2.0,1.8445716527075065e-07,,,,,,,,7.378286610830026e-07,True,TabPFN,X1_to_X3,race_blind
break_even,0.2523364485981308,Hispanic vs Caucasian,race,False,0.6290630975143403,False,statistical_parity,z (pooled),0.6504854368932039,0.6238095238095238,103,420,0.026675913083680114,-0.07640519926678571,0.12975702543414594,0.5022437971100363,0.6154960383782982,0.32880148794669667,False,0.11333840500903239,0.2538416179562617,1.0,0.614382972036803,,,,,,,,1.0,False,TabPFN,X1_to_X3,race_blind
break_even,0.2523364485981308,Hispanic vs Caucasian,race,False,0.6290630975143403,False,conditional_statistical_parity,Hurlin LR over proxy strata,0.6504854368932039,0.6238095238095238,103,420,,,,,0.3285271796616062,,,,2.226271411568439,2.0,0.3285271796616062,2.0,1.2376337518867186,0.2659275753273025,0.4269340974212035,0.09344823543740992,1.9505207635829673,0.32020916832796753,0.9939861285293973,False,TabPFN,X1_to_X3,race_blind
break_even,0.2523364485981308,Hispanic vs Caucasian,race,False,0.6290630975143403,False,fpr,z (pooled),0.546875,0.5234375,64,256,0.0234375,-0.11300660668623014,0.15988160668623014,0.33594208857546415,0.7369145375071947,0.3515214806404185,False,0.1382795628385634,,,,,,,,,,,1.0,False,TabPFN,X1_to_X3,race_blind
break_even,0.2523364485981308,Hispanic vs Caucasian,race,False,0.6290630975143403,False,fnr,z (pooled),0.1794871794871795,0.21951219512195122,39,164,-0.04002501563477173,-0.17611015015564693,0.09606011888610347,-0.5498440598843364,0.5824263355719375,0.4429546459791169,False,0.1547600732735716,,,,,,,,,,,0.8908721591785527,False,TabPFN,X1_to_X3,race_blind
break_even,0.2523364485981308,Hispanic vs Caucasian,race,False,0.6290630975143403,False,equalized_odds,Hurlin LR given Y,,,103,420,,,,,0.8086616401966723,,,,0.4247493878315365,2.0,0.8086616401966723,,,,,,,,1.0,False,TabPFN,X1_to_X3,race_blind
break_even,0.2523364485981308,Other vs Caucasian,race,False,0.621676891615542,False,statistical_parity,z (pooled),0.6086956521739131,0.6238095238095238,69,420,-0.015113871635610732,-0.13923858075282208,0.10901083748160063,-0.2399146086924544,0.8103964554618462,0.2909905278603527,False,0.11948114390327112,0.05735097238529718,1.0,0.8107329141753277,,,,,,,,1.0,False,TabPFN,X1_to_X3,race_blind
break_even,0.2523364485981308,Other vs Caucasian,race,False,0.621676891615542,False,conditional_statistical_parity,Hurlin LR over proxy strata,0.6086956521739131,0.6238095238095238,69,420,,,,,0.7600856797441,,,,0.09324978473626755,1.0,0.7600856797441,1.0,0.09139784946236565,0.762407544632677,1.3846153846153844,0.17198781159171928,11.14706760653913,,1.0,False,TabPFN,X1_to_X3,race_blind
break_even,0.2523364485981308,Other vs Caucasian,race,False,0.621676891615542,False,fpr,z (pooled),0.46511627906976744,0.5234375,43,256,-0.058321220930232565,-0.21946877351352878,0.10282633165306365,-0.7080632436289195,0.47890598403233364,0.5402728666117244,False,0.19398366796231514,,,,,,,,,,,1.0,False,TabPFN,X1_to_X3,race_blind
break_even,0.2523364485981308,Other vs Caucasian,race,False,0.621676891615542,False,fnr,z (pooled),0.15384615384615385,0.21951219512195122,26,164,-0.06566604127579737,-0.21813438251648018,0.08680229996488545,-0.7630458042031749,0.44543607958927633,0.5796924675965052,False,0.19425515554224107,,,,,,,,,,,0.8908721591785527,False,TabPFN,X1_to_X3,race_blind
break_even,0.2523364485981308,Other vs Caucasian,race,False,0.621676891615542,False,equalized_odds,Hurlin LR given Y,,,69,420,,,,,0.5707627743485404,,,,1.1215632242689955,2.0,0.5707627743485404,,,,,,,,1.0,False,TabPFN,X1_to_X3,race_blind
break_even,0.2523364485981308,Female vs Male,sex,False,0.7182186234817813,False,statistical_parity,z (pooled),0.6581196581196581,0.7322677322677322,234,1001,-0.07414807414807412,-0.14082680078227314,-0.0074693475138750964,-2.2699008626782895,0.02321359877044047,0.7610225096604644,False,0.13014870048889643,5.00384407749678,1.0,0.02529108709928209,,,,,,,,0.06964079631132142,False,TabPFN,X1_to_X3,race_blind
break_even,0.2523364485981308,Female vs Male,sex,False,0.7182186234817813,False,conditional_statistical_parity,Hurlin LR over proxy strata,0.6581196581196581,0.7322677322677322,234,1001,,,,,0.737005369156694,,,,0.6103202033355695,2.0,0.737005369156694,2.0,0.23578180070490234,0.6272694598139323,0.759535655058043,0.252472923251353,2.284975370329574,0.5445369236607197,1.0,False,TabPFN,X1_to_X3,race_blind
break_even,0.2523364485981308,Female vs Male,sex,False,0.7182186234817813,False,fpr,z (pooled),0.5960264900662252,0.6084452975047985,151,521,-0.012418807438573265,-0.10119968261262646,0.07636206773547993,-0.27494873340013204,0.7833556255769689,0.20351376979146693,False,0.08702922866635222,,,,,,,,,,,1.0,False,TabPFN,X1_to_X3,race_blind
break_even,0.2523364485981308,Female vs Male,sex,False,0.7182186234817813,False,fnr,z (pooled),0.2289156626506024,0.13333333333333333,83,480,0.09558232931726907,0.0002183125523029933,0.19094634608223515,2.2679412877218565,0.023332785421192555,0.8253750382477569,False,0.17574671267756775,,,,,,,,,,,0.06999835626357767,False,TabPFN,X1_to_X3,race_blind
break_even,0.2523364485981308,Female vs Male,sex,False,0.7182186234817813,False,equalized_odds,Hurlin LR given Y,,,234,1001,,,,,0.0945716046196816,,,,4.716796021129512,2.0,0.0945716046196816,,,,,,,,0.2837148138590448,False,TabPFN,X1_to_X3,race_blind
0.5,0.5,African-American vs Caucasian,race,True,0.4668560606060606,False,statistical_parity,z (pooled),0.5220125786163522,0.38333333333333336,636,420,0.13867924528301884,0.07810555800703786,0.1992529325589998,4.420984319533043,9.82523042780309e-06,0.9979024633225305,False,0.18955900580217674,19.668362898070647,1.0,9.211383738338428e-06,,,,,,,,2.947569128340927e-05,True,TabPFN,X1_to_X3,race_priors_blind
0.5,0.5,African-American vs Caucasian,race,True,0.4668560606060606,False,conditional_statistical_parity,Hurlin LR over proxy strata,0.5220125786163522,0.38333333333333336,636,420,,,,,0.4253742879784626,,,,9.12986155665361,9.0,0.4253742879784626,9.0,0.06257421923655791,0.8024725919726525,1.0574387201719972,0.6842404079566148,1.6341868061523357,0.35565031080939224,0.8507485759569252,False,TabPFN,X1_to_X3,race_priors_blind
0.5,0.5,African-American vs Caucasian,race,True,0.4668560606060606,False,fpr,z (pooled),0.43564356435643564,0.31640625,303,256,0.11923731435643564,0.03947113355881293,0.19900349515405835,2.89222140107277,0.0038252827596301922,0.9552734287127073,False,0.18629072580085132,,,,,,,,,,,0.011475848278890578,True,TabPFN,X1_to_X3,race_priors_blind
0.5,0.5,African-American vs Caucasian,race,True,0.4668560606060606,False,fnr,z (pooled),0.3993993993993994,0.5121951219512195,333,164,-0.11279572255182013,-0.20563767369116603,-0.019953771412474244,-2.3839985293480463,0.01712567080958965,0.9072189801560959,False,0.19085723670533838,,,,,,,,,,,0.05137701242876895,False,TabPFN,X1_to_X3,race_priors_blind
0.5,0.5,African-American vs Caucasian,race,True,0.4668560606060606,False,equalized_odds,Hurlin LR given Y,,,636,420,,,,,0.0008745287767756305,,,,14.083650714999415,2.0,0.0008745287767756305,,,,,,,,0.0026235863303268915,True,TabPFN,X1_to_X3,race_priors_blind
0.5,0.5,Hispanic vs Caucasian,race,False,0.39579349904397704,False,statistical_parity,z (pooled),0.44660194174757284,0.38333333333333336,103,420,0.06326860841423948,-0.04340695976813068,0.16994417659660965,1.1766672616087568,0.2393283397603686,0.5962536800015816,False,0.1529530360987768,1.3714174602784848,1.0,0.24156849367016503,,,,,,,,0.4786566795207372,False,TabPFN,X1_to_X3,race_priors_blind
0.5,0.5,Hispanic vs Caucasian,race,False,0.39579349904397704,False,conditional_statistical_parity,Hurlin LR over proxy strata,0.44660194174757284,0.38333333333333336,103,420,,,,,0.7726846825097033,,,,4.061349268670416,7.0,0.7726846825097033,7.0,0.1688587813975307,0.6811280425663281,1.1801329708839614,0.5394282958199683,2.5818330995232337,0.7975834258813663,0.8507485759569252,False,TabPFN,X1_to_X3,race_priors_blind
0.5,0.5,Hispanic vs Caucasian,race,False,0.39579349904397704,False,fpr,z (pooled),0.375,0.31640625,64,256,0.05859375,-0.0729869284330047,0.1901744284330047,0.8929401954728154,0.3718892000800057,0.5508884058894856,False,0.16934237013420272,,,,,,,,,,,0.7437784001600114,False,TabPFN,X1_to_X3,race_priors_blind
0.5,0.5,Hispanic vs Caucasian,race,False,0.39579349904397704,False,fnr,z (pooled),0.4358974358974359,0.5121951219512195,39,164,-0.07629768605378362,-0.24971160989612926,0.09711623778856202,-0.8565502390974199,0.39169349649992413,0.61669820083679,False,0.2225051070000433,,,,,,,,,,,0.45345134421423694,False,TabPFN,X1_to_X3,race_priors_blind
0.5,0.5,Hispanic vs Caucasian,race,False,0.39579349904397704,False,equalized_odds,Hurlin LR given Y,,,103,420,,,,,0.4677231569354252,,,,1.5197574062120882,2.0,0.4677231569354252,,,,,,,,0.9354463138708504,False,TabPFN,X1_to_X3,race_priors_blind
0.5,0.5,Other vs Caucasian,race,False,0.39059304703476483,False,statistical_parity,z (pooled),0.43478260869565216,0.38333333333333336,69,420,0.0514492753623188,-0.07442218368339026,0.17732073440802787,0.8118168603406328,0.4168967260016392,0.5089975013375245,False,0.15728526023899636,0.6524849111409932,1.0,0.4192256575629446,,,,,,,,0.4786566795207372,False,TabPFN,X1_to_X3,race_priors_blind
0.5,0.5,Other vs Caucasian,race,False,0.39059304703476483,False,conditional_statistical_parity,Hurlin LR over proxy strata,0.43478260869565216,0.38333333333333336,69,420,,,,,0.11695679751945194,,,,12.85444494763226,8.0,0.11695679751945194,8.0,0.4346751715796369,0.5097037843518202,1.3630025935079058,0.5338710240388659,3.479821878802756,0.1566226220889948,0.35087039255835584,False,TabPFN,X1_to_X3,race_priors_blind
0.5,0.5,Other vs Caucasian,race,False,0.39059304703476483,False,fpr,z (pooled),0.32558139534883723,0.31640625,43,256,0.009175145348837233,-0.1420264468097429,0.16037673750741738,0.119571002691717,0.9048229913852955,0.29853246882618406,False,0.1364645621507288,,,,,,,,,,,0.9048229913852955,False,TabPFN,X1_to_X3,race_priors_blind
0.5,0.5,Other vs Caucasian,race,False,0.39059304703476483,False,fnr,z (pooled),0.38461538461538464,0.5121951219512195,26,164,-0.1275797373358349,-0.3296253710688877,0.07446589639721793,-1.2088364835464729,0.22672567210711847,0.7736752034455431,False,0.2979814671095116,,,,,,,,,,,0.45345134421423694,False,TabPFN,X1_to_X3,race_priors_blind
0.5,0.5,Other vs Caucasian,race,False,0.39059304703476483,False,equalized_odds,Hurlin LR given Y,,,69,420,,,,,0.4752240546049742,,,,1.4879377845097723,2.0,0.4752240546049742,,,,,,,,0.9354463138708504,False,TabPFN,X1_to_X3,race_priors_blind
0.5,0.5,Female vs Male,sex,False,0.4631578947368421,False,statistical_parity,z (pooled),0.0,0.5714285714285714,234,1001,-0.5714285714285714,-0.6020851465777337,-0.5407719962794091,-15.782130092357649,4.130114425102632e-56,1.0,False,0.5971757249283062,338.18016644804493,1.0,1.5892823249940175e-75,,,,,,,,1.6520457700410528e-55,True,TabPFN,X1_to_X3,race_priors_blind
0.5,0.5,Female vs Male,sex,False,0.4631578947368421,False,conditional_statistical_parity,Hurlin LR over proxy strata,0.0,0.5714285714285714,234,1001,,,,,5.266087994839889e-138,,,,667.9822433904321,9.0,5.266087994839889e-138,9.0,660.3175080414806,0.0,0.0,,,,2.1064351979359557e-137,True,TabPFN,X1_to_X3,race_priors_blind
0.5,0.5,Female vs Male,sex,False,0.4631578947368421,False,fpr,z (pooled),0.0,0.4856046065259117,151,521,-0.4856046065259117,-0.5285205993175568,-0.44268861373426666,-10.844449173840188,2.119084639028582e-27,1.0,False,0.5216707107777062,,,,,,,,,,,8.476338556114328e-27,True,TabPFN,X1_to_X3,race_priors_blind
0.5,0.5,Female vs Male,sex,False,0.4631578947368421,False,fnr,z (pooled),1.0,0.33541666666666664,83,480,0.6645833333333333,0.6223461922317693,0.7068204744348973,11.281661200368086,1.6166398559356708e-29,1.0,False,0.7000884901646958,,,,,,,,,,,6.466559423742683e-29,True,TabPFN,X1_to_X3,race_priors_blind
0.5,0.5,Female vs Male,sex,False,0.4631578947368421,False,equalized_odds,Hurlin LR given Y,,,234,1001,,,,,1.3538557522907643e-71,,,,326.36116993651916,2.0,1.3538557522907643e-71,,,,,,,,5.415423009163057e-71,True,TabPFN,X1_to_X3,race_priors_blind
break_even,0.2523364485981308,African-American vs Caucasian,race,True,0.9791666666666666,False,statistical_parity,z (pooled),0.9937106918238994,0.9571428571428572,636,420,0.03656783468104219,0.016247034916298267,0.05688863444578611,4.0720471424411535,4.660174416390721e-05,0.09770755212121601,False,0.0536365896484801,16.73217628394323,1.0,4.3044737979545464e-05,,,,,,,,0.00013980523249172163,True,TabPFN,X1_to_X3,race_priors_blind
break_even,0.2523364485981308,African-American vs Caucasian,race,True,0.9791666666666666,False,conditional_statistical_parity,Hurlin LR over proxy strata,0.9937106918238994,0.9571428571428572,636,420,,,,,0.01652345487032417,,,,10.254331769403924,3.0,0.01652345487032417,3.0,3.501590565196088,0.06130991898411686,2.8309090909090906,0.9030922547160652,8.874006214914745,0.08053849440209637,0.049570364610972514,True,TabPFN,X1_to_X3,race_priors_blind
break_even,0.2523364485981308,African-American vs Caucasian,race,True,0.9791666666666666,False,fpr,z (pooled),0.9900990099009901,0.94921875,303,256,0.04088025990099009,0.011766772668987163,0.06999374713299301,2.888024963991427,0.003876691035450343,0.2697479644970709,False,0.0653537725905611,,,,,,,,,,,0.01163007310635103,True,TabPFN,X1_to_X3,race_priors_blind
break_even,0.2523364485981308,African-American vs Caucasian,race,True,0.9791666666666666,False,fnr,z (pooled),0.003003003003003003,0.03048780487804878,333,164,-0.027484801875045775,-0.054445848315885115,-0.0005237554342064354,-2.6381438619054642,0.00833612093318818,0.05115726490248202,False,0.05015365019746451,,,,,,,,,,,0.02500836279956454,True,TabPFN,X1_to_X3,race_priors_blind
break_even,0.2523364485981308,African-American vs Caucasian,race,True,0.9791666666666666,False,equalized_odds,Hurlin LR given Y,,,636,420,,,,,0.00046614935280792584,,,,15.342008951199652,2.0,0.00046614935280792584,,,,,,,,0.0013984480584237776,True,TabPFN,X1_to_X3,race_priors_blind
break_even,0.2523364485981308,Hispanic vs Caucasian,race,False,0.9617590822179732,False,statistical_parity,z (pooled),0.9805825242718447,0.9571428571428572,103,420,0.023439667128987485,-0.009504421403721632,0.0563837556616966,1.1115949152386324,0.26631235976733847,0.057337289751029405,False,0.051136465711711473,1.4388759592083704,1.0,0.2303213212960127,,,,,,,,0.26631235976733847,False,TabPFN,X1_to_X3,race_priors_blind
break_even,0.2523364485981308,Hispanic vs Caucasian,race,False,0.9617590822179732,False,conditional_statistical_parity,Hurlin LR over proxy strata,0.9805825242718447,0.9571428571428572,103,420,,,,,0.03166070529404395,,,,8.828461284855608,3.0,0.03166070529404395,3.0,2.5789887653839676,0.10829082359567543,3.0349650349650346,0.6903772583717545,13.341999105220191,0.08383648517689768,0.0633214105880879,False,TabPFN,X1_to_X3,race_priors_blind
break_even,0.2523364485981308,Hispanic vs Caucasian,race,False,0.9617590822179732,False,fpr,z (pooled),0.96875,0.94921875,64,256,0.01953125,-0.03087121727686007,0.06993371727686007,0.6611796049072862,0.5084971390779454,0.11848744871699912,False,0.06195392002076356,,,,,,,,,,,0.5084971390779454,False,TabPFN,X1_to_X3,race_priors_blind
break_even,0.2523364485981308,Hispanic vs Caucasian,race,False,0.9617590822179732,False,fnr,z (pooled),0.0,0.03048780487804878,39,164,-0.03048780487804878,-0.05680053329704593,-0.004175076459051626,-1.1041060903212176,0.2695471196769027,0.07383463721868676,False,0.052672391184384965,,,,,,,,,,,0.5390942393538054,False,TabPFN,X1_to_X3,race_priors_blind
break_even,0.2523364485981308,Hispanic vs Caucasian,race,False,0.9617590822179732,False,equalized_odds,Hurlin LR given Y,,,103,420,,,,,0.26674959131047443,,,,2.6428898418167712,2.0,0.26674959131047443,,,,,,,,0.26674959131047443,False,TabPFN,X1_to_X3,race_priors_blind
break_even,0.2523364485981308,Other vs Caucasian,race,False,0.9631901840490797,False,statistical_parity,z (pooled),1.0,0.9571428571428572,69,420,0.042857142857142816,0.023487418766423504,0.06222686694786213,1.7521856882414737,0.07974188375778474,0.2350858629219249,False,0.059143708862438284,5.587711919624493,1.0,0.018086907216483906,,,,,,,,0.15948376751556947,False,TabPFN,X1_to_X3,race_priors_blind
break_even,0.2523364485981308,Other vs Caucasian,race,False,0.9631901840490797,False,conditional_statistical_parity,Hurlin LR over proxy strata,1.0,0.9571428571428572,69,420,,,,,0.43535397873299875,,,,0.6084977933747543,1.0,0.43535397873299875,1.0,0.34782608695652173,0.5553463166714221,inf,,,,0.43535397873299875,False,TabPFN,X1_to_X3,race_priors_blind
break_even,0.2523364485981308,Other vs Caucasian,race,False,0.9631901840490797,False,fpr,z (pooled),1.0,0.94921875,43,256,0.05078125,0.023886782118293388,0.07767571788170662,1.5109096635350632,0.13081146843690972,0.5226821540666582,False,0.07342242118733247,,,,,,,,,,,0.26162293687381943,False,TabPFN,X1_to_X3,race_priors_blind
break_even,0.2523364485981308,Other vs Caucasian,race,False,0.9631901840490797,False,fnr,z (pooled),0.0,0.03048780487804878,26,164,-0.03048780487804878,-0.05680053329704593,-0.004175076459051626,-0.9022786652229708,0.36690885591978584,0.07388849232118685,False,0.05267949669944249,,,,,,,,,,,0.5390942393538054,False,TabPFN,X1_to_X3,race_priors_blind
break_even,0.2523364485981308,Other vs Caucasian,race,False,0.9631901840490797,False,equalized_odds,Hurlin LR given Y,,,69,420,,,,,0.05997091674611719,,,,5.627791110346468,2.0,0.05997091674611719,,,,,,,,0.11994183349223438,False,TabPFN,X1_to_X3,race_priors_blind
break_even,0.2523364485981308,Female vs Male,sex,False,0.9805668016194332,False,statistical_parity,z (pooled),0.8974358974358975,1.0,234,1001,-0.10256410256410253,-0.14143634307421454,-0.06369186205399054,-10.23236769997988,1.4200435118101784e-24,0.9959277186717359,False,0.1352112439496859,81.92909321167497,1.0,1.4105755848576065e-19,,,,,,,,5.6801740472407134e-24,True,TabPFN,X1_to_X3,race_priors_blind
break_even,0.2523364485981308,Female vs Male,sex,False,0.9805668016194332,False,conditional_statistical_parity,Hurlin LR over proxy strata,0.8974358974358975,1.0,234,1001,,,,,2.9428198690254078e-24,,,,112.65562348887036,3.0,2.9428198690254078e-24,3.0,101.70018005303977,0.0,0.0,,,,1.1771279476101631e-23,True,TabPFN,X1_to_X3,race_priors_blind
break_even,0.2523364485981308,Female vs Male,sex,False,0.9805668016194332,False,fpr,z (pooled),0.8807947019867549,1.0,151,521,-0.11920529801324509,-0.17088794436487073,-0.06752265166161944,-7.988447823001373,1.3664827840825472e-15,0.9955619909213095,False,0.16263879657812613,,,,,,,,,,,5.465931136330189e-15,True,TabPFN,X1_to_X3,race_priors_blind
break_even,0.2523364485981308,Female vs Male,sex,False,0.9805668016194332,False,fnr,z (pooled),0.07228915662650602,0.0,83,480,0.07228915662650602,0.016576747304410985,0.12800156594860107,5.92220992140824,3.1764378416092796e-09,0.7833535158982585,False,0.1191218204585001,,,,,,,,,,,1.2705751366437118e-08,True,TabPFN,X1_to_X3,race_priors_blind
break_even,0.2523364485981308,Female vs Male,sex,False,0.9805668016194332,False,equalized_odds,Hurlin LR given Y,,,234,1001,,,,,7.546749661387632e-18,,,,78.85082942350544,2.0,7.546749661387632e-18,,,,,,,,3.018699864555053e-17,True,TabPFN,X1_to_X3,race_priors_blind
0.5,0.5,African-American vs Caucasian,race,True,0.17803030303030304,False,statistical_parity,z (pooled),0.20911949685534592,0.13095238095238096,636,420,0.07816711590296496,0.03300253570295213,0.1233316961029778,3.249903482069087,0.0011544418252593584,0.8890740748949084,False,0.11610377004876857,10.898969532251556,1.0,0.0009621777173526427,,,,,,,,0.0034633254757780755,True,TabPFN,X1_to_X3,race_proxy_blind
0.5,0.5,African-American vs Caucasian,race,True,0.17803030303030304,False,conditional_statistical_parity,Hurlin LR over proxy strata,0.20911949685534592,0.13095238095238096,636,420,,,,,0.24636278727745212,,,,7.8888142358506474,6.0,0.24636278727745212,6.0,0.28323492382887655,0.5945887296842962,1.207622157436018,0.6003027403942728,2.429359683036916,0.19984027020123607,0.49274152728385556,False,TabPFN,X1_to_X3,race_proxy_blind
0.5,0.5,African-American vs Caucasian,race,True,0.17803030303030304,False,fpr,z (pooled),0.1551155115511551,0.1015625,303,256,0.053553011551155105,-0.0014992858162310649,0.10860530891854128,1.8721969549425508,0.06117936022090804,0.5503066508689506,False,0.09983132536062966,,,,,,,,,,,0.18353808066272412,False,TabPFN,X1_to_X3,race_proxy_blind
0.5,0.5,African-American vs Caucasian,race,True,0.17803030303030304,False,fnr,z (pooled),0.7417417417417418,0.823170731707317,333,164,-0.08142898996557524,-0.1563914801193101,-0.006466499811840401,-2.024047412242339,0.04296527365980392,0.7941897932936344,False,0.14445745300741705,,,,,,,,,,,0.12889582097941177,False,TabPFN,X1_to_X3,race_proxy_blind
0.5,0.5,African-American vs Caucasian,race,True,0.17803030303030304,False,equalized_odds,Hurlin LR given Y,,,636,420,,,,,0.02025068814079113,,,,7.799133007491365,2.0,0.02025068814079113,,,,,,,,0.060752064422373395,False,TabPFN,X1_to_X3,race_proxy_blind
0.5,0.5,Hispanic vs Caucasian,race,False,0.14149139579349904,False,statistical_parity,z (pooled),0.18446601941747573,0.13095238095238096,103,420,0.05351363846509477,-0.028043655230650277,0.13507093216083982,1.396431226753909,0.1625846771199414,0.5336300262110567,False,0.12208059651586467,1.8435172816072107,1.0,0.1745392592486401,,,,,,,,0.3251693542398828,False,TabPFN,X1_to_X3,race_proxy_blind
0.5,0.5,Hispanic vs Caucasian,race,False,0.14149139579349904,False,conditional_statistical_parity,Hurlin LR over proxy strata,0.18446601941747573,0.13095238095238096,103,420,,,,,0.5076313648131672,,,,3.3082172291342853,4.0,0.5076313648131672,4.0,0.05488312002852339,0.8147742360144283,1.16798092792958,0.32566351427503215,4.188923192836254,0.4795449752109143,0.5076313648131672,False,TabPFN,X1_to_X3,race_proxy_blind
0.5,0.5,Hispanic vs Caucasian,race,False,0.14149139579349904,False,fpr,z (pooled),0.140625,0.1015625,64,256,0.0390625,-0.05379741908327265,0.13192241908327265,0.8955473256792901,0.37049457904676797,0.4087882472886667,False,0.11722069181599977,,,,,,,,,,,0.7409891580935359,False,TabPFN,X1_to_X3,race_proxy_blind
0.5,0.5,Hispanic vs Caucasian,race,False,0.14149139579349904,False,fnr,z (pooled),0.7435897435897436,0.823170731707317,39,164,-0.07958098811757341,-0.22854323545571517,0.06938125922056834,-1.1338545475338448,0.25685556561430256,0.6512337697741628,False,0.20517289861184637,,,,,,,,,,,0.25685556561430256,False,TabPFN,X1_to_X3,race_proxy_blind
0.5,0.5,Hispanic vs Caucasian,race,False,0.14149139579349904,False,equalized_odds,Hurlin LR given Y,,,103,420,,,,,0.37262020038841337,,,,1.9743912152156935,2.0,0.37262020038841337,,,,,,,,0.6316284137760455,False,TabPFN,X1_to_X3,race_proxy_blind
0.5,0.5,Other vs Caucasian,race,False,0.1390593047034765,False,statistical_parity,z (pooled),0.18840579710144928,0.13095238095238096,69,420,0.05745341614906832,-0.0402903392529963,0.15519717155113294,1.2782740502538446,0.20115281426183385,0.5593722981035902,False,0.13963889883872205,1.5197568815869547,1.0,0.21765628801579137,,,,,,,,0.3251693542398828,False,TabPFN,X1_to_X3,race_proxy_blind
0.5,0.5,Other vs Caucasian,race,False,0.1390593047034765,False,conditional_statistical_parity,Hurlin LR over proxy strata,0.18840579710144928,0.13095238095238096,69,420,,,,,0.1642471757612852,,,,7.85782537525735,5.0,0.1642471757612852,5.0,0.6119945581548978,0.4340378106327871,1.8109099804305284,0.38534282901589634,8.51033082825998,0.1269624764075863,0.49274152728385556,False,TabPFN,X1_to_X3,race_proxy_blind
0.5,0.5,Other vs Caucasian,race,False,0.1390593047034765,False,fpr,z (pooled),0.11627906976744186,0.1015625,43,256,0.014716569767441859,-0.08799306965336065,0.11742620918824437,0.29291941244186104,0.7695837503588311,0.2506404757315656,False,0.10118292184192713,,,,,,,,,,,0.7695837503588311,False,TabPFN,X1_to_X3,race_proxy_blind
0.5,0.5,Other vs Caucasian,race,False,0.1390593047034765,False,fnr,z (pooled),0.6923076923076923,0.823170731707317,26,164,-0.13086303939962474,-0.3176318275392602,0.05590574874001075,-1.565509920191733,0.11746339317976595,0.8014034701893227,False,0.2883805466018645,,,,,,,,,,,0.2349267863595319,False,TabPFN,X1_to_X3,race_proxy_blind
0.5,0.5,Other vs Caucasian,race,False,0.1390593047034765,False,equalized_odds,Hurlin LR given Y,,,69,420,,,,,0.31581420688802275,,,,2.3052023823866126,2.0,0.31581420688802275,,,,,,,,0.6316284137760455,False,TabPFN,X1_to_X3,race_proxy_blind
0.5,0.5,Female vs Male,sex,False,0.17894736842105263,False,statistical_parity,z (pooled),0.0,0.22077922077922077,234,1001,-0.22077922077922077,-0.2464737350970428,-0.19508470646139875,-7.932343784914892,2.150481386125743e-15,1.0,False,0.2423589504464525,103.54948424224565,1.0,2.5397089511680333e-24,,,,,,,,8.601925544502972e-15,True,TabPFN,X1_to_X3,race_proxy_blind
0.5,0.5,Female vs Male,sex,False,0.17894736842105263,False,conditional_statistical_parity,Hurlin LR over proxy strata,0.0,0.22077922077922077,234,1001,,,,,3.8454210965915154e-51,,,,250.13095040168275,6.0,3.8454210965915154e-51,6.0,243.05841300616956,0.0,0.0,,,,1.5381684386366062e-50,True,TabPFN,X1_to_X3,race_proxy_blind
0.5,0.5,Female vs Male,sex,False,0.17894736842105263,False,fpr,z (pooled),0.0,0.1689059500959693,151,521,-0.1689059500959693,-0.20107785603771122,-0.13673404415422735,-5.417378265748963,6.047930013577039e-08,0.9999999999993991,False,0.19594284795609954,,,,,,,,,,,2.4191720054308157e-07,True,TabPFN,X1_to_X3,race_proxy_blind
0.5,0.5,Female vs Male,sex,False,0.17894736842105263,False,fnr,z (pooled),1.0,0.7229166666666667,83,480,0.27708333333333335,0.23704492606861183,0.31712174059805487,5.4873696590619625,4.079628295515545e-08,1.0,False,0.31074020243329387,,,,,,,,,,,1.631851318206218e-07,True,TabPFN,X1_to_X3,race_proxy_blind
0.5,0.5,Female vs Male,sex,False,0.17894736842105263,False,equalized_odds,Hurlin LR given Y,,,234,1001,,,,,6.65000122460155e-22,,,,97.5245100141013,2.0,6.65000122460155e-22,,,,,,,,2.66000048984062e-21,True,TabPFN,X1_to_X3,race_proxy_blind
break_even,0.2523364485981308,African-American vs Caucasian,race,True,1.0,True,statistical_parity,z (pooled),1.0,1.0,636,420,0.0,,,,1.0,,False,,0.0,1.0,1.0,,,,,,,,1.0,False,TabPFN,X1_to_X3,race_proxy_blind
break_even,0.2523364485981308,African-American vs Caucasian,race,True,1.0,True,conditional_statistical_parity,Hurlin LR over proxy strata,1.0,1.0,636,420,,,,,1.0,,,,0.0,1.0,1.0,0.0,,,,,,,1.0,False,TabPFN,X1_to_X3,race_proxy_blind
break_even,0.2523364485981308,African-American vs Caucasian,race,True,1.0,True,fpr,z (pooled),1.0,1.0,303,256,0.0,,,,1.0,,False,,,,,,,,,,,,1.0,False,TabPFN,X1_to_X3,race_proxy_blind
break_even,0.2523364485981308,African-American vs Caucasian,race,True,1.0,True,fnr,z (pooled),0.0,0.0,333,164,0.0,,,,1.0,,False,,,,,,,,,,,,1.0,False,TabPFN,X1_to_X3,race_proxy_blind
break_even,0.2523364485981308,African-American vs Caucasian,race,True,1.0,True,equalized_odds,Hurlin LR given Y,,,636,420,,,,,1.0,,,,0.0,1.0,1.0,,,,,,,,1.0,False,TabPFN,X1_to_X3,race_proxy_blind
break_even,0.2523364485981308,Hispanic vs Caucasian,race,False,1.0,True,statistical_parity,z (pooled),1.0,1.0,103,420,0.0,,,,1.0,,False,,0.0,1.0,1.0,,,,,,,,1.0,False,TabPFN,X1_to_X3,race_proxy_blind
break_even,0.2523364485981308,Hispanic vs Caucasian,race,False,1.0,True,conditional_statistical_parity,Hurlin LR over proxy strata,1.0,1.0,103,420,,,,,1.0,,,,0.0,1.0,1.0,0.0,,,,,,,1.0,False,TabPFN,X1_to_X3,race_proxy_blind
break_even,0.2523364485981308,Hispanic vs Caucasian,race,False,1.0,True,fpr,z (pooled),1.0,1.0,64,256,0.0,,,,1.0,,False,,,,,,,,,,,,1.0,False,TabPFN,X1_to_X3,race_proxy_blind
break_even,0.2523364485981308,Hispanic vs Caucasian,race,False,1.0,True,fnr,z (pooled),0.0,0.0,39,164,0.0,,,,1.0,,False,,,,,,,,,,,,1.0,False,TabPFN,X1_to_X3,race_proxy_blind
break_even,0.2523364485981308,Hispanic vs Caucasian,race,False,1.0,True,equalized_odds,Hurlin LR given Y,,,103,420,,,,,1.0,,,,0.0,1.0,1.0,,,,,,,,1.0,False,TabPFN,X1_to_X3,race_proxy_blind
break_even,0.2523364485981308,Other vs Caucasian,race,False,1.0,True,statistical_parity,z (pooled),1.0,1.0,69,420,0.0,,,,1.0,,False,,0.0,1.0,1.0,,,,,,,,1.0,False,TabPFN,X1_to_X3,race_proxy_blind
break_even,0.2523364485981308,Other vs Caucasian,race,False,1.0,True,conditional_statistical_parity,Hurlin LR over proxy strata,1.0,1.0,69,420,,,,,1.0,,,,0.0,1.0,1.0,0.0,,,,,,,1.0,False,TabPFN,X1_to_X3,race_proxy_blind
break_even,0.2523364485981308,Other vs Caucasian,race,False,1.0,True,fpr,z (pooled),1.0,1.0,43,256,0.0,,,,1.0,,False,,,,,,,,,,,,1.0,False,TabPFN,X1_to_X3,race_proxy_blind
break_even,0.2523364485981308,Other vs Caucasian,race,False,1.0,True,fnr,z (pooled),0.0,0.0,26,164,0.0,,,,1.0,,False,,,,,,,,,,,,1.0,False,TabPFN,X1_to_X3,race_proxy_blind
break_even,0.2523364485981308,Other vs Caucasian,race,False,1.0,True,equalized_odds,Hurlin LR given Y,,,69,420,,,,,1.0,,,,0.0,1.0,1.0,,,,,,,,1.0,False,TabPFN,X1_to_X3,race_proxy_blind
break_even,0.2523364485981308,Female vs Male,sex,False,1.0,True,statistical_parity,z (pooled),1.0,1.0,234,1001,0.0,,,,1.0,,False,,0.0,1.0,1.0,,,,,,,,1.0,False,TabPFN,X1_to_X3,race_proxy_blind
break_even,0.2523364485981308,Female vs Male,sex,False,1.0,True,conditional_statistical_parity,Hurlin LR over proxy strata,1.0,1.0,234,1001,,,,,1.0,,,,0.0,1.0,1.0,0.0,,,,,,,1.0,False,TabPFN,X1_to_X3,race_proxy_blind
break_even,0.2523364485981308,Female vs Male,sex,False,1.0,True,fpr,z (pooled),1.0,1.0,151,521,0.0,,,,1.0,,False,,,,,,,,,,,,1.0,False,TabPFN,X1_to_X3,race_proxy_blind
break_even,0.2523364485981308,Female vs Male,sex,False,1.0,True,fnr,z (pooled),0.0,0.0,83,480,0.0,,,,1.0,,False,,,,,,,,,,,,1.0,False,TabPFN,X1_to_X3,race_proxy_blind
break_even,0.2523364485981308,Female vs Male,sex,False,1.0,True,equalized_odds,Hurlin LR given Y,,,234,1001,,,,,1.0,,,,0.0,1.0,1.0,,,,,,,,1.0,False,TabPFN,X1_to_X3,race_proxy_blind
0.5,0.5,African-American vs Caucasian,race,True,0.4289772727272727,False,statistical_parity,z (pooled),0.5188679245283019,0.29285714285714287,636,420,0.226010781671159,0.16768422216317613,0.2843373411791419,7.262841431372081,3.7904219422218116e-13,0.9999999977535339,False,0.27500303413470234,53.83073775717368,1.0,2.185270443735418e-13,,,,,,,,1.5161687768887246e-12,True,TabPFN,X1_to_X3,sex_blind
0.5,0.5,African-American vs Caucasian,race,True,0.4289772727272727,False,conditional_statistical_parity,Hurlin LR over proxy strata,0.5188679245283019,0.29285714285714287,636,420,,,,,0.10506070160355903,,,,7.655115331794489,4.0,0.10506070160355903,4.0,1.566238619300559,0.21075409926539013,1.4264538347715636,0.8112268815983819,2.508263210811428,0.1225611684680118,0.21012140320711806,False,TabPFN,X1_to_X3,sex_blind
0.5,0.5,African-American vs Caucasian,race,True,0.4289772727272727,False,fpr,z (pooled),0.3465346534653465,0.234375,303,256,0.11215965346534651,0.037570082093900364,0.18674922483679265,2.8966350179097065,0.0037718829552654378,0.948519476849548,False,0.174861479836119,,,,,,,,,,,0.015087531821061751,True,TabPFN,X1_to_X3,sex_blind
0.5,0.5,African-American vs Caucasian,race,True,0.4289772727272727,False,fnr,z (pooled),0.32432432432432434,0.6158536585365854,333,164,-0.291529334212261,-0.38135943783027826,-0.2016992305942438,-6.190633720658115,5.992280740849122e-10,0.9999998978941155,False,0.3670584869167877,,,,,,,,,,,2.396912296339649e-09,True,TabPFN,X1_to_X3,sex_blind
0.5,0.5,African-American vs Caucasian,race,True,0.4289772727272727,False,equalized_odds,Hurlin LR given Y,,,636,420,,,,,7.029435213651673e-11,,,,46.75665931958285,2.0,7.029435213651673e-11,,,,,,,,2.811774085460669e-10,True,TabPFN,X1_to_X3,sex_blind
0.5,0.5,Hispanic vs Caucasian,race,False,0.29063097514340347,False,statistical_parity,z (pooled),0.2815533980582524,0.29285714285714287,103,420,-0.011303744798890458,-0.10845490701963938,0.08584741742185846,-0.2264163042578162,0.8208776482004019,0.21767476566204086,False,0.09298080104629712,0.05150737544264228,1.0,0.820460783788648,,,,,,,,1.0,False,TabPFN,X1_to_X3,sex_blind
0.5,0.5,Hispanic vs Caucasian,race,False,0.29063097514340347,False,conditional_statistical_parity,Hurlin LR over proxy strata,0.2815533980582524,0.29285714285714287,103,420,,,,,0.03569225475468319,,,,10.298265196669533,4.0,0.03569225475468319,4.0,0.004713500992049265,0.9452642850044675,1.0355637513171758,0.3877477626954425,2.7656956047594656,0.06893509069848458,0.14276901901873276,False,TabPFN,X1_to_X3,sex_blind
0.5,0.5,Hispanic vs Caucasian,race,False,0.29063097514340347,False,fpr,z (pooled),0.140625,0.234375,64,256,-0.09375,-0.19348166081670676,0.0059816608167067575,-1.6311534878796656,0.10285793680195272,0.8047241276711361,False,0.17769198867705585,,,,,,,,,,,0.24703379836149097,False,TabPFN,X1_to_X3,sex_blind
0.5,0.5,Hispanic vs Caucasian,race,False,0.29063097514340347,False,fnr,z (pooled),0.48717948717948717,0.6158536585365854,39,164,-0.1286741713570982,-0.3023118293979368,0.04496348668374045,-1.4691426185296734,0.1417941102228185,0.8122117621513266,False,0.27507022536934445,,,,,,,,,,,0.27294798880560556,False,TabPFN,X1_to_X3,sex_blind
0.5,0.5,Hispanic vs Caucasian,race,False,0.29063097514340347,False,equalized_odds,Hurlin LR given Y,,,103,420,,,,,0.08200999405527548,,,,5.001828320843241,2.0,0.08200999405527548,,,,,,,,0.12279751786898199,False,TabPFN,X1_to_X3,sex_blind
0.5,0.5,Other vs Caucasian,race,False,0.2903885480572597,False,statistical_parity,z (pooled),0.2753623188405797,0.29285714285714287,69,420,-0.01749482401656316,-0.1315258183832403,0.09653617035011397,-0.2966909428671196,0.7667024724121221,0.2883120620658011,False,0.11337503933115285,0.08880157865458704,1.0,0.7657062643981923,,,,,,,,1.0,False,TabPFN,X1_to_X3,sex_blind
0.5,0.5,Other vs Caucasian,race,False,0.2903885480572597,False,conditional_statistical_parity,Hurlin LR over proxy strata,0.2753623188405797,0.29285714285714287,69,420,,,,,0.21458233755047038,,,,4.474431186075934,3.0,0.21458233755047038,3.0,0.7510517664260301,0.3861434394804044,0.5286044648660086,0.1281721549010774,2.180057599031057,0.25803117615167537,0.21458233755047038,False,TabPFN,X1_to_X3,sex_blind
0.5,0.5,Other vs Caucasian,race,False,0.2903885480572597,False,fpr,z (pooled),0.11627906976744186,0.234375,43,256,-0.11809593023255814,-0.2270578943625148,-0.009133966102601476,-1.737241234239837,0.08234459945383032,0.8892049091454203,False,0.20982581660269817,,,,,,,,,,,0.24703379836149097,False,TabPFN,X1_to_X3,sex_blind
0.5,0.5,Other vs Caucasian,race,False,0.2903885480572597,False,fnr,z (pooled),0.46153846153846156,0.6158536585365854,26,164,-0.1543151969981238,-0.35988764503566517,0.05125725103941761,-1.4890507913975322,0.13647399440280278,0.8393855412035643,False,0.3276913798543622,,,,,,,,,,,0.27294798880560556,False,TabPFN,X1_to_X3,sex_blind
0.5,0.5,Other vs Caucasian,race,False,0.2903885480572597,False,equalized_odds,Hurlin LR given Y,,,69,420,,,,,0.061398758934490996,,,,5.5807313136532555,2.0,0.061398758934490996,,,,,,,,0.12279751786898199,False,TabPFN,X1_to_X3,sex_blind
0.5,0.5,Female vs Male,sex,False,0.40566801619433196,False,statistical_parity,z (pooled),0.3076923076923077,0.42857142857142855,234,1001,-0.12087912087912084,-0.1874886512268386,-0.05426959053140308,-3.3903368196961936,0.0006980679906401229,0.9813897475141948,False,0.17682163220217043,11.799094046043898,1.0,0.0005925955106707947,,,,,,,,0.0020942039719203686,True,TabPFN,X1_to_X3,sex_blind
0.5,0.5,Female vs Male,sex,False,0.40566801619433196,False,conditional_statistical_parity,Hurlin LR over proxy strata,0.3076923076923077,0.42857142857142855,234,1001,,,,,0.048905597874804405,,,,9.541295497588969,4.0,0.048905597874804405,4.0,0.0932033241614878,0.7601436200710971,0.9118581035465346,0.485753753700394,1.711742204088722,0.020489262237914696,0.1467167936244132,False,TabPFN,X1_to_X3,sex_blind
0.5,0.5,Female vs Male,sex,False,0.40566801619433196,False,fpr,z (pooled),0.26490066225165565,0.2667946257197697,151,521,-0.001893963468114046,-0.08187040226432357,0.07808247532809548,-0.04635681552469371,0.9630258557035667,0.1194235746433912,False,0.06910523813942741,,,,,,,,,,,0.9630258557035667,False,TabPFN,X1_to_X3,sex_blind
0.5,0.5,Female vs Male,sex,False,0.40566801619433196,False,fnr,z (pooled),0.6144578313253012,0.3958333333333333,83,480,0.21862449799196787,0.10514211924584077,0.33210687673809497,3.7168602331483873,0.00020171395790533208,0.9981348933876254,False,0.31401944068680204,,,,,,,,,,,0.0006051418737159963,True,TabPFN,X1_to_X3,sex_blind
0.5,0.5,Female vs Male,sex,False,0.40566801619433196,False,equalized_odds,Hurlin LR given Y,,,234,1001,,,,,0.0010685586518067278,,,,13.68288918597582,2.0,0.0010685586518067278,,,,,,,,0.0032056759554201834,True,TabPFN,X1_to_X3,sex_blind
break_even,0.2523364485981308,African-American vs Caucasian,race,True,0.7329545454545454,False,statistical_parity,z (pooled),0.8050314465408805,0.6238095238095238,636,420,0.18122192273135673,0.12559460791505256,0.2368492375476609,6.514796606736709,7.278821833929374e-11,0.999997879163918,False,0.2279469048722351,41.82961288041324,1.0,9.958371107163075e-11,,,,,,,,2.9115287335717496e-10,True,TabPFN,X1_to_X3,sex_blind
break_even,0.2523364485981308,African-American vs Caucasian,race,True,0.7329545454545454,False,conditional_statistical_parity,Hurlin LR over proxy strata,0.8050314465408805,0.6238095238095238,636,420,,,,,0.24849653213234932,,,,2.784652777489284,2.0,0.24849653213234932,2.0,1.5835984644708048,0.20824312424216784,1.938280166435506,0.6892549509572137,5.450711668272759,0.2845574313262572,0.9939861285293973,False,TabPFN,X1_to_X3,sex_blind
break_even,0.2523364485981308,African-American vs Caucasian,race,True,0.7329545454545454,False,fpr,z (pooled),0.7095709570957096,0.5234375,303,256,0.1861334570957096,0.10640967738534292,0.2658572368060763,4.527404348729849,5.971261487882495e-06,0.9995636251472076,False,0.2531512251443774,,,,,,,,,,,2.388504595152998e-05,True,TabPFN,X1_to_X3,sex_blind
break_even,0.2523364485981308,African-American vs Caucasian,race,True,0.7329545454545454,False,fnr,z (pooled),0.10810810810810811,0.21951219512195122,333,164,-0.1114040870138431,-0.1829958093978976,-0.039812364629788585,-3.317895059247783,0.0009069855342516914,0.9533087189358299,False,0.17159840845555635,,,,,,,,,,,0.0036279421370067656,True,TabPFN,X1_to_X3,sex_blind
break_even,0.2523364485981308,African-American vs Caucasian,race,True,0.7329545454545454,False,equalized_odds,Hurlin LR given Y,,,636,420,,,,,1.8445716527075065e-07,,,,31.011697133949706,2.0,1.8445716527075065e-07,,,,,,,,7.378286610830026e-07,True,TabPFN,X1_to_X3,sex_blind
break_even,0.2523364485981308,Hispanic vs Caucasian,race,False,0.6290630975143403,False,statistical_parity,z (pooled),0.6504854368932039,0.6238095238095238,103,420,0.026675913083680114,-0.07640519926678571,0.12975702543414594,0.5022437971100363,0.6154960383782982,0.32880148794669667,False,0.11333840500903239,0.2538416179562617,1.0,0.614382972036803,,,,,,,,1.0,False,TabPFN,X1_to_X3,sex_blind
break_even,0.2523364485981308,Hispanic vs Caucasian,race,False,0.6290630975143403,False,conditional_statistical_parity,Hurlin LR over proxy strata,0.6504854368932039,0.6238095238095238,103,420,,,,,0.3285271796616062,,,,2.226271411568439,2.0,0.3285271796616062,2.0,1.2376337518867186,0.2659275753273025,0.4269340974212035,0.09344823543740992,1.9505207635829673,0.32020916832796753,0.9939861285293973,False,TabPFN,X1_to_X3,sex_blind
break_even,0.2523364485981308,Hispanic vs Caucasian,race,False,0.6290630975143403,False,fpr,z (pooled),0.546875,0.5234375,64,256,0.0234375,-0.11300660668623014,0.15988160668623014,0.33594208857546415,0.7369145375071947,0.3515214806404185,False,0.1382795628385634,,,,,,,,,,,1.0,False,TabPFN,X1_to_X3,sex_blind
break_even,0.2523364485981308,Hispanic vs Caucasian,race,False,0.6290630975143403,False,fnr,z (pooled),0.1794871794871795,0.21951219512195122,39,164,-0.04002501563477173,-0.17611015015564693,0.09606011888610347,-0.5498440598843364,0.5824263355719375,0.4429546459791169,False,0.1547600732735716,,,,,,,,,,,0.8908721591785527,False,TabPFN,X1_to_X3,sex_blind
break_even,0.2523364485981308,Hispanic vs Caucasian,race,False,0.6290630975143403,False,equalized_odds,Hurlin LR given Y,,,103,420,,,,,0.8086616401966723,,,,0.4247493878315365,2.0,0.8086616401966723,,,,,,,,1.0,False,TabPFN,X1_to_X3,sex_blind
break_even,0.2523364485981308,Other vs Caucasian,race,False,0.621676891615542,False,statistical_parity,z (pooled),0.6086956521739131,0.6238095238095238,69,420,-0.015113871635610732,-0.13923858075282208,0.10901083748160063,-0.2399146086924544,0.8103964554618462,0.2909905278603527,False,0.11948114390327112,0.05735097238529718,1.0,0.8107329141753277,,,,,,,,1.0,False,TabPFN,X1_to_X3,sex_blind
break_even,0.2523364485981308,Other vs Caucasian,race,False,0.621676891615542,False,conditional_statistical_parity,Hurlin LR over proxy strata,0.6086956521739131,0.6238095238095238,69,420,,,,,0.7600856797441,,,,0.09324978473626755,1.0,0.7600856797441,1.0,0.09139784946236565,0.762407544632677,1.3846153846153844,0.17198781159171928,11.14706760653913,,1.0,False,TabPFN,X1_to_X3,sex_blind
break_even,0.2523364485981308,Other vs Caucasian,race,False,0.621676891615542,False,fpr,z (pooled),0.46511627906976744,0.5234375,43,256,-0.058321220930232565,-0.21946877351352878,0.10282633165306365,-0.7080632436289195,0.47890598403233364,0.5402728666117244,False,0.19398366796231514,,,,,,,,,,,1.0,False,TabPFN,X1_to_X3,sex_blind
break_even,0.2523364485981308,Other vs Caucasian,race,False,0.621676891615542,False,fnr,z (pooled),0.15384615384615385,0.21951219512195122,26,164,-0.06566604127579737,-0.21813438251648018,0.08680229996488545,-0.7630458042031749,0.44543607958927633,0.5796924675965052,False,0.19425515554224107,,,,,,,,,,,0.8908721591785527,False,TabPFN,X1_to_X3,sex_blind
break_even,0.2523364485981308,Other vs Caucasian,race,False,0.621676891615542,False,equalized_odds,Hurlin LR given Y,,,69,420,,,,,0.5707627743485404,,,,1.1215632242689955,2.0,0.5707627743485404,,,,,,,,1.0,False,TabPFN,X1_to_X3,sex_blind
break_even,0.2523364485981308,Female vs Male,sex,False,0.7182186234817813,False,statistical_parity,z (pooled),0.6581196581196581,0.7322677322677322,234,1001,-0.07414807414807412,-0.14082680078227314,-0.0074693475138750964,-2.2699008626782895,0.02321359877044047,0.7610225096604644,False,0.13014870048889643,5.00384407749678,1.0,0.02529108709928209,,,,,,,,0.06964079631132142,False,TabPFN,X1_to_X3,sex_blind
break_even,0.2523364485981308,Female vs Male,sex,False,0.7182186234817813,False,conditional_statistical_parity,Hurlin LR over proxy strata,0.6581196581196581,0.7322677322677322,234,1001,,,,,0.737005369156694,,,,0.6103202033355695,2.0,0.737005369156694,2.0,0.23578180070490234,0.6272694598139323,0.759535655058043,0.252472923251353,2.284975370329574,0.5445369236607197,1.0,False,TabPFN,X1_to_X3,sex_blind
break_even,0.2523364485981308,Female vs Male,sex,False,0.7182186234817813,False,fpr,z (pooled),0.5960264900662252,0.6084452975047985,151,521,-0.012418807438573265,-0.10119968261262646,0.07636206773547993,-0.27494873340013204,0.7833556255769689,0.20351376979146693,False,0.08702922866635222,,,,,,,,,,,1.0,False,TabPFN,X1_to_X3,sex_blind
break_even,0.2523364485981308,Female vs Male,sex,False,0.7182186234817813,False,fnr,z (pooled),0.2289156626506024,0.13333333333333333,83,480,0.09558232931726907,0.0002183125523029933,0.19094634608223515,2.2679412877218565,0.023332785421192555,0.8253750382477569,False,0.17574671267756775,,,,,,,,,,,0.06999835626357767,False,TabPFN,X1_to_X3,sex_blind
break_even,0.2523364485981308,Female vs Male,sex,False,0.7182186234817813,False,equalized_odds,Hurlin LR given Y,,,234,1001,,,,,0.0945716046196816,,,,4.716796021129512,2.0,0.0945716046196816,,,,,,,,0.2837148138590448,False,TabPFN,X1_to_X3,sex_blind
0.5,0.5,African-American vs Caucasian,race,True,0.3446969696969697,False,statistical_parity,z (pooled),0.45125786163522014,0.18333333333333332,636,420,0.26792452830188684,0.21439821280136714,0.32145084380240657,8.96590014743799,3.0775672765583176e-19,0.9999999999999981,False,0.31288474513219416,84.52880353878248,1.0,3.786580267511511e-20,,,,,,,,1.231026910623327e-18,True,TabPFN,X2_to_X3,age_blind
0.5,0.5,African-American vs Caucasian,race,True,0.3446969696969697,False,conditional_statistical_parity,Hurlin LR over proxy strata,0.45125786163522014,0.18333333333333332,636,420,,,,,2.4246508614945393e-18,,,,95.2737678876482,6.0,2.4246508614945393e-18,6.0,67.44789346575875,2.220446049250313e-16,54.96961541402248,8.932525896369597,338.2759427536184,0.0004898779309312484,9.698603445978157e-18,True,TabPFN,X2_to_X3,age_blind
0.5,0.5,African-American vs Caucasian,race,True,0.3446969696969697,False,fpr,z (pooled),0.32673267326732675,0.125,303,256,0.20173267326732675,0.13517327967746917,0.2682920668571843,5.6100394100047195,2.022805450423195e-08,0.9999952177284115,False,0.2576841348923333,,,,,,,,,,,8.09122180169278e-08,True,TabPFN,X2_to_X3,age_blind
0.5,0.5,African-American vs Caucasian,race,True,0.3446969696969697,False,fnr,z (pooled),0.43543543543543545,0.725609756097561,333,164,-0.2901743206621255,-0.37677408949313207,-0.20357455183111892,-6.095387043566772,1.091729795922671e-09,0.9999999570901099,False,0.3629874078208263,,,,,,,,,,,4.366919183690684e-09,True,TabPFN,X2_to_X3,age_blind
0.5,0.5,African-American vs Caucasian,race,True,0.3446969696969697,False,equalized_odds,Hurlin LR given Y,,,636,420,,,,,3.490602547842672e-16,,,,71.18257423356201,2.0,3.490602547842672e-16,,,,,,,,1.3962410191370688e-15,True,TabPFN,X2_to_X3,age_blind
0.5,0.5,Hispanic vs Caucasian,race,False,0.1739961759082218,False,statistical_parity,z (pooled),0.13592233009708737,0.18333333333333332,103,420,-0.04741100323624595,-0.12323775158296517,0.028415745110473276,-1.1373933315346527,0.25537389373555786,0.47333545594374793,False,0.11116016946547104,1.357944697448847,1.0,0.24389400126254251,,,,,,,,0.5107477874711157,False,TabPFN,X2_to_X3,age_blind
0.5,0.5,Hispanic vs Caucasian,race,False,0.1739961759082218,False,conditional_statistical_parity,Hurlin LR over proxy strata,0.13592233009708737,0.18333333333333332,103,420,,,,,0.8107641450648111,,,,0.41955617411690904,2.0,0.8107641450648111,2.0,0.1675413989684191,0.6823061518235258,1.7582417582417582,0.13330195527305216,23.1910632825505,0.711779851120302,0.8107641450648111,False,TabPFN,X2_to_X3,age_blind
0.5,0.5,Hispanic vs Caucasian,race,False,0.1739961759082218,False,fpr,z (pooled),0.09375,0.125,64,256,-0.03125,-0.11335262560529925,0.050852625605299254,-0.6912237121449392,0.4894249646623906,0.32737249401699176,False,0.10035400982475248,,,,,,,,,,,0.5944201089983874,False,TabPFN,X2_to_X3,age_blind
0.5,0.5,Hispanic vs Caucasian,race,False,0.1739961759082218,False,fnr,z (pooled),0.7948717948717948,0.725609756097561,39,164,0.06926203877423387,-0.0746960962384979,0.21322017378696564,0.8851440478959027,0.37607894511295414,0.6033010415935978,False,0.19063492036348806,,,,,,,,,,,0.4991537293424795,False,TabPFN,X2_to_X3,age_blind
0.5,0.5,Hispanic vs Caucasian,race,False,0.1739961759082218,False,equalized_odds,Hurlin LR given Y,,,103,420,,,,,0.5174115774761089,,,,1.3178332664442576,2.0,0.5174115774761089,,,,,,,,0.5761932667031644,False,TabPFN,X2_to_X3,age_blind
0.5,0.5,Other vs Caucasian,race,False,0.18404907975460122,False,statistical_parity,z (pooled),0.18840579710144928,0.18333333333333332,69,420,0.005072463768115959,-0.09433761107235836,0.10448253860859028,0.1007661976829247,0.9197360605640965,0.18808419585569852,False,0.08865903102626747,0.010102639055246554,1.0,0.9199379476406818,,,,,,,,0.9197360605640965,False,TabPFN,X2_to_X3,age_blind
0.5,0.5,Other vs Caucasian,race,False,0.18404907975460122,False,conditional_statistical_parity,Hurlin LR over proxy strata,0.18840579710144928,0.18333333333333332,69,420,,,,,0.22772517657826472,,,,2.9592314859004962,2.0,0.22772517657826472,2.0,0.5317405087759995,0.46587603129924193,2.3142857142857145,0.23391516869482662,22.896840753129805,0.17304918876648478,0.45545035315652943,False,TabPFN,X2_to_X3,age_blind
0.5,0.5,Other vs Caucasian,race,False,0.18404907975460122,False,fpr,z (pooled),0.06976744186046512,0.125,43,256,-0.055232558139534885,-0.14148315915508494,0.031018042876015173,-1.042434982935357,0.2972100544991937,0.5472844880053129,False,0.12784282993196056,,,,,,,,,,,0.5944201089983874,False,TabPFN,X2_to_X3,age_blind
0.5,0.5,Other vs Caucasian,race,False,0.18404907975460122,False,fnr,z (pooled),0.6153846153846154,0.725609756097561,26,164,-0.11022514071294554,-0.30930720823492586,0.08885692680903479,-1.1513777468383766,0.24957686467123974,0.7230253136066251,False,0.2781274509281042,,,,,,,,,,,0.4991537293424795,False,TabPFN,X2_to_X3,age_blind
0.5,0.5,Other vs Caucasian,race,False,0.18404907975460122,False,equalized_odds,Hurlin LR given Y,,,69,420,,,,,0.2880966333515822,,,,2.4889186453077006,2.0,0.2880966333515822,,,,,,,,0.5761932667031644,False,TabPFN,X2_to_X3,age_blind
0.5,0.5,Female vs Male,sex,False,0.31659919028340083,False,statistical_parity,z (pooled),0.17094017094017094,0.35064935064935066,234,1001,-0.1797091797091797,-0.23628076057114705,-0.12313759884721237,-5.320704086074968,1.0336641800631574e-07,0.9999961745011716,False,0.22722124422025847,30.92808489563565,1.0,2.6776867692587136e-08,,,,,,,,3.100992540189472e-07,True,TabPFN,X2_to_X3,age_blind
0.5,0.5,Female vs Male,sex,False,0.31659919028340083,False,conditional_statistical_parity,Hurlin LR over proxy strata,0.17094017094017094,0.35064935064935066,234,1001,,,,,5.183640331793899e-05,,,,29.367106244793696,6.0,5.183640331793899e-05,6.0,19.287432982371204,1.1244401243559743e-05,0.05025869141299192,0.010637195263572586,0.23746260174394807,0.3819567837775407,0.000155509209953817,True,TabPFN,X2_to_X3,age_blind
0.5,0.5,Female vs Male,sex,False,0.31659919028340083,False,fpr,z (pooled),0.13245033112582782,0.23032629558541268,151,521,-0.09787596445958485,-0.16291713586293444,-0.032834793056235254,-2.6076433511248993,0.009116788806796358,0.9252144211716802,False,0.15253581305916628,,,,,,,,,,,0.02735036642038907,True,TabPFN,X2_to_X3,age_blind
0.5,0.5,Female vs Male,sex,False,0.31659919028340083,False,fnr,z (pooled),0.7590361445783133,0.51875,83,480,0.2402861445783132,0.13799707773702394,0.34257521141960245,4.06657169738473,4.770981148593813e-05,0.9998544757723069,False,0.3262718260334252,,,,,,,,,,,0.0001431294344578144,True,TabPFN,X2_to_X3,age_blind
0.5,0.5,Female vs Male,sex,False,0.31659919028340083,False,equalized_odds,Hurlin LR given Y,,,234,1001,,,,,4.104682732513362e-06,,,,24.80676421221368,2.0,4.104682732513362e-06,,,,,,,,1.2314048197540086e-05,True,TabPFN,X2_to_X3,age_blind
break_even,0.2523364485981308,African-American vs Caucasian,race,True,0.9403409090909091,False,statistical_parity,z (pooled),0.9669811320754716,0.9,636,420,0.06698113207547163,0.03510607018161772,0.09885619396932555,4.497723429279108,6.86849647694693e-06,0.8516727403569664,False,0.09375505964411258,19.75518378013174,1.0,8.802262486521637e-06,,,,,,,,2.060548943084079e-05,True,TabPFN,X2_to_X3,age_blind
break_even,0.2523364485981308,African-American vs Caucasian,race,True,0.9403409090909091,False,conditional_statistical_parity,Hurlin LR over proxy strata,0.9669811320754716,0.9,636,420,,,,,9.811401549542205e-06,,,,33.15001215298,6.0,9.811401549542205e-06,6.0,10.274454438949004,0.0013488475223394358,2.568499124025749,1.3988479598771306,4.716157823685507,0.003809990083282755,1.962280309908441e-05,True,TabPFN,X2_to_X3,age_blind
break_even,0.2523364485981308,African-American vs Caucasian,race,True,0.9403409090909091,False,fpr,z (pooled),0.9537953795379538,0.8828125,303,256,0.07098287953795379,0.025035862980047875,0.11692989609585971,3.1050661825668784,0.0019023645327084593,0.8144312278361321,False,0.10960707058098874,,,,,,,,,,,0.002020349522091065,True,TabPFN,X2_to_X3,age_blind
break_even,0.2523364485981308,African-American vs Caucasian,race,True,0.9403409090909091,False,fnr,z (pooled),0.021021021021021023,0.07317073170731707,333,164,-0.05214971068629605,-0.09488034804319098,-0.009419073329401124,-2.850909228223344,0.00435944126348438,0.5392531726143097,False,0.08807763132874033,,,,,,,,,,,0.01307832379045314,True,TabPFN,X2_to_X3,age_blind
break_even,0.2523364485981308,African-American vs Caucasian,race,True,0.9403409090909091,False,equalized_odds,Hurlin LR given Y,,,636,420,,,,,0.00018013501386968616,,,,17.243607822374912,2.0,0.00018013501386968616,,,,,,,,0.0005404050416090585,True,TabPFN,X2_to_X3,age_blind
break_even,0.2523364485981308,Hispanic vs Caucasian,race,False,0.8738049713193117,False,statistical_parity,z (pooled),0.7669902912621359,0.9,103,420,-0.1330097087378641,-0.21954593196465272,-0.04647348551107548,-3.6429010643985937,0.0002695824746026647,0.9696733639271524,False,0.2057625591450722,11.622641509487433,1.0,0.0006515380421857717,,,,,,,,0.0005391649492053294,True,TabPFN,X2_to_X3,age_blind
break_even,0.2523364485981308,Hispanic vs Caucasian,race,False,0.8738049713193117,False,conditional_statistical_parity,Hurlin LR over proxy strata,0.7669902912621359,0.9,103,420,,,,,6.134792160757287e-09,,,,49.42306659680506,6.0,6.134792160757287e-09,6.0,15.363514141282602,8.868431962250067e-05,0.22505748585266672,0.10394309517559067,0.48729424357393775,0.00013578430365523975,1.840437648227186e-08,True,TabPFN,X2_to_X3,age_blind
break_even,0.2523364485981308,Hispanic vs Caucasian,race,False,0.8738049713193117,False,fpr,z (pooled),0.71875,0.8828125,64,256,-0.1640625,-0.28104934721730285,-0.04707565278269715,-3.287677528197035,0.0010101747610455326,0.9715463344515234,False,0.2625278070455462,,,,,,,,,,,0.002020349522091065,True,TabPFN,X2_to_X3,age_blind
break_even,0.2523364485981308,Hispanic vs Caucasian,race,False,0.8738049713193117,False,fnr,z (pooled),0.15384615384615385,0.07317073170731707,39,164,0.08067542213883679,-0.039369802651797875,0.20072064692947145,1.593020542839788,0.11115558264835512,0.691482004858879,False,0.18188703378260043,,,,,,,,,,,0.22231116529671024,False,TabPFN,X2_to_X3,age_blind
break_even,0.2523364485981308,Hispanic vs Caucasian,race,False,0.8738049713193117,False,equalized_odds,Hurlin LR given Y,,,103,420,,,,,0.0028248117503455556,,,,11.738627107299802,2.0,0.0028248117503455556,,,,,,,,0.0028248117503455556,True,TabPFN,X2_to_X3,age_blind
break_even,0.2523364485981308,Other vs Caucasian,race,False,0.8834355828220859,False,statistical_parity,z (pooled),0.782608695652174,0.9,69,420,-0.11739130434782608,-0.21885558618082857,-0.0159270225148236,-2.8161789439582123,0.004859858962973961,0.9031970907111985,False,0.2027051020825531,6.778349709144445,1.0,0.009227016141460941,,,,,,,,0.004859858962973961,True,TabPFN,X2_to_X3,age_blind
break_even,0.2523364485981308,Other vs Caucasian,race,False,0.8834355828220859,False,conditional_statistical_parity,Hurlin LR over proxy strata,0.782608695652174,0.9,69,420,,,,,0.0017272362427181859,,,,21.145695154122063,6.0,0.0017272362427181859,6.0,8.349060925435301,0.0038588671939586705,0.28772146714984437,0.1208061110773465,0.6852603889041381,0.0801250077086384,0.0017272362427181859,True,TabPFN,X2_to_X3,age_blind
break_even,0.2523364485981308,Other vs Caucasian,race,False,0.8834355828220859,False,fpr,z (pooled),0.6511627906976745,0.8828125,43,256,-0.23164970930232553,-0.37945066002959726,-0.0838487585750538,-3.930958409953447,8.460790862173223e-05,0.9916936859000395,False,0.3560762880985855,,,,,,,,,,,0.0002538237258651967,True,TabPFN,X2_to_X3,age_blind
break_even,0.2523364485981308,Other vs Caucasian,race,False,0.8834355828220859,False,fnr,z (pooled),0.0,0.07317073170731707,26,164,-0.07317073170731707,-0.11302682584260065,-0.03331463757203348,-1.4250239789706247,0.15415026974246343,0.8720162026023455,False,0.10678465969572368,,,,,,,,,,,0.22231116529671024,False,TabPFN,X2_to_X3,age_blind
break_even,0.2523364485981308,Other vs Caucasian,race,False,0.8834355828220859,False,equalized_odds,Hurlin LR given Y,,,69,420,,,,,0.000279910913733402,,,,16.362078341316344,2.0,0.000279910913733402,,,,,,,,0.000559821827466804,True,TabPFN,X2_to_X3,age_blind
break_even,0.2523364485981308,Female vs Male,sex,False,0.9157894736842105,False,statistical_parity,z (pooled),0.6709401709401709,0.973026973026973,234,1001,-0.30208680208680216,-0.3631207609666378,-0.24105284320696652,-14.981049046770533,9.766322552866754e-51,0.9999999999999993,False,0.3533466280892045,168.8221951155141,1.0,1.3378762347657215e-38,,,,,,,,3.9065290211467017e-50,True,TabPFN,X2_to_X3,age_blind
break_even,0.2523364485981308,Female vs Male,sex,False,0.9157894736842105,False,conditional_statistical_parity,Hurlin LR over proxy strata,0.6709401709401709,0.973026973026973,234,1001,,,,,3.7916276938701005e-44,,,,217.36614954163144,6.0,3.7916276938701005e-44,6.0,196.91666674857927,0.0,0.0,,,,1.5166510775480402e-43,True,TabPFN,X2_to_X3,age_blind
break_even,0.2523364485981308,Female vs Male,sex,False,0.9157894736842105,False,fpr,z (pooled),0.6291390728476821,0.9558541266794626,151,521,-0.32671505383178046,-0.40575237112886897,-0.24767773653469194,-10.975396664213777,5.0185108601987625e-28,0.9999999999922579,False,0.39313710165107063,,,,,,,,,,,2.007404344079505e-27,True,TabPFN,X2_to_X3,age_blind
break_even,0.2523364485981308,Female vs Male,sex,False,0.9157894736842105,False,fnr,z (pooled),0.25301204819277107,0.008333333333333333,83,480,0.24467871485943773,0.15079893311632178,0.33855849660255366,9.991919141340206,1.6534898112299126e-23,0.9999724813460918,False,0.32359542861305846,,,,,,,,,,,6.61395924491965e-23,True,TabPFN,X2_to_X3,age_blind
break_even,0.2523364485981308,Female vs Male,sex,False,0.9157894736842105,False,equalized_odds,Hurlin LR given Y,,,234,1001,,,,,3.356945267888188e-36,,,,163.36406386759336,2.0,3.356945267888188e-36,,,,,,,,1.3427781071552753e-35,True,TabPFN,X2_to_X3,age_blind
0.5,0.5,African-American vs Caucasian,race,True,0.35511363636363635,False,statistical_parity,z (pooled),0.4166666666666667,0.2619047619047619,636,420,0.15476190476190477,0.09787477162447179,0.21164903789933776,5.1435153297677765,2.6964464026611443e-07,0.9998393474040542,False,0.2025450898512785,27.004529173966844,1.0,2.029792916854509e-07,,,,,,,,1.0785785610644577e-06,True,TabPFN,X2_to_X3,protected_blind
0.5,0.5,African-American vs Caucasian,race,True,0.35511363636363635,False,conditional_statistical_parity,Hurlin LR over proxy strata,0.4166666666666667,0.2619047619047619,636,420,,,,,0.509987244701428,,,,2.3132503540288436,3.0,0.509987244701428,3.0,0.02906150995049502,0.8646370911193542,1.0567968405839665,0.5539130033890357,2.0162364043363423,0.30611950985343994,0.9450458550969636,False,TabPFN,X2_to_X3,protected_blind
0.5,0.5,African-American vs Caucasian,race,True,0.35511363636363635,False,fpr,z (pooled),0.29042904290429045,0.203125,303,256,0.08730404290429045,0.01629981622913082,0.15830826957945007,2.3736163626481876,0.017614841755407475,0.8482061632111073,False,0.14699194043095665,,,,,,,,,,,0.0704593670216299,False,TabPFN,X2_to_X3,protected_blind
0.5,0.5,African-American vs Caucasian,race,True,0.35511363636363635,False,fnr,z (pooled),0.46846846846846846,0.6463414634146342,333,164,-0.1778729949461657,-0.268574465853819,-0.08717152403851243,-3.7346308116833398,0.00018799075890059744,0.9970315508317197,False,0.2541347932831689,,,,,,,,,,,0.0007519630356023898,True,TabPFN,X2_to_X3,protected_blind
0.5,0.5,African-American vs Caucasian,race,True,0.35511363636363635,False,equalized_odds,Hurlin LR given Y,,,636,420,,,,,4.995814140552717e-05,,,,19.808650150099346,2.0,4.995814140552717e-05,,,,,,,,0.0001998325656221087,True,TabPFN,X2_to_X3,protected_blind
0.5,0.5,Hispanic vs Caucasian,race,False,0.24665391969407266,False,statistical_parity,z (pooled),0.18446601941747573,0.2619047619047619,103,420,-0.07743874248728619,-0.1633386124038571,0.008461127429284732,-1.6338396370285648,0.10229252713733872,0.7342269298282688,False,0.14965659708050932,2.804373836925315,1.0,0.09400754107194133,,,,,,,,0.20458505427467744,False,TabPFN,X2_to_X3,protected_blind
0.5,0.5,Hispanic vs Caucasian,race,False,0.24665391969407266,False,conditional_statistical_parity,Hurlin LR over proxy strata,0.18446601941747573,0.2619047619047619,103,420,,,,,0.2677072056585173,,,,3.9428009336418977,3.0,0.2677072056585173,3.0,0.15255916651524257,0.6961016259695161,0.788942846469929,0.24162677252747344,2.576001030371344,0.2701923315657272,0.803121616975552,False,TabPFN,X2_to_X3,protected_blind
0.5,0.5,Hispanic vs Caucasian,race,False,0.24665391969407266,False,fpr,z (pooled),0.09375,0.203125,64,256,-0.109375,-0.19614189324547704,-0.022608106754522947,-2.0316008337961033,0.042194082227185625,0.909595743887795,False,0.18240482333504926,,,,,,,,,,,0.11026255403082452,False,TabPFN,X2_to_X3,protected_blind
0.5,0.5,Hispanic vs Caucasian,race,False,0.24665391969407266,False,fnr,z (pooled),0.6666666666666666,0.6463414634146342,39,164,0.020325203252032464,-0.1447290375799561,0.18537944408402102,0.23923295448370946,0.8109249504566289,0.3624618869456383,False,0.15948447220570044,,,,,,,,,,,0.8109249504566289,False,TabPFN,X2_to_X3,protected_blind
0.5,0.5,Hispanic vs Caucasian,race,False,0.24665391969407266,False,equalized_odds,Hurlin LR given Y,,,103,420,,,,,0.09413691370081771,,,,4.726010055378261,2.0,0.09413691370081771,,,,,,,,0.09413691370081771,False,TabPFN,X2_to_X3,protected_blind
0.5,0.5,Other vs Caucasian,race,False,0.25766871165644173,False,statistical_parity,z (pooled),0.2318840579710145,0.2619047619047619,69,420,-0.030020703933747422,-0.1381145122698419,0.07807310440234706,-0.5284281032651403,0.5972022361658611,0.35865524330116455,False,0.12090877936446894,0.28464823054970667,1.0,0.5936706607885676,,,,,,,,0.5972022361658611,False,TabPFN,X2_to_X3,protected_blind
0.5,0.5,Other vs Caucasian,race,False,0.25766871165644173,False,conditional_statistical_parity,Hurlin LR over proxy strata,0.2318840579710145,0.2619047619047619,69,420,,,,,0.4725229275484818,,,,2.515352519711029,3.0,0.4725229275484818,3.0,0.45085043416738113,0.5019313731943973,0.5918151349444347,0.12644227735484725,2.7700003612428805,0.4669285252894694,0.9450458550969636,False,TabPFN,X2_to_X3,protected_blind
0.5,0.5,Other vs Caucasian,race,False,0.25766871165644173,False,fpr,z (pooled),0.06976744186046512,0.203125,43,256,-0.13335755813953487,-0.2240593707329537,-0.042655745546116036,-2.088484139083382,0.036754184676941505,0.9636621789302513,False,0.20971509289209198,,,,,,,,,,,0.11026255403082452,False,TabPFN,X2_to_X3,protected_blind
0.5,0.5,Other vs Caucasian,race,False,0.25766871165644173,False,fnr,z (pooled),0.5,0.6463414634146342,26,164,-0.14634146341463417,-0.35199007686191836,0.059307150032650024,-1.4330130225962392,0.15185411577075894,0.8201537089356776,False,0.3197818828362924,,,,,,,,,,,0.3037082315415179,False,TabPFN,X2_to_X3,protected_blind
0.5,0.5,Other vs Caucasian,race,False,0.25766871165644173,False,equalized_odds,Hurlin LR given Y,,,69,420,,,,,0.026401956702846875,,,,7.268634308088713,2.0,0.026401956702846875,,,,,,,,0.05280391340569375,False,TabPFN,X2_to_X3,protected_blind
0.5,0.5,Female vs Male,sex,False,0.3319838056680162,False,statistical_parity,z (pooled),0.23931623931623933,0.35364635364635366,234,1001,-0.11433011433011434,-0.17650510164097422,-0.05215512701925445,-3.343491176218668,0.0008273132499304492,0.9786074753296056,False,0.16654824157843862,11.684679451178631,1.0,0.0006301684207377483,,,,,,,,0.0024819397497913473,True,TabPFN,X2_to_X3,protected_blind
0.5,0.5,Female vs Male,sex,False,0.3319838056680162,False,conditional_statistical_parity,Hurlin LR over proxy strata,0.23931623931623933,0.35364635364635366,234,1001,,,,,0.13801694406497925,,,,5.510416114314625,3.0,0.13801694406497925,3.0,0.042399172220422915,0.8368607509102458,1.08076792472809,0.5212338481323356,2.2409506046209504,0.1587057978544818,0.552067776259917,False,TabPFN,X2_to_X3,protected_blind
0.5,0.5,Female vs Male,sex,False,0.3319838056680162,False,fpr,z (pooled),0.2052980132450331,0.22648752399232247,151,521,-0.021189510747289364,-0.0949614575645507,0.05258243606997197,-0.5519108379100496,0.5810094425993392,0.2221414900190718,False,0.08318660208073683,,,,,,,,,,,0.5810094425993392,False,TabPFN,X2_to_X3,protected_blind
0.5,0.5,Female vs Male,sex,False,0.3319838056680162,False,fnr,z (pooled),0.6987951807228916,0.5083333333333333,83,480,0.1904618473895583,0.08210228214415104,0.29882141263496553,3.2129068140471975,0.0013139891457595737,0.9943329659902003,False,0.2815504783403397,,,,,,,,,,,0.003941967437278721,True,TabPFN,X2_to_X3,protected_blind
0.5,0.5,Female vs Male,sex,False,0.3319838056680162,False,equalized_odds,Hurlin LR given Y,,,234,1001,,,,,0.004203688155914464,,,,10.943586013329767,2.0,0.004203688155914464,,,,,,,,0.012611064467743393,True,TabPFN,X2_to_X3,protected_blind
break_even,0.2523364485981308,African-American vs Caucasian,race,True,0.8446969696969697,False,statistical_parity,z (pooled),0.8789308176100629,0.7928571428571428,636,420,0.08607367475292005,0.03976090099534118,0.1323864485104989,3.7796462588630564,0.0001570513200071909,0.9364251748853101,False,0.12497477098349277,14.003954565233173,1.0,0.00018242655140802153,,,,,,,,0.0006282052800287636,True,TabPFN,X2_to_X3,protected_blind
break_even,0.2523364485981308,African-American vs Caucasian,race,True,0.8446969696969697,False,conditional_statistical_parity,Hurlin LR over proxy strata,0.8789308176100629,0.7928571428571428,636,420,,,,,1.0,,,,0.0,1.0,1.0,0.0,,,,,,,1.0,False,TabPFN,X2_to_X3,protected_blind
break_even,0.2523364485981308,African-American vs Caucasian,race,True,0.8446969696969697,False,fpr,z (pooled),0.8316831683168316,0.734375,303,256,0.09730816831683164,0.028737806908095895,0.16587852972556738,2.80024918554711,0.005106317204503258,0.9115733640415558,False,0.1549500989001406,,,,,,,,,,,0.020425268818013032,True,TabPFN,X2_to_X3,protected_blind
break_even,0.2523364485981308,African-American vs Caucasian,race,True,0.8446969696969697,False,fnr,z (pooled),0.07807807807807808,0.11585365853658537,333,164,-0.03777558045850729,-0.09460590789715118,0.0190547469801366,-1.3799327035215905,0.1676073661472961,0.3367515802887462,False,0.08555852077007421,,,,,,,,,,,0.3352147322945922,False,TabPFN,X2_to_X3,protected_blind
break_even,0.2523364485981308,African-American vs Caucasian,race,True,0.8446969696969697,False,equalized_odds,Hurlin LR given Y,,,636,420,,,,,0.007983259643936867,,,,9.660816948480981,2.0,0.007983259643936867,,,,,,,,0.02422517989132142,True,TabPFN,X2_to_X3,protected_blind
break_even,0.2523364485981308,Hispanic vs Caucasian,race,False,0.7896749521988528,False,statistical_parity,z (pooled),0.7766990291262136,0.7928571428571428,103,420,-0.016158113730929236,-0.10543647702822985,0.07312024956637138,-0.3605897639189128,0.7184061424378618,0.22892503761929808,False,0.09121633983985634,0.1285965568671661,1.0,0.7198916377039253,,,,,,,,0.7184061424378618,False,TabPFN,X2_to_X3,protected_blind
break_even,0.2523364485981308,Hispanic vs Caucasian,race,False,0.7896749521988528,False,conditional_statistical_parity,Hurlin LR over proxy strata,0.7766990291262136,0.7928571428571428,103,420,,,,,1.0,,,,0.0,1.0,1.0,0.0,,,,,,,1.0,False,TabPFN,X2_to_X3,protected_blind
break_even,0.2523364485981308,Hispanic vs Caucasian,race,False,0.7896749521988528,False,fpr,z (pooled),0.734375,0.734375,64,256,0.0,-0.12097803501561255,0.12097803501561255,0.0,1.0,0.20925873277939885,False,0.10182460376466382,,,,,,,,,,,1.0,False,TabPFN,X2_to_X3,protected_blind
break_even,0.2523364485981308,Hispanic vs Caucasian,race,False,0.7896749521988528,False,fnr,z (pooled),0.15384615384615385,0.11585365853658537,39,164,0.03799249530956848,-0.08538358452653558,0.16136857514567254,0.648963183652288,0.5163621732615542,0.42445607684177206,False,0.14201239198001,,,,,,,,,,,0.5163621732615542,False,TabPFN,X2_to_X3,protected_blind
break_even,0.2523364485981308,Hispanic vs Caucasian,race,False,0.7896749521988528,False,equalized_odds,Hurlin LR given Y,,,103,420,,,,,0.818331794010394,,,,0.4009748169395131,2.0,0.818331794010394,,,,,,,,0.818331794010394,False,TabPFN,X2_to_X3,protected_blind
break_even,0.2523364485981308,Other vs Caucasian,race,False,0.8016359918200409,False,statistical_parity,z (pooled),0.855072463768116,0.7928571428571428,69,420,0.06221532091097315,-0.02944371863739355,0.15387436045933983,1.2010803589064238,0.22972003111846917,0.6029766923122017,False,0.13928461681806964,1.538678587225399,1.0,0.21481460200757482,,,,,,,,0.45944006223693834,False,TabPFN,X2_to_X3,protected_blind
break_even,0.2523364485981308,Other vs Caucasian,race,False,0.8016359918200409,False,conditional_statistical_parity,Hurlin LR over proxy strata,0.855072463768116,0.7928571428571428,69,420,,,,,1.0,,,,0.0,1.0,1.0,0.0,,,,,,,1.0,False,TabPFN,X2_to_X3,protected_blind
break_even,0.2523364485981308,Other vs Caucasian,race,False,0.8016359918200409,False,fpr,z (pooled),0.7674418604651163,0.734375,43,256,0.03306686046511631,-0.10430639463399055,0.17044011556422317,0.4569191173494079,0.6477291824844442,0.4046313377691596,False,0.14871485911451754,,,,,,,,,,,1.0,False,TabPFN,X2_to_X3,protected_blind
break_even,0.2523364485981308,Other vs Caucasian,race,False,0.8016359918200409,False,fnr,z (pooled),0.0,0.11585365853658537,26,164,-0.11585365853658537,-0.1648364036659807,-0.06687091340719004,-1.8294489522352593,0.06733237995917477,0.9954425144216859,False,0.15716484326696173,,,,,,,,,,,0.2019971398775243,False,TabPFN,X2_to_X3,protected_blind
break_even,0.2523364485981308,Other vs Caucasian,race,False,0.8016359918200409,False,equalized_odds,Hurlin LR given Y,,,69,420,,,,,0.04665525905686579,,,,6.129939247409728,2.0,0.04665525905686579,,,,,,,,0.09331051811373157,False,TabPFN,X2_to_X3,protected_blind
break_even,0.2523364485981308,Female vs Male,sex,False,0.8388663967611336,False,statistical_parity,z (pooled),0.7649572649572649,0.8561438561438561,234,1001,-0.09118659118659123,-0.1497040569492536,-0.03266912542392885,-3.4157258872297707,0.0006361224542568171,0.9160030097855416,False,0.1403329216581447,10.788096305697067,1.0,0.0010215488564388898,,,,,,,,0.0019083673627704513,True,TabPFN,X2_to_X3,protected_blind
break_even,0.2523364485981308,Female vs Male,sex,False,0.8388663967611336,False,conditional_statistical_parity,Hurlin LR over proxy strata,0.7649572649572649,0.8561438561438561,234,1001,,,,,1.0,,,,0.0,1.0,1.0,0.0,,,,,,,1.0,False,TabPFN,X2_to_X3,protected_blind
break_even,0.2523364485981308,Female vs Male,sex,False,0.8388663967611336,False,fpr,z (pooled),0.7350993377483444,0.7927063339731286,151,521,-0.05760699622478427,-0.1361277287497331,0.02091373630016459,-1.5040791855113536,0.13256097898342836,0.575269272371664,False,0.12359491217306467,,,,,,,,,,,0.3976829369502851,False,TabPFN,X2_to_X3,protected_blind
break_even,0.2523364485981308,Female vs Male,sex,False,0.8388663967611336,False,fnr,z (pooled),0.18072289156626506,0.075,83,480,0.10572289156626506,0.019653637587229655,0.19179214554530047,3.098580807369688,0.0019444993414663733,0.8975018047643454,False,0.17807396176620496,,,,,,,,,,,0.007777997365865493,True,TabPFN,X2_to_X3,protected_blind
break_even,0.2523364485981308,Female vs Male,sex,False,0.8388663967611336,False,equalized_odds,Hurlin LR given Y,,,234,1001,,,,,0.006056294972830355,,,,10.213314112996855,2.0,0.006056294972830355,,,,,,,,0.02422517989132142,True,TabPFN,X2_to_X3,protected_blind
0.5,0.5,African-American vs Caucasian,race,True,0.39488636363636365,False,statistical_parity,z (pooled),0.4937106918238994,0.24523809523809523,636,420,0.24847259658580415,0.19188000803749167,0.3050651851341166,8.084351798900432,6.249569123800336e-16,0.9999999999946536,False,0.2960083746106486,67.40775150835864,1.0,2.2077921417193781e-16,,,,,,,,2.4998276495201346e-15,True,TabPFN,X2_to_X3,race_aware
0.5,0.5,African-American vs Caucasian,race,True,0.39488636363636365,False,conditional_statistical_parity,Hurlin LR over proxy strata,0.4937106918238994,0.24523809523809523,636,420,,,,,0.0009649208730082443,,,,20.59733224491706,5.0,0.0009649208730082443,5.0,15.60764243663982,7.793894299257254e-05,6.637649674586124,2.399085803356951,18.36465921347374,0.5408406508310653,0.002894762619024733,True,TabPFN,X2_to_X3,race_aware
0.5,0.5,African-American vs Caucasian,race,True,0.39488636363636365,False,fpr,z (pooled),0.3234323432343234,0.16796875,303,256,0.1554635932343234,0.0856682353061254,0.22525895116252143,4.21675341168621,2.4784473838102034e-05,0.9984044418196396,False,0.2141352859902238,,,,,,,,,,,9.913789535240814e-05,True,TabPFN,X2_to_X3,race_aware
0.5,0.5,African-American vs Caucasian,race,True,0.39488636363636365,False,fnr,z (pooled),0.35135135135135137,0.6341463414634146,333,164,-0.28279499011206327,-0.3725916827788365,-0.1929982974452901,-5.965450806178067,2.439595428674701e-09,0.9999997336908506,False,0.3582960508881954,,,,,,,,,,,9.758381714698804e-09,True,TabPFN,X2_to_X3,race_aware
0.5,0.5,African-American vs Caucasian,race,True,0.39488636363636365,False,equalized_odds,Hurlin LR given Y,,,636,420,,,,,1.9130571562607377e-12,,,,53.96463709620286,2.0,1.9130571562607377e-12,,,,,,,,7.65222862504295e-12,True,TabPFN,X2_to_X3,race_aware
0.5,0.5,Hispanic vs Caucasian,race,False,0.24091778202676864,False,statistical_parity,z (pooled),0.22330097087378642,0.24523809523809523,103,420,-0.021937124364308808,-0.11227777941722525,0.06840353068860763,-0.46654471419182963,0.6408256494348371,0.27145078743239215,False,0.09788844183201391,0.2205266402379018,1.0,0.6386389376144201,,,,,,,,1.0,False,TabPFN,X2_to_X3,race_aware
0.5,0.5,Hispanic vs Caucasian,race,False,0.24091778202676864,False,conditional_statistical_parity,Hurlin LR over proxy strata,0.22330097087378642,0.24523809523809523,103,420,,,,,0.4867248066340262,,,,3.4421766157350557,4.0,0.4867248066340262,4.0,0.1747026226196254,0.675965813842845,1.421830683283197,0.2701303203743399,7.483804443440765,0.4755479185637076,0.9734496132680523,False,TabPFN,X2_to_X3,race_aware
0.5,0.5,Hispanic vs Caucasian,race,False,0.24091778202676864,False,fpr,z (pooled),0.125,0.16796875,64,256,-0.04296875,-0.13603925142216342,0.050101751422163415,-0.8399945157561887,0.4009114614756014,0.4411904824773873,False,0.1213041844304514,,,,,,,,,,,0.7858214259167358,False,TabPFN,X2_to_X3,race_aware
0.5,0.5,Hispanic vs Caucasian,race,False,0.24091778202676864,False,fnr,z (pooled),0.6153846153846154,0.6341463414634146,39,164,-0.018761726078799223,-0.188313281214387,0.15078982905678856,-0.21819230033379494,0.827279284010141,0.3592001549964797,False,0.16171273626607052,,,,,,,,,,,0.827279284010141,False,TabPFN,X2_to_X3,race_aware
0.5,0.5,Hispanic vs Caucasian,race,False,0.24091778202676864,False,equalized_odds,Hurlin LR given Y,,,103,420,,,,,0.6743030020459714,,,,0.7881514223180266,2.0,0.6743030020459714,,,,,,,,0.6743030020459714,False,TabPFN,X2_to_X3,race_aware
0.5,0.5,Other vs Caucasian,race,False,0.2474437627811861,False,statistical_parity,z (pooled),0.2608695652173913,0.24523809523809523,69,420,0.01563146997929607,-0.09584809811416894,0.12711103807276108,0.27886040033604237,0.7803519594089184,0.2729807484980418,False,0.10936637996007237,0.07699910787481445,1.0,0.7814060859712533,,,,,,,,1.0,False,TabPFN,X2_to_X3,race_aware
0.5,0.5,Other vs Caucasian,race,False,0.2474437627811861,False,conditional_statistical_parity,Hurlin LR over proxy strata,0.2608695652173913,0.24523809523809523,69,420,,,,,0.698646985022628,,,,1.4294468040550736,3.0,0.698646985022628,3.0,0.6767182269440912,0.41071908662192236,2.9387755102040813,0.24669742449016205,35.0080732185336,0.8100403667804088,0.9734496132680523,False,TabPFN,X2_to_X3,race_aware
0.5,0.5,Other vs Caucasian,race,False,0.2474437627811861,False,fpr,z (pooled),0.11627906976744186,0.16796875,43,256,-0.05168968023255814,-0.15788366221063424,0.05450430174551796,-0.8543506824577258,0.3929107129583679,0.5124287250431416,False,0.14108933430288617,,,,,,,,,,,0.7858214259167358,False,TabPFN,X2_to_X3,race_aware
0.5,0.5,Other vs Caucasian,race,False,0.2474437627811861,False,fnr,z (pooled),0.5,0.6341463414634146,26,164,-0.13414634146341464,-0.3399896662007419,0.07169698327391263,-1.3065013725908037,0.1913821125577816,0.7879893319138875,False,0.3077509769585251,,,,,,,,,,,0.3827642251155632,False,TabPFN,X2_to_X3,race_aware
0.5,0.5,Other vs Caucasian,race,False,0.2474437627811861,False,equalized_odds,Hurlin LR given Y,,,69,420,,,,,0.2935662735645366,,,,2.4513037217909392,2.0,0.2935662735645366,,,,,,,,0.5871325471290731,False,TabPFN,X2_to_X3,race_aware
0.5,0.5,Female vs Male,sex,False,0.3708502024291498,False,statistical_parity,z (pooled),0.2264957264957265,0.4045954045954046,234,1001,-0.1780996780996781,-0.23974843304256344,-0.11645092315679278,-5.077832049159245,3.8176592901499917e-07,0.9999752718411196,False,0.22987584516527337,27.339275539885428,1.0,1.707085869655389e-07,,,,,,,,1.1452977870449976e-06,True,TabPFN,X2_to_X3,race_aware
0.5,0.5,Female vs Male,sex,False,0.3708502024291498,False,conditional_statistical_parity,Hurlin LR over proxy strata,0.2264957264957265,0.4045954045954046,234,1001,,,,,1.0430692129968473e-05,,,,30.76338440980088,5.0,1.0430692129968473e-05,5.0,27.074544371377065,1.95758815157987e-07,0.054742912926422325,0.014169185227683487,0.21150027101168745,0.6194890059969669,4.172276851987389e-05,True,TabPFN,X2_to_X3,race_aware
0.5,0.5,Female vs Male,sex,False,0.3708502024291498,False,fpr,z (pooled),0.16556291390728478,0.2476007677543186,151,521,-0.08203785384703383,-0.15195348294320427,-0.0121222247508634,-2.1119373070738225,0.034691826946460017,0.8152794779523727,False,0.14079414034504045,,,,,,,,,,,0.10407548083938005,False,TabPFN,X2_to_X3,race_aware
0.5,0.5,Female vs Male,sex,False,0.3708502024291498,False,fnr,z (pooled),0.6626506024096386,0.425,83,480,0.2376506024096386,0.12673629067095726,0.3485649141483199,4.011124184542677,6.043031169480338e-05,0.9995138525180506,False,0.3308867905232013,,,,,,,,,,,0.00018129093508441015,True,TabPFN,X2_to_X3,race_aware
0.5,0.5,Female vs Male,sex,False,0.3708502024291498,False,equalized_odds,Hurlin LR given Y,,,234,1001,,,,,2.9030342415511172e-05,,,,20.89433796953568,2.0,2.9030342415511172e-05,,,,,,,,8.709102724653352e-05,True,TabPFN,X2_to_X3,race_aware
break_even,0.2523364485981308,African-American vs Caucasian,race,True,0.8125,False,statistical_parity,z (pooled),0.8616352201257862,0.7380952380952381,636,420,0.12353998203054806,0.07365836918019691,0.1734215948808992,5.034037621581412,4.802553558648885e-07,0.9980315528707776,False,0.16543877720496009,24.846786366806256,1.0,6.207243997369943e-07,,,,,,,,1.4407660675946655e-06,True,TabPFN,X2_to_X3,race_aware
break_even,0.2523364485981308,African-American vs Caucasian,race,True,0.8125,False,conditional_statistical_parity,Hurlin LR over proxy strata,0.8616352201257862,0.7380952380952381,636,420,,,,,9.242048447285609e-14,,,,67.10995881811698,4.0,9.242048447285609e-14,4.0,5.975322456478994,0.014507428607009154,0.5527597879550056,0.3238692043827734,0.9434159810358139,3.4077185517844555e-11,2.7726145341856824e-13,True,TabPFN,X2_to_X3,race_aware
break_even,0.2523364485981308,African-American vs Caucasian,race,True,0.8125,False,fpr,z (pooled),0.7920792079207921,0.66796875,303,256,0.12411045792079212,0.0505169031255325,0.19770401271605173,3.313628449272489,0.0009209379560188746,0.9755469089031875,False,0.18597500828535918,,,,,,,,,,,0.002762813868056624,True,TabPFN,X2_to_X3,race_aware
break_even,0.2523364485981308,African-American vs Caucasian,race,True,0.8125,False,fnr,z (pooled),0.07507507507507508,0.1524390243902439,333,164,-0.07736394931516882,-0.13922986928036207,-0.01549802934997558,-2.6960137519707508,0.0070174769485784865,0.806795078895391,False,0.12938081591176828,,,,,,,,,,,0.021052430845735458,True,TabPFN,X2_to_X3,race_aware
break_even,0.2523364485981308,African-American vs Caucasian,race,True,0.8125,False,equalized_odds,Hurlin LR given Y,,,636,420,,,,,0.0001331845263618014,,,,17.847549950122016,2.0,0.0001331845263618014,,,,,,,,0.00039955357908540417,True,TabPFN,X2_to_X3,race_aware
break_even,0.2523364485981308,Hispanic vs Caucasian,race,False,0.734225621414914,False,statistical_parity,z (pooled),0.7184466019417476,0.7380952380952381,103,420,-0.01964863615349055,-0.11614890092728573,0.07685162862030463,-0.4045325762580052,0.6858211277107997,0.26893343526001207,False,0.10077846902064228,0.1621454107333835,1.0,0.6871889216813422,,,,,,,,0.9212832648167337,False,TabPFN,X2_to_X3,race_aware
break_even,0.2523364485981308,Hispanic vs Caucasian,race,False,0.734225621414914,False,conditional_statistical_parity,Hurlin LR over proxy strata,0.7184466019417476,0.7380952380952381,103,420,,,,,0.0005139373594315519,,,,19.93686069363377,4.0,0.0005139373594315519,4.0,5.58136990260488,0.018152518169248233,0.30279051083242076,0.10764093580565781,0.8517400258920764,0.0107769445405006,0.0010278747188631038,True,TabPFN,X2_to_X3,race_aware
break_even,0.2523364485981308,Hispanic vs Caucasian,race,False,0.734225621414914,False,fpr,z (pooled),0.625,0.66796875,64,256,-0.04296875,-0.17486228168644555,0.08892478168644555,-0.6487587106850815,0.5164943492339549,0.45842486613191324,False,0.15398069197245204,,,,,,,,,,,0.5164943492339549,False,TabPFN,X2_to_X3,race_aware
break_even,0.2523364485981308,Hispanic vs Caucasian,race,False,0.734225621414914,False,fnr,z (pooled),0.1282051282051282,0.1524390243902439,39,164,-0.024233896185115705,-0.14270515220613977,0.09423735983590835,-0.3833026401713969,0.7014953819049521,0.3351839595718066,False,0.12411847531986388,,,,,,,,,,,0.7014953819049521,False,TabPFN,X2_to_X3,race_aware
break_even,0.2523364485981308,Hispanic vs Caucasian,race,False,0.734225621414914,False,equalized_odds,Hurlin LR given Y,,,103,420,,,,,0.7529525456131896,,,,0.5675061472042515,2.0,0.7529525456131896,,,,,,,,0.7529525456131896,False,TabPFN,X2_to_X3,race_aware
break_even,0.2523364485981308,Other vs Caucasian,race,False,0.7321063394683026,False,statistical_parity,z (pooled),0.6956521739130435,0.7380952380952381,69,420,-0.04244306418219468,-0.15887008128871885,0.0739839529243295,-0.7377907216221821,0.46064163240836686,0.44941117069853437,False,0.14033791751227398,0.5322870003439251,1.0,0.4656469409455527,,,,,,,,0.9212832648167337,False,TabPFN,X2_to_X3,race_aware
break_even,0.2523364485981308,Other vs Caucasian,race,False,0.7321063394683026,False,conditional_statistical_parity,Hurlin LR over proxy strata,0.6956521739130435,0.7380952380952381,69,420,,,,,0.0012483675794105072,,,,15.796360715660628,3.0,0.0012483675794105072,3.0,6.32084982549744,0.011932642795253856,0.29576427255985266,0.10589996491086746,0.8260295930832927,0.021418692500112413,0.0012483675794105072,True,TabPFN,X2_to_X3,race_aware
break_even,0.2523364485981308,Other vs Caucasian,race,False,0.7321063394683026,False,fpr,z (pooled),0.5348837209302325,0.66796875,43,256,-0.1330850290697675,-0.2929393793082533,0.026769321168718302,-1.6917005632523092,0.09070308099424802,0.8454128010469381,False,0.26765879065927145,,,,,,,,,,,0.18140616198849605,False,TabPFN,X2_to_X3,race_aware
break_even,0.2523364485981308,Other vs Caucasian,race,False,0.7321063394683026,False,fnr,z (pooled),0.038461538461538464,0.1524390243902439,26,164,-0.11397748592870544,-0.20612096476658603,-0.021834007090824836,-1.5710712226819528,0.11616610611372373,0.9124050964229081,False,0.1916896734738423,,,,,,,,,,,0.23233221222744746,False,TabPFN,X2_to_X3,race_aware
break_even,0.2523364485981308,Other vs Caucasian,race,False,0.7321063394683026,False,equalized_odds,Hurlin LR given Y,,,69,420,,,,,0.050836086414534784,,,,5.95829762818974,2.0,0.050836086414534784,,,,,,,,0.10167217282906957,False,TabPFN,X2_to_X3,race_aware
break_even,0.2523364485981308,Female vs Male,sex,False,0.7967611336032389,False,statistical_parity,z (pooled),0.6410256410256411,0.8331668331668332,234,1001,-0.19214119214119207,-0.2577998284357089,-0.1264825558466752,-6.57573824454662,4.841235734962532e-11,0.9999881484963616,False,0.24728508799494592,38.92140308000489,1.0,4.4121650590214866e-10,,,,,,,,1.936494293985013e-10,True,TabPFN,X2_to_X3,race_aware
break_even,0.2523364485981308,Female vs Male,sex,False,0.7967611336032389,False,conditional_statistical_parity,Hurlin LR over proxy strata,0.6410256410256411,0.8331668331668332,234,1001,,,,,5.542862043354221e-25,,,,119.9247463679424,4.0,5.542862043354221e-25,4.0,69.80565946599313,1.1102230246251565e-16,0.05187153471477782,0.01825511960406085,0.14739186442075486,1.555330847335945e-06,2.2171448173416884e-24,True,TabPFN,X2_to_X3,race_aware
break_even,0.2523364485981308,Female vs Male,sex,False,0.7967611336032389,False,fpr,z (pooled),0.5761589403973509,0.7485604606525912,151,521,-0.17240152025524025,-0.2595809231452381,-0.08522211736524236,-4.110139552100626,3.954200727363808e-05,0.9969566632399364,False,0.24566608268782564,,,,,,,,,,,0.00015816802909455232,True,TabPFN,X2_to_X3,race_aware
break_even,0.2523364485981308,Female vs Male,sex,False,0.7967611336032389,False,fnr,z (pooled),0.24096385542168675,0.075,83,480,0.16596385542168673,0.07098850174260046,0.260939209100773,4.664760858165697,3.0897615149944027e-06,0.9914826487629481,False,0.24580152292341106,,,,,,,,,,,1.235904605997761e-05,True,TabPFN,X2_to_X3,race_aware
break_even,0.2523364485981308,Female vs Male,sex,False,0.7967611336032389,False,equalized_odds,Hurlin LR given Y,,,234,1001,,,,,5.5085657195075646e-08,,,,33.42875291932464,2.0,5.5085657195075646e-08,,,,,,,,2.2034262878030258e-07,True,TabPFN,X2_to_X3,race_aware
0.5,0.5,African-American vs Caucasian,race,True,0.5037878787878788,False,statistical_parity,z (pooled),0.60062893081761,0.35714285714285715,636,420,0.2434860736747529,0.18391453864698554,0.30305760870252024,7.74529259881554,9.536199065022404e-15,0.9999999998553907,False,0.29352406165725586,60.64530736944292,1.0,6.834279396425114e-15,,,,,,,,3.8144796260089615e-14,True,COMPAS tool,X2_to_X3,race_aware
0.5,0.5,African-American vs Caucasian,race,True,0.5037878787878788,False,conditional_statistical_parity,Hurlin LR over proxy strata,0.60062893081761,0.35714285714285715,636,420,,,,,0.002454904922919527,,,,39.480649958637386,18.0,0.002454904922919527,18.0,14.10009855912609,0.00017333469957225844,1.7461978500503024,1.299522808820674,2.3464050887167383,0.14918972119273288,0.009819619691678109,True,COMPAS tool,X2_to_X3,race_aware
0.5,0.5,African-American vs Caucasian,race,True,0.5037878787878788,False,fpr,z (pooled),0.42244224422442245,0.265625,303,256,0.15681724422442245,0.07922603207680591,0.234408456372039,3.8713253403967283,0.0001082452044104177,0.9964086927356083,False,0.22204232358236678,,,,,,,,,,,0.0004329808176416708,True,COMPAS tool,X2_to_X3,race_aware
0.5,0.5,African-American vs Caucasian,race,True,0.5037878787878788,False,fnr,z (pooled),0.23723723723723725,0.5,333,164,-0.2627627627627628,-0.3518883584094895,-0.17363716711603608,-5.885772587297624,3.961987894976192e-09,0.9999981361694245,False,0.3376995651526174,,,,,,,,,,,1.5847951579904767e-08,True,COMPAS tool,X2_to_X3,race_aware
0.5,0.5,African-American vs Caucasian,race,True,0.5037878787878788,False,equalized_odds,Hurlin LR given Y,,,636,420,,,,,2.3292082388076535e-11,,,,48.965815249552996,2.0,2.3292082388076535e-11,,,,,,,,9.316832955230614e-11,True,COMPAS tool,X2_to_X3,race_aware
0.5,0.5,Hispanic vs Caucasian,race,False,0.3441682600382409,False,statistical_parity,z (pooled),0.2912621359223301,0.35714285714285715,103,420,-0.06588072122052707,-0.1648697197690702,0.03310827732801605,-1.261156940623699,0.20725230893608937,0.6233418618775698,False,0.14910288570634772,1.6238966826596943,1.0,0.20254930571743998,,,,,,,,0.41450461787217874,False,COMPAS tool,X2_to_X3,race_aware
0.5,0.5,Hispanic vs Caucasian,race,False,0.3441682600382409,False,conditional_statistical_parity,Hurlin LR over proxy strata,0.2912621359223301,0.35714285714285715,103,420,,,,,0.39592087417686433,,,,16.841556431031158,16.0,0.39592087417686433,16.0,2.601598547577153,0.10675598767386507,0.637061766879837,0.3709224221494144,1.0941578901277011,0.6534213849715809,0.7918417483537287,False,COMPAS tool,X2_to_X3,race_aware
0.5,0.5,Hispanic vs Caucasian,race,False,0.3441682600382409,False,fpr,z (pooled),0.203125,0.265625,64,256,-0.0625,-0.1749399422881932,0.049939942288193206,-1.028545518471772,0.30369329069626094,0.5861727535863986,False,0.15713827519879453,,,,,,,,,,,0.6073865813925219,False,COMPAS tool,X2_to_X3,race_aware
0.5,0.5,Hispanic vs Caucasian,race,False,0.3441682600382409,False,fnr,z (pooled),0.5641025641025641,0.5,39,164,0.0641025641025641,-0.10932140354060799,0.23752653174573618,0.7198522744518148,0.47161595538786316,0.5632357008654552,False,0.21031845310134686,,,,,,,,,,,1.0,False,COMPAS tool,X2_to_X3,race_aware
0.5,0.5,Hispanic vs Caucasian,race,False,0.3441682600382409,False,equalized_odds,Hurlin LR given Y,,,103,420,,,,,0.4455342943936039,,,,1.6169621109497831,2.0,0.4455342943936039,,,,,,,,0.8910685887872078,False,COMPAS tool,X2_to_X3,race_aware
0.5,0.5,Other vs Caucasian,race,False,0.33537832310838445,False,statistical_parity,z (pooled),0.2028985507246377,0.35714285714285715,69,420,-0.15424430641821946,-0.2596198673296006,-0.048868745506838354,-2.5150646760158875,0.011901054931103518,0.9734559750936749,False,0.24284680896757346,6.806004451107071,1.0,0.00908518311601236,,,,,,,,0.03570316479331055,True,COMPAS tool,X2_to_X3,race_aware
0.5,0.5,Other vs Caucasian,race,False,0.33537832310838445,False,conditional_statistical_parity,Hurlin LR over proxy strata,0.2028985507246377,0.35714285714285715,69,420,,,,,0.018046400890055162,,,,28.61030574240941,15.0,0.018046400890055162,15.0,11.360854871887323,0.0007500829196231962,0.26315253717275466,0.12135038972479605,0.5706554216884236,0.6164666453384471,0.05413920267016549,False,COMPAS tool,X2_to_X3,race_aware
0.5,0.5,Other vs Caucasian,race,False,0.33537832310838445,False,fpr,z (pooled),0.06976744186046512,0.265625,43,256,-0.19585755813953487,-0.28926556042707074,-0.10244955585199897,-2.7927595293567333,0.005226052621595412,0.9987942428154036,False,0.274493305065666,,,,,,,,,,,0.015678157864786237,True,COMPAS tool,X2_to_X3,race_aware
0.5,0.5,Other vs Caucasian,race,False,0.33537832310838445,False,fnr,z (pooled),0.5769230769230769,0.5,26,164,0.07692307692307687,-0.12781757710156497,0.2816637309477187,0.7289784749063989,0.466014829504519,0.601552257929663,False,0.24959773935546517,,,,,,,,,,,1.0,False,COMPAS tool,X2_to_X3,race_aware
0.5,0.5,Other vs Caucasian,race,False,0.33537832310838445,False,equalized_odds,Hurlin LR given Y,,,69,420,,,,,0.006158264029276388,,,,10.179920709165465,2.0,0.006158264029276388,,,,,,,,0.018474792087829164,True,COMPAS tool,X2_to_X3,race_aware
0.5,0.5,Female vs Male,sex,False,0.46639676113360323,False,statistical_parity,z (pooled),0.44871794871794873,0.47052947052947053,234,1001,-0.021811521811521795,-0.09264246182374737,0.04901941820070378,-0.6021302764191608,0.5470874224782923,0.21776917085376235,False,0.08129941555542268,0.36306677167869594,1.0,0.5468079426438925,,,,,,,,0.5470874224782923,False,COMPAS tool,X2_to_X3,race_aware
0.5,0.5,Female vs Male,sex,False,0.46639676113360323,False,conditional_statistical_parity,Hurlin LR over proxy strata,0.44871794871794873,0.47052947052947053,234,1001,,,,,0.4795151858947996,,,,17.64118065116316,18.0,0.4795151858947996,18.0,1.9127127030598912,0.16666223832890126,1.2690266670499226,0.9040477310390328,1.7813536015769327,0.1890113401429402,0.7918417483537287,False,COMPAS tool,X2_to_X3,race_aware
0.5,0.5,Female vs Male,sex,False,0.46639676113360323,False,fpr,z (pooled),0.31788079470198677,0.31477927063339733,151,521,0.003101524068589434,-0.08119916927322807,0.08740221741040693,0.07221381370664585,0.9424317521274836,0.13797010443764562,False,0.0739468522735206,,,,,,,,,,,0.9424317521274836,False,COMPAS tool,X2_to_X3,race_aware
0.5,0.5,Female vs Male,sex,False,0.46639676113360323,False,fnr,z (pooled),0.3132530120481928,0.36041666666666666,83,480,-0.04716365461847388,-0.15579795270257976,0.061470643465632,-0.8299350049502094,0.40657553213119,0.47960297058164325,False,0.1384832300003962,,,,,,,,,,,1.0,False,COMPAS tool,X2_to_X3,race_aware
0.5,0.5,Female vs Male,sex,False,0.46639676113360323,False,equalized_odds,Hurlin LR given Y,,,234,1001,,,,,0.7029961306909508,,,,0.7048077823648434,2.0,0.7029961306909508,,,,,,,,0.8910685887872078,False,COMPAS tool,X2_to_X3,race_aware
break_even,0.2523364485981308,African-American vs Caucasian,race,True,0.5037878787878788,False,statistical_parity,z (pooled),0.60062893081761,0.35714285714285715,636,420,0.2434860736747529,0.18391453864698554,0.30305760870252024,7.74529259881554,9.536199065022404e-15,0.9999999998553907,False,0.29352406165725586,60.64530736944292,1.0,6.834279396425114e-15,,,,,,,,3.8144796260089615e-14,True,COMPAS tool,X2_to_X3,race_aware
break_even,0.2523364485981308,African-American vs Caucasian,race,True,0.5037878787878788,False,conditional_statistical_parity,Hurlin LR over proxy strata,0.60062893081761,0.35714285714285715,636,420,,,,,0.002454904922919527,,,,39.480649958637386,18.0,0.002454904922919527,18.0,14.10009855912609,0.00017333469957225844,1.7461978500503024,1.299522808820674,2.3464050887167383,0.14918972119273288,0.009819619691678109,True,COMPAS tool,X2_to_X3,race_aware
break_even,0.2523364485981308,African-American vs Caucasian,race,True,0.5037878787878788,False,fpr,z (pooled),0.42244224422442245,0.265625,303,256,0.15681724422442245,0.07922603207680591,0.234408456372039,3.8713253403967283,0.0001082452044104177,0.9964086927356083,False,0.22204232358236678,,,,,,,,,,,0.0004329808176416708,True,COMPAS tool,X2_to_X3,race_aware
break_even,0.2523364485981308,African-American vs Caucasian,race,True,0.5037878787878788,False,fnr,z (pooled),0.23723723723723725,0.5,333,164,-0.2627627627627628,-0.3518883584094895,-0.17363716711603608,-5.885772587297624,3.961987894976192e-09,0.9999981361694245,False,0.3376995651526174,,,,,,,,,,,1.5847951579904767e-08,True,COMPAS tool,X2_to_X3,race_aware
break_even,0.2523364485981308,African-American vs Caucasian,race,True,0.5037878787878788,False,equalized_odds,Hurlin LR given Y,,,636,420,,,,,2.3292082388076535e-11,,,,48.965815249552996,2.0,2.3292082388076535e-11,,,,,,,,9.316832955230614e-11,True,COMPAS tool,X2_to_X3,race_aware
break_even,0.2523364485981308,Hispanic vs Caucasian,race,False,0.3441682600382409,False,statistical_parity,z (pooled),0.2912621359223301,0.35714285714285715,103,420,-0.06588072122052707,-0.1648697197690702,0.03310827732801605,-1.261156940623699,0.20725230893608937,0.6233418618775698,False,0.14910288570634772,1.6238966826596943,1.0,0.20254930571743998,,,,,,,,0.41450461787217874,False,COMPAS tool,X2_to_X3,race_aware
break_even,0.2523364485981308,Hispanic vs Caucasian,race,False,0.3441682600382409,False,conditional_statistical_parity,Hurlin LR over proxy strata,0.2912621359223301,0.35714285714285715,103,420,,,,,0.39592087417686433,,,,16.841556431031158,16.0,0.39592087417686433,16.0,2.601598547577153,0.10675598767386507,0.637061766879837,0.3709224221494144,1.0941578901277011,0.6534213849715809,0.7918417483537287,False,COMPAS tool,X2_to_X3,race_aware
break_even,0.2523364485981308,Hispanic vs Caucasian,race,False,0.3441682600382409,False,fpr,z (pooled),0.203125,0.265625,64,256,-0.0625,-0.1749399422881932,0.049939942288193206,-1.028545518471772,0.30369329069626094,0.5861727535863986,False,0.15713827519879453,,,,,,,,,,,0.6073865813925219,False,COMPAS tool,X2_to_X3,race_aware
break_even,0.2523364485981308,Hispanic vs Caucasian,race,False,0.3441682600382409,False,fnr,z (pooled),0.5641025641025641,0.5,39,164,0.0641025641025641,-0.10932140354060799,0.23752653174573618,0.7198522744518148,0.47161595538786316,0.5632357008654552,False,0.21031845310134686,,,,,,,,,,,1.0,False,COMPAS tool,X2_to_X3,race_aware
break_even,0.2523364485981308,Hispanic vs Caucasian,race,False,0.3441682600382409,False,equalized_odds,Hurlin LR given Y,,,103,420,,,,,0.4455342943936039,,,,1.6169621109497831,2.0,0.4455342943936039,,,,,,,,0.8910685887872078,False,COMPAS tool,X2_to_X3,race_aware
break_even,0.2523364485981308,Other vs Caucasian,race,False,0.33537832310838445,False,statistical_parity,z (pooled),0.2028985507246377,0.35714285714285715,69,420,-0.15424430641821946,-0.2596198673296006,-0.048868745506838354,-2.5150646760158875,0.011901054931103518,0.9734559750936749,False,0.24284680896757346,6.806004451107071,1.0,0.00908518311601236,,,,,,,,0.03570316479331055,True,COMPAS tool,X2_to_X3,race_aware
break_even,0.2523364485981308,Other vs Caucasian,race,False,0.33537832310838445,False,conditional_statistical_parity,Hurlin LR over proxy strata,0.2028985507246377,0.35714285714285715,69,420,,,,,0.018046400890055162,,,,28.61030574240941,15.0,0.018046400890055162,15.0,11.360854871887323,0.0007500829196231962,0.26315253717275466,0.12135038972479605,0.5706554216884236,0.6164666453384471,0.05413920267016549,False,COMPAS tool,X2_to_X3,race_aware
break_even,0.2523364485981308,Other vs Caucasian,race,False,0.33537832310838445,False,fpr,z (pooled),0.06976744186046512,0.265625,43,256,-0.19585755813953487,-0.28926556042707074,-0.10244955585199897,-2.7927595293567333,0.005226052621595412,0.9987942428154036,False,0.274493305065666,,,,,,,,,,,0.015678157864786237,True,COMPAS tool,X2_to_X3,race_aware
break_even,0.2523364485981308,Other vs Caucasian,race,False,0.33537832310838445,False,fnr,z (pooled),0.5769230769230769,0.5,26,164,0.07692307692307687,-0.12781757710156497,0.2816637309477187,0.7289784749063989,0.466014829504519,0.601552257929663,False,0.24959773935546517,,,,,,,,,,,1.0,False,COMPAS tool,X2_to_X3,race_aware
break_even,0.2523364485981308,Other vs Caucasian,race,False,0.33537832310838445,False,equalized_odds,Hurlin LR given Y,,,69,420,,,,,0.006158264029276388,,,,10.179920709165465,2.0,0.006158264029276388,,,,,,,,0.018474792087829164,True,COMPAS tool,X2_to_X3,race_aware
break_even,0.2523364485981308,Female vs Male,sex,False,0.46639676113360323,False,statistical_parity,z (pooled),0.44871794871794873,0.47052947052947053,234,1001,-0.021811521811521795,-0.09264246182374737,0.04901941820070378,-0.6021302764191608,0.5470874224782923,0.21776917085376235,False,0.08129941555542268,0.36306677167869594,1.0,0.5468079426438925,,,,,,,,0.5470874224782923,False,COMPAS tool,X2_to_X3,race_aware
break_even,0.2523364485981308,Female vs Male,sex,False,0.46639676113360323,False,conditional_statistical_parity,Hurlin LR over proxy strata,0.44871794871794873,0.47052947052947053,234,1001,,,,,0.4795151858947996,,,,17.64118065116316,18.0,0.4795151858947996,18.0,1.9127127030598912,0.16666223832890126,1.2690266670499226,0.9040477310390328,1.7813536015769327,0.1890113401429402,0.7918417483537287,False,COMPAS tool,X2_to_X3,race_aware
break_even,0.2523364485981308,Female vs Male,sex,False,0.46639676113360323,False,fpr,z (pooled),0.31788079470198677,0.31477927063339733,151,521,0.003101524068589434,-0.08119916927322807,0.08740221741040693,0.07221381370664585,0.9424317521274836,0.13797010443764562,False,0.0739468522735206,,,,,,,,,,,0.9424317521274836,False,COMPAS tool,X2_to_X3,race_aware
break_even,0.2523364485981308,Female vs Male,sex,False,0.46639676113360323,False,fnr,z (pooled),0.3132530120481928,0.36041666666666666,83,480,-0.04716365461847388,-0.15579795270257976,0.061470643465632,-0.8299350049502094,0.40657553213119,0.47960297058164325,False,0.1384832300003962,,,,,,,,,,,1.0,False,COMPAS tool,X2_to_X3,race_aware
break_even,0.2523364485981308,Female vs Male,sex,False,0.46639676113360323,False,equalized_odds,Hurlin LR given Y,,,234,1001,,,,,0.7029961306909508,,,,0.7048077823648434,2.0,0.7029961306909508,,,,,,,,0.8910685887872078,False,COMPAS tool,X2_to_X3,race_aware
0.5,0.5,African-American vs Caucasian,race,True,0.39204545454545453,False,statistical_parity,z (pooled),0.47955974842767296,0.25952380952380955,636,420,0.22003593890386342,0.1628944900290485,0.27717738777867834,7.168216245293688,7.598122126900817e-13,0.9999999963668296,False,0.2680327402414159,52.74083615486879,1.0,3.8059497489625895e-13,,,,,,,,3.039248850760327e-12,True,TabPFN,X2_to_X3,race_blind
0.5,0.5,African-American vs Caucasian,race,True,0.39204545454545453,False,conditional_statistical_parity,Hurlin LR over proxy strata,0.47955974842767296,0.25952380952380955,636,420,,,,,0.05804992839902826,,,,12.181032174476785,6.0,0.05804992839902826,6.0,1.7897169121803718,0.18096065816269546,1.5234422527649512,0.8087944481316329,2.8695502335246275,0.06393075435238416,0.1741497851970848,False,TabPFN,X2_to_X3,race_blind
0.5,0.5,African-American vs Caucasian,race,True,0.39204545454545453,False,fpr,z (pooled),0.3069306930693069,0.1796875,303,256,0.12724319306930693,0.05718055059098713,0.1973058355476267,3.4677654424289828,0.0005248051468874509,0.9844332020582678,False,0.18613957178525753,,,,,,,,,,,0.0020992205875498037,True,TabPFN,X2_to_X3,race_blind
0.5,0.5,African-American vs Caucasian,race,True,0.39204545454545453,False,fnr,z (pooled),0.3633633633633634,0.6158536585365854,333,164,-0.25249029517322197,-0.34309988438666433,-0.1618807059597796,-5.323828919658093,1.0160547231756522e-07,0.9999927544808003,False,0.328674839380114,,,,,,,,,,,4.064218892702609e-07,True,TabPFN,X2_to_X3,race_blind
0.5,0.5,African-American vs Caucasian,race,True,0.39204545454545453,False,equalized_odds,Hurlin LR given Y,,,636,420,,,,,1.4795476767171347e-09,,,,40.66305883944529,2.0,1.4795476767171347e-09,,,,,,,,5.918190706868539e-09,True,TabPFN,X2_to_X3,race_blind
0.5,0.5,Hispanic vs Caucasian,race,False,0.26195028680688337,False,statistical_parity,z (pooled),0.27184466019417475,0.25952380952380955,103,420,0.012320850670365202,-0.08328337114138888,0.10792507248211929,0.2548477830680621,0.7988406678600858,0.22009819452998527,False,0.09269736108889373,0.06455876151592088,1.0,0.7994305386358026,,,,,,,,1.0,False,TabPFN,X2_to_X3,race_blind
0.5,0.5,Hispanic vs Caucasian,race,False,0.26195028680688337,False,conditional_statistical_parity,Hurlin LR over proxy strata,0.27184466019417475,0.25952380952380955,103,420,,,,,0.3503630755210337,,,,6.691077596093404,6.0,0.3503630755210337,6.0,3.189129621241212,0.07412947082635057,2.774547291788671,0.8901397017072742,8.648207309040354,0.7277167516863758,0.7007261510420674,False,TabPFN,X2_to_X3,race_blind
0.5,0.5,Hispanic vs Caucasian,race,False,0.26195028680688337,False,fpr,z (pooled),0.125,0.1796875,64,256,-0.0546875,-0.14837224581261738,0.038997245812617376,-1.044805213292505,0.296113004935759,0.5390293475519591,False,0.13353993069067807,,,,,,,,,,,0.592226009871518,False,TabPFN,X2_to_X3,race_blind
0.5,0.5,Hispanic vs Caucasian,race,False,0.26195028680688337,False,fnr,z (pooled),0.48717948717948717,0.6158536585365854,39,164,-0.1286741713570982,-0.3023118293979368,0.04496348668374045,-1.4691426185296734,0.1417941102228185,0.8122117621513266,False,0.27507022536934445,,,,,,,,,,,0.27294798880560556,False,TabPFN,X2_to_X3,race_blind
0.5,0.5,Hispanic vs Caucasian,race,False,0.26195028680688337,False,equalized_odds,Hurlin LR given Y,,,103,420,,,,,0.1932803744752667,,,,3.287226853524106,2.0,0.1932803744752667,,,,,,,,0.3817327807510143,False,TabPFN,X2_to_X3,race_blind
0.5,0.5,Other vs Caucasian,race,False,0.261758691206544,False,statistical_parity,z (pooled),0.2753623188405797,0.25952380952380955,69,420,0.015838509316770166,-0.09759252090697094,0.1292695395405113,0.2773699056287972,0.7814960872385768,0.2776406648601569,False,0.11121425923118311,0.07623757178962132,1.0,0.7824624123737678,,,,,,,,1.0,False,TabPFN,X2_to_X3,race_blind
0.5,0.5,Other vs Caucasian,race,False,0.261758691206544,False,conditional_statistical_parity,Hurlin LR over proxy strata,0.2753623188405797,0.25952380952380955,69,420,,,,,0.8345685743609796,,,,2.104049562948081,5.0,0.8345685743609796,5.0,0.7021178081033937,0.40207299376116024,2.0344150594756902,0.4448461349623422,9.303991445428302,0.9255327480160492,0.8345685743609796,False,TabPFN,X2_to_X3,race_blind
0.5,0.5,Other vs Caucasian,race,False,0.261758691206544,False,fpr,z (pooled),0.11627906976744186,0.1796875,43,256,-0.06340843023255814,-0.17014115797509155,0.04332429750997527,-1.022882804628513,0.30636326060245034,0.597160109317281,False,0.1532616286947358,,,,,,,,,,,0.592226009871518,False,TabPFN,X2_to_X3,race_blind
0.5,0.5,Other vs Caucasian,race,False,0.261758691206544,False,fnr,z (pooled),0.46153846153846156,0.6158536585365854,26,164,-0.1543151969981238,-0.35988764503566517,0.05125725103941761,-1.4890507913975322,0.13647399440280278,0.8393855412035643,False,0.3276913798543622,,,,,,,,,,,0.27294798880560556,False,TabPFN,X2_to_X3,race_blind
0.5,0.5,Other vs Caucasian,race,False,0.261758691206544,False,equalized_odds,Hurlin LR given Y,,,69,420,,,,,0.19086639037550715,,,,3.312363245096734,2.0,0.19086639037550715,,,,,,,,0.3817327807510143,False,TabPFN,X2_to_X3,race_blind
0.5,0.5,Female vs Male,sex,False,0.37327935222672065,False,statistical_parity,z (pooled),0.18803418803418803,0.4165834165834166,234,1001,-0.22854922854922854,-0.28719330651592234,-0.16990515058253472,-6.507546242876289,7.638824101876584e-11,0.9999999984264343,False,0.27780189522553667,45.97332117640964,1.0,1.1987437924657643e-11,,,,,,,,2.2916472305629753e-10,True,TabPFN,X2_to_X3,race_blind
0.5,0.5,Female vs Male,sex,False,0.37327935222672065,False,conditional_statistical_parity,Hurlin LR over proxy strata,0.18803418803418803,0.4165834165834166,234,1001,,,,,1.0547978490182101e-16,,,,87.39018615136973,6.0,1.0547978490182101e-16,6.0,66.9048311601345,3.3306690738754696e-16,0.02388100767893771,0.006077938964718999,0.09383156544874065,0.061993607292298525,4.2191913960728406e-16,True,TabPFN,X2_to_X3,race_blind
0.5,0.5,Female vs Male,sex,False,0.37327935222672065,False,fpr,z (pooled),0.13245033112582782,0.2533589251439539,151,521,-0.12090859401812609,-0.18662036775186935,-0.05519682028438283,-3.1269841294566834,0.0017660946079791498,0.9825993686327934,False,0.17613200906429763,,,,,,,,,,,0.0052982838239374495,True,TabPFN,X2_to_X3,race_blind
0.5,0.5,Female vs Male,sex,False,0.37327935222672065,False,fnr,z (pooled),0.7108433734939759,0.40625,83,480,0.30459337349397586,0.19761866426883648,0.41156808271911527,5.149181677221255,2.6162537695332923e-07,0.9999980649694414,False,0.39451787427623486,,,,,,,,,,,7.848761308599877e-07,True,TabPFN,X2_to_X3,race_blind
0.5,0.5,Female vs Male,sex,False,0.37327935222672065,False,equalized_odds,Hurlin LR given Y,,,234,1001,,,,,7.1384287752739785e-09,,,,37.515546288593995,2.0,7.1384287752739785e-09,,,,,,,,2.1415286325821936e-08,True,TabPFN,X2_to_X3,race_blind
break_even,0.2523364485981308,African-American vs Caucasian,race,True,0.8399621212121212,False,statistical_parity,z (pooled),0.9072327044025157,0.7380952380952381,636,420,0.16913746630727755,0.12142560963860996,0.21684932297594514,7.337021985339834,2.1839874551249001e-13,0.9999994290178607,False,0.2092137428292252,52.76880107002499,1.0,3.752143480771718e-13,,,,,,,,6.551962365374701e-13,True,TabPFN,X2_to_X3,race_blind
break_even,0.2523364485981308,African-American vs Caucasian,race,True,0.8399621212121212,False,conditional_statistical_parity,Hurlin LR over proxy strata,0.9072327044025157,0.7380952380952381,636,420,,,,,0.2085357863668077,,,,5.876851373605222,4.0,0.2085357863668077,4.0,4.0369650571199145,0.044513806308426274,1.8652428417011022,1.0124360999702904,3.4363955005350926,0.6268801206004944,0.6256073591004231,False,TabPFN,X2_to_X3,race_blind
break_even,0.2523364485981308,African-American vs Caucasian,race,True,0.8399621212121212,False,fpr,z (pooled),0.858085808580858,0.66796875,303,256,0.19011705858085803,0.12031785294894662,0.2599162642127695,5.329968807036935,9.822963679695022e-08,0.9999530446977699,False,0.2487919858110385,,,,,,,,,,,2.9468891039085066e-07,True,TabPFN,X2_to_X3,race_blind
break_even,0.2523364485981308,African-American vs Caucasian,race,True,0.8399621212121212,False,fnr,z (pooled),0.04804804804804805,0.1524390243902439,333,164,-0.10439097634219585,-0.16400639497886338,-0.04477555770552831,-3.9775060133418743,6.964186218676834e-05,0.9628224602758757,False,0.1545156213821248,,,,,,,,,,,0.00020892558656030504,True,TabPFN,X2_to_X3,race_blind
break_even,0.2523364485981308,African-American vs Caucasian,race,True,0.8399621212121212,False,equalized_odds,Hurlin LR given Y,,,636,420,,,,,3.915683638652881e-10,,,,43.32172199079297,2.0,3.915683638652881e-10,,,,,,,,1.1747050915958643e-09,True,TabPFN,X2_to_X3,race_blind
break_even,0.2523364485981308,Hispanic vs Caucasian,race,False,0.7476099426386233,False,statistical_parity,z (pooled),0.7864077669902912,0.7380952380952381,103,420,0.04831252889505311,-0.04131261682640211,0.13793767461650833,1.0115294435005362,0.3117630962584991,0.48528848215252834,False,0.12366230239174,1.0521988083502825,1.0,0.3050012245362487,,,,,,,,0.5928738501680557,False,TabPFN,X2_to_X3,race_blind
break_even,0.2523364485981308,Hispanic vs Caucasian,race,False,0.7476099426386233,False,conditional_statistical_parity,Hurlin LR over proxy strata,0.7864077669902912,0.7380952380952381,103,420,,,,,0.790250371233867,,,,1.7025719602019893,4.0,0.790250371233867,4.0,0.30762816256392456,0.5791392996045247,1.365671075592423,0.46572057001053807,4.004670626138683,0.8004135444056594,0.9739269493883553,False,TabPFN,X2_to_X3,race_blind
break_even,0.2523364485981308,Hispanic vs Caucasian,race,False,0.7476099426386233,False,fpr,z (pooled),0.71875,0.66796875,64,256,0.05078125,-0.07356333321975313,0.1751258332197531,0.7777497255459332,0.43671657133353325,0.5049087270023045,False,0.1554394048047102,,,,,,,,,,,0.8734331426670665,False,TabPFN,X2_to_X3,race_blind
break_even,0.2523364485981308,Hispanic vs Caucasian,race,False,0.7476099426386233,False,fnr,z (pooled),0.10256410256410256,0.1524390243902439,39,164,-0.04987492182614134,-0.15984154649141308,0.0600917028391304,-0.8000384345572492,0.4236885291760064,0.4991117437596574,False,0.14258914122810545,,,,,,,,,,,0.4236885291760064,False,TabPFN,X2_to_X3,race_blind
break_even,0.2523364485981308,Hispanic vs Caucasian,race,False,0.7476099426386233,False,equalized_odds,Hurlin LR given Y,,,103,420,,,,,0.5216642776081066,,,,1.3014620887029023,2.0,0.5216642776081066,,,,,,,,0.5216642776081066,False,TabPFN,X2_to_X3,race_blind
break_even,0.2523364485981308,Other vs Caucasian,race,False,0.7464212678936605,False,statistical_parity,z (pooled),0.7971014492753623,0.7380952380952381,69,420,0.05900621118012417,-0.04478284980963329,0.16279527216988163,1.04410475733671,0.29643692508402786,0.5674888246511542,False,0.1462747434793134,1.1357237299368785,1.0,0.28655774166196357,,,,,,,,0.5928738501680557,False,TabPFN,X2_to_X3,race_blind
break_even,0.2523364485981308,Other vs Caucasian,race,False,0.7464212678936605,False,conditional_statistical_parity,Hurlin LR over proxy strata,0.7971014492753623,0.7380952380952381,69,420,,,,,0.48696347469417767,,,,2.436026833221421,3.0,0.48696347469417767,3.0,0.28055338711720096,0.5963387364606172,1.3269230769230769,0.4627568747791242,3.80485941545743,0.3432722013098001,0.9739269493883553,False,TabPFN,X2_to_X3,race_blind
break_even,0.2523364485981308,Other vs Caucasian,race,False,0.7464212678936605,False,fpr,z (pooled),0.6976744186046512,0.66796875,43,256,0.02970566860465118,-0.11919461519329808,0.17860595240260044,0.3839883690218275,0.7009870681006474,0.39477613139631673,False,0.15505772353803282,,,,,,,,,,,0.8734331426670665,False,TabPFN,X2_to_X3,race_blind
break_even,0.2523364485981308,Other vs Caucasian,race,False,0.7464212678936605,False,fnr,z (pooled),0.038461538461538464,0.1524390243902439,26,164,-0.11397748592870544,-0.20612096476658603,-0.021834007090824836,-1.5710712226819528,0.11616610611372373,0.9124050964229081,False,0.1916896734738423,,,,,,,,,,,0.23233221222744746,False,TabPFN,X2_to_X3,race_blind
break_even,0.2523364485981308,Other vs Caucasian,race,False,0.7464212678936605,False,equalized_odds,Hurlin LR given Y,,,69,420,,,,,0.1886956897379889,,,,3.3352393374891287,2.0,0.1886956897379889,,,,,,,,0.3773913794759778,False,TabPFN,X2_to_X3,race_blind
break_even,0.2523364485981308,Female vs Male,sex,False,0.8323886639676114,False,statistical_parity,z (pooled),0.6410256410256411,0.8771228771228772,234,1001,-0.2360972360972361,-0.3008370239486422,-0.17135744824583,-8.704976823455006,3.1763965923858638e-18,0.9999999891018523,False,0.2904694302265587,65.12884786735899,1.0,7.015747556154297e-16,,,,,,,,1.2705586369543455e-17,True,TabPFN,X2_to_X3,race_blind
break_even,0.2523364485981308,Female vs Male,sex,False,0.8323886639676114,False,conditional_statistical_parity,Hurlin LR over proxy strata,0.6410256410256411,0.8771228771228772,234,1001,,,,,1.8764739992955192e-47,,,,224.64468244440664,4.0,1.8764739992955192e-47,4.0,162.44578318954854,0.0,0.03757717933932652,0.014941900234087152,0.09450233136201727,5.084821452783217e-14,7.505895997182077e-47,True,TabPFN,X2_to_X3,race_blind
break_even,0.2523364485981308,Female vs Male,sex,False,0.8323886639676114,False,fpr,z (pooled),0.5761589403973509,0.8138195777351248,151,521,-0.23766063733777387,-0.3232739960695242,-0.15204727860602352,-6.024567035993117,1.6956291564289387e-09,0.9999900232728516,False,0.3096091143625608,,,,,,,,,,,6.782516625715755e-09,True,TabPFN,X2_to_X3,race_blind
break_even,0.2523364485981308,Female vs Male,sex,False,0.8323886639676114,False,fnr,z (pooled),0.24096385542168675,0.05416666666666667,83,480,0.18679718875502008,0.09258931339877756,0.2810050641112626,5.7366718874547455,9.655505311735921e-09,0.9977055972304285,False,0.26598970278502354,,,,,,,,,,,3.8622021246943684e-08,True,TabPFN,X2_to_X3,race_blind
break_even,0.2523364485981308,Female vs Male,sex,False,0.8323886639676114,False,equalized_odds,Hurlin LR given Y,,,234,1001,,,,,2.437778464108176e-13,,,,58.085038099744814,2.0,2.437778464108176e-13,,,,,,,,9.751113856432704e-13,True,TabPFN,X2_to_X3,race_blind
0.5,0.5,African-American vs Caucasian,race,True,0.4668560606060606,False,statistical_parity,z (pooled),0.5220125786163522,0.38333333333333336,636,420,0.13867924528301884,0.07810555800703786,0.1992529325589998,4.420984319533043,9.82523042780309e-06,0.9979024633225305,False,0.18955900580217674,19.668362898070647,1.0,9.211383738338428e-06,,,,,,,,2.947569128340927e-05,True,TabPFN,X2_to_X3,race_priors_blind
0.5,0.5,African-American vs Caucasian,race,True,0.4668560606060606,False,conditional_statistical_parity,Hurlin LR over proxy strata,0.5220125786163522,0.38333333333333336,636,420,,,,,0.4253742879784626,,,,9.12986155665361,9.0,0.4253742879784626,9.0,0.06257421923655791,0.8024725919726525,1.0574387201719972,0.6842404079566148,1.6341868061523357,0.35565031080939224,0.8507485759569252,False,TabPFN,X2_to_X3,race_priors_blind
0.5,0.5,African-American vs Caucasian,race,True,0.4668560606060606,False,fpr,z (pooled),0.43564356435643564,0.31640625,303,256,0.11923731435643564,0.03947113355881293,0.19900349515405835,2.89222140107277,0.0038252827596301922,0.9552734287127073,False,0.18629072580085132,,,,,,,,,,,0.011475848278890578,True,TabPFN,X2_to_X3,race_priors_blind
0.5,0.5,African-American vs Caucasian,race,True,0.4668560606060606,False,fnr,z (pooled),0.3993993993993994,0.5121951219512195,333,164,-0.11279572255182013,-0.20563767369116603,-0.019953771412474244,-2.3839985293480463,0.01712567080958965,0.9072189801560959,False,0.19085723670533838,,,,,,,,,,,0.05137701242876895,False,TabPFN,X2_to_X3,race_priors_blind
0.5,0.5,African-American vs Caucasian,race,True,0.4668560606060606,False,equalized_odds,Hurlin LR given Y,,,636,420,,,,,0.0008745287767756305,,,,14.083650714999415,2.0,0.0008745287767756305,,,,,,,,0.0026235863303268915,True,TabPFN,X2_to_X3,race_priors_blind
0.5,0.5,Hispanic vs Caucasian,race,False,0.39579349904397704,False,statistical_parity,z (pooled),0.44660194174757284,0.38333333333333336,103,420,0.06326860841423948,-0.04340695976813068,0.16994417659660965,1.1766672616087568,0.2393283397603686,0.5962536800015816,False,0.1529530360987768,1.3714174602784848,1.0,0.24156849367016503,,,,,,,,0.4786566795207372,False,TabPFN,X2_to_X3,race_priors_blind
0.5,0.5,Hispanic vs Caucasian,race,False,0.39579349904397704,False,conditional_statistical_parity,Hurlin LR over proxy strata,0.44660194174757284,0.38333333333333336,103,420,,,,,0.7726846825097033,,,,4.061349268670416,7.0,0.7726846825097033,7.0,0.1688587813975307,0.6811280425663281,1.1801329708839614,0.5394282958199683,2.5818330995232337,0.7975834258813663,0.8507485759569252,False,TabPFN,X2_to_X3,race_priors_blind
0.5,0.5,Hispanic vs Caucasian,race,False,0.39579349904397704,False,fpr,z (pooled),0.375,0.31640625,64,256,0.05859375,-0.0729869284330047,0.1901744284330047,0.8929401954728154,0.3718892000800057,0.5508884058894856,False,0.16934237013420272,,,,,,,,,,,0.7437784001600114,False,TabPFN,X2_to_X3,race_priors_blind
0.5,0.5,Hispanic vs Caucasian,race,False,0.39579349904397704,False,fnr,z (pooled),0.4358974358974359,0.5121951219512195,39,164,-0.07629768605378362,-0.24971160989612926,0.09711623778856202,-0.8565502390974199,0.39169349649992413,0.61669820083679,False,0.2225051070000433,,,,,,,,,,,0.45345134421423694,False,TabPFN,X2_to_X3,race_priors_blind
0.5,0.5,Hispanic vs Caucasian,race,False,0.39579349904397704,False,equalized_odds,Hurlin LR given Y,,,103,420,,,,,0.4677231569354252,,,,1.5197574062120882,2.0,0.4677231569354252,,,,,,,,0.9354463138708504,False,TabPFN,X2_to_X3,race_priors_blind
0.5,0.5,Other vs Caucasian,race,False,0.39059304703476483,False,statistical_parity,z (pooled),0.43478260869565216,0.38333333333333336,69,420,0.0514492753623188,-0.07442218368339026,0.17732073440802787,0.8118168603406328,0.4168967260016392,0.5089975013375245,False,0.15728526023899636,0.6524849111409932,1.0,0.4192256575629446,,,,,,,,0.4786566795207372,False,TabPFN,X2_to_X3,race_priors_blind
0.5,0.5,Other vs Caucasian,race,False,0.39059304703476483,False,conditional_statistical_parity,Hurlin LR over proxy strata,0.43478260869565216,0.38333333333333336,69,420,,,,,0.11695679751945194,,,,12.85444494763226,8.0,0.11695679751945194,8.0,0.4346751715796369,0.5097037843518202,1.3630025935079058,0.5338710240388659,3.479821878802756,0.1566226220889948,0.35087039255835584,False,TabPFN,X2_to_X3,race_priors_blind
0.5,0.5,Other vs Caucasian,race,False,0.39059304703476483,False,fpr,z (pooled),0.32558139534883723,0.31640625,43,256,0.009175145348837233,-0.1420264468097429,0.16037673750741738,0.119571002691717,0.9048229913852955,0.29853246882618406,False,0.1364645621507288,,,,,,,,,,,0.9048229913852955,False,TabPFN,X2_to_X3,race_priors_blind
0.5,0.5,Other vs Caucasian,race,False,0.39059304703476483,False,fnr,z (pooled),0.38461538461538464,0.5121951219512195,26,164,-0.1275797373358349,-0.3296253710688877,0.07446589639721793,-1.2088364835464729,0.22672567210711847,0.7736752034455431,False,0.2979814671095116,,,,,,,,,,,0.45345134421423694,False,TabPFN,X2_to_X3,race_priors_blind
0.5,0.5,Other vs Caucasian,race,False,0.39059304703476483,False,equalized_odds,Hurlin LR given Y,,,69,420,,,,,0.4752240546049742,,,,1.4879377845097723,2.0,0.4752240546049742,,,,,,,,0.9354463138708504,False,TabPFN,X2_to_X3,race_priors_blind
0.5,0.5,Female vs Male,sex,False,0.4631578947368421,False,statistical_parity,z (pooled),0.0,0.5714285714285714,234,1001,-0.5714285714285714,-0.6020851465777337,-0.5407719962794091,-15.782130092357649,4.130114425102632e-56,1.0,False,0.5971757249283062,338.18016644804493,1.0,1.5892823249940175e-75,,,,,,,,1.6520457700410528e-55,True,TabPFN,X2_to_X3,race_priors_blind
0.5,0.5,Female vs Male,sex,False,0.4631578947368421,False,conditional_statistical_parity,Hurlin LR over proxy strata,0.0,0.5714285714285714,234,1001,,,,,5.266087994839889e-138,,,,667.9822433904321,9.0,5.266087994839889e-138,9.0,660.3175080414806,0.0,0.0,,,,2.1064351979359557e-137,True,TabPFN,X2_to_X3,race_priors_blind
0.5,0.5,Female vs Male,sex,False,0.4631578947368421,False,fpr,z (pooled),0.0,0.4856046065259117,151,521,-0.4856046065259117,-0.5285205993175568,-0.44268861373426666,-10.844449173840188,2.119084639028582e-27,1.0,False,0.5216707107777062,,,,,,,,,,,8.476338556114328e-27,True,TabPFN,X2_to_X3,race_priors_blind
0.5,0.5,Female vs Male,sex,False,0.4631578947368421,False,fnr,z (pooled),1.0,0.33541666666666664,83,480,0.6645833333333333,0.6223461922317693,0.7068204744348973,11.281661200368086,1.6166398559356708e-29,1.0,False,0.7000884901646958,,,,,,,,,,,6.466559423742683e-29,True,TabPFN,X2_to_X3,race_priors_blind
0.5,0.5,Female vs Male,sex,False,0.4631578947368421,False,equalized_odds,Hurlin LR given Y,,,234,1001,,,,,1.3538557522907643e-71,,,,326.36116993651916,2.0,1.3538557522907643e-71,,,,,,,,5.415423009163057e-71,True,TabPFN,X2_to_X3,race_priors_blind
break_even,0.2523364485981308,African-American vs Caucasian,race,True,0.9791666666666666,False,statistical_parity,z (pooled),0.9937106918238994,0.9571428571428572,636,420,0.03656783468104219,0.016247034916298267,0.05688863444578611,4.0720471424411535,4.660174416390721e-05,0.09770755212121601,False,0.0536365896484801,16.73217628394323,1.0,4.3044737979545464e-05,,,,,,,,0.00013980523249172163,True,TabPFN,X2_to_X3,race_priors_blind
break_even,0.2523364485981308,African-American vs Caucasian,race,True,0.9791666666666666,False,conditional_statistical_parity,Hurlin LR over proxy strata,0.9937106918238994,0.9571428571428572,636,420,,,,,0.01652345487032417,,,,10.254331769403924,3.0,0.01652345487032417,3.0,3.501590565196088,0.06130991898411686,2.8309090909090906,0.9030922547160652,8.874006214914745,0.08053849440209637,0.049570364610972514,True,TabPFN,X2_to_X3,race_priors_blind
break_even,0.2523364485981308,African-American vs Caucasian,race,True,0.9791666666666666,False,fpr,z (pooled),0.9900990099009901,0.94921875,303,256,0.04088025990099009,0.011766772668987163,0.06999374713299301,2.888024963991427,0.003876691035450343,0.2697479644970709,False,0.0653537725905611,,,,,,,,,,,0.01163007310635103,True,TabPFN,X2_to_X3,race_priors_blind
break_even,0.2523364485981308,African-American vs Caucasian,race,True,0.9791666666666666,False,fnr,z (pooled),0.003003003003003003,0.03048780487804878,333,164,-0.027484801875045775,-0.054445848315885115,-0.0005237554342064354,-2.6381438619054642,0.00833612093318818,0.05115726490248202,False,0.05015365019746451,,,,,,,,,,,0.02500836279956454,True,TabPFN,X2_to_X3,race_priors_blind
break_even,0.2523364485981308,African-American vs Caucasian,race,True,0.9791666666666666,False,equalized_odds,Hurlin LR given Y,,,636,420,,,,,0.00046614935280792584,,,,15.342008951199652,2.0,0.00046614935280792584,,,,,,,,0.0013984480584237776,True,TabPFN,X2_to_X3,race_priors_blind
break_even,0.2523364485981308,Hispanic vs Caucasian,race,False,0.9617590822179732,False,statistical_parity,z (pooled),0.9805825242718447,0.9571428571428572,103,420,0.023439667128987485,-0.009504421403721632,0.0563837556616966,1.1115949152386324,0.26631235976733847,0.057337289751029405,False,0.051136465711711473,1.4388759592083704,1.0,0.2303213212960127,,,,,,,,0.26631235976733847,False,TabPFN,X2_to_X3,race_priors_blind
break_even,0.2523364485981308,Hispanic vs Caucasian,race,False,0.9617590822179732,False,conditional_statistical_parity,Hurlin LR over proxy strata,0.9805825242718447,0.9571428571428572,103,420,,,,,0.03166070529404395,,,,8.828461284855608,3.0,0.03166070529404395,3.0,2.5789887653839676,0.10829082359567543,3.0349650349650346,0.6903772583717545,13.341999105220191,0.08383648517689768,0.0633214105880879,False,TabPFN,X2_to_X3,race_priors_blind
break_even,0.2523364485981308,Hispanic vs Caucasian,race,False,0.9617590822179732,False,fpr,z (pooled),0.96875,0.94921875,64,256,0.01953125,-0.03087121727686007,0.06993371727686007,0.6611796049072862,0.5084971390779454,0.11848744871699912,False,0.06195392002076356,,,,,,,,,,,0.5084971390779454,False,TabPFN,X2_to_X3,race_priors_blind
break_even,0.2523364485981308,Hispanic vs Caucasian,race,False,0.9617590822179732,False,fnr,z (pooled),0.0,0.03048780487804878,39,164,-0.03048780487804878,-0.05680053329704593,-0.004175076459051626,-1.1041060903212176,0.2695471196769027,0.07383463721868676,False,0.052672391184384965,,,,,,,,,,,0.5390942393538054,False,TabPFN,X2_to_X3,race_priors_blind
break_even,0.2523364485981308,Hispanic vs Caucasian,race,False,0.9617590822179732,False,equalized_odds,Hurlin LR given Y,,,103,420,,,,,0.26674959131047443,,,,2.6428898418167712,2.0,0.26674959131047443,,,,,,,,0.26674959131047443,False,TabPFN,X2_to_X3,race_priors_blind
break_even,0.2523364485981308,Other vs Caucasian,race,False,0.9631901840490797,False,statistical_parity,z (pooled),1.0,0.9571428571428572,69,420,0.042857142857142816,0.023487418766423504,0.06222686694786213,1.7521856882414737,0.07974188375778474,0.2350858629219249,False,0.059143708862438284,5.587711919624493,1.0,0.018086907216483906,,,,,,,,0.15948376751556947,False,TabPFN,X2_to_X3,race_priors_blind
break_even,0.2523364485981308,Other vs Caucasian,race,False,0.9631901840490797,False,conditional_statistical_parity,Hurlin LR over proxy strata,1.0,0.9571428571428572,69,420,,,,,0.43535397873299875,,,,0.6084977933747543,1.0,0.43535397873299875,1.0,0.34782608695652173,0.5553463166714221,inf,,,,0.43535397873299875,False,TabPFN,X2_to_X3,race_priors_blind
break_even,0.2523364485981308,Other vs Caucasian,race,False,0.9631901840490797,False,fpr,z (pooled),1.0,0.94921875,43,256,0.05078125,0.023886782118293388,0.07767571788170662,1.5109096635350632,0.13081146843690972,0.5226821540666582,False,0.07342242118733247,,,,,,,,,,,0.26162293687381943,False,TabPFN,X2_to_X3,race_priors_blind
break_even,0.2523364485981308,Other vs Caucasian,race,False,0.9631901840490797,False,fnr,z (pooled),0.0,0.03048780487804878,26,164,-0.03048780487804878,-0.05680053329704593,-0.004175076459051626,-0.9022786652229708,0.36690885591978584,0.07388849232118685,False,0.05267949669944249,,,,,,,,,,,0.5390942393538054,False,TabPFN,X2_to_X3,race_priors_blind
break_even,0.2523364485981308,Other vs Caucasian,race,False,0.9631901840490797,False,equalized_odds,Hurlin LR given Y,,,69,420,,,,,0.05997091674611719,,,,5.627791110346468,2.0,0.05997091674611719,,,,,,,,0.11994183349223438,False,TabPFN,X2_to_X3,race_priors_blind
break_even,0.2523364485981308,Female vs Male,sex,False,0.9805668016194332,False,statistical_parity,z (pooled),0.8974358974358975,1.0,234,1001,-0.10256410256410253,-0.14143634307421454,-0.06369186205399054,-10.23236769997988,1.4200435118101784e-24,0.9959277186717359,False,0.1352112439496859,81.92909321167497,1.0,1.4105755848576065e-19,,,,,,,,5.6801740472407134e-24,True,TabPFN,X2_to_X3,race_priors_blind
break_even,0.2523364485981308,Female vs Male,sex,False,0.9805668016194332,False,conditional_statistical_parity,Hurlin LR over proxy strata,0.8974358974358975,1.0,234,1001,,,,,2.9428198690254078e-24,,,,112.65562348887036,3.0,2.9428198690254078e-24,3.0,101.70018005303977,0.0,0.0,,,,1.1771279476101631e-23,True,TabPFN,X2_to_X3,race_priors_blind
break_even,0.2523364485981308,Female vs Male,sex,False,0.9805668016194332,False,fpr,z (pooled),0.8807947019867549,1.0,151,521,-0.11920529801324509,-0.17088794436487073,-0.06752265166161944,-7.988447823001373,1.3664827840825472e-15,0.9955619909213095,False,0.16263879657812613,,,,,,,,,,,5.465931136330189e-15,True,TabPFN,X2_to_X3,race_priors_blind
break_even,0.2523364485981308,Female vs Male,sex,False,0.9805668016194332,False,fnr,z (pooled),0.07228915662650602,0.0,83,480,0.07228915662650602,0.016576747304410985,0.12800156594860107,5.92220992140824,3.1764378416092796e-09,0.7833535158982585,False,0.1191218204585001,,,,,,,,,,,1.2705751366437118e-08,True,TabPFN,X2_to_X3,race_priors_blind
break_even,0.2523364485981308,Female vs Male,sex,False,0.9805668016194332,False,equalized_odds,Hurlin LR given Y,,,234,1001,,,,,7.546749661387632e-18,,,,78.85082942350544,2.0,7.546749661387632e-18,,,,,,,,3.018699864555053e-17,True,TabPFN,X2_to_X3,race_priors_blind
0.5,0.5,African-American vs Caucasian,race,True,0.17803030303030304,False,statistical_parity,z (pooled),0.20911949685534592,0.13095238095238096,636,420,0.07816711590296496,0.03300253570295213,0.1233316961029778,3.249903482069087,0.0011544418252593584,0.8890740748949084,False,0.11610377004876857,10.898969532251556,1.0,0.0009621777173526427,,,,,,,,0.0034633254757780755,True,TabPFN,X2_to_X3,race_proxy_blind
0.5,0.5,African-American vs Caucasian,race,True,0.17803030303030304,False,conditional_statistical_parity,Hurlin LR over proxy strata,0.20911949685534592,0.13095238095238096,636,420,,,,,0.24636278727745212,,,,7.8888142358506474,6.0,0.24636278727745212,6.0,0.28323492382887655,0.5945887296842962,1.207622157436018,0.6003027403942728,2.429359683036916,0.19984027020123607,0.49274152728385556,False,TabPFN,X2_to_X3,race_proxy_blind
0.5,0.5,African-American vs Caucasian,race,True,0.17803030303030304,False,fpr,z (pooled),0.1551155115511551,0.1015625,303,256,0.053553011551155105,-0.0014992858162310649,0.10860530891854128,1.8721969549425508,0.06117936022090804,0.5503066508689506,False,0.09983132536062966,,,,,,,,,,,0.18353808066272412,False,TabPFN,X2_to_X3,race_proxy_blind
0.5,0.5,African-American vs Caucasian,race,True,0.17803030303030304,False,fnr,z (pooled),0.7417417417417418,0.823170731707317,333,164,-0.08142898996557524,-0.1563914801193101,-0.006466499811840401,-2.024047412242339,0.04296527365980392,0.7941897932936344,False,0.14445745300741705,,,,,,,,,,,0.12889582097941177,False,TabPFN,X2_to_X3,race_proxy_blind
0.5,0.5,African-American vs Caucasian,race,True,0.17803030303030304,False,equalized_odds,Hurlin LR given Y,,,636,420,,,,,0.02025068814079113,,,,7.799133007491365,2.0,0.02025068814079113,,,,,,,,0.060752064422373395,False,TabPFN,X2_to_X3,race_proxy_blind
0.5,0.5,Hispanic vs Caucasian,race,False,0.14149139579349904,False,statistical_parity,z (pooled),0.18446601941747573,0.13095238095238096,103,420,0.05351363846509477,-0.028043655230650277,0.13507093216083982,1.396431226753909,0.1625846771199414,0.5336300262110567,False,0.12208059651586467,1.8435172816072107,1.0,0.1745392592486401,,,,,,,,0.3251693542398828,False,TabPFN,X2_to_X3,race_proxy_blind
0.5,0.5,Hispanic vs Caucasian,race,False,0.14149139579349904,False,conditional_statistical_parity,Hurlin LR over proxy strata,0.18446601941747573,0.13095238095238096,103,420,,,,,0.5076313648131672,,,,3.3082172291342853,4.0,0.5076313648131672,4.0,0.05488312002852339,0.8147742360144283,1.16798092792958,0.32566351427503215,4.188923192836254,0.4795449752109143,0.5076313648131672,False,TabPFN,X2_to_X3,race_proxy_blind
0.5,0.5,Hispanic vs Caucasian,race,False,0.14149139579349904,False,fpr,z (pooled),0.140625,0.1015625,64,256,0.0390625,-0.05379741908327265,0.13192241908327265,0.8955473256792901,0.37049457904676797,0.4087882472886667,False,0.11722069181599977,,,,,,,,,,,0.7409891580935359,False,TabPFN,X2_to_X3,race_proxy_blind
0.5,0.5,Hispanic vs Caucasian,race,False,0.14149139579349904,False,fnr,z (pooled),0.7435897435897436,0.823170731707317,39,164,-0.07958098811757341,-0.22854323545571517,0.06938125922056834,-1.1338545475338448,0.25685556561430256,0.6512337697741628,False,0.20517289861184637,,,,,,,,,,,0.25685556561430256,False,TabPFN,X2_to_X3,race_proxy_blind
0.5,0.5,Hispanic vs Caucasian,race,False,0.14149139579349904,False,equalized_odds,Hurlin LR given Y,,,103,420,,,,,0.37262020038841337,,,,1.9743912152156935,2.0,0.37262020038841337,,,,,,,,0.6316284137760455,False,TabPFN,X2_to_X3,race_proxy_blind
0.5,0.5,Other vs Caucasian,race,False,0.1390593047034765,False,statistical_parity,z (pooled),0.18840579710144928,0.13095238095238096,69,420,0.05745341614906832,-0.0402903392529963,0.15519717155113294,1.2782740502538446,0.20115281426183385,0.5593722981035902,False,0.13963889883872205,1.5197568815869547,1.0,0.21765628801579137,,,,,,,,0.3251693542398828,False,TabPFN,X2_to_X3,race_proxy_blind
0.5,0.5,Other vs Caucasian,race,False,0.1390593047034765,False,conditional_statistical_parity,Hurlin LR over proxy strata,0.18840579710144928,0.13095238095238096,69,420,,,,,0.1642471757612852,,,,7.85782537525735,5.0,0.1642471757612852,5.0,0.6119945581548978,0.4340378106327871,1.8109099804305284,0.38534282901589634,8.51033082825998,0.1269624764075863,0.49274152728385556,False,TabPFN,X2_to_X3,race_proxy_blind
0.5,0.5,Other vs Caucasian,race,False,0.1390593047034765,False,fpr,z (pooled),0.11627906976744186,0.1015625,43,256,0.014716569767441859,-0.08799306965336065,0.11742620918824437,0.29291941244186104,0.7695837503588311,0.2506404757315656,False,0.10118292184192713,,,,,,,,,,,0.7695837503588311,False,TabPFN,X2_to_X3,race_proxy_blind
0.5,0.5,Other vs Caucasian,race,False,0.1390593047034765,False,fnr,z (pooled),0.6923076923076923,0.823170731707317,26,164,-0.13086303939962474,-0.3176318275392602,0.05590574874001075,-1.565509920191733,0.11746339317976595,0.8014034701893227,False,0.2883805466018645,,,,,,,,,,,0.2349267863595319,False,TabPFN,X2_to_X3,race_proxy_blind
0.5,0.5,Other vs Caucasian,race,False,0.1390593047034765,False,equalized_odds,Hurlin LR given Y,,,69,420,,,,,0.31581420688802275,,,,2.3052023823866126,2.0,0.31581420688802275,,,,,,,,0.6316284137760455,False,TabPFN,X2_to_X3,race_proxy_blind
0.5,0.5,Female vs Male,sex,False,0.17894736842105263,False,statistical_parity,z (pooled),0.0,0.22077922077922077,234,1001,-0.22077922077922077,-0.2464737350970428,-0.19508470646139875,-7.932343784914892,2.150481386125743e-15,1.0,False,0.2423589504464525,103.54948424224565,1.0,2.5397089511680333e-24,,,,,,,,8.601925544502972e-15,True,TabPFN,X2_to_X3,race_proxy_blind
0.5,0.5,Female vs Male,sex,False,0.17894736842105263,False,conditional_statistical_parity,Hurlin LR over proxy strata,0.0,0.22077922077922077,234,1001,,,,,3.8454210965915154e-51,,,,250.13095040168275,6.0,3.8454210965915154e-51,6.0,243.05841300616956,0.0,0.0,,,,1.5381684386366062e-50,True,TabPFN,X2_to_X3,race_proxy_blind
0.5,0.5,Female vs Male,sex,False,0.17894736842105263,False,fpr,z (pooled),0.0,0.1689059500959693,151,521,-0.1689059500959693,-0.20107785603771122,-0.13673404415422735,-5.417378265748963,6.047930013577039e-08,0.9999999999993991,False,0.19594284795609954,,,,,,,,,,,2.4191720054308157e-07,True,TabPFN,X2_to_X3,race_proxy_blind
0.5,0.5,Female vs Male,sex,False,0.17894736842105263,False,fnr,z (pooled),1.0,0.7229166666666667,83,480,0.27708333333333335,0.23704492606861183,0.31712174059805487,5.4873696590619625,4.079628295515545e-08,1.0,False,0.31074020243329387,,,,,,,,,,,1.631851318206218e-07,True,TabPFN,X2_to_X3,race_proxy_blind
0.5,0.5,Female vs Male,sex,False,0.17894736842105263,False,equalized_odds,Hurlin LR given Y,,,234,1001,,,,,6.65000122460155e-22,,,,97.5245100141013,2.0,6.65000122460155e-22,,,,,,,,2.66000048984062e-21,True,TabPFN,X2_to_X3,race_proxy_blind
break_even,0.2523364485981308,African-American vs Caucasian,race,True,1.0,True,statistical_parity,z (pooled),1.0,1.0,636,420,0.0,,,,1.0,,False,,0.0,1.0,1.0,,,,,,,,1.0,False,TabPFN,X2_to_X3,race_proxy_blind
break_even,0.2523364485981308,African-American vs Caucasian,race,True,1.0,True,conditional_statistical_parity,Hurlin LR over proxy strata,1.0,1.0,636,420,,,,,1.0,,,,0.0,1.0,1.0,0.0,,,,,,,1.0,False,TabPFN,X2_to_X3,race_proxy_blind
break_even,0.2523364485981308,African-American vs Caucasian,race,True,1.0,True,fpr,z (pooled),1.0,1.0,303,256,0.0,,,,1.0,,False,,,,,,,,,,,,1.0,False,TabPFN,X2_to_X3,race_proxy_blind
break_even,0.2523364485981308,African-American vs Caucasian,race,True,1.0,True,fnr,z (pooled),0.0,0.0,333,164,0.0,,,,1.0,,False,,,,,,,,,,,,1.0,False,TabPFN,X2_to_X3,race_proxy_blind
break_even,0.2523364485981308,African-American vs Caucasian,race,True,1.0,True,equalized_odds,Hurlin LR given Y,,,636,420,,,,,1.0,,,,0.0,1.0,1.0,,,,,,,,1.0,False,TabPFN,X2_to_X3,race_proxy_blind
break_even,0.2523364485981308,Hispanic vs Caucasian,race,False,1.0,True,statistical_parity,z (pooled),1.0,1.0,103,420,0.0,,,,1.0,,False,,0.0,1.0,1.0,,,,,,,,1.0,False,TabPFN,X2_to_X3,race_proxy_blind
break_even,0.2523364485981308,Hispanic vs Caucasian,race,False,1.0,True,conditional_statistical_parity,Hurlin LR over proxy strata,1.0,1.0,103,420,,,,,1.0,,,,0.0,1.0,1.0,0.0,,,,,,,1.0,False,TabPFN,X2_to_X3,race_proxy_blind
break_even,0.2523364485981308,Hispanic vs Caucasian,race,False,1.0,True,fpr,z (pooled),1.0,1.0,64,256,0.0,,,,1.0,,False,,,,,,,,,,,,1.0,False,TabPFN,X2_to_X3,race_proxy_blind
break_even,0.2523364485981308,Hispanic vs Caucasian,race,False,1.0,True,fnr,z (pooled),0.0,0.0,39,164,0.0,,,,1.0,,False,,,,,,,,,,,,1.0,False,TabPFN,X2_to_X3,race_proxy_blind
break_even,0.2523364485981308,Hispanic vs Caucasian,race,False,1.0,True,equalized_odds,Hurlin LR given Y,,,103,420,,,,,1.0,,,,0.0,1.0,1.0,,,,,,,,1.0,False,TabPFN,X2_to_X3,race_proxy_blind
break_even,0.2523364485981308,Other vs Caucasian,race,False,1.0,True,statistical_parity,z (pooled),1.0,1.0,69,420,0.0,,,,1.0,,False,,0.0,1.0,1.0,,,,,,,,1.0,False,TabPFN,X2_to_X3,race_proxy_blind
break_even,0.2523364485981308,Other vs Caucasian,race,False,1.0,True,conditional_statistical_parity,Hurlin LR over proxy strata,1.0,1.0,69,420,,,,,1.0,,,,0.0,1.0,1.0,0.0,,,,,,,1.0,False,TabPFN,X2_to_X3,race_proxy_blind
break_even,0.2523364485981308,Other vs Caucasian,race,False,1.0,True,fpr,z (pooled),1.0,1.0,43,256,0.0,,,,1.0,,False,,,,,,,,,,,,1.0,False,TabPFN,X2_to_X3,race_proxy_blind
break_even,0.2523364485981308,Other vs Caucasian,race,False,1.0,True,fnr,z (pooled),0.0,0.0,26,164,0.0,,,,1.0,,False,,,,,,,,,,,,1.0,False,TabPFN,X2_to_X3,race_proxy_blind
break_even,0.2523364485981308,Other vs Caucasian,race,False,1.0,True,equalized_odds,Hurlin LR given Y,,,69,420,,,,,1.0,,,,0.0,1.0,1.0,,,,,,,,1.0,False,TabPFN,X2_to_X3,race_proxy_blind
break_even,0.2523364485981308,Female vs Male,sex,False,1.0,True,statistical_parity,z (pooled),1.0,1.0,234,1001,0.0,,,,1.0,,False,,0.0,1.0,1.0,,,,,,,,1.0,False,TabPFN,X2_to_X3,race_proxy_blind
break_even,0.2523364485981308,Female vs Male,sex,False,1.0,True,conditional_statistical_parity,Hurlin LR over proxy strata,1.0,1.0,234,1001,,,,,1.0,,,,0.0,1.0,1.0,0.0,,,,,,,1.0,False,TabPFN,X2_to_X3,race_proxy_blind
break_even,0.2523364485981308,Female vs Male,sex,False,1.0,True,fpr,z (pooled),1.0,1.0,151,521,0.0,,,,1.0,,False,,,,,,,,,,,,1.0,False,TabPFN,X2_to_X3,race_proxy_blind
break_even,0.2523364485981308,Female vs Male,sex,False,1.0,True,fnr,z (pooled),0.0,0.0,83,480,0.0,,,,1.0,,False,,,,,,,,,,,,1.0,False,TabPFN,X2_to_X3,race_proxy_blind
break_even,0.2523364485981308,Female vs Male,sex,False,1.0,True,equalized_odds,Hurlin LR given Y,,,234,1001,,,,,1.0,,,,0.0,1.0,1.0,,,,,,,,1.0,False,TabPFN,X2_to_X3,race_proxy_blind
0.5,0.5,African-American vs Caucasian,race,True,0.4005681818181818,False,statistical_parity,z (pooled),0.5015723270440252,0.24761904761904763,636,420,0.2539532794249776,0.19726122441995045,0.31064533443000475,8.242651702371917,1.6843535281426168e-16,0.9999999999983967,False,0.3015726057646914,70.05728280414812,1.0,5.760705343356357e-17,,,,,,,,6.737414112570467e-16,True,TabPFN,X2_to_X3,sex_blind
0.5,0.5,African-American vs Caucasian,race,True,0.4005681818181818,False,conditional_statistical_parity,Hurlin LR over proxy strata,0.5015723270440252,0.24761904761904763,636,420,,,,,6.683211502316427e-06,,,,29.33500090846929,4.0,6.683211502316427e-06,4.0,18.910479809574817,1.3699800702093867e-05,7.380516503667483,2.7212478188469786,20.017296287255622,0.07856602734645535,2.673284600926571e-05,True,TabPFN,X2_to_X3,sex_blind
0.5,0.5,African-American vs Caucasian,race,True,0.4005681818181818,False,fpr,z (pooled),0.33003300330033003,0.171875,303,256,0.15815800330033003,0.08787936487672918,0.22843664172393088,4.260230330081395,2.042163434236406e-05,0.9986624828055276,False,0.2172359535149337,,,,,,,,,,,8.168653736945624e-05,True,TabPFN,X2_to_X3,sex_blind
0.5,0.5,African-American vs Caucasian,race,True,0.4005681818181818,False,fnr,z (pooled),0.34234234234234234,0.6341463414634146,333,164,-0.2918039991210723,-0.3814232630991331,-0.20218473514301147,-6.164290911958275,7.079967828944588e-10,0.9999999071539524,False,0.3671558778526094,,,,,,,,,,,2.831987131577835e-09,True,TabPFN,X2_to_X3,sex_blind
0.5,0.5,African-American vs Caucasian,race,True,0.4005681818181818,False,equalized_odds,Hurlin LR given Y,,,636,420,,,,,4.808586244489384e-13,,,,56.72640617614494,2.0,4.808586244489384e-13,,,,,,,,1.9234344977957537e-12,True,TabPFN,X2_to_X3,sex_blind
0.5,0.5,Hispanic vs Caucasian,race,False,0.24665391969407266,False,statistical_parity,z (pooled),0.24271844660194175,0.24761904761904763,103,420,-0.004900601017105877,-0.09741644119539886,0.0876152391611871,-0.10339522479106152,0.9176493019005085,0.16989953997389573,False,0.08268064305971841,0.010719726813679942,1.0,0.9175374890083464,,,,,,,,1.0,False,TabPFN,X2_to_X3,sex_blind
0.5,0.5,Hispanic vs Caucasian,race,False,0.24665391969407266,False,conditional_statistical_parity,Hurlin LR over proxy strata,0.24271844660194175,0.24761904761904763,103,420,,,,,0.17820313751744343,,,,4.914009971202183,3.0,0.17820313751744343,3.0,3.0052375735385097,0.08299580905508064,inf,,,,0.35640627503488687,False,TabPFN,X2_to_X3,sex_blind
0.5,0.5,Hispanic vs Caucasian,race,False,0.24665391969407266,False,fpr,z (pooled),0.140625,0.171875,64,256,-0.03125,-0.12814970111308266,0.06564970111308265,-0.6015080099930415,0.547501678351999,0.3523772366514356,False,0.11280838925207093,,,,,,,,,,,1.0,False,TabPFN,X2_to_X3,sex_blind
0.5,0.5,Hispanic vs Caucasian,race,False,0.24665391969407266,False,fnr,z (pooled),0.5897435897435898,0.6341463414634146,39,164,-0.044402751719824884,-0.21547526413978266,0.1266697607001329,-0.5149955481795668,0.6065561308990495,0.47446632802053235,False,0.1886360997781851,,,,,,,,,,,0.6065561308990495,False,TabPFN,X2_to_X3,sex_blind
0.5,0.5,Hispanic vs Caucasian,race,False,0.24665391969407266,False,equalized_odds,Hurlin LR given Y,,,103,420,,,,,0.7273640754483015,,,,0.6366562705292194,2.0,0.7273640754483015,,,,,,,,0.7273640754483015,False,TabPFN,X2_to_X3,sex_blind
0.5,0.5,Other vs Caucasian,race,False,0.24948875255623723,False,statistical_parity,z (pooled),0.2608695652173913,0.24761904761904763,69,420,0.01325051759834367,-0.09827857340873467,0.124779608605422,0.23573470043050296,0.8136385415493328,0.25935021796962243,False,0.10702706772833222,0.05511204248324164,1.0,0.8143953711457594,,,,,,,,1.0,False,TabPFN,X2_to_X3,sex_blind
0.5,0.5,Other vs Caucasian,race,False,0.24948875255623723,False,conditional_statistical_parity,Hurlin LR over proxy strata,0.2608695652173913,0.24761904761904763,69,420,,,,,0.5514411275579529,,,,1.1904403913099886,2.0,0.5514411275579529,2.0,0.5406613047363718,0.46215878950072486,2.5714285714285716,0.21765132869466433,30.379988661752115,0.5401785558543298,0.5514411275579529,False,TabPFN,X2_to_X3,sex_blind
0.5,0.5,Other vs Caucasian,race,False,0.24948875255623723,False,fpr,z (pooled),0.11627906976744186,0.171875,43,256,-0.05559593023255814,-0.16197194977457746,0.050780089309461166,-0.9113071160183831,0.3621335780673792,0.5410251002794273,False,0.1451488330552278,,,,,,,,,,,1.0,False,TabPFN,X2_to_X3,sex_blind
0.5,0.5,Other vs Caucasian,race,False,0.24948875255623723,False,fnr,z (pooled),0.5,0.6341463414634146,26,164,-0.13414634146341464,-0.3399896662007419,0.07169698327391263,-1.3065013725908037,0.1913821125577816,0.7879893319138875,False,0.3077509769585251,,,,,,,,,,,0.3827642251155632,False,TabPFN,X2_to_X3,sex_blind
0.5,0.5,Other vs Caucasian,race,False,0.24948875255623723,False,equalized_odds,Hurlin LR given Y,,,69,420,,,,,0.27765890320807535,,,,2.5627237710181294,2.0,0.27765890320807535,,,,,,,,0.5553178064161507,False,TabPFN,X2_to_X3,sex_blind
0.5,0.5,Female vs Male,sex,False,0.37732793522267205,False,statistical_parity,z (pooled),0.2692307692307692,0.4025974025974026,234,1001,-0.1333666333666334,-0.19780938668448547,-0.06892388004878133,-3.7892172543801075,0.00015112270791146267,0.9943245537283812,False,0.187489360825497,14.913885405298117,1.0,0.00011253165457555027,,,,,,,,0.00045336812373438797,True,TabPFN,X2_to_X3,sex_blind
0.5,0.5,Female vs Male,sex,False,0.37732793522267205,False,conditional_statistical_parity,Hurlin LR over proxy strata,0.2692307692307692,0.4025974025974026,234,1001,,,,,0.007924607760344291,,,,13.81063634793894,4.0,0.007924607760344291,4.0,1.0204589221982325,0.3124101762492454,0.7002645978369769,0.30913719478162693,1.5862552784377124,0.0023054376981733737,0.023773823281032874,True,TabPFN,X2_to_X3,sex_blind
0.5,0.5,Female vs Male,sex,False,0.37732793522267205,False,fpr,z (pooled),0.2119205298013245,0.2418426103646833,151,521,-0.029922080563358794,-0.10475976976591861,0.04491560863920102,-0.7634377955165311,0.4452023466211472,0.2995897103383165,False,0.09281480947789035,,,,,,,,,,,1.0,False,TabPFN,X2_to_X3,sex_blind
0.5,0.5,Female vs Male,sex,False,0.37732793522267205,False,fnr,z (pooled),0.6265060240963856,0.42291666666666666,83,480,0.2035893574297189,0.09052667896734105,0.31665203589209673,3.4405152365099863,0.0005806077455733443,0.9960106145259063,False,0.2986314939447775,,,,,,,,,,,0.0017418232367200329,True,TabPFN,X2_to_X3,sex_blind
0.5,0.5,Female vs Male,sex,False,0.37732793522267205,False,equalized_odds,Hurlin LR given Y,,,234,1001,,,,,0.002007673169759827,,,,12.421557708927986,2.0,0.002007673169759827,,,,,,,,0.006023019509279481,True,TabPFN,X2_to_X3,sex_blind
break_even,0.2523364485981308,African-American vs Caucasian,race,True,0.7537878787878788,False,statistical_parity,z (pooled),0.800314465408805,0.6833333333333333,636,420,0.11698113207547167,0.06271854082637332,0.17124372332457002,4.318747110657871,1.569174601959226e-05,0.9921418059989457,False,0.16255979456177921,18.38657525815674,1.0,1.803239870324428e-05,,,,,,,,6.276698407836903e-05,True,TabPFN,X2_to_X3,sex_blind
break_even,0.2523364485981308,African-American vs Caucasian,race,True,0.7537878787878788,False,conditional_statistical_parity,Hurlin LR over proxy strata,0.800314465408805,0.6833333333333333,636,420,,,,,2.740974264952122e-23,,,,108.15248939554839,3.0,2.740974264952122e-23,3.0,30.505280160363473,3.329590536615967e-08,0.2424799834591719,0.1296360611924619,0.45355082403397795,5.029310301551959e-14,1.0963897059808488e-22,True,TabPFN,X2_to_X3,sex_blind
break_even,0.2523364485981308,African-American vs Caucasian,race,True,0.7537878787878788,False,fpr,z (pooled),0.7029702970297029,0.58984375,303,256,0.11312654702970293,0.03389572966119707,0.19235736439820877,2.7960422826768854,0.005173263176409947,0.94052328158712,False,0.17972991882165057,,,,,,,,,,,0.02069305270563979,True,TabPFN,X2_to_X3,sex_blind
break_even,0.2523364485981308,African-American vs Caucasian,race,True,0.7537878787878788,False,fnr,z (pooled),0.1111111111111111,0.17073170731707318,333,164,-0.05962059620596208,-0.12637169116180202,0.007130498749877881,-1.8536169754624205,0.06379397723473125,0.6111542138127384,False,0.11574491802075729,,,,,,,,,,,0.19138193170419376,False,TabPFN,X2_to_X3,sex_blind
break_even,0.2523364485981308,African-American vs Caucasian,race,True,0.7537878787878788,False,equalized_odds,Hurlin LR given Y,,,636,420,,,,,0.0038365313273341275,,,,11.126373241554713,2.0,0.0038365313273341275,,,,,,,,0.01534612530933651,True,TabPFN,X2_to_X3,sex_blind
break_even,0.2523364485981308,Hispanic vs Caucasian,race,False,0.6921606118546845,False,statistical_parity,z (pooled),0.7281553398058253,0.6833333333333333,103,420,0.044822006472491904,-0.051933717899659254,0.14157773084464306,0.8831168529090302,0.3771731394650487,0.45825184196037955,False,0.12616660967802057,0.7937970299882728,1.0,0.3729544508767647,,,,,,,,0.3771731394650487,False,TabPFN,X2_to_X3,sex_blind
break_even,0.2523364485981308,Hispanic vs Caucasian,race,False,0.6921606118546845,False,conditional_statistical_parity,Hurlin LR over proxy strata,0.7281553398058253,0.6833333333333333,103,420,,,,,0.6433924998726088,,,,0.8820006425325573,2.0,0.6433924998726088,2.0,0.04753259613797657,0.827413750525308,0.7499999999999999,0.060763475679513894,9.257205808416977,0.4482950441124256,1.0,False,TabPFN,X2_to_X3,sex_blind
break_even,0.2523364485981308,Hispanic vs Caucasian,race,False,0.6921606118546845,False,fpr,z (pooled),0.640625,0.58984375,64,256,0.05078125,-0.08131350560989706,0.18287600560989706,0.7417076299549125,0.4582644959646691,0.5046207389006325,False,0.16196255781039753,,,,,,,,,,,0.9165289919293382,False,TabPFN,X2_to_X3,sex_blind
break_even,0.2523364485981308,Hispanic vs Caucasian,race,False,0.6921606118546845,False,fnr,z (pooled),0.1282051282051282,0.17073170731707318,39,164,-0.04252657911194499,-0.16221553333943028,0.07716237511554029,-0.6469657125372101,0.5176541346579056,0.45135983854076284,False,0.14343781464378524,,,,,,,,,,,1.0,False,TabPFN,X2_to_X3,sex_blind
break_even,0.2523364485981308,Hispanic vs Caucasian,race,False,0.6921606118546845,False,equalized_odds,Hurlin LR given Y,,,103,420,,,,,0.6081864100899017,,,,0.9945476969283549,2.0,0.6081864100899017,,,,,,,,0.6081864100899017,False,TabPFN,X2_to_X3,sex_blind
break_even,0.2523364485981308,Other vs Caucasian,race,False,0.6687116564417178,False,statistical_parity,z (pooled),0.5797101449275363,0.6833333333333333,69,420,-0.1036231884057971,-0.22829781056204712,0.021051433750452944,-1.6948418823275477,0.09010541995069737,0.8001761970922229,False,0.2084528418083425,2.7838696382185386,1.0,0.09521785595495276,,,,,,,,0.18021083990139475,False,TabPFN,X2_to_X3,sex_blind
break_even,0.2523364485981308,Other vs Caucasian,race,False,0.6687116564417178,False,conditional_statistical_parity,Hurlin LR over proxy strata,0.5797101449275363,0.6833333333333333,69,420,,,,,4.47607388891937e-11,,,,47.65937944963922,2.0,4.47607388891937e-11,2.0,35.355234550269714,2.747292060512052e-09,0.0,,,,1.342822166675811e-10,True,TabPFN,X2_to_X3,sex_blind
break_even,0.2523364485981308,Other vs Caucasian,race,False,0.6687116564417178,False,fpr,z (pooled),0.4186046511627907,0.58984375,43,256,-0.17123909883720928,-0.33052655052717583,-0.0119516471472427,-2.095934516413388,0.03608800029538082,0.931592893641691,False,0.30533561554723365,,,,,,,,,,,0.10826400088614246,False,TabPFN,X2_to_X3,sex_blind
break_even,0.2523364485981308,Other vs Caucasian,race,False,0.6687116564417178,False,fnr,z (pooled),0.15384615384615385,0.17073170731707318,26,164,-0.01688555347091933,-0.1670517312222924,0.13328062428045373,-0.21374559154263623,0.8307454559378824,0.33304254599475047,False,0.14353306358808215,,,,,,,,,,,1.0,False,TabPFN,X2_to_X3,sex_blind
break_even,0.2523364485981308,Other vs Caucasian,race,False,0.6687116564417178,False,equalized_odds,Hurlin LR given Y,,,69,420,,,,,0.1107784182572455,,,,4.4004466094260835,2.0,0.1107784182572455,,,,,,,,0.33233525477173653,False,TabPFN,X2_to_X3,sex_blind
break_even,0.2523364485981308,Female vs Male,sex,False,0.7408906882591093,False,statistical_parity,z (pooled),0.6794871794871795,0.7552447552447552,234,1001,-0.07575757575757569,-0.14121473359865022,-0.010300417916501159,-2.3812170243155504,0.017255542593308616,0.7796471306623185,False,0.1307322584281077,5.476845531487761,1.0,0.01927000334392887,,,,,,,,0.05176662777992585,False,TabPFN,X2_to_X3,sex_blind
break_even,0.2523364485981308,Female vs Male,sex,False,0.7408906882591093,False,conditional_statistical_parity,Hurlin LR over proxy strata,0.6794871794871795,0.7552447552447552,234,1001,,,,,0.9349301651481171,,,,0.42547948503108224,3.0,0.9349301651481171,3.0,0.05238046670989064,0.8189716735947011,0.909201044386423,0.4028266029864802,2.052115061380657,0.824038289750098,1.0,False,TabPFN,X2_to_X3,sex_blind
break_even,0.2523364485981308,Female vs Male,sex,False,0.7408906882591093,False,fpr,z (pooled),0.6158940397350994,0.6391554702495201,151,521,-0.023261430514420756,-0.11111851370553269,0.06459565267669118,-0.5224635991398638,0.6013475845089845,0.2755218132851388,False,0.0970955076383714,,,,,,,,,,,0.9165289919293382,False,TabPFN,X2_to_X3,sex_blind
break_even,0.2523364485981308,Female vs Male,sex,False,0.7408906882591093,False,fnr,z (pooled),0.20481927710843373,0.11875,83,480,0.08606927710843373,-0.0054483810096411095,0.1775869352265086,2.142849787077798,0.03212516204440506,0.7799187713253066,False,0.16300035529168094,,,,,,,,,,,0.12850064817762025,False,TabPFN,X2_to_X3,sex_blind
break_even,0.2523364485981308,Female vs Male,sex,False,0.7408906882591093,False,equalized_odds,Hurlin LR given Y,,,234,1001,,,,,0.11088142216368163,,,,4.3985878349425365,2.0,0.11088142216368163,,,,,,,,0.33233525477173653,False,TabPFN,X2_to_X3,sex_blind
0.5,0.5,African-American vs Caucasian,race,True,0.37289194253591507,False,statistical_parity,z (pooled),0.48221757322175735,0.21085271317829457,956,645,0.2713648600434628,0.22670732845897523,0.3160223916279503,11.012959855771038,3.3094913437304875e-28,1.0,False,0.3088643675072443,126.3003886530771,1.0,2.642918387581818e-29,,,,,,,,1.323796537492195e-27,True,TabPFN,holdout,age_blind
0.5,0.5,African-American vs Caucasian,race,True,0.37289194253591507,False,conditional_statistical_parity,Hurlin LR over proxy strata,0.48221757322175735,0.21085271317829457,956,645,,,,,6.85793857470389e-07,,,,39.09474720784884,6.0,6.85793857470389e-07,6.0,33.39046543043412,7.53926765462154e-09,3.7986449373425253,2.366816607860467,6.096671500476765,0.6270427174000476,2.0573815724111668e-06,True,TabPFN,holdout,age_blind
0.5,0.5,African-American vs Caucasian,race,True,0.37289194253591507,False,fpr,z (pooled),0.3325842696629214,0.1580246913580247,445,405,0.17455957830489668,0.11818414943766745,0.23093500717212592,5.874655368975216,4.237239134885025e-09,0.999991671327197,False,0.22192307155139332,,,,,,,,,,,1.69489565395401e-08,True,TabPFN,holdout,age_blind
0.5,0.5,African-American vs Caucasian,race,True,0.37289194253591507,False,fnr,z (pooled),0.38747553816046965,0.7,511,240,-0.3125244618395303,-0.38425642339673927,-0.24079250028232135,-7.990043577973695,1.348910634508428e-15,0.9999999999991177,False,0.3727983707842697,,,,,,,,,,,5.395642538033712e-15,True,TabPFN,holdout,age_blind
0.5,0.5,African-American vs Caucasian,race,True,0.37289194253591507,False,equalized_odds,Hurlin LR given Y,,,956,645,,,,,1.5125024368365336e-22,,,,100.48621304763171,2.0,1.5125024368365336e-22,,,,,,,,6.050009747346134e-22,True,TabPFN,holdout,age_blind
0.5,0.5,Hispanic vs Caucasian,race,False,0.21374045801526717,False,statistical_parity,z (pooled),0.22695035460992907,0.21085271317829457,141,645,0.016097641431634502,-0.059868546788378635,0.09206382965164764,0.42239041809499217,0.6727400706626057,0.19100331472227877,False,0.07992589719825971,0.17639532209591868,1.0,0.6744895219752449,,,,,,,,0.6727400706626057,False,TabPFN,holdout,age_blind
0.5,0.5,Hispanic vs Caucasian,race,False,0.21374045801526717,False,conditional_statistical_parity,Hurlin LR over proxy strata,0.22695035460992907,0.21085271317829457,141,645,,,,,0.8202822810326083,,,,2.908160554526463,6.0,0.8202822810326083,6.0,1.2717764715063795,0.25943367944857687,1.6598192855175498,0.6967309245844437,3.9541808227030733,0.9409230419787299,1.0,False,TabPFN,holdout,age_blind
0.5,0.5,Hispanic vs Caucasian,race,False,0.21374045801526717,False,fpr,z (pooled),0.12345679012345678,0.1580246913580247,81,405,-0.034567901234567905,-0.11453145122225632,0.04539564875312051,-0.7904905823586331,0.42924132004452564,0.3527046903088063,False,0.10180412070415626,,,,,,,,,,,0.42924132004452564,False,TabPFN,holdout,age_blind
0.5,0.5,Hispanic vs Caucasian,race,False,0.21374045801526717,False,fnr,z (pooled),0.6333333333333333,0.7,60,240,-0.06666666666666665,-0.20168201715215703,0.06834868381882372,-0.9957563333869748,0.3193685515994833,0.5955047655778409,False,0.1803284643100646,,,,,,,,,,,0.6387371031989666,False,TabPFN,holdout,age_blind
0.5,0.5,Hispanic vs Caucasian,race,False,0.21374045801526717,False,equalized_odds,Hurlin LR given Y,,,141,645,,,,,0.4437389329679242,,,,1.6250377565882133,2.0,0.4437389329679242,,,,,,,,0.4437389329679242,False,TabPFN,holdout,age_blind
0.5,0.5,Other vs Caucasian,race,False,0.19946091644204852,False,statistical_parity,z (pooled),0.12371134020618557,0.21085271317829457,97,645,-0.087141372972109,-0.15983387925266387,-0.014448866691554124,-2.0024791144880396,0.04523322715733841,0.8415245089897294,False,0.14822331470634523,4.4226568940937,1.0,0.03546477411045288,,,,,,,,0.09046645431467681,False,TabPFN,holdout,age_blind
0.5,0.5,Other vs Caucasian,race,False,0.19946091644204852,False,conditional_statistical_parity,Hurlin LR over proxy strata,0.12371134020618557,0.21085271317829457,97,645,,,,,0.6288414477175421,,,,2.5886138638171436,4.0,0.6288414477175421,4.0,1.4027252559902506,0.23626780643884715,0.37845883558635496,0.0761545041376665,1.8807960455557173,0.8927805766107894,1.0,False,TabPFN,holdout,age_blind
0.5,0.5,Other vs Caucasian,race,False,0.19946091644204852,False,fpr,z (pooled),0.07352941176470588,0.1580246913580247,68,405,-0.0844952795933188,-0.15598245264417612,-0.013008106542461484,-1.826542398807427,0.06776860080659719,0.8276213076535152,False,0.14460743925833044,,,,,,,,,,,0.13553720161319438,False,TabPFN,holdout,age_blind
0.5,0.5,Other vs Caucasian,race,False,0.19946091644204852,False,fnr,z (pooled),0.7586206896551724,0.7,29,240,0.05862068965517242,-0.10756440151903957,0.2248057808293844,0.654698486834352,0.5126618996919825,0.5404530221329075,False,0.1985732040032269,,,,,,,,,,,0.6387371031989666,False,TabPFN,holdout,age_blind
0.5,0.5,Other vs Caucasian,race,False,0.19946091644204852,False,equalized_odds,Hurlin LR given Y,,,97,645,,,,,0.1161128125395572,,,,4.306386077152148,2.0,0.1161128125395572,,,,,,,,0.2322256250791144,False,TabPFN,holdout,age_blind
0.5,0.5,Female vs Male,sex,False,0.3461123110151188,False,statistical_parity,z (pooled),0.17222222222222222,0.38806970509383376,360,1492,-0.21584748287161154,-0.26202816400621054,-0.1696668017370125,-7.7268424171890215,1.1024698088878486e-14,0.999999999998639,False,0.2546229490346239,65.39802352133944,1.0,6.120024227862149e-16,,,,,,,,3.307409426663546e-14,True,TabPFN,holdout,age_blind
0.5,0.5,Female vs Male,sex,False,0.3461123110151188,False,conditional_statistical_parity,Hurlin LR over proxy strata,0.17222222222222222,0.38806970509383376,360,1492,,,,,5.240751162146328e-15,,,,79.19433507429511,6.0,5.240751162146328e-15,6.0,53.32830790947925,2.822186928597148e-13,0.015167764669833002,0.0029760036490163763,0.0773053773490747,0.03956877499983347,2.096300464858531e-14,True,TabPFN,holdout,age_blind
0.5,0.5,Female vs Male,sex,False,0.3461123110151188,False,fpr,z (pooled),0.09871244635193133,0.26288659793814434,233,776,-0.164174151586213,-0.21342938117437302,-0.11491892199805301,-5.263115245211548,1.4163473356859037e-07,0.999996894427952,False,0.20554850569722846,,,,,,,,,,,4.249042007057711e-07,True,TabPFN,holdout,age_blind
0.5,0.5,Female vs Male,sex,False,0.3461123110151188,False,fnr,z (pooled),0.6929133858267716,0.4762569832402235,127,716,0.21665640258654817,0.12848323212063623,0.3048295730524601,4.5010607029789815,6.761519047800593e-06,0.9998871916551977,False,0.2907352604053258,,,,,,,,,,,2.0284557143401778e-05,True,TabPFN,holdout,age_blind
0.5,0.5,Female vs Male,sex,False,0.3461123110151188,False,equalized_odds,Hurlin LR given Y,,,360,1492,,,,,4.155483190609879e-12,,,,52.41318480604053,2.0,4.155483190609879e-12,,,,,,,,1.2466449571829636e-11,True,TabPFN,holdout,age_blind
break_even,0.2523364485981308,African-American vs Caucasian,race,True,0.8713304184884447,False,statistical_parity,z (pooled),0.9675732217573222,0.7286821705426356,956,645,0.23889105121468657,0.20278630769828895,0.2749957947310842,14.0017924877414,1.5198834851727644e-44,1.0,False,0.2692086718025959,201.4304270517509,1.0,1.0178554840036741e-45,,,,,,,,4.559650455518294e-44,True,TabPFN,holdout,age_blind
break_even,0.2523364485981308,African-American vs Caucasian,race,True,0.8713304184884447,False,conditional_statistical_parity,Hurlin LR over proxy strata,0.9675732217573222,0.7286821705426356,956,645,,,,,4.9835263955600256e-40,,,,208.68848918443533,9.0,4.9835263955600256e-40,9.0,162.0010329273759,0.0,inf,,,,1.4950579186680077e-39,True,TabPFN,holdout,age_blind
break_even,0.2523364485981308,African-American vs Caucasian,race,True,0.8713304184884447,False,fpr,z (pooled),0.9415730337078652,0.6765432098765433,445,405,0.2650298238313219,0.2145268935552066,0.3155327541074372,9.944782388226544,2.657542219830574e-23,0.9999999999999999,False,0.3074595710656091,,,,,,,,,,,7.972626659491721e-23,True,TabPFN,holdout,age_blind
break_even,0.2523364485981308,African-American vs Caucasian,race,True,0.8713304184884447,False,fnr,z (pooled),0.009784735812133072,0.18333333333333332,511,240,-0.17354859752120025,-0.22324067895859984,-0.12385651608380066,-8.980293933169909,2.700443647572804e-19,0.9999993290390137,False,0.21530315053790067,,,,,,,,,,,1.0801774590291217e-18,True,TabPFN,holdout,age_blind
break_even,0.2523364485981308,African-American vs Caucasian,race,True,0.8713304184884447,False,equalized_odds,Hurlin LR given Y,,,956,645,,,,,2.0985990110168193e-40,,,,182.7242674705576,2.0,2.0985990110168193e-40,,,,,,,,8.394396044067277e-40,True,TabPFN,holdout,age_blind
break_even,0.2523364485981308,Hispanic vs Caucasian,race,False,0.7290076335877863,False,statistical_parity,z (pooled),0.7304964539007093,0.7286821705426356,141,645,0.001814283358073654,-0.07906290092547463,0.08269146764162194,0.04390749806739237,0.9649781384732119,0.12163645643232215,False,0.06976885268810115,0.0019296078143257733,1.0,0.9649623528755075,,,,,,,,0.9649781384732119,False,TabPFN,holdout,age_blind
break_even,0.2523364485981308,Hispanic vs Caucasian,race,False,0.7290076335877863,False,conditional_statistical_parity,Hurlin LR over proxy strata,0.7304964539007093,0.7286821705426356,141,645,,,,,0.0801596829652984,,,,11.27784262531253,6.0,0.0801596829652984,6.0,2.9914877140893315,0.08370323629920606,2.896491799717606,0.8313396289819506,10.091741634048207,0.22091572944712,0.1603193659305968,False,TabPFN,holdout,age_blind
break_even,0.2523364485981308,Hispanic vs Caucasian,race,False,0.7290076335877863,False,fpr,z (pooled),0.6790123456790124,0.6765432098765433,81,405,0.0024691358024691024,-0.10894105877311104,0.11387933037804925,0.04337958143966733,0.9653989540280612,0.20173362619194407,False,0.09614682138279376,,,,,,,,,,,0.9653989540280612,False,TabPFN,holdout,age_blind
break_even,0.2523364485981308,Hispanic vs Caucasian,race,False,0.7290076335877863,False,fnr,z (pooled),0.2,0.18333333333333332,60,240,0.01666666666666669,-0.09576267033465684,0.12909600366799023,0.2963477923851003,0.7669644911053032,0.2808078072615746,False,0.1113145752598391,,,,,,,,,,,0.7669644911053032,False,TabPFN,holdout,age_blind
break_even,0.2523364485981308,Hispanic vs Caucasian,race,False,0.7290076335877863,False,equalized_odds,Hurlin LR given Y,,,141,645,,,,,0.9566931609327592,,,,0.08854512985052171,2.0,0.9566931609327592,,,,,,,,0.9566931609327592,False,TabPFN,holdout,age_blind
break_even,0.2523364485981308,Other vs Caucasian,race,False,0.7088948787061995,False,statistical_parity,z (pooled),0.5773195876288659,0.7286821705426356,97,645,-0.1513625829137697,-0.25548456946094844,-0.04724059636659095,-3.059612732361357,0.002216233622642326,0.9716124218518393,False,0.23885403754846818,8.826413171737642,1.0,0.0029690138000132878,,,,,,,,0.004432467245284652,True,TabPFN,holdout,age_blind
break_even,0.2523364485981308,Other vs Caucasian,race,False,0.7088948787061995,False,conditional_statistical_parity,Hurlin LR over proxy strata,0.5773195876288659,0.7286821705426356,97,645,,,,,0.21018978489485962,,,,7.143431958836713,5.0,0.21018978489485962,5.0,2.2180163714198846,0.1364082214826121,0.5519124480243575,0.2481386300762178,1.227569243010153,0.26647052189420073,0.21018978489485962,False,TabPFN,holdout,age_blind
break_even,0.2523364485981308,Other vs Caucasian,race,False,0.7088948787061995,False,fpr,z (pooled),0.4411764705882353,0.6765432098765433,68,405,-0.23536673928830798,-0.36187041776438655,-0.10886306081222943,-3.747809303857815,0.00017838579217070805,0.9978682539916525,False,0.34174119772934064,,,,,,,,,,,0.0003567715843414161,True,TabPFN,holdout,age_blind
break_even,0.2523364485981308,Other vs Caucasian,race,False,0.7088948787061995,False,fnr,z (pooled),0.10344827586206896,0.18333333333333332,29,240,-0.07988505747126436,-0.20105468033452548,0.041284565391996764,-1.0700914537289332,0.284578145585357,0.6853967429945277,False,0.181927865658804,,,,,,,,,,,0.569156291170714,False,TabPFN,holdout,age_blind
break_even,0.2523364485981308,Other vs Caucasian,race,False,0.7088948787061995,False,equalized_odds,Hurlin LR given Y,,,97,645,,,,,0.0006258105130102634,,,,14.752925855114597,2.0,0.0006258105130102634,,,,,,,,0.0012516210260205267,True,TabPFN,holdout,age_blind
break_even,0.2523364485981308,Female vs Male,sex,False,0.8434125269978402,False,statistical_parity,z (pooled),0.5972222222222222,0.9028150134048257,360,1492,-0.3055927911826035,-0.35843901253666266,-0.2527465698285444,-14.320551537648969,1.62825835536161e-46,1.0,False,0.34996495758666607,170.5896339316735,1.0,5.500293061390468e-39,,,,,,,,6.51303342144644e-46,True,TabPFN,holdout,age_blind
break_even,0.2523364485981308,Female vs Male,sex,False,0.8434125269978402,False,conditional_statistical_parity,Hurlin LR over proxy strata,0.5972222222222222,0.9028150134048257,360,1492,,,,,1.6585701163613014e-48,,,,248.95420730097177,9.0,1.6585701163613014e-48,9.0,204.58902095255456,0.0,0.0,,,,6.634280465445206e-48,True,TabPFN,holdout,age_blind
break_even,0.2523364485981308,Female vs Male,sex,False,0.8434125269978402,False,fpr,z (pooled),0.5064377682403434,0.8569587628865979,233,776,-0.3505209946462545,-0.4192804863781361,-0.28176150291437296,-11.254684863208164,2.19609677671807e-29,1.0,False,0.4082789136163888,,,,,,,,,,,8.78438710687228e-29,True,TabPFN,holdout,age_blind
break_even,0.2523364485981308,Female vs Male,sex,False,0.8434125269978402,False,fnr,z (pooled),0.23622047244094488,0.04748603351955307,127,716,0.1887344389213918,0.11323626233012642,0.2642326155126572,7.40056022957,1.3561114329816513e-13,0.999832597525263,False,0.25216437639249045,,,,,,,,,,,4.068334298944954e-13,True,TabPFN,holdout,age_blind
break_even,0.2523364485981308,Female vs Male,sex,False,0.8434125269978402,False,equalized_odds,Hurlin LR given Y,,,360,1492,,,,,3.6682476913345487e-34,,,,153.97635816411315,2.0,3.6682476913345487e-34,,,,,,,,1.1004743074003646e-33,True,TabPFN,holdout,age_blind
0.5,0.5,African-American vs Caucasian,race,True,0.3466583385384135,False,statistical_parity,z (pooled),0.4309623430962343,0.22170542635658916,956,645,0.20925691673964517,0.1643894326817419,0.25412440079754844,8.629228269925308,6.176730912925125e-18,0.9999999999974722,False,0.24693272401366134,76.92378464899281,1.0,1.776843023630293e-18,,,,,,,,2.47069236517005e-17,True,TabPFN,holdout,protected_blind
0.5,0.5,African-American vs Caucasian,race,True,0.3466583385384135,False,conditional_statistical_parity,Hurlin LR over proxy strata,0.4309623430962343,0.22170542635658916,956,645,,,,,0.7304337763268604,,,,3.601398905120334,6.0,0.7304337763268604,6.0,1.0952912669879513,0.29530180165996844,1.2690283937218592,0.81018990143776,1.9877229538586119,0.8141983993641244,1.0,False,TabPFN,holdout,protected_blind
0.5,0.5,African-American vs Caucasian,race,True,0.3466583385384135,False,fpr,z (pooled),0.27640449438202247,0.16296296296296298,445,405,0.1134415314190595,0.05848368776973668,0.16839937506838232,3.9724407546567817,7.113993315027943e-05,0.9880411660154047,False,0.15961404857466427,,,,,,,,,,,0.0002845597326011177,True,TabPFN,holdout,protected_blind
0.5,0.5,African-American vs Caucasian,race,True,0.3466583385384135,False,fnr,z (pooled),0.4344422700587084,0.6791666666666667,511,240,-0.2447243966079583,-0.317764025497108,-0.17168476771880858,-6.256657741226377,3.933152689754621e-10,0.9999998871736504,False,0.30609709359619136,,,,,,,,,,,1.5732610759018485e-09,True,TabPFN,holdout,protected_blind
0.5,0.5,African-American vs Caucasian,race,True,0.3466583385384135,False,equalized_odds,Hurlin LR given Y,,,956,645,,,,,7.42629973891281e-13,,,,55.85715698108259,2.0,7.42629973891281e-13,,,,,,,,2.970519895565124e-12,True,TabPFN,holdout,protected_blind
0.5,0.5,Hispanic vs Caucasian,race,False,0.22264631043256997,False,statistical_parity,z (pooled),0.22695035460992907,0.22170542635658916,141,645,0.005244928253339914,-0.0709622823755704,0.08145213888225022,0.13561277689415427,0.8921274042706472,0.12503124486122752,False,0.06927569569418553,0.0183254945688458,1.0,0.892318005840896,,,,,,,,0.8921274042706472,False,TabPFN,holdout,protected_blind
0.5,0.5,Hispanic vs Caucasian,race,False,0.22264631043256997,False,conditional_statistical_parity,Hurlin LR over proxy strata,0.22695035460992907,0.22170542635658916,141,645,,,,,0.9185282430236469,,,,2.0126853280505324,6.0,0.9185282430236469,6.0,0.34516721974777353,0.5568616822397572,1.2975874451238498,0.5562160281590508,3.027120925148122,0.9430848466968653,1.0,False,TabPFN,holdout,protected_blind
0.5,0.5,Hispanic vs Caucasian,race,False,0.22264631043256997,False,fpr,z (pooled),0.12345679012345678,0.16296296296296298,81,405,-0.03950617283950619,-0.11966834727112116,0.040656001592108776,-0.8936231080868513,0.3715235782690409,0.39880836718497215,False,0.10690940286210185,,,,,,,,,,,0.3715235782690409,False,TabPFN,holdout,protected_blind
0.5,0.5,Hispanic vs Caucasian,race,False,0.22264631043256997,False,fnr,z (pooled),0.6333333333333333,0.6791666666666667,60,240,-0.04583333333333339,-0.18131610630060804,0.08964943963394126,-0.6753170129601117,0.4994743772654271,0.4759876485667165,False,0.15988862756321207,,,,,,,,,,,0.7662970099777784,False,TabPFN,holdout,protected_blind
0.5,0.5,Hispanic vs Caucasian,race,False,0.22264631043256997,False,equalized_odds,Hurlin LR given Y,,,141,645,,,,,0.5246450278475165,,,,1.2900667650156334,2.0,0.5246450278475165,,,,,,,,0.5246450278475165,False,TabPFN,holdout,protected_blind
0.5,0.5,Other vs Caucasian,race,False,0.21024258760107817,False,statistical_parity,z (pooled),0.13402061855670103,0.22170542635658916,97,645,-0.08768480779988813,-0.16267765480163615,-0.012691960798140098,-1.9759726280303784,0.04815787740437814,0.8375037958085311,False,0.1506996761188609,4.275560642581652,1.0,0.03866420687620305,,,,,,,,0.09631575480875627,False,TabPFN,holdout,protected_blind
0.5,0.5,Other vs Caucasian,race,False,0.21024258760107817,False,conditional_statistical_parity,Hurlin LR over proxy strata,0.13402061855670103,0.22170542635658916,97,645,,,,,0.6294164045069546,,,,2.585373017892196,4.0,0.6294164045069546,4.0,1.0453651440181935,0.3065769558971436,0.49878149344217737,0.13216058720547585,1.88242942514787,0.8271158067626128,1.0,False,TabPFN,holdout,protected_blind
0.5,0.5,Other vs Caucasian,race,False,0.21024258760107817,False,fpr,z (pooled),0.08823529411764706,0.16296296296296298,68,405,-0.07472766884531591,-0.15113838538877947,0.0016830476981476439,-1.5872872885418126,0.112447592864962,0.7368950636397813,False,0.1389799395248535,,,,,,,,,,,0.224895185729924,False,TabPFN,holdout,protected_blind
0.5,0.5,Other vs Caucasian,race,False,0.21024258760107817,False,fnr,z (pooled),0.7586206896551724,0.6791666666666667,29,240,0.07945402298850568,-0.08711104367543629,0.24601908965244765,0.8721097548832326,0.3831485049888892,0.6354116589733141,False,0.21972653310033535,,,,,,,,,,,0.7662970099777784,False,TabPFN,holdout,protected_blind
0.5,0.5,Other vs Caucasian,race,False,0.21024258760107817,False,equalized_odds,Hurlin LR given Y,,,97,645,,,,,0.16306853576371286,,,,3.627169403475755,2.0,0.16306853576371286,,,,,,,,0.3261370715274257,False,TabPFN,holdout,protected_blind
0.5,0.5,Female vs Male,sex,False,0.32397408207343414,False,statistical_parity,z (pooled),0.2222222222222222,0.3485254691689008,360,1492,-0.1263032469466786,-0.17558734661316275,-0.07701914728019446,-4.596136082852083,4.30397662309515e-06,0.9987784651703261,False,0.16768448888683987,22.254673096535626,1.0,2.3877695820975386e-06,,,,,,,,1.291192986928545e-05,True,TabPFN,holdout,protected_blind
0.5,0.5,Female vs Male,sex,False,0.32397408207343414,False,conditional_statistical_parity,Hurlin LR over proxy strata,0.2222222222222222,0.3485254691689008,360,1492,,,,,0.31273052219256575,,,,7.088607873462397,6.0,0.31273052219256575,6.0,0.8636519234006729,0.35271874070779885,0.7749929629029233,0.44847923622892594,1.3392238570493569,0.3620528793740585,1.0,False,TabPFN,holdout,protected_blind
0.5,0.5,Female vs Male,sex,False,0.32397408207343414,False,fpr,z (pooled),0.13304721030042918,0.22422680412371135,233,776,-0.09117959382328217,-0.14374197568467129,-0.038617211961893036,-3.033521676305447,0.002417173454308793,0.9375147088344258,False,0.1353319532424796,,,,,,,,,,,0.007251520362926379,True,TabPFN,holdout,protected_blind
0.5,0.5,Female vs Male,sex,False,0.32397408207343414,False,fnr,z (pooled),0.6141732283464567,0.5167597765363129,127,716,0.09741345181014383,0.005177794380006109,0.18964910924028155,2.0274657986119036,0.04261479874181907,0.843011039297607,False,0.17490541582237368,,,,,,,,,,,0.1278443962254572,False,TabPFN,holdout,protected_blind
0.5,0.5,Female vs Male,sex,False,0.32397408207343414,False,equalized_odds,Hurlin LR given Y,,,360,1492,,,,,0.0008883750390596126,,,,14.052233125699466,2.0,0.0008883750390596126,,,,,,,,0.0026651251171788378,True,TabPFN,holdout,protected_blind
break_even,0.2523364485981308,African-American vs Caucasian,race,True,0.8550905683947533,False,statistical_parity,z (pooled),0.899581589958159,0.7891472868217054,956,645,0.11043430313645353,0.07363772579437301,0.14723088047853405,6.156909187564642,7.417835480905428e-10,0.9993439607346704,False,0.14133286554513522,37.138752537968344,1.0,1.1001547890210164e-09,,,,,,,,2.967134192362171e-09,True,TabPFN,holdout,protected_blind
break_even,0.2523364485981308,African-American vs Caucasian,race,True,0.8550905683947533,False,conditional_statistical_parity,Hurlin LR over proxy strata,0.899581589958159,0.7891472868217054,956,645,,,,,1.0,,,,0.0,1.0,1.0,0.0,,,,,,,1.0,False,TabPFN,holdout,protected_blind
break_even,0.2523364485981308,African-American vs Caucasian,race,True,0.8550905683947533,False,fpr,z (pooled),0.8696629213483146,0.7481481481481481,445,405,0.12151477320016646,0.0689249431757977,0.17410460322453522,4.5264895689845455,5.997155805371135e-06,0.9960806001042297,False,0.16569781728945954,,,,,,,,,,,2.398862322148454e-05,True,TabPFN,holdout,protected_blind
break_even,0.2523364485981308,African-American vs Caucasian,race,True,0.8550905683947533,False,fnr,z (pooled),0.07436399217221135,0.14166666666666666,511,240,-0.06730267449445532,-0.11693891512635543,-0.017666433862555196,-2.921239919553217,0.0034864123060963496,0.7526613741112751,False,0.10901030639603479,,,,,,,,,,,0.013945649224385398,True,TabPFN,holdout,protected_blind
break_even,0.2523364485981308,African-American vs Caucasian,race,True,0.8550905683947533,False,equalized_odds,Hurlin LR given Y,,,956,645,,,,,5.872813010310276e-07,,,,28.695523827591728,2.0,5.872813010310276e-07,,,,,,,,2.3491252041241103e-06,True,TabPFN,holdout,protected_blind
break_even,0.2523364485981308,Hispanic vs Caucasian,race,False,0.7824427480916031,False,statistical_parity,z (pooled),0.75177304964539,0.7891472868217054,141,645,-0.037374237176315384,-0.11531706618744075,0.040568591834809986,-0.9744003042035038,0.3298578184992583,0.3754783188321029,False,0.10286330463996106,0.9262162442515827,1.0,0.33584806560431724,,,,,,,,0.3298578184992583,False,TabPFN,holdout,protected_blind
break_even,0.2523364485981308,Hispanic vs Caucasian,race,False,0.7824427480916031,False,conditional_statistical_parity,Hurlin LR over proxy strata,0.75177304964539,0.7891472868217054,141,645,,,,,1.0,,,,0.0,1.0,1.0,0.0,,,,,,,1.0,False,TabPFN,holdout,protected_blind
break_even,0.2523364485981308,Hispanic vs Caucasian,race,False,0.7824427480916031,False,fpr,z (pooled),0.7037037037037037,0.7481481481481481,81,405,-0.0444444444444444,-0.15249827531479127,0.06360938642590247,-0.8332380897952953,0.40471046462721594,0.45988700263447974,False,0.13529997909800842,,,,,,,,,,,0.40471046462721594,False,TabPFN,holdout,protected_blind
break_even,0.2523364485981308,Hispanic vs Caucasian,race,False,0.7824427480916031,False,fnr,z (pooled),0.18333333333333332,0.14166666666666666,60,240,0.04166666666666666,-0.06572121530633548,0.1490545486396688,0.8084520834544432,0.41883037948611723,0.4396079289748071,False,0.13207045902270842,,,,,,,,,,,0.8376607589722345,False,TabPFN,holdout,protected_blind
break_even,0.2523364485981308,Hispanic vs Caucasian,race,False,0.7824427480916031,False,equalized_odds,Hurlin LR given Y,,,141,645,,,,,0.5206072540316131,,,,1.3055187050712553,2.0,0.5206072540316131,,,,,,,,0.5206072540316131,False,TabPFN,holdout,protected_blind
break_even,0.2523364485981308,Other vs Caucasian,race,False,0.7762803234501348,False,statistical_parity,z (pooled),0.6907216494845361,0.7891472868217054,97,645,-0.09842563733716936,-0.19564256061690055,-0.001208714057438165,-2.168755667340031,0.030101238619458168,0.8353816084350936,False,0.18011491656542888,4.4063311749077805,1.0,0.035805769618921936,,,,,,,,0.060202477238916335,False,TabPFN,holdout,protected_blind
break_even,0.2523364485981308,Other vs Caucasian,race,False,0.7762803234501348,False,conditional_statistical_parity,Hurlin LR over proxy strata,0.6907216494845361,0.7891472868217054,97,645,,,,,1.0,,,,0.0,1.0,1.0,0.0,,,,,,,1.0,False,TabPFN,holdout,protected_blind
break_even,0.2523364485981308,Other vs Caucasian,race,False,0.7762803234501348,False,fpr,z (pooled),0.6029411764705882,0.7481481481481481,68,405,-0.14520697167755992,-0.2689469158023752,-0.021467027552744683,-2.487859957424451,0.012851432751395565,0.9338899968587888,False,0.2492574601879782,,,,,,,,,,,0.02570286550279113,True,TabPFN,holdout,protected_blind
break_even,0.2523364485981308,Other vs Caucasian,race,False,0.7762803234501348,False,fnr,z (pooled),0.10344827586206896,0.14166666666666666,29,240,-0.0382183908045977,-0.15751594547054565,0.08107916386135025,-0.5644276781585131,0.5724631066223971,0.42333282716752524,False,0.13868463969073558,,,,,,,,,,,0.8376607589722345,False,TabPFN,holdout,protected_blind
break_even,0.2523364485981308,Other vs Caucasian,race,False,0.7762803234501348,False,equalized_odds,Hurlin LR given Y,,,97,645,,,,,0.04606866040962761,,,,6.155244755477722,2.0,0.04606866040962761,,,,,,,,0.09213732081925521,False,TabPFN,holdout,protected_blind
break_even,0.2523364485981308,Female vs Male,sex,False,0.8369330453563715,False,statistical_parity,z (pooled),0.7444444444444445,0.8592493297587132,360,1492,-0.11480488531426869,-0.16319347772310389,-0.0664162929054335,-5.29233347431516,1.2076542042437812e-07,0.9956306024361099,False,0.15543421735369695,25.558653387324426,1.0,4.291371393417244e-07,,,,,,,,3.6229626127313435e-07,True,TabPFN,holdout,protected_blind
break_even,0.2523364485981308,Female vs Male,sex,False,0.8369330453563715,False,conditional_statistical_parity,Hurlin LR over proxy strata,0.7444444444444445,0.8592493297587132,360,1492,,,,,1.0,,,,0.0,1.0,1.0,0.0,,,,,,,1.0,False,TabPFN,holdout,protected_blind
break_even,0.2523364485981308,Female vs Male,sex,False,0.8369330453563715,False,fpr,z (pooled),0.6866952789699571,0.8157216494845361,233,776,-0.129026370514579,-0.19453374121984796,-0.06351899980931001,-4.210846555192472,2.544155149357057e-05,0.9908770871942963,False,0.18405251038040285,,,,,,,,,,,7.632465448071171e-05,True,TabPFN,holdout,protected_blind
break_even,0.2523364485981308,Female vs Male,sex,False,0.8369330453563715,False,fnr,z (pooled),0.14960629921259844,0.0935754189944134,127,716,0.05603088021818503,-0.009568741244435505,0.12163050168080557,1.922659767743666,0.05452279261573183,0.5714760663467171,False,0.11114452766464744,,,,,,,,,,,0.16356837784719547,False,TabPFN,holdout,protected_blind
break_even,0.2523364485981308,Female vs Male,sex,False,0.8369330453563715,False,equalized_odds,Hurlin LR given Y,,,360,1492,,,,,4.50208033414181e-05,,,,20.01677175708818,2.0,4.50208033414181e-05,,,,,,,,0.0001350624100242543,True,TabPFN,holdout,protected_blind
0.5,0.5,African-American vs Caucasian,race,True,0.40037476577139286,False,statistical_parity,z (pooled),0.5,0.2527131782945736,956,645,0.24728682170542637,0.20114243526006834,0.2934312081507844,9.904688255027882,3.972068745412088e-23,0.9999999999999999,False,0.2860348604465645,100.93935258698951,1.0,9.484338597999948e-24,,,,,,,,1.5888274981648352e-22,True,TabPFN,holdout,race_aware
0.5,0.5,African-American vs Caucasian,race,True,0.40037476577139286,False,conditional_statistical_parity,Hurlin LR over proxy strata,0.5,0.2527131782945736,956,645,,,,,0.0549171851257468,,,,12.334102382938362,6.0,0.0549171851257468,6.0,0.12190421247653528,0.7269783244083857,1.089179594740128,0.6696941089981521,1.7714239585785918,0.05085269363410361,0.1647515553772404,False,TabPFN,holdout,race_aware
0.5,0.5,African-American vs Caucasian,race,True,0.40037476577139286,False,fpr,z (pooled),0.298876404494382,0.17530864197530865,445,405,0.12356776251907337,0.06717411488484551,0.17996141015330122,4.212993800772718,2.5200798249897432e-05,0.9946322421132926,False,0.17094656215817822,,,,,,,,,,,7.56023947496923e-05,True,TabPFN,holdout,race_aware
0.5,0.5,African-American vs Caucasian,race,True,0.40037476577139286,False,fnr,z (pooled),0.324853228962818,0.6166666666666667,511,240,-0.2918134377038487,-0.36551846687826506,-0.21810840852943233,-7.560243504591582,4.023154826748916e-14,0.9999999998866046,False,0.3537452477476195,,,,,,,,,,,1.6092619306995664e-13,True,TabPFN,holdout,race_aware
0.5,0.5,African-American vs Caucasian,race,True,0.40037476577139286,False,equalized_odds,Hurlin LR given Y,,,956,645,,,,,5.137327895275465e-17,,,,75.01482700268124,2.0,5.137327895275465e-17,,,,,,,,2.054931158110186e-16,True,TabPFN,holdout,race_aware
0.5,0.5,Hispanic vs Caucasian,race,False,0.25190839694656486,False,statistical_parity,z (pooled),0.24822695035460993,0.2527131782945736,141,645,-0.0044862279399636995,-0.08328231435178904,0.07430985847186164,-0.11116312940292182,0.9114869888487515,0.12896845206441185,False,0.07069221872018952,0.012388725501864206,1.0,0.911374766763355,,,,,,,,0.9114869888487515,False,TabPFN,holdout,race_aware
0.5,0.5,Hispanic vs Caucasian,race,False,0.25190839694656486,False,conditional_statistical_parity,Hurlin LR over proxy strata,0.24822695035460993,0.2527131782945736,141,645,,,,,0.09063395913888465,,,,10.927790424717216,6.0,0.09063395913888465,6.0,0.09450324774048666,0.7585284214394641,0.8764746767143872,0.35588817277422224,2.158565295759198,0.03475356356014769,0.1812679182777693,False,TabPFN,holdout,race_aware
0.5,0.5,Hispanic vs Caucasian,race,False,0.25190839694656486,False,fpr,z (pooled),0.1111111111111111,0.17530864197530865,81,405,-0.06419753086419755,-0.1420133567310562,0.013618295002661082,-1.4223237768203045,0.15493227950433916,0.6395993242815687,False,0.1296278668985148,,,,,,,,,,,0.15493227950433916,False,TabPFN,holdout,race_aware
0.5,0.5,Hispanic vs Caucasian,race,False,0.25190839694656486,False,fnr,z (pooled),0.5666666666666667,0.6166666666666667,60,240,-0.050000000000000044,-0.18966096450830564,0.08966096450830555,-0.7091452203638621,0.47823436342978864,0.5000000000000002,False,0.1675726776958651,,,,,,,,,,,0.9564687268595773,False,TabPFN,holdout,race_aware
0.5,0.5,Hispanic vs Caucasian,race,False,0.25190839694656486,False,equalized_odds,Hurlin LR given Y,,,141,645,,,,,0.2600096888681802,,,,2.694072767566623,2.0,0.2600096888681802,,,,,,,,0.31654845470153964,False,TabPFN,holdout,race_aware
0.5,0.5,Other vs Caucasian,race,False,0.24258760107816713,False,statistical_parity,z (pooled),0.17525773195876287,0.2527131782945736,97,645,-0.07745544633581075,-0.16021416717820994,0.005303274506588435,-1.659262995089043,0.09706280854798997,0.7421252456367586,False,0.14699581057893452,2.929099416720913,1.0,0.08699600906898464,,,,,,,,0.19412561709597995,False,TabPFN,holdout,race_aware
0.5,0.5,Other vs Caucasian,race,False,0.24258760107816713,False,conditional_statistical_parity,Hurlin LR over proxy strata,0.17525773195876287,0.2527131782945736,97,645,,,,,0.637655234830936,,,,2.53906102818355,4.0,0.637655234830936,4.0,0.5036287010211743,0.47791002701351537,0.6436632283245052,0.18849004263121916,2.198006566891742,0.6569703859102529,0.637655234830936,False,TabPFN,holdout,race_aware
0.5,0.5,Other vs Caucasian,race,False,0.24258760107816713,False,fpr,z (pooled),0.08823529411764706,0.17530864197530865,68,405,-0.08707334785766159,-0.16398944411205535,-0.010157251603267817,-1.7997195138803561,0.07190493825441277,0.8273510995322024,False,0.15175058240943512,,,,,,,,,,,0.14380987650882554,False,TabPFN,holdout,race_aware
0.5,0.5,Other vs Caucasian,race,False,0.24258760107816713,False,fnr,z (pooled),0.6206896551724138,0.6166666666666667,29,240,0.004022988505747116,-0.18298025294657932,0.19102622995807356,0.04209755714733647,0.9664209275602988,0.3151426589468842,False,0.1615074755170021,,,,,,,,,,,0.9664209275602988,False,TabPFN,holdout,race_aware
0.5,0.5,Other vs Caucasian,race,False,0.24258760107816713,False,equalized_odds,Hurlin LR given Y,,,97,645,,,,,0.15827422735076982,,,,3.686852268504508,2.0,0.15827422735076982,,,,,,,,0.31654845470153964,False,TabPFN,holdout,race_aware
0.5,0.5,Female vs Male,sex,False,0.3747300215982721,False,statistical_parity,z (pooled),0.19444444444444445,0.41823056300268097,360,1492,-0.22378611855823652,-0.27172230121717045,-0.17584993589930262,-7.873272481822266,3.4548307365972824e-15,0.9999999999991485,False,0.2640355861496289,66.97629765216482,1.0,2.7479120948584497e-16,,,,,,,,1.0364492209791848e-14,True,TabPFN,holdout,race_aware
0.5,0.5,Female vs Male,sex,False,0.3747300215982721,False,conditional_statistical_parity,Hurlin LR over proxy strata,0.19444444444444445,0.41823056300268097,360,1492,,,,,4.892151026297314e-19,,,,101.66238722857243,7.0,4.892151026297314e-19,7.0,58.16553409648163,2.4091839634365897e-14,0.1615414344137426,0.08545018030238333,0.305390052310067,6.116627725427648e-07,1.9568604105189255e-18,True,TabPFN,holdout,race_aware
0.5,0.5,Female vs Male,sex,False,0.3747300215982721,False,fpr,z (pooled),0.09012875536480687,0.25644329896907214,233,776,-0.16631454360426529,-0.21423063365552955,-0.11839845355300102,-5.391812616479021,6.975048317338708e-08,0.9999988782398609,False,0.20656402155762488,,,,,,,,,,,2.790019326935483e-07,True,TabPFN,holdout,race_aware
0.5,0.5,Female vs Male,sex,False,0.3747300215982721,False,fnr,z (pooled),0.6141732283464567,0.4064245810055866,127,716,0.20774864734087012,0.11575982082238459,0.2997374738593557,4.349186284553702,1.3664360451334228e-05,0.9995943028777065,False,0.28503323589055346,,,,,,,,,,,4.099308135400268e-05,True,TabPFN,holdout,race_aware
0.5,0.5,Female vs Male,sex,False,0.3747300215982721,False,equalized_odds,Hurlin LR given Y,,,360,1492,,,,,4.225148393698135e-12,,,,52.379933465934826,2.0,4.225148393698135e-12,,,,,,,,1.2675445181094405e-11,True,TabPFN,holdout,race_aware
break_even,0.2523364485981308,African-American vs Caucasian,race,True,0.7863835103060587,False,statistical_parity,z (pooled),0.8765690376569037,0.6527131782945736,956,645,0.2238558593623301,0.1816089594284902,0.26610275929617,10.718820982586918,8.305528248444551e-27,0.9999999999999993,False,0.25933112821800886,113.36235169365784,1.0,1.7973544668256086e-26,,,,,,,,3.3222112993778206e-26,True,TabPFN,holdout,race_aware
break_even,0.2523364485981308,African-American vs Caucasian,race,True,0.7863835103060587,False,conditional_statistical_parity,Hurlin LR over proxy strata,0.8765690376569037,0.6527131782945736,956,645,,,,,0.00032972469921595157,,,,20.91148747426672,4.0,0.00032972469921595157,4.0,4.375091215862066,0.036467878444819246,1.726928311663808,1.0158393325005266,2.935780588732484,0.00222654809100431,0.0006594493984319031,True,TabPFN,holdout,race_aware
break_even,0.2523364485981308,African-American vs Caucasian,race,True,0.7863835103060587,False,fpr,z (pooled),0.8,0.5654320987654321,445,405,0.23456790123456794,0.17364286121630398,0.2954929412528319,7.373686887815772,1.6597274408067036e-13,0.9999999978918925,False,0.2857537241973265,,,,,,,,,,,4.97918232242011e-13,True,TabPFN,holdout,race_aware
break_even,0.2523364485981308,African-American vs Caucasian,race,True,0.7863835103060587,False,fnr,z (pooled),0.05675146771037182,0.2,511,240,-0.1432485322896282,-0.1976855746820344,-0.08881148989722198,-6.034633641273405,1.5932373001498394e-09,0.9995866513199525,False,0.18899011338056187,,,,,,,,,,,6.3729492005993574e-09,True,TabPFN,holdout,race_aware
break_even,0.2523364485981308,African-American vs Caucasian,race,True,0.7863835103060587,False,equalized_odds,Hurlin LR given Y,,,956,645,,,,,5.602573194316056e-20,,,,88.65695173738426,2.0,5.602573194316056e-20,,,,,,,,2.2410292777264225e-19,True,TabPFN,holdout,race_aware
break_even,0.2523364485981308,Hispanic vs Caucasian,race,False,0.6475826972010178,False,statistical_parity,z (pooled),0.624113475177305,0.6527131782945736,141,645,-0.02859970311726867,-0.11658528161486992,0.059385875380332576,-0.6439667379918338,0.5195970032113935,0.3168499058509717,False,0.10252688229670073,0.4116000456173312,1.0,0.5211585006328157,,,,,,,,1.0,False,TabPFN,holdout,race_aware
break_even,0.2523364485981308,Hispanic vs Caucasian,race,False,0.6475826972010178,False,conditional_statistical_parity,Hurlin LR over proxy strata,0.624113475177305,0.6527131782945736,141,645,,,,,1.0930561195602262e-05,,,,30.660330464665247,5.0,1.0930561195602262e-05,5.0,14.142074104793062,0.00016950974179275047,0.16053391454002794,0.05494577085941776,0.46902859518491585,0.016372282266268523,3.279168358680679e-05,True,TabPFN,holdout,race_aware
break_even,0.2523364485981308,Hispanic vs Caucasian,race,False,0.6475826972010178,False,fpr,z (pooled),0.5308641975308642,0.5654320987654321,81,405,-0.03456790123456788,-0.15348736481558978,0.08435156234645402,-0.5720972095302345,0.5672561195053857,0.39966922226510243,False,0.13455964939695392,,,,,,,,,,,1.0,False,TabPFN,holdout,race_aware
break_even,0.2523364485981308,Hispanic vs Caucasian,race,False,0.6475826972010178,False,fnr,z (pooled),0.25,0.2,60,240,0.04999999999999999,-0.07068774321279922,0.1706877432127992,0.8504865111251244,0.3950546566964378,0.4999999999999999,False,0.15160019433172334,,,,,,,,,,,0.3950546566964378,False,TabPFN,holdout,race_aware
break_even,0.2523364485981308,Hispanic vs Caucasian,race,False,0.6475826972010178,False,equalized_odds,Hurlin LR given Y,,,141,645,,,,,0.5984393440287306,,,,1.0268602115442143,2.0,0.5984393440287306,,,,,,,,0.5984393440287306,False,TabPFN,holdout,race_aware
break_even,0.2523364485981308,Other vs Caucasian,race,False,0.6563342318059299,False,statistical_parity,z (pooled),0.6804123711340206,0.6527131782945736,97,645,0.027699192839446996,-0.07210910502622445,0.12750749070511844,0.5355502422296999,0.592269425261669,0.33078338858725,False,0.1115659481181137,0.28968426814017967,1.0,0.5904229297181317,,,,,,,,1.0,False,TabPFN,holdout,race_aware
break_even,0.2523364485981308,Other vs Caucasian,race,False,0.6563342318059299,False,conditional_statistical_parity,Hurlin LR over proxy strata,0.6804123711340206,0.6527131782945736,97,645,,,,,0.37007867189104776,,,,3.143135266494174,3.0,0.37007867189104776,3.0,0.15740356472459038,0.6915583290428124,1.2530877401465637,0.4151230744938377,3.782562283294448,0.37103791321374635,0.37007867189104776,False,TabPFN,holdout,race_aware
break_even,0.2523364485981308,Other vs Caucasian,race,False,0.6563342318059299,False,fpr,z (pooled),0.5735294117647058,0.5654320987654321,68,405,0.008097312999273742,-0.1189784272872243,0.13517305328577178,0.12468354393263312,0.9007740857662283,0.259203227786891,False,0.11495280698023085,,,,,,,,,,,1.0,False,TabPFN,holdout,race_aware
break_even,0.2523364485981308,Other vs Caucasian,race,False,0.6563342318059299,False,fnr,z (pooled),0.06896551724137931,0.2,29,240,-0.1310344827586207,-0.23623142260360908,-0.02583754291363234,-1.713402116120365,0.08663858726738281,0.9338595008750687,False,0.21962592094962824,,,,,,,,,,,0.17327717453476563,False,TabPFN,holdout,race_aware
break_even,0.2523364485981308,Other vs Caucasian,race,False,0.6563342318059299,False,equalized_odds,Hurlin LR given Y,,,97,645,,,,,0.16480169576646292,,,,3.6060247434293276,2.0,0.16480169576646292,,,,,,,,0.32960339153292584,False,TabPFN,holdout,race_aware
break_even,0.2523364485981308,Female vs Male,sex,False,0.765658747300216,False,statistical_parity,z (pooled),0.5611111111111111,0.8150134048257373,360,1492,-0.25390229371462614,-0.3088204920603128,-0.19898409536893943,-10.207979687409074,1.826277705620588e-24,0.999999999999749,False,0.30001418919490624,94.08642269418513,1.0,3.020440186338784e-22,,,,,,,,5.478833116861765e-24,True,TabPFN,holdout,race_aware
break_even,0.2523364485981308,Female vs Male,sex,False,0.765658747300216,False,conditional_statistical_parity,Hurlin LR over proxy strata,0.5611111111111111,0.8150134048257373,360,1492,,,,,2.945885300138331e-35,,,,171.84593782538977,5.0,2.945885300138331e-35,5.0,137.02615839908123,0.0,0.020537183633621486,0.007130605235929619,0.059150085812610984,0.004791150601332617,1.1783541200553325e-34,True,TabPFN,holdout,race_aware
break_even,0.2523364485981308,Female vs Male,sex,False,0.765658747300216,False,fpr,z (pooled),0.4592274678111588,0.7242268041237113,233,776,-0.2649993363125525,-0.336294646387469,-0.19370402623763605,-7.504930471124926,6.146121436662984e-14,0.9999999976679066,False,0.32488734069621933,,,,,,,,,,,2.4584485746651936e-13,True,TabPFN,holdout,race_aware
break_even,0.2523364485981308,Female vs Male,sex,False,0.765658747300216,False,fnr,z (pooled),0.25196850393700787,0.08659217877094973,127,716,0.16537632516605816,0.08711106111296854,0.24364158921914778,5.456832969961318,4.8470190631886166e-08,0.9980200135487849,False,0.23113103646091138,,,,,,,,,,,1.454105718956585e-07,True,TabPFN,holdout,race_aware
break_even,0.2523364485981308,Female vs Male,sex,False,0.765658747300216,False,equalized_odds,Hurlin LR given Y,,,360,1492,,,,,9.696394098105301e-18,,,,78.34955519992043,2.0,9.696394098105301e-18,,,,,,,,2.90891822943159e-17,True,TabPFN,holdout,race_aware
0.5,0.5,African-American vs Caucasian,race,True,0.47095565271705186,False,statistical_parity,z (pooled),0.5669456066945606,0.32868217054263565,956,645,0.23826343615192497,0.19029788238572098,0.28622898991812895,9.367732743576031,7.410726117167058e-21,0.9999999999999875,False,0.27854073267148854,89.06276769710291,1.0,3.82482232144925e-21,,,,,,,,2.964290446866823e-20,True,COMPAS tool,holdout,race_aware
0.5,0.5,African-American vs Caucasian,race,True,0.47095565271705186,False,conditional_statistical_parity,Hurlin LR over proxy strata,0.5669456066945606,0.32868217054263565,956,645,,,,,0.00822781244660881,,,,34.06809286446338,17.0,0.00822781244660881,17.0,13.88041356903653,0.0001948181965668594,1.5622945926956275,1.2315556009547228,1.9818548122990751,0.23618016419233268,0.02468343733982643,True,COMPAS tool,holdout,race_aware
0.5,0.5,African-American vs Caucasian,race,True,0.47095565271705186,False,fpr,z (pooled),0.41123595505617977,0.2271604938271605,445,405,0.18407546122901927,0.12279499885923678,0.24535592359880176,5.729445702873658,1.0075933388056714e-08,0.9999899586863982,False,0.23555989024203858,,,,,,,,,,,4.0303733552226855e-08,True,COMPAS tool,holdout,race_aware
0.5,0.5,African-American vs Caucasian,race,True,0.47095565271705186,False,fnr,z (pooled),0.2974559686888454,0.5,511,240,-0.20254403131115462,-0.27719322905089705,-0.12789483357141218,-5.385217896019942,7.235693820816036e-08,0.999965919867837,False,0.2652691938424293,,,,,,,,,,,2.8942775283264145e-07,True,COMPAS tool,holdout,race_aware
0.5,0.5,African-American vs Caucasian,race,True,0.47095565271705186,False,equalized_odds,Hurlin LR given Y,,,956,645,,,,,3.720189568194828e-14,,,,61.84483335147561,2.0,3.720189568194828e-14,,,,,,,,1.4880758272779312e-13,True,COMPAS tool,holdout,race_aware
0.5,0.5,Hispanic vs Caucasian,race,False,0.32061068702290074,False,statistical_parity,z (pooled),0.28368794326241137,0.32868217054263565,141,645,-0.044994227280224286,-0.12776164253593297,0.037773187975484415,-1.0370186943914437,0.2997271448387754,0.45283563485212064,False,0.1145370051116396,1.0940174724160556,1.0,0.2955827780413967,,,,,,,,0.2997271448387754,False,COMPAS tool,holdout,race_aware
0.5,0.5,Hispanic vs Caucasian,race,False,0.32061068702290074,False,conditional_statistical_parity,Hurlin LR over proxy strata,0.28368794326241137,0.32868217054263565,141,645,,,,,0.03615192948558324,,,,27.50989756943182,16.0,0.03615192948558324,16.0,2.9104301264244143,0.08800840010187183,0.6562188571895637,0.409139263676587,1.0525100540621115,0.1957015394870414,0.07230385897116648,False,COMPAS tool,holdout,race_aware
0.5,0.5,Hispanic vs Caucasian,race,False,0.32061068702290074,False,fpr,z (pooled),0.19753086419753085,0.2271604938271605,81,405,-0.029629629629629645,-0.1254560654989727,0.0661968062397134,-0.5855400437691203,0.558184649422657,0.3385629760003365,False,0.11020393222239322,,,,,,,,,,,0.558184649422657,False,COMPAS tool,holdout,race_aware
0.5,0.5,Hispanic vs Caucasian,race,False,0.32061068702290074,False,fnr,z (pooled),0.6,0.5,60,240,0.09999999999999998,-0.039166644306982634,0.2391666443069826,1.3867504905630725,0.16551785869747004,0.7590643298938962,False,0.2171565374385403,,,,,,,,,,,0.49655357609241013,False,COMPAS tool,holdout,race_aware
0.5,0.5,Hispanic vs Caucasian,race,False,0.32061068702290074,False,equalized_odds,Hurlin LR given Y,,,141,645,,,,,0.3187412499310523,,,,2.2867512681659816,2.0,0.3187412499310523,,,,,,,,0.6374824998621046,False,COMPAS tool,holdout,race_aware
0.5,0.5,Other vs Caucasian,race,False,0.3140161725067385,False,statistical_parity,z (pooled),0.21649484536082475,0.32868217054263565,97,645,-0.1121873251818109,-0.20180726282774816,-0.022567387535873645,-2.2195995031133258,0.026445966043069168,0.9128811294940676,False,0.18749302159551884,5.224301173136791,1.0,0.022273394548677702,,,,,,,,0.052891932086138335,False,COMPAS tool,holdout,race_aware
0.5,0.5,Other vs Caucasian,race,False,0.3140161725067385,False,conditional_statistical_parity,Hurlin LR over proxy strata,0.21649484536082475,0.32868217054263565,97,645,,,,,0.0019875449049847533,,,,34.10984330143288,14.0,0.0019875449049847533,14.0,8.625071438125712,0.003315674367564081,0.41793457196708816,0.2311060509092226,0.7557972011469424,0.09703115296307863,0.007950179619939013,True,COMPAS tool,holdout,race_aware
0.5,0.5,Other vs Caucasian,race,False,0.3140161725067385,False,fpr,z (pooled),0.1323529411764706,0.2271604938271605,68,405,-0.09480755265068991,-0.18509868047851463,-0.00451642482286517,-1.765319495433813,0.07751008481781702,0.8343854279578325,False,0.17073158853974213,,,,,,,,,,,0.23253025445345105,False,COMPAS tool,holdout,race_aware
0.5,0.5,Other vs Caucasian,race,False,0.3140161725067385,False,fnr,z (pooled),0.5862068965517241,0.5,29,240,0.08620689655172409,-0.10388024107938987,0.27629403418283804,0.8771533399764889,0.3804033559075931,0.6453984673215193,False,0.24628848190170566,,,,,,,,,,,0.7608067118151862,False,COMPAS tool,holdout,race_aware
0.5,0.5,Other vs Caucasian,race,False,0.3140161725067385,False,equalized_odds,Hurlin LR given Y,,,97,645,,,,,0.12267097773945625,,,,4.196498970967482,2.0,0.12267097773945625,,,,,,,,0.36801293321836875,False,COMPAS tool,holdout,race_aware
0.5,0.5,Female vs Male,sex,False,0.44168466522678185,False,statistical_parity,z (pooled),0.38333333333333336,0.45576407506702415,360,1492,-0.0724307417336908,-0.12865419988009558,-0.016207283587286,-2.483946082068815,0.012993548000704895,0.7828254427759378,False,0.11963859457088322,6.225757505634824,1.0,0.012590503335432861,,,,,,,,0.038980644002114685,True,COMPAS tool,holdout,race_aware
0.5,0.5,Female vs Male,sex,False,0.44168466522678185,False,conditional_statistical_parity,Hurlin LR over proxy strata,0.38333333333333336,0.45576407506702415,360,1492,,,,,0.23894476114599345,,,,20.72260216453229,17.0,0.23894476114599345,17.0,0.20984292231875032,0.6468905477257435,1.0674043549291563,0.808286898254713,1.4095886737516903,0.3008475631206837,0.23894476114599345,False,COMPAS tool,holdout,race_aware
0.5,0.5,Female vs Male,sex,False,0.44168466522678185,False,fpr,z (pooled),0.26609442060085836,0.3079896907216495,233,776,-0.04189527012079114,-0.10727707725633838,0.0234865370147561,-1.2257997332526163,0.22027404761667813,0.4040440284623144,False,0.09681593668681418,,,,,,,,,,,0.44054809523335625,False,COMPAS tool,holdout,race_aware
0.5,0.5,Female vs Male,sex,False,0.44168466522678185,False,fnr,z (pooled),0.4015748031496063,0.3840782122905028,127,716,0.01749659085910349,-0.07490523107350133,0.10989841279170831,0.3731397564627252,0.7090444305913325,0.2453683002956358,False,0.0951281582959096,,,,,,,,,,,0.7608067118151862,False,COMPAS tool,holdout,race_aware
0.5,0.5,Female vs Male,sex,False,0.44168466522678185,False,equalized_odds,Hurlin LR given Y,,,360,1492,,,,,0.43498029270485716,,,,1.6649091060929608,2.0,0.43498029270485716,,,,,,,,0.6374824998621046,False,COMPAS tool,holdout,race_aware
break_even,0.2523364485981308,African-American vs Caucasian,race,True,0.47095565271705186,False,statistical_parity,z (pooled),0.5669456066945606,0.32868217054263565,956,645,0.23826343615192497,0.19029788238572098,0.28622898991812895,9.367732743576031,7.410726117167058e-21,0.9999999999999875,False,0.27854073267148854,89.06276769710291,1.0,3.82482232144925e-21,,,,,,,,2.964290446866823e-20,True,COMPAS tool,holdout,race_aware
break_even,0.2523364485981308,African-American vs Caucasian,race,True,0.47095565271705186,False,conditional_statistical_parity,Hurlin LR over proxy strata,0.5669456066945606,0.32868217054263565,956,645,,,,,0.00822781244660881,,,,34.06809286446338,17.0,0.00822781244660881,17.0,13.88041356903653,0.0001948181965668594,1.5622945926956275,1.2315556009547228,1.9818548122990751,0.23618016419233268,0.02468343733982643,True,COMPAS tool,holdout,race_aware
break_even,0.2523364485981308,African-American vs Caucasian,race,True,0.47095565271705186,False,fpr,z (pooled),0.41123595505617977,0.2271604938271605,445,405,0.18407546122901927,0.12279499885923678,0.24535592359880176,5.729445702873658,1.0075933388056714e-08,0.9999899586863982,False,0.23555989024203858,,,,,,,,,,,4.0303733552226855e-08,True,COMPAS tool,holdout,race_aware
break_even,0.2523364485981308,African-American vs Caucasian,race,True,0.47095565271705186,False,fnr,z (pooled),0.2974559686888454,0.5,511,240,-0.20254403131115462,-0.27719322905089705,-0.12789483357141218,-5.385217896019942,7.235693820816036e-08,0.999965919867837,False,0.2652691938424293,,,,,,,,,,,2.8942775283264145e-07,True,COMPAS tool,holdout,race_aware
break_even,0.2523364485981308,African-American vs Caucasian,race,True,0.47095565271705186,False,equalized_odds,Hurlin LR given Y,,,956,645,,,,,3.720189568194828e-14,,,,61.84483335147561,2.0,3.720189568194828e-14,,,,,,,,1.4880758272779312e-13,True,COMPAS tool,holdout,race_aware
break_even,0.2523364485981308,Hispanic vs Caucasian,race,False,0.32061068702290074,False,statistical_parity,z (pooled),0.28368794326241137,0.32868217054263565,141,645,-0.044994227280224286,-0.12776164253593297,0.037773187975484415,-1.0370186943914437,0.2997271448387754,0.45283563485212064,False,0.1145370051116396,1.0940174724160556,1.0,0.2955827780413967,,,,,,,,0.2997271448387754,False,COMPAS tool,holdout,race_aware
break_even,0.2523364485981308,Hispanic vs Caucasian,race,False,0.32061068702290074,False,conditional_statistical_parity,Hurlin LR over proxy strata,0.28368794326241137,0.32868217054263565,141,645,,,,,0.03615192948558324,,,,27.50989756943182,16.0,0.03615192948558324,16.0,2.9104301264244143,0.08800840010187183,0.6562188571895637,0.409139263676587,1.0525100540621115,0.1957015394870414,0.07230385897116648,False,COMPAS tool,holdout,race_aware
break_even,0.2523364485981308,Hispanic vs Caucasian,race,False,0.32061068702290074,False,fpr,z (pooled),0.19753086419753085,0.2271604938271605,81,405,-0.029629629629629645,-0.1254560654989727,0.0661968062397134,-0.5855400437691203,0.558184649422657,0.3385629760003365,False,0.11020393222239322,,,,,,,,,,,0.558184649422657,False,COMPAS tool,holdout,race_aware
break_even,0.2523364485981308,Hispanic vs Caucasian,race,False,0.32061068702290074,False,fnr,z (pooled),0.6,0.5,60,240,0.09999999999999998,-0.039166644306982634,0.2391666443069826,1.3867504905630725,0.16551785869747004,0.7590643298938962,False,0.2171565374385403,,,,,,,,,,,0.49655357609241013,False,COMPAS tool,holdout,race_aware
break_even,0.2523364485981308,Hispanic vs Caucasian,race,False,0.32061068702290074,False,equalized_odds,Hurlin LR given Y,,,141,645,,,,,0.3187412499310523,,,,2.2867512681659816,2.0,0.3187412499310523,,,,,,,,0.6374824998621046,False,COMPAS tool,holdout,race_aware
break_even,0.2523364485981308,Other vs Caucasian,race,False,0.3140161725067385,False,statistical_parity,z (pooled),0.21649484536082475,0.32868217054263565,97,645,-0.1121873251818109,-0.20180726282774816,-0.022567387535873645,-2.2195995031133258,0.026445966043069168,0.9128811294940676,False,0.18749302159551884,5.224301173136791,1.0,0.022273394548677702,,,,,,,,0.052891932086138335,False,COMPAS tool,holdout,race_aware
break_even,0.2523364485981308,Other vs Caucasian,race,False,0.3140161725067385,False,conditional_statistical_parity,Hurlin LR over proxy strata,0.21649484536082475,0.32868217054263565,97,645,,,,,0.0019875449049847533,,,,34.10984330143288,14.0,0.0019875449049847533,14.0,8.625071438125712,0.003315674367564081,0.41793457196708816,0.2311060509092226,0.7557972011469424,0.09703115296307863,0.007950179619939013,True,COMPAS tool,holdout,race_aware
break_even,0.2523364485981308,Other vs Caucasian,race,False,0.3140161725067385,False,fpr,z (pooled),0.1323529411764706,0.2271604938271605,68,405,-0.09480755265068991,-0.18509868047851463,-0.00451642482286517,-1.765319495433813,0.07751008481781702,0.8343854279578325,False,0.17073158853974213,,,,,,,,,,,0.23253025445345105,False,COMPAS tool,holdout,race_aware
break_even,0.2523364485981308,Other vs Caucasian,race,False,0.3140161725067385,False,fnr,z (pooled),0.5862068965517241,0.5,29,240,0.08620689655172409,-0.10388024107938987,0.27629403418283804,0.8771533399764889,0.3804033559075931,0.6453984673215193,False,0.24628848190170566,,,,,,,,,,,0.7608067118151862,False,COMPAS tool,holdout,race_aware
break_even,0.2523364485981308,Other vs Caucasian,race,False,0.3140161725067385,False,equalized_odds,Hurlin LR given Y,,,97,645,,,,,0.12267097773945625,,,,4.196498970967482,2.0,0.12267097773945625,,,,,,,,0.36801293321836875,False,COMPAS tool,holdout,race_aware
break_even,0.2523364485981308,Female vs Male,sex,False,0.44168466522678185,False,statistical_parity,z (pooled),0.38333333333333336,0.45576407506702415,360,1492,-0.0724307417336908,-0.12865419988009558,-0.016207283587286,-2.483946082068815,0.012993548000704895,0.7828254427759378,False,0.11963859457088322,6.225757505634824,1.0,0.012590503335432861,,,,,,,,0.038980644002114685,True,COMPAS tool,holdout,race_aware
break_even,0.2523364485981308,Female vs Male,sex,False,0.44168466522678185,False,conditional_statistical_parity,Hurlin LR over proxy strata,0.38333333333333336,0.45576407506702415,360,1492,,,,,0.23894476114599345,,,,20.72260216453229,17.0,0.23894476114599345,17.0,0.20984292231875032,0.6468905477257435,1.0674043549291563,0.808286898254713,1.4095886737516903,0.3008475631206837,0.23894476114599345,False,COMPAS tool,holdout,race_aware
break_even,0.2523364485981308,Female vs Male,sex,False,0.44168466522678185,False,fpr,z (pooled),0.26609442060085836,0.3079896907216495,233,776,-0.04189527012079114,-0.10727707725633838,0.0234865370147561,-1.2257997332526163,0.22027404761667813,0.4040440284623144,False,0.09681593668681418,,,,,,,,,,,0.44054809523335625,False,COMPAS tool,holdout,race_aware
break_even,0.2523364485981308,Female vs Male,sex,False,0.44168466522678185,False,fnr,z (pooled),0.4015748031496063,0.3840782122905028,127,716,0.01749659085910349,-0.07490523107350133,0.10989841279170831,0.3731397564627252,0.7090444305913325,0.2453683002956358,False,0.0951281582959096,,,,,,,,,,,0.7608067118151862,False,COMPAS tool,holdout,race_aware
break_even,0.2523364485981308,Female vs Male,sex,False,0.44168466522678185,False,equalized_odds,Hurlin LR given Y,,,360,1492,,,,,0.43498029270485716,,,,1.6649091060929608,2.0,0.43498029270485716,,,,,,,,0.6374824998621046,False,COMPAS tool,holdout,race_aware
0.5,0.5,African-American vs Caucasian,race,True,0.40037476577139286,False,statistical_parity,z (pooled),0.5031380753138075,0.24806201550387597,956,645,0.25507605980993153,0.20908219366853545,0.30106992595132764,10.216674048032292,1.6697174782691783e-24,1.0,False,0.2936977047030086,107.55636341437696,1.0,3.362067479266025e-25,,,,,,,,6.678869913076713e-24,True,TabPFN,holdout,race_blind
0.5,0.5,African-American vs Caucasian,race,True,0.40037476577139286,False,conditional_statistical_parity,Hurlin LR over proxy strata,0.5031380753138075,0.24806201550387597,956,645,,,,,0.07594726845292787,,,,11.430540255813328,6.0,0.07594726845292787,6.0,0.9559851513252255,0.3282004931752517,1.2877902443118907,0.7728335468407822,2.145874386695769,0.08918958750491512,0.15189453690585575,False,TabPFN,holdout,race_blind
0.5,0.5,African-American vs Caucasian,race,True,0.40037476577139286,False,fpr,z (pooled),0.30337078651685395,0.17037037037037037,445,405,0.13300041614648359,0.07674184300333489,0.18925898928963228,4.534596380984377,5.7713743443321695e-06,0.9980346470035062,False,0.1802657337265682,,,,,,,,,,,1.7314123032996508e-05,True,TabPFN,holdout,race_blind
0.5,0.5,African-American vs Caucasian,race,True,0.40037476577139286,False,fnr,z (pooled),0.32289628180039137,0.6208333333333333,511,240,-0.297937051532942,-0.37149933721528605,-0.22437476585059787,-7.71889285275153,1.1734449183575015e-14,0.9999999999625433,False,0.35974891911233786,,,,,,,,,,,4.693779673430006e-14,True,TabPFN,holdout,race_blind
0.5,0.5,African-American vs Caucasian,race,True,0.40037476577139286,False,equalized_odds,Hurlin LR given Y,,,956,645,,,,,3.5659559988990445e-18,,,,80.35019898718329,2.0,3.5659559988990445e-18,,,,,,,,1.4263823995596178e-17,True,TabPFN,holdout,race_blind
0.5,0.5,Hispanic vs Caucasian,race,False,0.24936386768447838,False,statistical_parity,z (pooled),0.2553191489361702,0.24806201550387597,141,645,0.007257133432294227,-0.0720581882096069,0.08657245507419535,0.18043124815498476,0.8568140243927992,0.14559639187105736,False,0.07389939566229102,0.03242217154018778,1.0,0.8571042265818194,,,,,,,,0.8568140243927992,False,TabPFN,holdout,race_blind
0.5,0.5,Hispanic vs Caucasian,race,False,0.24936386768447838,False,conditional_statistical_parity,Hurlin LR over proxy strata,0.2553191489361702,0.24806201550387597,141,645,,,,,0.04913046689943345,,,,12.639563352177746,6.0,0.04913046689943345,6.0,0.2392420943079281,0.6247540508036311,1.2479187113473578,0.4793817987879641,3.2485611970838755,0.010389116082539895,0.14739140069830034,False,TabPFN,holdout,race_blind
0.5,0.5,Hispanic vs Caucasian,race,False,0.24936386768447838,False,fpr,z (pooled),0.1111111111111111,0.17037037037037037,81,405,-0.05925925925925926,-0.136877906590742,0.018359388072223495,-1.3263770271305018,0.18471484428518448,0.5923833205655532,False,0.12452380051231349,,,,,,,,,,,0.18471484428518448,False,TabPFN,holdout,race_blind
0.5,0.5,Hispanic vs Caucasian,race,False,0.24936386768447838,False,fnr,z (pooled),0.55,0.6208333333333333,60,240,-0.0708333333333333,-0.21088274382832675,0.06921607716166014,-1.00462239551547,0.31507870913797265,0.6145864363564986,False,0.18873302176520387,,,,,,,,,,,0.6301574182759453,False,TabPFN,holdout,race_blind
0.5,0.5,Hispanic vs Caucasian,race,False,0.24936386768447838,False,equalized_odds,Hurlin LR given Y,,,141,645,,,,,0.2347072898503907,,,,2.898832232632248,2.0,0.2347072898503907,,,,,,,,0.2347072898503907,False,TabPFN,holdout,race_blind
0.5,0.5,Other vs Caucasian,race,False,0.2371967654986523,False,statistical_parity,z (pooled),0.16494845360824742,0.24806201550387597,97,645,-0.08311356189562855,-0.1641431829849847,-0.0020839408062724024,-1.7942172275244674,0.07277850346620632,0.7882937107228705,False,0.15120100099182684,3.4522228375486055,1.0,0.06316676586017304,,,,,,,,0.14555700693241264,False,TabPFN,holdout,race_blind
0.5,0.5,Other vs Caucasian,race,False,0.2371967654986523,False,conditional_statistical_parity,Hurlin LR over proxy strata,0.16494845360824742,0.24806201550387597,97,645,,,,,0.5858987781170495,,,,2.8344616864862173,4.0,0.5858987781170495,4.0,0.838041938355806,0.3599573785257594,0.5189460236346215,0.12810062217153356,2.1022924860237717,0.6979934655440575,0.5858987781170495,False,TabPFN,holdout,race_blind
0.5,0.5,Other vs Caucasian,race,False,0.2371967654986523,False,fpr,z (pooled),0.07352941176470588,0.17037037037037037,68,405,-0.09684095860566448,-0.16887609386847774,-0.02480582334285121,-2.0340859985513773,0.04194292541034205,0.8984372774353692,False,0.15741388893161773,,,,,,,,,,,0.0838858508206841,False,TabPFN,holdout,race_blind
0.5,0.5,Other vs Caucasian,race,False,0.2371967654986523,False,fnr,z (pooled),0.6206896551724138,0.6208333333333333,29,240,-0.0001436781609195359,-0.18710456435169764,0.18681720802985857,-0.0015063059748135342,0.9987981421733453,0.3008228536817149,False,0.15759249575497422,,,,,,,,,,,0.9987981421733453,False,TabPFN,holdout,race_blind
0.5,0.5,Other vs Caucasian,race,False,0.2371967654986523,False,equalized_odds,Hurlin LR given Y,,,97,645,,,,,0.08871844931426597,,,,4.844574829032575,2.0,0.08871844931426597,,,,,,,,0.17743689862853193,False,TabPFN,holdout,race_blind
0.5,0.5,Female vs Male,sex,False,0.3741900647948164,False,statistical_parity,z (pooled),0.18611111111111112,0.4195710455764075,360,1492,-0.2334599344652964,-0.28082400063689816,-0.18609586829369462,-8.21599520473809,2.104118683663492e-16,0.9999999999999751,False,0.2732290262166013,73.33057787157628,1.0,1.096558815158767e-17,,,,,,,,6.312356050990476e-16,True,TabPFN,holdout,race_blind
0.5,0.5,Female vs Male,sex,False,0.3741900647948164,False,conditional_statistical_parity,Hurlin LR over proxy strata,0.18611111111111112,0.4195710455764075,360,1492,,,,,2.225943678261117e-20,,,,105.0375767012102,6.0,2.225943678261117e-20,6.0,77.35516538208009,0.0,0.03927380955952728,0.014456589177820993,0.10669405475562552,0.00780127214526638,8.903774713044468e-20,True,TabPFN,holdout,race_blind
0.5,0.5,Female vs Male,sex,False,0.3741900647948164,False,fpr,z (pooled),0.08583690987124463,0.2551546391752577,233,776,-0.16931772930401306,-0.21658852179633872,-0.1220469368116874,-5.5073205023819245,3.643365893100777e-08,0.9999995590671542,False,0.20902515781544057,,,,,,,,,,,1.4573463572403108e-07,True,TabPFN,holdout,race_blind
0.5,0.5,Female vs Male,sex,False,0.3741900647948164,False,fnr,z (pooled),0.6299212598425197,0.4022346368715084,127,716,0.22768662297101128,0.1363555193264686,0.31901772661555394,4.768029794023907,1.8603627644232544e-06,0.9999263851531952,False,0.3044186243901025,,,,,,,,,,,5.581088293269763e-06,True,TabPFN,holdout,race_blind
0.5,0.5,Female vs Male,sex,False,0.3741900647948164,False,equalized_odds,Hurlin LR given Y,,,360,1492,,,,,2.709841967698484e-13,,,,57.87343178046749,2.0,2.709841967698484e-13,,,,,,,,8.129525903095453e-13,True,TabPFN,holdout,race_blind
break_even,0.2523364485981308,African-American vs Caucasian,race,True,0.7888819487820112,False,statistical_parity,z (pooled),0.8755230125523012,0.6604651162790698,956,645,0.21505789627323146,0.17294492030760464,0.25717087223885826,10.341888166537174,4.554735295889712e-25,0.9999999999999865,False,0.2504207074388544,105.4470322318501,1.0,9.74687789227877e-25,,,,,,,,1.8218941183558848e-24,True,TabPFN,holdout,race_blind
break_even,0.2523364485981308,African-American vs Caucasian,race,True,0.7888819487820112,False,conditional_statistical_parity,Hurlin LR over proxy strata,0.8755230125523012,0.6604651162790698,956,645,,,,,0.02193611397137617,,,,9.635160245762957,3.0,0.02193611397137617,3.0,1.4144101063979015,0.23432566790176246,1.390995699275954,0.7969032848315994,2.4279847658214564,0.015878936636906205,0.06580834191412852,False,TabPFN,holdout,race_blind
break_even,0.2523364485981308,African-American vs Caucasian,race,True,0.7888819487820112,False,fpr,z (pooled),0.8,0.5728395061728395,445,405,0.22716049382716053,0.16631523472543686,0.2880057529288842,7.163256052163646,7.878299778062592e-13,0.9999999920427306,False,0.27827928931043583,,,,,,,,,,,3.1513199112250367e-12,True,TabPFN,holdout,race_blind
break_even,0.2523364485981308,African-American vs Caucasian,race,True,0.7888819487820112,False,fnr,z (pooled),0.05870841487279843,0.19166666666666668,511,240,-0.13295825179386825,-0.18676589524638496,-0.07915060834135154,-5.633686202254693,1.7639786528901993e-08,0.9987007639030321,False,0.17817097052596959,,,,,,,,,,,7.055914611560797e-08,True,TabPFN,holdout,race_blind
break_even,0.2523364485981308,African-American vs Caucasian,race,True,0.7888819487820112,False,equalized_odds,Hurlin LR given Y,,,956,645,,,,,2.2874942269618023e-18,,,,81.23814935892203,2.0,2.2874942269618023e-18,,,,,,,,9.149976907847209e-18,True,TabPFN,holdout,race_blind
break_even,0.2523364485981308,Hispanic vs Caucasian,race,False,0.6628498727735369,False,statistical_parity,z (pooled),0.6737588652482269,0.6604651162790698,141,645,0.013293748969157138,-0.07228728461484296,0.09887478255315724,0.30248675408238584,0.7622810295304153,0.2004026778224761,False,0.08520058315901081,0.09188722804715077,1.0,0.7617915074048104,,,,,,,,1.0,False,TabPFN,holdout,race_blind
break_even,0.2523364485981308,Hispanic vs Caucasian,race,False,0.6628498727735369,False,conditional_statistical_parity,Hurlin LR over proxy strata,0.6737588652482269,0.6604651162790698,141,645,,,,,0.21110337842633115,,,,4.513341052431066,3.0,0.21110337842633115,3.0,3.2889333680517305,0.0697483185752854,0.3335103435537496,0.10242059638443934,1.0860037256553117,0.569063706441038,0.4222067568526623,False,TabPFN,holdout,race_blind
break_even,0.2523364485981308,Hispanic vs Caucasian,race,False,0.6628498727735369,False,fpr,z (pooled),0.6049382716049383,0.5728395061728395,81,405,0.032098765432098775,-0.0847560617157775,0.14895359257997504,0.5340063167129999,0.5933371637850859,0.3820573234133894,False,0.13035449326565673,,,,,,,,,,,1.0,False,TabPFN,holdout,race_blind
break_even,0.2523364485981308,Hispanic vs Caucasian,race,False,0.6628498727735369,False,fnr,z (pooled),0.23333333333333334,0.19166666666666668,60,240,0.04166666666666666,-0.07637175486455032,0.15970508819788365,0.7216878364870319,0.4704864220587899,0.4450205398432508,False,0.14103654671352187,,,,,,,,,,,0.4704864220587899,False,TabPFN,holdout,race_blind
break_even,0.2523364485981308,Hispanic vs Caucasian,race,False,0.6628498727735369,False,equalized_odds,Hurlin LR given Y,,,141,645,,,,,0.67280149348006,,,,0.7926099010558274,2.0,0.67280149348006,,,,,,,,0.67280149348006,False,TabPFN,holdout,race_blind
break_even,0.2523364485981308,Other vs Caucasian,race,False,0.6630727762803235,False,statistical_parity,z (pooled),0.6804123711340206,0.6604651162790698,97,645,0.019947254854950858,-0.07978858282493735,0.11968309253483907,0.38752369087571464,0.6983685496270633,0.2774900607999851,False,0.10375312340577547,0.15129571133365438,1.0,0.6973001926901677,,,,,,,,1.0,False,TabPFN,holdout,race_blind
break_even,0.2523364485981308,Other vs Caucasian,race,False,0.6630727762803235,False,conditional_statistical_parity,Hurlin LR over proxy strata,0.6804123711340206,0.6604651162790698,97,645,,,,,0.9552382049046766,,,,0.09158908076829234,2.0,0.9552382049046766,2.0,0.08545120602969873,0.7700416760850765,0.8366884531590414,0.2547262265704859,2.74823514278361,0.9379026819843549,0.9552382049046766,False,TabPFN,holdout,race_blind
break_even,0.2523364485981308,Other vs Caucasian,race,False,0.6630727762803235,False,fpr,z (pooled),0.5735294117647058,0.5728395061728395,68,405,0.0006899055918663244,-0.12634760392123112,0.12772741510496377,0.010642456242307382,0.991508708765473,0.22358831552496744,False,0.107513252066401,,,,,,,,,,,1.0,False,TabPFN,holdout,race_blind
break_even,0.2523364485981308,Other vs Caucasian,race,False,0.6630727762803235,False,fnr,z (pooled),0.06896551724137931,0.19166666666666668,29,240,-0.12270114942528737,-0.22751171295506104,-0.017890585895513705,-1.630093949214233,0.10308164236584202,0.9124349093698546,False,0.21096720140735908,,,,,,,,,,,0.20616328473168405,False,TabPFN,holdout,race_blind
break_even,0.2523364485981308,Other vs Caucasian,race,False,0.6630727762803235,False,equalized_odds,Hurlin LR given Y,,,97,645,,,,,0.19853927118300413,,,,3.2335367174194403,2.0,0.19853927118300413,,,,,,,,0.39707854236600826,False,TabPFN,holdout,race_blind
break_even,0.2523364485981308,Female vs Male,sex,False,0.7721382289416847,False,statistical_parity,z (pooled),0.5833333333333334,0.8176943699731903,360,1492,-0.23436103663985697,-0.28892649670277304,-0.1797955765769409,-9.515186812506188,1.813866930944599e-21,0.999999999976873,False,0.2801767565113775,81.82559917762859,1.0,1.486407729641546e-19,,,,,,,,5.441600792833796e-21,True,TabPFN,holdout,race_blind
break_even,0.2523364485981308,Female vs Male,sex,False,0.7721382289416847,False,conditional_statistical_parity,Hurlin LR over proxy strata,0.5833333333333334,0.8176943699731903,360,1492,,,,,2.806495017081926e-39,,,,182.30273234849457,3.0,2.806495017081926e-39,3.0,124.65659760471762,0.0,0.03766322567981165,0.014036846862716642,0.10105678166057085,2.42655384674606e-09,1.1225980068327704e-38,True,TabPFN,holdout,race_blind
break_even,0.2523364485981308,Female vs Male,sex,False,0.7721382289416847,False,fpr,z (pooled),0.48497854077253216,0.729381443298969,233,776,-0.24440290252643687,-0.31578311085411426,-0.17302269419875949,-6.973790658754156,3.085130592656835e-12,0.9999999419167431,False,0.30436222137564384,,,,,,,,,,,9.255391777970505e-12,True,TabPFN,holdout,race_blind
break_even,0.2523364485981308,Female vs Male,sex,False,0.7721382289416847,False,fnr,z (pooled),0.23622047244094488,0.08659217877094973,127,716,0.14962829366999514,0.07293634787857338,0.22632023946141688,4.983930759286976,6.230538321011924e-07,0.9944651613247484,False,0.21406117861796836,,,,,,,,,,,1.8691614963035774e-06,True,TabPFN,holdout,race_blind
break_even,0.2523364485981308,Female vs Male,sex,False,0.7721382289416847,False,equalized_odds,Hurlin LR given Y,,,360,1492,,,,,2.7889824744192597e-15,,,,67.026199140215,2.0,2.7889824744192597e-15,,,,,,,,8.366947423257778e-15,True,TabPFN,holdout,race_blind
0.5,0.5,African-American vs Caucasian,race,True,0.4778263585259213,False,statistical_parity,z (pooled),0.5397489539748954,0.386046511627907,956,645,0.15370244234698843,0.10461255984149898,0.2027923248524779,6.038810223952513,1.5525470801068587e-09,0.9999817628040508,False,0.1949238522658968,36.69708317520927,1.0,1.3798574360908255e-09,,,,,,,,4.657641240320576e-09,True,TabPFN,holdout,race_priors_blind
0.5,0.5,African-American vs Caucasian,race,True,0.4778263585259213,False,conditional_statistical_parity,Hurlin LR over proxy strata,0.5397489539748954,0.386046511627907,956,645,,,,,0.4608817441879458,,,,8.747705095649536,9.0,0.4608817441879458,9.0,0.052244881450524513,0.8192020614720052,1.0437435423808006,0.7249433229630515,1.5027389697292872,0.5157225887041383,0.9217634883758916,False,TabPFN,holdout,race_priors_blind
0.5,0.5,African-American vs Caucasian,race,True,0.4778263585259213,False,fpr,z (pooled),0.48089887640449436,0.3333333333333333,445,405,0.14756554307116104,0.08227565351525529,0.2128554326270668,4.367876637174015,1.254603201975655e-05,0.9982533946061949,False,0.2024184693403078,,,,,,,,,,,3.763809605926965e-05,True,TabPFN,holdout,race_priors_blind
0.5,0.5,African-American vs Caucasian,race,True,0.4778263585259213,False,fnr,z (pooled),0.4090019569471624,0.525,511,240,-0.11599804305283762,-0.19221253502139418,-0.03978355108428107,-2.982068622624171,0.0028630781599189906,0.9549660199603184,False,0.18003846867982487,,,,,,,,,,,0.008589234479756971,True,TabPFN,holdout,race_priors_blind
0.5,0.5,African-American vs Caucasian,race,True,0.4778263585259213,False,equalized_odds,Hurlin LR given Y,,,956,645,,,,,8.062988829133684e-07,,,,28.061622681408565,2.0,8.062988829133684e-07,,,,,,,,2.418896648740105e-06,True,TabPFN,holdout,race_priors_blind
0.5,0.5,Hispanic vs Caucasian,race,False,0.3905852417302799,False,statistical_parity,z (pooled),0.41134751773049644,0.386046511627907,141,645,0.02530100610258945,-0.06418964222596606,0.11479165443114496,0.557829571966667,0.5769607672669828,0.2943510395382644,False,0.10049277396769511,0.309718477919807,1.0,0.5778529899168985,,,,,,,,0.5769607672669828,False,TabPFN,holdout,race_priors_blind
0.5,0.5,Hispanic vs Caucasian,race,False,0.3905852417302799,False,conditional_statistical_parity,Hurlin LR over proxy strata,0.41134751773049644,0.386046511627907,141,645,,,,,0.04542427091714654,,,,15.794068810633831,8.0,0.04542427091714654,8.0,0.100796808653781,0.7508755197981759,1.1156345053311745,0.5625149931010627,2.2126349781790076,0.06613509943840223,0.13627281275143963,False,TabPFN,holdout,race_priors_blind
0.5,0.5,Hispanic vs Caucasian,race,False,0.3905852417302799,False,fpr,z (pooled),0.30864197530864196,0.3333333333333333,81,405,-0.024691358024691357,-0.1352695286819072,0.08588681263252448,-0.43168239858897856,0.6659722618408884,0.3269648709062493,False,0.1176694480669527,,,,,,,,,,,1.0,False,TabPFN,holdout,race_priors_blind
0.5,0.5,Hispanic vs Caucasian,race,False,0.3905852417302799,False,fnr,z (pooled),0.45,0.525,60,240,-0.07500000000000001,-0.2158457789258903,0.06584577892589027,-1.0394383930128557,0.29860089610270746,0.63591649563381,False,0.19357010603340036,,,,,,,,,,,0.29860089610270746,False,TabPFN,holdout,race_priors_blind
0.5,0.5,Hispanic vs Caucasian,race,False,0.3905852417302799,False,equalized_odds,Hurlin LR given Y,,,141,645,,,,,0.530132553375984,,,,1.2692564059930698,2.0,0.530132553375984,,,,,,,,0.530132553375984,False,TabPFN,holdout,race_priors_blind
0.5,0.5,Other vs Caucasian,race,False,0.3935309973045822,False,statistical_parity,z (pooled),0.44329896907216493,0.386046511627907,97,645,0.05725245744425794,-0.04850643795638611,0.16301135284490198,1.0761284845440882,0.2818697980624282,0.5534406789134669,False,0.14611937120572985,1.1454780831452727,1.0,0.2844977497036588,,,,,,,,0.5637395961248564,False,TabPFN,holdout,race_priors_blind
0.5,0.5,Other vs Caucasian,race,False,0.3935309973045822,False,conditional_statistical_parity,Hurlin LR over proxy strata,0.44329896907216493,0.386046511627907,97,645,,,,,0.8995443107295096,,,,2.838330407097993,7.0,0.8995443107295096,7.0,0.31698083721475095,0.573427725524742,0.8158119684468348,0.40430477597716985,1.6461570760635322,0.8884318461789364,0.9217634883758916,False,TabPFN,holdout,race_priors_blind
0.5,0.5,Other vs Caucasian,race,False,0.3935309973045822,False,fpr,z (pooled),0.3382352941176471,0.3333333333333333,68,405,0.004901960784313764,-0.11655804550777171,0.12636196707639924,0.07930463133121433,0.9367903226367224,0.23356912615036043,False,0.10703529435380509,,,,,,,,,,,1.0,False,TabPFN,holdout,race_priors_blind
0.5,0.5,Other vs Caucasian,race,False,0.3935309973045822,False,fnr,z (pooled),0.3103448275862069,0.525,29,240,-0.21465517241379312,-0.3944965687179063,-0.03481377610967995,-2.1837495789045795,0.028980654452327035,0.9630645404861572,False,0.36610832274627747,,,,,,,,,,,0.05796130890465407,False,TabPFN,holdout,race_priors_blind
0.5,0.5,Other vs Caucasian,race,False,0.3935309973045822,False,equalized_odds,Hurlin LR given Y,,,97,645,,,,,0.08709451056926144,,,,4.881522843145868,2.0,0.08709451056926144,,,,,,,,0.1741890211385229,False,TabPFN,holdout,race_priors_blind
0.5,0.5,Female vs Male,sex,False,0.4703023758099352,False,statistical_parity,z (pooled),0.0,0.5837801608579088,360,1492,-0.5837801608579088,-0.608792236528414,-0.5587680851874037,-19.918741881245587,2.799363085744532e-88,1.0,False,0.6047814728784401,534.6169822187251,1.0,2.7958086803414713e-118,,,,,,,,1.1197452342978127e-87,True,TabPFN,holdout,race_priors_blind
0.5,0.5,Female vs Male,sex,False,0.4703023758099352,False,conditional_statistical_parity,Hurlin LR over proxy strata,0.0,0.5837801608579088,360,1492,,,,,1.0938560494801368e-204,,,,977.7267487816833,9.0,1.0938560494801368e-204,9.0,1008.0714227017658,0.0,0.0,,,,4.375424197920547e-204,True,TabPFN,holdout,race_priors_blind
0.5,0.5,Female vs Male,sex,False,0.4703023758099352,False,fpr,z (pooled),0.0,0.5141752577319587,233,776,-0.5141752577319587,-0.549340420509545,-0.47901009495437247,-14.077132984406756,5.249671192306203e-45,1.0,False,0.543713966805017,,,,,,,,,,,2.099868476922481e-44,True,TabPFN,holdout,race_priors_blind
0.5,0.5,Female vs Male,sex,False,0.4703023758099352,False,fnr,z (pooled),1.0,0.3407821229050279,127,716,0.6592178770949721,0.6245006947854427,0.6939350594045016,13.792505986974007,2.8276393037764066e-43,1.0,False,0.6883855842170665,,,,,,,,,,,1.1310557215105626e-42,True,TabPFN,holdout,race_priors_blind
0.5,0.5,Female vs Male,sex,False,0.4703023758099352,False,equalized_odds,Hurlin LR given Y,,,360,1492,,,,,5.453818698707774e-113,,,,516.9915989327014,2.0,5.453818698707774e-113,,,,,,,,2.1815274794831096e-112,True,TabPFN,holdout,race_priors_blind
break_even,0.2523364485981308,African-American vs Caucasian,race,True,0.9800124921923797,False,statistical_parity,z (pooled),0.9926778242677824,0.9612403100775194,956,645,0.03143751419026297,0.015591296649251938,0.04728373173127401,4.408249905696608,1.042092619696242e-05,0.010904372346049743,True,0.04474378822441183,19.44410259957365,1.0,1.0358719213036166e-05,,,,,,,,3.126277859088726e-05,True,TabPFN,holdout,race_priors_blind
break_even,0.2523364485981308,African-American vs Caucasian,race,True,0.9800124921923797,False,conditional_statistical_parity,Hurlin LR over proxy strata,0.9926778242677824,0.9612403100775194,956,645,,,,,0.840639126062189,,,,0.8368294729581078,3.0,0.840639126062189,3.0,0.6332903325351676,0.4261509607935827,1.5073576765669254,0.5556202874011641,4.089352416796722,0.9175875315012291,0.9095964018037471,False,TabPFN,holdout,race_priors_blind
break_even,0.2523364485981308,African-American vs Caucasian,race,True,0.9800124921923797,False,fpr,z (pooled),0.9887640449438202,0.9506172839506173,445,405,0.03814676099320291,0.014883639378836327,0.061409882607569494,3.2875901429579306,0.0010104883309106475,0.15912243610380455,False,0.05769113920218121,,,,,,,,,,,0.003031464992731943,True,TabPFN,holdout,race_priors_blind
break_even,0.2523364485981308,African-American vs Caucasian,race,True,0.9800124921923797,False,fnr,z (pooled),0.003913894324853229,0.020833333333333332,511,240,-0.016919439008480103,-0.035782645315695784,0.001943767298735577,-2.2500206857254335,0.02444763222520066,0.00031009863208830186,True,0.03276954480072424,,,,,,,,,,,0.07334289667560198,False,TabPFN,holdout,race_priors_blind
break_even,0.2523364485981308,African-American vs Caucasian,race,True,0.9800124921923797,False,equalized_odds,Hurlin LR given Y,,,956,645,,,,,0.0003283435667765521,,,,16.04290007619727,2.0,0.0003283435667765521,,,,,,,,0.0009850307003296563,True,TabPFN,holdout,race_priors_blind
break_even,0.2523364485981308,Hispanic vs Caucasian,race,False,0.9669211195928753,False,statistical_parity,z (pooled),0.9929078014184397,0.9612403100775194,141,645,0.031667491340920284,0.011326698195754402,0.052008284486086166,1.9046749804904748,0.056822333213578796,0.03885447740395759,True,0.04875821785737364,4.96366372477849,1.0,0.025885308411291896,,,,,,,,0.11364466642715759,False,TabPFN,holdout,race_priors_blind
break_even,0.2523364485981308,Hispanic vs Caucasian,race,False,0.9669211195928753,False,conditional_statistical_parity,Hurlin LR over proxy strata,0.9929078014184397,0.9612403100775194,141,645,,,,,0.3840885536072871,,,,3.049285591882585,3.0,0.3840885536072871,3.0,2.291302853214163,0.13010067406304038,4.844574780058651,0.5534611689657938,42.405693688387494,0.9340623883012097,0.9095964018037471,False,TabPFN,holdout,race_priors_blind
break_even,0.2523364485981308,Hispanic vs Caucasian,race,False,0.9669211195928753,False,fpr,z (pooled),1.0,0.9506172839506173,81,405,0.04938271604938271,0.02828133311850214,0.07048409898026328,2.0424675810750306,0.041105172026238194,0.47715087814397067,False,0.06712551528817282,,,,,,,,,,,0.08221034405247639,False,TabPFN,holdout,race_priors_blind
break_even,0.2523364485981308,Hispanic vs Caucasian,race,False,0.9669211195928753,False,fnr,z (pooled),0.016666666666666666,0.020833333333333332,60,240,-0.004166666666666666,-0.04125844806749364,0.03292511473416031,-0.2061965247105806,0.8366374024005889,0.008018641232392237,True,0.035392142411863635,,,,,,,,,,,0.8653672473485208,False,TabPFN,holdout,race_priors_blind
break_even,0.2523364485981308,Hispanic vs Caucasian,race,False,0.9669211195928753,False,equalized_odds,Hurlin LR given Y,,,141,645,,,,,0.02343509811947836,,,,7.507040921477111,2.0,0.02343509811947836,,,,,,,,0.04687019623895672,True,TabPFN,holdout,race_priors_blind
break_even,0.2523364485981308,Other vs Caucasian,race,False,0.9649595687331537,False,statistical_parity,z (pooled),0.9896907216494846,0.9612403100775194,97,645,0.02845041157196515,0.0034311882847584026,0.0534696348591719,1.4207348883214208,0.15539384590630181,0.045901064309670676,True,0.04947352409427759,2.6672160731929933,1.0,0.10243506134707563,,,,,,,,0.15539384590630181,False,TabPFN,holdout,race_priors_blind
break_even,0.2523364485981308,Other vs Caucasian,race,False,0.9649595687331537,False,conditional_statistical_parity,Hurlin LR over proxy strata,0.9896907216494846,0.9612403100775194,97,645,,,,,0.30319880060124904,,,,1.0600718395110786,1.0,0.30319880060124904,1.0,0.9347475832438239,0.3336322996023111,2.9032258064516134,0.3139939896550898,26.84357140881978,,0.9095964018037471,False,TabPFN,holdout,race_priors_blind
break_even,0.2523364485981308,Other vs Caucasian,race,False,0.9649595687331537,False,fpr,z (pooled),0.9852941176470589,0.9506172839506173,68,405,0.03467683369644159,-0.0008733637782739542,0.07022703117115714,1.2846153561564988,0.19892672982308757,0.1993253416760557,False,0.06457029647475698,,,,,,,,,,,0.19892672982308757,False,TabPFN,holdout,race_priors_blind
break_even,0.2523364485981308,Other vs Caucasian,race,False,0.9649595687331537,False,fnr,z (pooled),0.0,0.020833333333333332,29,240,-0.020833333333333332,-0.03890300085730192,-0.002763665809364751,-0.7846076836048173,0.4326836236742604,0.0008691689412488353,True,0.03605067554823601,,,,,,,,,,,0.8653672473485208,False,TabPFN,holdout,race_priors_blind
break_even,0.2523364485981308,Other vs Caucasian,race,False,0.9649595687331537,False,equalized_odds,Hurlin LR given Y,,,97,645,,,,,0.19479590192549123,,,,3.271605850676929,2.0,0.19479590192549123,,,,,,,,0.19479590192549123,False,TabPFN,holdout,race_priors_blind
break_even,0.2523364485981308,Female vs Male,sex,False,0.9816414686825053,False,statistical_parity,z (pooled),0.9055555555555556,1.0,360,1492,-0.09444444444444444,-0.12465387913721453,-0.06423500975167436,-11.981085611037894,4.464388556958012e-33,0.99801098649718,False,0.11980970290217698,114.06760098519305,1.0,1.2594089471479948e-26,,,,,,,,1.7857554227832047e-32,True,TabPFN,holdout,race_priors_blind
break_even,0.2523364485981308,Female vs Male,sex,False,0.9816414686825053,False,conditional_statistical_parity,Hurlin LR over proxy strata,0.9055555555555556,1.0,360,1492,,,,,4.811702868957733e-34,,,,158.05759668805575,3.0,4.811702868957733e-34,3.0,143.29488778936647,0.0,0.0,,,,1.9246811475830933e-33,True,TabPFN,holdout,race_priors_blind
break_even,0.2523364485981308,Female vs Male,sex,False,0.9816414686825053,False,fpr,z (pooled),0.8884120171673819,1.0,233,776,-0.11158798283261806,-0.15201633649440882,-0.0711596291708273,-9.427757395686276,4.189502395618276e-21,0.9985515229139206,False,0.1455477681085024,,,,,,,,,,,1.6758009582473105e-20,True,TabPFN,holdout,race_priors_blind
break_even,0.2523364485981308,Female vs Male,sex,False,0.9816414686825053,False,fnr,z (pooled),0.06299212598425197,0.0,127,716,0.06299212598425197,0.02073879187454509,0.10524546009395885,6.747924173033452,1.499752846118905e-11,0.7265489950280273,False,0.09849134545592089,,,,,,,,,,,5.99901138447562e-11,True,TabPFN,holdout,race_priors_blind
break_even,0.2523364485981308,Female vs Male,sex,False,0.9816414686825053,False,equalized_odds,Hurlin LR given Y,,,360,1492,,,,,1.8643831159955064e-24,,,,109.27822400476126,2.0,1.8643831159955064e-24,,,,,,,,7.457532463982026e-24,True,TabPFN,holdout,race_priors_blind
0.5,0.5,African-American vs Caucasian,race,True,0.18738288569643974,False,statistical_parity,z (pooled),0.20920502092050208,0.15503875968992248,956,645,0.054166261230579604,0.016153262688898343,0.09217925977226087,2.724169044884519,0.0064463502128206595,0.5850301114916274,False,0.0860862682698771,7.5533654946182835,1.0,0.0059898102334801475,,,,,,,,0.019339050638461978,True,TabPFN,holdout,race_proxy_blind
0.5,0.5,African-American vs Caucasian,race,True,0.18738288569643974,False,conditional_statistical_parity,Hurlin LR over proxy strata,0.20920502092050208,0.15503875968992248,956,645,,,,,0.2807702458159513,,,,7.455458854256538,6.0,0.2807702458159513,6.0,0.03778923368118107,0.8458669718761255,0.9425607872130112,0.5205344724442402,1.7067473618412066,0.30086058015440975,0.5615404916319026,False,TabPFN,holdout,race_proxy_blind
0.5,0.5,African-American vs Caucasian,race,True,0.18738288569643974,False,fpr,z (pooled),0.1707865168539326,0.11358024691358025,445,405,0.05720626994035234,0.010542831925500616,0.10386970795520406,2.3758280530858387,0.017509620090773607,0.6188955261516231,False,0.09641028977104651,,,,,,,,,,,0.05252886027232082,False,TabPFN,holdout,race_proxy_blind
0.5,0.5,African-American vs Caucasian,race,True,0.18738288569643974,False,fnr,z (pooled),0.7573385518590998,0.775,511,240,-0.017661448140900204,-0.08225717874428215,0.04693428246248174,-0.5307317115009956,0.595604707676286,0.16340140867016562,False,0.07193902678346939,,,,,,,,,,,0.9898158088200342,False,TabPFN,holdout,race_proxy_blind
0.5,0.5,African-American vs Caucasian,race,True,0.18738288569643974,False,equalized_odds,Hurlin LR given Y,,,956,645,,,,,0.05001007442861597,,,,5.991061610555535,2.0,0.05001007442861597,,,,,,,,0.15003022328584792,False,TabPFN,holdout,race_proxy_blind
0.5,0.5,Hispanic vs Caucasian,race,False,0.16030534351145037,False,statistical_parity,z (pooled),0.18439716312056736,0.15503875968992248,141,645,0.029358403430644886,-0.040481623720998755,0.09919843058228853,0.8607477188429054,0.38937700512041407,0.28128403035177224,False,0.08803934057168693,0.7192200479472302,1.0,0.39639986677260985,,,,,,,,0.38937700512041407,False,TabPFN,holdout,race_proxy_blind
0.5,0.5,Hispanic vs Caucasian,race,False,0.16030534351145037,False,conditional_statistical_parity,Hurlin LR over proxy strata,0.18439716312056736,0.15503875968992248,141,645,,,,,0.024471101104865226,,,,12.885970944719036,5.0,0.024471101104865226,5.0,0.004696379428264296,0.9453636320497258,0.9672421425409473,0.358882350435672,2.606863673210635,0.03344449318135201,0.07341330331459568,False,TabPFN,holdout,race_proxy_blind
0.5,0.5,Hispanic vs Caucasian,race,False,0.16030534351145037,False,fpr,z (pooled),0.12345679012345678,0.11358024691358025,81,405,0.009876543209876534,-0.06814337500536119,0.08789646142511426,0.2541352348809061,0.7993910832262756,0.15698996428529075,False,0.07547848740728551,,,,,,,,,,,0.8582259446721334,False,TabPFN,holdout,race_proxy_blind
0.5,0.5,Hispanic vs Caucasian,race,False,0.16030534351145037,False,fnr,z (pooled),0.7333333333333333,0.775,60,240,-0.04166666666666674,-0.16540578802616673,0.08207245469283324,-0.6825236327899363,0.4949079044100171,0.44753837999014523,False,0.14583564391230816,,,,,,,,,,,0.9898158088200342,False,TabPFN,holdout,race_proxy_blind
0.5,0.5,Hispanic vs Caucasian,race,False,0.16030534351145037,False,equalized_odds,Hurlin LR given Y,,,141,645,,,,,0.7715302976296643,,,,0.5187586737621988,2.0,0.7715302976296643,,,,,,,,0.7715302976296643,False,TabPFN,holdout,race_proxy_blind
0.5,0.5,Other vs Caucasian,race,False,0.16307277628032346,False,statistical_parity,z (pooled),0.21649484536082475,0.15503875968992248,97,645,0.06145608567090227,-0.025133806385690696,0.14804597772749523,1.527545260564475,0.126625481563535,0.6022654201207318,False,0.13421570027218666,2.184886056858252,1.0,0.13937137795649981,,,,,,,,0.25325096312707,False,TabPFN,holdout,race_proxy_blind
0.5,0.5,Other vs Caucasian,race,False,0.16307277628032346,False,conditional_statistical_parity,Hurlin LR over proxy strata,0.21649484536082475,0.15503875968992248,97,645,,,,,0.7075267317682341,,,,2.1536312995814924,4.0,0.7075267317682341,4.0,0.41172256295034654,0.5210964928129056,0.6983628389489683,0.23774339761340488,2.051416189558837,0.6932393221566614,0.7075267317682341,False,TabPFN,holdout,race_proxy_blind
0.5,0.5,Other vs Caucasian,race,False,0.16307277628032346,False,fpr,z (pooled),0.14705882352941177,0.11358024691358025,68,405,0.03347857661583152,-0.05619246401083455,0.1231496172424976,0.7907104573134791,0.4291129723360667,0.3590883779407461,False,0.10888119335720305,,,,,,,,,,,0.8582259446721334,False,TabPFN,holdout,race_proxy_blind
0.5,0.5,Other vs Caucasian,race,False,0.16307277628032346,False,fnr,z (pooled),0.6206896551724138,0.775,29,240,-0.1543103448275862,-0.338640519093819,0.030019829438646534,-1.8335976324522336,0.06671374393516054,0.86581207072898,False,0.30954371249310564,,,,,,,,,,,0.2001412318054816,False,TabPFN,holdout,race_proxy_blind
0.5,0.5,Other vs Caucasian,race,False,0.16307277628032346,False,equalized_odds,Hurlin LR given Y,,,97,645,,,,,0.15964234261835436,,,,3.669638649054394,2.0,0.15964234261835436,,,,,,,,0.3192846852367087,False,TabPFN,holdout,race_proxy_blind
0.5,0.5,Female vs Male,sex,False,0.18844492440604751,False,statistical_parity,z (pooled),0.0,0.2339142091152815,360,1492,-0.2339142091152815,-0.25539403145565504,-0.21243438677490795,-10.186395944733082,2.280628558487664e-24,1.0,False,0.2519496755459111,169.40352796208222,1.0,9.987188327362436e-39,,,,,,,,9.122514233950656e-24,True,TabPFN,holdout,race_proxy_blind
0.5,0.5,Female vs Male,sex,False,0.18844492440604751,False,conditional_statistical_parity,Hurlin LR over proxy strata,0.0,0.2339142091152815,360,1492,,,,,4.699970688723168e-79,,,,380.3397421529476,6.0,4.699970688723168e-79,6.0,393.5802063212621,0.0,0.0,,,,1.879988275489267e-78,True,TabPFN,holdout,race_proxy_blind
0.5,0.5,Female vs Male,sex,False,0.18844492440604751,False,fpr,z (pooled),0.0,0.18427835051546393,233,776,-0.18427835051546393,-0.21155715812653197,-0.15699954290439588,-7.07296901794375,1.5165335648148801e-12,1.0,False,0.20719252745187386,,,,,,,,,,,6.0661342592595205e-12,True,TabPFN,holdout,race_proxy_blind
0.5,0.5,Female vs Male,sex,False,0.18844492440604751,False,fnr,z (pooled),1.0,0.7122905027932961,127,716,0.2877094972067039,0.2545508155104489,0.32086817890295893,6.95381336947345,3.5554190512277873e-12,1.0,False,0.3155678270575582,,,,,,,,,,,1.422167620491115e-11,True,TabPFN,holdout,race_proxy_blind
0.5,0.5,Female vs Male,sex,False,0.18844492440604751,False,equalized_odds,Hurlin LR given Y,,,360,1492,,,,,1.6965324104116137e-35,,,,160.12378369090317,2.0,1.6965324104116137e-35,,,,,,,,6.786129641646455e-35,True,TabPFN,holdout,race_proxy_blind
break_even,0.2523364485981308,African-American vs Caucasian,race,True,1.0,True,statistical_parity,z (pooled),1.0,1.0,956,645,0.0,,,,1.0,,False,,0.0,1.0,1.0,,,,,,,,1.0,False,TabPFN,holdout,race_proxy_blind
break_even,0.2523364485981308,African-American vs Caucasian,race,True,1.0,True,conditional_statistical_parity,Hurlin LR over proxy strata,1.0,1.0,956,645,,,,,1.0,,,,0.0,1.0,1.0,0.0,,,,,,,1.0,False,TabPFN,holdout,race_proxy_blind
break_even,0.2523364485981308,African-American vs Caucasian,race,True,1.0,True,fpr,z (pooled),1.0,1.0,445,405,0.0,,,,1.0,,False,,,,,,,,,,,,1.0,False,TabPFN,holdout,race_proxy_blind
break_even,0.2523364485981308,African-American vs Caucasian,race,True,1.0,True,fnr,z (pooled),0.0,0.0,511,240,0.0,,,,1.0,,False,,,,,,,,,,,,1.0,False,TabPFN,holdout,race_proxy_blind
break_even,0.2523364485981308,African-American vs Caucasian,race,True,1.0,True,equalized_odds,Hurlin LR given Y,,,956,645,,,,,1.0,,,,0.0,1.0,1.0,,,,,,,,1.0,False,TabPFN,holdout,race_proxy_blind
break_even,0.2523364485981308,Hispanic vs Caucasian,race,False,1.0,True,statistical_parity,z (pooled),1.0,1.0,141,645,0.0,,,,1.0,,False,,0.0,1.0,1.0,,,,,,,,1.0,False,TabPFN,holdout,race_proxy_blind
break_even,0.2523364485981308,Hispanic vs Caucasian,race,False,1.0,True,conditional_statistical_parity,Hurlin LR over proxy strata,1.0,1.0,141,645,,,,,1.0,,,,0.0,1.0,1.0,0.0,,,,,,,1.0,False,TabPFN,holdout,race_proxy_blind
break_even,0.2523364485981308,Hispanic vs Caucasian,race,False,1.0,True,fpr,z (pooled),1.0,1.0,81,405,0.0,,,,1.0,,False,,,,,,,,,,,,1.0,False,TabPFN,holdout,race_proxy_blind
break_even,0.2523364485981308,Hispanic vs Caucasian,race,False,1.0,True,fnr,z (pooled),0.0,0.0,60,240,0.0,,,,1.0,,False,,,,,,,,,,,,1.0,False,TabPFN,holdout,race_proxy_blind
break_even,0.2523364485981308,Hispanic vs Caucasian,race,False,1.0,True,equalized_odds,Hurlin LR given Y,,,141,645,,,,,1.0,,,,0.0,1.0,1.0,,,,,,,,1.0,False,TabPFN,holdout,race_proxy_blind
break_even,0.2523364485981308,Other vs Caucasian,race,False,1.0,True,statistical_parity,z (pooled),1.0,1.0,97,645,0.0,,,,1.0,,False,,0.0,1.0,1.0,,,,,,,,1.0,False,TabPFN,holdout,race_proxy_blind
break_even,0.2523364485981308,Other vs Caucasian,race,False,1.0,True,conditional_statistical_parity,Hurlin LR over proxy strata,1.0,1.0,97,645,,,,,1.0,,,,0.0,1.0,1.0,0.0,,,,,,,1.0,False,TabPFN,holdout,race_proxy_blind
break_even,0.2523364485981308,Other vs Caucasian,race,False,1.0,True,fpr,z (pooled),1.0,1.0,68,405,0.0,,,,1.0,,False,,,,,,,,,,,,1.0,False,TabPFN,holdout,race_proxy_blind
break_even,0.2523364485981308,Other vs Caucasian,race,False,1.0,True,fnr,z (pooled),0.0,0.0,29,240,0.0,,,,1.0,,False,,,,,,,,,,,,1.0,False,TabPFN,holdout,race_proxy_blind
break_even,0.2523364485981308,Other vs Caucasian,race,False,1.0,True,equalized_odds,Hurlin LR given Y,,,97,645,,,,,1.0,,,,0.0,1.0,1.0,,,,,,,,1.0,False,TabPFN,holdout,race_proxy_blind
break_even,0.2523364485981308,Female vs Male,sex,False,1.0,True,statistical_parity,z (pooled),1.0,1.0,360,1492,0.0,,,,1.0,,False,,0.0,1.0,1.0,,,,,,,,1.0,False,TabPFN,holdout,race_proxy_blind
break_even,0.2523364485981308,Female vs Male,sex,False,1.0,True,conditional_statistical_parity,Hurlin LR over proxy strata,1.0,1.0,360,1492,,,,,1.0,,,,0.0,1.0,1.0,0.0,,,,,,,1.0,False,TabPFN,holdout,race_proxy_blind
break_even,0.2523364485981308,Female vs Male,sex,False,1.0,True,fpr,z (pooled),1.0,1.0,233,776,0.0,,,,1.0,,False,,,,,,,,,,,,1.0,False,TabPFN,holdout,race_proxy_blind
break_even,0.2523364485981308,Female vs Male,sex,False,1.0,True,fnr,z (pooled),0.0,0.0,127,716,0.0,,,,1.0,,False,,,,,,,,,,,,1.0,False,TabPFN,holdout,race_proxy_blind
break_even,0.2523364485981308,Female vs Male,sex,False,1.0,True,equalized_odds,Hurlin LR given Y,,,360,1492,,,,,1.0,,,,0.0,1.0,1.0,,,,,,,,1.0,False,TabPFN,holdout,race_proxy_blind
0.5,0.5,African-American vs Caucasian,race,True,0.40974391005621486,False,statistical_parity,z (pooled),0.5209205020920502,0.24496124031007752,956,645,0.2759592617819727,0.23008602267304157,0.32183250089090387,11.012390927698977,3.330461115632328e-28,1.0,False,0.31447961459410045,125.19527822094753,1.0,4.6124810037480843e-29,,,,,,,,1.3321844462529312e-27,True,TabPFN,holdout,sex_blind
0.5,0.5,African-American vs Caucasian,race,True,0.40974391005621486,False,conditional_statistical_parity,Hurlin LR over proxy strata,0.5209205020920502,0.24496124031007752,956,645,,,,,3.827596272824003e-05,,,,25.589988510053583,4.0,3.827596272824003e-05,4.0,8.369540924968623,0.0038156199606579344,2.034412277319349,1.2298910334107376,3.3652032592105936,0.001979730234294208,0.00015310385091296013,True,TabPFN,holdout,sex_blind
0.5,0.5,African-American vs Caucasian,race,True,0.40974391005621486,False,fpr,z (pooled),0.3235955056179775,0.1654320987654321,445,405,0.1581634068525454,0.10160331540446849,0.21472349830062232,5.331278060504834,9.752395780462525e-08,0.9999048953815544,False,0.20568204330729076,,,,,,,,,,,3.90095831218501e-07,True,TabPFN,holdout,sex_blind
0.5,0.5,African-American vs Caucasian,race,True,0.40974391005621486,False,fnr,z (pooled),0.30724070450097846,0.6208333333333333,511,240,-0.3135926288323549,-0.38685844770467065,-0.24032680996003913,-8.155698576957162,3.471673016917554e-16,0.9999999999979856,False,0.3751553855116043,,,,,,,,,,,1.3886692067670217e-15,True,TabPFN,holdout,sex_blind
0.5,0.5,African-American vs Caucasian,race,True,0.40974391005621486,False,equalized_odds,Hurlin LR given Y,,,956,645,,,,,2.0735005333786515e-21,,,,95.25009738986958,2.0,2.0735005333786515e-21,,,,,,,,8.294002133514606e-21,True,TabPFN,holdout,sex_blind
0.5,0.5,Hispanic vs Caucasian,race,False,0.2455470737913486,False,statistical_parity,z (pooled),0.24822695035460993,0.24496124031007752,141,645,0.0032657100445324105,-0.07538307610134172,0.08191449619040654,0.08161543646636645,0.9349525257226552,0.12225949361744665,False,0.06934793630175234,0.006648391915627272,1.0,0.9350143668723321,,,,,,,,0.9349525257226552,False,TabPFN,holdout,sex_blind
0.5,0.5,Hispanic vs Caucasian,race,False,0.2455470737913486,False,conditional_statistical_parity,Hurlin LR over proxy strata,0.24822695035460993,0.24496124031007752,141,645,,,,,0.259214581619336,,,,6.515760812302727,5.0,0.259214581619336,5.0,0.000512459830907354,0.9819393704729769,0.9897128232719103,0.3885205241430799,2.5211833395656726,0.12433648532421371,0.518429163238672,False,TabPFN,holdout,sex_blind
0.5,0.5,Hispanic vs Caucasian,race,False,0.2455470737913486,False,fpr,z (pooled),0.12345679012345678,0.1654320987654321,81,405,-0.04197530864197532,-0.12223553023343606,0.03828491294948541,-0.9444414455369293,0.3449441106699074,0.4223603344848059,False,0.1094609802314946,,,,,,,,,,,0.3449441106699074,False,TabPFN,holdout,sex_blind
0.5,0.5,Hispanic vs Caucasian,race,False,0.2455470737913486,False,fnr,z (pooled),0.5833333333333334,0.6208333333333333,60,240,-0.03749999999999998,-0.17652979851369482,0.10152979851369487,-0.5335009965720102,0.5936868213633353,0.4301211951405311,False,0.15454133469448866,,,,,,,,,,,1.0,False,TabPFN,holdout,sex_blind
0.5,0.5,Hispanic vs Caucasian,race,False,0.2455470737913486,False,equalized_odds,Hurlin LR given Y,,,141,645,,,,,0.5424553381651014,,,,1.2232990458388744,2.0,0.5424553381651014,,,,,,,,0.5424553381651014,False,TabPFN,holdout,sex_blind
0.5,0.5,Other vs Caucasian,race,False,0.2358490566037736,False,statistical_parity,z (pooled),0.17525773195876287,0.24496124031007752,97,645,-0.06970350835131464,-0.15232199419963888,0.012914977497009608,-1.507688981992568,0.13163414674916044,0.6798342315642323,False,0.13912603616018304,2.4076986283853223,1.0,0.12073975115290056,,,,,,,,0.26326829349832087,False,TabPFN,holdout,sex_blind
0.5,0.5,Other vs Caucasian,race,False,0.2358490566037736,False,conditional_statistical_parity,Hurlin LR over proxy strata,0.17525773195876287,0.24496124031007752,97,645,,,,,0.9726038102126805,,,,0.2300178816974987,3.0,0.9726038102126805,3.0,0.21821746501707642,0.6404014899313948,0.7367440979674283,0.20704444810055217,2.6216199993260867,0.9997824288461665,0.9726038102126805,False,TabPFN,holdout,sex_blind
0.5,0.5,Other vs Caucasian,race,False,0.2358490566037736,False,fpr,z (pooled),0.08823529411764706,0.1654320987654321,68,405,-0.07719680464778504,-0.15371037575116026,-0.000683233544409842,-1.6304986248876103,0.10299615559758868,0.7568236899200883,False,0.14153556370647957,,,,,,,,,,,0.20599231119517736,False,TabPFN,holdout,sex_blind
0.5,0.5,Other vs Caucasian,race,False,0.2358490566037736,False,fnr,z (pooled),0.6206896551724138,0.6208333333333333,29,240,-0.0001436781609195359,-0.18710456435169764,0.18681720802985857,-0.0015063059748135342,0.9987981421733453,0.3008228536817149,False,0.15759249575497422,,,,,,,,,,,1.0,False,TabPFN,holdout,sex_blind
0.5,0.5,Other vs Caucasian,race,False,0.2358490566037736,False,equalized_odds,Hurlin LR given Y,,,97,645,,,,,0.223401969895715,,,,2.997565149179033,2.0,0.223401969895715,,,,,,,,0.44680393979143,False,TabPFN,holdout,sex_blind
0.5,0.5,Female vs Male,sex,False,0.38228941684665224,False,statistical_parity,z (pooled),0.2611111111111111,0.41152815013404825,360,1492,-0.15041703902293713,-0.20220745682726288,-0.09862662121861138,-5.271370567027935,1.3540876333725104e-07,0.9999253706351169,False,0.19390270324011868,28.97708893861524,1.0,7.323941572346992e-08,,,,,,,,4.062262900117531e-07,True,TabPFN,holdout,sex_blind
0.5,0.5,Female vs Male,sex,False,0.38228941684665224,False,conditional_statistical_parity,Hurlin LR over proxy strata,0.2611111111111111,0.41152815013404825,360,1492,,,,,0.07584534479125014,,,,9.978548739789609,5.0,0.07584534479125014,5.0,0.7421039157065705,0.388987751337005,0.7841305658702322,0.4354360273445633,1.4120575830199444,0.034762551669904274,0.22753603437375042,False,TabPFN,holdout,sex_blind
0.5,0.5,Female vs Male,sex,False,0.38228941684665224,False,fpr,z (pooled),0.1459227467811159,0.24871134020618557,233,776,-0.10278859342506969,-0.15737564685842054,-0.04820153999171884,-3.2952094337776785,0.000983483528274276,0.9708365289778099,False,0.14864167537215453,,,,,,,,,,,0.0029504505848228276,True,TabPFN,holdout,sex_blind
0.5,0.5,Female vs Male,sex,False,0.38228941684665224,False,fnr,z (pooled),0.5275590551181102,0.41201117318435754,127,716,0.11554788193375265,0.021533479711741244,0.20956228415576406,2.424417021576565,0.015332986921251972,0.9139276945236945,False,0.19453426178514124,,,,,,,,,,,0.04599896076375592,True,TabPFN,holdout,sex_blind
0.5,0.5,Female vs Male,sex,False,0.38228941684665224,False,equalized_odds,Hurlin LR given Y,,,360,1492,,,,,0.00015948032781197254,,,,17.487179959896025,2.0,0.00015948032781197254,,,,,,,,0.0004784409834359176,True,TabPFN,holdout,sex_blind
break_even,0.2523364485981308,African-American vs Caucasian,race,True,0.8126171143035603,False,statistical_parity,z (pooled),0.8943514644351465,0.6914728682170542,956,645,0.20287859621809223,0.16225518056026167,0.2435020118759228,10.203318064251755,1.916121585419264e-24,0.9999999999998695,False,0.2369906043075469,102.59498643743486,1.0,4.111725977774815e-24,,,,,,,,7.664486341677057e-24,True,TabPFN,holdout,sex_blind
break_even,0.2523364485981308,African-American vs Caucasian,race,True,0.8126171143035603,False,conditional_statistical_parity,Hurlin LR over proxy strata,0.8943514644351465,0.6914728682170542,956,645,,,,,0.0002592489917859419,,,,16.515443199653486,2.0,0.0002592489917859419,2.0,1.7302433723182933,0.18837981964641948,1.5595472440944882,0.7636686049088222,3.1848731124060063,0.00013781384014743825,0.0005184979835718838,True,TabPFN,holdout,sex_blind
break_even,0.2523364485981308,African-American vs Caucasian,race,True,0.8126171143035603,False,fpr,z (pooled),0.8337078651685393,0.6098765432098765,445,405,0.22383132195866284,0.16506432963359813,0.28259831428372756,7.316436533308093,2.5464237171596627e-13,0.999999995254763,False,0.27320407352850684,,,,,,,,,,,1.018569486863865e-12,True,TabPFN,holdout,sex_blind
break_even,0.2523364485981308,African-American vs Caucasian,race,True,0.8126171143035603,False,fnr,z (pooled),0.05283757338551859,0.17083333333333334,511,240,-0.11799575994781475,-0.16941045165896398,-0.06658106823666551,-5.254575455951265,1.483663097652888e-07,0.9951366775980872,False,0.16119776334135244,,,,,,,,,,,5.934652390611552e-07,True,TabPFN,holdout,sex_blind
break_even,0.2523364485981308,African-American vs Caucasian,race,True,0.8126171143035603,False,equalized_odds,Hurlin LR given Y,,,956,645,,,,,4.708825302923739e-18,,,,79.79418640374098,2.0,4.708825302923739e-18,,,,,,,,1.8835301211694957e-17,True,TabPFN,holdout,sex_blind
break_even,0.2523364485981308,Hispanic vs Caucasian,race,False,0.683206106870229,False,statistical_parity,z (pooled),0.6453900709219859,0.6914728682170542,141,645,-0.04608279729506837,-0.13271873980327825,0.0405531452131415,-1.065498159360336,0.28665055809063744,0.4647037354617239,False,0.11887598629885515,1.1179401747039446,1.0,0.29036242028488146,,,,,,,,0.28665055809063744,False,TabPFN,holdout,sex_blind
break_even,0.2523364485981308,Hispanic vs Caucasian,race,False,0.683206106870229,False,conditional_statistical_parity,Hurlin LR over proxy strata,0.6453900709219859,0.6914728682170542,141,645,,,,,3.1043286663681166e-11,,,,51.92699320741643,3.0,3.1043286663681166e-11,3.0,34.49965759272014,4.263263075898749e-09,0.07266107329428527,0.020077808518495388,0.26295855782337885,0.0005758539983772293,9.31298599910435e-11,True,TabPFN,holdout,sex_blind
break_even,0.2523364485981308,Hispanic vs Caucasian,race,False,0.683206106870229,False,fpr,z (pooled),0.5679012345679012,0.6098765432098765,81,405,-0.041975308641975295,-0.15985005002426908,0.07589943274031849,-0.7048059944824198,0.48093097757039016,0.44695412410861535,False,0.14108861692707664,,,,,,,,,,,0.48093097757039016,False,TabPFN,holdout,sex_blind
break_even,0.2523364485981308,Hispanic vs Caucasian,race,False,0.683206106870229,False,fnr,z (pooled),0.25,0.17083333333333334,60,240,0.07916666666666666,-0.040298008896729146,0.19863134223006246,1.4076520138292243,0.15923413751827553,0.6836826408523193,False,0.17973722942560366,,,,,,,,,,,0.31846827503655106,False,TabPFN,holdout,sex_blind
break_even,0.2523364485981308,Hispanic vs Caucasian,race,False,0.683206106870229,False,equalized_odds,Hurlin LR given Y,,,141,645,,,,,0.30628088158624506,,,,2.3665053687487108,2.0,0.30628088158624506,,,,,,,,0.30628088158624506,False,TabPFN,holdout,sex_blind
break_even,0.2523364485981308,Other vs Caucasian,race,False,0.6778975741239892,False,statistical_parity,z (pooled),0.5876288659793815,0.6914728682170542,97,645,-0.10384400223767276,-0.2080896449803129,0.000401640504967396,-2.040638856536366,0.04128673695893066,0.844147421238193,False,0.1914393625005126,4.0221757250889,1.0,0.04490574742227907,,,,,,,,0.08257347391786132,False,TabPFN,holdout,sex_blind
break_even,0.2523364485981308,Other vs Caucasian,race,False,0.6778975741239892,False,conditional_statistical_parity,Hurlin LR over proxy strata,0.5876288659793815,0.6914728682170542,97,645,,,,,1.3552556613951083e-15,,,,68.46957255676092,2.0,1.3552556613951083e-15,2.0,57.37549033291379,3.597122599785507e-14,0.03454025189824933,0.007377608975859615,0.16170943798976656,1.5108889248161006e-05,5.421022645580433e-15,True,TabPFN,holdout,sex_blind
break_even,0.2523364485981308,Other vs Caucasian,race,False,0.6778975741239892,False,fpr,z (pooled),0.47058823529411764,0.6098765432098765,68,405,-0.13928830791575886,-0.2670807203028638,-0.011495895528653932,-2.160848078700823,0.03070707675161071,0.9142401654778982,False,0.2467464373892188,,,,,,,,,,,0.06141415350322142,False,TabPFN,holdout,sex_blind
break_even,0.2523364485981308,Other vs Caucasian,race,False,0.6778975741239892,False,fnr,z (pooled),0.13793103448275862,0.17083333333333334,29,240,-0.03290229885057472,-0.16713357071988014,0.1013289730187307,-0.44841149428153043,0.6538562478556413,0.4015248746688941,False,0.14594495429884946,,,,,,,,,,,0.6538562478556413,False,TabPFN,holdout,sex_blind
break_even,0.2523364485981308,Other vs Caucasian,race,False,0.6778975741239892,False,equalized_odds,Hurlin LR given Y,,,97,645,,,,,0.09044363981522459,,,,4.80605677349451,2.0,0.09044363981522459,,,,,,,,0.18088727963044918,False,TabPFN,holdout,sex_blind
break_even,0.2523364485981308,Female vs Male,sex,False,0.7856371490280778,False,statistical_parity,z (pooled),0.6861111111111111,0.8096514745308311,360,1492,-0.12354036341971997,-0.1754525719295288,-0.07162815490991115,-5.126704404980803,2.948579041314647e-07,0.9972252995705895,False,0.16712828882628644,24.53130500468548,1.0,7.311226800985916e-07,,,,,,,,8.845737123943941e-07,True,TabPFN,holdout,sex_blind
break_even,0.2523364485981308,Female vs Male,sex,False,0.7856371490280778,False,conditional_statistical_parity,Hurlin LR over proxy strata,0.6861111111111111,0.8096514745308311,360,1492,,,,,0.48921690522831873,,,,2.423814781277461,3.0,0.48921690522831873,3.0,1.7746496240770537,0.18280769666024055,0.6441869469284558,0.3338612886812571,1.2429617828175052,0.6961187835165223,0.48921690522831873,False,TabPFN,holdout,sex_blind
break_even,0.2523364485981308,Female vs Male,sex,False,0.7856371490280778,False,fpr,z (pooled),0.6137339055793991,0.7164948453608248,233,776,-0.10276093978142564,-0.1728611024647746,-0.03266077709807669,-2.9816937627485336,0.002866585834344608,0.9297600674203723,False,0.16164502129625138,,,,,,,,,,,0.008599757503033824,True,TabPFN,holdout,sex_blind
break_even,0.2523364485981308,Female vs Male,sex,False,0.7856371490280778,False,fnr,z (pooled),0.18110236220472442,0.0893854748603352,127,716,0.09171688734438922,0.021555883582673394,0.16187789110610507,3.1311288679829166,0.0017413572977981223,0.8779003584568634,False,0.15066278885414863,,,,,,,,,,,0.0052240718933943674,True,TabPFN,holdout,sex_blind
break_even,0.2523364485981308,Female vs Male,sex,False,0.7856371490280778,False,equalized_odds,Hurlin LR given Y,,,360,1492,,,,,0.0001884957765963612,,,,17.15286991330311,2.0,0.0001884957765963612,,,,,,,,0.0005654873297890836,True,TabPFN,holdout,sex_blind
0.5,0.5,African-American vs Caucasian,race,True,0.18076109936575052,False,statistical_parity,z (pooled),0.26607142857142857,0.05699481865284974,560,386,0.20907660991857882,0.16578184898056825,0.2523713708565894,8.212772206480889,2.1613935066630566e-16,0.9999999999993918,False,0.2454464100458195,76.45416689597316,1.0,2.253836406759111e-18,,,,,,,,8.645574026652226e-16,True,TabPFN,temporal_1,age_blind
0.5,0.5,African-American vs Caucasian,race,True,0.18076109936575052,False,conditional_statistical_parity,Hurlin LR over proxy strata,0.26607142857142857,0.05699481865284974,560,386,,,,,1.0108991309807005e-07,,,,43.31398278277041,6.0,1.0108991309807005e-07,6.0,37.05498008415628,1.1484488915414204e-09,6.56355828075422,3.450596227931697,12.484885063089465,0.529596802351975,4.043596523922802e-07,True,TabPFN,temporal_1,age_blind
0.5,0.5,African-American vs Caucasian,race,True,0.18076109936575052,False,fpr,z (pooled),0.1783625730994152,0.056140350877192984,342,285,0.1222222222222222,0.07363915181212274,0.17080529263232166,4.642936263062109,3.4349233835428187e-06,0.9981498741912042,False,0.1630549436640415,,,,,,,,,,,1.3739693534171275e-05,True,TabPFN,temporal_1,age_blind
0.5,0.5,African-American vs Caucasian,race,True,0.18076109936575052,False,fnr,z (pooled),0.5963302752293578,0.9405940594059405,218,101,-0.34426378417658277,-0.42405764093658194,-0.2644699274165836,-6.2736520423660505,3.526761998376204e-10,0.9999999999981566,False,0.4114251720618681,,,,,,,,,,,1.4107047993504816e-09,True,TabPFN,temporal_1,age_blind
0.5,0.5,African-American vs Caucasian,race,True,0.18076109936575052,False,equalized_odds,Hurlin LR given Y,,,560,386,,,,,5.31400284939247e-16,,,,70.34203220872485,2.0,5.31400284939247e-16,,,,,,,,2.125601139756988e-15,True,TabPFN,temporal_1,age_blind
0.5,0.5,Hispanic vs Caucasian,race,False,0.060240963855421686,False,statistical_parity,z (pooled),0.07142857142857142,0.05699481865284974,112,386,0.014433752775721682,-0.03857378276141825,0.06744128831286161,0.565214173067142,0.5719280976381059,0.09454719016499748,False,0.05900232110619927,0.30756771655298953,1.0,0.5791765809825675,,,,,,,,1.0,False,TabPFN,temporal_1,age_blind
0.5,0.5,Hispanic vs Caucasian,race,False,0.060240963855421686,False,conditional_statistical_parity,Hurlin LR over proxy strata,0.07142857142857142,0.05699481865284974,112,386,,,,,0.35359829323751485,,,,3.257524763886839,3.0,0.35359829323751485,3.0,2.9098192967972913,0.0880417388133381,3.0031361368496077,0.8222388627797081,10.968621242204996,0.8685553573641555,0.7071965864750297,False,TabPFN,temporal_1,age_blind
0.5,0.5,Hispanic vs Caucasian,race,False,0.060240963855421686,False,fpr,z (pooled),0.04597701149425287,0.056140350877192984,87,285,-0.01016333938294011,-0.06165106782344501,0.04132438905756479,-0.3678778374451043,0.712964326345875,0.06513009354540746,False,0.05348166274388003,,,,,,,,,,,0.712964326345875,False,TabPFN,temporal_1,age_blind
0.5,0.5,Hispanic vs Caucasian,race,False,0.060240963855421686,False,fnr,z (pooled),0.84,0.9405940594059405,25,101,-0.10059405940594057,-0.2515142946579499,0.050326175846068744,-1.665939798252988,0.0957254057442798,0.7438176166383421,False,0.2282036958767434,,,,,,,,,,,0.1914508114885596,False,TabPFN,temporal_1,age_blind
0.5,0.5,Hispanic vs Caucasian,race,False,0.060240963855421686,False,equalized_odds,Hurlin LR given Y,,,112,386,,,,,0.2867484644955684,,,,2.498299755682317,2.0,0.2867484644955684,,,,,,,,0.5734969289911368,False,TabPFN,temporal_1,age_blind
0.5,0.5,Other vs Caucasian,race,False,0.054466230936819175,False,statistical_parity,z (pooled),0.0410958904109589,0.05699481865284974,73,386,-0.01589892824189084,-0.06697325697848,0.03517540049469831,-0.5489267628650829,0.5830557108975265,0.09566045818086732,False,0.058848921118705294,0.3230095647365461,1.0,0.5698045954718054,,,,,,,,1.0,False,TabPFN,temporal_1,age_blind
0.5,0.5,Other vs Caucasian,race,False,0.054466230936819175,False,conditional_statistical_parity,Hurlin LR over proxy strata,0.0410958904109589,0.05699481865284974,73,386,,,,,0.4863917569760565,,,,2.439132149592282,3.0,0.4863917569760565,3.0,0.05169638620747263,0.82013729530658,1.2507062146892656,0.21321547686687786,7.336550134392959,0.4645112655335736,0.7071965864750297,False,TabPFN,temporal_1,age_blind
0.5,0.5,Other vs Caucasian,race,False,0.054466230936819175,False,fpr,z (pooled),0.017857142857142856,0.056140350877192984,56,285,-0.03828320802005013,-0.08207023622934151,0.005503820189241254,-1.2033860991051504,0.22882694464689424,0.3001511299584152,False,0.07513113636157406,,,,,,,,,,,0.4576538892937885,False,TabPFN,temporal_1,age_blind
0.5,0.5,Other vs Caucasian,race,False,0.054466230936819175,False,fnr,z (pooled),0.8823529411764706,0.9405940594059405,17,101,-0.05824111822946998,-0.2181852891938378,0.10170305273489785,-0.883719666515391,0.3768475612347394,0.5401324708279258,False,0.1935511296829966,,,,,,,,,,,0.3768475612347394,False,TabPFN,temporal_1,age_blind
0.5,0.5,Other vs Caucasian,race,False,0.054466230936819175,False,equalized_odds,Hurlin LR given Y,,,73,386,,,,,0.2876771172919356,,,,2.491833096572039,2.0,0.2876771172919356,,,,,,,,0.5734969289911368,False,TabPFN,temporal_1,age_blind
0.5,0.5,Female vs Male,sex,False,0.15992970123022848,False,statistical_parity,z (pooled),0.030434782608695653,0.19273127753303965,230,908,-0.162296494924344,-0.19622414521723847,-0.12836884463144954,-5.99822114879711,1.9949072290347526e-09,0.9999999999348976,False,0.19079271483448518,47.61905552816196,1.0,5.176288173557651e-12,,,,,,,,5.984721687104258e-09,True,TabPFN,temporal_1,age_blind
0.5,0.5,Female vs Male,sex,False,0.15992970123022848,False,conditional_statistical_parity,Hurlin LR over proxy strata,0.030434782608695653,0.19273127753303965,230,908,,,,,0.00011147288570867507,,,,27.60552597393908,6.0,0.00011147288570867507,6.0,22.76723446304044,1.8285686724794914e-06,0.14413913552859245,0.058381608766375735,0.355867041521057,0.5878818170456184,0.0003344186571260252,True,TabPFN,temporal_1,age_blind
0.5,0.5,Female vs Male,sex,False,0.15992970123022848,False,fpr,z (pooled),0.0223463687150838,0.13087248322147652,179,596,-0.10852611450639271,-0.14319573537697727,-0.07385649363580815,-4.1396269688516725,3.478710234745369e-05,0.9995095418396439,False,0.137656688706896,,,,,,,,,,,0.00010436130704236107,True,TabPFN,temporal_1,age_blind
0.5,0.5,Female vs Male,sex,False,0.15992970123022848,False,fnr,z (pooled),0.9411764705882353,0.6891025641025641,51,312,0.2520739064856712,0.169563782677689,0.33458403029365336,3.735646005315052,0.00018723390543617978,0.9999988369073871,False,0.32149673818144103,,,,,,,,,,,0.0005617017163085393,True,TabPFN,temporal_1,age_blind
0.5,0.5,Female vs Male,sex,False,0.15992970123022848,False,equalized_odds,Hurlin LR given Y,,,230,908,,,,,1.802674693078052e-09,,,,40.26798866872532,2.0,1.802674693078052e-09,,,,,,,,5.408024079234156e-09,True,TabPFN,temporal_1,age_blind
break_even,0.2523364485981308,African-American vs Caucasian,race,True,0.6596194503171248,False,statistical_parity,z (pooled),0.7660714285714286,0.5051813471502591,560,386,0.26089008142116954,0.1999226127493458,0.32185755009299327,8.322821332546201,8.589387002766217e-17,0.9999999999893954,False,0.3121058544573776,68.9904510595753,1.0,9.894133620084655e-17,,,,,,,,2.576816100829865e-16,True,TabPFN,temporal_1,age_blind
break_even,0.2523364485981308,African-American vs Caucasian,race,True,0.6596194503171248,False,conditional_statistical_parity,Hurlin LR over proxy strata,0.7660714285714286,0.5051813471502591,560,386,,,,,5.519627317684267e-09,,,,49.65215163207326,6.0,5.519627317684267e-09,6.0,41.69294293669784,1.0679379602862582e-10,19.472769494664433,6.406891895971859,59.18450911131141,0.7178363183068023,1.65588819530528e-08,True,TabPFN,temporal_1,age_blind
break_even,0.2523364485981308,African-American vs Caucasian,race,True,0.6596194503171248,False,fpr,z (pooled),0.7017543859649122,0.4456140350877193,342,285,0.25614035087719295,0.18076989074240352,0.3315108110119824,6.482276434721644,9.034890501045357e-11,0.9999999415630146,False,0.31948712944938124,,,,,,,,,,,2.710467150313607e-10,True,TabPFN,temporal_1,age_blind
break_even,0.2523364485981308,African-American vs Caucasian,race,True,0.6596194503171248,False,fnr,z (pooled),0.13302752293577982,0.32673267326732675,218,101,-0.19370515033154692,-0.2956806750939229,-0.09172962556917097,-4.066895721861731,4.764354915856884e-05,0.9969600518161463,False,0.2795365420133785,,,,,,,,,,,0.00019057419663427537,True,TabPFN,temporal_1,age_blind
break_even,0.2523364485981308,African-American vs Caucasian,race,True,0.6596194503171248,False,equalized_odds,Hurlin LR given Y,,,560,386,,,,,2.612933727973137e-13,,,,57.94626517026941,2.0,2.612933727973137e-13,,,,,,,,7.838801183919412e-13,True,TabPFN,temporal_1,age_blind
break_even,0.2523364485981308,Hispanic vs Caucasian,race,False,0.5040160642570282,False,statistical_parity,z (pooled),0.5,0.5051813471502591,112,386,-0.005181347150259086,-0.11035933514090213,0.09999664084038395,-0.09655498232242012,0.9230798082842748,0.2020081844070143,False,0.09361466700039092,0.009322659574765857,1.0,0.9230806515114003,,,,,,,,0.9230798082842748,False,TabPFN,temporal_1,age_blind
break_even,0.2523364485981308,Hispanic vs Caucasian,race,False,0.5040160642570282,False,conditional_statistical_parity,Hurlin LR over proxy strata,0.5,0.5051813471502591,112,386,,,,,0.03701390060356069,,,,13.406663297790125,6.0,0.03701390060356069,6.0,4.487748794882651,0.034138604895927016,3.1351317548759132,1.0172576852611337,9.662302151011199,0.08735690606914825,0.07402780120712138,False,TabPFN,temporal_1,age_blind
break_even,0.2523364485981308,Hispanic vs Caucasian,race,False,0.5040160642570282,False,fpr,z (pooled),0.4942528735632184,0.4456140350877193,87,285,0.0486388384754991,-0.07122378720770604,0.16850146415870426,0.7971436227179873,0.42536762394329297,0.49112732366570494,False,0.14948321703914325,,,,,,,,,,,0.4432775607083177,False,TabPFN,temporal_1,age_blind
break_even,0.2523364485981308,Hispanic vs Caucasian,race,False,0.5040160642570282,False,fnr,z (pooled),0.48,0.32673267326732675,25,101,0.15326732673267324,-0.06288039743908327,0.3694150509044297,1.431913488177188,0.1521685815704196,0.8245557100063879,False,0.3360296478984957,,,,,,,,,,,0.3043371631408392,False,TabPFN,temporal_1,age_blind
break_even,0.2523364485981308,Hispanic vs Caucasian,race,False,0.5040160642570282,False,equalized_odds,Hurlin LR given Y,,,112,386,,,,,0.2688074937616554,,,,2.6275195842883114,2.0,0.2688074937616554,,,,,,,,0.5376149875233108,False,TabPFN,temporal_1,age_blind
break_even,0.2523364485981308,Other vs Caucasian,race,False,0.49455337690631807,False,statistical_parity,z (pooled),0.4383561643835616,0.5051813471502591,73,386,-0.06682518276669747,-0.19109682397382705,0.0574464584404321,-1.0472362318549089,0.2949906385222678,0.6045741897143457,False,0.17132907418666532,1.0994014139508934,1.0,0.2943975064451162,,,,,,,,0.5899812770445356,False,TabPFN,temporal_1,age_blind
break_even,0.2523364485981308,Other vs Caucasian,race,False,0.49455337690631807,False,conditional_statistical_parity,Hurlin LR over proxy strata,0.4383561643835616,0.5051813471502591,73,386,,,,,0.3296710612849807,,,,6.9055423114223595,6.0,0.3296710612849807,6.0,0.4474488647253769,0.503548944116662,0.7138167540462109,0.26548206387384166,1.9192797845627791,0.33947341143988086,0.3296710612849807,False,TabPFN,temporal_1,age_blind
break_even,0.2523364485981308,Other vs Caucasian,race,False,0.49455337690631807,False,fpr,z (pooled),0.35714285714285715,0.4456140350877193,56,285,-0.08847117794486214,-0.22659885024464652,0.049656494354922226,-1.2221820763158424,0.22163878035415885,0.7072487299233552,False,0.20470922329830182,,,,,,,,,,,0.4432775607083177,False,TabPFN,temporal_1,age_blind
break_even,0.2523364485981308,Other vs Caucasian,race,False,0.49455337690631807,False,fnr,z (pooled),0.29411764705882354,0.32673267326732675,17,101,-0.032615026208503206,-0.2677331239229007,0.20250307150589433,-0.26626071339070173,0.7900384274436668,0.4425117490224387,False,0.2315208838139921,,,,,,,,,,,0.7900384274436668,False,TabPFN,temporal_1,age_blind
break_even,0.2523364485981308,Other vs Caucasian,race,False,0.49455337690631807,False,equalized_odds,Hurlin LR given Y,,,73,386,,,,,0.4521380756507146,,,,1.5875353373903707,2.0,0.4521380756507146,,,,,,,,0.5376149875233108,False,TabPFN,temporal_1,age_blind
break_even,0.2523364485981308,Female vs Male,sex,False,0.6265377855887522,False,statistical_parity,z (pooled),0.36086956521739133,0.6938325991189427,230,908,-0.33296303390155135,-0.4018898986450572,-0.2640361691580455,-9.324697748431168,1.1130036509735806e-20,0.9999999999999989,False,0.39085549266280123,84.46131132981255,1.0,3.918072640558448e-20,,,,,,,,4.4520146038943225e-20,True,TabPFN,temporal_1,age_blind
break_even,0.2523364485981308,Female vs Male,sex,False,0.6265377855887522,False,conditional_statistical_parity,Hurlin LR over proxy strata,0.36086956521739133,0.6938325991189427,230,908,,,,,1.0490227693642411e-16,,,,87.40168040432712,6.0,1.0490227693642411e-16,6.0,81.47142114949459,0.0,0.061108084896644654,0.027729779570789464,0.1346638198187891,0.0824881285857445,4.1960910774569644e-16,True,TabPFN,temporal_1,age_blind
break_even,0.2523364485981308,Female vs Male,sex,False,0.6265377855887522,False,fpr,z (pooled),0.3016759776536313,0.6325503355704698,179,596,-0.3308743579168385,-0.4084576890785803,-0.2532910267550967,-7.813502434077968,5.562033975155749e-15,0.9999999999985425,False,0.3960624657870021,,,,,,,,,,,2.2248135900622996e-14,True,TabPFN,temporal_1,age_blind
break_even,0.2523364485981308,Female vs Male,sex,False,0.6265377855887522,False,fnr,z (pooled),0.43137254901960786,0.1891025641025641,51,312,0.24226998491704377,0.09956769401922108,0.3849722758148665,3.8525496661550918,0.00011689425683355019,0.9956843216647658,False,0.36233764045293254,,,,,,,,,,,0.0003506827705006506,True,TabPFN,temporal_1,age_blind
break_even,0.2523364485981308,Female vs Male,sex,False,0.6265377855887522,False,equalized_odds,Hurlin LR given Y,,,230,908,,,,,6.232005075998805e-17,,,,74.62849691565015,2.0,6.232005075998805e-17,,,,,,,,2.492802030399522e-16,True,TabPFN,temporal_1,age_blind
0.5,0.5,African-American vs Caucasian,race,True,0.19661733615221988,False,statistical_parity,z (pooled),0.26964285714285713,0.09067357512953368,560,386,0.17896928201332346,0.13237006796322615,0.22556849606342078,6.806885755186608,9.973406747176485e-12,0.9999999630575117,False,0.21811499074041785,50.20931397353823,1.0,1.3819035141849136e-12,,,,,,,,3.989362698870594e-11,True,TabPFN,temporal_1,protected_blind
0.5,0.5,African-American vs Caucasian,race,True,0.19661733615221988,False,conditional_statistical_parity,Hurlin LR over proxy strata,0.26964285714285713,0.09067357512953368,560,386,,,,,0.022722151914119706,,,,14.700082639866176,6.0,0.022722151914119706,6.0,12.298045858620178,0.00045343278917042706,2.748942727017995,1.548611774543466,4.879651724624695,0.8133135353580099,0.06816645574235912,False,TabPFN,temporal_1,protected_blind
0.5,0.5,African-American vs Caucasian,race,True,0.19661733615221988,False,fpr,z (pooled),0.1783625730994152,0.08771929824561403,342,285,0.09064327485380116,0.03844434963042196,0.14284220007718038,3.285163455542318,0.0010192322388428905,0.9362511883979872,False,0.13451502184749298,,,,,,,,,,,0.0030576967165286714,True,TabPFN,temporal_1,protected_blind
0.5,0.5,African-American vs Caucasian,race,True,0.19661733615221988,False,fnr,z (pooled),0.5871559633027523,0.900990099009901,218,101,-0.3138341357071487,-0.4013807324197227,-0.22628753899457468,-5.620337527839875,1.9058474771142885e-08,0.9999999955018501,False,0.3875208978038188,,,,,,,,,,,7.623389908457154e-08,True,TabPFN,temporal_1,protected_blind
0.5,0.5,African-American vs Caucasian,race,True,0.19661733615221988,False,equalized_odds,Hurlin LR given Y,,,560,386,,,,,5.8200260842212887e-11,,,,47.13426255875247,2.0,5.8200260842212887e-11,,,,,,,,2.3280104336885155e-10,True,TabPFN,temporal_1,protected_blind
0.5,0.5,Hispanic vs Caucasian,race,False,0.08634538152610442,False,statistical_parity,z (pooled),0.07142857142857142,0.09067357512953368,112,386,-0.019245003700962257,-0.07488199379892858,0.03639198639700407,-0.6384037183574909,0.5232109110843606,0.13957238892865406,False,0.0660244091148573,0.4242839901720896,1.0,0.5148071200199451,,,,,,,,0.5232109110843606,False,TabPFN,temporal_1,protected_blind
0.5,0.5,Hispanic vs Caucasian,race,False,0.08634538152610442,False,conditional_statistical_parity,Hurlin LR over proxy strata,0.07142857142857142,0.09067357512953368,112,386,,,,,0.743868633679478,,,,1.9559072091459777,4.0,0.743868633679478,4.0,0.12126876394539092,0.7276624660425091,1.241653666146646,0.3742948585192612,4.1189553945638036,0.6936250481087856,0.7930046077282413,False,TabPFN,temporal_1,protected_blind
0.5,0.5,Hispanic vs Caucasian,race,False,0.08634538152610442,False,fpr,z (pooled),0.04597701149425287,0.08771929824561403,87,285,-0.04174228675136116,-0.09665493778886278,0.01317036428614047,-1.2711116655480177,0.20368892582386267,0.3841798352288804,False,0.0879421104044402,,,,,,,,,,,0.20368892582386267,False,TabPFN,temporal_1,protected_blind
0.5,0.5,Hispanic vs Caucasian,race,False,0.08634538152610442,False,fnr,z (pooled),0.84,0.900990099009901,25,101,-0.060990099009901044,-0.21605331617449455,0.09407311815469246,-0.8687649136835154,0.38497572771204536,0.5551276241409795,False,0.19210280725161102,,,,,,,,,,,0.7699514554240907,False,TabPFN,temporal_1,protected_blind
0.5,0.5,Hispanic vs Caucasian,race,False,0.08634538152610442,False,equalized_odds,Hurlin LR given Y,,,112,386,,,,,0.28707059062336726,,,,2.496054266211283,2.0,0.28707059062336726,,,,,,,,0.28707059062336726,False,TabPFN,temporal_1,protected_blind
0.5,0.5,Other vs Caucasian,race,False,0.08278867102396514,False,statistical_parity,z (pooled),0.0410958904109589,0.09067357512953368,73,386,-0.04957768471857478,-0.10337603877641958,0.004220669339270025,-1.4096614402723413,0.15863967567316484,0.49386561238538335,False,0.09481839528152061,2.328471897511154,1.0,0.12702652046532129,,,,,,,,0.3172793513463297,False,TabPFN,temporal_1,protected_blind
0.5,0.5,Other vs Caucasian,race,False,0.08278867102396514,False,conditional_statistical_parity,Hurlin LR over proxy strata,0.0410958904109589,0.09067357512953368,73,386,,,,,0.39650230386412066,,,,5.161398595303016,5.0,0.39650230386412066,5.0,1.3029466818750122,0.25367567900404164,0.3636717230649552,0.07040896208365878,1.8784131770027754,0.6540319799578247,0.7930046077282413,False,TabPFN,temporal_1,protected_blind
0.5,0.5,Other vs Caucasian,race,False,0.08278867102396514,False,fpr,z (pooled),0.017857142857142856,0.08771929824561403,56,285,-0.06986215538847118,-0.11762947584298833,-0.02209483493395404,-1.8009168541018161,0.07171598608841817,0.7921702283968717,False,0.11005960365469465,,,,,,,,,,,0.14343197217683634,False,TabPFN,temporal_1,protected_blind
0.5,0.5,Other vs Caucasian,race,False,0.08278867102396514,False,fnr,z (pooled),0.8823529411764706,0.900990099009901,17,101,-0.01863715783343045,-0.18249630995619404,0.14522199428933313,-0.23521351864760276,0.8140430139489943,0.35412087419550037,False,0.15725917585893076,,,,,,,,,,,0.8140430139489943,False,TabPFN,temporal_1,protected_blind
0.5,0.5,Other vs Caucasian,race,False,0.08278867102396514,False,equalized_odds,Hurlin LR given Y,,,73,386,,,,,0.11068758282539588,,,,4.402087230315957,2.0,0.11068758282539588,,,,,,,,0.22137516565079177,False,TabPFN,temporal_1,protected_blind
0.5,0.5,Female vs Male,sex,False,0.17311072056239016,False,statistical_parity,z (pooled),0.05217391304347826,0.20374449339207049,230,908,-0.15157058034859222,-0.19045886161571468,-0.11268229908146978,-5.427064235606715,5.7288515006378236e-08,0.999999819894493,False,0.1842332907145804,36.428317050403024,1.0,1.5838532958337354e-09,,,,,,,,1.7186554501913471e-07,True,TabPFN,temporal_1,protected_blind
0.5,0.5,Female vs Male,sex,False,0.17311072056239016,False,conditional_statistical_parity,Hurlin LR over proxy strata,0.05217391304347826,0.20374449339207049,230,908,,,,,0.004403785253748617,,,,18.86164602393878,6.0,0.004403785253748617,6.0,12.526548315227043,0.00040121029291939614,0.28370054957627294,0.13370758594465626,0.601955388404019,0.2804586250236347,0.01761514101499447,True,TabPFN,temporal_1,protected_blind
0.5,0.5,Female vs Male,sex,False,0.17311072056239016,False,fpr,z (pooled),0.0335195530726257,0.14261744966442952,179,596,-0.10909789659180383,-0.14761241803934405,-0.0705833751442636,-3.9761991401698973,7.002549253088933e-05,0.9986399622809171,False,0.1414590847632143,,,,,,,,,,,0.0002801019701235573,True,TabPFN,temporal_1,protected_blind
0.5,0.5,Female vs Male,sex,False,0.17311072056239016,False,fnr,z (pooled),0.8823529411764706,0.6794871794871795,51,312,0.20286576168929105,0.10039425943785153,0.3053372639407306,2.9539623740856586,0.0031372225284480855,0.9981622730292938,False,0.2890838101674365,,,,,,,,,,,0.009411667585344256,True,TabPFN,temporal_1,protected_blind
0.5,0.5,Female vs Male,sex,False,0.17311072056239016,False,equalized_odds,Hurlin LR given Y,,,230,908,,,,,3.16213851246748e-07,,,,29.933694215592062,2.0,3.16213851246748e-07,,,,,,,,9.48641553740244e-07,True,TabPFN,temporal_1,protected_blind
break_even,0.2523364485981308,African-American vs Caucasian,race,True,0.7145877378435518,False,statistical_parity,z (pooled),0.775,0.6269430051813472,560,386,0.14805699481865287,0.08869548552983508,0.20741850410747065,4.955721979228447,7.206219734921875e-07,0.9993762719841212,False,0.19792368033233085,24.30418286204435,1.0,8.226023675191987e-07,,,,,,,,2.1618659204765624e-06,True,TabPFN,temporal_1,protected_blind
break_even,0.2523364485981308,African-American vs Caucasian,race,True,0.7145877378435518,False,conditional_statistical_parity,Hurlin LR over proxy strata,0.775,0.6269430051813472,560,386,,,,,1.0,,,,0.0,1.0,1.0,0.0,,,,,,,1.0,False,TabPFN,temporal_1,protected_blind
break_even,0.2523364485981308,African-American vs Caucasian,race,True,0.7145877378435518,False,fpr,z (pooled),0.7134502923976608,0.5859649122807018,342,285,0.12748538011695898,0.052876935548151885,0.2020938246857661,3.344890077091821,0.000823151872549504,0.9788911224621464,False,0.19019170576846034,,,,,,,,,,,0.002469455617648512,True,TabPFN,temporal_1,protected_blind
break_even,0.2523364485981308,African-American vs Caucasian,race,True,0.7145877378435518,False,fnr,z (pooled),0.12844036697247707,0.25742574257425743,218,101,-0.12898537560178036,-0.2251266097724937,-0.032844141431066995,-2.8576229887906686,0.004268271885231595,0.9458273868987929,False,0.2099061254200324,,,,,,,,,,,0.01707308754092638,True,TabPFN,temporal_1,protected_blind
break_even,0.2523364485981308,African-American vs Caucasian,race,True,0.7145877378435518,False,equalized_odds,Hurlin LR given Y,,,560,386,,,,,7.773542015017294e-05,,,,18.92439909334737,2.0,7.773542015017294e-05,,,,,,,,0.0002332062604505188,True,TabPFN,temporal_1,protected_blind
break_even,0.2523364485981308,Hispanic vs Caucasian,race,False,0.606425702811245,False,statistical_parity,z (pooled),0.5357142857142857,0.6269430051813472,112,386,-0.09122871946706146,-0.19543311822955312,0.012975679295430198,-1.739872431923375,0.08188142039550533,0.7807825836806689,False,0.17884344857153828,2.991399343664666,1.0,0.08370780395000965,,,,,,,,0.16376284079101067,False,TabPFN,temporal_1,protected_blind
break_even,0.2523364485981308,Hispanic vs Caucasian,race,False,0.606425702811245,False,conditional_statistical_parity,Hurlin LR over proxy strata,0.5357142857142857,0.6269430051813472,112,386,,,,,1.0,,,,0.0,1.0,1.0,0.0,,,,,,,1.0,False,TabPFN,temporal_1,protected_blind
break_even,0.2523364485981308,Hispanic vs Caucasian,race,False,0.606425702811245,False,fpr,z (pooled),0.5172413793103449,0.5859649122807018,87,285,-0.06872353297035694,-0.18828791705428846,0.05084085111357459,-1.133263972234167,0.2571034165499898,0.6204639221674638,False,0.1693169910442392,,,,,,,,,,,0.303004007717412,False,TabPFN,temporal_1,protected_blind
break_even,0.2523364485981308,Hispanic vs Caucasian,race,False,0.606425702811245,False,fnr,z (pooled),0.4,0.25742574257425743,25,101,0.1425742574257426,-0.06754129350869623,0.3526898083601814,1.4128126570640556,0.15771081570437406,0.8052447964385969,False,0.32023611321886236,,,,,,,,,,,0.3154216314087481,False,TabPFN,temporal_1,protected_blind
break_even,0.2523364485981308,Hispanic vs Caucasian,race,False,0.606425702811245,False,equalized_odds,Hurlin LR given Y,,,112,386,,,,,0.2038641211911145,,,,3.1806031593107935,2.0,0.2038641211911145,,,,,,,,0.407728242382229,False,TabPFN,temporal_1,protected_blind
break_even,0.2523364485981308,Other vs Caucasian,race,False,0.616557734204793,False,statistical_parity,z (pooled),0.5616438356164384,0.6269430051813472,73,386,-0.06529916956490878,-0.1889249628452263,0.05832662371540877,-1.0522514471787872,0.2926842012066547,0.5957697888730522,False,0.16925994735925964,1.0933518682240866,1.0,0.29572973476267006,,,,,,,,0.2926842012066547,False,TabPFN,temporal_1,protected_blind
break_even,0.2523364485981308,Other vs Caucasian,race,False,0.616557734204793,False,conditional_statistical_parity,Hurlin LR over proxy strata,0.5616438356164384,0.6269430051813472,73,386,,,,,1.0,,,,0.0,1.0,1.0,0.0,,,,,,,1.0,False,TabPFN,temporal_1,protected_blind
break_even,0.2523364485981308,Other vs Caucasian,race,False,0.616557734204793,False,fpr,z (pooled),0.48214285714285715,0.5859649122807018,56,285,-0.10382205513784465,-0.2466421810379554,0.03899807076226611,-1.4342462467814105,0.151502003858706,0.7696744979867494,False,0.22400892280423734,,,,,,,,,,,0.303004007717412,False,TabPFN,temporal_1,protected_blind
break_even,0.2523364485981308,Other vs Caucasian,race,False,0.616557734204793,False,fnr,z (pooled),0.17647058823529413,0.25742574257425743,17,101,-0.0809551543389633,-0.28123047562851045,0.11932016695058387,-0.7172600696697728,0.47321364054764337,0.61876011546862,False,0.2503846237229054,,,,,,,,,,,0.47321364054764337,False,TabPFN,temporal_1,protected_blind
break_even,0.2523364485981308,Other vs Caucasian,race,False,0.616557734204793,False,equalized_odds,Hurlin LR given Y,,,73,386,,,,,0.274392411303075,,,,2.5863920782277376,2.0,0.274392411303075,,,,,,,,0.407728242382229,False,TabPFN,temporal_1,protected_blind
break_even,0.2523364485981308,Female vs Male,sex,False,0.6836555360281195,False,statistical_parity,z (pooled),0.5304347826086957,0.7224669603524229,230,908,-0.19203217774372716,-0.2628016306310457,-0.12126272485640859,-5.593851480881093,2.2208695189351346e-08,0.9999556208392454,False,0.2514722472736751,29.87389828980507,1.0,4.6107839867082253e-08,,,,,,,,8.883478075740538e-08,True,TabPFN,temporal_1,protected_blind
break_even,0.2523364485981308,Female vs Male,sex,False,0.6836555360281195,False,conditional_statistical_parity,Hurlin LR over proxy strata,0.5304347826086957,0.7224669603524229,230,908,,,,,1.0,,,,0.0,1.0,1.0,0.0,,,,,,,1.0,False,TabPFN,temporal_1,protected_blind
break_even,0.2523364485981308,Female vs Male,sex,False,0.6836555360281195,False,fpr,z (pooled),0.49162011173184356,0.6644295302013423,179,596,-0.17280941846949877,-0.25527604415801064,-0.09034279278098686,-4.186959210792002,2.8271660896809997e-05,0.9981919682446398,False,0.24210063361291445,,,,,,,,,,,0.00011308664358723999,True,TabPFN,temporal_1,protected_blind
break_even,0.2523364485981308,Female vs Male,sex,False,0.6836555360281195,False,fnr,z (pooled),0.3333333333333333,0.16666666666666666,51,312,0.16666666666666666,0.03084165507389222,0.3024916782594411,2.8123297214219907,0.004918405717820637,0.953429342616962,False,0.2809478782889544,,,,,,,,,,,0.01707308754092638,True,TabPFN,temporal_1,protected_blind
break_even,0.2523364485981308,Female vs Male,sex,False,0.6836555360281195,False,equalized_odds,Hurlin LR given Y,,,230,908,,,,,5.6738098072985405e-06,,,,24.159299484356907,2.0,5.6738098072985405e-06,,,,,,,,2.2695239229194162e-05,True,TabPFN,temporal_1,protected_blind
0.5,0.5,African-American vs Caucasian,race,True,0.2040169133192389,False,statistical_parity,z (pooled),0.29285714285714287,0.07512953367875648,560,386,0.2177276091783864,0.17176990032788264,0.26368531802889017,8.167151186818247,3.1575708661439167e-16,0.9999999999991497,False,0.25633442092616243,74.04939762844388,1.0,7.618648372371959e-18,,,,,,,,1.2630283464575667e-15,True,TabPFN,temporal_1,race_aware
0.5,0.5,African-American vs Caucasian,race,True,0.2040169133192389,False,conditional_statistical_parity,Hurlin LR over proxy strata,0.29285714285714287,0.07512953367875648,560,386,,,,,3.1999371796768983e-06,,,,33.35459375233444,5.0,3.1999371796768983e-06,5.0,24.947948656182557,5.889916595558375e-07,4.344775619838344,2.336053156136276,8.080755841174211,0.11250219510668935,1.2799748718707593e-05,True,TabPFN,temporal_1,race_aware
0.5,0.5,African-American vs Caucasian,race,True,0.2040169133192389,False,fpr,z (pooled),0.20760233918128654,0.06315789473684211,342,285,0.14444444444444443,0.09301209367850252,0.19587679521038634,5.160406993882232,2.464135565425471e-07,0.9998276639080274,False,0.1876719068957899,,,,,,,,,,,9.856542261701883e-07,True,TabPFN,temporal_1,race_aware
0.5,0.5,African-American vs Caucasian,race,True,0.2040169133192389,False,fnr,z (pooled),0.573394495412844,0.8910891089108911,218,101,-0.31769461349804706,-0.40714637700869993,-0.2282428499873942,-5.6306460395382265,1.7953584617060825e-08,0.999999994368851,False,0.39298492819271724,,,,,,,,,,,7.18143384682433e-08,True,TabPFN,temporal_1,race_aware
0.5,0.5,African-American vs Caucasian,race,True,0.2040169133192389,False,equalized_odds,Hurlin LR given Y,,,560,386,,,,,1.0636019238016005e-14,,,,64.3490602255347,2.0,1.0636019238016005e-14,,,,,,,,4.254407695206402e-14,True,TabPFN,temporal_1,race_aware
0.5,0.5,Hispanic vs Caucasian,race,False,0.07630522088353414,False,statistical_parity,z (pooled),0.08035714285714286,0.07512953367875648,112,386,0.005227609178386383,-0.05157191268484539,0.06202713104161816,0.18346352461243318,0.8544343361355848,0.061498373917550725,False,0.05298446762592191,0.03328215314367233,1.0,0.8552421694669062,,,,,,,,0.8544343361355848,False,TabPFN,temporal_1,race_aware
0.5,0.5,Hispanic vs Caucasian,race,False,0.07630522088353414,False,conditional_statistical_parity,Hurlin LR over proxy strata,0.08035714285714286,0.07512953367875648,112,386,,,,,0.5719246402635523,,,,3.8451125567318813,5.0,0.5719246402635523,5.0,0.7315591587055611,0.39237827087684685,1.6569889804427678,0.514426365869979,5.337231260815108,0.567302868279168,1.0,False,TabPFN,temporal_1,race_aware
0.5,0.5,Hispanic vs Caucasian,race,False,0.07630522088353414,False,fpr,z (pooled),0.06896551724137931,0.06315789473684211,87,285,0.005807622504537202,-0.05446399729634141,0.06607924230541581,0.19299971286774414,0.8469591929600347,0.07576939701686707,False,0.05651612325028279,,,,,,,,,,,0.8485369508376621,False,TabPFN,temporal_1,race_aware
0.5,0.5,Hispanic vs Caucasian,race,False,0.07630522088353414,False,fnr,z (pooled),0.88,0.8910891089108911,25,101,-0.011089108910891099,-0.1522185506400962,0.130040332818314,-0.15795725703336644,0.8744904797425039,0.29495112071158297,False,0.1304202027454499,,,,,,,,,,,1.0,False,TabPFN,temporal_1,race_aware
0.5,0.5,Hispanic vs Caucasian,race,False,0.07630522088353414,False,equalized_odds,Hurlin LR given Y,,,112,386,,,,,0.9698407434202846,,,,0.06124680600999782,2.0,0.9698407434202846,,,,,,,,1.0,False,TabPFN,temporal_1,race_aware
0.5,0.5,Other vs Caucasian,race,False,0.06971677559912855,False,statistical_parity,z (pooled),0.0410958904109589,0.07512953367875648,73,386,-0.03403364326779758,-0.0866189818849891,0.018551695349393937,-1.0470825955433571,0.2950614857208129,0.27603591111430503,False,0.07825429138794127,1.2414340734347529,1.0,0.2651948518070821,,,,,,,,0.5901229714416258,False,TabPFN,temporal_1,race_aware
0.5,0.5,Other vs Caucasian,race,False,0.06971677559912855,False,conditional_statistical_parity,Hurlin LR over proxy strata,0.0410958904109589,0.07512953367875648,73,386,,,,,0.5368079076419257,,,,3.126962206028478,4.0,0.5368079076419257,4.0,2.0021331058020477,0.15707801695688983,0.22448979591836732,0.02503388150418843,2.013098466693568,0.920569387858793,1.0,False,TabPFN,temporal_1,race_aware
0.5,0.5,Other vs Caucasian,race,False,0.06971677559912855,False,fpr,z (pooled),0.03571428571428571,0.06315789473684211,56,285,-0.027443609022556395,-0.08365695378482793,0.02876973573971514,-0.7990378322593821,0.42426847541883106,0.2160728608557377,False,0.07474860742840922,,,,,,,,,,,0.8485369508376621,False,TabPFN,temporal_1,race_aware
0.5,0.5,Other vs Caucasian,race,False,0.06971677559912855,False,fnr,z (pooled),0.9411764705882353,0.8910891089108911,17,101,0.05008736167734418,-0.0771979302875555,0.17737265364224386,0.6321363313654303,0.5272977965864907,0.5005355065628466,False,0.1577685244842899,,,,,,,,,,,1.0,False,TabPFN,temporal_1,race_aware
0.5,0.5,Other vs Caucasian,race,False,0.06971677559912855,False,equalized_odds,Hurlin LR given Y,,,73,386,,,,,0.5566688384990746,,,,1.1715695215034265,2.0,0.5566688384990746,,,,,,,,1.0,False,TabPFN,temporal_1,race_aware
0.5,0.5,Female vs Male,sex,False,0.18014059753954306,False,statistical_parity,z (pooled),0.043478260869565216,0.21475770925110133,230,908,-0.1712794483815361,-0.20880343624138872,-0.1337554605216835,-6.037615841792997,1.5640787517658654e-09,0.9999999998289948,False,0.20279627317572976,46.4385367590226,1.0,9.453780817528285e-12,,,,,,,,4.692236255297596e-09,True,TabPFN,temporal_1,race_aware
0.5,0.5,Female vs Male,sex,False,0.18014059753954306,False,conditional_statistical_parity,Hurlin LR over proxy strata,0.043478260869565216,0.21475770925110133,230,908,,,,,0.00012807273262729148,,,,25.18947189189801,5.0,0.00012807273262729148,5.0,22.29870485107747,2.3336394858741727e-06,0.12218092909535451,0.04811334454837242,0.31027108122977165,0.8632225696683321,0.00038421819788187443,True,TabPFN,temporal_1,race_aware
0.5,0.5,Female vs Male,sex,False,0.18014059753954306,False,fpr,z (pooled),0.0223463687150838,0.15604026845637584,179,596,-0.13369389974129203,-0.16999344658303706,-0.097394352899547,-4.740360537249146,2.1333825547707426e-06,0.9999964070770577,False,0.16419399221894798,,,,,,,,,,,6.400147664312228e-06,True,TabPFN,temporal_1,race_aware
0.5,0.5,Female vs Male,sex,False,0.18014059753954306,False,fnr,z (pooled),0.8823529411764706,0.6730769230769231,51,312,0.20927601809954743,0.10666883000252649,0.3118832061965684,3.0307714882577366,0.0024392978162293562,0.9987407332882644,False,0.2956082306970344,,,,,,,,,,,0.007317893448688068,True,TabPFN,temporal_1,race_aware
0.5,0.5,Female vs Male,sex,False,0.18014059753954306,False,equalized_odds,Hurlin LR given Y,,,230,908,,,,,1.5090526199532256e-09,,,,40.623567574048636,2.0,1.5090526199532256e-09,,,,,,,,4.5271578598596766e-09,True,TabPFN,temporal_1,race_aware
break_even,0.2523364485981308,African-American vs Caucasian,race,True,0.6215644820295984,False,statistical_parity,z (pooled),0.7553571428571428,0.4274611398963731,560,386,0.32789600296076976,0.26704161207738625,0.3887503938441533,10.219724310840938,1.618003842902874e-24,1.0,False,0.37901678490624774,104.85634225901502,1.0,1.3131970011478531e-24,,,,,,,,6.472015371611496e-24,True,TabPFN,temporal_1,race_aware
break_even,0.2523364485981308,African-American vs Caucasian,race,True,0.6215644820295984,False,conditional_statistical_parity,Hurlin LR over proxy strata,0.7553571428571428,0.4274611398963731,560,386,,,,,3.772667617425687e-09,,,,47.87171226825915,5.0,3.772667617425687e-09,5.0,24.893135608912146,6.059781261225083e-07,3.5175602799512644,2.074190982258474,5.965328375701586,0.0007096907513168826,1.5090670469702748e-08,True,TabPFN,temporal_1,race_aware
break_even,0.2523364485981308,African-American vs Caucasian,race,True,0.6215644820295984,False,fpr,z (pooled),0.6578947368421053,0.34385964912280703,342,285,0.3140350877192983,0.2394083935653308,0.3886617818732657,7.834465560534111,4.7084110518312106e-15,0.9999999999949019,False,0.37675675164030364,,,,,,,,,,,1.8833644207324842e-14,True,TabPFN,temporal_1,race_aware
break_even,0.2523364485981308,African-American vs Caucasian,race,True,0.6215644820295984,False,fnr,z (pooled),0.09174311926605505,0.33663366336633666,218,101,-0.2448905441002816,-0.3446993921792212,-0.145081696021342,-5.425458857591298,5.780584430097879e-08,0.9999218984281851,False,0.32889827392308124,,,,,,,,,,,2.3122337720391516e-07,True,TabPFN,temporal_1,race_aware
break_even,0.2523364485981308,African-American vs Caucasian,race,True,0.6215644820295984,False,equalized_odds,Hurlin LR given Y,,,560,386,,,,,3.1344742330699905e-20,,,,89.81848081722063,2.0,3.1344742330699905e-20,,,,,,,,1.2537896932279962e-19,True,TabPFN,temporal_1,race_aware
break_even,0.2523364485981308,Hispanic vs Caucasian,race,False,0.45180722891566266,False,statistical_parity,z (pooled),0.5357142857142857,0.4274611398963731,112,386,0.10825314581791262,0.003531792562882871,0.21297449907294236,2.026680450153388,0.04269510306978376,0.8619371854124195,False,0.19630252862569714,4.091313813785494,1.0,0.04310412455144816,,,,,,,,0.04269510306978376,True,TabPFN,temporal_1,race_aware
break_even,0.2523364485981308,Hispanic vs Caucasian,race,False,0.45180722891566266,False,conditional_statistical_parity,Hurlin LR over proxy strata,0.5357142857142857,0.4274611398963731,112,386,,,,,5.837474997372938e-07,,,,37.055687744345995,5.0,5.837474997372938e-07,5.0,12.900405925376106,0.000328510878173649,4.439630077732343,1.712066566118893,11.512586961958657,0.00046702202281734273,1.1674949994745877e-06,True,TabPFN,temporal_1,race_aware
break_even,0.2523364485981308,Hispanic vs Caucasian,race,False,0.45180722891566266,False,fpr,z (pooled),0.5057471264367817,0.34385964912280703,87,285,0.16188747731397463,0.04323543795528689,0.28053951667266236,2.720562400348502,0.006517097039721966,0.9673160581107061,False,0.26171334969274457,,,,,,,,,,,0.013034194079443931,True,TabPFN,temporal_1,race_aware
break_even,0.2523364485981308,Hispanic vs Caucasian,race,False,0.45180722891566266,False,fnr,z (pooled),0.36,0.33663366336633666,25,101,0.02336633663366333,-0.1861482611423099,0.23288093440963656,0.2206141270022508,0.8253929003161888,0.4018276433731252,False,0.20052006033992467,,,,,,,,,,,1.0,False,TabPFN,temporal_1,race_aware
break_even,0.2523364485981308,Hispanic vs Caucasian,race,False,0.45180722891566266,False,equalized_odds,Hurlin LR given Y,,,112,386,,,,,0.025896120570646476,,,,7.307324212825301,2.0,0.025896120570646476,,,,,,,,0.05179224114129295,False,TabPFN,temporal_1,race_aware
break_even,0.2523364485981308,Other vs Caucasian,race,False,0.40305010893246185,False,statistical_parity,z (pooled),0.273972602739726,0.4274611398963731,73,386,-0.15348853715664706,-0.2670794536929319,-0.039897620620362215,-2.451750240433699,0.014216329896845485,0.9625906658094239,False,0.24901067473119703,6.258861858146226,1.0,0.012357356721803893,,,,,,,,0.02843265979369097,True,TabPFN,temporal_1,race_aware
break_even,0.2523364485981308,Other vs Caucasian,race,False,0.40305010893246185,False,conditional_statistical_parity,Hurlin LR over proxy strata,0.273972602739726,0.4274611398963731,73,386,,,,,0.004007673465213719,,,,15.361279204220232,4.0,0.004007673465213719,4.0,7.211591291988007,0.007243424573491586,0.3051532359259023,0.12338568208098083,0.754694514189528,0.12725117173997247,0.004007673465213719,True,TabPFN,temporal_1,race_aware
break_even,0.2523364485981308,Other vs Caucasian,race,False,0.40305010893246185,False,fpr,z (pooled),0.17857142857142858,0.34385964912280703,56,285,-0.16528822055137846,-0.2797575189664295,-0.050818922136327424,-2.430780249327295,0.015066349337825155,0.975402550669834,False,0.2616171261154078,,,,,,,,,,,0.015066349337825155,True,TabPFN,temporal_1,race_aware
break_even,0.2523364485981308,Other vs Caucasian,race,False,0.40305010893246185,False,fnr,z (pooled),0.4117647058823529,0.33663366336633666,17,101,0.07513104251601627,-0.17631727412724763,0.32657935915928016,0.6018777314934145,0.5472555282528775,0.577480072949569,False,0.2878519838284054,,,,,,,,,,,1.0,False,TabPFN,temporal_1,race_aware
break_even,0.2523364485981308,Other vs Caucasian,race,False,0.40305010893246185,False,equalized_odds,Hurlin LR given Y,,,73,386,,,,,0.03352175511282367,,,,6.79112128914246,2.0,0.03352175511282367,,,,,,,,0.05179224114129295,False,TabPFN,temporal_1,race_aware
break_even,0.2523364485981308,Female vs Male,sex,False,0.5878734622144113,False,statistical_parity,z (pooled),0.3521739130434783,0.6475770925110133,230,908,-0.29540317946753497,-0.3645121360630664,-0.22629422287200351,-8.130058272613306,4.290841138568384e-16,0.9999999999971252,False,0.35344857924929085,65.36719839264775,1.0,6.216503649646371e-16,,,,,,,,1.2872523415705153e-15,True,TabPFN,temporal_1,race_aware
break_even,0.2523364485981308,Female vs Male,sex,False,0.5878734622144113,False,conditional_statistical_parity,Hurlin LR over proxy strata,0.3521739130434783,0.6475770925110133,230,908,,,,,4.570344610715112e-09,,,,47.46346013818556,5.0,4.570344610715112e-09,5.0,38.62734898801912,5.129510149970429e-10,0.18798076994924168,0.10802429236216216,0.3271187350363721,0.16474821557969277,1.5090670469702748e-08,True,TabPFN,temporal_1,race_aware
break_even,0.2523364485981308,Female vs Male,sex,False,0.5878734622144113,False,fpr,z (pooled),0.2905027932960894,0.5469798657718121,179,596,-0.2564770724757227,-0.3340683197320597,-0.17888582521938573,-6.020158022435937,1.7424687478399606e-09,0.9999998822848408,False,0.32167183171314073,,,,,,,,,,,5.227406243519882e-09,True,TabPFN,temporal_1,race_aware
break_even,0.2523364485981308,Female vs Male,sex,False,0.5878734622144113,False,fnr,z (pooled),0.43137254901960786,0.16025641025641027,51,312,0.2711161387631976,0.12922583163237983,0.4130064458940154,4.501511101407967,6.747204028436261e-06,0.998788404925259,False,0.39050060283366494,,,,,,,,,,,2.0241612085308783e-05,True,TabPFN,temporal_1,race_aware
break_even,0.2523364485981308,Female vs Male,sex,False,0.5878734622144113,False,equalized_odds,Hurlin LR given Y,,,230,908,,,,,1.4746961994113552e-12,,,,54.48513822770311,2.0,1.4746961994113552e-12,,,,,,,,4.4240885982340655e-12,True,TabPFN,temporal_1,race_aware
0.5,0.5,African-American vs Caucasian,race,True,0.4587737843551797,False,statistical_parity,z (pooled),0.5660714285714286,0.30310880829015546,560,386,0.2629626202812731,0.20142252483191775,0.32450271573062844,7.977143551477882,1.4975861633311376e-15,0.9999999999895981,False,0.3146594289207531,64.87523107316542,1.0,7.979379433084916e-16,,,,,,,,5.99034465332455e-15,True,COMPAS tool,temporal_1,race_aware
0.5,0.5,African-American vs Caucasian,race,True,0.4587737843551797,False,conditional_statistical_parity,Hurlin LR over proxy strata,0.5660714285714286,0.30310880829015546,560,386,,,,,0.0074213759069318265,,,,34.41370626882505,17.0,0.0074213759069318265,17.0,13.705964776113976,0.00021377445020720476,1.8040653535798947,1.3128926906538132,2.4789930076970363,0.22532487305846505,0.029685503627727306,True,COMPAS tool,temporal_1,race_aware
0.5,0.5,African-American vs Caucasian,race,True,0.4587737843551797,False,fpr,z (pooled),0.4824561403508772,0.24912280701754386,342,285,0.23333333333333334,0.16035401996995607,0.3063126466967106,6.004843021370408,1.915171085679105e-09,0.9999994558684131,False,0.2946704194505284,,,,,,,,,,,7.66068434271642e-09,True,COMPAS tool,temporal_1,race_aware
0.5,0.5,African-American vs Caucasian,race,True,0.4587737843551797,False,fnr,z (pooled),0.30275229357798167,0.5445544554455446,218,101,-0.24180216186756293,-0.35648787902600426,-0.1271164447091216,-4.14017953544563,3.470341074684919e-05,0.999418989289592,False,0.33833154705754487,,,,,,,,,,,0.00013881364298739675,True,COMPAS tool,temporal_1,race_aware
0.5,0.5,African-American vs Caucasian,race,True,0.4587737843551797,False,equalized_odds,Hurlin LR given Y,,,560,386,,,,,2.166963360116146e-12,,,,53.71538860326329,2.0,2.166963360116146e-12,,,,,,,,8.667853440464584e-12,True,COMPAS tool,temporal_1,race_aware
0.5,0.5,Hispanic vs Caucasian,race,False,0.2931726907630522,False,statistical_parity,z (pooled),0.25892857142857145,0.30310880829015546,112,386,-0.04418023686158401,-0.1373660238555261,0.04900555013235808,-0.9042689430330384,0.36585281063635655,0.4513134194143026,False,0.12253055201930177,0.8321211616242143,1.0,0.36165988931191606,,,,,,,,0.36585281063635655,False,COMPAS tool,temporal_1,race_aware
0.5,0.5,Hispanic vs Caucasian,race,False,0.2931726907630522,False,conditional_statistical_parity,Hurlin LR over proxy strata,0.25892857142857145,0.30310880829015546,112,386,,,,,0.47585860577941375,,,,14.664285736064189,15.0,0.47585860577941375,15.0,2.445189693600892,0.11788563344411562,0.6241091573352056,0.34893438769108853,1.1162907813330665,0.7840688403246083,0.47585860577941375,False,COMPAS tool,temporal_1,race_aware
0.5,0.5,Hispanic vs Caucasian,race,False,0.2931726907630522,False,fpr,z (pooled),0.21839080459770116,0.24912280701754386,87,285,-0.030732002419842697,-0.1310235546843334,0.069559549844648,-0.5858663791862166,0.5579653122257244,0.3533626963395837,False,0.11511059170610198,,,,,,,,,,,1.0,False,COMPAS tool,temporal_1,race_aware
0.5,0.5,Hispanic vs Caucasian,race,False,0.2931726907630522,False,fnr,z (pooled),0.6,0.5445544554455446,25,101,0.055445544554455384,-0.1597545120296527,0.2706456011385635,0.4995047051780883,0.617423872891717,0.5197379506202011,False,0.23740657147267055,,,,,,,,,,,0.6929734504095852,False,COMPAS tool,temporal_1,race_aware
0.5,0.5,Hispanic vs Caucasian,race,False,0.2931726907630522,False,equalized_odds,Hurlin LR given Y,,,112,386,,,,,0.7408523006445901,,,,0.5999079958401343,2.0,0.7408523006445901,,,,,,,,1.0,False,COMPAS tool,temporal_1,race_aware
0.5,0.5,Other vs Caucasian,race,False,0.28104575163398693,False,statistical_parity,z (pooled),0.1643835616438356,0.30310880829015546,73,386,-0.13872524664631986,-0.23531993587261196,-0.04213055742002776,-2.418049046998864,0.015603973391698712,0.9637627866501176,False,0.21995472761716292,6.389606924327694,1.0,0.011479044485975393,,,,,,,,0.04681192017509614,True,COMPAS tool,temporal_1,race_aware
0.5,0.5,Other vs Caucasian,race,False,0.28104575163398693,False,conditional_statistical_parity,Hurlin LR over proxy strata,0.1643835616438356,0.30310880829015546,73,386,,,,,0.13144225802350154,,,,22.376609305843377,16.0,0.13144225802350154,16.0,6.297117497709402,0.012093446427720367,0.38349075413640815,0.17820254395824492,0.8252696916749417,0.6690886029137916,0.39432677407050465,False,COMPAS tool,temporal_1,race_aware
0.5,0.5,Other vs Caucasian,race,False,0.28104575163398693,False,fpr,z (pooled),0.14285714285714285,0.24912280701754386,56,285,-0.10626566416040101,-0.21076946653942502,-0.0017618617813769805,-1.7231472949378648,0.08486189195285108,0.8539710301995133,False,0.19420834442345541,,,,,,,,,,,0.25458567585855324,False,COMPAS tool,temporal_1,race_aware
0.5,0.5,Other vs Caucasian,race,False,0.28104575163398693,False,fnr,z (pooled),0.7647058823529411,0.5445544554455446,17,101,0.22015142690739653,-0.0036603055955149733,0.44396315941030806,1.6994492400028682,0.08923457096464982,0.9305374175720426,False,0.40949229444766605,,,,,,,,,,,0.26770371289394945,False,COMPAS tool,temporal_1,race_aware
0.5,0.5,Other vs Caucasian,race,False,0.28104575163398693,False,equalized_odds,Hurlin LR given Y,,,73,386,,,,,0.04267450376195515,,,,6.308307277354528,2.0,0.04267450376195515,,,,,,,,0.12802351128586545,False,COMPAS tool,temporal_1,race_aware
0.5,0.5,Female vs Male,sex,False,0.4200351493848858,False,statistical_parity,z (pooled),0.3695652173913043,0.43281938325991187,230,908,-0.06325416586860755,-0.13346755572438104,0.006959223987165947,-1.7361257970326966,0.082541593923617,0.6442675528803168,False,0.12222719172491428,3.0438964107003805,1.0,0.08104118013685814,,,,,,,,0.165083187847234,False,COMPAS tool,temporal_1,race_aware
0.5,0.5,Female vs Male,sex,False,0.4200351493848858,False,conditional_statistical_parity,Hurlin LR over proxy strata,0.3695652173913043,0.43281938325991187,230,908,,,,,0.2116061470914694,,,,21.336335884002345,17.0,0.2116061470914694,17.0,1.6666067895879273,0.19671364409897296,1.267292891423846,0.884283854424642,1.8161942736118073,0.40246421887177375,0.4232122941829388,False,COMPAS tool,temporal_1,race_aware
0.5,0.5,Female vs Male,sex,False,0.4200351493848858,False,fpr,z (pooled),0.3240223463687151,0.34563758389261745,179,596,-0.021615237523902375,-0.10009032892383053,0.05685985387602578,-0.5351161956044256,0.592569511463841,0.23929175837308544,False,0.08755263215103729,,,,,,,,,,,1.0,False,COMPAS tool,temporal_1,race_aware
0.5,0.5,Female vs Male,sex,False,0.4200351493848858,False,fnr,z (pooled),0.47058823529411764,0.40064102564102566,51,312,0.06994720965309198,-0.07743686072975123,0.2173312800359352,0.9414257454509344,0.3464867252047926,0.604521574159047,False,0.19395404712478392,,,,,,,,,,,0.6929734504095852,False,COMPAS tool,temporal_1,race_aware
0.5,0.5,Female vs Male,sex,False,0.4200351493848858,False,equalized_odds,Hurlin LR given Y,,,230,908,,,,,0.5584038892178963,,,,1.165345525252933,2.0,0.5584038892178963,,,,,,,,1.0,False,COMPAS tool,temporal_1,race_aware
break_even,0.2523364485981308,African-American vs Caucasian,race,True,0.4587737843551797,False,statistical_parity,z (pooled),0.5660714285714286,0.30310880829015546,560,386,0.2629626202812731,0.20142252483191775,0.32450271573062844,7.977143551477882,1.4975861633311376e-15,0.9999999999895981,False,0.3146594289207531,64.87523107316542,1.0,7.979379433084916e-16,,,,,,,,5.99034465332455e-15,True,COMPAS tool,temporal_1,race_aware
break_even,0.2523364485981308,African-American vs Caucasian,race,True,0.4587737843551797,False,conditional_statistical_parity,Hurlin LR over proxy strata,0.5660714285714286,0.30310880829015546,560,386,,,,,0.0074213759069318265,,,,34.41370626882505,17.0,0.0074213759069318265,17.0,13.705964776113976,0.00021377445020720476,1.8040653535798947,1.3128926906538132,2.4789930076970363,0.22532487305846505,0.029685503627727306,True,COMPAS tool,temporal_1,race_aware
break_even,0.2523364485981308,African-American vs Caucasian,race,True,0.4587737843551797,False,fpr,z (pooled),0.4824561403508772,0.24912280701754386,342,285,0.23333333333333334,0.16035401996995607,0.3063126466967106,6.004843021370408,1.915171085679105e-09,0.9999994558684131,False,0.2946704194505284,,,,,,,,,,,7.66068434271642e-09,True,COMPAS tool,temporal_1,race_aware
break_even,0.2523364485981308,African-American vs Caucasian,race,True,0.4587737843551797,False,fnr,z (pooled),0.30275229357798167,0.5445544554455446,218,101,-0.24180216186756293,-0.35648787902600426,-0.1271164447091216,-4.14017953544563,3.470341074684919e-05,0.999418989289592,False,0.33833154705754487,,,,,,,,,,,0.00013881364298739675,True,COMPAS tool,temporal_1,race_aware
break_even,0.2523364485981308,African-American vs Caucasian,race,True,0.4587737843551797,False,equalized_odds,Hurlin LR given Y,,,560,386,,,,,2.166963360116146e-12,,,,53.71538860326329,2.0,2.166963360116146e-12,,,,,,,,8.667853440464584e-12,True,COMPAS tool,temporal_1,race_aware
break_even,0.2523364485981308,Hispanic vs Caucasian,race,False,0.2931726907630522,False,statistical_parity,z (pooled),0.25892857142857145,0.30310880829015546,112,386,-0.04418023686158401,-0.1373660238555261,0.04900555013235808,-0.9042689430330384,0.36585281063635655,0.4513134194143026,False,0.12253055201930177,0.8321211616242143,1.0,0.36165988931191606,,,,,,,,0.36585281063635655,False,COMPAS tool,temporal_1,race_aware
break_even,0.2523364485981308,Hispanic vs Caucasian,race,False,0.2931726907630522,False,conditional_statistical_parity,Hurlin LR over proxy strata,0.25892857142857145,0.30310880829015546,112,386,,,,,0.47585860577941375,,,,14.664285736064189,15.0,0.47585860577941375,15.0,2.445189693600892,0.11788563344411562,0.6241091573352056,0.34893438769108853,1.1162907813330665,0.7840688403246083,0.47585860577941375,False,COMPAS tool,temporal_1,race_aware
break_even,0.2523364485981308,Hispanic vs Caucasian,race,False,0.2931726907630522,False,fpr,z (pooled),0.21839080459770116,0.24912280701754386,87,285,-0.030732002419842697,-0.1310235546843334,0.069559549844648,-0.5858663791862166,0.5579653122257244,0.3533626963395837,False,0.11511059170610198,,,,,,,,,,,1.0,False,COMPAS tool,temporal_1,race_aware
break_even,0.2523364485981308,Hispanic vs Caucasian,race,False,0.2931726907630522,False,fnr,z (pooled),0.6,0.5445544554455446,25,101,0.055445544554455384,-0.1597545120296527,0.2706456011385635,0.4995047051780883,0.617423872891717,0.5197379506202011,False,0.23740657147267055,,,,,,,,,,,0.6929734504095852,False,COMPAS tool,temporal_1,race_aware
break_even,0.2523364485981308,Hispanic vs Caucasian,race,False,0.2931726907630522,False,equalized_odds,Hurlin LR given Y,,,112,386,,,,,0.7408523006445901,,,,0.5999079958401343,2.0,0.7408523006445901,,,,,,,,1.0,False,COMPAS tool,temporal_1,race_aware
break_even,0.2523364485981308,Other vs Caucasian,race,False,0.28104575163398693,False,statistical_parity,z (pooled),0.1643835616438356,0.30310880829015546,73,386,-0.13872524664631986,-0.23531993587261196,-0.04213055742002776,-2.418049046998864,0.015603973391698712,0.9637627866501176,False,0.21995472761716292,6.389606924327694,1.0,0.011479044485975393,,,,,,,,0.04681192017509614,True,COMPAS tool,temporal_1,race_aware
break_even,0.2523364485981308,Other vs Caucasian,race,False,0.28104575163398693,False,conditional_statistical_parity,Hurlin LR over proxy strata,0.1643835616438356,0.30310880829015546,73,386,,,,,0.13144225802350154,,,,22.376609305843377,16.0,0.13144225802350154,16.0,6.297117497709402,0.012093446427720367,0.38349075413640815,0.17820254395824492,0.8252696916749417,0.6690886029137916,0.39432677407050465,False,COMPAS tool,temporal_1,race_aware
break_even,0.2523364485981308,Other vs Caucasian,race,False,0.28104575163398693,False,fpr,z (pooled),0.14285714285714285,0.24912280701754386,56,285,-0.10626566416040101,-0.21076946653942502,-0.0017618617813769805,-1.7231472949378648,0.08486189195285108,0.8539710301995133,False,0.19420834442345541,,,,,,,,,,,0.25458567585855324,False,COMPAS tool,temporal_1,race_aware
break_even,0.2523364485981308,Other vs Caucasian,race,False,0.28104575163398693,False,fnr,z (pooled),0.7647058823529411,0.5445544554455446,17,101,0.22015142690739653,-0.0036603055955149733,0.44396315941030806,1.6994492400028682,0.08923457096464982,0.9305374175720426,False,0.40949229444766605,,,,,,,,,,,0.26770371289394945,False,COMPAS tool,temporal_1,race_aware
break_even,0.2523364485981308,Other vs Caucasian,race,False,0.28104575163398693,False,equalized_odds,Hurlin LR given Y,,,73,386,,,,,0.04267450376195515,,,,6.308307277354528,2.0,0.04267450376195515,,,,,,,,0.12802351128586545,False,COMPAS tool,temporal_1,race_aware
break_even,0.2523364485981308,Female vs Male,sex,False,0.4200351493848858,False,statistical_parity,z (pooled),0.3695652173913043,0.43281938325991187,230,908,-0.06325416586860755,-0.13346755572438104,0.006959223987165947,-1.7361257970326966,0.082541593923617,0.6442675528803168,False,0.12222719172491428,3.0438964107003805,1.0,0.08104118013685814,,,,,,,,0.165083187847234,False,COMPAS tool,temporal_1,race_aware
break_even,0.2523364485981308,Female vs Male,sex,False,0.4200351493848858,False,conditional_statistical_parity,Hurlin LR over proxy strata,0.3695652173913043,0.43281938325991187,230,908,,,,,0.2116061470914694,,,,21.336335884002345,17.0,0.2116061470914694,17.0,1.6666067895879273,0.19671364409897296,1.267292891423846,0.884283854424642,1.8161942736118073,0.40246421887177375,0.4232122941829388,False,COMPAS tool,temporal_1,race_aware
break_even,0.2523364485981308,Female vs Male,sex,False,0.4200351493848858,False,fpr,z (pooled),0.3240223463687151,0.34563758389261745,179,596,-0.021615237523902375,-0.10009032892383053,0.05685985387602578,-0.5351161956044256,0.592569511463841,0.23929175837308544,False,0.08755263215103729,,,,,,,,,,,1.0,False,COMPAS tool,temporal_1,race_aware
break_even,0.2523364485981308,Female vs Male,sex,False,0.4200351493848858,False,fnr,z (pooled),0.47058823529411764,0.40064102564102566,51,312,0.06994720965309198,-0.07743686072975123,0.2173312800359352,0.9414257454509344,0.3464867252047926,0.604521574159047,False,0.19395404712478392,,,,,,,,,,,0.6929734504095852,False,COMPAS tool,temporal_1,race_aware
break_even,0.2523364485981308,Female vs Male,sex,False,0.4200351493848858,False,equalized_odds,Hurlin LR given Y,,,230,908,,,,,0.5584038892178963,,,,1.165345525252933,2.0,0.5584038892178963,,,,,,,,1.0,False,COMPAS tool,temporal_1,race_aware
0.5,0.5,African-American vs Caucasian,race,True,0.2135306553911205,False,statistical_parity,z (pooled),0.3053571428571429,0.08031088082901554,560,386,0.22504626202812733,0.17824762710862185,0.2718448969476328,8.3012383802053,1.0303172628815756e-16,0.9999999999997548,False,0.2643594944233154,76.2145869255638,1.0,2.5445515965610558e-18,,,,,,,,4.1212690515263026e-16,True,TabPFN,temporal_1,race_blind
0.5,0.5,African-American vs Caucasian,race,True,0.2135306553911205,False,conditional_statistical_parity,Hurlin LR over proxy strata,0.3053571428571429,0.08031088082901554,560,386,,,,,0.00020002711451331599,,,,26.249540505508385,6.0,0.00020002711451331599,6.0,21.697125131236728,3.1926939386694997e-06,3.6448665857078097,2.0868484866505717,6.366083840102855,0.7518829422115239,0.0008001084580532639,True,TabPFN,temporal_1,race_blind
0.5,0.5,African-American vs Caucasian,race,True,0.2135306553911205,False,fpr,z (pooled),0.19883040935672514,0.07017543859649122,342,285,0.1286549707602339,0.07699474130101971,0.1803152002194481,4.618065678641318,3.873336697159507e-06,0.998522570065919,False,0.17207395892468003,,,,,,,,,,,1.162001009147852e-05,True,TabPFN,temporal_1,race_blind
0.5,0.5,African-American vs Caucasian,race,True,0.2135306553911205,False,fnr,z (pooled),0.5275229357798165,0.8910891089108911,218,101,-0.36356617313107464,-0.4534727443524505,-0.2736596019096988,-6.302870554794385,2.921829080648527e-10,0.9999999999790232,False,0.43923929319840604,,,,,,,,,,,1.1687316322594107e-09,True,TabPFN,temporal_1,race_blind
0.5,0.5,African-American vs Caucasian,race,True,0.2135306553911205,False,equalized_odds,Hurlin LR given Y,,,560,386,,,,,2.2624444988122383e-15,,,,67.4446610590627,2.0,2.2624444988122383e-15,,,,,,,,9.049777995248953e-15,True,TabPFN,temporal_1,race_blind
0.5,0.5,Hispanic vs Caucasian,race,False,0.08433734939759036,False,statistical_parity,z (pooled),0.09821428571428571,0.08031088082901554,112,386,0.017903404885270174,-0.04352005612662745,0.07932686589716781,0.6002689812279268,0.548326987641268,0.15312670839243298,False,0.0695480567534014,0.34866771580362865,1.0,0.5548682744067932,,,,,,,,0.548326987641268,False,TabPFN,temporal_1,race_blind
0.5,0.5,Hispanic vs Caucasian,race,False,0.08433734939759036,False,conditional_statistical_parity,Hurlin LR over proxy strata,0.09821428571428571,0.08031088082901554,112,386,,,,,0.4633714824238424,,,,4.624721508167069,5.0,0.4633714824238424,5.0,1.4162187721807766,0.23402677861279042,1.8723350949851028,0.6625897938867132,5.290813019242268,0.5733032906436192,0.9267429648476848,False,TabPFN,temporal_1,race_blind
0.5,0.5,Hispanic vs Caucasian,race,False,0.08433734939759036,False,fpr,z (pooled),0.08045977011494253,0.07017543859649122,87,285,0.010284331518451303,-0.054107691783825754,0.07467635482072836,0.3236220945809228,0.7462241583773355,0.11374327930007516,False,0.06445946356950635,,,,,,,,,,,0.7462241583773355,False,TabPFN,temporal_1,race_blind
0.5,0.5,Hispanic vs Caucasian,race,False,0.08433734939759036,False,fnr,z (pooled),0.84,0.8910891089108911,25,101,-0.051089108910891134,-0.20711115826365642,0.10493294044187415,-0.7062153820956348,0.4800542059816626,0.5054469607781462,False,0.18301255155653837,,,,,,,,,,,0.9601084119633252,False,TabPFN,temporal_1,race_blind
0.5,0.5,Hispanic vs Caucasian,race,False,0.08433734939759036,False,equalized_odds,Hurlin LR given Y,,,112,386,,,,,0.7520615837687299,,,,0.56987413015178,2.0,0.7520615837687299,,,,,,,,0.9399263703607705,False,TabPFN,temporal_1,race_blind
0.5,0.5,Other vs Caucasian,race,False,0.07407407407407407,False,statistical_parity,z (pooled),0.0410958904109589,0.08031088082901554,73,386,-0.039214990418056636,-0.09221279420446894,0.01378281336835567,-1.1732204241632465,0.24070742367245568,0.34509462406246516,False,0.08378249333821801,1.578100765955857,1.0,0.20903447504736516,,,,,,,,0.48141484734491136,False,TabPFN,temporal_1,race_blind
0.5,0.5,Other vs Caucasian,race,False,0.07407407407407407,False,conditional_statistical_parity,Hurlin LR over proxy strata,0.0410958904109589,0.08031088082901554,73,386,,,,,0.5834670181915889,,,,2.8486346406008347,4.0,0.5834670181915889,4.0,1.8772000000000009,0.1706527275371258,0.22448979591836732,0.02423301338125403,2.0796286321722937,0.9445862848901291,0.9267429648476848,False,TabPFN,temporal_1,race_blind
0.5,0.5,Other vs Caucasian,race,False,0.07407407407407407,False,fpr,z (pooled),0.03571428571428571,0.07017543859649122,56,285,-0.03446115288220551,-0.09139898278782196,0.022476677023410933,-0.959658586626789,0.33722707257924545,0.29653765691986866,False,0.08237582446612542,,,,,,,,,,,0.6744541451584909,False,TabPFN,temporal_1,race_blind
0.5,0.5,Other vs Caucasian,race,False,0.07407407407407407,False,fnr,z (pooled),0.9411764705882353,0.8910891089108911,17,101,0.05008736167734418,-0.0771979302875555,0.17737265364224386,0.6321363313654303,0.5272977965864907,0.5005355065628466,False,0.1577685244842899,,,,,,,,,,,0.9601084119633252,False,TabPFN,temporal_1,race_blind
0.5,0.5,Other vs Caucasian,race,False,0.07407407407407407,False,equalized_odds,Hurlin LR given Y,,,73,386,,,,,0.46996318518038527,,,,1.5102018334987533,2.0,0.46996318518038527,,,,,,,,0.9399263703607705,False,TabPFN,temporal_1,race_blind
0.5,0.5,Female vs Male,sex,False,0.18980667838312829,False,statistical_parity,z (pooled),0.04782608695652174,0.22577092511013216,230,908,-0.17794483815361042,-0.21667601978365914,-0.1392136565235617,-6.147110664381951,7.890707884450315e-10,0.9999999999293967,False,0.21047559874508695,47.70190801716166,1.0,4.9620846106340486e-12,,,,,,,,2.3672123653350944e-09,True,TabPFN,temporal_1,race_blind
0.5,0.5,Female vs Male,sex,False,0.18980667838312829,False,conditional_statistical_parity,Hurlin LR over proxy strata,0.04782608695652174,0.22577092511013216,230,908,,,,,0.000412995887987403,,,,24.553174263830243,6.0,0.000412995887987403,6.0,18.21495145832051,1.9732370444502934e-05,0.17587760138423655,0.07617951786611207,0.40605311683696943,0.5968016099756144,0.001238987663962209,True,TabPFN,temporal_1,race_blind
0.5,0.5,Female vs Male,sex,False,0.18980667838312829,False,fpr,z (pooled),0.0223463687150838,0.15604026845637584,179,596,-0.13369389974129203,-0.16999344658303706,-0.097394352899547,-4.740360537249146,2.1333825547707426e-06,0.9999964070770577,False,0.16419399221894798,,,,,,,,,,,8.53353021908297e-06,True,TabPFN,temporal_1,race_blind
0.5,0.5,Female vs Male,sex,False,0.18980667838312829,False,fnr,z (pooled),0.8627450980392157,0.6410256410256411,51,312,0.22171945701357465,0.11330988289190787,0.33012903113524145,3.1271672561772137,0.001764994854724778,0.9989719301561008,False,0.3129337137752458,,,,,,,,,,,0.005294984564174334,True,TabPFN,temporal_1,race_blind
0.5,0.5,Female vs Male,sex,False,0.18980667838312829,False,equalized_odds,Hurlin LR given Y,,,230,908,,,,,1.188822815891793e-09,,,,41.10060449955452,2.0,1.188822815891793e-09,,,,,,,,3.566468447675379e-09,True,TabPFN,temporal_1,race_blind
break_even,0.2523364485981308,African-American vs Caucasian,race,True,0.6035940803382663,False,statistical_parity,z (pooled),0.7035714285714286,0.4585492227979275,560,386,0.24502220577350114,0.18255979910615183,0.30748461244085046,7.571902119117231,3.677985559932105e-14,0.999999999312789,False,0.29749380272285497,57.331481651204896,1.0,3.682139478845406e-14,,,,,,,,1.471194223972842e-13,True,TabPFN,temporal_1,race_blind
break_even,0.2523364485981308,African-American vs Caucasian,race,True,0.6035940803382663,False,conditional_statistical_parity,Hurlin LR over proxy strata,0.7035714285714286,0.4585492227979275,560,386,,,,,0.9921547429860315,,,,0.2616266225118514,4.0,0.9921547429860315,4.0,0.0010746111991159996,0.9738490201997557,1.0082471588666262,0.6191846874683166,1.6417756348579613,0.967679379240422,0.9921547429860315,False,TabPFN,temporal_1,race_blind
break_even,0.2523364485981308,African-American vs Caucasian,race,True,0.6035940803382663,False,fpr,z (pooled),0.6052631578947368,0.3824561403508772,342,285,0.22280701754385962,0.1462100465524596,0.2994039885352596,5.5561553859187045,2.7578138997246275e-08,0.9999942280615289,False,0.2871846444286514,,,,,,,,,,,1.103125559889851e-07,True,TabPFN,temporal_1,race_blind
break_even,0.2523364485981308,African-American vs Caucasian,race,True,0.6035940803382663,False,fnr,z (pooled),0.14220183486238533,0.32673267326732675,218,101,-0.18453083840494142,-0.2870792510531565,-0.0819824257567263,-3.8281870778410374,0.0001290906220457698,0.9947052441920057,False,0.2708444219130354,,,,,,,,,,,0.0005163624881830792,True,TabPFN,temporal_1,race_blind
break_even,0.2523364485981308,African-American vs Caucasian,race,True,0.6035940803382663,False,equalized_odds,Hurlin LR given Y,,,560,386,,,,,1.6818145188380485e-10,,,,45.011955297290214,2.0,1.6818145188380485e-10,,,,,,,,6.727258075352194e-10,True,TabPFN,temporal_1,race_blind
break_even,0.2523364485981308,Hispanic vs Caucasian,race,False,0.45180722891566266,False,statistical_parity,z (pooled),0.42857142857142855,0.4585492227979275,112,386,-0.029977794226498933,-0.1342398852492861,0.07428429679628824,-0.5612345861963239,0.5746376280997784,0.3533954117250333,False,0.11764103080107534,0.31575352624864905,1.0,0.574170866077472,,,,,,,,0.5746376280997784,False,TabPFN,temporal_1,race_blind
break_even,0.2523364485981308,Hispanic vs Caucasian,race,False,0.45180722891566266,False,conditional_statistical_parity,Hurlin LR over proxy strata,0.42857142857142855,0.4585492227979275,112,386,,,,,0.4128336010267004,,,,3.949863553774703,4.0,0.4128336010267004,4.0,1.81162138413916,0.17831385195379001,0.5913611450449565,0.27563385206503876,1.2687411261312156,0.5744244145138078,0.8256672020534008,False,TabPFN,temporal_1,race_blind
break_even,0.2523364485981308,Hispanic vs Caucasian,race,False,0.45180722891566266,False,fpr,z (pooled),0.3793103448275862,0.3824561403508772,87,285,-0.0031457955232910284,-0.11967470947028877,0.11338311842370671,-0.05286593603068908,0.957838725535014,0.21558114685202576,False,0.10118541249897615,,,,,,,,,,,0.957838725535014,False,TabPFN,temporal_1,race_blind
break_even,0.2523364485981308,Hispanic vs Caucasian,race,False,0.45180722891566266,False,fnr,z (pooled),0.4,0.32673267326732675,25,101,0.07326732673267328,-0.1394407325351485,0.28597538600049505,0.6917561609392621,0.4890904715772646,0.5847036232384331,False,0.25312126131110707,,,,,,,,,,,0.9781809431545292,False,TabPFN,temporal_1,race_blind
break_even,0.2523364485981308,Hispanic vs Caucasian,race,False,0.45180722891566266,False,equalized_odds,Hurlin LR given Y,,,112,386,,,,,0.7895022076283573,,,,0.4727052981086101,2.0,0.7895022076283573,,,,,,,,0.7895022076283573,False,TabPFN,temporal_1,race_blind
break_even,0.2523364485981308,Other vs Caucasian,race,False,0.4422657952069717,False,statistical_parity,z (pooled),0.3561643835616438,0.4585492227979275,73,386,-0.10238483923628366,-0.22295796347998242,0.01818828500741508,-1.6152103032138838,0.10626516007999035,0.8025412690328091,False,0.20377853261422946,2.649703326853361,1.0,0.10356922340319664,,,,,,,,0.2125303201599807,False,TabPFN,temporal_1,race_blind
break_even,0.2523364485981308,Other vs Caucasian,race,False,0.4422657952069717,False,conditional_statistical_parity,Hurlin LR over proxy strata,0.3561643835616438,0.4585492227979275,73,386,,,,,0.18184840215628945,,,,6.24114897247753,4.0,0.18184840215628945,4.0,3.093426147342356,0.07860913212278742,0.44026824703680606,0.1779819483194471,1.089077466445976,0.5467420454578376,0.5455452064688684,False,TabPFN,temporal_1,race_blind
break_even,0.2523364485981308,Other vs Caucasian,race,False,0.4422657952069717,False,fpr,z (pooled),0.25,0.3824561403508772,56,285,-0.13245614035087722,-0.2591269631432431,-0.005785317558511277,-1.88705659972095,0.059152713278522194,0.8985563247136021,False,0.23905294748985872,,,,,,,,,,,0.11830542655704439,False,TabPFN,temporal_1,race_blind
break_even,0.2523364485981308,Other vs Caucasian,race,False,0.4422657952069717,False,fnr,z (pooled),0.29411764705882354,0.32673267326732675,17,101,-0.032615026208503206,-0.2677331239229007,0.20250307150589433,-0.26626071339070173,0.7900384274436668,0.4425117490224387,False,0.2315208838139921,,,,,,,,,,,0.9781809431545292,False,TabPFN,temporal_1,race_blind
break_even,0.2523364485981308,Other vs Caucasian,race,False,0.4422657952069717,False,equalized_odds,Hurlin LR given Y,,,73,386,,,,,0.14939405451406734,,,,3.8023356056624005,2.0,0.14939405451406734,,,,,,,,0.2987881090281347,False,TabPFN,temporal_1,race_blind
break_even,0.2523364485981308,Female vs Male,sex,False,0.5694200351493849,False,statistical_parity,z (pooled),0.3826086956521739,0.6167400881057269,230,908,-0.23413139245355297,-0.30445455246219894,-0.163808232444907,-6.405485882705182,1.498912551756241e-10,0.9999998314213498,False,0.2931966155115173,40.74723903287418,1.0,1.7324804597568773e-10,,,,,,,,4.4967376552687236e-10,True,TabPFN,temporal_1,race_blind
break_even,0.2523364485981308,Female vs Male,sex,False,0.5694200351493849,False,conditional_statistical_parity,Hurlin LR over proxy strata,0.3826086956521739,0.6167400881057269,230,908,,,,,1.6026452157001963e-09,,,,46.8963309905093,4.0,1.6026452157001963e-09,4.0,12.264452502175349,0.00046166864727603674,0.4024634774604929,0.2367802174296273,0.6840810116991014,2.3000578261100912e-05,6.410580862800785e-09,True,TabPFN,temporal_1,race_blind
break_even,0.2523364485981308,Female vs Male,sex,False,0.5694200351493849,False,fpr,z (pooled),0.3240223463687151,0.5134228187919463,179,596,-0.18940047242323121,-0.26884075264200497,-0.10996019220445746,-4.452561756439121,8.485182442403391e-06,0.9996927765522093,False,0.2561488509549733,,,,,,,,,,,2.545554732721017e-05,True,TabPFN,temporal_1,race_blind
break_even,0.2523364485981308,Female vs Male,sex,False,0.5694200351493849,False,fnr,z (pooled),0.4117647058823529,0.1858974358974359,51,312,0.22586726998491702,0.08406597763423418,0.36766856233559986,3.6240675545778154,0.00029000580434692525,0.992224522071317,False,0.3451768382993905,,,,,,,,,,,0.0008700174130407757,True,TabPFN,temporal_1,race_blind
break_even,0.2523364485981308,Female vs Male,sex,False,0.5694200351493849,False,equalized_odds,Hurlin LR given Y,,,230,908,,,,,1.2326300507094478e-07,,,,31.81789102354646,2.0,1.2326300507094478e-07,,,,,,,,3.6978901521283434e-07,True,TabPFN,temporal_1,race_blind
0.5,0.5,African-American vs Caucasian,race,True,0.0,True,statistical_parity,z (pooled),0.0,0.0,560,386,0.0,,,,1.0,,False,,0.0,1.0,1.0,,,,,,,,1.0,False,TabPFN,temporal_1,race_priors_blind
0.5,0.5,African-American vs Caucasian,race,True,0.0,True,conditional_statistical_parity,Hurlin LR over proxy strata,0.0,0.0,560,386,,,,,1.0,,,,0.0,1.0,1.0,0.0,,,,,,,1.0,False,TabPFN,temporal_1,race_priors_blind
0.5,0.5,African-American vs Caucasian,race,True,0.0,True,fpr,z (pooled),0.0,0.0,342,285,0.0,,,,1.0,,False,,,,,,,,,,,,1.0,False,TabPFN,temporal_1,race_priors_blind
0.5,0.5,African-American vs Caucasian,race,True,0.0,True,fnr,z (pooled),1.0,1.0,218,101,0.0,,,,1.0,,False,,,,,,,,,,,,1.0,False,TabPFN,temporal_1,race_priors_blind
0.5,0.5,African-American vs Caucasian,race,True,0.0,True,equalized_odds,Hurlin LR given Y,,,560,386,,,,,1.0,,,,0.0,1.0,1.0,,,,,,,,1.0,False,TabPFN,temporal_1,race_priors_blind
0.5,0.5,Hispanic vs Caucasian,race,False,0.0,True,statistical_parity,z (pooled),0.0,0.0,112,386,0.0,,,,1.0,,False,,0.0,1.0,1.0,,,,,,,,1.0,False,TabPFN,temporal_1,race_priors_blind
0.5,0.5,Hispanic vs Caucasian,race,False,0.0,True,conditional_statistical_parity,Hurlin LR over proxy strata,0.0,0.0,112,386,,,,,1.0,,,,0.0,1.0,1.0,0.0,,,,,,,1.0,False,TabPFN,temporal_1,race_priors_blind
0.5,0.5,Hispanic vs Caucasian,race,False,0.0,True,fpr,z (pooled),0.0,0.0,87,285,0.0,,,,1.0,,False,,,,,,,,,,,,1.0,False,TabPFN,temporal_1,race_priors_blind
0.5,0.5,Hispanic vs Caucasian,race,False,0.0,True,fnr,z (pooled),1.0,1.0,25,101,0.0,,,,1.0,,False,,,,,,,,,,,,1.0,False,TabPFN,temporal_1,race_priors_blind
0.5,0.5,Hispanic vs Caucasian,race,False,0.0,True,equalized_odds,Hurlin LR given Y,,,112,386,,,,,1.0,,,,0.0,1.0,1.0,,,,,,,,1.0,False,TabPFN,temporal_1,race_priors_blind
0.5,0.5,Other vs Caucasian,race,False,0.0,True,statistical_parity,z (pooled),0.0,0.0,73,386,0.0,,,,1.0,,False,,0.0,1.0,1.0,,,,,,,,1.0,False,TabPFN,temporal_1,race_priors_blind
0.5,0.5,Other vs Caucasian,race,False,0.0,True,conditional_statistical_parity,Hurlin LR over proxy strata,0.0,0.0,73,386,,,,,1.0,,,,0.0,1.0,1.0,0.0,,,,,,,1.0,False,TabPFN,temporal_1,race_priors_blind
0.5,0.5,Other vs Caucasian,race,False,0.0,True,fpr,z (pooled),0.0,0.0,56,285,0.0,,,,1.0,,False,,,,,,,,,,,,1.0,False,TabPFN,temporal_1,race_priors_blind
0.5,0.5,Other vs Caucasian,race,False,0.0,True,fnr,z (pooled),1.0,1.0,17,101,0.0,,,,1.0,,False,,,,,,,,,,,,1.0,False,TabPFN,temporal_1,race_priors_blind
0.5,0.5,Other vs Caucasian,race,False,0.0,True,equalized_odds,Hurlin LR given Y,,,73,386,,,,,1.0,,,,0.0,1.0,1.0,,,,,,,,1.0,False,TabPFN,temporal_1,race_priors_blind
0.5,0.5,Female vs Male,sex,False,0.0,True,statistical_parity,z (pooled),0.0,0.0,230,908,0.0,,,,1.0,,False,,0.0,1.0,1.0,,,,,,,,1.0,False,TabPFN,temporal_1,race_priors_blind
0.5,0.5,Female vs Male,sex,False,0.0,True,conditional_statistical_parity,Hurlin LR over proxy strata,0.0,0.0,230,908,,,,,1.0,,,,0.0,1.0,1.0,0.0,,,,,,,1.0,False,TabPFN,temporal_1,race_priors_blind
0.5,0.5,Female vs Male,sex,False,0.0,True,fpr,z (pooled),0.0,0.0,179,596,0.0,,,,1.0,,False,,,,,,,,,,,,1.0,False,TabPFN,temporal_1,race_priors_blind
0.5,0.5,Female vs Male,sex,False,0.0,True,fnr,z (pooled),1.0,1.0,51,312,0.0,,,,1.0,,False,,,,,,,,,,,,1.0,False,TabPFN,temporal_1,race_priors_blind
0.5,0.5,Female vs Male,sex,False,0.0,True,equalized_odds,Hurlin LR given Y,,,230,908,,,,,1.0,,,,0.0,1.0,1.0,,,,,,,,1.0,False,TabPFN,temporal_1,race_priors_blind
break_even,0.2523364485981308,African-American vs Caucasian,race,True,0.8731501057082452,False,statistical_parity,z (pooled),0.9303571428571429,0.7901554404145078,560,386,0.14020170244263508,0.09443495182956585,0.1859684530557043,6.36804134712164,1.9145731180818752e-10,0.999940150078322,False,0.17864809956338296,39.97500821083616,1.0,2.5723304188703865e-10,,,,,,,,5.743719354245625e-10,True,TabPFN,temporal_1,race_priors_blind
break_even,0.2523364485981308,African-American vs Caucasian,race,True,0.8731501057082452,False,conditional_statistical_parity,Hurlin LR over proxy strata,0.9303571428571429,0.7901554404145078,560,386,,,,,0.2672209179512333,,,,7.620801470668719,6.0,0.2672209179512333,6.0,0.047304572858470714,0.8278217113581845,0.9174582121151308,0.41406588100859626,2.0328397233000164,0.22979504927702143,0.5344418359024666,False,TabPFN,temporal_1,race_priors_blind
break_even,0.2523364485981308,African-American vs Caucasian,race,True,0.8731501057082452,False,fpr,z (pooled),0.9122807017543859,0.7649122807017544,342,285,0.14736842105263148,0.08972606022246954,0.20501078188279342,5.081008037439229,3.7543723123078365e-07,0.9995079610598766,False,0.19581522449998115,,,,,,,,,,,1.1263116936923508e-06,True,TabPFN,temporal_1,race_priors_blind
break_even,0.2523364485981308,African-American vs Caucasian,race,True,0.8731501057082452,False,fnr,z (pooled),0.04128440366972477,0.13861386138613863,218,101,-0.09732945771641385,-0.16970863333351988,-0.02495028209930783,-3.1262147320802285,0.0017707220509620262,0.8995471691992618,False,0.15825001082438844,,,,,,,,,,,0.005312166152886079,True,TabPFN,temporal_1,race_priors_blind
break_even,0.2523364485981308,African-American vs Caucasian,race,True,0.8731501057082452,False,equalized_odds,Hurlin LR given Y,,,560,386,,,,,2.4759697127735425e-08,,,,35.02809724305139,2.0,2.4759697127735425e-08,,,,,,,,7.427909138320627e-08,True,TabPFN,temporal_1,race_priors_blind
break_even,0.2523364485981308,Hispanic vs Caucasian,race,False,0.8052208835341366,False,statistical_parity,z (pooled),0.8571428571428571,0.7901554404145078,112,386,0.06698741672834929,-0.009497740790972237,0.14347257424767082,1.5759865682777918,0.11502889871551335,0.6682364702942851,False,0.13129589541207928,2.6251244510327396,1.0,0.10518425778286906,,,,,,,,0.2300577974310267,False,TabPFN,temporal_1,race_priors_blind
break_even,0.2523364485981308,Hispanic vs Caucasian,race,False,0.8052208835341366,False,conditional_statistical_parity,Hurlin LR over proxy strata,0.8571428571428571,0.7901554404145078,112,386,,,,,0.17450849927054646,,,,7.684394154454689,5.0,0.17450849927054646,5.0,1.5038871806826721,0.22007422307134394,0.4493395840309558,0.13136230278914104,1.5370167657703606,0.34831447857202225,0.5235254978116394,False,TabPFN,temporal_1,race_priors_blind
break_even,0.2523364485981308,Hispanic vs Caucasian,race,False,0.8052208835341366,False,fpr,z (pooled),0.8390804597701149,0.7649122807017544,87,285,0.07416817906836048,-0.017405517632299722,0.1657418757690207,1.4671757456784855,0.14232825307515823,0.6973632641572258,False,0.15121214906248392,,,,,,,,,,,0.28465650615031646,False,TabPFN,temporal_1,race_priors_blind
break_even,0.2523364485981308,Hispanic vs Caucasian,race,False,0.8052208835341366,False,fnr,z (pooled),0.08,0.13861386138613863,25,101,-0.058613861386138624,-0.184512812722902,0.06728508995062472,-0.7880612311555526,0.43066089081730685,0.5532289468774119,False,0.16506691180255567,,,,,,,,,,,0.8613217816346137,False,TabPFN,temporal_1,race_priors_blind
break_even,0.2523364485981308,Hispanic vs Caucasian,race,False,0.8052208835341366,False,equalized_odds,Hurlin LR given Y,,,112,386,,,,,0.22901386173838018,,,,2.9479454913024288,2.0,0.22901386173838018,,,,,,,,0.45802772347676035,False,TabPFN,temporal_1,race_priors_blind
break_even,0.2523364485981308,Other vs Caucasian,race,False,0.7952069716775599,False,statistical_parity,z (pooled),0.821917808219178,0.7901554404145078,73,386,0.03176236780467023,-0.06494577630897796,0.12847051191831843,0.6166857834138929,0.5374420001344864,0.35591905322832434,False,0.11308725652191591,0.3910555671945355,1.0,0.5317450721283639,,,,,,,,0.5374420001344864,False,TabPFN,temporal_1,race_priors_blind
break_even,0.2523364485981308,Other vs Caucasian,race,False,0.7952069716775599,False,conditional_statistical_parity,Hurlin LR over proxy strata,0.821917808219178,0.7901554404145078,73,386,,,,,0.8258766012321657,,,,2.1649897444165367,5.0,0.8258766012321657,5.0,0.034928559017042456,0.8517454389784546,0.8807380738073806,0.24198516750645574,3.2055665338795643,0.8230449242638154,0.8258766012321657,False,TabPFN,temporal_1,race_priors_blind
break_even,0.2523364485981308,Other vs Caucasian,race,False,0.7952069716775599,False,fpr,z (pooled),0.8214285714285714,0.7649122807017544,56,285,0.056516290726816965,-0.05522407141627317,0.1682566528699071,0.9247406683689904,0.3551008195863202,0.5454653671971584,False,0.15054872511410491,,,,,,,,,,,0.3551008195863202,False,TabPFN,temporal_1,race_priors_blind
break_even,0.2523364485981308,Other vs Caucasian,race,False,0.7952069716775599,False,fnr,z (pooled),0.17647058823529413,0.13861386138613863,17,101,0.0378567268491555,-0.1554848243791963,0.2311982780775073,0.41122931387770184,0.6809043954149522,0.4511204036591643,False,0.2014203462884598,,,,,,,,,,,0.8613217816346137,False,TabPFN,temporal_1,race_priors_blind
break_even,0.2523364485981308,Other vs Caucasian,race,False,0.7952069716775599,False,equalized_odds,Hurlin LR given Y,,,73,386,,,,,0.5900468470102049,,,,1.0551066870446186,2.0,0.5900468470102049,,,,,,,,0.5900468470102049,False,TabPFN,temporal_1,race_priors_blind
break_even,0.2523364485981308,Female vs Male,sex,False,0.867311072056239,False,statistical_parity,z (pooled),0.7130434782608696,0.9063876651982379,230,908,-0.19334418693736832,-0.25479665560196285,-0.1318917182727738,-7.720795375366264,1.1560601765945025e-14,0.9999973176366563,False,0.2449588153000668,50.80864301318239,1.0,1.0182433915091437e-12,,,,,,,,4.62424070637801e-14,True,TabPFN,temporal_1,race_priors_blind
break_even,0.2523364485981308,Female vs Male,sex,False,0.867311072056239,False,conditional_statistical_parity,Hurlin LR over proxy strata,0.7130434782608696,0.9063876651982379,230,908,,,,,4.156144088577053e-38,,,,188.997672758288,6.0,4.156144088577053e-38,6.0,174.91014808655714,0.0,0.0,,,,1.6624576354308212e-37,True,TabPFN,temporal_1,race_priors_blind
break_even,0.2523364485981308,Female vs Male,sex,False,0.867311072056239,False,fpr,z (pooled),0.6927374301675978,0.8859060402684564,179,596,-0.19316861010085862,-0.2654142328806489,-0.12092298732106829,-6.202413239381498,5.560384022810061e-10,0.9999442378116511,False,0.2538717969890044,,,,,,,,,,,2.2241536091240246e-09,True,TabPFN,temporal_1,race_priors_blind
break_even,0.2523364485981308,Female vs Male,sex,False,0.867311072056239,False,fnr,z (pooled),0.21568627450980393,0.05448717948717949,51,312,0.16119909502262444,0.045542992713268754,0.27685519733198016,4.000155532425175,6.330086673416463e-05,0.9698452016690399,False,0.258510476398038,,,,,,,,,,,0.0002532034669366585,True,TabPFN,temporal_1,race_priors_blind
break_even,0.2523364485981308,Female vs Male,sex,False,0.867311072056239,False,equalized_odds,Hurlin LR given Y,,,230,908,,,,,9.008408734205515e-11,,,,46.260555155975595,2.0,9.008408734205515e-11,,,,,,,,3.603363493682206e-10,True,TabPFN,temporal_1,race_priors_blind
0.5,0.5,African-American vs Caucasian,race,True,0.0,True,statistical_parity,z (pooled),0.0,0.0,560,386,0.0,,,,1.0,,False,,0.0,1.0,1.0,,,,,,,,1.0,False,TabPFN,temporal_1,race_proxy_blind
0.5,0.5,African-American vs Caucasian,race,True,0.0,True,conditional_statistical_parity,Hurlin LR over proxy strata,0.0,0.0,560,386,,,,,1.0,,,,0.0,1.0,1.0,0.0,,,,,,,1.0,False,TabPFN,temporal_1,race_proxy_blind
0.5,0.5,African-American vs Caucasian,race,True,0.0,True,fpr,z (pooled),0.0,0.0,342,285,0.0,,,,1.0,,False,,,,,,,,,,,,1.0,False,TabPFN,temporal_1,race_proxy_blind
0.5,0.5,African-American vs Caucasian,race,True,0.0,True,fnr,z (pooled),1.0,1.0,218,101,0.0,,,,1.0,,False,,,,,,,,,,,,1.0,False,TabPFN,temporal_1,race_proxy_blind
0.5,0.5,African-American vs Caucasian,race,True,0.0,True,equalized_odds,Hurlin LR given Y,,,560,386,,,,,1.0,,,,0.0,1.0,1.0,,,,,,,,1.0,False,TabPFN,temporal_1,race_proxy_blind
0.5,0.5,Hispanic vs Caucasian,race,False,0.0,True,statistical_parity,z (pooled),0.0,0.0,112,386,0.0,,,,1.0,,False,,0.0,1.0,1.0,,,,,,,,1.0,False,TabPFN,temporal_1,race_proxy_blind
0.5,0.5,Hispanic vs Caucasian,race,False,0.0,True,conditional_statistical_parity,Hurlin LR over proxy strata,0.0,0.0,112,386,,,,,1.0,,,,0.0,1.0,1.0,0.0,,,,,,,1.0,False,TabPFN,temporal_1,race_proxy_blind
0.5,0.5,Hispanic vs Caucasian,race,False,0.0,True,fpr,z (pooled),0.0,0.0,87,285,0.0,,,,1.0,,False,,,,,,,,,,,,1.0,False,TabPFN,temporal_1,race_proxy_blind
0.5,0.5,Hispanic vs Caucasian,race,False,0.0,True,fnr,z (pooled),1.0,1.0,25,101,0.0,,,,1.0,,False,,,,,,,,,,,,1.0,False,TabPFN,temporal_1,race_proxy_blind
0.5,0.5,Hispanic vs Caucasian,race,False,0.0,True,equalized_odds,Hurlin LR given Y,,,112,386,,,,,1.0,,,,0.0,1.0,1.0,,,,,,,,1.0,False,TabPFN,temporal_1,race_proxy_blind
0.5,0.5,Other vs Caucasian,race,False,0.0,True,statistical_parity,z (pooled),0.0,0.0,73,386,0.0,,,,1.0,,False,,0.0,1.0,1.0,,,,,,,,1.0,False,TabPFN,temporal_1,race_proxy_blind
0.5,0.5,Other vs Caucasian,race,False,0.0,True,conditional_statistical_parity,Hurlin LR over proxy strata,0.0,0.0,73,386,,,,,1.0,,,,0.0,1.0,1.0,0.0,,,,,,,1.0,False,TabPFN,temporal_1,race_proxy_blind
0.5,0.5,Other vs Caucasian,race,False,0.0,True,fpr,z (pooled),0.0,0.0,56,285,0.0,,,,1.0,,False,,,,,,,,,,,,1.0,False,TabPFN,temporal_1,race_proxy_blind
0.5,0.5,Other vs Caucasian,race,False,0.0,True,fnr,z (pooled),1.0,1.0,17,101,0.0,,,,1.0,,False,,,,,,,,,,,,1.0,False,TabPFN,temporal_1,race_proxy_blind
0.5,0.5,Other vs Caucasian,race,False,0.0,True,equalized_odds,Hurlin LR given Y,,,73,386,,,,,1.0,,,,0.0,1.0,1.0,,,,,,,,1.0,False,TabPFN,temporal_1,race_proxy_blind
0.5,0.5,Female vs Male,sex,False,0.0,True,statistical_parity,z (pooled),0.0,0.0,230,908,0.0,,,,1.0,,False,,0.0,1.0,1.0,,,,,,,,1.0,False,TabPFN,temporal_1,race_proxy_blind
0.5,0.5,Female vs Male,sex,False,0.0,True,conditional_statistical_parity,Hurlin LR over proxy strata,0.0,0.0,230,908,,,,,1.0,,,,0.0,1.0,1.0,0.0,,,,,,,1.0,False,TabPFN,temporal_1,race_proxy_blind
0.5,0.5,Female vs Male,sex,False,0.0,True,fpr,z (pooled),0.0,0.0,179,596,0.0,,,,1.0,,False,,,,,,,,,,,,1.0,False,TabPFN,temporal_1,race_proxy_blind
0.5,0.5,Female vs Male,sex,False,0.0,True,fnr,z (pooled),1.0,1.0,51,312,0.0,,,,1.0,,False,,,,,,,,,,,,1.0,False,TabPFN,temporal_1,race_proxy_blind
0.5,0.5,Female vs Male,sex,False,0.0,True,equalized_odds,Hurlin LR given Y,,,230,908,,,,,1.0,,,,0.0,1.0,1.0,,,,,,,,1.0,False,TabPFN,temporal_1,race_proxy_blind
break_even,0.2523364485981308,African-American vs Caucasian,race,True,1.0,True,statistical_parity,z (pooled),1.0,1.0,560,386,0.0,,,,1.0,,False,,0.0,1.0,1.0,,,,,,,,1.0,False,TabPFN,temporal_1,race_proxy_blind
break_even,0.2523364485981308,African-American vs Caucasian,race,True,1.0,True,conditional_statistical_parity,Hurlin LR over proxy strata,1.0,1.0,560,386,,,,,1.0,,,,0.0,1.0,1.0,0.0,,,,,,,1.0,False,TabPFN,temporal_1,race_proxy_blind
break_even,0.2523364485981308,African-American vs Caucasian,race,True,1.0,True,fpr,z (pooled),1.0,1.0,342,285,0.0,,,,1.0,,False,,,,,,,,,,,,1.0,False,TabPFN,temporal_1,race_proxy_blind
break_even,0.2523364485981308,African-American vs Caucasian,race,True,1.0,True,fnr,z (pooled),0.0,0.0,218,101,0.0,,,,1.0,,False,,,,,,,,,,,,1.0,False,TabPFN,temporal_1,race_proxy_blind
break_even,0.2523364485981308,African-American vs Caucasian,race,True,1.0,True,equalized_odds,Hurlin LR given Y,,,560,386,,,,,1.0,,,,0.0,1.0,1.0,,,,,,,,1.0,False,TabPFN,temporal_1,race_proxy_blind
break_even,0.2523364485981308,Hispanic vs Caucasian,race,False,1.0,True,statistical_parity,z (pooled),1.0,1.0,112,386,0.0,,,,1.0,,False,,0.0,1.0,1.0,,,,,,,,1.0,False,TabPFN,temporal_1,race_proxy_blind
break_even,0.2523364485981308,Hispanic vs Caucasian,race,False,1.0,True,conditional_statistical_parity,Hurlin LR over proxy strata,1.0,1.0,112,386,,,,,1.0,,,,0.0,1.0,1.0,0.0,,,,,,,1.0,False,TabPFN,temporal_1,race_proxy_blind
break_even,0.2523364485981308,Hispanic vs Caucasian,race,False,1.0,True,fpr,z (pooled),1.0,1.0,87,285,0.0,,,,1.0,,False,,,,,,,,,,,,1.0,False,TabPFN,temporal_1,race_proxy_blind
break_even,0.2523364485981308,Hispanic vs Caucasian,race,False,1.0,True,fnr,z (pooled),0.0,0.0,25,101,0.0,,,,1.0,,False,,,,,,,,,,,,1.0,False,TabPFN,temporal_1,race_proxy_blind
break_even,0.2523364485981308,Hispanic vs Caucasian,race,False,1.0,True,equalized_odds,Hurlin LR given Y,,,112,386,,,,,1.0,,,,0.0,1.0,1.0,,,,,,,,1.0,False,TabPFN,temporal_1,race_proxy_blind
break_even,0.2523364485981308,Other vs Caucasian,race,False,1.0,True,statistical_parity,z (pooled),1.0,1.0,73,386,0.0,,,,1.0,,False,,0.0,1.0,1.0,,,,,,,,1.0,False,TabPFN,temporal_1,race_proxy_blind
break_even,0.2523364485981308,Other vs Caucasian,race,False,1.0,True,conditional_statistical_parity,Hurlin LR over proxy strata,1.0,1.0,73,386,,,,,1.0,,,,0.0,1.0,1.0,0.0,,,,,,,1.0,False,TabPFN,temporal_1,race_proxy_blind
break_even,0.2523364485981308,Other vs Caucasian,race,False,1.0,True,fpr,z (pooled),1.0,1.0,56,285,0.0,,,,1.0,,False,,,,,,,,,,,,1.0,False,TabPFN,temporal_1,race_proxy_blind
break_even,0.2523364485981308,Other vs Caucasian,race,False,1.0,True,fnr,z (pooled),0.0,0.0,17,101,0.0,,,,1.0,,False,,,,,,,,,,,,1.0,False,TabPFN,temporal_1,race_proxy_blind
break_even,0.2523364485981308,Other vs Caucasian,race,False,1.0,True,equalized_odds,Hurlin LR given Y,,,73,386,,,,,1.0,,,,0.0,1.0,1.0,,,,,,,,1.0,False,TabPFN,temporal_1,race_proxy_blind
break_even,0.2523364485981308,Female vs Male,sex,False,1.0,True,statistical_parity,z (pooled),1.0,1.0,230,908,0.0,,,,1.0,,False,,0.0,1.0,1.0,,,,,,,,1.0,False,TabPFN,temporal_1,race_proxy_blind
break_even,0.2523364485981308,Female vs Male,sex,False,1.0,True,conditional_statistical_parity,Hurlin LR over proxy strata,1.0,1.0,230,908,,,,,1.0,,,,0.0,1.0,1.0,0.0,,,,,,,1.0,False,TabPFN,temporal_1,race_proxy_blind
break_even,0.2523364485981308,Female vs Male,sex,False,1.0,True,fpr,z (pooled),1.0,1.0,179,596,0.0,,,,1.0,,False,,,,,,,,,,,,1.0,False,TabPFN,temporal_1,race_proxy_blind
break_even,0.2523364485981308,Female vs Male,sex,False,1.0,True,fnr,z (pooled),0.0,0.0,51,312,0.0,,,,1.0,,False,,,,,,,,,,,,1.0,False,TabPFN,temporal_1,race_proxy_blind
break_even,0.2523364485981308,Female vs Male,sex,False,1.0,True,equalized_odds,Hurlin LR given Y,,,230,908,,,,,1.0,,,,0.0,1.0,1.0,,,,,,,,1.0,False,TabPFN,temporal_1,race_proxy_blind
0.5,0.5,African-American vs Caucasian,race,True,0.19238900634249473,False,statistical_parity,z (pooled),0.275,0.07253886010362694,560,386,0.2024611398963731,0.157325783651321,0.2475964961414252,7.76412535154645,8.221056102245773e-15,0.999999999970011,False,0.2403771336503227,66.86251567292678,1.0,2.911180947980522e-16,,,,,,,,3.288422440898309e-14,True,TabPFN,temporal_1,sex_blind
0.5,0.5,African-American vs Caucasian,race,True,0.19238900634249473,False,conditional_statistical_parity,Hurlin LR over proxy strata,0.275,0.07253886010362694,560,386,,,,,0.00039787906462537066,,,,24.640867641970374,6.0,0.00039787906462537066,6.0,19.488430782841636,1.0121083103609152e-05,3.6474395334086775,2.010000158216816,6.618812986400496,0.6525783074083301,0.0015915162585014827,True,TabPFN,temporal_1,sex_blind
0.5,0.5,African-American vs Caucasian,race,True,0.19238900634249473,False,fpr,z (pooled),0.18128654970760233,0.05964912280701754,342,285,0.1216374269005848,0.07241178599471017,0.17086306780645943,4.570173135778491,4.873214451698608e-06,0.9977581208812526,False,0.16301021099878293,,,,,,,,,,,1.9492857806794434e-05,True,TabPFN,temporal_1,sex_blind
0.5,0.5,African-American vs Caucasian,race,True,0.19238900634249473,False,fnr,z (pooled),0.5779816513761468,0.8910891089108911,218,101,-0.31310745753474434,-0.4024908002901089,-0.22372411477937976,-5.563296402333094,2.6472568079478888e-08,0.9999999905361036,False,0.38834018342406146,,,,,,,,,,,1.0589027231791555e-07,True,TabPFN,temporal_1,sex_blind
0.5,0.5,African-American vs Caucasian,race,True,0.19238900634249473,False,equalized_odds,Hurlin LR given Y,,,560,386,,,,,3.7812745811107385e-13,,,,57.207090130714185,2.0,3.7812745811107385e-13,,,,,,,,1.5125098324442954e-12,True,TabPFN,temporal_1,sex_blind
0.5,0.5,Hispanic vs Caucasian,race,False,0.07429718875502007,False,statistical_parity,z (pooled),0.08035714285714286,0.07253886010362694,112,386,0.007818282753515926,-0.04878746447246582,0.06442402997949767,0.27776491175825235,0.7811928279763509,0.0723881808595053,False,0.05541221609854522,0.07584394109104897,1.0,0.7830106440877247,,,,,,,,0.7811928279763509,False,TabPFN,temporal_1,sex_blind
0.5,0.5,Hispanic vs Caucasian,race,False,0.07429718875502007,False,conditional_statistical_parity,Hurlin LR over proxy strata,0.08035714285714286,0.07253886010362694,112,386,,,,,0.4549511715608592,,,,4.689382373093604,5.0,0.4549511715608592,5.0,1.1294727478342454,0.2878878306562467,1.8560286650356466,0.5902685869521405,5.836059179807439,0.5321166262276863,0.9099023431217184,False,TabPFN,temporal_1,sex_blind
0.5,0.5,Hispanic vs Caucasian,race,False,0.07429718875502007,False,fpr,z (pooled),0.06896551724137931,0.05964912280701754,87,285,0.009316394434361767,-0.05061007842085939,0.06924286728958293,0.31580918874255215,0.7521473431891373,0.09206940584833762,False,0.05973451167607869,,,,,,,,,,,0.9506146487675422,False,TabPFN,temporal_1,sex_blind
0.5,0.5,Hispanic vs Caucasian,race,False,0.07429718875502007,False,fnr,z (pooled),0.88,0.8910891089108911,25,101,-0.011089108910891099,-0.1522185506400962,0.130040332818314,-0.15795725703336644,0.8744904797425039,0.29495112071158297,False,0.1304202027454499,,,,,,,,,,,1.0,False,TabPFN,temporal_1,sex_blind
0.5,0.5,Hispanic vs Caucasian,race,False,0.07429718875502007,False,equalized_odds,Hurlin LR given Y,,,112,386,,,,,0.9408564808497483,,,,0.12192933744594764,2.0,0.9408564808497483,,,,,,,,1.0,False,TabPFN,temporal_1,sex_blind
0.5,0.5,Other vs Caucasian,race,False,0.06753812636165578,False,statistical_parity,z (pooled),0.0410958904109589,0.07253886010362694,73,386,-0.031442969692668035,-0.0838189448397208,0.020933005454384736,-0.9817078208216904,0.3262438113575371,0.2438847445634542,False,0.07548755755370384,1.0839815566006097,1.0,0.2978085590758924,,,,,,,,0.6524876227150742,False,TabPFN,temporal_1,sex_blind
0.5,0.5,Other vs Caucasian,race,False,0.06753812636165578,False,conditional_statistical_parity,Hurlin LR over proxy strata,0.0410958904109589,0.07253886010362694,73,386,,,,,0.6246918266879622,,,,2.612039728027024,4.0,0.6246918266879622,4.0,1.7390586292320394,0.1872581488499564,0.23404255319148937,0.025064731354529624,2.1853781686150886,0.9542558378884171,0.9099023431217184,False,TabPFN,temporal_1,sex_blind
0.5,0.5,Other vs Caucasian,race,False,0.06753812636165578,False,fpr,z (pooled),0.03571428571428571,0.05964912280701754,56,285,-0.02393483709273183,-0.07977795775058812,0.03190828356512446,-0.7138703965120368,0.4753073243837711,0.18046641497450427,False,0.07092828224120001,,,,,,,,,,,0.9506146487675422,False,TabPFN,temporal_1,sex_blind
0.5,0.5,Other vs Caucasian,race,False,0.06753812636165578,False,fnr,z (pooled),0.9411764705882353,0.8910891089108911,17,101,0.05008736167734418,-0.0771979302875555,0.17737265364224386,0.6321363313654303,0.5272977965864907,0.5005355065628466,False,0.1577685244842899,,,,,,,,,,,1.0,False,TabPFN,temporal_1,sex_blind
0.5,0.5,Other vs Caucasian,race,False,0.06753812636165578,False,equalized_odds,Hurlin LR given Y,,,73,386,,,,,0.6004075057976228,,,,1.020293355944971,2.0,0.6004075057976228,,,,,,,,1.0,False,TabPFN,temporal_1,sex_blind
0.5,0.5,Female vs Male,sex,False,0.1704745166959578,False,statistical_parity,z (pooled),0.05217391304347826,0.20044052863436124,230,908,-0.14826661559088297,-0.1870476690146415,-0.10948556216712443,-5.3411464412435175,9.23606063451743e-08,0.9999996065495368,False,0.18083926406992612,35.23007257458181,1.0,2.9296451328956348e-09,,,,,,,,2.7708181903552294e-07,True,TabPFN,temporal_1,sex_blind
0.5,0.5,Female vs Male,sex,False,0.1704745166959578,False,conditional_statistical_parity,Hurlin LR over proxy strata,0.05217391304347826,0.20044052863436124,230,908,,,,,0.03319467123158644,,,,13.698247322792932,6.0,0.03319467123158644,6.0,11.322759243423208,0.0007656286040412796,0.25178681604328645,0.11092919580261383,0.5715050963321052,0.9538755399788469,0.09958401369475932,False,TabPFN,temporal_1,sex_blind
0.5,0.5,Female vs Male,sex,False,0.1704745166959578,False,fpr,z (pooled),0.0223463687150838,0.13926174496644295,179,596,-0.11691537625135914,-0.1521495645549221,-0.08168118794779619,-4.345285164485992,1.3909484656373885e-05,0.9998941250896705,False,0.14652031887829997,,,,,,,,,,,4.172845396912166e-05,True,TabPFN,temporal_1,sex_blind
0.5,0.5,Female vs Male,sex,False,0.1704745166959578,False,fnr,z (pooled),0.8431372549019608,0.6826923076923077,51,312,0.16044494720965308,0.04806571196782665,0.2728241824514795,2.3298602439382132,0.019813538844157676,0.9725696461662967,False,0.25499921975502887,,,,,,,,,,,0.059440616532473026,False,TabPFN,temporal_1,sex_blind
0.5,0.5,Female vs Male,sex,False,0.1704745166959578,False,equalized_odds,Hurlin LR given Y,,,230,908,,,,,1.8931080942559701e-07,,,,30.959751356543215,2.0,1.8931080942559701e-07,,,,,,,,5.679324282767911e-07,True,TabPFN,temporal_1,sex_blind
break_even,0.2523364485981308,African-American vs Caucasian,race,True,0.5961945031712473,False,statistical_parity,z (pooled),0.6982142857142857,0.4481865284974093,560,386,0.25002775721687637,0.18752416481164524,0.3125313496221075,7.702828450586252,1.3308697713992993e-14,0.9999999997296938,False,0.30253395227977564,59.38918481837351,1.0,1.2937816929562617e-14,,,,,,,,5.323479085597197e-14,True,TabPFN,temporal_1,sex_blind
break_even,0.2523364485981308,African-American vs Caucasian,race,True,0.5961945031712473,False,conditional_statistical_parity,Hurlin LR over proxy strata,0.6982142857142857,0.4481865284974093,560,386,,,,,0.9767663139184883,,,,0.0470156858814742,2.0,0.9767663139184883,2.0,0.0025989166988634976,0.9593417990487008,1.014366077414924,0.5876606139159829,1.7509060751130168,0.8331306673328309,0.9767663139184883,False,TabPFN,temporal_1,sex_blind
break_even,0.2523364485981308,African-American vs Caucasian,race,True,0.5961945031712473,False,fpr,z (pooled),0.5906432748538012,0.3719298245614035,342,285,0.2187134502923977,0.1421339583820634,0.29529294220273195,5.454739883085007,4.904458540614208e-08,0.9999908475085749,False,0.28307638649497874,,,,,,,,,,,1.961783416245683e-07,True,TabPFN,temporal_1,sex_blind
break_even,0.2523364485981308,African-American vs Caucasian,race,True,0.5961945031712473,False,fnr,z (pooled),0.13302752293577982,0.33663366336633666,218,101,-0.20360614043055683,-0.3062013451988751,-0.10101093566223857,-4.248981980728023,2.147441899856512e-05,0.9982074686544039,False,0.2899591082202964,,,,,,,,,,,8.589767599426048e-05,True,TabPFN,temporal_1,sex_blind
break_even,0.2523364485981308,African-American vs Caucasian,race,True,0.5961945031712473,False,equalized_odds,Hurlin LR given Y,,,560,386,,,,,6.057762930891399e-11,,,,47.05419088865078,2.0,6.057762930891399e-11,,,,,,,,2.4231051723565597e-10,True,TabPFN,temporal_1,sex_blind
break_even,0.2523364485981308,Hispanic vs Caucasian,race,False,0.46184738955823296,False,statistical_parity,z (pooled),0.5089285714285714,0.4481865284974093,112,386,0.06074204293116209,-0.04429711478242662,0.1657812006447508,1.1352079253292726,0.25628820964236376,0.5793905641685804,False,0.14905863472316905,1.285825858271794,1.0,0.2568186191610959,,,,,,,,0.25628820964236376,False,TabPFN,temporal_1,sex_blind
break_even,0.2523364485981308,Hispanic vs Caucasian,race,False,0.46184738955823296,False,conditional_statistical_parity,Hurlin LR over proxy strata,0.5089285714285714,0.4481865284974093,112,386,,,,,0.0035411143452932134,,,,13.57711575040513,3.0,0.0035411143452932134,3.0,2.5340583865234882,0.11141333241505791,2.0028387762762767,0.8310085143689215,4.827102363448267,0.015099400063752433,0.01062334303587964,True,TabPFN,temporal_1,sex_blind
break_even,0.2523364485981308,Hispanic vs Caucasian,race,False,0.46184738955823296,False,fpr,z (pooled),0.4827586206896552,0.3719298245614035,87,285,0.1108287961282517,-0.008226531010165253,0.22988412326666863,1.8486354423627487,0.06451047133261849,0.8413565412278234,False,0.21099396781151536,,,,,,,,,,,0.06451047133261849,False,TabPFN,temporal_1,sex_blind
break_even,0.2523364485981308,Hispanic vs Caucasian,race,False,0.46184738955823296,False,fnr,z (pooled),0.4,0.33663366336633666,25,101,0.06336633663366337,-0.14963950100552997,0.2763721742728567,0.5950333392005518,0.5518211858437865,0.5488428392939395,False,0.24347205580318357,,,,,,,,,,,1.0,False,TabPFN,temporal_1,sex_blind
break_even,0.2523364485981308,Hispanic vs Caucasian,race,False,0.46184738955823296,False,equalized_odds,Hurlin LR given Y,,,112,386,,,,,0.1553777928865578,,,,3.7237915083561766,2.0,0.1553777928865578,,,,,,,,0.1553777928865578,False,TabPFN,temporal_1,sex_blind
break_even,0.2523364485981308,Other vs Caucasian,race,False,0.420479302832244,False,statistical_parity,z (pooled),0.273972602739726,0.4481865284974093,73,386,-0.1742139257576833,-0.28791768571089804,-0.06051016580446855,-2.7651889941095984,0.005688982455952863,0.9836041604353379,False,0.2698309568741206,7.9657040790473665,1.0,0.0047671944065363,,,,,,,,0.011377964911905725,True,TabPFN,temporal_1,sex_blind
break_even,0.2523364485981308,Other vs Caucasian,race,False,0.420479302832244,False,conditional_statistical_parity,Hurlin LR over proxy strata,0.273972602739726,0.4481865284974093,73,386,,,,,6.00577625647405e-07,,,,34.456704253064615,4.0,6.00577625647405e-07,4.0,12.124836678776761,0.0004975468869098387,0.26023711782736714,0.11165610138852776,0.6065352152986175,0.0009609835088202345,2.40231050258962e-06,True,TabPFN,temporal_1,sex_blind
break_even,0.2523364485981308,Other vs Caucasian,race,False,0.420479302832244,False,fpr,z (pooled),0.17857142857142858,0.3719298245614035,56,285,-0.19335839598997492,-0.3082964314849243,-0.07842036049502554,-2.7921350090489114,0.005236150362537747,0.9924949314906356,False,0.2900817560542858,,,,,,,,,,,0.010472300725075495,True,TabPFN,temporal_1,sex_blind
break_even,0.2523364485981308,Other vs Caucasian,race,False,0.420479302832244,False,fnr,z (pooled),0.4117647058823529,0.33663366336633666,17,101,0.07513104251601627,-0.17631727412724763,0.32657935915928016,0.6018777314934145,0.5472555282528775,0.577480072949569,False,0.2878519838284054,,,,,,,,,,,1.0,False,TabPFN,temporal_1,sex_blind
break_even,0.2523364485981308,Other vs Caucasian,race,False,0.420479302832244,False,equalized_odds,Hurlin LR given Y,,,73,386,,,,,0.01178274447590305,,,,8.882238300625708,2.0,0.01178274447590305,,,,,,,,0.0235654889518061,True,TabPFN,temporal_1,sex_blind
break_even,0.2523364485981308,Female vs Male,sex,False,0.5641476274165202,False,statistical_parity,z (pooled),0.4260869565217391,0.5991189427312775,230,908,-0.1730319862095384,-0.244448785288677,-0.10161518713039983,-4.727113325968555,2.2773417839580403e-06,0.999620495348091,False,0.2330157691791394,22.182005733354778,1.0,2.4798715162158636e-06,,,,,,,,6.83202535187412e-06,True,TabPFN,temporal_1,sex_blind
break_even,0.2523364485981308,Female vs Male,sex,False,0.5641476274165202,False,conditional_statistical_parity,Hurlin LR over proxy strata,0.4260869565217391,0.5991189427312775,230,908,,,,,0.2529274122869834,,,,6.590401847150015,5.0,0.2529274122869834,5.0,0.5593638348938655,0.45451667674818197,0.8060071332115188,0.4613073627467259,1.4082747236456545,0.323771119304886,0.5058548245739668,False,TabPFN,temporal_1,sex_blind
break_even,0.2523364485981308,Female vs Male,sex,False,0.5641476274165202,False,fpr,z (pooled),0.3687150837988827,0.4949664429530201,179,596,-0.12625135915413743,-0.2075315082175258,-0.04497121009074907,-2.9694962918972747,0.0029828841240886845,0.9668287075240043,False,0.19454565698212178,,,,,,,,,,,0.008948652372266053,True,TabPFN,temporal_1,sex_blind
break_even,0.2523364485981308,Female vs Male,sex,False,0.5641476274165202,False,fnr,z (pooled),0.37254901960784315,0.20192307692307693,51,312,0.17062594268476622,0.030657029084234122,0.3105948562852983,2.7014732732001088,0.006903302839574933,0.9539688323191639,False,0.2883937738680404,,,,,,,,,,,0.0207099085187248,True,TabPFN,temporal_1,sex_blind
break_even,0.2523364485981308,Female vs Male,sex,False,0.5641476274165202,False,equalized_odds,Hurlin LR given Y,,,230,908,,,,,0.0004220080371333357,,,,15.540972397539928,2.0,0.0004220080371333357,,,,,,,,0.0012660241114000072,True,TabPFN,temporal_1,sex_blind
0.5,0.5,African-American vs Caucasian,race,True,0.1448087431693989,False,statistical_parity,z (pooled),0.2147093712930012,0.0499194847020934,843,621,0.1647898865909078,0.1322058867770372,0.19737388640477838,8.855041190580595,8.365291475833413e-19,0.9999999999962622,False,0.1921525794892311,87.81366638667797,1.0,7.192029655400494e-21,,,,,,,,3.346116590333365e-18,True,TabPFN,temporal_2,age_blind
0.5,0.5,African-American vs Caucasian,race,True,0.1448087431693989,False,conditional_statistical_parity,Hurlin LR over proxy strata,0.2147093712930012,0.0499194847020934,843,621,,,,,2.2425013814594616e-10,,,,53.85704834467103,5.0,2.2425013814594616e-10,5.0,49.997728780327904,1.539213201340317e-12,5.607819731825282,3.4032668845550367,9.240427862818237,0.765110512012302,8.970005525837846e-10,True,TabPFN,temporal_2,age_blind
0.5,0.5,African-American vs Caucasian,race,True,0.1448087431693989,False,fpr,z (pooled),0.15606936416184972,0.030973451327433628,519,452,0.1250959128344161,0.09002500540179822,0.16016682026703397,6.544730625017756,5.960271997069524e-11,0.9999852200136566,False,0.15455651131199571,,,,,,,,,,,2.3841087988278096e-10,True,TabPFN,temporal_2,age_blind
0.5,0.5,African-American vs Caucasian,race,True,0.1448087431693989,False,fnr,z (pooled),0.691358024691358,0.8994082840236687,324,169,-0.2080502593323107,-0.2757734697344874,-0.14032704893013398,-5.153718877538812,2.55370688833911e-07,0.9999969683628174,False,0.2649928056415161,,,,,,,,,,,1.021482755335644e-06,True,TabPFN,temporal_2,age_blind
0.5,0.5,African-American vs Caucasian,race,True,0.1448087431693989,False,equalized_odds,Hurlin LR given Y,,,843,621,,,,,1.7716023799341773e-17,,,,77.1441242889031,2.0,1.7716023799341773e-17,,,,,,,,7.086409519736709e-17,True,TabPFN,temporal_2,age_blind
0.5,0.5,Hispanic vs Caucasian,race,False,0.04900662251655629,False,statistical_parity,z (pooled),0.04477611940298507,0.0499194847020934,134,621,-0.005143365299108325,-0.04412453273342931,0.03383780213521266,-0.2501243432967066,0.8024911909522293,0.012197866993359773,True,0.03789768888637937,0.06396594284029411,1.0,0.8003339809909007,,,,,,,,0.8024911909522293,False,TabPFN,temporal_2,age_blind
0.5,0.5,Hispanic vs Caucasian,race,False,0.04900662251655629,False,conditional_statistical_parity,Hurlin LR over proxy strata,0.04477611940298507,0.0499194847020934,134,621,,,,,0.6902734872792893,,,,2.247880967303656,4.0,0.6902734872792893,4.0,0.02554233078683751,0.8730231192963646,1.0938541527796293,0.37102073418474396,3.224932725612725,0.6796292749138508,0.6902734872792893,False,TabPFN,temporal_2,age_blind
0.5,0.5,Hispanic vs Caucasian,race,False,0.04900662251655629,False,fpr,z (pooled),0.020202020202020204,0.030973451327433628,99,452,-0.010771431125413424,-0.0427579735885294,0.02121511133770255,-0.5780949034752102,0.5632000477391669,0.008279917804047854,True,0.03766075741102834,,,,,,,,,,,0.5632000477391669,False,TabPFN,temporal_2,age_blind
0.5,0.5,Hispanic vs Caucasian,race,False,0.04900662251655629,False,fnr,z (pooled),0.8857142857142857,0.8994082840236687,35,169,-0.013693998309383004,-0.12843932956870635,0.10105133294994033,-0.2426540453093294,0.8082734100463538,0.26793146873570073,False,0.11043498668473078,,,,,,,,,,,0.8082734100463538,False,TabPFN,temporal_2,age_blind
0.5,0.5,Hispanic vs Caucasian,race,False,0.04900662251655629,False,equalized_odds,Hurlin LR given Y,,,134,621,,,,,0.8096054125282713,,,,0.42241659007233123,2.0,0.8096054125282713,,,,,,,,0.8096054125282713,False,TabPFN,temporal_2,age_blind
0.5,0.5,Other vs Caucasian,race,False,0.04456824512534819,False,statistical_parity,z (pooled),0.010309278350515464,0.0499194847020934,97,621,-0.039610206351577935,-0.06601946621188103,-0.013200946491274849,-1.7581824765752478,0.07871646586307889,0.22045729001556796,False,0.06180226896843573,4.238617524742413,1.0,0.03951433070551814,,,,,,,,0.15743293172615777,False,TabPFN,temporal_2,age_blind
0.5,0.5,Other vs Caucasian,race,False,0.04456824512534819,False,conditional_statistical_parity,Hurlin LR over proxy strata,0.010309278350515464,0.0499194847020934,97,621,,,,,0.25912762717772636,,,,6.516782915207618,5.0,0.25912762717772636,5.0,3.6375875525711985,0.056488730867224723,0.13549990999955852,0.014400942289232676,1.274932239928221,0.8122417918798281,0.5182552543554527,False,TabPFN,temporal_2,age_blind
0.5,0.5,Other vs Caucasian,race,False,0.04456824512534819,False,fpr,z (pooled),0.0,0.030973451327433628,71,452,-0.030973451327433628,-0.04694479709365444,-0.015002105561212814,-1.503197095898952,0.13278822620606248,0.009963992595429275,True,0.044400902699866025,,,,,,,,,,,0.26557645241212496,False,TabPFN,temporal_2,age_blind
0.5,0.5,Other vs Caucasian,race,False,0.04456824512534819,False,fnr,z (pooled),0.9615384615384616,0.8994082840236687,26,169,0.062130177514792884,-0.024591030965053856,0.14885138599463962,1.018889392044268,0.308255480354948,0.6078691307251493,False,0.1352599355335894,,,,,,,,,,,0.616510960709896,False,TabPFN,temporal_2,age_blind
0.5,0.5,Other vs Caucasian,race,False,0.04456824512534819,False,equalized_odds,Hurlin LR given Y,,,97,621,,,,,0.06685085515147333,,,,5.410582366844322,2.0,0.06685085515147333,,,,,,,,0.13370171030294667,False,TabPFN,temporal_2,age_blind
0.5,0.5,Female vs Male,sex,False,0.1283704572098476,False,statistical_parity,z (pooled),0.0521978021978022,0.14903129657228018,364,1342,-0.09683349437447797,-0.12658474242084977,-0.06708224632810617,-4.89851594163061,9.656320556697829e-07,0.9989669655295048,False,0.12181511019971672,28.516892617999467,1.0,9.288455034924852e-08,,,,,,,,2.8968961670093486e-06,True,TabPFN,temporal_2,age_blind
0.5,0.5,Female vs Male,sex,False,0.1283704572098476,False,conditional_statistical_parity,Hurlin LR over proxy strata,0.0521978021978022,0.14903129657228018,364,1342,,,,,0.001218513817584595,,,,20.058531559889193,5.0,0.001218513817584595,5.0,16.83437452792115,4.0787763893601614e-05,0.31527110843251493,0.17724734467972025,0.5607749554266749,0.6184580000304295,0.003655541452753785,True,TabPFN,temporal_2,age_blind
0.5,0.5,Female vs Male,sex,False,0.1283704572098476,False,fpr,z (pooled),0.024822695035460994,0.10368663594470046,282,868,-0.07886394090923945,-0.10608610878322566,-0.05164177303525324,-4.140108850428442,3.471410600617927e-05,0.9810422566818892,False,0.10172795470362536,,,,,,,,,,,0.00010414231801853782,True,TabPFN,temporal_2,age_blind
0.5,0.5,Female vs Male,sex,False,0.1283704572098476,False,fnr,z (pooled),0.8536585365853658,0.7679324894514767,82,474,0.0857260471338891,0.0003053733479501247,0.17114672091982808,1.7318948125562352,0.08329229253689219,0.7936383069219279,False,0.15753341212647676,,,,,,,,,,,0.24987687761067656,False,TabPFN,temporal_2,age_blind
0.5,0.5,Female vs Male,sex,False,0.1283704572098476,False,equalized_odds,Hurlin LR given Y,,,364,1342,,,,,4.325618307758933e-06,,,,24.701910932933767,2.0,4.325618307758933e-06,,,,,,,,1.29768549232768e-05,True,TabPFN,temporal_2,age_blind
break_even,0.2523364485981308,African-American vs Caucasian,race,True,0.5273224043715847,False,statistical_parity,z (pooled),0.6476868327402135,0.3639291465378422,843,621,0.28375768620237135,0.23404071319711045,0.33347465920763225,10.747713043390434,6.0749158847123335e-27,1.0,False,0.32550794006770817,116.8600726978215,1.0,3.0805240042117708e-27,,,,,,,,2.4299663538849334e-26,True,TabPFN,temporal_2,age_blind
break_even,0.2523364485981308,African-American vs Caucasian,race,True,0.5273224043715847,False,conditional_statistical_parity,Hurlin LR over proxy strata,0.6476868327402135,0.3639291465378422,843,621,,,,,1.5271777622284167e-29,,,,148.60315519196075,6.0,1.5271777622284167e-29,6.0,128.62127190238436,0.0,12.390376667311996,7.558083543937935,20.312217120304723,0.11713213202106831,6.108711048913667e-29,True,TabPFN,temporal_2,age_blind
break_even,0.2523364485981308,African-American vs Caucasian,race,True,0.5273224043715847,False,fpr,z (pooled),0.5664739884393064,0.3141592920353982,519,452,0.2523146964039082,0.19190868001974862,0.3127207127880678,7.884695446131283,3.153035524627061e-15,0.9999999999574966,False,0.3030575349729695,,,,,,,,,,,1.2612142098508244e-14,True,TabPFN,temporal_2,age_blind
break_even,0.2523364485981308,African-American vs Caucasian,race,True,0.5273224043715847,False,fnr,z (pooled),0.2222222222222222,0.5029585798816568,324,169,-0.2807363576594346,-0.36866632333512245,-0.19280639198374677,-6.3506548952223065,2.1440020487546867e-10,0.9999998044464261,False,0.3546690036861174,,,,,,,,,,,8.576008195018747e-10,True,TabPFN,temporal_2,age_blind
break_even,0.2523364485981308,African-American vs Caucasian,race,True,0.5273224043715847,False,equalized_odds,Hurlin LR given Y,,,843,621,,,,,5.609098827025337e-23,,,,102.47013413825162,2.0,5.609098827025337e-23,,,,,,,,2.2436395308101347e-22,True,TabPFN,temporal_2,age_blind
break_even,0.2523364485981308,Hispanic vs Caucasian,race,False,0.35496688741721855,False,statistical_parity,z (pooled),0.31343283582089554,0.3639291465378422,134,621,-0.05049631071694666,-0.1376800571234765,0.03668743568958319,-1.107897154635102,0.2679062345826796,0.5044496215193484,False,0.12375334300469194,1.2461738373266726,1.0,0.26428451380633555,,,,,,,,0.4275064179381376,False,TabPFN,temporal_2,age_blind
break_even,0.2523364485981308,Hispanic vs Caucasian,race,False,0.35496688741721855,False,conditional_statistical_parity,Hurlin LR over proxy strata,0.31343283582089554,0.3639291465378422,134,621,,,,,0.7520655940035194,,,,2.6610717644629154,5.0,0.7520655940035194,5.0,0.14666404186699636,0.701743923772751,0.8855923556706977,0.47613747378206367,1.6471583599432278,0.6516718968321822,0.8086106802883978,False,TabPFN,temporal_2,age_blind
break_even,0.2523364485981308,Hispanic vs Caucasian,race,False,0.35496688741721855,False,fpr,z (pooled),0.2222222222222222,0.3141592920353982,99,452,-0.09193706981317601,-0.1843373089594949,0.0004631693331428738,-1.812073734965999,0.06997480409818131,0.8129529020537685,False,0.16961286681872023,,,,,,,,,,,0.13994960819636262,False,TabPFN,temporal_2,age_blind
break_even,0.2523364485981308,Hispanic vs Caucasian,race,False,0.35496688741721855,False,fnr,z (pooled),0.42857142857142855,0.5029585798816568,35,169,-0.07438715131022827,-0.254835051224023,0.10606074860356646,-0.8012604674466934,0.4229808718971142,0.6043159178987578,False,0.22652151700798678,,,,,,,,,,,0.9783539949972582,False,TabPFN,temporal_2,age_blind
break_even,0.2523364485981308,Hispanic vs Caucasian,race,False,0.35496688741721855,False,equalized_odds,Hurlin LR given Y,,,134,621,,,,,0.13014150281251927,,,,4.078265874643225,2.0,0.13014150281251927,,,,,,,,0.26028300562503853,False,TabPFN,temporal_2,age_blind
break_even,0.2523364485981308,Other vs Caucasian,race,False,0.3551532033426184,False,statistical_parity,z (pooled),0.29896907216494845,0.3639291465378422,97,621,-0.06496007437289375,-0.16361165395935784,0.03369150521357034,-1.2433111175351232,0.2137532089690688,0.6168075593990527,False,0.14785834728986957,1.5812874336884395,1.0,0.20857534650235893,,,,,,,,0.4275064179381376,False,TabPFN,temporal_2,age_blind
break_even,0.2523364485981308,Other vs Caucasian,race,False,0.3551532033426184,False,conditional_statistical_parity,Hurlin LR over proxy strata,0.29896907216494845,0.3639291465378422,97,621,,,,,0.4043053401441989,,,,6.171041945505012,6.0,0.4043053401441989,6.0,0.5285118254752212,0.4672331917222653,1.3974819068621056,0.5797595927584872,3.368561218133216,0.5566384366984174,0.8086106802883978,False,TabPFN,temporal_2,age_blind
break_even,0.2523364485981308,Other vs Caucasian,race,False,0.3551532033426184,False,fpr,z (pooled),0.2112676056338028,0.3141592920353982,71,452,-0.1028916864015954,-0.2070401363524041,0.00125676354921328,-1.758486962123162,0.07866468804748566,0.8399897675895589,False,0.19045151183511602,,,,,,,,,,,0.13994960819636262,False,TabPFN,temporal_2,age_blind
break_even,0.2523364485981308,Other vs Caucasian,race,False,0.3551532033426184,False,fnr,z (pooled),0.46153846153846156,0.5029585798816568,26,169,-0.041420118343195256,-0.24733508556545702,0.1644948488790665,-0.39324187881980716,0.6941408412330249,0.4674984583179424,False,0.21506289834333658,,,,,,,,,,,0.9783539949972582,False,TabPFN,temporal_2,age_blind
break_even,0.2523364485981308,Other vs Caucasian,race,False,0.3551532033426184,False,equalized_odds,Hurlin LR given Y,,,97,621,,,,,0.18000090788272047,,,,3.42958676862351,2.0,0.18000090788272047,,,,,,,,0.26028300562503853,False,TabPFN,temporal_2,age_blind
break_even,0.2523364485981308,Female vs Male,sex,False,0.4958968347010551,False,statistical_parity,z (pooled),0.3598901098901099,0.5327868852459017,364,1342,-0.1728967753557918,-0.22896581147994644,-0.11682773923163714,-5.8515234454929255,4.8709060267636596e-09,0.9999908144000791,False,0.2199769891996571,34.628494304618314,1.0,3.990225107953966e-09,,,,,,,,1.4612718080290979e-08,True,TabPFN,temporal_2,age_blind
break_even,0.2523364485981308,Female vs Male,sex,False,0.4958968347010551,False,conditional_statistical_parity,Hurlin LR over proxy strata,0.3598901098901099,0.5327868852459017,364,1342,,,,,3.800590951126043e-05,,,,30.076967713365946,6.0,3.800590951126043e-05,6.0,9.601597835246146,0.0019440813000614066,0.5361928340788217,0.35657929389782866,0.8062800062637893,0.0008851276010437559,0.00011401772853378129,True,TabPFN,temporal_2,age_blind
break_even,0.2523364485981308,Female vs Male,sex,False,0.4958968347010551,False,fpr,z (pooled),0.28368794326241137,0.4539170506912442,282,868,-0.17022910742883285,-0.2323995688078837,-0.10805864604978198,-5.04550499097216,4.523250861327117e-07,0.9999208582868677,False,0.22244634057330712,,,,,,,,,,,1.356975258398135e-06,True,TabPFN,temporal_2,age_blind
break_even,0.2523364485981308,Female vs Male,sex,False,0.4958968347010551,False,fnr,z (pooled),0.3780487804878049,0.3227848101265823,82,474,0.0552639703612226,-0.0578139572536555,0.16834189797610072,0.9819631589587767,0.3261179983324194,0.5363324312852608,False,0.15032091221109545,,,,,,,,,,,0.9783539949972582,False,TabPFN,temporal_2,age_blind
break_even,0.2523364485981308,Female vs Male,sex,False,0.4958968347010551,False,equalized_odds,Hurlin LR given Y,,,364,1342,,,,,1.2231396776602755e-06,,,,27.228178997474068,2.0,1.2231396776602755e-06,,,,,,,,3.6694190329808264e-06,True,TabPFN,temporal_2,age_blind
0.5,0.5,African-American vs Caucasian,race,True,0.14617486338797814,False,statistical_parity,z (pooled),0.1981020166073547,0.07568438003220612,843,621,0.12241763657514856,0.08840821400056954,0.1564270591497276,6.552578360087416,5.655202600041216e-11,0.9999841133236504,False,0.150977340444327,45.891378128403055,1.0,1.2499487008427169e-11,,,,,,,,2.2620810400164865e-10,True,TabPFN,temporal_2,protected_blind
0.5,0.5,African-American vs Caucasian,race,True,0.14617486338797814,False,conditional_statistical_parity,Hurlin LR over proxy strata,0.1981020166073547,0.07568438003220612,843,621,,,,,0.0020438370678104853,,,,20.73864636881839,6.0,0.0020438370678104853,6.0,13.720625846466723,0.00021211217962968654,2.2982460607328896,1.4672129584827414,3.5999783979118773,0.2035990238890627,0.008175348271241941,True,TabPFN,temporal_2,protected_blind
0.5,0.5,African-American vs Caucasian,race,True,0.14617486338797814,False,fpr,z (pooled),0.14258188824662812,0.059734513274336286,519,452,0.08284737497229183,0.04566921496315934,0.12002553498142432,4.218139616555855,2.463262846769879e-05,0.9581731863958504,False,0.11407812787677982,,,,,,,,,,,9.853051387079517e-05,True,TabPFN,temporal_2,protected_blind
0.5,0.5,African-American vs Caucasian,race,True,0.14617486338797814,False,fnr,z (pooled),0.7129629629629629,0.8816568047337278,324,169,-0.16869384177076485,-0.23796161333196625,-0.09942607020956346,-4.229680137301755,2.340238210592367e-05,0.9995777001917102,False,0.22693507496741785,,,,,,,,,,,9.360952842369468e-05,True,TabPFN,temporal_2,protected_blind
0.5,0.5,African-American vs Caucasian,race,True,0.14617486338797814,False,equalized_odds,Hurlin LR given Y,,,843,621,,,,,5.62599097392406e-09,,,,37.991737462461074,2.0,5.62599097392406e-09,,,,,,,,2.250396389569624e-08,True,TabPFN,temporal_2,protected_blind
0.5,0.5,Hispanic vs Caucasian,race,False,0.0847682119205298,False,statistical_parity,z (pooled),0.12686567164179105,0.07568438003220612,134,621,0.05118129160958493,-0.008887640762467577,0.11125022398163743,1.9290962905953453,0.05371890942341986,0.5153678640321211,False,0.10165482480407328,3.3736360770386558,1.0,0.06624739265793272,,,,,,,,0.10743781884683971,False,TabPFN,temporal_2,protected_blind
0.5,0.5,Hispanic vs Caucasian,race,False,0.0847682119205298,False,conditional_statistical_parity,Hurlin LR over proxy strata,0.12686567164179105,0.07568438003220612,134,621,,,,,0.006597718951245117,,,,14.22941946889593,4.0,0.006597718951245117,4.0,12.324424672784358,0.0004470697079057562,7.248122639413465,2.182206678851536,24.0743841108701,0.9011660150019358,0.019793156853735352,True,TabPFN,temporal_2,protected_blind
0.5,0.5,Hispanic vs Caucasian,race,False,0.0847682119205298,False,fpr,z (pooled),0.06060606060606061,0.059734513274336286,99,452,0.0008715473317243219,-0.05095985470179588,0.05270294936524452,0.033100285669420006,0.9735946149447748,0.03186955907757499,True,0.044443355154570846,,,,,,,,,,,0.9735946149447748,False,TabPFN,temporal_2,protected_blind
0.5,0.5,Hispanic vs Caucasian,race,False,0.0847682119205298,False,fnr,z (pooled),0.6857142857142857,0.8816568047337278,35,169,-0.19594251901944204,-0.3572657664760658,-0.03461927156281833,-2.939119517239425,0.003291461228075172,0.961140382873085,False,0.3319530236351278,,,,,,,,,,,0.009874383684225515,True,TabPFN,temporal_2,protected_blind
0.5,0.5,Hispanic vs Caucasian,race,False,0.0847682119205298,False,equalized_odds,Hurlin LR given Y,,,134,621,,,,,0.02505465101074353,,,,7.373391599188155,2.0,0.02505465101074353,,,,,,,,0.03470736388090998,True,TabPFN,temporal_2,protected_blind
0.5,0.5,Other vs Caucasian,race,False,0.06963788300835655,False,statistical_parity,z (pooled),0.030927835051546393,0.07568438003220612,97,621,-0.04475654498065973,-0.08500188867086073,-0.00451120129045874,-1.610561114909942,0.10727541488420156,0.3992598508425096,False,0.07857525826282942,3.1353815088167813,1.0,0.07661046065692574,,,,,,,,0.10743781884683971,False,TabPFN,temporal_2,protected_blind
0.5,0.5,Other vs Caucasian,race,False,0.06963788300835655,False,conditional_statistical_parity,Hurlin LR over proxy strata,0.030927835051546393,0.07568438003220612,97,621,,,,,0.39392945732566764,,,,5.183238562609981,5.0,0.39392945732566764,5.0,2.860658940655824,0.09077030767180982,0.32168654593421964,0.08422337853461986,1.2286640079696236,0.8540842029996486,0.39392945732566764,False,TabPFN,temporal_2,protected_blind
0.5,0.5,Other vs Caucasian,race,False,0.06963788300835655,False,fpr,z (pooled),0.0,0.059734513274336286,71,452,-0.059734513274336286,-0.08158276977935165,-0.03788625676932092,-2.1147149971056924,0.03445424538371744,0.8085392425003511,False,0.07810280897637974,,,,,,,,,,,0.06890849076743488,False,TabPFN,temporal_2,protected_blind
0.5,0.5,Other vs Caucasian,race,False,0.06963788300835655,False,fnr,z (pooled),0.8846153846153846,0.8816568047337278,26,169,0.00295857988165682,-0.1291492886746149,0.13506644843792853,0.04354141015610568,0.9652699552787732,0.2430365181091361,False,0.11436173753189025,,,,,,,,,,,1.0,False,TabPFN,temporal_2,protected_blind
0.5,0.5,Other vs Caucasian,race,False,0.06963788300835655,False,equalized_odds,Hurlin LR given Y,,,97,621,,,,,0.01735368194045499,,,,8.107901159031256,2.0,0.01735368194045499,,,,,,,,0.03470736388090998,True,TabPFN,temporal_2,protected_blind
0.5,0.5,Female vs Male,sex,False,0.13716295427901523,False,statistical_parity,z (pooled),0.08516483516483517,0.1512667660208644,364,1342,-0.06610193085602922,-0.10059453406074144,-0.03160932765131701,-3.251387823701153,0.001148430846726054,0.8198278351770862,False,0.09506478178347468,11.618810352714423,1.0,0.0006528814716402247,,,,,,,,0.003445292540178162,True,TabPFN,temporal_2,protected_blind
0.5,0.5,Female vs Male,sex,False,0.13716295427901523,False,conditional_statistical_parity,Hurlin LR over proxy strata,0.08516483516483517,0.1512667660208644,364,1342,,,,,0.11464916823954482,,,,10.246466794833845,6.0,0.11464916823954482,6.0,2.2667589674848383,0.13217606394434034,0.6758122266779231,0.40097205995625884,1.1390373827473048,0.15401915194586668,0.22929833647908965,False,TabPFN,temporal_2,protected_blind
0.5,0.5,Female vs Male,sex,False,0.13716295427901523,False,fpr,z (pooled),0.04964539007092199,0.10714285714285714,282,868,-0.05749746707193515,-0.09014829477059244,-0.024846639373277857,-2.8876729659297404,0.0038810315744420855,0.6736231959219026,False,0.08492103518583283,,,,,,,,,,,0.011643094723326256,True,TabPFN,temporal_2,protected_blind
0.5,0.5,Female vs Male,sex,False,0.13716295427901523,False,fnr,z (pooled),0.7926829268292683,0.7679324894514767,82,474,0.02475043737779159,-0.0708685146225774,0.12036938937816058,0.4929306967414314,0.6220615566205518,0.3024870801621999,False,0.10513080295188575,,,,,,,,,,,1.0,False,TabPFN,temporal_2,protected_blind
0.5,0.5,Female vs Male,sex,False,0.13716295427901523,False,equalized_odds,Hurlin LR given Y,,,364,1342,,,,,0.007943983140871958,,,,9.6706809489765,2.0,0.007943983140871958,,,,,,,,0.023831949422615874,True,TabPFN,temporal_2,protected_blind
break_even,0.2523364485981308,African-American vs Caucasian,race,True,0.5710382513661202,False,statistical_parity,z (pooled),0.6215895610913404,0.5024154589371981,843,621,0.11917410215414237,0.06800479094284831,0.17034341336543643,4.553329236308191,5.28035358216571e-06,0.9959273370325659,False,0.16214396946605394,20.717411505159163,1.0,5.322978147724859e-06,,,,,,,,2.112141432866284e-05,True,TabPFN,temporal_2,protected_blind
break_even,0.2523364485981308,African-American vs Caucasian,race,True,0.5710382513661202,False,conditional_statistical_parity,Hurlin LR over proxy strata,0.6215895610913404,0.5024154589371981,843,621,,,,,0.007006938587305648,,,,12.112688760386002,3.0,0.007006938587305648,3.0,0.4795740508703095,0.4886153174351472,1.2250837928424694,0.6799280212995614,2.207337030494376,0.003512932401974256,0.02802775434922259,True,TabPFN,temporal_2,protected_blind
break_even,0.2523364485981308,African-American vs Caucasian,race,True,0.5710382513661202,False,fpr,z (pooled),0.5491329479768786,0.4579646017699115,519,452,0.09116834620696712,0.028381171907133157,0.15395552050680109,2.834368285825277,0.0045916381723665875,0.9004696764646242,False,0.14391142778086582,,,,,,,,,,,0.009183276344733175,True,TabPFN,temporal_2,protected_blind
break_even,0.2523364485981308,African-American vs Caucasian,race,True,0.5710382513661202,False,fnr,z (pooled),0.2623456790123457,0.378698224852071,324,169,-0.11635254583972532,-0.20377461639477257,-0.02893047528467807,-2.6701942220855583,0.007580738326970865,0.9312501287870729,False,0.18985814711682303,,,,,,,,,,,0.03032295330788346,True,TabPFN,temporal_2,protected_blind
break_even,0.2523364485981308,African-American vs Caucasian,race,True,0.5710382513661202,False,equalized_odds,Hurlin LR given Y,,,843,621,,,,,0.0005394041216560024,,,,15.05009101220266,2.0,0.0005394041216560024,,,,,,,,0.001815893030098072,True,TabPFN,temporal_2,protected_blind
break_even,0.2523364485981308,Hispanic vs Caucasian,race,False,0.4900662251655629,False,statistical_parity,z (pooled),0.43283582089552236,0.5024154589371981,134,621,-0.06957963804167572,-0.1622296535284114,0.023070377445059964,-1.4612435712187428,0.143948609590894,0.66057620909028,False,0.14742975868599284,2.141694906719305,1.0,0.14334344442505106,,,,,,,,0.143948609590894,False,TabPFN,temporal_2,protected_blind
break_even,0.2523364485981308,Hispanic vs Caucasian,race,False,0.4900662251655629,False,conditional_statistical_parity,Hurlin LR over proxy strata,0.43283582089552236,0.5024154589371981,134,621,,,,,0.3108567526280593,,,,2.3368461507898686,2.0,0.3108567526280593,2.0,1.2625361149096743,0.2611715840361105,0.5481481481481482,0.18935610320472923,1.5867795504504232,0.2997872054130667,0.4792077426174768,False,TabPFN,temporal_2,protected_blind
break_even,0.2523364485981308,Hispanic vs Caucasian,race,False,0.4900662251655629,False,fpr,z (pooled),0.35353535353535354,0.4579646017699115,99,452,-0.10442924823455796,-0.20920494949804655,0.00034645302893063223,-1.8962598208665988,0.05792569642433005,0.8454769274393489,False,0.1925084153194898,,,,,,,,,,,0.05792569642433005,False,TabPFN,temporal_2,protected_blind
break_even,0.2523364485981308,Hispanic vs Caucasian,race,False,0.4900662251655629,False,fnr,z (pooled),0.34285714285714286,0.378698224852071,35,169,-0.03584108199492814,-0.20926790483324098,0.1375857408433847,-0.399173580153526,0.6897653088337039,0.4365144034018053,False,0.18205602658607473,,,,,,,,,,,1.0,False,TabPFN,temporal_2,protected_blind
break_even,0.2523364485981308,Hispanic vs Caucasian,race,False,0.4900662251655629,False,equalized_odds,Hurlin LR given Y,,,134,621,,,,,0.14860799098882302,,,,3.812886745967988,2.0,0.14860799098882302,,,,,,,,0.14860799098882302,False,TabPFN,temporal_2,protected_blind
break_even,0.2523364485981308,Other vs Caucasian,race,False,0.4860724233983287,False,statistical_parity,z (pooled),0.38144329896907214,0.5024154589371981,97,621,-0.12097215996812594,-0.2253295703277097,-0.016614749608542173,-2.2169373888585615,0.026627370348986143,0.9085133810870769,False,0.2086651205994894,4.963213881258195,1.0,0.025892042567075363,,,,,,,,0.053254740697972286,False,TabPFN,temporal_2,protected_blind
break_even,0.2523364485981308,Other vs Caucasian,race,False,0.4860724233983287,False,conditional_statistical_parity,Hurlin LR over proxy strata,0.38144329896907214,0.5024154589371981,97,621,,,,,0.2396038713087384,,,,4.210588902587988,3.0,0.2396038713087384,3.0,1.6215557929996454,0.20287499085346095,2.634657836644591,0.5934726450873851,11.696279472444221,0.34295942279803815,0.4792077426174768,False,TabPFN,temporal_2,protected_blind
break_even,0.2523364485981308,Other vs Caucasian,race,False,0.4860724233983287,False,fpr,z (pooled),0.2676056338028169,0.4579646017699115,71,452,-0.19035896796709462,-0.30311484437730996,-0.0776030915568793,-3.0101638340845827,0.002611068058034396,0.9924854934656631,False,0.2851552405928056,,,,,,,,,,,0.007833204174103188,True,TabPFN,temporal_2,protected_blind
break_even,0.2523364485981308,Other vs Caucasian,race,False,0.4860724233983287,False,fnr,z (pooled),0.3076923076923077,0.378698224852071,26,169,-0.07100591715976329,-0.2628944449441353,0.12088261062460867,-0.6984302957695779,0.4849081354502285,0.5848299978813257,False,0.23282056261313386,,,,,,,,,,,1.0,False,TabPFN,temporal_2,protected_blind
break_even,0.2523364485981308,Other vs Caucasian,race,False,0.4860724233983287,False,equalized_odds,Hurlin LR given Y,,,97,621,,,,,0.006828414580146416,,,,9.973325516476933,2.0,0.006828414580146416,,,,,,,,0.013656829160292832,True,TabPFN,temporal_2,protected_blind
break_even,0.2523364485981308,Female vs Male,sex,False,0.5480656506447831,False,statistical_parity,z (pooled),0.44505494505494503,0.5760059612518629,364,1342,-0.13095101619691785,-0.18844527484813312,-0.07345675754570258,-4.45238121393398,8.492322201417845e-06,0.9970754105024953,False,0.1792279651014774,19.745567930507505,1.0,8.846661251084872e-06,,,,,,,,2.5476966604253535e-05,True,TabPFN,temporal_2,protected_blind
break_even,0.2523364485981308,Female vs Male,sex,False,0.5480656506447831,False,conditional_statistical_parity,Hurlin LR over proxy strata,0.44505494505494503,0.5760059612518629,364,1342,,,,,0.15506275115734558,,,,5.23970933459668,3.0,0.15506275115734558,3.0,0.04119175159811747,0.839168241670331,1.0728067530901417,0.540918955740762,2.1277019732090765,0.07705544860014857,0.46518825347203674,False,TabPFN,temporal_2,protected_blind
break_even,0.2523364485981308,Female vs Male,sex,False,0.5480656506447831,False,fpr,z (pooled),0.375886524822695,0.5092165898617511,282,868,-0.1333300650390561,-0.19891775612319618,-0.06774237395491602,-3.894690067616927,9.832436833307657e-05,0.9935454491831976,False,0.18841744384854214,,,,,,,,,,,0.00039329747333230626,True,TabPFN,temporal_2,protected_blind
break_even,0.2523364485981308,Female vs Male,sex,False,0.5480656506447831,False,fnr,z (pooled),0.3170731707317073,0.30168776371308015,82,474,0.015385407018627173,-0.09347927145253887,0.12425008548979322,0.2796685610799529,0.779731800793655,0.2667081382903943,False,0.10690055616588803,,,,,,,,,,,1.0,False,TabPFN,temporal_2,protected_blind
break_even,0.2523364485981308,Female vs Male,sex,False,0.5480656506447831,False,equalized_odds,Hurlin LR given Y,,,364,1342,,,,,0.000453973257524518,,,,15.39494453157772,2.0,0.000453973257524518,,,,,,,,0.001815893030098072,True,TabPFN,temporal_2,protected_blind
0.5,0.5,African-American vs Caucasian,race,True,0.17691256830601093,False,statistical_parity,z (pooled),0.2431791221826809,0.08695652173913043,843,621,0.15622260044355046,0.11975623295047252,0.1926889679366284,7.741597413746975,9.817543296752471e-15,0.9999999931362193,False,0.1868455448497106,64.24934841762186,1.0,1.0962818801489085e-15,,,,,,,,3.9270173187009884e-14,True,TabPFN,temporal_2,race_aware
0.5,0.5,African-American vs Caucasian,race,True,0.17691256830601093,False,conditional_statistical_parity,Hurlin LR over proxy strata,0.2431791221826809,0.08695652173913043,843,621,,,,,0.00017599240288357953,,,,28.532831451956795,7.0,0.00017599240288357953,7.0,18.342276599390836,1.8456566277857966e-05,2.480299447915901,1.619355117447276,3.7989723718103603,0.15163433228983414,0.0005279772086507386,True,TabPFN,temporal_2,race_aware
0.5,0.5,African-American vs Caucasian,race,True,0.17691256830601093,False,fpr,z (pooled),0.15221579961464354,0.06637168141592921,519,452,0.08584411819871433,0.04735001541659616,0.1243382209808325,4.226746223150362,2.3709480847403405e-05,0.9658484437291142,False,0.11818030191444923,,,,,,,,,,,9.483792338961362e-05,True,TabPFN,temporal_2,race_aware
0.5,0.5,African-American vs Caucasian,race,True,0.17691256830601093,False,fnr,z (pooled),0.6111111111111112,0.8579881656804734,324,169,-0.24687705456936226,-0.3216253171889297,-0.17212879194979483,-5.654931581274423,1.5590836555433177e-08,0.9999998225152528,False,0.30972635513368635,,,,,,,,,,,6.236334622173271e-08,True,TabPFN,temporal_2,race_aware
0.5,0.5,African-American vs Caucasian,race,True,0.17691256830601093,False,equalized_odds,Hurlin LR given Y,,,843,621,,,,,2.6899942694917316e-12,,,,53.28296410523508,2.0,2.6899942694917316e-12,,,,,,,,1.0759977077966926e-11,True,TabPFN,temporal_2,race_aware
0.5,0.5,Hispanic vs Caucasian,race,False,0.08874172185430464,False,statistical_parity,z (pooled),0.09701492537313433,0.08695652173913043,134,621,0.010058403634003898,-0.044736676907233375,0.06485348417524117,0.37133776064550544,0.7103859763791593,0.07675687672287919,False,0.056100529028587476,0.13500200775574367,1.0,0.7133011361920509,,,,,,,,0.8121791118186474,False,TabPFN,temporal_2,race_aware
0.5,0.5,Hispanic vs Caucasian,race,False,0.08874172185430464,False,conditional_statistical_parity,Hurlin LR over proxy strata,0.09701492537313433,0.08695652173913043,134,621,,,,,0.15591755903321916,,,,8.005776527453532,5.0,0.15591755903321916,5.0,1.6925102806615218,0.19327038923914397,1.773030398079834,0.752314934029841,4.1786180897353296,0.23177406697482994,0.3118351180664383,False,TabPFN,temporal_2,race_aware
0.5,0.5,Hispanic vs Caucasian,race,False,0.08874172185430464,False,fpr,z (pooled),0.04040404040404041,0.06637168141592921,99,452,-0.025967641011888802,-0.07103512988638884,0.019099847862611236,-0.9725465166939692,0.33077873514408906,0.14820540860881062,False,0.06385339920588964,,,,,,,,,,,0.4236147089668094,False,TabPFN,temporal_2,race_aware
0.5,0.5,Hispanic vs Caucasian,race,False,0.08874172185430464,False,fnr,z (pooled),0.7428571428571429,0.8579881656804734,35,169,-0.11513102282333054,-0.26919340757691135,0.03893136193025029,-1.6835646413477512,0.09226583695527428,0.795842628558767,False,0.24501994474243932,,,,,,,,,,,0.18453167391054856,False,TabPFN,temporal_2,race_aware
0.5,0.5,Hispanic vs Caucasian,race,False,0.08874172185430464,False,equalized_odds,Hurlin LR given Y,,,134,621,,,,,0.16458906919958344,,,,3.6086068024185582,2.0,0.16458906919958344,,,,,,,,0.3291781383991669,False,TabPFN,temporal_2,race_aware
0.5,0.5,Other vs Caucasian,race,False,0.08356545961002786,False,statistical_parity,z (pooled),0.061855670103092786,0.08695652173913043,97,621,-0.025100851636037647,-0.07791426688846553,0.027712563616390247,-0.8307948085560743,0.4060895559093237,0.1778897452381623,False,0.06948068751526024,0.7434017444593808,1.0,0.388573352391579,,,,,,,,0.8121791118186474,False,TabPFN,temporal_2,race_aware
0.5,0.5,Other vs Caucasian,race,False,0.08356545961002786,False,conditional_statistical_parity,Hurlin LR over proxy strata,0.061855670103092786,0.08695652173913043,97,621,,,,,0.313952148962693,,,,7.075162509418174,6.0,0.313952148962693,6.0,0.04713392847856824,0.8281276886263867,0.8880850242359927,0.3007468891830273,2.6224544247646833,0.2608429268284618,0.313952148962693,False,TabPFN,temporal_2,race_aware
0.5,0.5,Other vs Caucasian,race,False,0.08356545961002786,False,fpr,z (pooled),0.028169014084507043,0.06637168141592921,71,452,-0.03820266733142216,-0.08301109199748233,0.006605757334638009,-1.2486110890521511,0.2118073544834047,0.3030273139114338,False,0.07587406660394512,,,,,,,,,,,0.4236147089668094,False,TabPFN,temporal_2,race_aware
0.5,0.5,Other vs Caucasian,race,False,0.08356545961002786,False,fnr,z (pooled),0.8461538461538461,0.8579881656804734,26,169,-0.01183431952662728,-0.16016877454936104,0.13650013549610648,-0.16019662853723413,0.8727261851349982,0.30731693934231,False,0.13692093895702276,,,,,,,,,,,0.8727261851349982,False,TabPFN,temporal_2,race_aware
0.5,0.5,Other vs Caucasian,race,False,0.08356545961002786,False,equalized_odds,Hurlin LR given Y,,,97,621,,,,,0.38700997344462235,,,,1.8986096302193833,2.0,0.38700997344462235,,,,,,,,0.38700997344462235,False,TabPFN,temporal_2,race_aware
0.5,0.5,Female vs Male,sex,False,0.16295427901524032,False,statistical_parity,z (pooled),0.07692307692307693,0.18628912071535023,364,1342,-0.1093660437922733,-0.14376472991170924,-0.07496735767283735,-5.01086224625832,5.418669397049204e-07,0.9996327923604996,False,0.13825003414418455,28.872813250658268,1.0,7.729017331601664e-08,,,,,,,,1.6256008191147612e-06,True,TabPFN,temporal_2,race_aware
0.5,0.5,Female vs Male,sex,False,0.16295427901524032,False,conditional_statistical_parity,Hurlin LR over proxy strata,0.07692307692307693,0.18628912071535023,364,1342,,,,,8.690738482264594e-05,,,,30.209681175247155,7.0,8.690738482264594e-05,7.0,14.729255143558955,0.00012410555827691017,0.3334656169197305,0.18903606491227684,0.5882439296398762,0.0722283250053839,0.0003476295392905838,True,TabPFN,temporal_2,race_aware
0.5,0.5,Female vs Male,sex,False,0.16295427901524032,False,fpr,z (pooled),0.0425531914893617,0.11866359447004608,282,868,-0.07611040298068439,-0.10801410536253292,-0.04420670059883585,-3.7013338861177045,0.00021446904211036612,0.9455120461572482,False,0.10290645738484647,,,,,,,,,,,0.0006434071263310984,True,TabPFN,temporal_2,race_aware
0.5,0.5,Female vs Male,sex,False,0.16295427901524032,False,fnr,z (pooled),0.8048780487804879,0.689873417721519,82,474,0.11500463105896885,0.0196567936658201,0.2103524684521176,2.112315298819419,0.03465941450753704,0.9089888208315514,False,0.1951570889768407,,,,,,,,,,,0.10397824352261112,False,TabPFN,temporal_2,race_aware
0.5,0.5,Female vs Male,sex,False,0.16295427901524032,False,equalized_odds,Hurlin LR given Y,,,364,1342,,,,,2.945090907486701e-05,,,,20.865571559853123,2.0,2.945090907486701e-05,,,,,,,,8.835272722460102e-05,True,TabPFN,temporal_2,race_aware
break_even,0.2523364485981308,African-American vs Caucasian,race,True,0.5717213114754098,False,statistical_parity,z (pooled),0.6809015421115066,0.42351046698872785,843,621,0.2573910751227787,0.20738721448550893,0.30739493576004845,9.836194555144141,7.862886320575776e-23,0.9999999999999996,False,0.29938224533404684,97.25624704172421,1.0,6.09115269723041e-23,,,,,,,,3.1451545282303104e-22,True,TabPFN,temporal_2,race_aware
break_even,0.2523364485981308,African-American vs Caucasian,race,True,0.5717213114754098,False,conditional_statistical_parity,Hurlin LR over proxy strata,0.6809015421115066,0.42351046698872785,843,621,,,,,1.1940177627353419e-06,,,,40.119853439806974,7.0,1.1940177627353419e-06,7.0,13.11190631723945,0.00029342495629502974,2.0615537297250492,1.3852631545214045,3.0680118551276983,0.00034095521636712256,3.5820532882060255e-06,True,TabPFN,temporal_2,race_aware
break_even,0.2523364485981308,African-American vs Caucasian,race,True,0.5717213114754098,False,fpr,z (pooled),0.5973025048169557,0.35176991150442477,519,452,0.2455325933125309,0.18455472765704165,0.3065104589680202,7.637186254141371,2.2202021447318794e-14,0.9999999997523414,False,0.296755802165843,,,,,,,,,,,8.880808578927518e-14,True,TabPFN,temporal_2,race_aware
break_even,0.2523364485981308,African-American vs Caucasian,race,True,0.5717213114754098,False,fnr,z (pooled),0.18518518518518517,0.38461538461538464,324,169,-0.19943019943019946,-0.28410032827329185,-0.11476007058710706,-4.831158931183851,1.3574059224752198e-06,0.9997053579907044,False,0.2706219327225599,,,,,,,,,,,5.429623689900879e-06,True,TabPFN,temporal_2,race_aware
break_even,0.2523364485981308,African-American vs Caucasian,race,True,0.5717213114754098,False,equalized_odds,Hurlin LR given Y,,,843,621,,,,,1.9459905922943327e-18,,,,81.56152104904363,2.0,1.9459905922943327e-18,,,,,,,,7.78396236917733e-18,True,TabPFN,temporal_2,race_aware
break_even,0.2523364485981308,Hispanic vs Caucasian,race,False,0.4198675496688742,False,statistical_parity,z (pooled),0.40298507462686567,0.42351046698872785,134,621,-0.020525392361862183,-0.11221712389456225,0.07116633917083788,-0.43661279290371663,0.662392183348165,0.2644308043873765,False,0.09757030513825544,0.19121885500801383,1.0,0.6619041053638903,,,,,,,,1.0,False,TabPFN,temporal_2,race_aware
break_even,0.2523364485981308,Hispanic vs Caucasian,race,False,0.4198675496688742,False,conditional_statistical_parity,Hurlin LR over proxy strata,0.40298507462686567,0.42351046698872785,134,621,,,,,0.4897567604559683,,,,5.4316431086365515,6.0,0.4897567604559683,6.0,0.033169720604452196,0.8554841880452224,0.9344765415511114,0.45996569612676447,1.8985033320151405,0.516292372242966,0.4897567604559683,False,TabPFN,temporal_2,race_aware
break_even,0.2523364485981308,Hispanic vs Caucasian,race,False,0.4198675496688742,False,fpr,z (pooled),0.29292929292929293,0.35176991150442477,99,452,-0.05884061857513184,-0.15871467898489044,0.041033441834626774,-1.1184269068406834,0.2633847079275846,0.5688354459087699,False,0.14279924589235274,,,,,,,,,,,0.3281976695893578,False,TabPFN,temporal_2,race_aware
break_even,0.2523364485981308,Hispanic vs Caucasian,race,False,0.4198675496688742,False,fnr,z (pooled),0.2857142857142857,0.38461538461538464,35,169,-0.09890109890109894,-0.26557198072582183,0.06776978292362396,-1.10450602298823,0.2693736923032819,0.717051897841191,False,0.23942015674995043,,,,,,,,,,,0.2693736923032819,False,TabPFN,temporal_2,race_aware
break_even,0.2523364485981308,Hispanic vs Caucasian,race,False,0.4198675496688742,False,equalized_odds,Hurlin LR given Y,,,134,621,,,,,0.2818112237732234,,,,2.5330357028980366,2.0,0.2818112237732234,,,,,,,,0.2818112237732234,False,TabPFN,temporal_2,race_aware
break_even,0.2523364485981308,Other vs Caucasian,race,False,0.4206128133704735,False,statistical_parity,z (pooled),0.4020618556701031,0.42351046698872785,97,621,-0.021448611318624744,-0.12647761853149597,0.08358039589424648,-0.39796321596402395,0.6906573004987429,0.2971678892901446,False,0.10970592398030934,0.15894934032328978,1.0,0.6901256811646888,,,,,,,,1.0,False,TabPFN,temporal_2,race_aware
break_even,0.2523364485981308,Other vs Caucasian,race,False,0.4206128133704735,False,conditional_statistical_parity,Hurlin LR over proxy strata,0.4020618556701031,0.42351046698872785,97,621,,,,,0.20654986661918456,,,,9.694615404991065,7.0,0.20654986661918456,7.0,0.1401703105393078,0.7081117592617922,1.1555697343568516,0.5321076787931505,2.5095323074273095,0.17488506854461305,0.4130997332383691,False,TabPFN,temporal_2,race_aware
break_even,0.2523364485981308,Other vs Caucasian,race,False,0.4206128133704735,False,fpr,z (pooled),0.2676056338028169,0.35176991150442477,71,452,-0.08416427770160789,-0.19615609788962898,0.027827542486413198,-1.3914175863207021,0.1640988347946789,0.7249192849076961,False,0.17831819194878978,,,,,,,,,,,0.3281976695893578,False,TabPFN,temporal_2,race_aware
break_even,0.2523364485981308,Other vs Caucasian,race,False,0.4206128133704735,False,fnr,z (pooled),0.23076923076923078,0.38461538461538464,26,169,-0.15384615384615385,-0.3316312363212737,0.023938928628966016,-1.5177280421121964,0.12908297176213235,0.8731525366142587,False,0.30376772768790566,,,,,,,,,,,0.2581659435242647,False,TabPFN,temporal_2,race_aware
break_even,0.2523364485981308,Other vs Caucasian,race,False,0.4206128133704735,False,equalized_odds,Hurlin LR given Y,,,97,621,,,,,0.10807671993974899,,,,4.4498278684772705,2.0,0.10807671993974899,,,,,,,,0.21615343987949798,False,TabPFN,temporal_2,race_aware
break_even,0.2523364485981308,Female vs Male,sex,False,0.5474794841735052,False,statistical_parity,z (pooled),0.33791208791208793,0.6043219076005961,364,1342,-0.2664098196885082,-0.321596487377959,-0.21122315199905736,-9.057004916029822,1.3408156122313346e-19,0.9999999999999872,False,0.3127491237991841,82.39773606622515,1.0,1.112811888586535e-19,,,,,,,,4.0224468366940037e-19,True,TabPFN,temporal_2,race_aware
break_even,0.2523364485981308,Female vs Male,sex,False,0.5474794841735052,False,conditional_statistical_parity,Hurlin LR over proxy strata,0.33791208791208793,0.6043219076005961,364,1342,,,,,2.0173082876149024e-51,,,,255.3447789521866,7.0,2.0173082876149024e-51,7.0,101.53364471472621,0.0,0.2037822016057387,0.14064610728591306,0.29526011414495257,0.0,8.06923315045961e-51,True,TabPFN,temporal_2,race_aware
break_even,0.2523364485981308,Female vs Male,sex,False,0.5474794841735052,False,fpr,z (pooled),0.25886524822695034,0.5138248847926268,282,868,-0.25495963656567644,-0.3159435524940985,-0.19397572063725438,-7.474917603658178,7.725224284609785e-14,0.9999999999659506,False,0.3061802851737381,,,,,,,,,,,2.3175672853829354e-13,True,TabPFN,temporal_2,race_aware
break_even,0.2523364485981308,Female vs Male,sex,False,0.5474794841735052,False,fnr,z (pooled),0.3902439024390244,0.229957805907173,82,474,0.1602860965318514,0.04811426045977944,0.27245793260392337,3.08031932673496,0.002067787670464586,0.9727555657023903,False,0.25458134869646115,,,,,,,,,,,0.006203363011393757,True,TabPFN,temporal_2,race_aware
break_even,0.2523364485981308,Female vs Male,sex,False,0.5474794841735052,False,equalized_odds,Hurlin LR given Y,,,364,1342,,,,,2.918445218392768e-15,,,,66.9354507597838,2.0,2.918445218392768e-15,,,,,,,,8.755335655178305e-15,True,TabPFN,temporal_2,race_aware
0.5,0.5,African-American vs Caucasian,race,True,0.4180327868852459,False,statistical_parity,z (pooled),0.5077105575326216,0.2962962962962963,843,621,0.21141426123632534,0.1621319459223999,0.2606965765502508,8.105296327930786,5.261711676356601e-16,0.9999999999078113,False,0.25279950758288466,66.81163761664018,1.0,2.9872936493625835e-16,,,,,,,,2.1046846705426405e-15,True,COMPAS tool,temporal_2,race_aware
0.5,0.5,African-American vs Caucasian,race,True,0.4180327868852459,False,conditional_statistical_parity,Hurlin LR over proxy strata,0.5077105575326216,0.2962962962962963,843,621,,,,,0.0025340821499387025,,,,37.90330329159395,17.0,0.0025340821499387025,17.0,15.527430561933468,8.13166688053979e-05,1.6440950325674617,1.281774048075294,2.108833830870494,0.13394388909301358,0.01013632859975481,True,COMPAS tool,temporal_2,race_aware
0.5,0.5,African-American vs Caucasian,race,True,0.4180327868852459,False,fpr,z (pooled),0.42003853564547206,0.2234513274336283,519,452,0.19658720821184375,0.13933506381395172,0.2538393526097358,6.50576882514281,7.729701886580013e-11,0.9999996898939331,False,0.24468070112551724,,,,,,,,,,,3.091880754632005e-10,True,COMPAS tool,temporal_2,race_aware
0.5,0.5,African-American vs Caucasian,race,True,0.4180327868852459,False,fnr,z (pooled),0.35185185185185186,0.5088757396449705,324,169,-0.1570238877931186,-0.24859193645378852,-0.06545583913244868,-3.3702043514466964,0.0007511245885141675,0.9888007136844729,False,0.23401548078375717,,,,,,,,,,,0.00300449835405667,True,COMPAS tool,temporal_2,race_aware
0.5,0.5,African-American vs Caucasian,race,True,0.4180327868852459,False,equalized_odds,Hurlin LR given Y,,,843,621,,,,,1.5222836316690968e-12,,,,54.42161903854401,2.0,1.5222836316690968e-12,,,,,,,,6.089134526676387e-12,True,COMPAS tool,temporal_2,race_aware
0.5,0.5,Hispanic vs Caucasian,race,False,0.28874172185430463,False,statistical_parity,z (pooled),0.2537313432835821,0.2962962962962963,134,621,-0.04256495301271418,-0.12452869893052576,0.0393987929050974,-0.9860715839854286,0.32409798667732304,0.42946742764740276,False,0.11143582664009433,0.99225452440864,1.0,0.3191919726415705,,,,,,,,0.32409798667732304,False,COMPAS tool,temporal_2,race_aware
0.5,0.5,Hispanic vs Caucasian,race,False,0.28874172185430463,False,conditional_statistical_parity,Hurlin LR over proxy strata,0.2537313432835821,0.2962962962962963,134,621,,,,,0.43714550343541675,,,,14.169711040993587,14.0,0.43714550343541675,14.0,0.3342620344716578,0.563160159840232,0.8649137008020781,0.5327215775794283,1.4042526928123336,0.6516754086701415,0.8742910068708335,False,COMPAS tool,temporal_2,race_aware
0.5,0.5,Hispanic vs Caucasian,race,False,0.28874172185430463,False,fpr,z (pooled),0.20202020202020202,0.2234513274336283,99,452,-0.02143112541342629,-0.1093516163085475,0.06648936548169493,-0.4665311847148267,0.6408353312616617,0.262237338218697,False,0.09534104454883911,,,,,,,,,,,0.6408353312616617,False,COMPAS tool,temporal_2,race_aware
0.5,0.5,Hispanic vs Caucasian,race,False,0.28874172185430463,False,fnr,z (pooled),0.6,0.5088757396449705,35,169,0.09112426035502952,-0.08782342088840839,0.2700719415984674,0.9825365579143971,0.32583558181686767,0.6735555751072426,False,0.24199380215662905,,,,,,,,,,,0.977506745450603,False,COMPAS tool,temporal_2,race_aware
0.5,0.5,Hispanic vs Caucasian,race,False,0.28874172185430463,False,equalized_odds,Hurlin LR given Y,,,134,621,,,,,0.5506194312168607,,,,1.193422791820797,2.0,0.5506194312168607,,,,,,,,0.6787045577757904,False,COMPAS tool,temporal_2,race_aware
0.5,0.5,Other vs Caucasian,race,False,0.2827298050139276,False,statistical_parity,z (pooled),0.1958762886597938,0.2962962962962963,97,621,-0.10042000763650247,-0.1871815334014795,-0.013658481871525435,-2.042502072746009,0.04110175403033055,0.8724580107887924,False,0.17332690554637797,4.442861873152673,1.0,0.03504745056948039,,,,,,,,0.10147565904000043,False,COMPAS tool,temporal_2,race_aware
0.5,0.5,Other vs Caucasian,race,False,0.2827298050139276,False,conditional_statistical_parity,Hurlin LR over proxy strata,0.1958762886597938,0.2962962962962963,97,621,,,,,0.038948177130671426,,,,27.23459405409696,16.0,0.038948177130671426,16.0,4.327828735345699,0.037494045112052454,0.5439947660788974,0.3037573886992218,0.9742324517223915,0.17323549696328577,0.11684453139201428,False,COMPAS tool,temporal_2,race_aware
0.5,0.5,Other vs Caucasian,race,False,0.2827298050139276,False,fpr,z (pooled),0.11267605633802817,0.2234513274336283,71,452,-0.11077527109560013,-0.19374605748653076,-0.027804484704669508,-2.1363806620833294,0.032648398967660475,0.9241495463557869,False,0.18053058263315225,,,,,,,,,,,0.09794519690298142,False,COMPAS tool,temporal_2,race_aware
0.5,0.5,Other vs Caucasian,race,False,0.2827298050139276,False,fnr,z (pooled),0.5769230769230769,0.5088757396449705,26,169,0.06804733727810641,-0.1362653979365417,0.2723600724927545,0.6464483838293276,0.5179890146077311,0.5686336364014282,False,0.24033899635799455,,,,,,,,,,,1.0,False,COMPAS tool,temporal_2,race_aware
0.5,0.5,Other vs Caucasian,race,False,0.2827298050139276,False,equalized_odds,Hurlin LR given Y,,,97,621,,,,,0.06160009439565099,,,,5.574183752093811,2.0,0.06160009439565099,,,,,,,,0.18480028318695296,False,COMPAS tool,temporal_2,race_aware
0.5,0.5,Female vs Male,sex,False,0.39155920281359907,False,statistical_parity,z (pooled),0.3434065934065934,0.4046199701937407,364,1342,-0.06121337678714728,-0.11661336713823718,-0.0058133864360573745,-2.122149095668446,0.03382521968000014,0.6541850615190403,False,0.10773180430036346,4.558861009516384,1.0,0.032748845863716944,,,,,,,,0.10147565904000043,False,COMPAS tool,temporal_2,race_aware
0.5,0.5,Female vs Male,sex,False,0.39155920281359907,False,conditional_statistical_parity,Hurlin LR over proxy strata,0.3434065934065934,0.4046199701937407,364,1342,,,,,0.8878273828204715,,,,10.360256393654053,17.0,0.8878273828204715,17.0,0.002082469858546992,0.9636019002957639,0.9934611961282984,0.7506257194543788,1.3148565558479437,0.8945823343036393,0.8878273828204715,False,COMPAS tool,temporal_2,race_aware
0.5,0.5,Female vs Male,sex,False,0.39155920281359907,False,fpr,z (pooled),0.2695035460992908,0.31336405529953915,282,868,-0.043860509200248365,-0.10414378118829234,0.016422762787795607,-1.392932912608021,0.16364007862855312,0.42091023858232257,False,0.09449268400299396,,,,,,,,,,,0.32728015725710624,False,COMPAS tool,temporal_2,race_aware
0.5,0.5,Female vs Male,sex,False,0.39155920281359907,False,fnr,z (pooled),0.4024390243902439,0.4282700421940928,82,474,-0.025831017803848888,-0.14094077048271075,0.08927873487501296,-0.43696235248726395,0.6621386511116207,0.34042404172053353,False,0.12259597713361413,,,,,,,,,,,1.0,False,COMPAS tool,temporal_2,race_aware
0.5,0.5,Female vs Male,sex,False,0.39155920281359907,False,equalized_odds,Hurlin LR given Y,,,364,1342,,,,,0.3393522788878952,,,,2.1614330808102045,2.0,0.3393522788878952,,,,,,,,0.6787045577757904,False,COMPAS tool,temporal_2,race_aware
break_even,0.2523364485981308,African-American vs Caucasian,race,True,0.4180327868852459,False,statistical_parity,z (pooled),0.5077105575326216,0.2962962962962963,843,621,0.21141426123632534,0.1621319459223999,0.2606965765502508,8.105296327930786,5.261711676356601e-16,0.9999999999078113,False,0.25279950758288466,66.81163761664018,1.0,2.9872936493625835e-16,,,,,,,,2.1046846705426405e-15,True,COMPAS tool,temporal_2,race_aware
break_even,0.2523364485981308,African-American vs Caucasian,race,True,0.4180327868852459,False,conditional_statistical_parity,Hurlin LR over proxy strata,0.5077105575326216,0.2962962962962963,843,621,,,,,0.0025340821499387025,,,,37.90330329159395,17.0,0.0025340821499387025,17.0,15.527430561933468,8.13166688053979e-05,1.6440950325674617,1.281774048075294,2.108833830870494,0.13394388909301358,0.01013632859975481,True,COMPAS tool,temporal_2,race_aware
break_even,0.2523364485981308,African-American vs Caucasian,race,True,0.4180327868852459,False,fpr,z (pooled),0.42003853564547206,0.2234513274336283,519,452,0.19658720821184375,0.13933506381395172,0.2538393526097358,6.50576882514281,7.729701886580013e-11,0.9999996898939331,False,0.24468070112551724,,,,,,,,,,,3.091880754632005e-10,True,COMPAS tool,temporal_2,race_aware
break_even,0.2523364485981308,African-American vs Caucasian,race,True,0.4180327868852459,False,fnr,z (pooled),0.35185185185185186,0.5088757396449705,324,169,-0.1570238877931186,-0.24859193645378852,-0.06545583913244868,-3.3702043514466964,0.0007511245885141675,0.9888007136844729,False,0.23401548078375717,,,,,,,,,,,0.00300449835405667,True,COMPAS tool,temporal_2,race_aware
break_even,0.2523364485981308,African-American vs Caucasian,race,True,0.4180327868852459,False,equalized_odds,Hurlin LR given Y,,,843,621,,,,,1.5222836316690968e-12,,,,54.42161903854401,2.0,1.5222836316690968e-12,,,,,,,,6.089134526676387e-12,True,COMPAS tool,temporal_2,race_aware
break_even,0.2523364485981308,Hispanic vs Caucasian,race,False,0.28874172185430463,False,statistical_parity,z (pooled),0.2537313432835821,0.2962962962962963,134,621,-0.04256495301271418,-0.12452869893052576,0.0393987929050974,-0.9860715839854286,0.32409798667732304,0.42946742764740276,False,0.11143582664009433,0.99225452440864,1.0,0.3191919726415705,,,,,,,,0.32409798667732304,False,COMPAS tool,temporal_2,race_aware
break_even,0.2523364485981308,Hispanic vs Caucasian,race,False,0.28874172185430463,False,conditional_statistical_parity,Hurlin LR over proxy strata,0.2537313432835821,0.2962962962962963,134,621,,,,,0.43714550343541675,,,,14.169711040993587,14.0,0.43714550343541675,14.0,0.3342620344716578,0.563160159840232,0.8649137008020781,0.5327215775794283,1.4042526928123336,0.6516754086701415,0.8742910068708335,False,COMPAS tool,temporal_2,race_aware
break_even,0.2523364485981308,Hispanic vs Caucasian,race,False,0.28874172185430463,False,fpr,z (pooled),0.20202020202020202,0.2234513274336283,99,452,-0.02143112541342629,-0.1093516163085475,0.06648936548169493,-0.4665311847148267,0.6408353312616617,0.262237338218697,False,0.09534104454883911,,,,,,,,,,,0.6408353312616617,False,COMPAS tool,temporal_2,race_aware
break_even,0.2523364485981308,Hispanic vs Caucasian,race,False,0.28874172185430463,False,fnr,z (pooled),0.6,0.5088757396449705,35,169,0.09112426035502952,-0.08782342088840839,0.2700719415984674,0.9825365579143971,0.32583558181686767,0.6735555751072426,False,0.24199380215662905,,,,,,,,,,,0.977506745450603,False,COMPAS tool,temporal_2,race_aware
break_even,0.2523364485981308,Hispanic vs Caucasian,race,False,0.28874172185430463,False,equalized_odds,Hurlin LR given Y,,,134,621,,,,,0.5506194312168607,,,,1.193422791820797,2.0,0.5506194312168607,,,,,,,,0.6787045577757904,False,COMPAS tool,temporal_2,race_aware
break_even,0.2523364485981308,Other vs Caucasian,race,False,0.2827298050139276,False,statistical_parity,z (pooled),0.1958762886597938,0.2962962962962963,97,621,-0.10042000763650247,-0.1871815334014795,-0.013658481871525435,-2.042502072746009,0.04110175403033055,0.8724580107887924,False,0.17332690554637797,4.442861873152673,1.0,0.03504745056948039,,,,,,,,0.10147565904000043,False,COMPAS tool,temporal_2,race_aware
break_even,0.2523364485981308,Other vs Caucasian,race,False,0.2827298050139276,False,conditional_statistical_parity,Hurlin LR over proxy strata,0.1958762886597938,0.2962962962962963,97,621,,,,,0.038948177130671426,,,,27.23459405409696,16.0,0.038948177130671426,16.0,4.327828735345699,0.037494045112052454,0.5439947660788974,0.3037573886992218,0.9742324517223915,0.17323549696328577,0.11684453139201428,False,COMPAS tool,temporal_2,race_aware
break_even,0.2523364485981308,Other vs Caucasian,race,False,0.2827298050139276,False,fpr,z (pooled),0.11267605633802817,0.2234513274336283,71,452,-0.11077527109560013,-0.19374605748653076,-0.027804484704669508,-2.1363806620833294,0.032648398967660475,0.9241495463557869,False,0.18053058263315225,,,,,,,,,,,0.09794519690298142,False,COMPAS tool,temporal_2,race_aware
break_even,0.2523364485981308,Other vs Caucasian,race,False,0.2827298050139276,False,fnr,z (pooled),0.5769230769230769,0.5088757396449705,26,169,0.06804733727810641,-0.1362653979365417,0.2723600724927545,0.6464483838293276,0.5179890146077311,0.5686336364014282,False,0.24033899635799455,,,,,,,,,,,1.0,False,COMPAS tool,temporal_2,race_aware
break_even,0.2523364485981308,Other vs Caucasian,race,False,0.2827298050139276,False,equalized_odds,Hurlin LR given Y,,,97,621,,,,,0.06160009439565099,,,,5.574183752093811,2.0,0.06160009439565099,,,,,,,,0.18480028318695296,False,COMPAS tool,temporal_2,race_aware
break_even,0.2523364485981308,Female vs Male,sex,False,0.39155920281359907,False,statistical_parity,z (pooled),0.3434065934065934,0.4046199701937407,364,1342,-0.06121337678714728,-0.11661336713823718,-0.0058133864360573745,-2.122149095668446,0.03382521968000014,0.6541850615190403,False,0.10773180430036346,4.558861009516384,1.0,0.032748845863716944,,,,,,,,0.10147565904000043,False,COMPAS tool,temporal_2,race_aware
break_even,0.2523364485981308,Female vs Male,sex,False,0.39155920281359907,False,conditional_statistical_parity,Hurlin LR over proxy strata,0.3434065934065934,0.4046199701937407,364,1342,,,,,0.8878273828204715,,,,10.360256393654053,17.0,0.8878273828204715,17.0,0.002082469858546992,0.9636019002957639,0.9934611961282984,0.7506257194543788,1.3148565558479437,0.8945823343036393,0.8878273828204715,False,COMPAS tool,temporal_2,race_aware
break_even,0.2523364485981308,Female vs Male,sex,False,0.39155920281359907,False,fpr,z (pooled),0.2695035460992908,0.31336405529953915,282,868,-0.043860509200248365,-0.10414378118829234,0.016422762787795607,-1.392932912608021,0.16364007862855312,0.42091023858232257,False,0.09449268400299396,,,,,,,,,,,0.32728015725710624,False,COMPAS tool,temporal_2,race_aware
break_even,0.2523364485981308,Female vs Male,sex,False,0.39155920281359907,False,fnr,z (pooled),0.4024390243902439,0.4282700421940928,82,474,-0.025831017803848888,-0.14094077048271075,0.08927873487501296,-0.43696235248726395,0.6621386511116207,0.34042404172053353,False,0.12259597713361413,,,,,,,,,,,1.0,False,COMPAS tool,temporal_2,race_aware
break_even,0.2523364485981308,Female vs Male,sex,False,0.39155920281359907,False,equalized_odds,Hurlin LR given Y,,,364,1342,,,,,0.3393522788878952,,,,2.1614330808102045,2.0,0.3393522788878952,,,,,,,,0.6787045577757904,False,COMPAS tool,temporal_2,race_aware
0.5,0.5,African-American vs Caucasian,race,True,0.17486338797814208,False,statistical_parity,z (pooled),0.23487544483985764,0.09339774557165861,843,621,0.14147769926819903,0.10483476255650143,0.17812063597989664,7.043113134826191,1.8799146368007877e-12,0.9999994484335623,False,0.17224891918786228,52.701995919112875,1.0,3.8819640750052664e-13,,,,,,,,7.51965854720315e-12,True,TabPFN,temporal_2,race_blind
0.5,0.5,African-American vs Caucasian,race,True,0.17486338797814208,False,conditional_statistical_parity,Hurlin LR over proxy strata,0.23487544483985764,0.09339774557165861,843,621,,,,,0.00264129658592324,,,,20.115491111255608,6.0,0.00264129658592324,6.0,11.51015054770086,0.0006921717177079678,2.042740003290489,1.343590982960634,3.105697175674991,0.1454793775794082,0.00792388975776972,True,TabPFN,temporal_2,race_blind
0.5,0.5,African-American vs Caucasian,race,True,0.17486338797814208,False,fpr,z (pooled),0.1464354527938343,0.07300884955752213,519,452,0.07342660323631217,0.034692443120438024,0.11216076335218632,3.615339343220031,0.0002999544485074901,0.8819241356093587,False,0.1059644422053356,,,,,,,,,,,0.0008998633455224703,True,TabPFN,temporal_2,race_blind
0.5,0.5,African-American vs Caucasian,race,True,0.17486338797814208,False,fnr,z (pooled),0.6234567901234568,0.8520710059171598,324,169,-0.228614215793703,-0.30377052633245477,-0.15345790525495123,-5.2667879428866105,1.388314174848373e-07,0.9999979415535531,False,0.29180660829647104,,,,,,,,,,,5.553256699393492e-07,True,TabPFN,temporal_2,race_blind
0.5,0.5,African-American vs Caucasian,race,True,0.17486338797814208,False,equalized_odds,Hurlin LR given Y,,,843,621,,,,,3.769637499462221e-10,,,,43.39774417418486,2.0,3.769637499462221e-10,,,,,,,,1.5078549997848884e-09,True,TabPFN,temporal_2,race_blind
0.5,0.5,Hispanic vs Caucasian,race,False,0.10066225165562914,False,statistical_parity,z (pooled),0.13432835820895522,0.09339774557165861,134,621,0.04093061263729661,-0.021177208332088283,0.1030384336066815,1.4281645108842873,0.15324451282525076,0.3873992786303884,False,0.09311734277458929,1.9051303991853388,1.0,0.16750518657149083,,,,,,,,0.3064890256505015,False,TabPFN,temporal_2,race_blind
0.5,0.5,Hispanic vs Caucasian,race,False,0.10066225165562914,False,conditional_statistical_parity,Hurlin LR over proxy strata,0.13432835820895522,0.09339774557165861,134,621,,,,,0.06703792906835525,,,,10.30509389689866,5.0,0.06703792906835525,5.0,7.856935044816,0.005062613985042375,3.540806035178313,1.4510502977950517,8.64016043951493,0.7532768674687114,0.1340758581367105,False,TabPFN,temporal_2,race_blind
0.5,0.5,Hispanic vs Caucasian,race,False,0.10066225165562914,False,fpr,z (pooled),0.0707070707070707,0.07300884955752213,99,452,-0.002301778850451422,-0.058201802345579055,0.05359824464467621,-0.0799439796211988,0.9362818110628411,0.047508321518208434,True,0.049293852872433756,,,,,,,,,,,0.9362818110628411,False,TabPFN,temporal_2,race_blind
0.5,0.5,Hispanic vs Caucasian,race,False,0.10066225165562914,False,fnr,z (pooled),0.6857142857142857,0.8520710059171598,35,169,-0.16635672020287406,-0.3292021152179119,-0.003511325187836284,-2.349778449347768,0.018784588205128353,0.9185419144802383,False,0.3036505368072743,,,,,,,,,,,0.05635376461538506,False,TabPFN,temporal_2,race_blind
0.5,0.5,Hispanic vs Caucasian,race,False,0.10066225165562914,False,equalized_odds,Hurlin LR given Y,,,134,621,,,,,0.08610826488267079,,,,4.904299760973414,2.0,0.08610826488267079,,,,,,,,0.17221652976534157,False,TabPFN,temporal_2,race_blind
0.5,0.5,Other vs Caucasian,race,False,0.0905292479108635,False,statistical_parity,z (pooled),0.07216494845360824,0.09339774557165861,97,621,-0.021232797118050373,-0.07758413447618553,0.035118540240084796,-0.6777785656647033,0.4979121033681795,0.15868970918566136,False,0.06858559737865795,0.48582489565934805,1.0,0.4857956577495145,,,,,,,,0.4979121033681795,False,TabPFN,temporal_2,race_blind
0.5,0.5,Other vs Caucasian,race,False,0.0905292479108635,False,conditional_statistical_parity,Hurlin LR over proxy strata,0.07216494845360824,0.09339774557165861,97,621,,,,,0.566439442197973,,,,4.825052832217472,6.0,0.566439442197973,6.0,2.1362699408552026e-05,0.996312206622997,1.0024946879256695,0.3502825895635131,2.8690994907040914,0.49880269337393224,0.566439442197973,False,TabPFN,temporal_2,race_blind
0.5,0.5,Other vs Caucasian,race,False,0.0905292479108635,False,fpr,z (pooled),0.028169014084507043,0.07300884955752213,71,452,-0.04483983547301508,-0.09018672874063327,0.0005070577946031038,-1.4056244842486367,0.159835661622852,0.41179962255293173,False,0.08296393679512323,,,,,,,,,,,0.319671323245704,False,TabPFN,temporal_2,race_blind
0.5,0.5,Other vs Caucasian,race,False,0.0905292479108635,False,fnr,z (pooled),0.8076923076923077,0.8520710059171598,26,169,-0.044378698224852076,-0.2050466175242107,0.11628922107450654,-0.5838742081211423,0.5593049468922573,0.4727000837430379,False,0.17986580992113488,,,,,,,,,,,0.5593049468922573,False,TabPFN,temporal_2,race_blind
0.5,0.5,Other vs Caucasian,race,False,0.0905292479108635,False,equalized_odds,Hurlin LR given Y,,,97,621,,,,,0.2542429232129419,,,,2.738930156823135,2.0,0.2542429232129419,,,,,,,,0.2542429232129419,False,TabPFN,temporal_2,race_blind
0.5,0.5,Female vs Male,sex,False,0.16471277842907386,False,statistical_parity,z (pooled),0.08241758241758242,0.1870342771982116,364,1342,-0.1046166947806292,-0.13973581792549522,-0.06949757163576317,-4.772620100616284,1.8184460327122348e-06,0.9988308426509804,False,0.13410562382175173,25.92087658938449,1.0,3.557014331558369e-07,,,,,,,,5.455338098136704e-06,True,TabPFN,temporal_2,race_blind
0.5,0.5,Female vs Male,sex,False,0.16471277842907386,False,conditional_statistical_parity,Hurlin LR over proxy strata,0.08241758241758242,0.1870342771982116,364,1342,,,,,6.621631139105605e-05,,,,28.805465263881494,6.0,6.621631139105605e-05,6.0,11.76100833633587,0.0006048445134542169,0.38093471601020246,0.21898474641660998,0.6626546379888262,0.03233631013343319,0.0002648652455642242,True,TabPFN,temporal_2,race_blind
0.5,0.5,Female vs Male,sex,False,0.16471277842907386,False,fpr,z (pooled),0.0425531914893617,0.12211981566820276,282,868,-0.07956662417884106,-0.11165181087938744,-0.047481437478294676,-3.8254578135315724,0.0001305292865202477,0.96441885838,False,0.1065151080289378,,,,,,,,,,,0.0005221171460809908,True,TabPFN,temporal_2,race_blind
0.5,0.5,Female vs Male,sex,False,0.16471277842907386,False,fnr,z (pooled),0.7804878048780488,0.6940928270042194,82,474,0.08639497787382944,-0.01233154204985222,0.18512149779751108,1.5868355197842534,0.11254990181533718,0.7648631291822473,False,0.16938766496470029,,,,,,,,,,,0.22509980363067436,False,TabPFN,temporal_2,race_blind
0.5,0.5,Female vs Male,sex,False,0.16471277842907386,False,equalized_odds,Hurlin LR given Y,,,364,1342,,,,,4.770679852475068e-05,,,,19.90087328700323,2.0,4.770679852475068e-05,,,,,,,,0.00014312039557425204,True,TabPFN,temporal_2,race_blind
break_even,0.2523364485981308,African-American vs Caucasian,race,True,0.5532786885245902,False,statistical_parity,z (pooled),0.6465005931198102,0.42673107890499196,843,621,0.21976951421481827,0.16922553692294964,0.27031349150668693,8.359228374992007,6.312979845791483e-17,0.9999999999680005,False,0.26221425201243187,70.17261995951088,1.0,5.433539713749062e-17,,,,,,,,2.5251919383165934e-16,True,TabPFN,temporal_2,race_blind
break_even,0.2523364485981308,African-American vs Caucasian,race,True,0.5532786885245902,False,conditional_statistical_parity,Hurlin LR over proxy strata,0.6465005931198102,0.42673107890499196,843,621,,,,,0.9575099739002095,,,,1.5295142960850991,6.0,0.9575099739002095,6.0,0.28722936161071466,0.5920015156305203,1.115399328453406,0.7504049950677836,1.6579256136240526,0.9424157339942489,0.9795135209119366,False,TabPFN,temporal_2,race_blind
break_even,0.2523364485981308,African-American vs Caucasian,race,True,0.5532786885245902,False,fpr,z (pooled),0.5549132947976878,0.3561946902654867,519,452,0.19871860453220108,0.13726097736109957,0.2601762317033026,6.195018648265969,5.827812984316998e-10,0.9999987880706009,False,0.25034482723406,,,,,,,,,,,1.7483438952950994e-09,True,TabPFN,temporal_2,race_blind
break_even,0.2523364485981308,African-American vs Caucasian,race,True,0.5532786885245902,False,fnr,z (pooled),0.20679012345679013,0.38461538461538464,324,169,-0.1778252611585945,-0.2634101884083394,-0.09224033390884964,-4.232453600023969,2.3115561251967998e-05,0.9982110869516825,False,0.2497861687166912,,,,,,,,,,,9.246224500787199e-05,True,TabPFN,temporal_2,race_blind
break_even,0.2523364485981308,African-American vs Caucasian,race,True,0.5532786885245902,False,equalized_odds,Hurlin LR given Y,,,843,621,,,,,6.56210346219885e-13,,,,56.1045900152766,2.0,6.56210346219885e-13,,,,,,,,2.62484138487954e-12,True,TabPFN,temporal_2,race_blind
break_even,0.2523364485981308,Hispanic vs Caucasian,race,False,0.42251655629139073,False,statistical_parity,z (pooled),0.40298507462686567,0.42673107890499196,134,621,-0.023746004278126287,-0.11545400386579202,0.06796199530953945,-0.5046887577101977,0.6137774584555253,0.2874499046091836,False,0.10080458645365642,0.25559815681990106,1.0,0.6131605379539203,,,,,,,,1.0,False,TabPFN,temporal_2,race_blind
break_even,0.2523364485981308,Hispanic vs Caucasian,race,False,0.42251655629139073,False,conditional_statistical_parity,Hurlin LR over proxy strata,0.40298507462686567,0.42673107890499196,134,621,,,,,0.4897567604559683,,,,5.4316431086365515,6.0,0.4897567604559683,6.0,0.033169720604452196,0.8554841880452224,0.9344765415511114,0.45996569612676447,1.8985033320151405,0.516292372242966,0.9795135209119366,False,TabPFN,temporal_2,race_blind
break_even,0.2523364485981308,Hispanic vs Caucasian,race,False,0.42251655629139073,False,fpr,z (pooled),0.29292929292929293,0.3561946902654867,99,452,-0.0632653973361938,-0.16319442228803527,0.03666362761564769,-1.1994950294749986,0.23033551633516913,0.6025894052620555,False,0.14727023031968545,,,,,,,,,,,0.2882233358815024,False,TabPFN,temporal_2,race_blind
break_even,0.2523364485981308,Hispanic vs Caucasian,race,False,0.42251655629139073,False,fnr,z (pooled),0.2857142857142857,0.38461538461538464,35,169,-0.09890109890109894,-0.26557198072582183,0.06776978292362396,-1.10450602298823,0.2693736923032819,0.717051897841191,False,0.23942015674995043,,,,,,,,,,,0.2693736923032819,False,TabPFN,temporal_2,race_blind
break_even,0.2523364485981308,Hispanic vs Caucasian,race,False,0.42251655629139073,False,equalized_odds,Hurlin LR given Y,,,134,621,,,,,0.25585358100086825,,,,2.726299894686557,2.0,0.25585358100086825,,,,,,,,0.25585358100086825,False,TabPFN,temporal_2,race_blind
break_even,0.2523364485981308,Other vs Caucasian,race,False,0.4233983286908078,False,statistical_parity,z (pooled),0.4020618556701031,0.42673107890499196,97,621,-0.02466922323488885,-0.1297124329774891,0.08037398650771141,-0.45731179404975647,0.6474469537096332,0.3183077577483539,False,0.11293847047674464,0.2099845407104901,1.0,0.6467795211056808,,,,,,,,1.0,False,TabPFN,temporal_2,race_blind
break_even,0.2523364485981308,Other vs Caucasian,race,False,0.4233983286908078,False,conditional_statistical_parity,Hurlin LR over proxy strata,0.4020618556701031,0.42673107890499196,97,621,,,,,0.16299503451133837,,,,9.193305114847893,6.0,0.16299503451133837,6.0,0.08405320101729272,0.7718779755102707,1.1186666490349966,0.5126533451160408,2.441055117625198,0.1223360869088076,0.48898510353401514,False,TabPFN,temporal_2,race_blind
break_even,0.2523364485981308,Other vs Caucasian,race,False,0.4233983286908078,False,fpr,z (pooled),0.2676056338028169,0.3561946902654867,71,452,-0.08858905646266985,-0.20062989666890757,0.023451783743567864,-1.4606494509322314,0.1441116679407512,0.7500282461269816,False,0.18278418288573936,,,,,,,,,,,0.2882233358815024,False,TabPFN,temporal_2,race_blind
break_even,0.2523364485981308,Other vs Caucasian,race,False,0.4233983286908078,False,fnr,z (pooled),0.23076923076923078,0.38461538461538464,26,169,-0.15384615384615385,-0.3316312363212737,0.023938928628966016,-1.5177280421121964,0.12908297176213235,0.8731525366142587,False,0.30376772768790566,,,,,,,,,,,0.2581659435242647,False,TabPFN,temporal_2,race_blind
break_even,0.2523364485981308,Other vs Caucasian,race,False,0.4233983286908078,False,equalized_odds,Hurlin LR given Y,,,97,621,,,,,0.09746478572392255,,,,4.656528276558013,2.0,0.09746478572392255,,,,,,,,0.1949295714478451,False,TabPFN,temporal_2,race_blind
break_even,0.2523364485981308,Female vs Male,sex,False,0.5316529894490035,False,statistical_parity,z (pooled),0.34615384615384615,0.5819672131147541,364,1342,-0.23581336696090793,-0.2913558604691865,-0.18027087345262938,-7.9966456011196785,1.2785455953523357e-15,0.9999999999636938,False,0.28245145194601307,64.41426963979248,1.0,1.0082528645952757e-15,,,,,,,,3.835636786057007e-15,True,TabPFN,temporal_2,race_blind
break_even,0.2523364485981308,Female vs Male,sex,False,0.5316529894490035,False,conditional_statistical_parity,Hurlin LR over proxy strata,0.34615384615384615,0.5819672131147541,364,1342,,,,,1.697437019413562e-50,,,,247.11314493158392,6.0,1.697437019413562e-50,6.0,62.37622763594617,2.886579864025407e-15,0.30802343388184494,0.2159602939280102,0.4393327777743755,0.0,6.789748077654248e-50,True,TabPFN,temporal_2,race_blind
break_even,0.2523364485981308,Female vs Male,sex,False,0.5316529894490035,False,fpr,z (pooled),0.2695035460992908,0.4873271889400922,282,868,-0.2178236428408014,-0.2793664772432433,-0.1562808084383595,-6.412060134351128,1.4356618161847983e-10,0.9999999454104626,False,0.2695137294362813,,,,,,,,,,,5.742647264739193e-10,True,TabPFN,temporal_2,race_blind
break_even,0.2523364485981308,Female vs Male,sex,False,0.5316529894490035,False,fnr,z (pooled),0.3902439024390244,0.24472573839662448,82,474,0.14551816404239992,0.03306642776679343,0.25796990031800643,2.7528957182729643,0.005907070888362015,0.9517431959396464,False,0.240048709317985,,,,,,,,,,,0.017721212665086045,True,TabPFN,temporal_2,race_blind
break_even,0.2523364485981308,Female vs Male,sex,False,0.5316529894490035,False,equalized_odds,Hurlin LR given Y,,,364,1342,,,,,1.5602890391512026e-11,,,,49.767129874656746,2.0,1.5602890391512026e-11,,,,,,,,4.680867117453608e-11,True,TabPFN,temporal_2,race_blind
0.5,0.5,African-American vs Caucasian,race,True,0.0,True,statistical_parity,z (pooled),0.0,0.0,843,621,0.0,,,,1.0,,False,,0.0,1.0,1.0,,,,,,,,1.0,False,TabPFN,temporal_2,race_priors_blind
0.5,0.5,African-American vs Caucasian,race,True,0.0,True,conditional_statistical_parity,Hurlin LR over proxy strata,0.0,0.0,843,621,,,,,1.0,,,,0.0,1.0,1.0,0.0,,,,,,,1.0,False,TabPFN,temporal_2,race_priors_blind
0.5,0.5,African-American vs Caucasian,race,True,0.0,True,fpr,z (pooled),0.0,0.0,519,452,0.0,,,,1.0,,False,,,,,,,,,,,,1.0,False,TabPFN,temporal_2,race_priors_blind
0.5,0.5,African-American vs Caucasian,race,True,0.0,True,fnr,z (pooled),1.0,1.0,324,169,0.0,,,,1.0,,False,,,,,,,,,,,,1.0,False,TabPFN,temporal_2,race_priors_blind
0.5,0.5,African-American vs Caucasian,race,True,0.0,True,equalized_odds,Hurlin LR given Y,,,843,621,,,,,1.0,,,,0.0,1.0,1.0,,,,,,,,1.0,False,TabPFN,temporal_2,race_priors_blind
0.5,0.5,Hispanic vs Caucasian,race,False,0.0,True,statistical_parity,z (pooled),0.0,0.0,134,621,0.0,,,,1.0,,False,,0.0,1.0,1.0,,,,,,,,1.0,False,TabPFN,temporal_2,race_priors_blind
0.5,0.5,Hispanic vs Caucasian,race,False,0.0,True,conditional_statistical_parity,Hurlin LR over proxy strata,0.0,0.0,134,621,,,,,1.0,,,,0.0,1.0,1.0,0.0,,,,,,,1.0,False,TabPFN,temporal_2,race_priors_blind
0.5,0.5,Hispanic vs Caucasian,race,False,0.0,True,fpr,z (pooled),0.0,0.0,99,452,0.0,,,,1.0,,False,,,,,,,,,,,,1.0,False,TabPFN,temporal_2,race_priors_blind
0.5,0.5,Hispanic vs Caucasian,race,False,0.0,True,fnr,z (pooled),1.0,1.0,35,169,0.0,,,,1.0,,False,,,,,,,,,,,,1.0,False,TabPFN,temporal_2,race_priors_blind
0.5,0.5,Hispanic vs Caucasian,race,False,0.0,True,equalized_odds,Hurlin LR given Y,,,134,621,,,,,1.0,,,,0.0,1.0,1.0,,,,,,,,1.0,False,TabPFN,temporal_2,race_priors_blind
0.5,0.5,Other vs Caucasian,race,False,0.0,True,statistical_parity,z (pooled),0.0,0.0,97,621,0.0,,,,1.0,,False,,0.0,1.0,1.0,,,,,,,,1.0,False,TabPFN,temporal_2,race_priors_blind
0.5,0.5,Other vs Caucasian,race,False,0.0,True,conditional_statistical_parity,Hurlin LR over proxy strata,0.0,0.0,97,621,,,,,1.0,,,,0.0,1.0,1.0,0.0,,,,,,,1.0,False,TabPFN,temporal_2,race_priors_blind
0.5,0.5,Other vs Caucasian,race,False,0.0,True,fpr,z (pooled),0.0,0.0,71,452,0.0,,,,1.0,,False,,,,,,,,,,,,1.0,False,TabPFN,temporal_2,race_priors_blind
0.5,0.5,Other vs Caucasian,race,False,0.0,True,fnr,z (pooled),1.0,1.0,26,169,0.0,,,,1.0,,False,,,,,,,,,,,,1.0,False,TabPFN,temporal_2,race_priors_blind
0.5,0.5,Other vs Caucasian,race,False,0.0,True,equalized_odds,Hurlin LR given Y,,,97,621,,,,,1.0,,,,0.0,1.0,1.0,,,,,,,,1.0,False,TabPFN,temporal_2,race_priors_blind
0.5,0.5,Female vs Male,sex,False,0.0,True,statistical_parity,z (pooled),0.0,0.0,364,1342,0.0,,,,1.0,,False,,0.0,1.0,1.0,,,,,,,,1.0,False,TabPFN,temporal_2,race_priors_blind
0.5,0.5,Female vs Male,sex,False,0.0,True,conditional_statistical_parity,Hurlin LR over proxy strata,0.0,0.0,364,1342,,,,,1.0,,,,0.0,1.0,1.0,0.0,,,,,,,1.0,False,TabPFN,temporal_2,race_priors_blind
0.5,0.5,Female vs Male,sex,False,0.0,True,fpr,z (pooled),0.0,0.0,282,868,0.0,,,,1.0,,False,,,,,,,,,,,,1.0,False,TabPFN,temporal_2,race_priors_blind
0.5,0.5,Female vs Male,sex,False,0.0,True,fnr,z (pooled),1.0,1.0,82,474,0.0,,,,1.0,,False,,,,,,,,,,,,1.0,False,TabPFN,temporal_2,race_priors_blind
0.5,0.5,Female vs Male,sex,False,0.0,True,equalized_odds,Hurlin LR given Y,,,364,1342,,,,,1.0,,,,0.0,1.0,1.0,,,,,,,,1.0,False,TabPFN,temporal_2,race_priors_blind
break_even,0.2523364485981308,African-American vs Caucasian,race,True,0.7213114754098361,False,statistical_parity,z (pooled),0.7852906287069988,0.6344605475040258,843,621,0.15083008120297303,0.10389421344160535,0.19776594896434072,6.361449003013967,1.9985926706756902e-10,0.9999864822049488,False,0.190244878121917,40.167929603862916,1.0,2.3304275678144933e-10,,,,,,,,5.99577801202707e-10,True,TabPFN,temporal_2,race_priors_blind
break_even,0.2523364485981308,African-American vs Caucasian,race,True,0.7213114754098361,False,conditional_statistical_parity,Hurlin LR over proxy strata,0.7852906287069988,0.6344605475040258,843,621,,,,,0.28838529235198623,,,,7.365249794054694,6.0,0.28838529235198623,6.0,0.20548589332995001,0.6503287594402541,0.8966047913261243,0.5577180266549624,1.4414096611696996,0.17626905328684572,0.5767705847039725,False,TabPFN,temporal_2,race_priors_blind
break_even,0.2523364485981308,African-American vs Caucasian,race,True,0.7213114754098361,False,fpr,z (pooled),0.7341040462427746,0.5929203539823009,519,452,0.14118369226047367,0.08205596130692752,0.20031142321401982,4.661189532376253,3.1438703937328522e-06,0.9987137835792448,False,0.19085273329853591,,,,,,,,,,,9.431611181198557e-06,True,TabPFN,temporal_2,race_priors_blind
break_even,0.2523364485981308,African-American vs Caucasian,race,True,0.7213114754098361,False,fnr,z (pooled),0.13271604938271606,0.25443786982248523,324,169,-0.12172182043976917,-0.19706542969657942,-0.04637821118295894,-3.380347326139401,0.0007239428247617647,0.968663638940602,False,0.1850716961135706,,,,,,,,,,,0.002171828474285294,True,TabPFN,temporal_2,race_priors_blind
break_even,0.2523364485981308,African-American vs Caucasian,race,True,0.7213114754098361,False,equalized_odds,Hurlin LR given Y,,,843,621,,,,,7.849984952823464e-08,,,,32.72033825799532,2.0,7.849984952823464e-08,,,,,,,,2.3549954858470394e-07,True,TabPFN,temporal_2,race_priors_blind
break_even,0.2523364485981308,Hispanic vs Caucasian,race,False,0.6423841059602649,False,statistical_parity,z (pooled),0.6791044776119403,0.6344605475040258,134,621,0.044643930107914453,-0.04300269721043623,0.13229055742626514,0.9778704967426032,0.3281383786945201,0.4523474385957726,False,0.11828990280370925,0.9687137483631449,1.0,0.3250011759439372,,,,,,,,0.3281383786945201,False,TabPFN,temporal_2,race_priors_blind
break_even,0.2523364485981308,Hispanic vs Caucasian,race,False,0.6423841059602649,False,conditional_statistical_parity,Hurlin LR over proxy strata,0.6791044776119403,0.6344605475040258,134,621,,,,,0.8562649216442363,,,,1.3300029356667589,4.0,0.8562649216442363,4.0,0.10237104976417628,0.7490026239227892,1.1347367973129154,0.5233697372969375,2.46026376272006,0.7539633261932048,0.8562649216442363,False,TabPFN,temporal_2,race_priors_blind
break_even,0.2523364485981308,Hispanic vs Caucasian,race,False,0.6423841059602649,False,fpr,z (pooled),0.6565656565656566,0.5929203539823009,99,452,0.06364530258335566,-0.04028165760987104,0.16757226277658235,1.1729475869197314,0.24081682478356126,0.6014926568456876,False,0.15101097974993857,,,,,,,,,,,0.3659111995656852,False,TabPFN,temporal_2,race_priors_blind
break_even,0.2523364485981308,Hispanic vs Caucasian,race,False,0.6423841059602649,False,fnr,z (pooled),0.2571428571428571,0.25443786982248523,35,169,0.0027049873203718877,-0.15628429820483747,0.16169427284558124,0.03342213784740894,0.9733379560733852,0.2802596009478633,False,0.1367477449123014,,,,,,,,,,,0.9871255794067786,False,TabPFN,temporal_2,race_priors_blind
break_even,0.2523364485981308,Hispanic vs Caucasian,race,False,0.6423841059602649,False,equalized_odds,Hurlin LR given Y,,,134,621,,,,,0.4975920213752064,,,,1.395949543799061,2.0,0.4975920213752064,,,,,,,,0.6323664207335772,False,TabPFN,temporal_2,race_priors_blind
break_even,0.2523364485981308,Other vs Caucasian,race,False,0.6448467966573816,False,statistical_parity,z (pooled),0.711340206185567,0.6344605475040258,97,621,0.07687965868154123,-0.0209286650155331,0.17468798237861555,1.4714474278827379,0.1411701551177906,0.7048475483086045,False,0.1590693321300594,2.22548211512483,1.0,0.13575027656542424,,,,,,,,0.2823403102355812,False,TabPFN,temporal_2,race_priors_blind
break_even,0.2523364485981308,Other vs Caucasian,race,False,0.6448467966573816,False,conditional_statistical_parity,Hurlin LR over proxy strata,0.711340206185567,0.6344605475040258,97,621,,,,,0.08394393800525475,,,,9.708020082769739,5.0,0.08394393800525475,5.0,0.32786642569500285,0.5669181229252132,1.27952420864684,0.5491671366831957,2.9812093462136318,0.0675233029657133,0.25183181401576427,False,TabPFN,temporal_2,race_priors_blind
break_even,0.2523364485981308,Other vs Caucasian,race,False,0.6448467966573816,False,fpr,z (pooled),0.676056338028169,0.5929203539823009,71,452,0.08313598404586808,-0.03476462052116125,0.20103658861289742,1.3317097023742004,0.1829555997828426,0.7090130675148661,False,0.18225753947248796,,,,,,,,,,,0.3659111995656852,False,TabPFN,temporal_2,race_priors_blind
break_even,0.2523364485981308,Other vs Caucasian,race,False,0.6448467966573816,False,fnr,z (pooled),0.19230769230769232,0.25443786982248523,26,169,-0.06213017751479291,-0.22723938907442728,0.10297903404484146,-0.6846531968814576,0.4935627897033893,0.557172216297765,False,0.2013625164049541,,,,,,,,,,,0.9871255794067786,False,TabPFN,temporal_2,race_priors_blind
break_even,0.2523364485981308,Other vs Caucasian,race,False,0.6448467966573816,False,equalized_odds,Hurlin LR given Y,,,97,621,,,,,0.3161832103667886,,,,2.302866907521541,2.0,0.3161832103667886,,,,,,,,0.6323664207335772,False,TabPFN,temporal_2,race_priors_blind
break_even,0.2523364485981308,Female vs Male,sex,False,0.7174677608440797,False,statistical_parity,z (pooled),0.4725274725274725,0.7839046199701938,364,1342,-0.31137714744272127,-0.36719201705713683,-0.2555622778283057,-11.702778114124438,1.2334801062530896e-31,1.0,False,0.3582439420010478,126.91397038147295,1.0,1.9400360699868443e-29,,,,,,,,4.933920425012358e-31,True,TabPFN,temporal_2,race_priors_blind
break_even,0.2523364485981308,Female vs Male,sex,False,0.7174677608440797,False,conditional_statistical_parity,Hurlin LR over proxy strata,0.4725274725274725,0.7839046199701938,364,1342,,,,,5.051018849025071e-108,,,,514.9521482429203,6.0,5.051018849025071e-108,6.0,431.7538719278018,0.0,0.0,,,,2.0204075396100283e-107,True,TabPFN,temporal_2,race_priors_blind
break_even,0.2523364485981308,Female vs Male,sex,False,0.7174677608440797,False,fpr,z (pooled),0.4397163120567376,0.7419354838709677,282,868,-0.30221917181423014,-0.3670528790379429,-0.23738546459051738,-9.361448588652628,7.865086396502978e-21,0.9999999999999745,False,0.3566732763942222,,,,,,,,,,,3.1460345586011913e-20,True,TabPFN,temporal_2,race_priors_blind
break_even,0.2523364485981308,Female vs Male,sex,False,0.7174677608440797,False,fnr,z (pooled),0.4146341463414634,0.13924050632911392,82,474,0.27539364001234945,0.16430043000717992,0.386486850017519,5.995217974866229,2.0321267945229033e-09,0.9999603969353634,False,0.3687821644230822,,,,,,,,,,,8.128507178091613e-09,True,TabPFN,temporal_2,race_priors_blind
break_even,0.2523364485981308,Female vs Male,sex,False,0.7174677608440797,False,equalized_odds,Hurlin LR given Y,,,364,1342,,,,,1.6875511607880874e-25,,,,114.08269772808421,2.0,1.6875511607880874e-25,,,,,,,,6.75020464315235e-25,True,TabPFN,temporal_2,race_priors_blind
0.5,0.5,African-American vs Caucasian,race,True,0.0,True,statistical_parity,z (pooled),0.0,0.0,843,621,0.0,,,,1.0,,False,,0.0,1.0,1.0,,,,,,,,1.0,False,TabPFN,temporal_2,race_proxy_blind
0.5,0.5,African-American vs Caucasian,race,True,0.0,True,conditional_statistical_parity,Hurlin LR over proxy strata,0.0,0.0,843,621,,,,,1.0,,,,0.0,1.0,1.0,0.0,,,,,,,1.0,False,TabPFN,temporal_2,race_proxy_blind
0.5,0.5,African-American vs Caucasian,race,True,0.0,True,fpr,z (pooled),0.0,0.0,519,452,0.0,,,,1.0,,False,,,,,,,,,,,,1.0,False,TabPFN,temporal_2,race_proxy_blind
0.5,0.5,African-American vs Caucasian,race,True,0.0,True,fnr,z (pooled),1.0,1.0,324,169,0.0,,,,1.0,,False,,,,,,,,,,,,1.0,False,TabPFN,temporal_2,race_proxy_blind
0.5,0.5,African-American vs Caucasian,race,True,0.0,True,equalized_odds,Hurlin LR given Y,,,843,621,,,,,1.0,,,,0.0,1.0,1.0,,,,,,,,1.0,False,TabPFN,temporal_2,race_proxy_blind
0.5,0.5,Hispanic vs Caucasian,race,False,0.0,True,statistical_parity,z (pooled),0.0,0.0,134,621,0.0,,,,1.0,,False,,0.0,1.0,1.0,,,,,,,,1.0,False,TabPFN,temporal_2,race_proxy_blind
0.5,0.5,Hispanic vs Caucasian,race,False,0.0,True,conditional_statistical_parity,Hurlin LR over proxy strata,0.0,0.0,134,621,,,,,1.0,,,,0.0,1.0,1.0,0.0,,,,,,,1.0,False,TabPFN,temporal_2,race_proxy_blind
0.5,0.5,Hispanic vs Caucasian,race,False,0.0,True,fpr,z (pooled),0.0,0.0,99,452,0.0,,,,1.0,,False,,,,,,,,,,,,1.0,False,TabPFN,temporal_2,race_proxy_blind
0.5,0.5,Hispanic vs Caucasian,race,False,0.0,True,fnr,z (pooled),1.0,1.0,35,169,0.0,,,,1.0,,False,,,,,,,,,,,,1.0,False,TabPFN,temporal_2,race_proxy_blind
0.5,0.5,Hispanic vs Caucasian,race,False,0.0,True,equalized_odds,Hurlin LR given Y,,,134,621,,,,,1.0,,,,0.0,1.0,1.0,,,,,,,,1.0,False,TabPFN,temporal_2,race_proxy_blind
0.5,0.5,Other vs Caucasian,race,False,0.0,True,statistical_parity,z (pooled),0.0,0.0,97,621,0.0,,,,1.0,,False,,0.0,1.0,1.0,,,,,,,,1.0,False,TabPFN,temporal_2,race_proxy_blind
0.5,0.5,Other vs Caucasian,race,False,0.0,True,conditional_statistical_parity,Hurlin LR over proxy strata,0.0,0.0,97,621,,,,,1.0,,,,0.0,1.0,1.0,0.0,,,,,,,1.0,False,TabPFN,temporal_2,race_proxy_blind
0.5,0.5,Other vs Caucasian,race,False,0.0,True,fpr,z (pooled),0.0,0.0,71,452,0.0,,,,1.0,,False,,,,,,,,,,,,1.0,False,TabPFN,temporal_2,race_proxy_blind
0.5,0.5,Other vs Caucasian,race,False,0.0,True,fnr,z (pooled),1.0,1.0,26,169,0.0,,,,1.0,,False,,,,,,,,,,,,1.0,False,TabPFN,temporal_2,race_proxy_blind
0.5,0.5,Other vs Caucasian,race,False,0.0,True,equalized_odds,Hurlin LR given Y,,,97,621,,,,,1.0,,,,0.0,1.0,1.0,,,,,,,,1.0,False,TabPFN,temporal_2,race_proxy_blind
0.5,0.5,Female vs Male,sex,False,0.0,True,statistical_parity,z (pooled),0.0,0.0,364,1342,0.0,,,,1.0,,False,,0.0,1.0,1.0,,,,,,,,1.0,False,TabPFN,temporal_2,race_proxy_blind
0.5,0.5,Female vs Male,sex,False,0.0,True,conditional_statistical_parity,Hurlin LR over proxy strata,0.0,0.0,364,1342,,,,,1.0,,,,0.0,1.0,1.0,0.0,,,,,,,1.0,False,TabPFN,temporal_2,race_proxy_blind
0.5,0.5,Female vs Male,sex,False,0.0,True,fpr,z (pooled),0.0,0.0,282,868,0.0,,,,1.0,,False,,,,,,,,,,,,1.0,False,TabPFN,temporal_2,race_proxy_blind
0.5,0.5,Female vs Male,sex,False,0.0,True,fnr,z (pooled),1.0,1.0,82,474,0.0,,,,1.0,,False,,,,,,,,,,,,1.0,False,TabPFN,temporal_2,race_proxy_blind
0.5,0.5,Female vs Male,sex,False,0.0,True,equalized_odds,Hurlin LR given Y,,,364,1342,,,,,1.0,,,,0.0,1.0,1.0,,,,,,,,1.0,False,TabPFN,temporal_2,race_proxy_blind
break_even,0.2523364485981308,African-American vs Caucasian,race,True,0.7868852459016393,False,statistical_parity,z (pooled),0.7983392645314353,0.7713365539452496,843,621,0.027002710586185752,-0.01571358702641209,0.0697190081987836,1.2469066780893792,0.21243171780972625,0.1457561264958323,False,0.06287408733562148,1.5483901364744135,1.0,0.2133732577557647,,,,,,,,0.6372951534291788,False,TabPFN,temporal_2,race_proxy_blind
break_even,0.2523364485981308,African-American vs Caucasian,race,True,0.7868852459016393,False,conditional_statistical_parity,Hurlin LR over proxy strata,0.7983392645314353,0.7713365539452496,843,621,,,,,0.5665171744433022,,,,16.373228507506326,18.0,0.5665171744433022,18.0,0.01763052317134555,0.8943673875487321,0.9821027697992304,0.751547829207667,1.2833858511229936,0.4905130704889702,1.0,False,TabPFN,temporal_2,race_proxy_blind
break_even,0.2523364485981308,African-American vs Caucasian,race,True,0.7868852459016393,False,fpr,z (pooled),0.7533718689788054,0.7522123893805309,519,452,0.0011594795982744488,-0.05324024454238067,0.055559203738929565,0.04177931482408241,0.9666746249917848,0.039389493898759544,True,0.046856855215889184,,,,,,,,,,,1.0,False,TabPFN,temporal_2,race_proxy_blind
break_even,0.2523364485981308,African-American vs Caucasian,race,True,0.7868852459016393,False,fnr,z (pooled),0.12962962962962962,0.17751479289940827,324,169,-0.04788516326977865,-0.11612323239982657,0.020352905860269263,-1.429002516028711,0.15300351028118,0.4757941914251647,False,0.1052606094190891,,,,,,,,,,,0.45901053084354004,False,TabPFN,temporal_2,race_proxy_blind
break_even,0.2523364485981308,African-American vs Caucasian,race,True,0.7868852459016393,False,equalized_odds,Hurlin LR given Y,,,843,621,,,,,0.3688201561973352,,,,1.9948922706593089,2.0,0.3688201561973352,,,,,,,,1.0,False,TabPFN,temporal_2,race_proxy_blind
break_even,0.2523364485981308,Hispanic vs Caucasian,race,False,0.7735099337748345,False,statistical_parity,z (pooled),0.7835820895522388,0.7713365539452496,134,621,0.012245535606989266,-0.06490715695418672,0.08939822816816526,0.3071460834360865,0.7587321823084776,0.16890731537050332,False,0.07707387257344517,0.09513530123378278,1.0,0.7577474655814488,,,,,,,,1.0,False,TabPFN,temporal_2,race_proxy_blind
break_even,0.2523364485981308,Hispanic vs Caucasian,race,False,0.7735099337748345,False,conditional_statistical_parity,Hurlin LR over proxy strata,0.7835820895522388,0.7713365539452496,134,621,,,,,0.9318906848411238,,,,7.790929033316567,15.0,0.9318906848411238,15.0,0.1993713689422898,0.655228738042499,1.110943138818339,0.7005519112305408,1.761746185974488,0.9491005118246403,1.0,False,TabPFN,temporal_2,race_proxy_blind
break_even,0.2523364485981308,Hispanic vs Caucasian,race,False,0.7735099337748345,False,fpr,z (pooled),0.7777777777777778,0.7522123893805309,99,452,0.02556538839724687,-0.06548793268271119,0.11661870947720493,0.5370250973519183,0.5912502781493256,0.29956208172078663,False,0.10210890549451002,,,,,,,,,,,1.0,False,TabPFN,temporal_2,race_proxy_blind
break_even,0.2523364485981308,Hispanic vs Caucasian,race,False,0.7735099337748345,False,fnr,z (pooled),0.2,0.17751479289940827,35,169,0.022485207100591736,-0.12201284185610917,0.16698325605729264,0.3142174158244397,0.7533559161589527,0.3546920451186218,False,0.14431050422565292,,,,,,,,,,,0.7533559161589527,False,TabPFN,temporal_2,race_proxy_blind
break_even,0.2523364485981308,Hispanic vs Caucasian,race,False,0.7735099337748345,False,equalized_odds,Hurlin LR given Y,,,134,621,,,,,0.8229197819404308,,,,0.3897931067176985,2.0,0.8229197819404308,,,,,,,,1.0,False,TabPFN,temporal_2,race_proxy_blind
break_even,0.2523364485981308,Other vs Caucasian,race,False,0.7743732590529248,False,statistical_parity,z (pooled),0.7938144329896907,0.7713365539452496,97,621,0.022477879044441096,-0.06454477386775906,0.10950053195664125,0.4925545283860586,0.6223273841727671,0.26777167969171467,False,0.09560420567109212,0.24699432631481066,1.0,0.6191994616352101,,,,,,,,1.0,False,TabPFN,temporal_2,race_proxy_blind
break_even,0.2523364485981308,Other vs Caucasian,race,False,0.7743732590529248,False,conditional_statistical_parity,Hurlin LR over proxy strata,0.7938144329896907,0.7713365539452496,97,621,,,,,0.15110858192153023,,,,22.943212225579696,17.0,0.15110858192153023,17.0,0.8773505061899964,0.34892838265562753,1.2953527507619047,0.7536133648714397,2.2265246705021955,0.2844008614445048,0.4533257457645907,False,TabPFN,temporal_2,race_proxy_blind
break_even,0.2523364485981308,Other vs Caucasian,race,False,0.7743732590529248,False,fpr,z (pooled),0.7464788732394366,0.7522123893805309,71,452,-0.005733516141094297,-0.11446881276057089,0.1030017804783823,-0.10392076242871551,0.9172322302810048,0.21264383129097336,False,0.09714960149772066,,,,,,,,,,,1.0,False,TabPFN,temporal_2,race_proxy_blind
break_even,0.2523364485981308,Other vs Caucasian,race,False,0.7743732590529248,False,fnr,z (pooled),0.07692307692307693,0.17751479289940827,26,169,-0.10059171597633135,-0.21810658032636832,0.016923148373705607,-1.2892607383821713,0.19730745545970163,0.8000844857419684,False,0.19968896962596228,,,,,,,,,,,0.45901053084354004,False,TabPFN,temporal_2,race_proxy_blind
break_even,0.2523364485981308,Other vs Caucasian,race,False,0.7743732590529248,False,equalized_odds,Hurlin LR given Y,,,97,621,,,,,0.3755161896843644,,,,1.9589073874048153,2.0,0.3755161896843644,,,,,,,,1.0,False,TabPFN,temporal_2,race_proxy_blind
break_even,0.2523364485981308,Female vs Male,sex,False,0.7866354044548651,False,statistical_parity,z (pooled),0.0,1.0,364,1342,-1.0,,,,,,False,,1768.7143442177085,1.0,0.0,,,,,,,,,False,TabPFN,temporal_2,race_proxy_blind
break_even,0.2523364485981308,Female vs Male,sex,False,0.7866354044548651,False,conditional_statistical_parity,Hurlin LR over proxy strata,0.0,1.0,364,1342,,,,,0.0,,,,1718.072262382646,18.0,0.0,18.0,1598.9673181328722,0.0,0.0,,,,0.0,True,TabPFN,temporal_2,race_proxy_blind
break_even,0.2523364485981308,Female vs Male,sex,False,0.7866354044548651,False,fpr,z (pooled),0.0,1.0,282,868,-1.0,,,,,,False,,,,,,,,,,,,,False,TabPFN,temporal_2,race_proxy_blind
break_even,0.2523364485981308,Female vs Male,sex,False,0.7866354044548651,False,fnr,z (pooled),1.0,0.0,82,474,1.0,,,,,,False,,,,,,,,,,,,,False,TabPFN,temporal_2,race_proxy_blind
break_even,0.2523364485981308,Female vs Male,sex,False,0.7866354044548651,False,equalized_odds,Hurlin LR given Y,,,364,1342,,,,,0.0,,,,1746.3130501506937,2.0,0.0,,,,,,,,0.0,True,TabPFN,temporal_2,race_proxy_blind
0.5,0.5,African-American vs Caucasian,race,True,0.18032786885245902,False,statistical_parity,z (pooled),0.2514827995255042,0.08373590982286634,843,621,0.16774688970263785,0.13124489560826183,0.20424888379701386,8.250723167725036,1.574388736033187e-16,0.999999999829322,False,0.19839975185235,73.4131220380337,1.0,1.0516461717430068e-17,,,,,,,,6.297554944132748e-16,True,TabPFN,temporal_2,sex_blind
0.5,0.5,African-American vs Caucasian,race,True,0.18032786885245902,False,conditional_statistical_parity,Hurlin LR over proxy strata,0.2514827995255042,0.08373590982286634,843,621,,,,,2.692495549037748e-06,,,,36.05259550322828,6.0,2.692495549037748e-06,6.0,26.191251229119086,3.0922029836677467e-07,3.0470524638129826,1.9606597012619198,4.7354105922884315,0.09428038796497273,1.0769982196150992e-05,True,TabPFN,temporal_2,sex_blind
0.5,0.5,African-American vs Caucasian,race,True,0.18032786885245902,False,fpr,z (pooled),0.15606936416184972,0.059734513274336286,519,452,0.09633485088751342,0.05822670248232299,0.13444299929270387,4.762430656522511,1.9127493510985878e-06,0.9913197499488292,False,0.12834682152290022,,,,,,,,,,,7.650997404394351e-06,True,TabPFN,temporal_2,sex_blind
0.5,0.5,African-American vs Caucasian,race,True,0.18032786885245902,False,fnr,z (pooled),0.595679012345679,0.8520710059171598,324,169,-0.2563919935714808,-0.3320269186739438,-0.1807570684690178,-5.809871495671634,6.252081316917644e-09,0.999999931837518,False,0.3199868113549841,,,,,,,,,,,2.5008325267670576e-08,True,TabPFN,temporal_2,sex_blind
0.5,0.5,African-American vs Caucasian,race,True,0.18032786885245902,False,equalized_odds,Hurlin LR given Y,,,843,621,,,,,7.823429090563748e-14,,,,60.35813668168793,2.0,7.823429090563748e-14,,,,,,,,3.1293716362254993e-13,True,TabPFN,temporal_2,sex_blind
0.5,0.5,Hispanic vs Caucasian,race,False,0.08874172185430464,False,statistical_parity,z (pooled),0.11194029850746269,0.08373590982286634,134,621,0.02820438868459635,-0.029453629228076435,0.08586240659726913,1.0412541508184003,0.29775760968595555,0.22949364047728696,False,0.07665212641062402,1.025457384975308,1.0,0.31122799052291383,,,,,,,,0.5508874389370828,False,TabPFN,temporal_2,sex_blind
0.5,0.5,Hispanic vs Caucasian,race,False,0.08874172185430464,False,conditional_statistical_parity,Hurlin LR over proxy strata,0.11194029850746269,0.08373590982286634,134,621,,,,,0.04987408624149425,,,,11.077021152904967,5.0,0.04987408624149425,5.0,6.29518782280334,0.012106618813302772,3.302298522535181,1.3029036613075564,8.369901671006065,0.38453932276033753,0.14962225872448276,False,TabPFN,temporal_2,sex_blind
0.5,0.5,Hispanic vs Caucasian,race,False,0.08874172185430464,False,fpr,z (pooled),0.050505050505050504,0.059734513274336286,99,452,-0.009229462769285782,-0.05758334729076393,0.03912442175219236,-0.35561524308999193,0.7221287266104717,0.04949379605125852,True,0.04987791295968223,,,,,,,,,,,0.7221287266104717,False,TabPFN,temporal_2,sex_blind
0.5,0.5,Hispanic vs Caucasian,race,False,0.08874172185430464,False,fnr,z (pooled),0.7142857142857143,0.8520710059171598,35,169,-0.13778529163144548,-0.29673266901455575,0.02116208575166481,-1.9679675973837445,0.04907176606751149,0.8598332320665332,False,0.2717927167611027,,,,,,,,,,,0.14721529820253448,False,TabPFN,temporal_2,sex_blind
0.5,0.5,Hispanic vs Caucasian,race,False,0.08874172185430464,False,equalized_odds,Hurlin LR given Y,,,134,621,,,,,0.16455629937684213,,,,3.609005043754796,2.0,0.16455629937684213,,,,,,,,0.16455629937684213,False,TabPFN,temporal_2,sex_blind
0.5,0.5,Other vs Caucasian,race,False,0.07938718662952646,False,statistical_parity,z (pooled),0.05154639175257732,0.08373590982286634,97,621,-0.032189518070289025,-0.08128900148608631,0.016909965345508267,-1.0906118354685135,0.2754437194685414,0.23866942873249988,False,0.07344848618156873,1.3215048147425872,1.0,0.25032216198668505,,,,,,,,0.5508874389370828,False,TabPFN,temporal_2,sex_blind
0.5,0.5,Other vs Caucasian,race,False,0.07938718662952646,False,conditional_statistical_parity,Hurlin LR over proxy strata,0.05154639175257732,0.08373590982286634,97,621,,,,,0.6226778236807555,,,,4.4002679648412855,6.0,0.6226778236807555,6.0,0.3990263840524208,0.5275925014401305,0.6776173970150638,0.20371581766832322,2.253950341180937,0.5537459729156041,0.6226778236807555,False,TabPFN,temporal_2,sex_blind
0.5,0.5,Other vs Caucasian,race,False,0.07938718662952646,False,fpr,z (pooled),0.0,0.059734513274336286,71,452,-0.059734513274336286,-0.08158276977935165,-0.03788625676932092,-2.1147149971056924,0.03445424538371744,0.8085392425003511,False,0.07810280897637974,,,,,,,,,,,0.06890849076743488,False,TabPFN,temporal_2,sex_blind
0.5,0.5,Other vs Caucasian,race,False,0.07938718662952646,False,fnr,z (pooled),0.8076923076923077,0.8520710059171598,26,169,-0.044378698224852076,-0.2050466175242107,0.11628922107450654,-0.5838742081211423,0.5593049468922573,0.4727000837430379,False,0.17986580992113488,,,,,,,,,,,1.0,False,TabPFN,temporal_2,sex_blind
0.5,0.5,Other vs Caucasian,race,False,0.07938718662952646,False,equalized_odds,Hurlin LR given Y,,,97,621,,,,,0.014775785691368712,,,,8.429531080046067,2.0,0.014775785691368712,,,,,,,,0.029551571382737424,True,TabPFN,temporal_2,sex_blind
0.5,0.5,Female vs Male,sex,False,0.16647127784290738,False,statistical_parity,z (pooled),0.1043956043956044,0.18330849478390462,364,1342,-0.07891289038830022,-0.11653271795748543,-0.041293062819115024,-3.5847217076070557,0.00033743781611397274,0.933917276182304,False,0.11050161830587477,14.040810315712811,1.0,0.00017888584532038722,,,,,,,,0.0010123134483419182,True,TabPFN,temporal_2,sex_blind
0.5,0.5,Female vs Male,sex,False,0.16647127784290738,False,conditional_statistical_parity,Hurlin LR over proxy strata,0.1043956043956044,0.18330849478390462,364,1342,,,,,0.24309427177850482,,,,7.932447626502104,6.0,0.24309427177850482,6.0,2.8993106044976154,0.08861744507289038,0.6402314208747332,0.3830686326349076,1.0700335066743532,0.5833015305815041,0.48618854355700963,False,TabPFN,temporal_2,sex_blind
0.5,0.5,Female vs Male,sex,False,0.16647127784290738,False,fpr,z (pooled),0.04964539007092199,0.11405529953917051,282,868,-0.06440990946824852,-0.09742356817966115,-0.0313962507568359,-3.156875289763747,0.0015946953265774772,0.8037711842187443,False,0.09213822088249872,,,,,,,,,,,0.004784085979732432,True,TabPFN,temporal_2,sex_blind
0.5,0.5,Female vs Male,sex,False,0.16647127784290738,False,fnr,z (pooled),0.7073170731707317,0.689873417721519,82,474,0.01744365544921267,-0.08947766892865648,0.12436497982708182,0.3160403780846938,0.7519718603160854,0.2754466775630116,False,0.10732515865922759,,,,,,,,,,,1.0,False,TabPFN,temporal_2,sex_blind
0.5,0.5,Female vs Male,sex,False,0.16647127784290738,False,equalized_odds,Hurlin LR given Y,,,364,1342,,,,,0.003237993119383138,,,,11.465603097375668,2.0,0.003237993119383138,,,,,,,,0.009713979358149414,True,TabPFN,temporal_2,sex_blind
break_even,0.2523364485981308,African-American vs Caucasian,race,True,0.5846994535519126,False,statistical_parity,z (pooled),0.6844602609727165,0.4492753623188406,843,621,0.23518489865387593,0.1850377504497918,0.28533204685796004,9.02507637468189,1.7957006818384703e-19,0.9999999999996331,False,0.2772963958265143,81.67798440956435,1.0,1.6016777131268623e-19,,,,,,,,7.182802727353881e-19,True,TabPFN,temporal_2,sex_blind
break_even,0.2523364485981308,African-American vs Caucasian,race,True,0.5846994535519126,False,conditional_statistical_parity,Hurlin LR over proxy strata,0.6844602609727165,0.4492753623188406,843,621,,,,,0.5575742383977794,,,,1.1683192429358606,2.0,0.5575742383977794,2.0,0.936711356781367,0.33312503406587357,1.269724770642202,0.7838832860113305,2.0566849962904925,0.635871733421081,0.6413367934538837,False,TabPFN,temporal_2,sex_blind
break_even,0.2523364485981308,African-American vs Caucasian,race,True,0.5846994535519126,False,fpr,z (pooled),0.605009633911368,0.3805309734513274,519,452,0.22447866046004056,0.16306047077081637,0.28589685014926475,6.97828286254498,2.988095877616403e-12,0.9999999833109064,False,0.2760717545118699,,,,,,,,,,,1.1952383510465613e-11,True,TabPFN,temporal_2,sex_blind
break_even,0.2523364485981308,African-American vs Caucasian,race,True,0.5846994535519126,False,fnr,z (pooled),0.1882716049382716,0.3668639053254438,324,169,-0.17859230038717216,-0.2628044136769483,-0.09438018709739605,-4.349593095541786,1.363903734211328e-05,0.9985485796593888,False,0.24939892831166582,,,,,,,,,,,5.455614936845312e-05,True,TabPFN,temporal_2,sex_blind
break_even,0.2523364485981308,African-American vs Caucasian,race,True,0.5846994535519126,False,equalized_odds,Hurlin LR given Y,,,843,621,,,,,2.274979516988199e-15,,,,67.43361069213995,2.0,2.274979516988199e-15,,,,,,,,9.099918067952796e-15,True,TabPFN,temporal_2,sex_blind
break_even,0.2523364485981308,Hispanic vs Caucasian,race,False,0.4423841059602649,False,statistical_parity,z (pooled),0.41044776119402987,0.4492753623188406,134,621,-0.03882760112481071,-0.13084696141478913,0.05319175916516772,-0.8207255492185158,0.41180261440964006,0.4059860151144673,False,0.11614780730667912,0.6766314213065794,1.0,0.41074910103924256,,,,,,,,0.8236052288192801,False,TabPFN,temporal_2,sex_blind
break_even,0.2523364485981308,Hispanic vs Caucasian,race,False,0.4423841059602649,False,conditional_statistical_parity,Hurlin LR over proxy strata,0.41044776119402987,0.4492753623188406,134,621,,,,,0.32066839672694186,,,,2.2746954436014617,2.0,0.32066839672694186,2.0,0.924320243703018,0.33634316837649003,0.6753782668500687,0.30351890861708775,1.502824998322766,0.2521126424438569,0.6413367934538837,False,TabPFN,temporal_2,sex_blind
break_even,0.2523364485981308,Hispanic vs Caucasian,race,False,0.4423841059602649,False,fpr,z (pooled),0.30303030303030304,0.3805309734513274,99,452,-0.07750067042102438,-0.17848891094831892,0.02348757010627016,-1.4493713601369609,0.14723390235329278,0.7031273674509816,False,0.16239592765865368,,,,,,,,,,,0.29446780470658557,False,TabPFN,temporal_2,sex_blind
break_even,0.2523364485981308,Hispanic vs Caucasian,race,False,0.4423841059602649,False,fnr,z (pooled),0.2857142857142857,0.3668639053254438,35,169,-0.08114961961115807,-0.2475194024112014,0.08522016318888526,-0.9143779251125564,0.3605182970862896,0.642985921492164,False,0.2214148229726272,,,,,,,,,,,0.7210365941725791,False,TabPFN,temporal_2,sex_blind
break_even,0.2523364485981308,Hispanic vs Caucasian,race,False,0.4423841059602649,False,equalized_odds,Hurlin LR given Y,,,134,621,,,,,0.2224026124935317,,,,3.0065319397025387,2.0,0.2224026124935317,,,,,,,,0.5157389879372067,False,TabPFN,temporal_2,sex_blind
break_even,0.2523364485981308,Other vs Caucasian,race,False,0.45264623955431754,False,statistical_parity,z (pooled),0.4742268041237113,0.4492753623188406,97,621,0.024951441804870744,-0.08184240344063619,0.1317452870503777,0.45914681896553017,0.6461287373932538,0.32293172462265707,False,0.11469177202691246,0.21038554066626425,1.0,0.6464653889140145,,,,,,,,0.8236052288192801,False,TabPFN,temporal_2,sex_blind
break_even,0.2523364485981308,Other vs Caucasian,race,False,0.45264623955431754,False,conditional_statistical_parity,Hurlin LR over proxy strata,0.4742268041237113,0.4492753623188406,97,621,,,,,0.11849707199249017,,,,4.265734055272711,2.0,0.11849707199249017,2.0,3.0232808529574853,0.08207726475481592,2.616279069767442,0.8673078716908176,7.892141181145997,0.30559298760364195,0.4739882879699607,False,TabPFN,temporal_2,sex_blind
break_even,0.2523364485981308,Other vs Caucasian,race,False,0.45264623955431754,False,fpr,z (pooled),0.352112676056338,0.3805309734513274,71,452,-0.02841829739498941,-0.14819454186284248,0.09135794707286364,-0.4594152189542865,0.6459360214166855,0.3620582289559135,False,0.12911674333097206,,,,,,,,,,,0.6459360214166855,False,TabPFN,temporal_2,sex_blind
break_even,0.2523364485981308,Other vs Caucasian,race,False,0.45264623955431754,False,fnr,z (pooled),0.19230769230769232,0.3668639053254438,26,169,-0.17455621301775145,-0.342570546168081,-0.006541879867421857,-1.7447783238147276,0.08102346336590423,0.926076858954893,False,0.31623836600375854,,,,,,,,,,,0.2430703900977127,False,TabPFN,temporal_2,sex_blind
break_even,0.2523364485981308,Other vs Caucasian,race,False,0.45264623955431754,False,equalized_odds,Hurlin LR given Y,,,97,621,,,,,0.17191299597906892,,,,3.521533534957082,2.0,0.17191299597906892,,,,,,,,0.5157389879372067,False,TabPFN,temporal_2,sex_blind
break_even,0.2523364485981308,Female vs Male,sex,False,0.5638921453692849,False,statistical_parity,z (pooled),0.49725274725274726,0.5819672131147541,364,1342,-0.08471446586200682,-0.1424611101732056,-0.026967821550808048,-2.890680123683258,0.003844091702580282,0.8805662267409501,False,0.13320333870292292,8.306578609491972,1.0,0.003950173334190025,,,,,,,,0.011532275107740846,True,TabPFN,temporal_2,sex_blind
break_even,0.2523364485981308,Female vs Male,sex,False,0.5638921453692849,False,conditional_statistical_parity,Hurlin LR over proxy strata,0.49725274725274726,0.5819672131147541,364,1342,,,,,0.12736071349620512,,,,4.121463909403307,2.0,0.12736071349620512,2.0,1.447135537317249,0.22898813646405292,1.381476775377665,0.8152229934955276,2.3410503581660094,0.10284012485352423,0.4739882879699607,False,TabPFN,temporal_2,sex_blind
break_even,0.2523364485981308,Female vs Male,sex,False,0.5638921453692849,False,fpr,z (pooled),0.42907801418439717,0.4873271889400922,282,868,-0.05824917475569502,-0.12490298285049621,0.008404633339106168,-1.7021089364953819,0.08873494899767666,0.5958083252055866,False,0.11423198974612828,,,,,,,,,,,0.26620484699303,False,TabPFN,temporal_2,sex_blind
break_even,0.2523364485981308,Female vs Male,sex,False,0.5638921453692849,False,fnr,z (pooled),0.2682926829268293,0.24472573839662448,82,474,0.023566944530204803,-0.07984772270205599,0.12698161176246558,0.4561514800583617,0.6482810531585261,0.3082949592612231,False,0.11050063899090483,,,,,,,,,,,0.7210365941725791,False,TabPFN,temporal_2,sex_blind
break_even,0.2523364485981308,Female vs Male,sex,False,0.5638921453692849,False,equalized_odds,Hurlin LR given Y,,,364,1342,,,,,0.21103295604369204,,,,3.1114819358437864,2.0,0.21103295604369204,,,,,,,,0.5157389879372067,False,TabPFN,temporal_2,sex_blind
