run,feature_set,model,operating_point,threshold,attribute,metric,ci95_lower,ci95_upper,delta,bootstrap_mean,tost_lower,tost_upper,certified_fair,minimum_delta,verdict
X1+X2_to_X3,age_blind,TabPFN,0.5,0.5,race,fpr_difference,0.09660284607895052,0.23523115586549423,0.05,0.16943333311525122,0.10723984562017709,0.22815621877566794,False,0.22815621877566794,cannot certify fair
X1+X2_to_X3,age_blind,TabPFN,0.5,0.5,race,demographic_parity_difference,0.17608868773261113,0.28947883137929237,0.05,0.23326142524448132,0.18624672982258877,0.2801327047361829,False,0.2801327047361829,cannot certify fair
X1+X2_to_X3,age_blind,TabPFN,0.5,0.5,race,equalized_odds_difference,0.1746890007035495,0.3467436808132864,0.05,0.2520200361618768,0.18295301027042604,0.32859383971975037,False,0.32859383971975037,cannot certify fair
X1+X2_to_X3,age_blind,TabPFN,0.5,0.5,sex,fpr_difference,-0.16978877484904267,-0.020557236391684316,0.05,-0.094831022459058,-0.15689695871490775,-0.03538943439040437,False,0.15689695871490775,cannot certify fair
X1+X2_to_X3,age_blind,TabPFN,0.5,0.5,sex,demographic_parity_difference,-0.243332350426666,-0.1167081434224711,0.05,-0.18343151802699212,-0.2344279601532168,-0.13047572392909507,False,0.2344279601532168,cannot certify fair
X1+X2_to_X3,age_blind,TabPFN,0.5,0.5,sex,equalized_odds_difference,-0.35658309056307624,-0.1392274339333163,0.05,-0.24910926903088962,-0.33679620648720227,-0.15883551014852182,False,0.33679620648720227,cannot certify fair
X1+X2_to_X3,age_blind,TabPFN,break_even,0.2523364485981308,race,fpr_difference,0.19465284299726307,0.31886838397712214,0.05,0.25659579621656586,0.204535907400468,0.3109679267989539,False,0.3109679267989539,cannot certify fair
X1+X2_to_X3,age_blind,TabPFN,break_even,0.2523364485981308,race,demographic_parity_difference,0.1687311233830715,0.2552215339289746,0.05,0.21161681494542445,0.17436261759155455,0.24827358048413037,False,0.24827358048413037,cannot certify fair
X1+X2_to_X3,age_blind,TabPFN,break_even,0.2523364485981308,race,equalized_odds_difference,0.1949714045952138,0.31886838397712214,0.05,0.2566195534535124,0.2046023446830642,0.3109679267989539,False,0.3109679267989539,cannot certify fair
X1+X2_to_X3,age_blind,TabPFN,break_even,0.2523364485981308,sex,fpr_difference,-0.31464006255729476,-0.15373222754549876,0.05,-0.23531054071949897,-0.3041878610826658,-0.16569279905060744,False,0.3041878610826658,cannot certify fair
X1+X2_to_X3,age_blind,TabPFN,break_even,0.2523364485981308,sex,demographic_parity_difference,-0.3039781715277641,-0.17943049287876872,0.05,-0.24184086268819135,-0.29342425612648004,-0.18892666174613426,False,0.29342425612648004,cannot certify fair
X1+X2_to_X3,age_blind,TabPFN,break_even,0.2523364485981308,sex,equalized_odds_difference,-0.3241107219204139,-0.1791119142150994,0.05,-0.25358956620127304,-0.315398663245034,-0.19114135595784884,False,0.315398663245034,cannot certify fair
X1+X2_to_X3,age_blind,COMPAS tool,tool,,race,fpr_difference,0.0810185457315994,0.2341449278471384,0.05,0.15841231699199107,0.09315488172300793,0.22195534290910204,False,0.22195534290910204,cannot certify fair
X1+X2_to_X3,age_blind,COMPAS tool,tool,,race,demographic_parity_difference,0.18289260410305233,0.3039152024234034,0.05,0.2457667369323836,0.19465908526495165,0.2952134916803362,False,0.2952134916803362,cannot certify fair
X1+X2_to_X3,age_blind,COMPAS tool,tool,,race,equalized_odds_difference,0.17783330443626433,0.352192236733922,0.05,0.2661039146321223,0.19237569125950607,0.34211516789940494,False,0.34211516789940494,cannot certify fair
X1+X2_to_X3,age_blind,COMPAS tool,tool,,sex,fpr_difference,-0.07650325573703486,0.0927447857034205,0.05,0.004580814564283695,-0.06536050818275065,0.0774026384523835,False,0.0774026384523835,cannot certify fair
X1+X2_to_X3,age_blind,COMPAS tool,tool,,sex,demographic_parity_difference,-0.0892371919497767,0.04892878435938098,0.05,-0.020971410195180156,-0.07768512840607447,0.038160629586881226,False,0.07768512840607447,cannot certify fair
X1+X2_to_X3,age_blind,COMPAS tool,tool,,sex,equalized_odds_difference,-0.0875784730182472,0.15205587738757503,0.05,0.04508218785537714,-0.06727368523430348,0.1378669979558617,False,0.1378669979558617,cannot certify fair
X1+X2_to_X3,protected_blind,TabPFN,0.5,0.5,race,fpr_difference,0.01594367086145586,0.1579465720864822,0.05,0.08802903809217394,0.02764832634626946,0.1468403613987818,False,0.1468403613987818,cannot certify fair
X1+X2_to_X3,protected_blind,TabPFN,0.5,0.5,race,demographic_parity_difference,0.10136756805075221,0.2098464266357638,0.05,0.1559304660180479,0.10956578851889547,0.20384032290385698,False,0.20384032290385698,cannot certify fair
X1+X2_to_X3,protected_blind,TabPFN,0.5,0.5,race,equalized_odds_difference,0.09858689011084924,0.27633738357788246,0.05,0.18015139980470385,0.10880125988142295,0.2597988081243812,False,0.2597988081243812,cannot certify fair
X1+X2_to_X3,protected_blind,TabPFN,0.5,0.5,sex,fpr_difference,-0.0969840930383128,0.060064534451916854,0.05,-0.02146592213590834,-0.08735016900752922,0.041309816681932385,False,0.08735016900752922,cannot certify fair
X1+X2_to_X3,protected_blind,TabPFN,0.5,0.5,sex,demographic_parity_difference,-0.17954207701994349,-0.047129967481270886,0.05,-0.1151188344816241,-0.1680125259268519,-0.0617400849389568,False,0.1680125259268519,cannot certify fair
X1+X2_to_X3,protected_blind,TabPFN,0.5,0.5,sex,equalized_odds_difference,-0.294592582910692,-0.08271128457694481,0.05,-0.19140179770820245,-0.2821165632728521,-0.09571570116066609,False,0.2821165632728521,cannot certify fair
X1+X2_to_X3,protected_blind,TabPFN,break_even,0.2523364485981308,race,fpr_difference,0.0283069116089458,0.1689260180685626,0.05,0.0964742564445748,0.03590411349871284,0.156109695418441,False,0.156109695418441,cannot certify fair
X1+X2_to_X3,protected_blind,TabPFN,break_even,0.2523364485981308,race,demographic_parity_difference,0.03947408589926307,0.13418039794337716,0.05,0.08606416731447883,0.04685966613149021,0.1251819596754916,False,0.1251819596754916,cannot certify fair
X1+X2_to_X3,protected_blind,TabPFN,break_even,0.2523364485981308,race,equalized_odds_difference,0.03609935436916613,0.1689260180685626,0.05,0.09854743859214282,0.045053820305064295,0.156109695418441,False,0.156109695418441,cannot certify fair
X1+X2_to_X3,protected_blind,TabPFN,break_even,0.2523364485981308,sex,fpr_difference,-0.14056581951908229,0.01897845156300097,0.05,-0.060022574768600595,-0.12693447713791745,0.008552348300601302,False,0.12693447713791745,cannot certify fair
X1+X2_to_X3,protected_blind,TabPFN,break_even,0.2523364485981308,sex,demographic_parity_difference,-0.1560417420166122,-0.03323677727223071,0.05,-0.0930319332620534,-0.14545770149455062,-0.04275221313723758,False,0.14545770149455062,cannot certify fair
X1+X2_to_X3,protected_blind,TabPFN,break_even,0.2523364485981308,sex,equalized_odds_difference,-0.19942809699837497,-0.045528125334712045,0.05,-0.11416148243094724,-0.1886329122012269,-0.05534594973286671,False,0.1886329122012269,cannot certify fair
X1+X2_to_X3,protected_blind,COMPAS tool,tool,,race,fpr_difference,0.0810185457315994,0.2341449278471384,0.05,0.15841231699199107,0.09315488172300793,0.22195534290910204,False,0.22195534290910204,cannot certify fair
X1+X2_to_X3,protected_blind,COMPAS tool,tool,,race,demographic_parity_difference,0.18289260410305233,0.3039152024234034,0.05,0.2457667369323836,0.19465908526495165,0.2952134916803362,False,0.2952134916803362,cannot certify fair
X1+X2_to_X3,protected_blind,COMPAS tool,tool,,race,equalized_odds_difference,0.17783330443626433,0.352192236733922,0.05,0.2661039146321223,0.19237569125950607,0.34211516789940494,False,0.34211516789940494,cannot certify fair
X1+X2_to_X3,protected_blind,COMPAS tool,tool,,sex,fpr_difference,-0.07650325573703486,0.0927447857034205,0.05,0.004580814564283695,-0.06536050818275065,0.0774026384523835,False,0.0774026384523835,cannot certify fair
X1+X2_to_X3,protected_blind,COMPAS tool,tool,,sex,demographic_parity_difference,-0.0892371919497767,0.04892878435938098,0.05,-0.020971410195180156,-0.07768512840607447,0.038160629586881226,False,0.07768512840607447,cannot certify fair
X1+X2_to_X3,protected_blind,COMPAS tool,tool,,sex,equalized_odds_difference,-0.0875784730182472,0.15205587738757503,0.05,0.04508218785537714,-0.06727368523430348,0.1378669979558617,False,0.1378669979558617,cannot certify fair
X1+X2_to_X3,race_aware,TabPFN,0.5,0.5,race,fpr_difference,0.038448171486000916,0.18713399435156863,0.05,0.11512086328467082,0.054531840090223695,0.17601616112101554,False,0.17601616112101554,cannot certify fair
X1+X2_to_X3,race_aware,TabPFN,0.5,0.5,race,demographic_parity_difference,0.15392490958600832,0.2729980041533783,0.05,0.21407493493822818,0.1658262204556385,0.2650435094606047,False,0.2650435094606047,cannot certify fair
X1+X2_to_X3,race_aware,TabPFN,0.5,0.5,race,equalized_odds_difference,0.17158669592804587,0.35500575844159415,0.05,0.2570752492951659,0.182056717437549,0.3352286640698178,False,0.3352286640698178,cannot certify fair
X1+X2_to_X3,race_aware,TabPFN,0.5,0.5,sex,fpr_difference,-0.1632074428017977,-0.01617056944878131,0.05,-0.09074057753167682,-0.15391926356695576,-0.031159065019124074,False,0.15391926356695576,cannot certify fair
X1+X2_to_X3,race_aware,TabPFN,0.5,0.5,sex,demographic_parity_difference,-0.26335802985159906,-0.14107824780414976,0.05,-0.20206483178497972,-0.25538112344347214,-0.14982838833036474,False,0.25538112344347214,cannot certify fair
X1+X2_to_X3,race_aware,TabPFN,0.5,0.5,sex,equalized_odds_difference,-0.40068807604535966,-0.17451367884162847,0.05,-0.2863155254407001,-0.37989347634450793,-0.1857039876423137,False,0.37989347634450793,cannot certify fair
X1+X2_to_X3,race_aware,TabPFN,break_even,0.2523364485981308,race,fpr_difference,0.20848142167522488,0.347942588719726,0.05,0.2763426887463522,0.2168408395259318,0.33928122453297094,False,0.33928122453297094,cannot certify fair
X1+X2_to_X3,race_aware,TabPFN,break_even,0.2523364485981308,race,demographic_parity_difference,0.19331879808249927,0.29087687174884,0.05,0.2395372834513609,0.19971986504678535,0.282845596340388,False,0.282845596340388,cannot certify fair
X1+X2_to_X3,race_aware,TabPFN,break_even,0.2523364485981308,race,equalized_odds_difference,0.20848142167522488,0.347942588719726,0.05,0.27641957968081704,0.2168408395259318,0.33928122453297094,False,0.33928122453297094,cannot certify fair
X1+X2_to_X3,race_aware,TabPFN,break_even,0.2523364485981308,sex,fpr_difference,-0.2681629999668198,-0.08788959561018317,0.05,-0.17488174639201598,-0.24771478169023642,-0.10145719154723457,False,0.24771478169023642,cannot certify fair
X1+X2_to_X3,race_aware,TabPFN,break_even,0.2523364485981308,sex,demographic_parity_difference,-0.2719141353651835,-0.14489096140933574,0.05,-0.20893911880260826,-0.2637903564482442,-0.15275365094834636,False,0.2637903564482442,cannot certify fair
X1+X2_to_X3,race_aware,TabPFN,break_even,0.2523364485981308,sex,equalized_odds_difference,-0.31452586250085046,-0.14435663021189346,0.05,-0.22131943413966793,-0.29837349970810684,-0.15212502600374458,False,0.29837349970810684,cannot certify fair
X1+X2_to_X3,race_aware,COMPAS tool,tool,,race,fpr_difference,0.0810185457315994,0.2341449278471384,0.05,0.15841231699199107,0.09315488172300793,0.22195534290910204,False,0.22195534290910204,cannot certify fair
X1+X2_to_X3,race_aware,COMPAS tool,tool,,race,demographic_parity_difference,0.18289260410305233,0.3039152024234034,0.05,0.2457667369323836,0.19465908526495165,0.2952134916803362,False,0.2952134916803362,cannot certify fair
X1+X2_to_X3,race_aware,COMPAS tool,tool,,race,equalized_odds_difference,0.17783330443626433,0.352192236733922,0.05,0.2661039146321223,0.19237569125950607,0.34211516789940494,False,0.34211516789940494,cannot certify fair
X1+X2_to_X3,race_aware,COMPAS tool,tool,,sex,fpr_difference,-0.07650325573703486,0.0927447857034205,0.05,0.004580814564283695,-0.06536050818275065,0.0774026384523835,False,0.0774026384523835,cannot certify fair
X1+X2_to_X3,race_aware,COMPAS tool,tool,,sex,demographic_parity_difference,-0.0892371919497767,0.04892878435938098,0.05,-0.020971410195180156,-0.07768512840607447,0.038160629586881226,False,0.07768512840607447,cannot certify fair
X1+X2_to_X3,race_aware,COMPAS tool,tool,,sex,equalized_odds_difference,-0.0875784730182472,0.15205587738757503,0.05,0.04508218785537714,-0.06727368523430348,0.1378669979558617,False,0.1378669979558617,cannot certify fair
X1+X2_to_X3,race_blind,TabPFN,0.5,0.5,race,fpr_difference,0.045984228613372605,0.18966774140190923,0.05,0.11814567907052043,0.059979237718028974,0.18004419711575317,False,0.18004419711575317,cannot certify fair
X1+X2_to_X3,race_blind,TabPFN,0.5,0.5,race,demographic_parity_difference,0.16216983058287976,0.27440407673860906,0.05,0.21903368298809703,0.17167674231526742,0.2689471063806732,False,0.2689471063806732,cannot certify fair
X1+X2_to_X3,race_blind,TabPFN,0.5,0.5,race,equalized_odds_difference,0.17596765929918898,0.3585407938279123,0.05,0.2635193160098237,0.19134033558081529,0.3440767267147202,False,0.3440767267147202,cannot certify fair
X1+X2_to_X3,race_blind,TabPFN,0.5,0.5,sex,fpr_difference,-0.13887646878547347,0.006024537876947508,0.05,-0.06812188916480472,-0.12848427275050966,-0.007778989572444405,False,0.12848427275050966,cannot certify fair
X1+X2_to_X3,race_blind,TabPFN,0.5,0.5,sex,demographic_parity_difference,-0.2443725452572617,-0.12059452762297262,0.05,-0.18224612871085594,-0.23770683946689766,-0.13139173248268673,False,0.23770683946689766,cannot certify fair
X1+X2_to_X3,race_blind,TabPFN,0.5,0.5,sex,equalized_odds_difference,-0.3808884945803551,-0.1534788565602472,0.05,-0.26955424178183157,-0.36653753951413115,-0.17240020636596531,False,0.36653753951413115,cannot certify fair
X1+X2_to_X3,race_blind,TabPFN,break_even,0.2523364485981308,race,fpr_difference,0.13495935662125774,0.2850321904019088,0.05,0.2074877543232744,0.14422699346197573,0.2742465421865573,False,0.2742465421865573,cannot certify fair
X1+X2_to_X3,race_blind,TabPFN,break_even,0.2523364485981308,race,demographic_parity_difference,0.1356826745226379,0.23955733447088706,0.05,0.18667704883296174,0.14534278977682324,0.23098288707190728,False,0.23098288707190728,cannot certify fair
X1+X2_to_X3,race_blind,TabPFN,break_even,0.2523364485981308,race,equalized_odds_difference,0.1377895314692853,0.2850321904019088,0.05,0.20794751364388991,0.14593745826607094,0.2742465421865573,False,0.2742465421865573,cannot certify fair
X1+X2_to_X3,race_blind,TabPFN,break_even,0.2523364485981308,sex,fpr_difference,-0.22857707722606796,-0.0530568970653146,0.05,-0.13829054808794955,-0.2119413506438227,-0.06458023108449208,False,0.2119413506438227,cannot certify fair
X1+X2_to_X3,race_blind,TabPFN,break_even,0.2523364485981308,sex,demographic_parity_difference,-0.23566111610832777,-0.10493059099994194,0.05,-0.1699991061574156,-0.22681981221075473,-0.11314257764537802,False,0.22681981221075473,cannot certify fair
X1+X2_to_X3,race_blind,TabPFN,break_even,0.2523364485981308,sex,equalized_odds_difference,-0.2598453072351961,-0.09678139187380155,0.05,-0.17519101023272418,-0.24847896976448042,-0.10885636522036667,False,0.24847896976448042,cannot certify fair
X1+X2_to_X3,race_blind,COMPAS tool,tool,,race,fpr_difference,0.0810185457315994,0.2341449278471384,0.05,0.15841231699199107,0.09315488172300793,0.22195534290910204,False,0.22195534290910204,cannot certify fair
X1+X2_to_X3,race_blind,COMPAS tool,tool,,race,demographic_parity_difference,0.18289260410305233,0.3039152024234034,0.05,0.2457667369323836,0.19465908526495165,0.2952134916803362,False,0.2952134916803362,cannot certify fair
X1+X2_to_X3,race_blind,COMPAS tool,tool,,race,equalized_odds_difference,0.17783330443626433,0.352192236733922,0.05,0.2661039146321223,0.19237569125950607,0.34211516789940494,False,0.34211516789940494,cannot certify fair
X1+X2_to_X3,race_blind,COMPAS tool,tool,,sex,fpr_difference,-0.07650325573703486,0.0927447857034205,0.05,0.004580814564283695,-0.06536050818275065,0.0774026384523835,False,0.0774026384523835,cannot certify fair
X1+X2_to_X3,race_blind,COMPAS tool,tool,,sex,demographic_parity_difference,-0.0892371919497767,0.04892878435938098,0.05,-0.020971410195180156,-0.07768512840607447,0.038160629586881226,False,0.07768512840607447,cannot certify fair
X1+X2_to_X3,race_blind,COMPAS tool,tool,,sex,equalized_odds_difference,-0.0875784730182472,0.15205587738757503,0.05,0.04508218785537714,-0.06727368523430348,0.1378669979558617,False,0.1378669979558617,cannot certify fair
X1+X2_to_X3,race_priors_blind,TabPFN,0.5,0.5,race,fpr_difference,0.04215281833483646,0.19705486671899944,0.05,0.11947995797962753,0.053114645473080084,0.18732718894009215,False,0.18732718894009215,cannot certify fair
X1+X2_to_X3,race_priors_blind,TabPFN,0.5,0.5,race,demographic_parity_difference,0.07998569293250411,0.199951038479938,0.05,0.1387852255644951,0.08915609814379627,0.19168712969169324,False,0.19168712969169324,cannot certify fair
X1+X2_to_X3,race_priors_blind,TabPFN,0.5,0.5,race,equalized_odds_difference,0.0728815820941273,0.21242809877984298,0.05,0.14157804592725945,0.08489657657423211,0.2032075032343593,False,0.2032075032343593,cannot certify fair
X1+X2_to_X3,race_priors_blind,TabPFN,0.5,0.5,sex,fpr_difference,-0.5316150017987769,-0.44110878361442335,0.05,-0.48569377482158144,-0.5234698639210019,-0.44854016897650634,False,0.5234698639210019,cannot certify fair
X1+X2_to_X3,race_priors_blind,TabPFN,0.5,0.5,sex,demographic_parity_difference,-0.6024221031883299,-0.5401571330916372,0.05,-0.5711086942908998,-0.5977715850410171,-0.5449098775204384,False,0.5977715850410171,cannot certify fair
X1+X2_to_X3,race_priors_blind,TabPFN,0.5,0.5,sex,equalized_odds_difference,-0.706668776371308,-0.6244723474765035,0.05,-0.6638240781458986,-0.6991558527542373,-0.6291582267235252,False,0.6991558527542373,cannot certify fair
X1+X2_to_X3,race_priors_blind,TabPFN,break_even,0.2523364485981308,race,fpr_difference,0.01355412763741925,0.0706080254962102,0.05,0.04113305114018213,0.017328701781316153,0.06510987898675284,False,0.06510987898675284,cannot certify fair
X1+X2_to_X3,race_priors_blind,TabPFN,break_even,0.2523364485981308,race,demographic_parity_difference,0.018750637145127626,0.05918465672890653,0.05,0.037048710873443,0.021153710200882685,0.05441469297058926,False,0.05441469297058926,cannot certify fair
X1+X2_to_X3,race_priors_blind,TabPFN,break_even,0.2523364485981308,race,equalized_odds_difference,0.02048869554220942,0.07225462644175612,0.05,0.04417942184268513,0.024424875707514226,0.06717045025006195,False,0.06717045025006195,cannot certify fair
X1+X2_to_X3,race_priors_blind,TabPFN,break_even,0.2523364485981308,sex,fpr_difference,-0.17419354838709677,-0.07452891556152429,0.05,-0.12012398316242252,-0.16473830477072715,-0.08019140243360874,False,0.16473830477072715,cannot certify fair
X1+X2_to_X3,race_priors_blind,TabPFN,break_even,0.2523364485981308,sex,demographic_parity_difference,-0.14418637387387384,-0.06722606038462814,0.05,-0.1036765377618919,-0.13600751173708922,-0.07317073170731703,False,0.13600751173708922,cannot certify fair
X1+X2_to_X3,race_priors_blind,TabPFN,break_even,0.2523364485981308,sex,equalized_odds_difference,-0.17419354838709677,-0.07792013375845713,0.05,-0.12247201499584615,-0.16473830477072715,-0.08552631578947367,False,0.16473830477072715,cannot certify fair
X1+X2_to_X3,race_priors_blind,COMPAS tool,tool,,race,fpr_difference,0.0810185457315994,0.2341449278471384,0.05,0.15841231699199107,0.09315488172300793,0.22195534290910204,False,0.22195534290910204,cannot certify fair
X1+X2_to_X3,race_priors_blind,COMPAS tool,tool,,race,demographic_parity_difference,0.18289260410305233,0.3039152024234034,0.05,0.2457667369323836,0.19465908526495165,0.2952134916803362,False,0.2952134916803362,cannot certify fair
X1+X2_to_X3,race_priors_blind,COMPAS tool,tool,,race,equalized_odds_difference,0.17783330443626433,0.352192236733922,0.05,0.2661039146321223,0.19237569125950607,0.34211516789940494,False,0.34211516789940494,cannot certify fair
X1+X2_to_X3,race_priors_blind,COMPAS tool,tool,,sex,fpr_difference,-0.07650325573703486,0.0927447857034205,0.05,0.004580814564283695,-0.06536050818275065,0.0774026384523835,False,0.0774026384523835,cannot certify fair
X1+X2_to_X3,race_priors_blind,COMPAS tool,tool,,sex,demographic_parity_difference,-0.0892371919497767,0.04892878435938098,0.05,-0.020971410195180156,-0.07768512840607447,0.038160629586881226,False,0.07768512840607447,cannot certify fair
X1+X2_to_X3,race_priors_blind,COMPAS tool,tool,,sex,equalized_odds_difference,-0.0875784730182472,0.15205587738757503,0.05,0.04508218785537714,-0.06727368523430348,0.1378669979558617,False,0.1378669979558617,cannot certify fair
X1+X2_to_X3,race_proxy_blind,TabPFN,0.5,0.5,race,fpr_difference,-0.0005517989424121953,0.10868198964735935,0.05,0.053902388668954956,0.009145733245301116,0.09853356721991618,False,0.09853356721991618,cannot certify fair
X1+X2_to_X3,race_proxy_blind,TabPFN,0.5,0.5,race,demographic_parity_difference,0.03452454018990211,0.1241661259809469,0.05,0.07910754922306984,0.041507195754260984,0.1156552990177019,False,0.1156552990177019,cannot certify fair
X1+X2_to_X3,race_proxy_blind,TabPFN,0.5,0.5,race,equalized_odds_difference,0.034606329289929155,0.15608734920927897,0.05,0.09079366235382193,0.04251678198417328,0.14686159974589572,False,0.14686159974589572,cannot certify fair
X1+X2_to_X3,race_proxy_blind,TabPFN,0.5,0.5,sex,fpr_difference,-0.20116111384523822,-0.13644205243827048,0.05,-0.16823622198999846,-0.19456516246399516,-0.14069652908067543,False,0.19456516246399516,cannot certify fair
X1+X2_to_X3,race_proxy_blind,TabPFN,0.5,0.5,sex,demographic_parity_difference,-0.2462159434914228,-0.19463068530008118,0.05,-0.2197717055828246,-0.24163105929603393,-0.19795295677326047,False,0.24163105929603393,cannot certify fair
X1+X2_to_X3,race_proxy_blind,TabPFN,0.5,0.5,sex,equalized_odds_difference,-0.3152424507500778,-0.2356687898089172,0.05,-0.2756859205203074,-0.30967937834661097,-0.2428182179242059,False,0.30967937834661097,cannot certify fair
X1+X2_to_X3,race_proxy_blind,TabPFN,break_even,0.2523364485981308,race,fpr_difference,0.0,0.0,0.05,0.0,0.0,0.0,True,0.0,fair (equivalent)
X1+X2_to_X3,race_proxy_blind,TabPFN,break_even,0.2523364485981308,race,demographic_parity_difference,0.0,0.0,0.05,0.0,0.0,0.0,True,0.0,fair (equivalent)
X1+X2_to_X3,race_proxy_blind,TabPFN,break_even,0.2523364485981308,race,equalized_odds_difference,0.0,0.0,0.05,0.0,0.0,0.0,True,0.0,fair (equivalent)
X1+X2_to_X3,race_proxy_blind,TabPFN,break_even,0.2523364485981308,sex,fpr_difference,0.0,0.0,0.05,0.0,0.0,0.0,True,0.0,fair (equivalent)
X1+X2_to_X3,race_proxy_blind,TabPFN,break_even,0.2523364485981308,sex,demographic_parity_difference,0.0,0.0,0.05,0.0,0.0,0.0,True,0.0,fair (equivalent)
X1+X2_to_X3,race_proxy_blind,TabPFN,break_even,0.2523364485981308,sex,equalized_odds_difference,0.0,0.0,0.05,0.0,0.0,0.0,True,0.0,fair (equivalent)
X1+X2_to_X3,race_proxy_blind,COMPAS tool,tool,,race,fpr_difference,0.0810185457315994,0.2341449278471384,0.05,0.15841231699199107,0.09315488172300793,0.22195534290910204,False,0.22195534290910204,cannot certify fair
X1+X2_to_X3,race_proxy_blind,COMPAS tool,tool,,race,demographic_parity_difference,0.18289260410305233,0.3039152024234034,0.05,0.2457667369323836,0.19465908526495165,0.2952134916803362,False,0.2952134916803362,cannot certify fair
X1+X2_to_X3,race_proxy_blind,COMPAS tool,tool,,race,equalized_odds_difference,0.17783330443626433,0.352192236733922,0.05,0.2661039146321223,0.19237569125950607,0.34211516789940494,False,0.34211516789940494,cannot certify fair
X1+X2_to_X3,race_proxy_blind,COMPAS tool,tool,,sex,fpr_difference,-0.07650325573703486,0.0927447857034205,0.05,0.004580814564283695,-0.06536050818275065,0.0774026384523835,False,0.0774026384523835,cannot certify fair
X1+X2_to_X3,race_proxy_blind,COMPAS tool,tool,,sex,demographic_parity_difference,-0.0892371919497767,0.04892878435938098,0.05,-0.020971410195180156,-0.07768512840607447,0.038160629586881226,False,0.07768512840607447,cannot certify fair
X1+X2_to_X3,race_proxy_blind,COMPAS tool,tool,,sex,equalized_odds_difference,-0.0875784730182472,0.15205587738757503,0.05,0.04508218785537714,-0.06727368523430348,0.1378669979558617,False,0.1378669979558617,cannot certify fair
X1+X2_to_X3,sex_blind,TabPFN,0.5,0.5,race,fpr_difference,0.06166049796461226,0.20345389335407485,0.05,0.13115957412910662,0.07264621177852786,0.1928152503834069,False,0.1928152503834069,cannot certify fair
X1+X2_to_X3,sex_blind,TabPFN,0.5,0.5,race,demographic_parity_difference,0.17176274577310255,0.2856107179769198,0.05,0.22905427208530113,0.18129675016566163,0.2778849671482127,False,0.2778849671482127,cannot certify fair
X1+X2_to_X3,sex_blind,TabPFN,0.5,0.5,race,equalized_odds_difference,0.1826603345848179,0.365310653029723,0.05,0.2694470676294784,0.1974544767152313,0.3461705149772922,False,0.3461705149772922,cannot certify fair
X1+X2_to_X3,sex_blind,TabPFN,0.5,0.5,sex,fpr_difference,-0.09136514330935992,0.06536148410408578,0.05,-0.016669684287717233,-0.08268193413729129,0.050884242880943044,False,0.08268193413729129,cannot certify fair
X1+X2_to_X3,sex_blind,TabPFN,0.5,0.5,sex,demographic_parity_difference,-0.19242757683748443,-0.06339853011950049,0.05,-0.1273074254204287,-0.18213933527855525,-0.0716136781884583,False,0.18213933527855525,cannot certify fair
X1+X2_to_X3,sex_blind,TabPFN,0.5,0.5,sex,equalized_odds_difference,-0.32599692999072816,-0.09351900937489856,0.05,-0.20740788765325413,-0.30899951833207345,-0.10856920754469303,False,0.30899951833207345,cannot certify fair
X1+X2_to_X3,sex_blind,TabPFN,break_even,0.2523364485981308,race,fpr_difference,0.14299751133364114,0.29563738323171024,0.05,0.2169704020122644,0.15381078205580828,0.2811090529969159,False,0.2811090529969159,cannot certify fair
X1+X2_to_X3,sex_blind,TabPFN,break_even,0.2523364485981308,race,demographic_parity_difference,0.14219772562601593,0.24304676579033418,0.05,0.1909635364353396,0.1499439047511804,0.23522129023458802,False,0.23522129023458802,cannot certify fair
X1+X2_to_X3,sex_blind,TabPFN,break_even,0.2523364485981308,race,equalized_odds_difference,0.14521795584394137,0.29563738323171024,0.05,0.21720369418626334,0.1539519029861087,0.2811090529969159,False,0.2811090529969159,cannot certify fair
X1+X2_to_X3,sex_blind,TabPFN,break_even,0.2523364485981308,sex,fpr_difference,-0.13461790618564756,0.038351574140970304,0.05,-0.04769838702604127,-0.12302843947641832,0.02717605981265325,False,0.12302843947641832,cannot certify fair
X1+X2_to_X3,sex_blind,TabPFN,break_even,0.2523364485981308,sex,demographic_parity_difference,-0.1489704935191232,-0.022441993275150455,0.05,-0.08354697267269943,-0.13752813226928898,-0.02785823821982635,False,0.13752813226928898,cannot certify fair
X1+X2_to_X3,sex_blind,TabPFN,break_even,0.2523364485981308,sex,equalized_odds_difference,-0.1687359657145757,0.003506092189377041,0.05,-0.08484970234775599,-0.15472360448775538,-0.02397710592891319,False,0.15472360448775538,cannot certify fair
X1+X2_to_X3,sex_blind,COMPAS tool,tool,,race,fpr_difference,0.0810185457315994,0.2341449278471384,0.05,0.15841231699199107,0.09315488172300793,0.22195534290910204,False,0.22195534290910204,cannot certify fair
X1+X2_to_X3,sex_blind,COMPAS tool,tool,,race,demographic_parity_difference,0.18289260410305233,0.3039152024234034,0.05,0.2457667369323836,0.19465908526495165,0.2952134916803362,False,0.2952134916803362,cannot certify fair
X1+X2_to_X3,sex_blind,COMPAS tool,tool,,race,equalized_odds_difference,0.17783330443626433,0.352192236733922,0.05,0.2661039146321223,0.19237569125950607,0.34211516789940494,False,0.34211516789940494,cannot certify fair
X1+X2_to_X3,sex_blind,COMPAS tool,tool,,sex,fpr_difference,-0.07650325573703486,0.0927447857034205,0.05,0.004580814564283695,-0.06536050818275065,0.0774026384523835,False,0.0774026384523835,cannot certify fair
X1+X2_to_X3,sex_blind,COMPAS tool,tool,,sex,demographic_parity_difference,-0.0892371919497767,0.04892878435938098,0.05,-0.020971410195180156,-0.07768512840607447,0.038160629586881226,False,0.07768512840607447,cannot certify fair
X1+X2_to_X3,sex_blind,COMPAS tool,tool,,sex,equalized_odds_difference,-0.0875784730182472,0.15205587738757503,0.05,0.04508218785537714,-0.06727368523430348,0.1378669979558617,False,0.1378669979558617,cannot certify fair
X1_to_X3,age_blind,TabPFN,0.5,0.5,race,fpr_difference,0.07650906058514756,0.22132424311888677,0.05,0.1534501427703318,0.09090004351909117,0.21366090289955134,False,0.21366090289955134,cannot certify fair
X1_to_X3,age_blind,TabPFN,0.5,0.5,race,demographic_parity_difference,0.1642426576710994,0.2772827479650286,0.05,0.221413306290236,0.17251448224037494,0.26862291422853607,False,0.26862291422853607,cannot certify fair
X1_to_X3,age_blind,TabPFN,0.5,0.5,race,equalized_odds_difference,0.16396609123732084,0.34632482197916975,0.05,0.24796871293449488,0.17591116914282723,0.330372937841211,False,0.330372937841211,cannot certify fair
X1_to_X3,age_blind,TabPFN,0.5,0.5,sex,fpr_difference,-0.17057382444862978,-0.010311985547645581,0.05,-0.09263605537717623,-0.15835534169344237,-0.029470728402071572,False,0.15835534169344237,cannot certify fair
X1_to_X3,age_blind,TabPFN,0.5,0.5,sex,demographic_parity_difference,-0.25040958195781426,-0.11864587491009017,0.05,-0.18469766721313216,-0.2378470173382205,-0.13019851378508887,False,0.2378470173382205,cannot certify fair
X1_to_X3,age_blind,TabPFN,0.5,0.5,sex,equalized_odds_difference,-0.3640998704631061,-0.1509553087016317,0.05,-0.25936669019692826,-0.3480739053344232,-0.16677019385373124,False,0.3480739053344232,cannot certify fair
X1_to_X3,age_blind,TabPFN,break_even,0.2523364485981308,race,fpr_difference,0.3535829521795193,0.4868469197353103,0.05,0.4173847311383385,0.36335219581311706,0.47531715429183513,False,0.47531715429183513,cannot certify fair
X1_to_X3,age_blind,TabPFN,break_even,0.2523364485981308,race,demographic_parity_difference,0.3098392316888782,0.403142455324651,0.05,0.3547302669648526,0.3154747623817858,0.394378992124636,False,0.394378992124636,cannot certify fair
X1_to_X3,age_blind,TabPFN,break_even,0.2523364485981308,race,equalized_odds_difference,0.3535829521795193,0.4868469197353103,0.05,0.4173847311383385,0.36335219581311706,0.47531715429183513,False,0.47531715429183513,cannot certify fair
X1_to_X3,age_blind,TabPFN,break_even,0.2523364485981308,sex,fpr_difference,-0.22189286145061396,-0.05446851151870656,0.05,-0.13664800690138015,-0.2079258949245457,-0.06672869387694201,False,0.2079258949245457,cannot certify fair
X1_to_X3,age_blind,TabPFN,break_even,0.2523364485981308,sex,demographic_parity_difference,-0.22893499190448066,-0.10182125180668938,0.05,-0.1656459426638125,-0.2196106838824249,-0.11132000428427473,False,0.2196106838824249,cannot certify fair
X1_to_X3,age_blind,TabPFN,break_even,0.2523364485981308,sex,equalized_odds_difference,-0.26972628135859444,-0.09977234591762053,0.05,-0.18062349841512412,-0.2523607155532228,-0.1138269207808879,False,0.2523607155532228,cannot certify fair
X1_to_X3,age_blind,COMPAS tool,tool,,race,fpr_difference,0.0810185457315994,0.2341449278471384,0.05,0.15841231699199107,0.09315488172300793,0.22195534290910204,False,0.22195534290910204,cannot certify fair
X1_to_X3,age_blind,COMPAS tool,tool,,race,demographic_parity_difference,0.18289260410305233,0.3039152024234034,0.05,0.2457667369323836,0.19465908526495165,0.2952134916803362,False,0.2952134916803362,cannot certify fair
X1_to_X3,age_blind,COMPAS tool,tool,,race,equalized_odds_difference,0.17783330443626433,0.352192236733922,0.05,0.2661039146321223,0.19237569125950607,0.34211516789940494,False,0.34211516789940494,cannot certify fair
X1_to_X3,age_blind,COMPAS tool,tool,,sex,fpr_difference,-0.07650325573703486,0.0927447857034205,0.05,0.004580814564283695,-0.06536050818275065,0.0774026384523835,False,0.0774026384523835,cannot certify fair
X1_to_X3,age_blind,COMPAS tool,tool,,sex,demographic_parity_difference,-0.0892371919497767,0.04892878435938098,0.05,-0.020971410195180156,-0.07768512840607447,0.038160629586881226,False,0.07768512840607447,cannot certify fair
X1_to_X3,age_blind,COMPAS tool,tool,,sex,equalized_odds_difference,-0.0875784730182472,0.15205587738757503,0.05,0.04508218785537714,-0.06727368523430348,0.1378669979558617,False,0.1378669979558617,cannot certify fair
X1_to_X3,protected_blind,TabPFN,0.5,0.5,race,fpr_difference,0.005872064730760377,0.15773202975845493,0.05,0.08342369778573205,0.01668569006340873,0.14478769583945536,False,0.14478769583945536,cannot certify fair
X1_to_X3,protected_blind,TabPFN,0.5,0.5,race,demographic_parity_difference,0.08108296088240116,0.2001747887332974,0.05,0.1398676375016411,0.09186361771805937,0.18977770015004045,False,0.18977770015004045,cannot certify fair
X1_to_X3,protected_blind,TabPFN,0.5,0.5,race,equalized_odds_difference,0.07933746307249963,0.24456445038640884,0.05,0.15489618387044066,0.08585107175373487,0.23415585065563377,False,0.23415585065563377,cannot certify fair
X1_to_X3,protected_blind,TabPFN,0.5,0.5,sex,fpr_difference,-0.1187517790428749,0.04655399288653336,0.05,-0.034112059906051824,-0.10515305560919896,0.03341641594717888,False,0.10515305560919896,cannot certify fair
X1_to_X3,protected_blind,TabPFN,0.5,0.5,sex,demographic_parity_difference,-0.18801047811406232,-0.0493305996792053,0.05,-0.11598105630688278,-0.17654189779131774,-0.05974621259515151,False,0.17654189779131774,cannot certify fair
X1_to_X3,protected_blind,TabPFN,0.5,0.5,sex,equalized_odds_difference,-0.2863568821080392,-0.06307096692358898,0.05,-0.17336540151078317,-0.2694166141669179,-0.07480079151794161,False,0.2694166141669179,cannot certify fair
X1_to_X3,protected_blind,TabPFN,break_even,0.2523364485981308,race,fpr_difference,0.0283069116089458,0.1689260180685626,0.05,0.0964742564445748,0.03590411349871284,0.156109695418441,False,0.156109695418441,cannot certify fair
X1_to_X3,protected_blind,TabPFN,break_even,0.2523364485981308,race,demographic_parity_difference,0.03947408589926307,0.13418039794337716,0.05,0.08606416731447883,0.04685966613149021,0.1251819596754916,False,0.1251819596754916,cannot certify fair
X1_to_X3,protected_blind,TabPFN,break_even,0.2523364485981308,race,equalized_odds_difference,0.03609935436916613,0.1689260180685626,0.05,0.09854743859214282,0.045053820305064295,0.156109695418441,False,0.156109695418441,cannot certify fair
X1_to_X3,protected_blind,TabPFN,break_even,0.2523364485981308,sex,fpr_difference,-0.14056581951908229,0.01897845156300097,0.05,-0.060022574768600595,-0.12693447713791745,0.008552348300601302,False,0.12693447713791745,cannot certify fair
X1_to_X3,protected_blind,TabPFN,break_even,0.2523364485981308,sex,demographic_parity_difference,-0.1560417420166122,-0.03323677727223071,0.05,-0.0930319332620534,-0.14545770149455062,-0.04275221313723758,False,0.14545770149455062,cannot certify fair
X1_to_X3,protected_blind,TabPFN,break_even,0.2523364485981308,sex,equalized_odds_difference,-0.19942809699837497,-0.045528125334712045,0.05,-0.11416148243094724,-0.1886329122012269,-0.05534594973286671,False,0.1886329122012269,cannot certify fair
X1_to_X3,protected_blind,COMPAS tool,tool,,race,fpr_difference,0.0810185457315994,0.2341449278471384,0.05,0.15841231699199107,0.09315488172300793,0.22195534290910204,False,0.22195534290910204,cannot certify fair
X1_to_X3,protected_blind,COMPAS tool,tool,,race,demographic_parity_difference,0.18289260410305233,0.3039152024234034,0.05,0.2457667369323836,0.19465908526495165,0.2952134916803362,False,0.2952134916803362,cannot certify fair
X1_to_X3,protected_blind,COMPAS tool,tool,,race,equalized_odds_difference,0.17783330443626433,0.352192236733922,0.05,0.2661039146321223,0.19237569125950607,0.34211516789940494,False,0.34211516789940494,cannot certify fair
X1_to_X3,protected_blind,COMPAS tool,tool,,sex,fpr_difference,-0.07650325573703486,0.0927447857034205,0.05,0.004580814564283695,-0.06536050818275065,0.0774026384523835,False,0.0774026384523835,cannot certify fair
X1_to_X3,protected_blind,COMPAS tool,tool,,sex,demographic_parity_difference,-0.0892371919497767,0.04892878435938098,0.05,-0.020971410195180156,-0.07768512840607447,0.038160629586881226,False,0.07768512840607447,cannot certify fair
X1_to_X3,protected_blind,COMPAS tool,tool,,sex,equalized_odds_difference,-0.0875784730182472,0.15205587738757503,0.05,0.04508218785537714,-0.06727368523430348,0.1378669979558617,False,0.1378669979558617,cannot certify fair
X1_to_X3,race_aware,TabPFN,0.5,0.5,race,fpr_difference,0.05052881988980447,0.19877472977587285,0.05,0.12493141981035004,0.06401491714851364,0.18735982541030255,False,0.18735982541030255,cannot certify fair
X1_to_X3,race_aware,TabPFN,0.5,0.5,race,demographic_parity_difference,0.1656720079457216,0.2855944318601705,0.05,0.2249421107643354,0.17710759919882157,0.27575838234715494,False,0.27575838234715494,cannot certify fair
X1_to_X3,race_aware,TabPFN,0.5,0.5,race,equalized_odds_difference,0.18017773140137075,0.36688709086534776,0.05,0.2689045012405411,0.19284740012561863,0.3486812420952206,False,0.3486812420952206,cannot certify fair
X1_to_X3,race_aware,TabPFN,0.5,0.5,sex,fpr_difference,-0.14345292285470845,0.006069794796004795,0.05,-0.0707828801910034,-0.1350654758281165,-0.008250106311888744,False,0.1350654758281165,cannot certify fair
X1_to_X3,race_aware,TabPFN,0.5,0.5,sex,demographic_parity_difference,-0.2408811451983126,-0.11636990025968474,0.05,-0.17750944942467362,-0.22929831937653714,-0.12318157639659284,False,0.22929831937653714,cannot certify fair
X1_to_X3,race_aware,TabPFN,0.5,0.5,sex,equalized_odds_difference,-0.367006581768313,-0.1398148160814509,0.05,-0.2528009988586896,-0.3540440710576905,-0.1552259349032993,False,0.3540440710576905,cannot certify fair
X1_to_X3,race_aware,TabPFN,break_even,0.2523364485981308,race,fpr_difference,0.2025885203934548,0.35417271345398227,0.05,0.27776197795187013,0.2140825691495463,0.34317481909203634,False,0.34317481909203634,cannot certify fair
X1_to_X3,race_aware,TabPFN,break_even,0.2523364485981308,race,demographic_parity_difference,0.19353995616058464,0.2975091248424446,0.05,0.24650369264853403,0.20178385176559552,0.2890587229643766,False,0.2890587229643766,cannot certify fair
X1_to_X3,race_aware,TabPFN,break_even,0.2523364485981308,race,equalized_odds_difference,0.20274070987614112,0.35417271345398227,0.05,0.2778294128984358,0.2146957192328013,0.34317481909203634,False,0.34317481909203634,cannot certify fair
X1_to_X3,race_aware,TabPFN,break_even,0.2523364485981308,sex,fpr_difference,-0.17572319294511995,0.002093794827274939,0.05,-0.08205399590066215,-0.1575410356864006,-0.00813342316379074,False,0.1575410356864006,cannot certify fair
X1_to_X3,race_aware,TabPFN,break_even,0.2523364485981308,sex,demographic_parity_difference,-0.19535186427672713,-0.06454616499555658,0.05,-0.12858509405071414,-0.184632702686487,-0.07237552184953104,False,0.184632702686487,cannot certify fair
X1_to_X3,race_aware,TabPFN,break_even,0.2523364485981308,sex,equalized_odds_difference,-0.23179547721447322,-0.05832684990305453,0.05,-0.14022948000017924,-0.21629791729952508,-0.06973321859284634,False,0.21629791729952508,cannot certify fair
X1_to_X3,race_aware,COMPAS tool,tool,,race,fpr_difference,0.0810185457315994,0.2341449278471384,0.05,0.15841231699199107,0.09315488172300793,0.22195534290910204,False,0.22195534290910204,cannot certify fair
X1_to_X3,race_aware,COMPAS tool,tool,,race,demographic_parity_difference,0.18289260410305233,0.3039152024234034,0.05,0.2457667369323836,0.19465908526495165,0.2952134916803362,False,0.2952134916803362,cannot certify fair
X1_to_X3,race_aware,COMPAS tool,tool,,race,equalized_odds_difference,0.17783330443626433,0.352192236733922,0.05,0.2661039146321223,0.19237569125950607,0.34211516789940494,False,0.34211516789940494,cannot certify fair
X1_to_X3,race_aware,COMPAS tool,tool,,sex,fpr_difference,-0.07650325573703486,0.0927447857034205,0.05,0.004580814564283695,-0.06536050818275065,0.0774026384523835,False,0.0774026384523835,cannot certify fair
X1_to_X3,race_aware,COMPAS tool,tool,,sex,demographic_parity_difference,-0.0892371919497767,0.04892878435938098,0.05,-0.020971410195180156,-0.07768512840607447,0.038160629586881226,False,0.07768512840607447,cannot certify fair
X1_to_X3,race_aware,COMPAS tool,tool,,sex,equalized_odds_difference,-0.0875784730182472,0.15205587738757503,0.05,0.04508218785537714,-0.06727368523430348,0.1378669979558617,False,0.1378669979558617,cannot certify fair
X1_to_X3,race_blind,TabPFN,0.5,0.5,race,fpr_difference,0.04029996971819356,0.1868801069491489,0.05,0.11433901443179081,0.05420948701147113,0.17700114946312664,False,0.17700114946312664,cannot certify fair
X1_to_X3,race_blind,TabPFN,0.5,0.5,race,demographic_parity_difference,0.1611544235074869,0.28161181499971133,0.05,0.22175262502608345,0.17360040963764367,0.27299115463757634,False,0.27299115463757634,cannot certify fair
X1_to_X3,race_blind,TabPFN,0.5,0.5,race,equalized_odds_difference,0.1853334760251473,0.37074585706839963,0.05,0.27497646135961373,0.20093798792163794,0.35416697901581623,False,0.35416697901581623,cannot certify fair
X1_to_X3,race_blind,TabPFN,0.5,0.5,sex,fpr_difference,-0.12284344316751278,0.02987936830709907,0.05,-0.04803601237432653,-0.11337063072876627,0.020628025188712436,False,0.11337063072876627,cannot certify fair
X1_to_X3,race_blind,TabPFN,0.5,0.5,sex,demographic_parity_difference,-0.2262402720578985,-0.09857488351260701,0.05,-0.1630543094044415,-0.2163714141288069,-0.10723525982976623,False,0.2163714141288069,cannot certify fair
X1_to_X3,race_blind,TabPFN,0.5,0.5,sex,equalized_odds_difference,-0.3673127857657355,-0.13849705926958517,0.05,-0.2526943972921567,-0.35421014550403496,-0.15569093507275222,False,0.35421014550403496,cannot certify fair
X1_to_X3,race_blind,TabPFN,break_even,0.2523364485981308,race,fpr_difference,0.1070254798056066,0.26797435026103966,0.05,0.1868717702508197,0.1187118116540499,0.2554476942880436,False,0.2554476942880436,cannot certify fair
X1_to_X3,race_blind,TabPFN,break_even,0.2523364485981308,race,demographic_parity_difference,0.13017171367190494,0.23438625863988558,0.05,0.18272265709528615,0.1356850443228494,0.22789545171248965,False,0.22789545171248965,cannot certify fair
X1_to_X3,race_blind,TabPFN,break_even,0.2523364485981308,race,equalized_odds_difference,0.11817843900772675,0.26797435026103966,0.05,0.1891241839675371,0.12883325409312157,0.2554476942880436,False,0.2554476942880436,cannot certify fair
X1_to_X3,race_blind,TabPFN,break_even,0.2523364485981308,sex,fpr_difference,-0.10682562705977545,0.07387144805321308,0.05,-0.013844414556095287,-0.09052172084874448,0.059675329988772896,False,0.09052172084874448,cannot certify fair
X1_to_X3,race_blind,TabPFN,break_even,0.2523364485981308,sex,demographic_parity_difference,-0.1411674138536584,-0.010104101172672847,0.05,-0.07541333962200611,-0.13223973756248175,-0.018622850446008605,False,0.13223973756248175,cannot certify fair
X1_to_X3,race_blind,TabPFN,break_even,0.2523364485981308,sex,equalized_odds_difference,-0.19424873873911347,0.0596896948367364,0.05,-0.09516565067256244,-0.17941098012393233,0.017566338976418742,False,0.17941098012393233,cannot certify fair
X1_to_X3,race_blind,COMPAS tool,tool,,race,fpr_difference,0.0810185457315994,0.2341449278471384,0.05,0.15841231699199107,0.09315488172300793,0.22195534290910204,False,0.22195534290910204,cannot certify fair
X1_to_X3,race_blind,COMPAS tool,tool,,race,demographic_parity_difference,0.18289260410305233,0.3039152024234034,0.05,0.2457667369323836,0.19465908526495165,0.2952134916803362,False,0.2952134916803362,cannot certify fair
X1_to_X3,race_blind,COMPAS tool,tool,,race,equalized_odds_difference,0.17783330443626433,0.352192236733922,0.05,0.2661039146321223,0.19237569125950607,0.34211516789940494,False,0.34211516789940494,cannot certify fair
X1_to_X3,race_blind,COMPAS tool,tool,,sex,fpr_difference,-0.07650325573703486,0.0927447857034205,0.05,0.004580814564283695,-0.06536050818275065,0.0774026384523835,False,0.0774026384523835,cannot certify fair
X1_to_X3,race_blind,COMPAS tool,tool,,sex,demographic_parity_difference,-0.0892371919497767,0.04892878435938098,0.05,-0.020971410195180156,-0.07768512840607447,0.038160629586881226,False,0.07768512840607447,cannot certify fair
X1_to_X3,race_blind,COMPAS tool,tool,,sex,equalized_odds_difference,-0.0875784730182472,0.15205587738757503,0.05,0.04508218785537714,-0.06727368523430348,0.1378669979558617,False,0.1378669979558617,cannot certify fair
X1_to_X3,race_priors_blind,TabPFN,0.5,0.5,race,fpr_difference,0.04215281833483646,0.19705486671899944,0.05,0.11947995797962753,0.053114645473080084,0.18732718894009215,False,0.18732718894009215,cannot certify fair
X1_to_X3,race_priors_blind,TabPFN,0.5,0.5,race,demographic_parity_difference,0.07998569293250411,0.199951038479938,0.05,0.1387852255644951,0.08915609814379627,0.19168712969169324,False,0.19168712969169324,cannot certify fair
X1_to_X3,race_priors_blind,TabPFN,0.5,0.5,race,equalized_odds_difference,0.0728815820941273,0.21242809877984298,0.05,0.14157804592725945,0.08489657657423211,0.2032075032343593,False,0.2032075032343593,cannot certify fair
X1_to_X3,race_priors_blind,TabPFN,0.5,0.5,sex,fpr_difference,-0.5316150017987769,-0.44110878361442335,0.05,-0.48569377482158144,-0.5234698639210019,-0.44854016897650634,False,0.5234698639210019,cannot certify fair
X1_to_X3,race_priors_blind,TabPFN,0.5,0.5,sex,demographic_parity_difference,-0.6024221031883299,-0.5401571330916372,0.05,-0.5711086942908998,-0.5977715850410171,-0.5449098775204384,False,0.5977715850410171,cannot certify fair
X1_to_X3,race_priors_blind,TabPFN,0.5,0.5,sex,equalized_odds_difference,-0.706668776371308,-0.6244723474765035,0.05,-0.6638240781458986,-0.6991558527542373,-0.6291582267235252,False,0.6991558527542373,cannot certify fair
X1_to_X3,race_priors_blind,TabPFN,break_even,0.2523364485981308,race,fpr_difference,0.01355412763741925,0.0706080254962102,0.05,0.04113305114018213,0.017328701781316153,0.06510987898675284,False,0.06510987898675284,cannot certify fair
X1_to_X3,race_priors_blind,TabPFN,break_even,0.2523364485981308,race,demographic_parity_difference,0.018750637145127626,0.05918465672890653,0.05,0.037048710873443,0.021153710200882685,0.05441469297058926,False,0.05441469297058926,cannot certify fair
X1_to_X3,race_priors_blind,TabPFN,break_even,0.2523364485981308,race,equalized_odds_difference,0.02048869554220942,0.07225462644175612,0.05,0.04417942184268513,0.024424875707514226,0.06717045025006195,False,0.06717045025006195,cannot certify fair
X1_to_X3,race_priors_blind,TabPFN,break_even,0.2523364485981308,sex,fpr_difference,-0.17419354838709677,-0.07452891556152429,0.05,-0.12012398316242252,-0.16473830477072715,-0.08019140243360874,False,0.16473830477072715,cannot certify fair
X1_to_X3,race_priors_blind,TabPFN,break_even,0.2523364485981308,sex,demographic_parity_difference,-0.14418637387387384,-0.06722606038462814,0.05,-0.1036765377618919,-0.13600751173708922,-0.07317073170731703,False,0.13600751173708922,cannot certify fair
X1_to_X3,race_priors_blind,TabPFN,break_even,0.2523364485981308,sex,equalized_odds_difference,-0.17419354838709677,-0.07792013375845713,0.05,-0.12247201499584615,-0.16473830477072715,-0.08552631578947367,False,0.16473830477072715,cannot certify fair
X1_to_X3,race_priors_blind,COMPAS tool,tool,,race,fpr_difference,0.0810185457315994,0.2341449278471384,0.05,0.15841231699199107,0.09315488172300793,0.22195534290910204,False,0.22195534290910204,cannot certify fair
X1_to_X3,race_priors_blind,COMPAS tool,tool,,race,demographic_parity_difference,0.18289260410305233,0.3039152024234034,0.05,0.2457667369323836,0.19465908526495165,0.2952134916803362,False,0.2952134916803362,cannot certify fair
X1_to_X3,race_priors_blind,COMPAS tool,tool,,race,equalized_odds_difference,0.17783330443626433,0.352192236733922,0.05,0.2661039146321223,0.19237569125950607,0.34211516789940494,False,0.34211516789940494,cannot certify fair
X1_to_X3,race_priors_blind,COMPAS tool,tool,,sex,fpr_difference,-0.07650325573703486,0.0927447857034205,0.05,0.004580814564283695,-0.06536050818275065,0.0774026384523835,False,0.0774026384523835,cannot certify fair
X1_to_X3,race_priors_blind,COMPAS tool,tool,,sex,demographic_parity_difference,-0.0892371919497767,0.04892878435938098,0.05,-0.020971410195180156,-0.07768512840607447,0.038160629586881226,False,0.07768512840607447,cannot certify fair
X1_to_X3,race_priors_blind,COMPAS tool,tool,,sex,equalized_odds_difference,-0.0875784730182472,0.15205587738757503,0.05,0.04508218785537714,-0.06727368523430348,0.1378669979558617,False,0.1378669979558617,cannot certify fair
X1_to_X3,race_proxy_blind,TabPFN,0.5,0.5,race,fpr_difference,-0.0005517989424121953,0.10868198964735935,0.05,0.053902388668954956,0.009145733245301116,0.09853356721991618,False,0.09853356721991618,cannot certify fair
X1_to_X3,race_proxy_blind,TabPFN,0.5,0.5,race,demographic_parity_difference,0.03452454018990211,0.1241661259809469,0.05,0.07910754922306984,0.041507195754260984,0.1156552990177019,False,0.1156552990177019,cannot certify fair
X1_to_X3,race_proxy_blind,TabPFN,0.5,0.5,race,equalized_odds_difference,0.034606329289929155,0.15608734920927897,0.05,0.09079366235382193,0.04251678198417328,0.14686159974589572,False,0.14686159974589572,cannot certify fair
X1_to_X3,race_proxy_blind,TabPFN,0.5,0.5,sex,fpr_difference,-0.20116111384523822,-0.13644205243827048,0.05,-0.16823622198999846,-0.19456516246399516,-0.14069652908067543,False,0.19456516246399516,cannot certify fair
X1_to_X3,race_proxy_blind,TabPFN,0.5,0.5,sex,demographic_parity_difference,-0.2462159434914228,-0.19463068530008118,0.05,-0.2197717055828246,-0.24163105929603393,-0.19795295677326047,False,0.24163105929603393,cannot certify fair
X1_to_X3,race_proxy_blind,TabPFN,0.5,0.5,sex,equalized_odds_difference,-0.3152424507500778,-0.2356687898089172,0.05,-0.2756859205203074,-0.30967937834661097,-0.2428182179242059,False,0.30967937834661097,cannot certify fair
X1_to_X3,race_proxy_blind,TabPFN,break_even,0.2523364485981308,race,fpr_difference,0.0,0.0,0.05,0.0,0.0,0.0,True,0.0,fair (equivalent)
X1_to_X3,race_proxy_blind,TabPFN,break_even,0.2523364485981308,race,demographic_parity_difference,0.0,0.0,0.05,0.0,0.0,0.0,True,0.0,fair (equivalent)
X1_to_X3,race_proxy_blind,TabPFN,break_even,0.2523364485981308,race,equalized_odds_difference,0.0,0.0,0.05,0.0,0.0,0.0,True,0.0,fair (equivalent)
X1_to_X3,race_proxy_blind,TabPFN,break_even,0.2523364485981308,sex,fpr_difference,0.0,0.0,0.05,0.0,0.0,0.0,True,0.0,fair (equivalent)
X1_to_X3,race_proxy_blind,TabPFN,break_even,0.2523364485981308,sex,demographic_parity_difference,0.0,0.0,0.05,0.0,0.0,0.0,True,0.0,fair (equivalent)
X1_to_X3,race_proxy_blind,TabPFN,break_even,0.2523364485981308,sex,equalized_odds_difference,0.0,0.0,0.05,0.0,0.0,0.0,True,0.0,fair (equivalent)
X1_to_X3,race_proxy_blind,COMPAS tool,tool,,race,fpr_difference,0.0810185457315994,0.2341449278471384,0.05,0.15841231699199107,0.09315488172300793,0.22195534290910204,False,0.22195534290910204,cannot certify fair
X1_to_X3,race_proxy_blind,COMPAS tool,tool,,race,demographic_parity_difference,0.18289260410305233,0.3039152024234034,0.05,0.2457667369323836,0.19465908526495165,0.2952134916803362,False,0.2952134916803362,cannot certify fair
X1_to_X3,race_proxy_blind,COMPAS tool,tool,,race,equalized_odds_difference,0.17783330443626433,0.352192236733922,0.05,0.2661039146321223,0.19237569125950607,0.34211516789940494,False,0.34211516789940494,cannot certify fair
X1_to_X3,race_proxy_blind,COMPAS tool,tool,,sex,fpr_difference,-0.07650325573703486,0.0927447857034205,0.05,0.004580814564283695,-0.06536050818275065,0.0774026384523835,False,0.0774026384523835,cannot certify fair
X1_to_X3,race_proxy_blind,COMPAS tool,tool,,sex,demographic_parity_difference,-0.0892371919497767,0.04892878435938098,0.05,-0.020971410195180156,-0.07768512840607447,0.038160629586881226,False,0.07768512840607447,cannot certify fair
X1_to_X3,race_proxy_blind,COMPAS tool,tool,,sex,equalized_odds_difference,-0.0875784730182472,0.15205587738757503,0.05,0.04508218785537714,-0.06727368523430348,0.1378669979558617,False,0.1378669979558617,cannot certify fair
X1_to_X3,sex_blind,TabPFN,0.5,0.5,race,fpr_difference,0.03742074970031338,0.18432189608099953,0.05,0.11249423822869034,0.05045274320121653,0.17577991105348903,False,0.17577991105348903,cannot certify fair
X1_to_X3,sex_blind,TabPFN,0.5,0.5,race,demographic_parity_difference,0.16858249086209032,0.2867043533988851,0.05,0.2270753549837843,0.18066187804386608,0.2786547274783948,False,0.2786547274783948,cannot certify fair
X1_to_X3,sex_blind,TabPFN,0.5,0.5,race,equalized_odds_difference,0.2075642015916426,0.39347636718831586,0.05,0.29274259662611163,0.21804240575236886,0.3728005829700744,False,0.3728005829700744,cannot certify fair
X1_to_X3,sex_blind,TabPFN,0.5,0.5,sex,fpr_difference,-0.07978334519922421,0.08151859208104563,0.05,-0.00048025746833181635,-0.06926288689954767,0.06377991027388445,False,0.06926288689954767,cannot certify fair
X1_to_X3,sex_blind,TabPFN,0.5,0.5,sex,demographic_parity_difference,-0.19020876995273212,-0.05532404186294253,0.05,-0.12063928437715497,-0.17419320028788707,-0.06515873832281188,False,0.17419320028788707,cannot certify fair
X1_to_X3,sex_blind,TabPFN,0.5,0.5,sex,equalized_odds_difference,-0.33962643460836317,-0.10594419184316993,0.05,-0.21946426808631866,-0.3186679504378594,-0.12229287684663177,False,0.3186679504378594,cannot certify fair
X1_to_X3,sex_blind,TabPFN,break_even,0.2523364485981308,race,fpr_difference,0.1070254798056066,0.26797435026103966,0.05,0.1868717702508197,0.1187118116540499,0.2554476942880436,False,0.2554476942880436,cannot certify fair
X1_to_X3,sex_blind,TabPFN,break_even,0.2523364485981308,race,demographic_parity_difference,0.13017171367190494,0.23438625863988558,0.05,0.18272265709528615,0.1356850443228494,0.22789545171248965,False,0.22789545171248965,cannot certify fair
X1_to_X3,sex_blind,TabPFN,break_even,0.2523364485981308,race,equalized_odds_difference,0.11817843900772675,0.26797435026103966,0.05,0.1891241839675371,0.12883325409312157,0.2554476942880436,False,0.2554476942880436,cannot certify fair
X1_to_X3,sex_blind,TabPFN,break_even,0.2523364485981308,sex,fpr_difference,-0.10682562705977545,0.07387144805321308,0.05,-0.013844414556095287,-0.09052172084874448,0.059675329988772896,False,0.09052172084874448,cannot certify fair
X1_to_X3,sex_blind,TabPFN,break_even,0.2523364485981308,sex,demographic_parity_difference,-0.1411674138536584,-0.010104101172672847,0.05,-0.07541333962200611,-0.13223973756248175,-0.018622850446008605,False,0.13223973756248175,cannot certify fair
X1_to_X3,sex_blind,TabPFN,break_even,0.2523364485981308,sex,equalized_odds_difference,-0.19424873873911347,0.0596896948367364,0.05,-0.09516565067256244,-0.17941098012393233,0.017566338976418742,False,0.17941098012393233,cannot certify fair
X1_to_X3,sex_blind,COMPAS tool,tool,,race,fpr_difference,0.0810185457315994,0.2341449278471384,0.05,0.15841231699199107,0.09315488172300793,0.22195534290910204,False,0.22195534290910204,cannot certify fair
X1_to_X3,sex_blind,COMPAS tool,tool,,race,demographic_parity_difference,0.18289260410305233,0.3039152024234034,0.05,0.2457667369323836,0.19465908526495165,0.2952134916803362,False,0.2952134916803362,cannot certify fair
X1_to_X3,sex_blind,COMPAS tool,tool,,race,equalized_odds_difference,0.17783330443626433,0.352192236733922,0.05,0.2661039146321223,0.19237569125950607,0.34211516789940494,False,0.34211516789940494,cannot certify fair
X1_to_X3,sex_blind,COMPAS tool,tool,,sex,fpr_difference,-0.07650325573703486,0.0927447857034205,0.05,0.004580814564283695,-0.06536050818275065,0.0774026384523835,False,0.0774026384523835,cannot certify fair
X1_to_X3,sex_blind,COMPAS tool,tool,,sex,demographic_parity_difference,-0.0892371919497767,0.04892878435938098,0.05,-0.020971410195180156,-0.07768512840607447,0.038160629586881226,False,0.07768512840607447,cannot certify fair
X1_to_X3,sex_blind,COMPAS tool,tool,,sex,equalized_odds_difference,-0.0875784730182472,0.15205587738757503,0.05,0.04508218785537714,-0.06727368523430348,0.1378669979558617,False,0.1378669979558617,cannot certify fair
X2_to_X3,age_blind,TabPFN,0.5,0.5,race,fpr_difference,0.13736876350980676,0.26482243491844343,0.05,0.2020159743303354,0.1464186692843593,0.2585855219545452,False,0.2585855219545452,cannot certify fair
X2_to_X3,age_blind,TabPFN,0.5,0.5,race,demographic_parity_difference,0.22031831822952525,0.3216452870968566,0.05,0.26882091449671935,0.22558782743372346,0.3124535294726459,False,0.3124535294726459,cannot certify fair
X2_to_X3,age_blind,TabPFN,0.5,0.5,race,equalized_odds_difference,0.21438566371591422,0.3765202791030476,0.05,0.29264239328985625,0.22393219804327721,0.36622048363621396,False,0.36622048363621396,cannot certify fair
X2_to_X3,age_blind,TabPFN,0.5,0.5,sex,fpr_difference,-0.16166449165314764,-0.027698609576044357,0.05,-0.09729827312787617,-0.15333530246828775,-0.04259479946822889,False,0.15333530246828775,cannot certify fair
X2_to_X3,age_blind,TabPFN,0.5,0.5,sex,demographic_parity_difference,-0.23239796266548182,-0.12008805475928276,0.05,-0.17960235398514804,-0.2256950291135344,-0.13091907456187693,False,0.2256950291135344,cannot certify fair
X2_to_X3,age_blind,TabPFN,0.5,0.5,sex,equalized_odds_difference,-0.3411097052457346,-0.13415726194271896,0.05,-0.24120109376812082,-0.32613808899341434,-0.15326566198826477,False,0.32613808899341434,cannot certify fair
X2_to_X3,age_blind,TabPFN,break_even,0.2523364485981308,race,fpr_difference,0.02749855028029354,0.11636014296299983,0.05,0.06997652979125867,0.03202145492192586,0.1093918170131032,False,0.1093918170131032,cannot certify fair
X2_to_X3,age_blind,TabPFN,break_even,0.2523364485981308,race,demographic_parity_difference,0.03628808510464022,0.09870975989021297,0.05,0.06684869386946966,0.04039616751340131,0.09309604774504268,False,0.09309604774504268,cannot certify fair
X2_to_X3,age_blind,TabPFN,break_even,0.2523364485981308,race,equalized_odds_difference,0.03954877268257083,0.1190169479177904,0.05,0.07687568906093832,0.044704196401843595,0.11155812207401565,False,0.11155812207401565,cannot certify fair
X2_to_X3,age_blind,TabPFN,break_even,0.2523364485981308,sex,fpr_difference,-0.4038151642606281,-0.2522686650417743,0.05,-0.3271036176866478,-0.392311508783916,-0.2633865039766705,False,0.392311508783916,cannot certify fair
X2_to_X3,age_blind,TabPFN,break_even,0.2523364485981308,sex,demographic_parity_difference,-0.36375967164578527,-0.2414374429823382,0.05,-0.3025803933760695,-0.35062521022834314,-0.2508830418214328,False,0.35062521022834314,cannot certify fair
X2_to_X3,age_blind,TabPFN,break_even,0.2523364485981308,sex,equalized_odds_difference,-0.4046853731948952,-0.2587471529291189,0.05,-0.32990873301743484,-0.3926868896218805,-0.26737718177948067,False,0.3926868896218805,cannot certify fair
X2_to_X3,age_blind,COMPAS tool,tool,,race,fpr_difference,0.0810185457315994,0.2341449278471384,0.05,0.15841231699199107,0.09315488172300793,0.22195534290910204,False,0.22195534290910204,cannot certify fair
X2_to_X3,age_blind,COMPAS tool,tool,,race,demographic_parity_difference,0.18289260410305233,0.3039152024234034,0.05,0.2457667369323836,0.19465908526495165,0.2952134916803362,False,0.2952134916803362,cannot certify fair
X2_to_X3,age_blind,COMPAS tool,tool,,race,equalized_odds_difference,0.17783330443626433,0.352192236733922,0.05,0.2661039146321223,0.19237569125950607,0.34211516789940494,False,0.34211516789940494,cannot certify fair
X2_to_X3,age_blind,COMPAS tool,tool,,sex,fpr_difference,-0.07650325573703486,0.0927447857034205,0.05,0.004580814564283695,-0.06536050818275065,0.0774026384523835,False,0.0774026384523835,cannot certify fair
X2_to_X3,age_blind,COMPAS tool,tool,,sex,demographic_parity_difference,-0.0892371919497767,0.04892878435938098,0.05,-0.020971410195180156,-0.07768512840607447,0.038160629586881226,False,0.07768512840607447,cannot certify fair
X2_to_X3,age_blind,COMPAS tool,tool,,sex,equalized_odds_difference,-0.0875784730182472,0.15205587738757503,0.05,0.04508218785537714,-0.06727368523430348,0.1378669979558617,False,0.1378669979558617,cannot certify fair
X2_to_X3,protected_blind,TabPFN,0.5,0.5,race,fpr_difference,0.01594367086145586,0.1579465720864822,0.05,0.08802903809217394,0.02764832634626946,0.1468403613987818,False,0.1468403613987818,cannot certify fair
X2_to_X3,protected_blind,TabPFN,0.5,0.5,race,demographic_parity_difference,0.10136756805075221,0.2098464266357638,0.05,0.1559304660180479,0.10956578851889547,0.20384032290385698,False,0.20384032290385698,cannot certify fair
X2_to_X3,protected_blind,TabPFN,0.5,0.5,race,equalized_odds_difference,0.09858689011084924,0.27633738357788246,0.05,0.18015139980470385,0.10880125988142295,0.2597988081243812,False,0.2597988081243812,cannot certify fair
X2_to_X3,protected_blind,TabPFN,0.5,0.5,sex,fpr_difference,-0.0969840930383128,0.060064534451916854,0.05,-0.02146592213590834,-0.08735016900752922,0.041309816681932385,False,0.08735016900752922,cannot certify fair
X2_to_X3,protected_blind,TabPFN,0.5,0.5,sex,demographic_parity_difference,-0.17954207701994349,-0.047129967481270886,0.05,-0.1151188344816241,-0.1680125259268519,-0.0617400849389568,False,0.1680125259268519,cannot certify fair
X2_to_X3,protected_blind,TabPFN,0.5,0.5,sex,equalized_odds_difference,-0.294592582910692,-0.08271128457694481,0.05,-0.19140179770820245,-0.2821165632728521,-0.09571570116066609,False,0.2821165632728521,cannot certify fair
X2_to_X3,protected_blind,TabPFN,break_even,0.2523364485981308,race,fpr_difference,0.0283069116089458,0.1689260180685626,0.05,0.0964742564445748,0.03590411349871284,0.156109695418441,False,0.156109695418441,cannot certify fair
X2_to_X3,protected_blind,TabPFN,break_even,0.2523364485981308,race,demographic_parity_difference,0.03947408589926307,0.13418039794337716,0.05,0.08606416731447883,0.04685966613149021,0.1251819596754916,False,0.1251819596754916,cannot certify fair
X2_to_X3,protected_blind,TabPFN,break_even,0.2523364485981308,race,equalized_odds_difference,0.03609935436916613,0.1689260180685626,0.05,0.09854743859214282,0.045053820305064295,0.156109695418441,False,0.156109695418441,cannot certify fair
X2_to_X3,protected_blind,TabPFN,break_even,0.2523364485981308,sex,fpr_difference,-0.14056581951908229,0.01897845156300097,0.05,-0.060022574768600595,-0.12693447713791745,0.008552348300601302,False,0.12693447713791745,cannot certify fair
X2_to_X3,protected_blind,TabPFN,break_even,0.2523364485981308,sex,demographic_parity_difference,-0.1560417420166122,-0.03323677727223071,0.05,-0.0930319332620534,-0.14545770149455062,-0.04275221313723758,False,0.14545770149455062,cannot certify fair
X2_to_X3,protected_blind,TabPFN,break_even,0.2523364485981308,sex,equalized_odds_difference,-0.19942809699837497,-0.045528125334712045,0.05,-0.11416148243094724,-0.1886329122012269,-0.05534594973286671,False,0.1886329122012269,cannot certify fair
X2_to_X3,protected_blind,COMPAS tool,tool,,race,fpr_difference,0.0810185457315994,0.2341449278471384,0.05,0.15841231699199107,0.09315488172300793,0.22195534290910204,False,0.22195534290910204,cannot certify fair
X2_to_X3,protected_blind,COMPAS tool,tool,,race,demographic_parity_difference,0.18289260410305233,0.3039152024234034,0.05,0.2457667369323836,0.19465908526495165,0.2952134916803362,False,0.2952134916803362,cannot certify fair
X2_to_X3,protected_blind,COMPAS tool,tool,,race,equalized_odds_difference,0.17783330443626433,0.352192236733922,0.05,0.2661039146321223,0.19237569125950607,0.34211516789940494,False,0.34211516789940494,cannot certify fair
X2_to_X3,protected_blind,COMPAS tool,tool,,sex,fpr_difference,-0.07650325573703486,0.0927447857034205,0.05,0.004580814564283695,-0.06536050818275065,0.0774026384523835,False,0.0774026384523835,cannot certify fair
X2_to_X3,protected_blind,COMPAS tool,tool,,sex,demographic_parity_difference,-0.0892371919497767,0.04892878435938098,0.05,-0.020971410195180156,-0.07768512840607447,0.038160629586881226,False,0.07768512840607447,cannot certify fair
X2_to_X3,protected_blind,COMPAS tool,tool,,sex,equalized_odds_difference,-0.0875784730182472,0.15205587738757503,0.05,0.04508218785537714,-0.06727368523430348,0.1378669979558617,False,0.1378669979558617,cannot certify fair
X2_to_X3,race_aware,TabPFN,0.5,0.5,race,fpr_difference,0.0860615566268021,0.22715235177146417,0.05,0.15572717111716355,0.09766411452793514,0.2174938583422031,False,0.2174938583422031,cannot certify fair
X2_to_X3,race_aware,TabPFN,0.5,0.5,race,demographic_parity_difference,0.19396136358809407,0.3100446576878281,0.05,0.24991238281338146,0.203236990210298,0.3005146467058297,False,0.3005146467058297,cannot certify fair
X2_to_X3,race_aware,TabPFN,0.5,0.5,race,equalized_odds_difference,0.19935337389956054,0.3781524923183228,0.05,0.28522423172389244,0.21319917030632177,0.36191341532518595,False,0.36191341532518595,cannot certify fair
X2_to_X3,race_aware,TabPFN,0.5,0.5,sex,fpr_difference,-0.14905025252901144,-0.01236770273556199,0.05,-0.08150520191920793,-0.13652057102105056,-0.021931047091216335,False,0.13652057102105056,cannot certify fair
X2_to_X3,race_aware,TabPFN,0.5,0.5,sex,demographic_parity_difference,-0.24106686905624358,-0.11605256269018355,0.05,-0.17858413380133295,-0.23148701689083684,-0.12675405158874134,False,0.23148701689083684,cannot certify fair
X2_to_X3,race_aware,TabPFN,0.5,0.5,sex,equalized_odds_difference,-0.3529121939090473,-0.1264474024510783,0.05,-0.24002338386731437,-0.33469320861960355,-0.13991314689035755,False,0.33469320861960355,cannot certify fair
X2_to_X3,race_aware,TabPFN,break_even,0.2523364485981308,race,fpr_difference,0.051370931457239234,0.20282419704973856,0.05,0.12571059968567505,0.06305668872255721,0.18746186749920501,False,0.18746186749920501,cannot certify fair
X2_to_X3,race_aware,TabPFN,break_even,0.2523364485981308,race,demographic_parity_difference,0.07581753492474204,0.17217338441427157,0.05,0.12490177266984724,0.08446273289792688,0.1664794827722386,False,0.1664794827722386,cannot certify fair
X2_to_X3,race_aware,TabPFN,break_even,0.2523364485981308,race,equalized_odds_difference,0.06773078136175573,0.20282419704973856,0.05,0.13004078892727752,0.07878496011944618,0.18746186749920501,False,0.18746186749920501,cannot certify fair
X2_to_X3,race_aware,TabPFN,break_even,0.2523364485981308,sex,fpr_difference,-0.26362076080500674,-0.08962263788060051,0.05,-0.17470432221542562,-0.2491829354381216,-0.10021802135740963,False,0.2491829354381216,cannot certify fair
X2_to_X3,race_aware,TabPFN,break_even,0.2523364485981308,sex,demographic_parity_difference,-0.2580295319824666,-0.13009666092692554,0.05,-0.19393291039464586,-0.25040221179194866,-0.1385824307663416,False,0.25040221179194866,cannot certify fair
X2_to_X3,race_aware,TabPFN,break_even,0.2523364485981308,sex,equalized_odds_difference,-0.2802897888520227,-0.12246870644893684,0.05,-0.19749069762276622,-0.2649444009317944,-0.13451505940867642,False,0.2649444009317944,cannot certify fair
X2_to_X3,race_aware,COMPAS tool,tool,,race,fpr_difference,0.0810185457315994,0.2341449278471384,0.05,0.15841231699199107,0.09315488172300793,0.22195534290910204,False,0.22195534290910204,cannot certify fair
X2_to_X3,race_aware,COMPAS tool,tool,,race,demographic_parity_difference,0.18289260410305233,0.3039152024234034,0.05,0.2457667369323836,0.19465908526495165,0.2952134916803362,False,0.2952134916803362,cannot certify fair
X2_to_X3,race_aware,COMPAS tool,tool,,race,equalized_odds_difference,0.17783330443626433,0.352192236733922,0.05,0.2661039146321223,0.19237569125950607,0.34211516789940494,False,0.34211516789940494,cannot certify fair
X2_to_X3,race_aware,COMPAS tool,tool,,sex,fpr_difference,-0.07650325573703486,0.0927447857034205,0.05,0.004580814564283695,-0.06536050818275065,0.0774026384523835,False,0.0774026384523835,cannot certify fair
X2_to_X3,race_aware,COMPAS tool,tool,,sex,demographic_parity_difference,-0.0892371919497767,0.04892878435938098,0.05,-0.020971410195180156,-0.07768512840607447,0.038160629586881226,False,0.07768512840607447,cannot certify fair
X2_to_X3,race_aware,COMPAS tool,tool,,sex,equalized_odds_difference,-0.0875784730182472,0.15205587738757503,0.05,0.04508218785537714,-0.06727368523430348,0.1378669979558617,False,0.1378669979558617,cannot certify fair
X2_to_X3,race_blind,TabPFN,0.5,0.5,race,fpr_difference,0.05641048679069864,0.19834141727417845,0.05,0.1277015011616957,0.06955831571791354,0.1879092877080977,False,0.1879092877080977,cannot certify fair
X2_to_X3,race_blind,TabPFN,0.5,0.5,race,demographic_parity_difference,0.1677713683176783,0.28021224563884767,0.05,0.2214439158024575,0.17473210021380836,0.270470524447058,False,0.270470524447058,cannot certify fair
X2_to_X3,race_blind,TabPFN,0.5,0.5,race,equalized_odds_difference,0.1674507722160891,0.34833622963862476,0.05,0.2546394379048212,0.1826447578809548,0.3364107484372054,False,0.3364107484372054,cannot certify fair
X2_to_X3,race_blind,TabPFN,0.5,0.5,sex,fpr_difference,-0.18443655710555024,-0.05453649898468859,0.05,-0.12011677276529233,-0.1736507412465281,-0.06478176108100536,False,0.1736507412465281,cannot certify fair
X2_to_X3,race_blind,TabPFN,0.5,0.5,sex,demographic_parity_difference,-0.28813989179697064,-0.16993404136209575,0.05,-0.22885656339335975,-0.28011360796075857,-0.18064203646403326,False,0.28011360796075857,cannot certify fair
X2_to_X3,race_blind,TabPFN,0.5,0.5,sex,equalized_odds_difference,-0.414153123686594,-0.19134298461994367,0.05,-0.3065617695486263,-0.3963402993270249,-0.2101943418269079,False,0.3963402993270249,cannot certify fair
X2_to_X3,race_blind,TabPFN,break_even,0.2523364485981308,race,fpr_difference,0.12180199804033325,0.2622045849455718,0.05,0.19198838642635044,0.13367461594542385,0.2528509327368593,False,0.2528509327368593,cannot certify fair
X2_to_X3,race_blind,TabPFN,break_even,0.2523364485981308,race,demographic_parity_difference,0.12374950656045984,0.21831795349592756,0.05,0.17076948571314185,0.12988154560696888,0.21205992276686433,False,0.21205992276686433,cannot certify fair
X2_to_X3,race_blind,TabPFN,break_even,0.2523364485981308,race,equalized_odds_difference,0.1277001338896501,0.2622045849455718,0.05,0.19249768384919064,0.13710855199856764,0.2528509327368593,False,0.2528509327368593,cannot certify fair
X2_to_X3,race_blind,TabPFN,break_even,0.2523364485981308,sex,fpr_difference,-0.33044943692725254,-0.15645206700410963,0.05,-0.2402014502779902,-0.3124295170912455,-0.16937117323995246,False,0.3124295170912455,cannot certify fair
X2_to_X3,race_blind,TabPFN,break_even,0.2523364485981308,sex,demographic_parity_difference,-0.3025905351673546,-0.17593928700022263,0.05,-0.2381282544691848,-0.2921683089479447,-0.18204603961530685,False,0.2921683089479447,cannot certify fair
X2_to_X3,race_blind,TabPFN,break_even,0.2523364485981308,sex,equalized_odds_difference,-0.33209564641749845,-0.17302000211691532,0.05,-0.24817257451840896,-0.31514598793976223,-0.18638412681344818,False,0.31514598793976223,cannot certify fair
X2_to_X3,race_blind,COMPAS tool,tool,,race,fpr_difference,0.0810185457315994,0.2341449278471384,0.05,0.15841231699199107,0.09315488172300793,0.22195534290910204,False,0.22195534290910204,cannot certify fair
X2_to_X3,race_blind,COMPAS tool,tool,,race,demographic_parity_difference,0.18289260410305233,0.3039152024234034,0.05,0.2457667369323836,0.19465908526495165,0.2952134916803362,False,0.2952134916803362,cannot certify fair
X2_to_X3,race_blind,COMPAS tool,tool,,race,equalized_odds_difference,0.17783330443626433,0.352192236733922,0.05,0.2661039146321223,0.19237569125950607,0.34211516789940494,False,0.34211516789940494,cannot certify fair
X2_to_X3,race_blind,COMPAS tool,tool,,sex,fpr_difference,-0.07650325573703486,0.0927447857034205,0.05,0.004580814564283695,-0.06536050818275065,0.0774026384523835,False,0.0774026384523835,cannot certify fair
X2_to_X3,race_blind,COMPAS tool,tool,,sex,demographic_parity_difference,-0.0892371919497767,0.04892878435938098,0.05,-0.020971410195180156,-0.07768512840607447,0.038160629586881226,False,0.07768512840607447,cannot certify fair
X2_to_X3,race_blind,COMPAS tool,tool,,sex,equalized_odds_difference,-0.0875784730182472,0.15205587738757503,0.05,0.04508218785537714,-0.06727368523430348,0.1378669979558617,False,0.1378669979558617,cannot certify fair
X2_to_X3,race_priors_blind,TabPFN,0.5,0.5,race,fpr_difference,0.04215281833483646,0.19705486671899944,0.05,0.11947995797962753,0.053114645473080084,0.18732718894009215,False,0.18732718894009215,cannot certify fair
X2_to_X3,race_priors_blind,TabPFN,0.5,0.5,race,demographic_parity_difference,0.07998569293250411,0.199951038479938,0.05,0.1387852255644951,0.08915609814379627,0.19168712969169324,False,0.19168712969169324,cannot certify fair
X2_to_X3,race_priors_blind,TabPFN,0.5,0.5,race,equalized_odds_difference,0.0728815820941273,0.21242809877984298,0.05,0.14157804592725945,0.08489657657423211,0.2032075032343593,False,0.2032075032343593,cannot certify fair
X2_to_X3,race_priors_blind,TabPFN,0.5,0.5,sex,fpr_difference,-0.5316150017987769,-0.44110878361442335,0.05,-0.48569377482158144,-0.5234698639210019,-0.44854016897650634,False,0.5234698639210019,cannot certify fair
X2_to_X3,race_priors_blind,TabPFN,0.5,0.5,sex,demographic_parity_difference,-0.6024221031883299,-0.5401571330916372,0.05,-0.5711086942908998,-0.5977715850410171,-0.5449098775204384,False,0.5977715850410171,cannot certify fair
X2_to_X3,race_priors_blind,TabPFN,0.5,0.5,sex,equalized_odds_difference,-0.706668776371308,-0.6244723474765035,0.05,-0.6638240781458986,-0.6991558527542373,-0.6291582267235252,False,0.6991558527542373,cannot certify fair
X2_to_X3,race_priors_blind,TabPFN,break_even,0.2523364485981308,race,fpr_difference,0.01355412763741925,0.0706080254962102,0.05,0.04113305114018213,0.017328701781316153,0.06510987898675284,False,0.06510987898675284,cannot certify fair
X2_to_X3,race_priors_blind,TabPFN,break_even,0.2523364485981308,race,demographic_parity_difference,0.018750637145127626,0.05918465672890653,0.05,0.037048710873443,0.021153710200882685,0.05441469297058926,False,0.05441469297058926,cannot certify fair
X2_to_X3,race_priors_blind,TabPFN,break_even,0.2523364485981308,race,equalized_odds_difference,0.02048869554220942,0.07225462644175612,0.05,0.04417942184268513,0.024424875707514226,0.06717045025006195,False,0.06717045025006195,cannot certify fair
X2_to_X3,race_priors_blind,TabPFN,break_even,0.2523364485981308,sex,fpr_difference,-0.17419354838709677,-0.07452891556152429,0.05,-0.12012398316242252,-0.16473830477072715,-0.08019140243360874,False,0.16473830477072715,cannot certify fair
X2_to_X3,race_priors_blind,TabPFN,break_even,0.2523364485981308,sex,demographic_parity_difference,-0.14418637387387384,-0.06722606038462814,0.05,-0.1036765377618919,-0.13600751173708922,-0.07317073170731703,False,0.13600751173708922,cannot certify fair
X2_to_X3,race_priors_blind,TabPFN,break_even,0.2523364485981308,sex,equalized_odds_difference,-0.17419354838709677,-0.07792013375845713,0.05,-0.12247201499584615,-0.16473830477072715,-0.08552631578947367,False,0.16473830477072715,cannot certify fair
X2_to_X3,race_priors_blind,COMPAS tool,tool,,race,fpr_difference,0.0810185457315994,0.2341449278471384,0.05,0.15841231699199107,0.09315488172300793,0.22195534290910204,False,0.22195534290910204,cannot certify fair
X2_to_X3,race_priors_blind,COMPAS tool,tool,,race,demographic_parity_difference,0.18289260410305233,0.3039152024234034,0.05,0.2457667369323836,0.19465908526495165,0.2952134916803362,False,0.2952134916803362,cannot certify fair
X2_to_X3,race_priors_blind,COMPAS tool,tool,,race,equalized_odds_difference,0.17783330443626433,0.352192236733922,0.05,0.2661039146321223,0.19237569125950607,0.34211516789940494,False,0.34211516789940494,cannot certify fair
X2_to_X3,race_priors_blind,COMPAS tool,tool,,sex,fpr_difference,-0.07650325573703486,0.0927447857034205,0.05,0.004580814564283695,-0.06536050818275065,0.0774026384523835,False,0.0774026384523835,cannot certify fair
X2_to_X3,race_priors_blind,COMPAS tool,tool,,sex,demographic_parity_difference,-0.0892371919497767,0.04892878435938098,0.05,-0.020971410195180156,-0.07768512840607447,0.038160629586881226,False,0.07768512840607447,cannot certify fair
X2_to_X3,race_priors_blind,COMPAS tool,tool,,sex,equalized_odds_difference,-0.0875784730182472,0.15205587738757503,0.05,0.04508218785537714,-0.06727368523430348,0.1378669979558617,False,0.1378669979558617,cannot certify fair
X2_to_X3,race_proxy_blind,TabPFN,0.5,0.5,race,fpr_difference,-0.0005517989424121953,0.10868198964735935,0.05,0.053902388668954956,0.009145733245301116,0.09853356721991618,False,0.09853356721991618,cannot certify fair
X2_to_X3,race_proxy_blind,TabPFN,0.5,0.5,race,demographic_parity_difference,0.03452454018990211,0.1241661259809469,0.05,0.07910754922306984,0.041507195754260984,0.1156552990177019,False,0.1156552990177019,cannot certify fair
X2_to_X3,race_proxy_blind,TabPFN,0.5,0.5,race,equalized_odds_difference,0.034606329289929155,0.15608734920927897,0.05,0.09079366235382193,0.04251678198417328,0.14686159974589572,False,0.14686159974589572,cannot certify fair
X2_to_X3,race_proxy_blind,TabPFN,0.5,0.5,sex,fpr_difference,-0.20116111384523822,-0.13644205243827048,0.05,-0.16823622198999846,-0.19456516246399516,-0.14069652908067543,False,0.19456516246399516,cannot certify fair
X2_to_X3,race_proxy_blind,TabPFN,0.5,0.5,sex,demographic_parity_difference,-0.2462159434914228,-0.19463068530008118,0.05,-0.2197717055828246,-0.24163105929603393,-0.19795295677326047,False,0.24163105929603393,cannot certify fair
X2_to_X3,race_proxy_blind,TabPFN,0.5,0.5,sex,equalized_odds_difference,-0.3152424507500778,-0.2356687898089172,0.05,-0.2756859205203074,-0.30967937834661097,-0.2428182179242059,False,0.30967937834661097,cannot certify fair
X2_to_X3,race_proxy_blind,TabPFN,break_even,0.2523364485981308,race,fpr_difference,0.0,0.0,0.05,0.0,0.0,0.0,True,0.0,fair (equivalent)
X2_to_X3,race_proxy_blind,TabPFN,break_even,0.2523364485981308,race,demographic_parity_difference,0.0,0.0,0.05,0.0,0.0,0.0,True,0.0,fair (equivalent)
X2_to_X3,race_proxy_blind,TabPFN,break_even,0.2523364485981308,race,equalized_odds_difference,0.0,0.0,0.05,0.0,0.0,0.0,True,0.0,fair (equivalent)
X2_to_X3,race_proxy_blind,TabPFN,break_even,0.2523364485981308,sex,fpr_difference,0.0,0.0,0.05,0.0,0.0,0.0,True,0.0,fair (equivalent)
X2_to_X3,race_proxy_blind,TabPFN,break_even,0.2523364485981308,sex,demographic_parity_difference,0.0,0.0,0.05,0.0,0.0,0.0,True,0.0,fair (equivalent)
X2_to_X3,race_proxy_blind,TabPFN,break_even,0.2523364485981308,sex,equalized_odds_difference,0.0,0.0,0.05,0.0,0.0,0.0,True,0.0,fair (equivalent)
X2_to_X3,race_proxy_blind,COMPAS tool,tool,,race,fpr_difference,0.0810185457315994,0.2341449278471384,0.05,0.15841231699199107,0.09315488172300793,0.22195534290910204,False,0.22195534290910204,cannot certify fair
X2_to_X3,race_proxy_blind,COMPAS tool,tool,,race,demographic_parity_difference,0.18289260410305233,0.3039152024234034,0.05,0.2457667369323836,0.19465908526495165,0.2952134916803362,False,0.2952134916803362,cannot certify fair
X2_to_X3,race_proxy_blind,COMPAS tool,tool,,race,equalized_odds_difference,0.17783330443626433,0.352192236733922,0.05,0.2661039146321223,0.19237569125950607,0.34211516789940494,False,0.34211516789940494,cannot certify fair
X2_to_X3,race_proxy_blind,COMPAS tool,tool,,sex,fpr_difference,-0.07650325573703486,0.0927447857034205,0.05,0.004580814564283695,-0.06536050818275065,0.0774026384523835,False,0.0774026384523835,cannot certify fair
X2_to_X3,race_proxy_blind,COMPAS tool,tool,,sex,demographic_parity_difference,-0.0892371919497767,0.04892878435938098,0.05,-0.020971410195180156,-0.07768512840607447,0.038160629586881226,False,0.07768512840607447,cannot certify fair
X2_to_X3,race_proxy_blind,COMPAS tool,tool,,sex,equalized_odds_difference,-0.0875784730182472,0.15205587738757503,0.05,0.04508218785537714,-0.06727368523430348,0.1378669979558617,False,0.1378669979558617,cannot certify fair
X2_to_X3,sex_blind,TabPFN,0.5,0.5,race,fpr_difference,0.08821442913522122,0.22948161691276978,0.05,0.15829312479534272,0.09938974688974689,0.21807398680797727,False,0.21807398680797727,cannot certify fair
X2_to_X3,sex_blind,TabPFN,0.5,0.5,race,demographic_parity_difference,0.19826579193100705,0.3148450760000118,0.05,0.2553805463469819,0.20865283520936379,0.30552938533334034,False,0.30552938533334034,cannot certify fair
X2_to_X3,sex_blind,TabPFN,0.5,0.5,race,equalized_odds_difference,0.20820025200438913,0.3870248763570185,0.05,0.2943986166712931,0.2211414757520261,0.3701629835376614,False,0.3701629835376614,cannot certify fair
X2_to_X3,sex_blind,TabPFN,0.5,0.5,sex,fpr_difference,-0.10100344875595346,0.04648811341182733,0.05,-0.028843485386454707,-0.0886348055185316,0.03371682217186129,False,0.0886348055185316,cannot certify fair
X2_to_X3,sex_blind,TabPFN,0.5,0.5,sex,demographic_parity_difference,-0.19915602632712182,-0.0705891147573543,0.05,-0.13330295626004357,-0.18647845422932546,-0.07943460805903467,False,0.18647845422932546,cannot certify fair
X2_to_X3,sex_blind,TabPFN,0.5,0.5,sex,equalized_odds_difference,-0.318130448732278,-0.09244552631617572,0.05,-0.2049287173982052,-0.3049233085415755,-0.10845809954295854,False,0.3049233085415755,cannot certify fair
X2_to_X3,sex_blind,TabPFN,break_even,0.2523364485981308,race,fpr_difference,0.03437872664386046,0.19554655248549235,0.05,0.11399079367391762,0.04793766083018033,0.1845565709874921,False,0.1845565709874921,cannot certify fair
X2_to_X3,sex_blind,TabPFN,break_even,0.2523364485981308,race,demographic_parity_difference,0.06567526094020351,0.17276461915779745,0.05,0.11849819441813234,0.07465232586147581,0.1637018694112962,False,0.1637018694112962,cannot certify fair
X2_to_X3,sex_blind,TabPFN,break_even,0.2523364485981308,race,equalized_odds_difference,0.05450986077783289,0.19554655248549235,0.05,0.11852697945967108,0.06290376068561845,0.1845565709874921,False,0.1845565709874921,cannot certify fair
X2_to_X3,sex_blind,TabPFN,break_even,0.2523364485981308,sex,fpr_difference,-0.11896819438621145,0.06082809816193085,0.05,-0.02549737390402843,-0.09930505703052979,0.05426955459949781,False,0.09930505703052979,cannot certify fair
X2_to_X3,sex_blind,TabPFN,break_even,0.2523364485981308,sex,demographic_parity_difference,-0.14523900142913518,-0.01454736171420396,0.05,-0.07790618120860071,-0.13321845933058696,-0.022608448269717352,False,0.13321845933058696,cannot certify fair
X2_to_X3,sex_blind,TabPFN,break_even,0.2523364485981308,sex,equalized_odds_difference,-0.18533475079241576,0.03053561008194903,0.05,-0.09140119353085217,-0.17044082392829132,-0.01728425084392064,False,0.17044082392829132,cannot certify fair
X2_to_X3,sex_blind,COMPAS tool,tool,,race,fpr_difference,0.0810185457315994,0.2341449278471384,0.05,0.15841231699199107,0.09315488172300793,0.22195534290910204,False,0.22195534290910204,cannot certify fair
X2_to_X3,sex_blind,COMPAS tool,tool,,race,demographic_parity_difference,0.18289260410305233,0.3039152024234034,0.05,0.2457667369323836,0.19465908526495165,0.2952134916803362,False,0.2952134916803362,cannot certify fair
X2_to_X3,sex_blind,COMPAS tool,tool,,race,equalized_odds_difference,0.17783330443626433,0.352192236733922,0.05,0.2661039146321223,0.19237569125950607,0.34211516789940494,False,0.34211516789940494,cannot certify fair
X2_to_X3,sex_blind,COMPAS tool,tool,,sex,fpr_difference,-0.07650325573703486,0.0927447857034205,0.05,0.004580814564283695,-0.06536050818275065,0.0774026384523835,False,0.0774026384523835,cannot certify fair
X2_to_X3,sex_blind,COMPAS tool,tool,,sex,demographic_parity_difference,-0.0892371919497767,0.04892878435938098,0.05,-0.020971410195180156,-0.07768512840607447,0.038160629586881226,False,0.07768512840607447,cannot certify fair
X2_to_X3,sex_blind,COMPAS tool,tool,,sex,equalized_odds_difference,-0.0875784730182472,0.15205587738757503,0.05,0.04508218785537714,-0.06727368523430348,0.1378669979558617,False,0.1378669979558617,cannot certify fair
holdout,age_blind,TabPFN,0.5,0.5,race,fpr_difference,0.11190830765980249,0.23453010440297975,0.05,0.1740699573053064,0.12556786062733583,0.22461386452823534,False,0.22461386452823534,cannot certify fair
holdout,age_blind,TabPFN,0.5,0.5,race,demographic_parity_difference,0.22395644258845848,0.31777507252376114,0.05,0.2721027778127499,0.2309639865902516,0.31178970233861425,False,0.31178970233861425,cannot certify fair
holdout,age_blind,TabPFN,0.5,0.5,race,equalized_odds_difference,0.23546780992331867,0.3860802803245774,0.05,0.31424160450724753,0.2518357421019432,0.37292834851916684,False,0.37292834851916684,cannot certify fair
holdout,age_blind,TabPFN,0.5,0.5,sex,fpr_difference,-0.20872632509996372,-0.11693430583975063,0.05,-0.16379766600418344,-0.2032603244976862,-0.12299176019064449,False,0.2032603244976862,cannot certify fair
holdout,age_blind,TabPFN,0.5,0.5,sex,demographic_parity_difference,-0.2609061335806056,-0.17221599150099376,0.05,-0.21674453841812125,-0.25332986452697603,-0.17706196520729156,False,0.25332986452697603,cannot certify fair
holdout,age_blind,TabPFN,0.5,0.5,sex,equalized_odds_difference,-0.30650335835604925,-0.15173317575906162,0.05,-0.22214268137257684,-0.29299890808365614,-0.15919578131793508,False,0.29299890808365614,cannot certify fair
holdout,age_blind,TabPFN,break_even,0.2523364485981308,race,fpr_difference,0.2161468441607355,0.32111532641174184,0.05,0.2656119137791487,0.22349128585641204,0.30814806248820126,False,0.30814806248820126,cannot certify fair
holdout,age_blind,TabPFN,break_even,0.2523364485981308,race,demographic_parity_difference,0.20332459155988866,0.27483767422659355,0.05,0.2388191117023422,0.20759987199519647,0.26997695700650476,False,0.26997695700650476,cannot certify fair
holdout,age_blind,TabPFN,break_even,0.2523364485981308,race,equalized_odds_difference,0.21622015594443228,0.32111532641174184,0.05,0.26574234563655985,0.2242291323974094,0.30814806248820126,False,0.30814806248820126,cannot certify fair
holdout,age_blind,TabPFN,break_even,0.2523364485981308,sex,fpr_difference,-0.42386720092804775,-0.286286393204387,0.05,-0.3508164988445104,-0.41334068393325907,-0.2949301700165805,False,0.41334068393325907,cannot certify fair
holdout,age_blind,TabPFN,break_even,0.2523364485981308,sex,demographic_parity_difference,-0.36147716883011005,-0.2543906372563621,0.05,-0.3063377776369535,-0.3532057204927894,-0.2616207066630798,False,0.3532057204927894,cannot certify fair
holdout,age_blind,TabPFN,break_even,0.2523364485981308,sex,equalized_odds_difference,-0.42386720092804775,-0.28747512520528984,0.05,-0.35082113151655664,-0.41334068393325907,-0.2949301700165805,False,0.41334068393325907,cannot certify fair
holdout,age_blind,COMPAS tool,tool,,race,fpr_difference,0.12428180821764319,0.24279970890710334,0.05,0.1838170150089886,0.13364927499433,0.23372779343200856,False,0.23372779343200856,cannot certify fair
holdout,age_blind,COMPAS tool,tool,,race,demographic_parity_difference,0.19114495448996052,0.28396705643563164,0.05,0.2375819987220252,0.1979904940518573,0.2792003094903674,False,0.2792003094903674,cannot certify fair
holdout,age_blind,COMPAS tool,tool,,race,equalized_odds_difference,0.16239658631682,0.2771124066097522,0.05,0.21338299009227849,0.1689129296330492,0.26506987042755015,False,0.26506987042755015,cannot certify fair
holdout,age_blind,COMPAS tool,tool,,sex,fpr_difference,-0.10574995399322576,0.022368401860590626,0.05,-0.042884704985932914,-0.09565941920082774,0.01290379479687049,False,0.09565941920082774,cannot certify fair
holdout,age_blind,COMPAS tool,tool,,sex,demographic_parity_difference,-0.1316060338826323,-0.013553582523589692,0.05,-0.07381880979969319,-0.1227446947932709,-0.02473033592215352,False,0.1227446947932709,cannot certify fair
holdout,age_blind,COMPAS tool,tool,,sex,equalized_odds_difference,-0.1231820993196131,0.07413713418174753,0.05,-0.04538999001123176,-0.1092510739617444,0.05249172750669681,False,0.1092510739617444,cannot certify fair
holdout,protected_blind,TabPFN,0.5,0.5,race,fpr_difference,0.054951656062156705,0.17337427644273315,0.05,0.11299357901589355,0.06551370513317822,0.16079902087713627,False,0.16079902087713627,cannot certify fair
holdout,protected_blind,TabPFN,0.5,0.5,race,demographic_parity_difference,0.16472628737753636,0.2551664428929797,0.05,0.2100388969748901,0.17123687605844615,0.2491694255267713,False,0.2491694255267713,cannot certify fair
holdout,protected_blind,TabPFN,0.5,0.5,race,equalized_odds_difference,0.16954049957657527,0.3165001977564131,0.05,0.24650902332531377,0.18491473383548815,0.307435369757584,False,0.307435369757584,cannot certify fair
holdout,protected_blind,TabPFN,0.5,0.5,sex,fpr_difference,-0.13871933298752828,-0.03949981080716217,0.05,-0.09073855289671573,-0.13277976863159668,-0.046623410578646565,False,0.13277976863159668,cannot certify fair
holdout,protected_blind,TabPFN,0.5,0.5,sex,demographic_parity_difference,-0.17520098429314004,-0.07753229332749118,0.05,-0.1274005653745732,-0.16727086126005364,-0.08435651530978953,False,0.16727086126005364,cannot certify fair
holdout,protected_blind,TabPFN,0.5,0.5,sex,equalized_odds_difference,-0.1933530554006854,-0.05910804608198639,0.05,-0.11705510891445525,-0.17653673044512744,-0.06666762056030243,False,0.17653673044512744,cannot certify fair
holdout,protected_blind,TabPFN,break_even,0.2523364485981308,race,fpr_difference,0.06727612795421882,0.17506024211850424,0.05,0.1214134861532434,0.07734696476396113,0.1648397086007702,False,0.1648397086007702,cannot certify fair
holdout,protected_blind,TabPFN,break_even,0.2523364485981308,race,demographic_parity_difference,0.07384941261724733,0.14887704957430256,0.05,0.11028050887228048,0.07900166733754804,0.14156773915503526,False,0.14156773915503526,cannot certify fair
holdout,protected_blind,TabPFN,break_even,0.2523364485981308,race,equalized_odds_difference,0.07233262566455732,0.17506024211850424,0.05,0.12261934799666051,0.08268948074237607,0.16500300216740402,False,0.16500300216740402,cannot certify fair
holdout,protected_blind,TabPFN,break_even,0.2523364485981308,sex,fpr_difference,-0.19907022417905001,-0.06399908421822806,0.05,-0.12942074280884938,-0.1896470151703716,-0.07336841045714144,False,0.1896470151703716,cannot certify fair
holdout,protected_blind,TabPFN,break_even,0.2523364485981308,sex,demographic_parity_difference,-0.16557537938197278,-0.06574798309535473,0.05,-0.11539874104352252,-0.15861942179026878,-0.07392851373599581,False,0.15861942179026878,cannot certify fair
holdout,protected_blind,TabPFN,break_even,0.2523364485981308,sex,equalized_odds_difference,-0.19907022417905001,-0.07004042586222872,0.05,-0.13078271678473813,-0.1896470151703716,-0.07770930071131525,False,0.1896470151703716,cannot certify fair
holdout,protected_blind,COMPAS tool,tool,,race,fpr_difference,0.12428180821764319,0.24279970890710334,0.05,0.1838170150089886,0.13364927499433,0.23372779343200856,False,0.23372779343200856,cannot certify fair
holdout,protected_blind,COMPAS tool,tool,,race,demographic_parity_difference,0.19114495448996052,0.28396705643563164,0.05,0.2375819987220252,0.1979904940518573,0.2792003094903674,False,0.2792003094903674,cannot certify fair
holdout,protected_blind,COMPAS tool,tool,,race,equalized_odds_difference,0.16239658631682,0.2771124066097522,0.05,0.21338299009227849,0.1689129296330492,0.26506987042755015,False,0.26506987042755015,cannot certify fair
holdout,protected_blind,COMPAS tool,tool,,sex,fpr_difference,-0.10574995399322576,0.022368401860590626,0.05,-0.042884704985932914,-0.09565941920082774,0.01290379479687049,False,0.09565941920082774,cannot certify fair
holdout,protected_blind,COMPAS tool,tool,,sex,demographic_parity_difference,-0.1316060338826323,-0.013553582523589692,0.05,-0.07381880979969319,-0.1227446947932709,-0.02473033592215352,False,0.1227446947932709,cannot certify fair
holdout,protected_blind,COMPAS tool,tool,,sex,equalized_odds_difference,-0.1231820993196131,0.07413713418174753,0.05,-0.04538999001123176,-0.1092510739617444,0.05249172750669681,False,0.1092510739617444,cannot certify fair
holdout,race_aware,TabPFN,0.5,0.5,race,fpr_difference,0.06357461040403335,0.1786929180571549,0.05,0.12257033263034255,0.07357883944427439,0.1707249636435435,False,0.1707249636435435,cannot certify fair
holdout,race_aware,TabPFN,0.5,0.5,race,demographic_parity_difference,0.20322493268858624,0.29458888189417615,0.05,0.24703336962854144,0.2083625448292792,0.28590555215676905,False,0.28590555215676905,cannot certify fair
holdout,race_aware,TabPFN,0.5,0.5,race,equalized_odds_difference,0.2123724551087894,0.3680361145741088,0.05,0.29159110370267377,0.2296452250095791,0.35394504270432225,False,0.35394504270432225,cannot certify fair
holdout,race_aware,TabPFN,0.5,0.5,sex,fpr_difference,-0.21343709656621834,-0.11462518233391872,0.05,-0.16565275869540416,-0.20726071970710452,-0.12540393819364784,False,0.20726071970710452,cannot certify fair
holdout,race_aware,TabPFN,0.5,0.5,sex,demographic_parity_difference,-0.2726505022049471,-0.17526326889544694,0.05,-0.22464999361588933,-0.2675506146474198,-0.18222026178579795,False,0.2675506146474198,cannot certify fair
holdout,race_aware,TabPFN,0.5,0.5,sex,equalized_odds_difference,-0.29827980520130626,-0.14651711322630445,0.05,-0.21473679825534953,-0.2866629203647978,-0.15650206532126007,False,0.2866629203647978,cannot certify fair
holdout,race_aware,TabPFN,break_even,0.2523364485981308,race,fpr_difference,0.1713066885413412,0.3003449021072404,0.05,0.23517980057622348,0.18185879890235873,0.28491754081684173,False,0.28491754081684173,cannot certify fair
holdout,race_aware,TabPFN,break_even,0.2523364485981308,race,demographic_parity_difference,0.1810511784258143,0.26935033004498016,0.05,0.22401597625477704,0.1887261915541666,0.2599827960921492,False,0.2599827960921492,cannot certify fair
holdout,race_aware,TabPFN,break_even,0.2523364485981308,race,equalized_odds_difference,0.1734766752452856,0.3003449021072404,0.05,0.23532509898124837,0.18242257061064393,0.28491754081684173,False,0.28491754081684173,cannot certify fair
holdout,race_aware,TabPFN,break_even,0.2523364485981308,sex,fpr_difference,-0.33001441339622534,-0.1925139549015624,0.05,-0.26514567970057024,-0.32312560660200057,-0.20530410345607644,False,0.32312560660200057,cannot certify fair
holdout,race_aware,TabPFN,break_even,0.2523364485981308,sex,demographic_parity_difference,-0.30717431728466954,-0.19914221296043136,0.05,-0.2546404767449277,-0.3013403018347817,-0.20761561775155268,False,0.3013403018347817,cannot certify fair
holdout,race_aware,TabPFN,break_even,0.2523364485981308,sex,equalized_odds_difference,-0.33001441339622534,-0.1949637319981558,0.05,-0.26605424101707836,-0.32312560660200057,-0.20665696208859782,False,0.32312560660200057,cannot certify fair
holdout,race_aware,COMPAS tool,tool,,race,fpr_difference,0.12428180821764319,0.24279970890710334,0.05,0.1838170150089886,0.13364927499433,0.23372779343200856,False,0.23372779343200856,cannot certify fair
holdout,race_aware,COMPAS tool,tool,,race,demographic_parity_difference,0.19114495448996052,0.28396705643563164,0.05,0.2375819987220252,0.1979904940518573,0.2792003094903674,False,0.2792003094903674,cannot certify fair
holdout,race_aware,COMPAS tool,tool,,race,equalized_odds_difference,0.16239658631682,0.2771124066097522,0.05,0.21338299009227849,0.1689129296330492,0.26506987042755015,False,0.26506987042755015,cannot certify fair
holdout,race_aware,COMPAS tool,tool,,sex,fpr_difference,-0.10574995399322576,0.022368401860590626,0.05,-0.042884704985932914,-0.09565941920082774,0.01290379479687049,False,0.09565941920082774,cannot certify fair
holdout,race_aware,COMPAS tool,tool,,sex,demographic_parity_difference,-0.1316060338826323,-0.013553582523589692,0.05,-0.07381880979969319,-0.1227446947932709,-0.02473033592215352,False,0.1227446947932709,cannot certify fair
holdout,race_aware,COMPAS tool,tool,,sex,equalized_odds_difference,-0.1231820993196131,0.07413713418174753,0.05,-0.04538999001123176,-0.1092510739617444,0.05249172750669681,False,0.1092510739617444,cannot certify fair
holdout,race_blind,TabPFN,0.5,0.5,race,fpr_difference,0.07526062597488892,0.18793992046886174,0.05,0.1319732990978277,0.0828928218568852,0.18117400184826674,False,0.18117400184826674,cannot certify fair
holdout,race_blind,TabPFN,0.5,0.5,race,demographic_parity_difference,0.209535192694401,0.30211296228810547,0.05,0.25481888248201046,0.2151482696711242,0.293471234292701,False,0.293471234292701,cannot certify fair
holdout,race_blind,TabPFN,0.5,0.5,race,equalized_odds_difference,0.2201899178773027,0.37005007406741935,0.05,0.297737408439482,0.23358735627592828,0.3593706236788978,False,0.3593706236788978,cannot certify fair
holdout,race_blind,TabPFN,0.5,0.5,sex,fpr_difference,-0.21638687290606845,-0.11787629375913046,0.05,-0.1689041710064374,-0.20720831392502329,-0.12838130346782356,False,0.20720831392502329,cannot certify fair
holdout,race_blind,TabPFN,0.5,0.5,sex,demographic_parity_difference,-0.28336965553193205,-0.18409337425711542,0.05,-0.23467206366314194,-0.27571111771406714,-0.1928385572347131,False,0.27571111771406714,cannot certify fair
holdout,race_blind,TabPFN,0.5,0.5,sex,equalized_odds_difference,-0.3200457974624145,-0.1587259304282052,0.05,-0.23223782908211843,-0.30450606214965537,-0.1677688464489545,False,0.30450606214965537,cannot certify fair
holdout,race_blind,TabPFN,break_even,0.2523364485981308,race,fpr_difference,0.16264330497725887,0.2907575312898439,0.05,0.22758330818194825,0.17452488604981625,0.2785076169874481,False,0.2785076169874481,cannot certify fair
holdout,race_blind,TabPFN,break_even,0.2523364485981308,race,demographic_parity_difference,0.17272627479234479,0.25869243697579614,0.05,0.21512027671455766,0.1804513127268403,0.25009090832055136,False,0.25009090832055136,cannot certify fair
holdout,race_blind,TabPFN,break_even,0.2523364485981308,race,equalized_odds_difference,0.1639791509363663,0.2907575312898439,0.05,0.2277164201030112,0.17532731310524893,0.2785076169874481,False,0.2785076169874481,cannot certify fair
holdout,race_blind,TabPFN,break_even,0.2523364485981308,sex,fpr_difference,-0.3111953540224734,-0.16932602782680126,0.05,-0.24388002359607538,-0.30219515832091126,-0.18305787416661154,False,0.30219515832091126,cannot certify fair
holdout,race_blind,TabPFN,break_even,0.2523364485981308,sex,demographic_parity_difference,-0.2879144756403634,-0.1773097855553004,0.05,-0.23467779485324627,-0.2799824020988274,-0.18711631534775838,False,0.2799824020988274,cannot certify fair
holdout,race_blind,TabPFN,break_even,0.2523364485981308,sex,equalized_odds_difference,-0.3111953540224734,-0.17622699541564904,0.05,-0.24506263848672666,-0.30219515832091126,-0.1874441017003327,False,0.30219515832091126,cannot certify fair
holdout,race_blind,COMPAS tool,tool,,race,fpr_difference,0.12428180821764319,0.24279970890710334,0.05,0.1838170150089886,0.13364927499433,0.23372779343200856,False,0.23372779343200856,cannot certify fair
holdout,race_blind,COMPAS tool,tool,,race,demographic_parity_difference,0.19114495448996052,0.28396705643563164,0.05,0.2375819987220252,0.1979904940518573,0.2792003094903674,False,0.2792003094903674,cannot certify fair
holdout,race_blind,COMPAS tool,tool,,race,equalized_odds_difference,0.16239658631682,0.2771124066097522,0.05,0.21338299009227849,0.1689129296330492,0.26506987042755015,False,0.26506987042755015,cannot certify fair
holdout,race_blind,COMPAS tool,tool,,sex,fpr_difference,-0.10574995399322576,0.022368401860590626,0.05,-0.042884704985932914,-0.09565941920082774,0.01290379479687049,False,0.09565941920082774,cannot certify fair
holdout,race_blind,COMPAS tool,tool,,sex,demographic_parity_difference,-0.1316060338826323,-0.013553582523589692,0.05,-0.07381880979969319,-0.1227446947932709,-0.02473033592215352,False,0.1227446947932709,cannot certify fair
holdout,race_blind,COMPAS tool,tool,,sex,equalized_odds_difference,-0.1231820993196131,0.07413713418174753,0.05,-0.04538999001123176,-0.1092510739617444,0.05249172750669681,False,0.1092510739617444,cannot certify fair
holdout,race_priors_blind,TabPFN,0.5,0.5,race,fpr_difference,0.08278901619485272,0.22316368266707826,0.05,0.14801915279649183,0.09370056778812243,0.20264098949679493,False,0.20264098949679493,cannot certify fair
holdout,race_priors_blind,TabPFN,0.5,0.5,race,demographic_parity_difference,0.10197372185501936,0.20481811024295365,0.05,0.15276759133054163,0.10922216321997825,0.1950451880591342,False,0.1950451880591342,cannot certify fair
holdout,race_priors_blind,TabPFN,0.5,0.5,race,equalized_odds_difference,0.09735074301238375,0.22360847802204672,0.05,0.1553964029694641,0.10775680463786659,0.208949797012797,False,0.208949797012797,cannot certify fair
holdout,race_priors_blind,TabPFN,0.5,0.5,sex,fpr_difference,-0.5483481375644459,-0.4804110327893281,0.05,-0.5150689541546926,-0.5438513715524329,-0.48618149302605873,False,0.5438513715524329,cannot certify fair
holdout,race_priors_blind,TabPFN,0.5,0.5,sex,demographic_parity_difference,-0.608844970894629,-0.560268038982518,0.05,-0.584117354021324,-0.6049693071413758,-0.563695197267716,False,0.6049693071413758,cannot certify fair
holdout,race_priors_blind,TabPFN,0.5,0.5,sex,equalized_odds_difference,-0.6918771015024462,-0.623509198910981,0.05,-0.6587512475420377,-0.6874213576158941,-0.6284511517676539,False,0.6874213576158941,cannot certify fair
holdout,race_priors_blind,TabPFN,break_even,0.2523364485981308,race,fpr_difference,0.01674696638274565,0.06370372569238729,0.05,0.038341054131637804,0.0192679062680416,0.05911022055152201,False,0.05911022055152201,cannot certify fair
holdout,race_priors_blind,TabPFN,break_even,0.2523364485981308,race,demographic_parity_difference,0.01657726320068485,0.0472263911391543,0.05,0.03160442373035828,0.019116469796605567,0.04506592758804341,True,0.04506592758804341,fair (equivalent)
holdout,race_priors_blind,TabPFN,break_even,0.2523364485981308,race,equalized_odds_difference,0.018087093627904612,0.06370372569238729,0.05,0.03888905801830622,0.021356223229024935,0.05911022055152201,False,0.05911022055152201,cannot certify fair
holdout,race_priors_blind,TabPFN,break_even,0.2523364485981308,sex,fpr_difference,-0.15165876777251186,-0.07264328808446452,0.05,-0.11174966219076887,-0.14592274678111583,-0.07904641007413427,False,0.14592274678111583,cannot certify fair
holdout,race_priors_blind,TabPFN,break_even,0.2523364485981308,sex,demographic_parity_difference,-0.12500870473537604,-0.06533943384138115,0.05,-0.09470799956478132,-0.12013130609119144,-0.07082152974504252,False,0.12013130609119144,cannot certify fair
holdout,race_priors_blind,TabPFN,break_even,0.2523364485981308,sex,equalized_odds_difference,-0.15165876777251186,-0.0765765856609862,0.05,-0.11240262180523787,-0.14592274678111583,-0.08094887955182077,False,0.14592274678111583,cannot certify fair
holdout,race_priors_blind,COMPAS tool,tool,,race,fpr_difference,0.12428180821764319,0.24279970890710334,0.05,0.1838170150089886,0.13364927499433,0.23372779343200856,False,0.23372779343200856,cannot certify fair
holdout,race_priors_blind,COMPAS tool,tool,,race,demographic_parity_difference,0.19114495448996052,0.28396705643563164,0.05,0.2375819987220252,0.1979904940518573,0.2792003094903674,False,0.2792003094903674,cannot certify fair
holdout,race_priors_blind,COMPAS tool,tool,,race,equalized_odds_difference,0.16239658631682,0.2771124066097522,0.05,0.21338299009227849,0.1689129296330492,0.26506987042755015,False,0.26506987042755015,cannot certify fair
holdout,race_priors_blind,COMPAS tool,tool,,sex,fpr_difference,-0.10574995399322576,0.022368401860590626,0.05,-0.042884704985932914,-0.09565941920082774,0.01290379479687049,False,0.09565941920082774,cannot certify fair
holdout,race_priors_blind,COMPAS tool,tool,,sex,demographic_parity_difference,-0.1316060338826323,-0.013553582523589692,0.05,-0.07381880979969319,-0.1227446947932709,-0.02473033592215352,False,0.1227446947932709,cannot certify fair
holdout,race_priors_blind,COMPAS tool,tool,,sex,equalized_odds_difference,-0.1231820993196131,0.07413713418174753,0.05,-0.04538999001123176,-0.1092510739617444,0.05249172750669681,False,0.1092510739617444,cannot certify fair
holdout,race_proxy_blind,TabPFN,0.5,0.5,race,fpr_difference,0.011957428088729754,0.10301582258733585,0.05,0.05773222216605134,0.019220369410376716,0.09593126050279517,False,0.09593126050279517,cannot certify fair
holdout,race_proxy_blind,TabPFN,0.5,0.5,race,demographic_parity_difference,0.013085019392977728,0.09192683950543212,0.05,0.05322701185967048,0.018230031767255378,0.08715092587465116,False,0.08715092587465116,cannot certify fair
holdout,race_proxy_blind,TabPFN,0.5,0.5,race,equalized_odds_difference,-0.045389002644053766,0.10421585855035931,0.05,0.05676230775481245,0.007964132993811603,0.09701281776129822,False,0.09701281776129822,cannot certify fair
holdout,race_proxy_blind,TabPFN,0.5,0.5,sex,fpr_difference,-0.2108682734145255,-0.15815987899584613,0.05,-0.1844753214608701,-0.2079523534379306,-0.16191523830138393,False,0.2079523534379306,cannot certify fair
holdout,race_proxy_blind,TabPFN,0.5,0.5,sex,demographic_parity_difference,-0.2544507572846404,-0.21210503972345202,0.05,-0.23354563045556534,-0.25051340013033563,-0.21686072352651714,False,0.25051340013033563,cannot certify fair
holdout,race_proxy_blind,TabPFN,0.5,0.5,sex,equalized_odds_difference,-0.3188862988862989,-0.2520065356223965,0.05,-0.2866007100715896,-0.3141471342518041,-0.25940647760731445,False,0.3141471342518041,cannot certify fair
holdout,race_proxy_blind,TabPFN,break_even,0.2523364485981308,race,fpr_difference,0.0,0.0,0.05,0.0,0.0,0.0,True,0.0,fair (equivalent)
holdout,race_proxy_blind,TabPFN,break_even,0.2523364485981308,race,demographic_parity_difference,0.0,0.0,0.05,0.0,0.0,0.0,True,0.0,fair (equivalent)
holdout,race_proxy_blind,TabPFN,break_even,0.2523364485981308,race,equalized_odds_difference,0.0,0.0,0.05,0.0,0.0,0.0,True,0.0,fair (equivalent)
holdout,race_proxy_blind,TabPFN,break_even,0.2523364485981308,sex,fpr_difference,0.0,0.0,0.05,0.0,0.0,0.0,True,0.0,fair (equivalent)
holdout,race_proxy_blind,TabPFN,break_even,0.2523364485981308,sex,demographic_parity_difference,0.0,0.0,0.05,0.0,0.0,0.0,True,0.0,fair (equivalent)
holdout,race_proxy_blind,TabPFN,break_even,0.2523364485981308,sex,equalized_odds_difference,0.0,0.0,0.05,0.0,0.0,0.0,True,0.0,fair (equivalent)
holdout,race_proxy_blind,COMPAS tool,tool,,race,fpr_difference,0.12428180821764319,0.24279970890710334,0.05,0.1838170150089886,0.13364927499433,0.23372779343200856,False,0.23372779343200856,cannot certify fair
holdout,race_proxy_blind,COMPAS tool,tool,,race,demographic_parity_difference,0.19114495448996052,0.28396705643563164,0.05,0.2375819987220252,0.1979904940518573,0.2792003094903674,False,0.2792003094903674,cannot certify fair
holdout,race_proxy_blind,COMPAS tool,tool,,race,equalized_odds_difference,0.16239658631682,0.2771124066097522,0.05,0.21338299009227849,0.1689129296330492,0.26506987042755015,False,0.26506987042755015,cannot certify fair
holdout,race_proxy_blind,COMPAS tool,tool,,sex,fpr_difference,-0.10574995399322576,0.022368401860590626,0.05,-0.042884704985932914,-0.09565941920082774,0.01290379479687049,False,0.09565941920082774,cannot certify fair
holdout,race_proxy_blind,COMPAS tool,tool,,sex,demographic_parity_difference,-0.1316060338826323,-0.013553582523589692,0.05,-0.07381880979969319,-0.1227446947932709,-0.02473033592215352,False,0.1227446947932709,cannot certify fair
holdout,race_proxy_blind,COMPAS tool,tool,,sex,equalized_odds_difference,-0.1231820993196131,0.07413713418174753,0.05,-0.04538999001123176,-0.1092510739617444,0.05249172750669681,False,0.1092510739617444,cannot certify fair
holdout,sex_blind,TabPFN,0.5,0.5,race,fpr_difference,0.09820077924828091,0.21475053706423014,0.05,0.15691939530242321,0.10657227316859137,0.2076924460020375,False,0.2076924460020375,cannot certify fair
holdout,sex_blind,TabPFN,0.5,0.5,race,demographic_parity_difference,0.23163246413897337,0.3219330677426221,0.05,0.2754816715658615,0.2373216089208829,0.3136915436396555,False,0.3136915436396555,cannot certify fair
holdout,sex_blind,TabPFN,0.5,0.5,race,equalized_odds_difference,0.2340614237949053,0.3876060207410126,0.05,0.31316424463330905,0.24981664916880134,0.37641408175983243,False,0.37641408175983243,cannot certify fair
holdout,sex_blind,TabPFN,0.5,0.5,sex,fpr_difference,-0.15608660388999768,-0.048768248626327254,0.05,-0.10237979416916886,-0.1477713994565217,-0.056288263476677,False,0.1477713994565217,cannot certify fair
holdout,sex_blind,TabPFN,0.5,0.5,sex,demographic_parity_difference,-0.20258529809227643,-0.09666695360979294,0.05,-0.1514734752064418,-0.1933291041454274,-0.10737168746428857,False,0.1933291041454274,cannot certify fair
holdout,sex_blind,TabPFN,0.5,0.5,sex,equalized_odds_difference,-0.21279256472746355,-0.07079070693896465,0.05,-0.1316785155100956,-0.19388696122717866,-0.07895883560087694,False,0.19388696122717866,cannot certify fair
holdout,sex_blind,TabPFN,break_even,0.2523364485981308,race,fpr_difference,0.16383667851310726,0.2822616796501989,0.05,0.22396133848099414,0.17268338977812583,0.2723527042938146,False,0.2723527042938146,cannot certify fair
holdout,sex_blind,TabPFN,break_even,0.2523364485981308,race,demographic_parity_difference,0.16013732450600177,0.24379034731987764,0.05,0.20283017583336102,0.17003113886812887,0.23695287168347812,False,0.23695287168347812,cannot certify fair
holdout,sex_blind,TabPFN,break_even,0.2523364485981308,race,equalized_odds_difference,0.1648164461729625,0.2822616796501989,0.05,0.22398027432972273,0.17268338977812583,0.2723527042938146,False,0.2723527042938146,cannot certify fair
holdout,sex_blind,TabPFN,break_even,0.2523364485981308,sex,fpr_difference,-0.1758040752643986,-0.03052915124831343,0.05,-0.10247805642036431,-0.16349250403838161,-0.04134699119866613,False,0.16349250403838161,cannot certify fair
holdout,sex_blind,TabPFN,break_even,0.2523364485981308,sex,demographic_parity_difference,-0.17930111417210015,-0.06896206758831089,0.05,-0.12421178971860178,-0.16930364354784663,-0.07742436326124845,False,0.16930364354784663,cannot certify fair
holdout,sex_blind,TabPFN,break_even,0.2523364485981308,sex,equalized_odds_difference,-0.18375024353099836,-0.05938795044813202,0.05,-0.11786462549766076,-0.17090405650257628,-0.06685529553474706,False,0.17090405650257628,cannot certify fair
holdout,sex_blind,COMPAS tool,tool,,race,fpr_difference,0.12428180821764319,0.24279970890710334,0.05,0.1838170150089886,0.13364927499433,0.23372779343200856,False,0.23372779343200856,cannot certify fair
holdout,sex_blind,COMPAS tool,tool,,race,demographic_parity_difference,0.19114495448996052,0.28396705643563164,0.05,0.2375819987220252,0.1979904940518573,0.2792003094903674,False,0.2792003094903674,cannot certify fair
holdout,sex_blind,COMPAS tool,tool,,race,equalized_odds_difference,0.16239658631682,0.2771124066097522,0.05,0.21338299009227849,0.1689129296330492,0.26506987042755015,False,0.26506987042755015,cannot certify fair
holdout,sex_blind,COMPAS tool,tool,,sex,fpr_difference,-0.10574995399322576,0.022368401860590626,0.05,-0.042884704985932914,-0.09565941920082774,0.01290379479687049,False,0.09565941920082774,cannot certify fair
holdout,sex_blind,COMPAS tool,tool,,sex,demographic_parity_difference,-0.1316060338826323,-0.013553582523589692,0.05,-0.07381880979969319,-0.1227446947932709,-0.02473033592215352,False,0.1227446947932709,cannot certify fair
holdout,sex_blind,COMPAS tool,tool,,sex,equalized_odds_difference,-0.1231820993196131,0.07413713418174753,0.05,-0.04538999001123176,-0.1092510739617444,0.05249172750669681,False,0.1092510739617444,cannot certify fair
temporal_1,age_blind,TabPFN,0.5,0.5,race,fpr_difference,0.07010407265500629,0.17110208287870812,0.05,0.12279632626804302,0.0803110832669838,0.16580738500460124,False,0.16580738500460124,cannot certify fair
temporal_1,age_blind,TabPFN,0.5,0.5,race,demographic_parity_difference,0.16527997447404244,0.25159982408375803,0.05,0.20961788986551116,0.17303434264424686,0.24630942338839584,False,0.24630942338839584,cannot certify fair
temporal_1,age_blind,TabPFN,0.5,0.5,race,equalized_odds_difference,0.26335962669104623,0.4199566048116739,0.05,0.34409953677030425,0.2750827802024611,0.41289143678117335,False,0.41289143678117335,cannot certify fair
temporal_1,age_blind,TabPFN,0.5,0.5,sex,fpr_difference,-0.1431569107320639,-0.07470216557912977,0.05,-0.1090837466481099,-0.13799476777350886,-0.08034233399456318,False,0.13799476777350886,cannot certify fair
temporal_1,age_blind,TabPFN,0.5,0.5,sex,demographic_parity_difference,-0.1960385178817006,-0.12816810237811793,0.05,-0.16308994943802582,-0.19067748639576065,-0.13360452273425677,False,0.19067748639576065,cannot certify fair
temporal_1,age_blind,TabPFN,0.5,0.5,sex,equalized_odds_difference,-0.32809760260379456,-0.17168653642883638,0.05,-0.2525514436976445,-0.3202438421262001,-0.18185455683084978,False,0.3202438421262001,cannot certify fair
temporal_1,age_blind,TabPFN,break_even,0.2523364485981308,race,fpr_difference,0.18150478630926406,0.33258756192288785,0.05,0.25660372583081104,0.19436620518515335,0.3199844564115076,False,0.3199844564115076,cannot certify fair
temporal_1,age_blind,TabPFN,break_even,0.2523364485981308,race,demographic_parity_difference,0.20165991724524407,0.3206315094008832,0.05,0.26087451527297933,0.20994599244225368,0.31168126744744307,False,0.31168126744744307,cannot certify fair
temporal_1,age_blind,TabPFN,break_even,0.2523364485981308,race,equalized_odds_difference,0.19656840617057536,0.3352119007606247,0.05,0.26291157345427774,0.206268728960381,0.3226493277770957,False,0.3226493277770957,cannot certify fair
temporal_1,age_blind,TabPFN,break_even,0.2523364485981308,sex,fpr_difference,-0.4073086271502117,-0.25795698716729376,0.05,-0.33263602469152226,-0.39822105175467853,-0.268087569300075,False,0.39822105175467853,cannot certify fair
temporal_1,age_blind,TabPFN,break_even,0.2523364485981308,sex,demographic_parity_difference,-0.40069174341244984,-0.2651638225220756,0.05,-0.3347342807104441,-0.3939731274249793,-0.2794668534599202,False,0.3939731274249793,cannot certify fair
temporal_1,age_blind,TabPFN,break_even,0.2523364485981308,sex,equalized_odds_difference,-0.41670864964028687,-0.26412299889866325,0.05,-0.33889418446034864,-0.4048291069974102,-0.2782927893274728,False,0.4048291069974102,cannot certify fair
temporal_1,age_blind,COMPAS tool,tool,,race,fpr_difference,0.15987604206138686,0.3029901356232403,0.05,0.23445188922598112,0.17087791281573478,0.2965888947045966,False,0.2965888947045966,cannot certify fair
temporal_1,age_blind,COMPAS tool,tool,,race,demographic_parity_difference,0.2011081536641571,0.3181390778762939,0.05,0.2636510131602831,0.21294178090258148,0.31182910393308233,False,0.31182910393308233,cannot certify fair
temporal_1,age_blind,COMPAS tool,tool,,race,equalized_odds_difference,0.19590108749401372,0.3592311221602394,0.05,0.2655830329705562,0.2063704914773992,0.3350186182080648,False,0.3350186182080648,cannot certify fair
temporal_1,age_blind,COMPAS tool,tool,,sex,fpr_difference,-0.09428604001176816,0.05317053359477791,0.05,-0.023063273707460485,-0.08322387227538944,0.042565700149289766,False,0.08322387227538944,cannot certify fair
temporal_1,age_blind,COMPAS tool,tool,,sex,demographic_parity_difference,-0.13374760234024483,-0.00031450858472972424,0.05,-0.06422589184163363,-0.12312190311860585,-0.009907870831049156,False,0.12312190311860585,cannot certify fair
temporal_1,age_blind,COMPAS tool,tool,,sex,equalized_odds_difference,-0.2048091205368401,0.08101234351488179,0.05,-0.07661689285621243,-0.18642632284101665,0.05864666101309532,False,0.18642632284101665,cannot certify fair
temporal_1,protected_blind,TabPFN,0.5,0.5,race,fpr_difference,0.03695305919163358,0.14479334301170435,0.05,0.09140879418572845,0.046854071573057654,0.13691539362742386,False,0.13691539362742386,cannot certify fair
temporal_1,protected_blind,TabPFN,0.5,0.5,race,demographic_parity_difference,0.13315532094920376,0.2252252193132222,0.05,0.17979423248814685,0.14017449739709786,0.21629261865126478,False,0.21629261865126478,cannot certify fair
temporal_1,protected_blind,TabPFN,0.5,0.5,race,equalized_odds_difference,0.22611167941647392,0.4058647638767226,0.05,0.3142342659273894,0.24071910185185869,0.39284754877259276,False,0.39284754877259276,cannot certify fair
temporal_1,protected_blind,TabPFN,0.5,0.5,sex,fpr_difference,-0.14606042325001264,-0.07158990771488831,0.05,-0.10954629760379442,-0.13968304459887115,-0.0769572438420606,False,0.13968304459887115,cannot certify fair
temporal_1,protected_blind,TabPFN,0.5,0.5,sex,demographic_parity_difference,-0.19001864449543893,-0.11353087831681287,0.05,-0.15219876479204614,-0.18437959136610935,-0.12048416669554493,False,0.18437959136610935,cannot certify fair
temporal_1,protected_blind,TabPFN,0.5,0.5,sex,equalized_odds_difference,-0.2903247336920106,-0.11441932833550071,0.05,-0.20420369448309186,-0.2794972587895522,-0.12391351356765855,False,0.2794972587895522,cannot certify fair
temporal_1,protected_blind,TabPFN,break_even,0.2523364485981308,race,fpr_difference,0.05633400748905182,0.20258586994657085,0.05,0.12828677308712083,0.06464174156499315,0.1913713004811517,False,0.1913713004811517,cannot certify fair
temporal_1,protected_blind,TabPFN,break_even,0.2523364485981308,race,demographic_parity_difference,0.08809716294042816,0.20617562131437803,0.05,0.14817031933357463,0.09870585191844748,0.19684508983282362,False,0.19684508983282362,cannot certify fair
temporal_1,protected_blind,TabPFN,break_even,0.2523364485981308,race,equalized_odds_difference,0.08423860819441908,0.23330507376106216,0.05,0.1541403519879736,0.09615124654151153,0.22070205130021078,False,0.22070205130021078,cannot certify fair
temporal_1,protected_blind,TabPFN,break_even,0.2523364485981308,sex,fpr_difference,-0.2591645242303923,-0.09632599081344087,0.05,-0.17432037188600746,-0.24390388571354918,-0.1061798569573533,False,0.24390388571354918,cannot certify fair
temporal_1,protected_blind,TabPFN,break_even,0.2523364485981308,sex,demographic_parity_difference,-0.2627797190722604,-0.12427141678076517,0.05,-0.19352886367168678,-0.25258205031397524,-0.13460307800542085,False,0.25258205031397524,cannot certify fair
temporal_1,protected_blind,TabPFN,break_even,0.2523364485981308,sex,equalized_odds_difference,-0.3138662971950166,-0.12019191743571242,0.05,-0.2047382067090538,-0.2910815529855404,-0.13362650336346868,False,0.2910815529855404,cannot certify fair
temporal_1,protected_blind,COMPAS tool,tool,,race,fpr_difference,0.15987604206138686,0.3029901356232403,0.05,0.23445188922598112,0.17087791281573478,0.2965888947045966,False,0.2965888947045966,cannot certify fair
temporal_1,protected_blind,COMPAS tool,tool,,race,demographic_parity_difference,0.2011081536641571,0.3181390778762939,0.05,0.2636510131602831,0.21294178090258148,0.31182910393308233,False,0.31182910393308233,cannot certify fair
temporal_1,protected_blind,COMPAS tool,tool,,race,equalized_odds_difference,0.19590108749401372,0.3592311221602394,0.05,0.2655830329705562,0.2063704914773992,0.3350186182080648,False,0.3350186182080648,cannot certify fair
temporal_1,protected_blind,COMPAS tool,tool,,sex,fpr_difference,-0.09428604001176816,0.05317053359477791,0.05,-0.023063273707460485,-0.08322387227538944,0.042565700149289766,False,0.08322387227538944,cannot certify fair
temporal_1,protected_blind,COMPAS tool,tool,,sex,demographic_parity_difference,-0.13374760234024483,-0.00031450858472972424,0.05,-0.06422589184163363,-0.12312190311860585,-0.009907870831049156,False,0.12312190311860585,cannot certify fair
temporal_1,protected_blind,COMPAS tool,tool,,sex,equalized_odds_difference,-0.2048091205368401,0.08101234351488179,0.05,-0.07661689285621243,-0.18642632284101665,0.05864666101309532,False,0.18642632284101665,cannot certify fair
temporal_1,race_aware,TabPFN,0.5,0.5,race,fpr_difference,0.09333043429880562,0.20260643642462606,0.05,0.14589575208567335,0.10343241874297775,0.19023550382536988,False,0.19023550382536988,cannot certify fair
temporal_1,race_aware,TabPFN,0.5,0.5,race,demographic_parity_difference,0.1733551594825813,0.2672386823309279,0.05,0.21871377611786985,0.18174672063058106,0.257977117141907,False,0.257977117141907,cannot certify fair
temporal_1,race_aware,TabPFN,0.5,0.5,race,equalized_odds_difference,0.23134513353698868,0.4057483461925802,0.05,0.317655026858622,0.2448871961000651,0.3952862496980144,False,0.3952862496980144,cannot certify fair
temporal_1,race_aware,TabPFN,0.5,0.5,sex,fpr_difference,-0.1698191009007929,-0.0968527424015947,0.05,-0.13378464627148656,-0.16460013459808542,-0.10375226326154753,False,0.16460013459808542,cannot certify fair
temporal_1,race_aware,TabPFN,0.5,0.5,sex,demographic_parity_difference,-0.20908105687417974,-0.13191567502644574,0.05,-0.17135862571638358,-0.2028042852711625,-0.13942929470443066,False,0.2028042852711625,cannot certify fair
temporal_1,race_aware,TabPFN,0.5,0.5,sex,equalized_odds_difference,-0.3042520864765784,-0.12692031523347272,0.05,-0.2110694075577594,-0.28764970935455086,-0.1343380560875561,False,0.28764970935455086,cannot certify fair
temporal_1,race_aware,TabPFN,break_even,0.2523364485981308,race,fpr_difference,0.24198853966069142,0.3907289855127399,0.05,0.3154033718111344,0.2516141141045643,0.3729614930299578,False,0.3729614930299578,cannot certify fair
temporal_1,race_aware,TabPFN,break_even,0.2523364485981308,race,demographic_parity_difference,0.27048767305919647,0.3886681248365631,0.05,0.3290573983398609,0.27894521375042,0.38103455468645075,False,0.38103455468645075,cannot certify fair
temporal_1,race_aware,TabPFN,break_even,0.2523364485981308,race,equalized_odds_difference,0.2512653782939837,0.3945644547350304,0.05,0.3198386688471985,0.26150484805288865,0.3768826720775415,False,0.3768826720775415,cannot certify fair
temporal_1,race_aware,TabPFN,break_even,0.2523364485981308,sex,fpr_difference,-0.33473817679954115,-0.18138034073677636,0.05,-0.25883738424553476,-0.3243907154467499,-0.19343411740717012,False,0.3243907154467499,cannot certify fair
temporal_1,race_aware,TabPFN,break_even,0.2523364485981308,sex,demographic_parity_difference,-0.36283406861856327,-0.23176809176819205,0.05,-0.2975948667323704,-0.35494983934742436,-0.24011489239311434,False,0.35494983934742436,cannot certify fair
temporal_1,race_aware,TabPFN,break_even,0.2523364485981308,sex,equalized_odds_difference,-0.42406790461193555,-0.2136772641541273,0.05,-0.3002057579427718,-0.3930746837250466,-0.2257751410409852,False,0.3930746837250466,cannot certify fair
temporal_1,race_aware,COMPAS tool,tool,,race,fpr_difference,0.15987604206138686,0.3029901356232403,0.05,0.23445188922598112,0.17087791281573478,0.2965888947045966,False,0.2965888947045966,cannot certify fair
temporal_1,race_aware,COMPAS tool,tool,,race,demographic_parity_difference,0.2011081536641571,0.3181390778762939,0.05,0.2636510131602831,0.21294178090258148,0.31182910393308233,False,0.31182910393308233,cannot certify fair
temporal_1,race_aware,COMPAS tool,tool,,race,equalized_odds_difference,0.19590108749401372,0.3592311221602394,0.05,0.2655830329705562,0.2063704914773992,0.3350186182080648,False,0.3350186182080648,cannot certify fair
temporal_1,race_aware,COMPAS tool,tool,,sex,fpr_difference,-0.09428604001176816,0.05317053359477791,0.05,-0.023063273707460485,-0.08322387227538944,0.042565700149289766,False,0.08322387227538944,cannot certify fair
temporal_1,race_aware,COMPAS tool,tool,,sex,demographic_parity_difference,-0.13374760234024483,-0.00031450858472972424,0.05,-0.06422589184163363,-0.12312190311860585,-0.009907870831049156,False,0.12312190311860585,cannot certify fair
temporal_1,race_aware,COMPAS tool,tool,,sex,equalized_odds_difference,-0.2048091205368401,0.08101234351488179,0.05,-0.07661689285621243,-0.18642632284101665,0.05864666101309532,False,0.18642632284101665,cannot certify fair
temporal_1,race_blind,TabPFN,0.5,0.5,race,fpr_difference,0.0799372892813018,0.18151617543498624,0.05,0.12972243087595867,0.08849655354485876,0.17363754187056543,False,0.17363754187056543,cannot certify fair
temporal_1,race_blind,TabPFN,0.5,0.5,race,demographic_parity_difference,0.18109829983180054,0.2703644820011822,0.05,0.22588871633768062,0.18854127403726068,0.2639690501477979,False,0.2639690501477979,cannot certify fair
temporal_1,race_blind,TabPFN,0.5,0.5,race,equalized_odds_difference,0.27330991106272007,0.45371693134557534,0.05,0.36356136156310664,0.2890105549285476,0.4353433857555797,False,0.4353433857555797,cannot certify fair
temporal_1,race_blind,TabPFN,0.5,0.5,sex,fpr_difference,-0.17067060123606478,-0.0949846838447239,0.05,-0.13351969698384655,-0.16371604508315465,-0.10296613819273187,False,0.16371604508315465,cannot certify fair
temporal_1,race_blind,TabPFN,0.5,0.5,sex,demographic_parity_difference,-0.2160671947703914,-0.13599273722658312,0.05,-0.17782857697318838,-0.20927386763411682,-0.14401930033734825,False,0.20927386763411682,cannot certify fair
temporal_1,race_blind,TabPFN,0.5,0.5,sex,equalized_odds_difference,-0.317760205024665,-0.1280796771979982,0.05,-0.22290905158623514,-0.3103300729453935,-0.1368354081675569,False,0.3103300729453935,cannot certify fair
temporal_1,race_blind,TabPFN,break_even,0.2523364485981308,race,fpr_difference,0.14826168178173832,0.29840842109430193,0.05,0.22472202761480378,0.16200526809232302,0.28541979267175965,False,0.28541979267175965,cannot certify fair
temporal_1,race_blind,TabPFN,break_even,0.2523364485981308,race,demographic_parity_difference,0.18588441030525585,0.30664388817300353,0.05,0.2463626199962303,0.193123091721217,0.2972864093187877,False,0.2972864093187877,cannot certify fair
temporal_1,race_blind,TabPFN,break_even,0.2523364485981308,race,equalized_odds_difference,0.16601831986260868,0.31432557461851784,0.05,0.23580830082893364,0.17647273250510545,0.2959473764205645,False,0.2959473764205645,cannot certify fair
temporal_1,race_blind,TabPFN,break_even,0.2523364485981308,sex,fpr_difference,-0.27201457020978403,-0.11063395349382132,0.05,-0.19148140676690184,-0.2579627404944511,-0.12438140228634474,False,0.2579627404944511,cannot certify fair
temporal_1,race_blind,TabPFN,break_even,0.2523364485981308,sex,demographic_parity_difference,-0.3028167105207633,-0.16844302929681862,0.05,-0.23572346810338712,-0.29437126720195084,-0.18222284257500349,False,0.29437126720195084,cannot certify fair
temporal_1,race_blind,TabPFN,break_even,0.2523364485981308,sex,equalized_odds_difference,-0.3673554490124024,-0.15947405821906707,0.05,-0.2457983293993287,-0.3464897271039839,-0.16819021597710135,False,0.3464897271039839,cannot certify fair
temporal_1,race_blind,COMPAS tool,tool,,race,fpr_difference,0.15987604206138686,0.3029901356232403,0.05,0.23445188922598112,0.17087791281573478,0.2965888947045966,False,0.2965888947045966,cannot certify fair
temporal_1,race_blind,COMPAS tool,tool,,race,demographic_parity_difference,0.2011081536641571,0.3181390778762939,0.05,0.2636510131602831,0.21294178090258148,0.31182910393308233,False,0.31182910393308233,cannot certify fair
temporal_1,race_blind,COMPAS tool,tool,,race,equalized_odds_difference,0.19590108749401372,0.3592311221602394,0.05,0.2655830329705562,0.2063704914773992,0.3350186182080648,False,0.3350186182080648,cannot certify fair
temporal_1,race_blind,COMPAS tool,tool,,sex,fpr_difference,-0.09428604001176816,0.05317053359477791,0.05,-0.023063273707460485,-0.08322387227538944,0.042565700149289766,False,0.08322387227538944,cannot certify fair
temporal_1,race_blind,COMPAS tool,tool,,sex,demographic_parity_difference,-0.13374760234024483,-0.00031450858472972424,0.05,-0.06422589184163363,-0.12312190311860585,-0.009907870831049156,False,0.12312190311860585,cannot certify fair
temporal_1,race_blind,COMPAS tool,tool,,sex,equalized_odds_difference,-0.2048091205368401,0.08101234351488179,0.05,-0.07661689285621243,-0.18642632284101665,0.05864666101309532,False,0.18642632284101665,cannot certify fair
temporal_1,race_priors_blind,TabPFN,0.5,0.5,race,fpr_difference,0.0,0.0,0.05,0.0,0.0,0.0,True,0.0,fair (equivalent)
temporal_1,race_priors_blind,TabPFN,0.5,0.5,race,demographic_parity_difference,0.0,0.0,0.05,0.0,0.0,0.0,True,0.0,fair (equivalent)
temporal_1,race_priors_blind,TabPFN,0.5,0.5,race,equalized_odds_difference,0.0,0.0,0.05,0.0,0.0,0.0,True,0.0,fair (equivalent)
temporal_1,race_priors_blind,TabPFN,0.5,0.5,sex,fpr_difference,0.0,0.0,0.05,0.0,0.0,0.0,True,0.0,fair (equivalent)
temporal_1,race_priors_blind,TabPFN,0.5,0.5,sex,demographic_parity_difference,0.0,0.0,0.05,0.0,0.0,0.0,True,0.0,fair (equivalent)
temporal_1,race_priors_blind,TabPFN,0.5,0.5,sex,equalized_odds_difference,0.0,0.0,0.05,0.0,0.0,0.0,True,0.0,fair (equivalent)
temporal_1,race_priors_blind,TabPFN,break_even,0.2523364485981308,race,fpr_difference,0.09294757791327914,0.20568155803271873,0.05,0.14913703093306405,0.10257162657416735,0.19860748696158745,False,0.19860748696158745,cannot certify fair
temporal_1,race_priors_blind,TabPFN,break_even,0.2523364485981308,race,demographic_parity_difference,0.0952883439325649,0.19173798301331782,0.05,0.1417512081591215,0.10417563033448371,0.181990627318728,False,0.181990627318728,cannot certify fair
temporal_1,race_priors_blind,TabPFN,break_even,0.2523364485981308,race,equalized_odds_difference,0.10260723237741665,0.206058708391527,0.05,0.152642148821792,0.10983895003688365,0.19892852415719062,False,0.19892852415719062,cannot certify fair
temporal_1,race_priors_blind,TabPFN,break_even,0.2523364485981308,sex,fpr_difference,-0.26523861306869545,-0.12224215000438825,0.05,-0.1943658458961961,-0.2543377178131513,-0.13514920007441825,False,0.2543377178131513,cannot certify fair
temporal_1,race_priors_blind,TabPFN,break_even,0.2523364485981308,sex,demographic_parity_difference,-0.25357432509537725,-0.13393584176487253,0.05,-0.1942535720953441,-0.24504884900286086,-0.14360797099410386,False,0.24504884900286086,cannot certify fair
temporal_1,race_priors_blind,TabPFN,break_even,0.2523364485981308,sex,equalized_odds_difference,-0.2920633196394968,-0.1429186853249607,0.05,-0.20967978808214316,-0.2737436105855484,-0.15125928110233677,False,0.2737436105855484,cannot certify fair
temporal_1,race_priors_blind,COMPAS tool,tool,,race,fpr_difference,0.15987604206138686,0.3029901356232403,0.05,0.23445188922598112,0.17087791281573478,0.2965888947045966,False,0.2965888947045966,cannot certify fair
temporal_1,race_priors_blind,COMPAS tool,tool,,race,demographic_parity_difference,0.2011081536641571,0.3181390778762939,0.05,0.2636510131602831,0.21294178090258148,0.31182910393308233,False,0.31182910393308233,cannot certify fair
temporal_1,race_priors_blind,COMPAS tool,tool,,race,equalized_odds_difference,0.19590108749401372,0.3592311221602394,0.05,0.2655830329705562,0.2063704914773992,0.3350186182080648,False,0.3350186182080648,cannot certify fair
temporal_1,race_priors_blind,COMPAS tool,tool,,sex,fpr_difference,-0.09428604001176816,0.05317053359477791,0.05,-0.023063273707460485,-0.08322387227538944,0.042565700149289766,False,0.08322387227538944,cannot certify fair
temporal_1,race_priors_blind,COMPAS tool,tool,,sex,demographic_parity_difference,-0.13374760234024483,-0.00031450858472972424,0.05,-0.06422589184163363,-0.12312190311860585,-0.009907870831049156,False,0.12312190311860585,cannot certify fair
temporal_1,race_priors_blind,COMPAS tool,tool,,sex,equalized_odds_difference,-0.2048091205368401,0.08101234351488179,0.05,-0.07661689285621243,-0.18642632284101665,0.05864666101309532,False,0.18642632284101665,cannot certify fair
temporal_1,race_proxy_blind,TabPFN,0.5,0.5,race,fpr_difference,0.0,0.0,0.05,0.0,0.0,0.0,True,0.0,fair (equivalent)
temporal_1,race_proxy_blind,TabPFN,0.5,0.5,race,demographic_parity_difference,0.0,0.0,0.05,0.0,0.0,0.0,True,0.0,fair (equivalent)
temporal_1,race_proxy_blind,TabPFN,0.5,0.5,race,equalized_odds_difference,0.0,0.0,0.05,0.0,0.0,0.0,True,0.0,fair (equivalent)
temporal_1,race_proxy_blind,TabPFN,0.5,0.5,sex,fpr_difference,0.0,0.0,0.05,0.0,0.0,0.0,True,0.0,fair (equivalent)
temporal_1,race_proxy_blind,TabPFN,0.5,0.5,sex,demographic_parity_difference,0.0,0.0,0.05,0.0,0.0,0.0,True,0.0,fair (equivalent)
temporal_1,race_proxy_blind,TabPFN,0.5,0.5,sex,equalized_odds_difference,0.0,0.0,0.05,0.0,0.0,0.0,True,0.0,fair (equivalent)
temporal_1,race_proxy_blind,TabPFN,break_even,0.2523364485981308,race,fpr_difference,0.0,0.0,0.05,0.0,0.0,0.0,True,0.0,fair (equivalent)
temporal_1,race_proxy_blind,TabPFN,break_even,0.2523364485981308,race,demographic_parity_difference,0.0,0.0,0.05,0.0,0.0,0.0,True,0.0,fair (equivalent)
temporal_1,race_proxy_blind,TabPFN,break_even,0.2523364485981308,race,equalized_odds_difference,0.0,0.0,0.05,0.0,0.0,0.0,True,0.0,fair (equivalent)
temporal_1,race_proxy_blind,TabPFN,break_even,0.2523364485981308,sex,fpr_difference,0.0,0.0,0.05,0.0,0.0,0.0,True,0.0,fair (equivalent)
temporal_1,race_proxy_blind,TabPFN,break_even,0.2523364485981308,sex,demographic_parity_difference,0.0,0.0,0.05,0.0,0.0,0.0,True,0.0,fair (equivalent)
temporal_1,race_proxy_blind,TabPFN,break_even,0.2523364485981308,sex,equalized_odds_difference,0.0,0.0,0.05,0.0,0.0,0.0,True,0.0,fair (equivalent)
temporal_1,race_proxy_blind,COMPAS tool,tool,,race,fpr_difference,0.15987604206138686,0.3029901356232403,0.05,0.23445188922598112,0.17087791281573478,0.2965888947045966,False,0.2965888947045966,cannot certify fair
temporal_1,race_proxy_blind,COMPAS tool,tool,,race,demographic_parity_difference,0.2011081536641571,0.3181390778762939,0.05,0.2636510131602831,0.21294178090258148,0.31182910393308233,False,0.31182910393308233,cannot certify fair
temporal_1,race_proxy_blind,COMPAS tool,tool,,race,equalized_odds_difference,0.19590108749401372,0.3592311221602394,0.05,0.2655830329705562,0.2063704914773992,0.3350186182080648,False,0.3350186182080648,cannot certify fair
temporal_1,race_proxy_blind,COMPAS tool,tool,,sex,fpr_difference,-0.09428604001176816,0.05317053359477791,0.05,-0.023063273707460485,-0.08322387227538944,0.042565700149289766,False,0.08322387227538944,cannot certify fair
temporal_1,race_proxy_blind,COMPAS tool,tool,,sex,demographic_parity_difference,-0.13374760234024483,-0.00031450858472972424,0.05,-0.06422589184163363,-0.12312190311860585,-0.009907870831049156,False,0.12312190311860585,cannot certify fair
temporal_1,race_proxy_blind,COMPAS tool,tool,,sex,equalized_odds_difference,-0.2048091205368401,0.08101234351488179,0.05,-0.07661689285621243,-0.18642632284101665,0.05864666101309532,False,0.18642632284101665,cannot certify fair
temporal_1,sex_blind,TabPFN,0.5,0.5,race,fpr_difference,0.0753942811218218,0.17448161882329025,0.05,0.12269920478251982,0.08285310699892803,0.1654092012370196,False,0.1654092012370196,cannot certify fair
temporal_1,sex_blind,TabPFN,0.5,0.5,race,demographic_parity_difference,0.1602470380753823,0.24707274807536417,0.05,0.20332112147186926,0.1659709237082441,0.24049707641813403,False,0.24049707641813403,cannot certify fair
temporal_1,sex_blind,TabPFN,0.5,0.5,race,equalized_odds_difference,0.22542146082417003,0.40218021163834344,0.05,0.31332045197796005,0.24143166013781056,0.3869563843288982,False,0.3869563843288982,cannot certify fair
temporal_1,sex_blind,TabPFN,0.5,0.5,sex,fpr_difference,-0.15262816559948578,-0.07938091537480405,0.05,-0.11670857909353095,-0.14538253485575,-0.08750939551254662,False,0.14538253485575,cannot certify fair
temporal_1,sex_blind,TabPFN,0.5,0.5,sex,demographic_parity_difference,-0.18589055523209463,-0.10843340960805169,0.05,-0.14826319946655303,-0.18007395440387938,-0.11601791711036114,False,0.18007395440387938,cannot certify fair
temporal_1,sex_blind,TabPFN,0.5,0.5,sex,equalized_odds_difference,-0.26026768049303395,-0.09815621665737352,0.05,-0.16859804725453784,-0.24927339024191467,-0.10762815463065638,False,0.24927339024191467,cannot certify fair
temporal_1,sex_blind,TabPFN,break_even,0.2523364485981308,race,fpr_difference,0.14648169867814792,0.2915326762341946,0.05,0.22065368282630457,0.15624881064057894,0.2828453346775078,False,0.2828453346775078,cannot certify fair
temporal_1,sex_blind,TabPFN,break_even,0.2523364485981308,race,demographic_parity_difference,0.1924976907967755,0.31266359389073006,0.05,0.25136331157000236,0.19877865305857062,0.30255823872299625,False,0.30255823872299625,cannot certify fair
temporal_1,sex_blind,TabPFN,break_even,0.2523364485981308,race,equalized_odds_difference,0.16807923523096713,0.3226044280292749,0.05,0.23962905702354642,0.17812908434504637,0.30798670638824094,False,0.30798670638824094,cannot certify fair
temporal_1,sex_blind,TabPFN,break_even,0.2523364485981308,sex,fpr_difference,-0.21137999439172236,-0.04567589602517224,0.05,-0.12810558067990876,-0.19693683747833138,-0.05856511327628512,False,0.19693683747833138,cannot certify fair
temporal_1,sex_blind,TabPFN,break_even,0.2523364485981308,sex,demographic_parity_difference,-0.24565438007222953,-0.10252177038372587,0.05,-0.17437254713325165,-0.2340015373361131,-0.11533833280509832,False,0.2340015373361131,cannot certify fair
temporal_1,sex_blind,TabPFN,break_even,0.2523364485981308,sex,equalized_odds_difference,-0.30569667260843736,-0.09294929662499786,0.05,-0.1874118367734057,-0.2869055217914752,-0.10661638843774292,False,0.2869055217914752,cannot certify fair
temporal_1,sex_blind,COMPAS tool,tool,,race,fpr_difference,0.15987604206138686,0.3029901356232403,0.05,0.23445188922598112,0.17087791281573478,0.2965888947045966,False,0.2965888947045966,cannot certify fair
temporal_1,sex_blind,COMPAS tool,tool,,race,demographic_parity_difference,0.2011081536641571,0.3181390778762939,0.05,0.2636510131602831,0.21294178090258148,0.31182910393308233,False,0.31182910393308233,cannot certify fair
temporal_1,sex_blind,COMPAS tool,tool,,race,equalized_odds_difference,0.19590108749401372,0.3592311221602394,0.05,0.2655830329705562,0.2063704914773992,0.3350186182080648,False,0.3350186182080648,cannot certify fair
temporal_1,sex_blind,COMPAS tool,tool,,sex,fpr_difference,-0.09428604001176816,0.05317053359477791,0.05,-0.023063273707460485,-0.08322387227538944,0.042565700149289766,False,0.08322387227538944,cannot certify fair
temporal_1,sex_blind,COMPAS tool,tool,,sex,demographic_parity_difference,-0.13374760234024483,-0.00031450858472972424,0.05,-0.06422589184163363,-0.12312190311860585,-0.009907870831049156,False,0.12312190311860585,cannot certify fair
temporal_1,sex_blind,COMPAS tool,tool,,sex,equalized_odds_difference,-0.2048091205368401,0.08101234351488179,0.05,-0.07661689285621243,-0.18642632284101665,0.05864666101309532,False,0.18642632284101665,cannot certify fair
temporal_2,age_blind,TabPFN,0.5,0.5,race,fpr_difference,0.09183169087683785,0.15903280297087377,0.05,0.12460101681240629,0.09590509944102245,0.15418520709467823,False,0.15418520709467823,cannot certify fair
temporal_2,age_blind,TabPFN,0.5,0.5,race,demographic_parity_difference,0.1290337897666238,0.19748038086046213,0.05,0.1646140760475009,0.13588582392820214,0.19333080426866814,False,0.19333080426866814,cannot certify fair
temporal_2,age_blind,TabPFN,0.5,0.5,race,equalized_odds_difference,0.14081198418374208,0.2778792667758813,0.05,0.20820608159408988,0.14970740265692947,0.26421605324289693,False,0.26421605324289693,cannot certify fair
temporal_2,age_blind,TabPFN,0.5,0.5,sex,fpr_difference,-0.10419298657129683,-0.050002131807092,0.05,-0.07921627029733737,-0.10043304856485624,-0.0554563506289705,False,0.10043304856485624,cannot certify fair
temporal_2,age_blind,TabPFN,0.5,0.5,sex,demographic_parity_difference,-0.12637223771534625,-0.06799589597122602,0.05,-0.09731746542165083,-0.12246234249296066,-0.07241764646694995,False,0.12246234249296066,cannot certify fair
temporal_2,age_blind,TabPFN,0.5,0.5,sex,equalized_odds_difference,-0.17280306744375765,-0.061061554557974,0.05,-0.10140695132070125,-0.16051831364665586,-0.06721426651345752,False,0.16051831364665586,cannot certify fair
temporal_2,age_blind,TabPFN,break_even,0.2523364485981308,race,fpr_difference,0.192305700728761,0.31058929502706073,0.05,0.2532339900267962,0.20435648569461137,0.30131499788226573,False,0.30131499788226573,cannot certify fair
temporal_2,age_blind,TabPFN,break_even,0.2523364485981308,race,demographic_parity_difference,0.23514027629241913,0.3309337011874589,0.05,0.28395583195071106,0.2427098551382222,0.3232514904402126,False,0.3232514904402126,cannot certify fair
temporal_2,age_blind,TabPFN,break_even,0.2523364485981308,race,equalized_odds_difference,0.22866693732171334,0.3680983115155073,0.05,0.2893015611466495,0.23545855867377638,0.3495902562428415,False,0.3495902562428415,cannot certify fair
temporal_2,age_blind,TabPFN,break_even,0.2523364485981308,sex,fpr_difference,-0.22877460949447143,-0.10840183910147062,0.05,-0.17011261298080335,-0.22120784559359305,-0.11719865151492515,False,0.22120784559359305,cannot certify fair
temporal_2,age_blind,TabPFN,break_even,0.2523364485981308,sex,demographic_parity_difference,-0.228805811130747,-0.11563655533360506,0.05,-0.17212967593695758,-0.21817667176441774,-0.12367125130156696,False,0.21817667176441774,cannot certify fair
temporal_2,age_blind,TabPFN,break_even,0.2523364485981308,sex,equalized_odds_difference,-0.2290021062185981,-0.1110380242514523,0.05,-0.17109199815199208,-0.22141485738659897,-0.1186104536302154,False,0.22141485738659897,cannot certify fair
temporal_2,age_blind,COMPAS tool,tool,,race,fpr_difference,0.14052700183680844,0.2481429708194866,0.05,0.1960533045186053,0.15065100062308764,0.24156568260049666,False,0.24156568260049666,cannot certify fair
temporal_2,age_blind,COMPAS tool,tool,,race,demographic_parity_difference,0.16325093900850432,0.2598664802069771,0.05,0.21113846637114853,0.17200624853639324,0.2503204198599976,False,0.2503204198599976,cannot certify fair
temporal_2,age_blind,COMPAS tool,tool,,race,equalized_odds_difference,0.1533251126455771,0.26213425331195617,0.05,0.20416122686289434,0.1607361433072523,0.25093123471577894,False,0.25093123471577894,cannot certify fair
temporal_2,age_blind,COMPAS tool,tool,,sex,fpr_difference,-0.10495415582520733,0.015356546658878152,0.05,-0.0428181069561567,-0.09588493635695224,0.00573342197098114,False,0.09588493635695224,cannot certify fair
temporal_2,age_blind,COMPAS tool,tool,,sex,demographic_parity_difference,-0.11470219032221524,-0.004092649852739844,0.05,-0.059327556707181775,-0.10837996144312431,-0.013715223870147843,False,0.10837996144312431,cannot certify fair
temporal_2,age_blind,COMPAS tool,tool,,sex,equalized_odds_difference,-0.11282178673813426,0.14435019741336985,0.05,-0.001797992023358458,-0.09934182511388394,0.12600520139760996,False,0.12600520139760996,cannot certify fair
temporal_2,protected_blind,TabPFN,0.5,0.5,race,fpr_difference,0.04539741060704458,0.12030108296525073,0.05,0.08280613194560132,0.051458889788368385,0.11356646629751012,False,0.11356646629751012,cannot certify fair
temporal_2,protected_blind,TabPFN,0.5,0.5,race,demographic_parity_difference,0.08514055904243996,0.15682426229045368,0.05,0.12231726768961908,0.09146268282632465,0.15136985671203695,False,0.15136985671203695,cannot certify fair
temporal_2,protected_blind,TabPFN,0.5,0.5,race,equalized_odds_difference,0.09512101998402751,0.23958968006116646,0.05,0.16813340584402978,0.1092936038915355,0.226742670789213,False,0.226742670789213,cannot certify fair
temporal_2,protected_blind,TabPFN,0.5,0.5,sex,fpr_difference,-0.08956407832871793,-0.02352108038192957,0.05,-0.058074889559815136,-0.08528745938203022,-0.03013831254989338,False,0.08528745938203022,cannot certify fair
temporal_2,protected_blind,TabPFN,0.5,0.5,sex,demographic_parity_difference,-0.10132352310678554,-0.032772116083895596,0.05,-0.06668902766301188,-0.09648380652006877,-0.037820735868414695,False,0.09648380652006877,cannot certify fair
temporal_2,protected_blind,TabPFN,0.5,0.5,sex,equalized_odds_difference,-0.11408687540750473,0.07549893353104223,0.05,-0.05928795795348877,-0.10495319972735784,0.04389241802139368,False,0.10495319972735784,cannot certify fair
temporal_2,protected_blind,TabPFN,break_even,0.2523364485981308,race,fpr_difference,0.027817498088545712,0.153269282187797,0.05,0.09104804479526095,0.0384612874126559,0.14240402583074985,False,0.14240402583074985,cannot certify fair
temporal_2,protected_blind,TabPFN,break_even,0.2523364485981308,race,demographic_parity_difference,0.06663112730440944,0.16961893983124973,0.05,0.11898082761848926,0.07375516970411586,0.16238138156193263,False,0.16238138156193263,cannot certify fair
temporal_2,protected_blind,TabPFN,break_even,0.2523364485981308,race,equalized_odds_difference,0.06228463333301373,0.20035288332163337,0.05,0.12691028374704216,0.07284467865487308,0.1891263606364957,False,0.1891263606364957,cannot certify fair
temporal_2,protected_blind,TabPFN,break_even,0.2523364485981308,sex,fpr_difference,-0.20045276342113336,-0.06447498486353263,0.05,-0.13338539630174695,-0.18899181015788313,-0.07715924956200118,False,0.18899181015788313,cannot certify fair
temporal_2,protected_blind,TabPFN,break_even,0.2523364485981308,sex,demographic_parity_difference,-0.19042689099511473,-0.07092511831657342,0.05,-0.13075753235056392,-0.1788848570596165,-0.0804576224688777,False,0.1788848570596165,cannot certify fair
temporal_2,protected_blind,TabPFN,break_even,0.2523364485981308,sex,equalized_odds_difference,-0.20045276342113336,-0.06418091836562749,0.05,-0.13248495964385418,-0.1890310654031545,-0.07543252166565168,False,0.1890310654031545,cannot certify fair
temporal_2,protected_blind,COMPAS tool,tool,,race,fpr_difference,0.14052700183680844,0.2481429708194866,0.05,0.1960533045186053,0.15065100062308764,0.24156568260049666,False,0.24156568260049666,cannot certify fair
temporal_2,protected_blind,COMPAS tool,tool,,race,demographic_parity_difference,0.16325093900850432,0.2598664802069771,0.05,0.21113846637114853,0.17200624853639324,0.2503204198599976,False,0.2503204198599976,cannot certify fair
temporal_2,protected_blind,COMPAS tool,tool,,race,equalized_odds_difference,0.1533251126455771,0.26213425331195617,0.05,0.20416122686289434,0.1607361433072523,0.25093123471577894,False,0.25093123471577894,cannot certify fair
temporal_2,protected_blind,COMPAS tool,tool,,sex,fpr_difference,-0.10495415582520733,0.015356546658878152,0.05,-0.0428181069561567,-0.09588493635695224,0.00573342197098114,False,0.09588493635695224,cannot certify fair
temporal_2,protected_blind,COMPAS tool,tool,,sex,demographic_parity_difference,-0.11470219032221524,-0.004092649852739844,0.05,-0.059327556707181775,-0.10837996144312431,-0.013715223870147843,False,0.10837996144312431,cannot certify fair
temporal_2,protected_blind,COMPAS tool,tool,,sex,equalized_odds_difference,-0.11282178673813426,0.14435019741336985,0.05,-0.001797992023358458,-0.09934182511388394,0.12600520139760996,False,0.12600520139760996,cannot certify fair
temporal_2,race_aware,TabPFN,0.5,0.5,race,fpr_difference,0.04934574915347401,0.12731198735910387,0.05,0.0863547105985619,0.053045391255329165,0.11969765303929719,False,0.11969765303929719,cannot certify fair
temporal_2,race_aware,TabPFN,0.5,0.5,race,demographic_parity_difference,0.11717772963918476,0.19463018915530056,0.05,0.1570138894708218,0.12572572472294608,0.18867472882748154,False,0.18867472882748154,cannot certify fair
temporal_2,race_aware,TabPFN,0.5,0.5,race,equalized_odds_difference,0.17148532193165175,0.3204511409366185,0.05,0.24789877465995713,0.18508345542703114,0.3115877343554507,False,0.3115877343554507,cannot certify fair
temporal_2,race_aware,TabPFN,0.5,0.5,sex,fpr_difference,-0.10713085671399629,-0.0431760217880118,0.05,-0.07642093245283808,-0.10234301445925957,-0.0484084355743993,False,0.10234301445925957,cannot certify fair
temporal_2,race_aware,TabPFN,0.5,0.5,sex,demographic_parity_difference,-0.14461087398205527,-0.07717561065822583,0.05,-0.10960094982683494,-0.13798858067695147,-0.08127787243719915,False,0.13798858067695147,cannot certify fair
temporal_2,race_aware,TabPFN,0.5,0.5,sex,equalized_odds_difference,-0.20793279955904465,-0.06453548230752863,0.05,-0.12163162376855823,-0.193801793935931,-0.07049839249362043,False,0.193801793935931,cannot certify fair
temporal_2,race_aware,TabPFN,break_even,0.2523364485981308,race,fpr_difference,0.1872383213436395,0.3026389380617017,0.05,0.24571841578249726,0.19742504169753272,0.29417215715438644,False,0.29417215715438644,cannot certify fair
temporal_2,race_aware,TabPFN,break_even,0.2523364485981308,race,demographic_parity_difference,0.2060202557461592,0.3061815395587899,0.05,0.25734516898429766,0.2155491222512414,0.29741043239571724,False,0.29741043239571724,cannot certify fair
temporal_2,race_aware,TabPFN,break_even,0.2523364485981308,race,equalized_odds_difference,0.19568787643143734,0.30812568572457105,0.05,0.2509827996021014,0.20677279964185916,0.2977065057147254,False,0.2977065057147254,cannot certify fair
temporal_2,race_aware,TabPFN,break_even,0.2523364485981308,sex,fpr_difference,-0.3148956022472034,-0.19307806358863278,0.05,-0.25470737938651,-0.30658770816966585,-0.20466113241950426,False,0.30658770816966585,cannot certify fair
temporal_2,race_aware,TabPFN,break_even,0.2523364485981308,sex,demographic_parity_difference,-0.3222606722880587,-0.210508117146464,0.05,-0.2659653202268647,-0.3123851769199698,-0.21766665743645833,False,0.3123851769199698,cannot certify fair
temporal_2,race_aware,TabPFN,break_even,0.2523364485981308,sex,equalized_odds_difference,-0.3148956022472034,-0.1957456303437968,0.05,-0.25672087997841825,-0.30733760598219934,-0.20770345536463777,False,0.30733760598219934,cannot certify fair
temporal_2,race_aware,COMPAS tool,tool,,race,fpr_difference,0.14052700183680844,0.2481429708194866,0.05,0.1960533045186053,0.15065100062308764,0.24156568260049666,False,0.24156568260049666,cannot certify fair
temporal_2,race_aware,COMPAS tool,tool,,race,demographic_parity_difference,0.16325093900850432,0.2598664802069771,0.05,0.21113846637114853,0.17200624853639324,0.2503204198599976,False,0.2503204198599976,cannot certify fair
temporal_2,race_aware,COMPAS tool,tool,,race,equalized_odds_difference,0.1533251126455771,0.26213425331195617,0.05,0.20416122686289434,0.1607361433072523,0.25093123471577894,False,0.25093123471577894,cannot certify fair
temporal_2,race_aware,COMPAS tool,tool,,sex,fpr_difference,-0.10495415582520733,0.015356546658878152,0.05,-0.0428181069561567,-0.09588493635695224,0.00573342197098114,False,0.09588493635695224,cannot certify fair
temporal_2,race_aware,COMPAS tool,tool,,sex,demographic_parity_difference,-0.11470219032221524,-0.004092649852739844,0.05,-0.059327556707181775,-0.10837996144312431,-0.013715223870147843,False,0.10837996144312431,cannot certify fair
temporal_2,race_aware,COMPAS tool,tool,,sex,equalized_odds_difference,-0.11282178673813426,0.14435019741336985,0.05,-0.001797992023358458,-0.09934182511388394,0.12600520139760996,False,0.12600520139760996,cannot certify fair
temporal_2,race_blind,TabPFN,0.5,0.5,race,fpr_difference,0.03571747391281884,0.11421773061441183,0.05,0.07385836053911694,0.04140069560855099,0.10800297338702045,False,0.10800297338702045,cannot certify fair
temporal_2,race_blind,TabPFN,0.5,0.5,race,demographic_parity_difference,0.10414395677820212,0.18039209338097376,0.05,0.14235029391008402,0.11003661963400174,0.17481685095066138,False,0.17481685095066138,cannot certify fair
temporal_2,race_blind,TabPFN,0.5,0.5,race,equalized_odds_difference,0.14956766656320683,0.3020219154046827,0.05,0.23003070308870677,0.1656877968970868,0.2905008803464784,False,0.2905008803464784,cannot certify fair
temporal_2,race_blind,TabPFN,0.5,0.5,sex,fpr_difference,-0.11037237498475919,-0.04733032725644043,0.05,-0.07989044200453997,-0.10686601704002363,-0.05226494916853741,False,0.10686601704002363,cannot certify fair
temporal_2,race_blind,TabPFN,0.5,0.5,sex,demographic_parity_difference,-0.13877602265538322,-0.07292894393031535,0.05,-0.10481398715927653,-0.13348610579525513,-0.0773121199296323,False,0.13348610579525513,cannot certify fair
temporal_2,race_blind,TabPFN,0.5,0.5,sex,equalized_odds_difference,-0.1817092553842616,-0.05924296145079037,0.05,-0.1040678395834579,-0.16713947732163514,-0.06521094399333047,False,0.16713947732163514,cannot certify fair
temporal_2,race_blind,TabPFN,break_even,0.2523364485981308,race,fpr_difference,0.13806353289688078,0.25701074352185443,0.05,0.1987384885644325,0.14861325775764797,0.24488441075865972,False,0.24488441075865972,cannot certify fair
temporal_2,race_blind,TabPFN,break_even,0.2523364485981308,race,demographic_parity_difference,0.1678772140915072,0.2680573122037666,0.05,0.2195241371836862,0.17641967119212174,0.2587314535083245,False,0.2587314535083245,cannot certify fair
temporal_2,race_blind,TabPFN,break_even,0.2523364485981308,race,equalized_odds_difference,0.15957181191003023,0.27003675745460376,0.05,0.21086618205585306,0.16489955159947606,0.2605190985688963,False,0.2605190985688963,cannot certify fair
temporal_2,race_blind,TabPFN,break_even,0.2523364485981308,sex,fpr_difference,-0.2785791183304831,-0.15558885326462743,0.05,-0.2172793203840593,-0.269645102450686,-0.1660592522172888,False,0.269645102450686,cannot certify fair
temporal_2,race_blind,TabPFN,break_even,0.2523364485981308,sex,demographic_parity_difference,-0.2886145299102784,-0.1792014139014983,0.05,-0.23510644745639547,-0.2820262370930649,-0.1867776259763822,False,0.2820262370930649,cannot certify fair
temporal_2,race_blind,TabPFN,break_even,0.2523364485981308,sex,equalized_odds_difference,-0.28366357073394327,-0.1597750238452638,0.05,-0.221656426953252,-0.2740985886690986,-0.17066807592716857,False,0.2740985886690986,cannot certify fair
temporal_2,race_blind,COMPAS tool,tool,,race,fpr_difference,0.14052700183680844,0.2481429708194866,0.05,0.1960533045186053,0.15065100062308764,0.24156568260049666,False,0.24156568260049666,cannot certify fair
temporal_2,race_blind,COMPAS tool,tool,,race,demographic_parity_difference,0.16325093900850432,0.2598664802069771,0.05,0.21113846637114853,0.17200624853639324,0.2503204198599976,False,0.2503204198599976,cannot certify fair
temporal_2,race_blind,COMPAS tool,tool,,race,equalized_odds_difference,0.1533251126455771,0.26213425331195617,0.05,0.20416122686289434,0.1607361433072523,0.25093123471577894,False,0.25093123471577894,cannot certify fair
temporal_2,race_blind,COMPAS tool,tool,,sex,fpr_difference,-0.10495415582520733,0.015356546658878152,0.05,-0.0428181069561567,-0.09588493635695224,0.00573342197098114,False,0.09588493635695224,cannot certify fair
temporal_2,race_blind,COMPAS tool,tool,,sex,demographic_parity_difference,-0.11470219032221524,-0.004092649852739844,0.05,-0.059327556707181775,-0.10837996144312431,-0.013715223870147843,False,0.10837996144312431,cannot certify fair
temporal_2,race_blind,COMPAS tool,tool,,sex,equalized_odds_difference,-0.11282178673813426,0.14435019741336985,0.05,-0.001797992023358458,-0.09934182511388394,0.12600520139760996,False,0.12600520139760996,cannot certify fair
temporal_2,race_priors_blind,TabPFN,0.5,0.5,race,fpr_difference,0.0,0.0,0.05,0.0,0.0,0.0,True,0.0,fair (equivalent)
temporal_2,race_priors_blind,TabPFN,0.5,0.5,race,demographic_parity_difference,0.0,0.0,0.05,0.0,0.0,0.0,True,0.0,fair (equivalent)
temporal_2,race_priors_blind,TabPFN,0.5,0.5,race,equalized_odds_difference,0.0,0.0,0.05,0.0,0.0,0.0,True,0.0,fair (equivalent)
temporal_2,race_priors_blind,TabPFN,0.5,0.5,sex,fpr_difference,0.0,0.0,0.05,0.0,0.0,0.0,True,0.0,fair (equivalent)
temporal_2,race_priors_blind,TabPFN,0.5,0.5,sex,demographic_parity_difference,0.0,0.0,0.05,0.0,0.0,0.0,True,0.0,fair (equivalent)
temporal_2,race_priors_blind,TabPFN,0.5,0.5,sex,equalized_odds_difference,0.0,0.0,0.05,0.0,0.0,0.0,True,0.0,fair (equivalent)
temporal_2,race_priors_blind,TabPFN,break_even,0.2523364485981308,race,fpr_difference,0.07967221284256358,0.19624070654770132,0.05,0.14148848201802336,0.08976629955871061,0.18952945788327025,False,0.18952945788327025,cannot certify fair
temporal_2,race_priors_blind,TabPFN,break_even,0.2523364485981308,race,demographic_parity_difference,0.10403448839738715,0.19616814437339422,0.05,0.15144063918767167,0.11019562627713515,0.18964688550743786,False,0.18964688550743786,cannot certify fair
temporal_2,race_priors_blind,TabPFN,break_even,0.2523364485981308,race,equalized_odds_difference,0.09766430540129747,0.20826032643631892,0.05,0.15367336991732788,0.10665104999423937,0.19795449045040664,False,0.19795449045040664,cannot certify fair
temporal_2,race_priors_blind,TabPFN,break_even,0.2523364485981308,sex,fpr_difference,-0.3665734468635253,-0.23879891712569012,0.05,-0.3015848273674307,-0.35588982712777373,-0.24782540173490167,False,0.35588982712777373,cannot certify fair
temporal_2,race_priors_blind,TabPFN,break_even,0.2523364485981308,sex,demographic_parity_difference,-0.36694628114753514,-0.25426873302452196,0.05,-0.3109175913132229,-0.3579728157462863,-0.26331932005750713,False,0.3579728157462863,cannot certify fair
temporal_2,race_priors_blind,TabPFN,break_even,0.2523364485981308,sex,equalized_odds_difference,-0.39104444601548116,-0.251746966000166,0.05,-0.31684283239582434,-0.37841462351530997,-0.26157788258702774,False,0.37841462351530997,cannot certify fair
temporal_2,race_priors_blind,COMPAS tool,tool,,race,fpr_difference,0.14052700183680844,0.2481429708194866,0.05,0.1960533045186053,0.15065100062308764,0.24156568260049666,False,0.24156568260049666,cannot certify fair
temporal_2,race_priors_blind,COMPAS tool,tool,,race,demographic_parity_difference,0.16325093900850432,0.2598664802069771,0.05,0.21113846637114853,0.17200624853639324,0.2503204198599976,False,0.2503204198599976,cannot certify fair
temporal_2,race_priors_blind,COMPAS tool,tool,,race,equalized_odds_difference,0.1533251126455771,0.26213425331195617,0.05,0.20416122686289434,0.1607361433072523,0.25093123471577894,False,0.25093123471577894,cannot certify fair
temporal_2,race_priors_blind,COMPAS tool,tool,,sex,fpr_difference,-0.10495415582520733,0.015356546658878152,0.05,-0.0428181069561567,-0.09588493635695224,0.00573342197098114,False,0.09588493635695224,cannot certify fair
temporal_2,race_priors_blind,COMPAS tool,tool,,sex,demographic_parity_difference,-0.11470219032221524,-0.004092649852739844,0.05,-0.059327556707181775,-0.10837996144312431,-0.013715223870147843,False,0.10837996144312431,cannot certify fair
temporal_2,race_priors_blind,COMPAS tool,tool,,sex,equalized_odds_difference,-0.11282178673813426,0.14435019741336985,0.05,-0.001797992023358458,-0.09934182511388394,0.12600520139760996,False,0.12600520139760996,cannot certify fair
temporal_2,race_proxy_blind,TabPFN,0.5,0.5,race,fpr_difference,0.0,0.0,0.05,0.0,0.0,0.0,True,0.0,fair (equivalent)
temporal_2,race_proxy_blind,TabPFN,0.5,0.5,race,demographic_parity_difference,0.0,0.0,0.05,0.0,0.0,0.0,True,0.0,fair (equivalent)
temporal_2,race_proxy_blind,TabPFN,0.5,0.5,race,equalized_odds_difference,0.0,0.0,0.05,0.0,0.0,0.0,True,0.0,fair (equivalent)
temporal_2,race_proxy_blind,TabPFN,0.5,0.5,sex,fpr_difference,0.0,0.0,0.05,0.0,0.0,0.0,True,0.0,fair (equivalent)
temporal_2,race_proxy_blind,TabPFN,0.5,0.5,sex,demographic_parity_difference,0.0,0.0,0.05,0.0,0.0,0.0,True,0.0,fair (equivalent)
temporal_2,race_proxy_blind,TabPFN,0.5,0.5,sex,equalized_odds_difference,0.0,0.0,0.05,0.0,0.0,0.0,True,0.0,fair (equivalent)
temporal_2,race_proxy_blind,TabPFN,break_even,0.2523364485981308,race,fpr_difference,-0.04965506567280641,0.05496321118919995,0.05,0.001120177091087125,-0.042997301880571284,0.04621348445911022,True,0.04621348445911022,fair (equivalent)
temporal_2,race_proxy_blind,TabPFN,break_even,0.2523364485981308,race,demographic_parity_difference,-0.015365905474582893,0.06880053487881106,0.05,0.026905383184283913,-0.010040907916442408,0.06255559602991924,False,0.06255559602991924,cannot certify fair
temporal_2,race_proxy_blind,TabPFN,break_even,0.2523364485981308,race,equalized_odds_difference,-0.048187710001180925,0.11445406934645322,0.05,0.045291819576348986,-0.03878876372561526,0.10308609195464526,False,0.10308609195464526,cannot certify fair
temporal_2,race_proxy_blind,TabPFN,break_even,0.2523364485981308,sex,fpr_difference,-1.0,-1.0,0.05,-1.0,-1.0,-1.0,False,1.0,cannot certify fair
temporal_2,race_proxy_blind,TabPFN,break_even,0.2523364485981308,sex,demographic_parity_difference,-1.0,-1.0,0.05,-1.0,-1.0,-1.0,False,1.0,cannot certify fair
temporal_2,race_proxy_blind,TabPFN,break_even,0.2523364485981308,sex,equalized_odds_difference,-1.0,-1.0,0.05,-1.0,-1.0,-1.0,False,1.0,cannot certify fair
temporal_2,race_proxy_blind,COMPAS tool,tool,,race,fpr_difference,0.14052700183680844,0.2481429708194866,0.05,0.1960533045186053,0.15065100062308764,0.24156568260049666,False,0.24156568260049666,cannot certify fair
temporal_2,race_proxy_blind,COMPAS tool,tool,,race,demographic_parity_difference,0.16325093900850432,0.2598664802069771,0.05,0.21113846637114853,0.17200624853639324,0.2503204198599976,False,0.2503204198599976,cannot certify fair
temporal_2,race_proxy_blind,COMPAS tool,tool,,race,equalized_odds_difference,0.1533251126455771,0.26213425331195617,0.05,0.20416122686289434,0.1607361433072523,0.25093123471577894,False,0.25093123471577894,cannot certify fair
temporal_2,race_proxy_blind,COMPAS tool,tool,,sex,fpr_difference,-0.10495415582520733,0.015356546658878152,0.05,-0.0428181069561567,-0.09588493635695224,0.00573342197098114,False,0.09588493635695224,cannot certify fair
temporal_2,race_proxy_blind,COMPAS tool,tool,,sex,demographic_parity_difference,-0.11470219032221524,-0.004092649852739844,0.05,-0.059327556707181775,-0.10837996144312431,-0.013715223870147843,False,0.10837996144312431,cannot certify fair
temporal_2,race_proxy_blind,COMPAS tool,tool,,sex,equalized_odds_difference,-0.11282178673813426,0.14435019741336985,0.05,-0.001797992023358458,-0.09934182511388394,0.12600520139760996,False,0.12600520139760996,cannot certify fair
temporal_2,sex_blind,TabPFN,0.5,0.5,race,fpr_difference,0.0585959050802337,0.1371287759209806,0.05,0.09671599770853055,0.06389218387743874,0.12973059627040892,False,0.12973059627040892,cannot certify fair
temporal_2,sex_blind,TabPFN,0.5,0.5,race,demographic_parity_difference,0.13055821009920315,0.2065382649944469,0.05,0.16848619762483388,0.13728249417036953,0.2007084063026841,False,0.2007084063026841,cannot certify fair
temporal_2,sex_blind,TabPFN,0.5,0.5,race,equalized_odds_difference,0.17972029917971685,0.32906464260512325,0.05,0.2574998693018742,0.19107468719783058,0.3201384477717281,False,0.3201384477717281,cannot certify fair
temporal_2,sex_blind,TabPFN,0.5,0.5,sex,fpr_difference,-0.09625174578589062,-0.032071346820333135,0.05,-0.06479114716618949,-0.09142894211871103,-0.036266223894682405,False,0.09142894211871103,cannot certify fair
temporal_2,sex_blind,TabPFN,0.5,0.5,sex,demographic_parity_difference,-0.1169454184942324,-0.042004186816998836,0.05,-0.07892104936282378,-0.11022761630416796,-0.048087575147743394,False,0.11022761630416796,cannot certify fair
temporal_2,sex_blind,TabPFN,0.5,0.5,sex,equalized_odds_difference,-0.12270633029864714,0.0863271841845528,0.05,-0.06216299465246123,-0.10914778934515774,0.06301765513459491,False,0.10914778934515774,cannot certify fair
temporal_2,sex_blind,TabPFN,break_even,0.2523364485981308,race,fpr_difference,0.16521035079895022,0.28264899510872254,0.05,0.2243128768620127,0.17458233874510132,0.27326041521914,False,0.27326041521914,cannot certify fair
temporal_2,sex_blind,TabPFN,break_even,0.2523364485981308,race,demographic_parity_difference,0.18348353643920856,0.28152667944953,0.05,0.2347884794559476,0.19146735175008814,0.27471967175610945,False,0.27471967175610945,cannot certify fair
temporal_2,sex_blind,TabPFN,break_even,0.2523364485981308,race,equalized_odds_difference,0.17559196629282267,0.28583183089102654,0.05,0.2301358257420695,0.18234440190895712,0.278053919572487,False,0.278053919572487,cannot certify fair
temporal_2,sex_blind,TabPFN,break_even,0.2523364485981308,sex,fpr_difference,-0.12364948508452155,0.01111237190853005,0.05,-0.05719610011947953,-0.11272401393595707,-0.003600136567491619,False,0.11272401393595707,cannot certify fair
temporal_2,sex_blind,TabPFN,break_even,0.2523364485981308,sex,demographic_parity_difference,-0.14012441693146171,-0.027122434458227877,0.05,-0.08409548183070543,-0.1328965476140868,-0.03576972573263798,False,0.1328965476140868,cannot certify fair
temporal_2,sex_blind,TabPFN,break_even,0.2523364485981308,sex,equalized_odds_difference,-0.14061649260115705,0.06568606914239346,0.05,-0.06283819103209629,-0.12565427531586504,0.04533250521878734,False,0.12565427531586504,cannot certify fair
temporal_2,sex_blind,COMPAS tool,tool,,race,fpr_difference,0.14052700183680844,0.2481429708194866,0.05,0.1960533045186053,0.15065100062308764,0.24156568260049666,False,0.24156568260049666,cannot certify fair
temporal_2,sex_blind,COMPAS tool,tool,,race,demographic_parity_difference,0.16325093900850432,0.2598664802069771,0.05,0.21113846637114853,0.17200624853639324,0.2503204198599976,False,0.2503204198599976,cannot certify fair
temporal_2,sex_blind,COMPAS tool,tool,,race,equalized_odds_difference,0.1533251126455771,0.26213425331195617,0.05,0.20416122686289434,0.1607361433072523,0.25093123471577894,False,0.25093123471577894,cannot certify fair
temporal_2,sex_blind,COMPAS tool,tool,,sex,fpr_difference,-0.10495415582520733,0.015356546658878152,0.05,-0.0428181069561567,-0.09588493635695224,0.00573342197098114,False,0.09588493635695224,cannot certify fair
temporal_2,sex_blind,COMPAS tool,tool,,sex,demographic_parity_difference,-0.11470219032221524,-0.004092649852739844,0.05,-0.059327556707181775,-0.10837996144312431,-0.013715223870147843,False,0.10837996144312431,cannot certify fair
temporal_2,sex_blind,COMPAS tool,tool,,sex,equalized_odds_difference,-0.11282178673813426,0.14435019741336985,0.05,-0.001797992023358458,-0.09934182511388394,0.12600520139760996,False,0.12600520139760996,cannot certify fair
