,Number_of_Priors,Age_Above_FourtyFive,Age_Below_TwentyFive,African_American,Asian,Hispanic,Native_American,Other,Female,Misdemeanor
3,-0.47985446,0.044391084,-0.14348748,-0.010869558,0.0,0.004950299,0.0,0.0,0.012874788,-0.06573683
6,-0.4866179,0.043732088,-0.07690504,-0.014341258,0.0,0.004950299,0.0,0.0,-0.048131928,-0.0659474
7,-0.4534754,0.046388406,-0.12589267,-0.010845354,0.0,0.004950299,0.0,0.0,0.0128058065,0.055475328
9,-0.4866179,0.043732088,-0.07690504,-0.014341258,0.0,0.004950299,0.0,0.0,-0.048131928,-0.0659474
16,0.30978894,0.061655365,-0.094080694,-0.01072802,0.0,0.0013138726,0.0,0.0,0.008592181,0.036523383
18,-0.06514166,0.031958643,0.44538525,0.04470997,0.0,0.0012700163,0.0,0.0,0.05978424,0.01453893
20,-0.48849437,0.02686985,0.17771761,-0.05963083,0.0,0.0016873089,0.0,0.0,-0.22733028,0.025543468
23,-0.47985446,0.044391084,-0.14348748,-0.010869558,0.0,0.004950299,0.0,0.0,0.012874788,-0.06573683
31,0.29893762,0.068940826,-0.08171513,-0.010255386,0.0,0.0013138726,0.0,0.0,-0.03521215,-0.066593826
33,1.0799046,0.08356751,-0.06395228,0.0073350375,0.0,0.0013138726,0.0,0.0,0.006644698,0.020807792
37,-0.06458758,0.06759803,-0.13102242,-0.017458966,0.0,0.0013138728,0.0,0.0,0.011063648,-0.0664202
38,0.4971717,-0.21719427,-0.06954122,0.013903329,0.0,0.0011253093,0.0,0.0,-0.026648726,0.02902015
39,-0.45318377,0.036152914,-0.13251868,0.012672941,0.0,0.004950299,0.0,0.0,0.011655496,0.05547057
41,0.6734195,0.073203824,-0.06535781,0.0073696696,0.0,0.0013138726,0.0,0.0,0.006644698,0.020329671
44,-0.18916681,0.07387281,-0.14249907,-0.015543341,0.0,0.003357402,0.0,0.0,0.014431792,0.02233675
45,-0.46013403,0.045729414,-0.060110983,-0.014317054,0.0,0.004950299,0.0,0.0,-0.047852807,0.055612862
48,-0.49851292,0.041983157,-0.15214115,-0.010869558,0.0,-0.03897925,0.0,0.0,0.012874788,-0.06573683
59,-0.39417034,-0.10190428,-0.10705411,0.04300227,0.0,0.003944542,0.0,0.0,-0.041841,-0.060954526
60,0.48021132,-0.22769894,-0.08121978,-0.010062878,0.0,-0.0088415565,0.0,0.0,0.0075472007,0.02539396
73,0.6895057,0.057117585,-0.06535781,0.0073696696,0.0,0.0013138726,0.0,0.0,0.006644698,0.020329671
76,-0.15782903,0.061200585,-0.10394307,0.01607009,0.0,0.003357402,0.0,0.0,-0.051795885,-0.033327546
77,0.68678993,0.073693916,-0.06535781,0.0073696696,0.0,0.0013138726,0.0,0.0,0.006644698,0.020329671
81,-0.48849437,0.02686985,0.17771761,-0.05963083,0.0,0.0016873089,0.0,0.0,-0.22733028,0.025543468
83,-0.4104046,-0.12873685,-0.09477272,-0.023245791,0.0,0.003944542,0.0,0.0,-0.046343178,-0.06095897
86,-0.18294589,0.063856915,-0.16699667,0.013904313,0.0,0.003357402,0.0,0.0,0.013281481,0.022331985
88,0.42553556,0.057729434,0.252786,-0.028472206,0.0,0.00075796375,0.0,0.0,0.018535769,0.03033462
90,-0.47985446,0.044391084,-0.14348748,-0.010869558,0.0,0.004950299,0.0,0.0,0.012874788,-0.06573683
92,-0.18916681,0.07387281,-0.14249907,-0.015543341,0.0,0.003357402,0.0,0.0,0.014431792,0.02233675
96,0.30649662,0.059610896,-0.10915083,0.009206316,0.0,0.0013138726,0.0,0.0,0.008175987,0.037412196
101,1.1054219,0.081290044,-0.06395228,0.0073350375,0.0,0.0013138726,0.0,0.0,0.006644698,0.020807792
103,-0.20561768,0.07321383,-0.06249729,-0.01901504,0.0,0.003357402,0.0,0.0,-0.056018934,0.022474287
106,0.2136635,-0.22980636,-0.112209834,-0.0127469655,0.0,0.0011253093,0.0,0.0,0.0085474225,-0.054557454
110,-0.149792,0.071875505,-0.14662717,-0.015567546,0.0,0.003357402,0.0,0.0,0.0145007735,-0.033121422
112,-0.47985446,0.044391084,-0.14348748,-0.010869558,0.0,0.004950299,0.0,0.0,0.012874788,-0.06573683
115,-0.06458758,0.06759803,-0.13102242,-0.017458966,0.0,0.0013138728,0.0,0.0,0.011063648,-0.0664202
117,-0.06458758,0.06759803,-0.13102242,-0.017458966,0.0,0.0013138728,0.0,0.0,0.011063648,-0.0664202
121,-0.4866179,0.043732088,-0.07690504,-0.014341258,0.0,0.004950299,0.0,0.0,-0.048131928,-0.0659474
124,0.53544956,0.06366998,-0.077333875,0.006133297,0.0,0.0013138726,0.0,0.0,0.0069344095,-0.05937531
130,-0.21561256,-0.1880269,-0.13397053,0.04338291,0.0,0.0023516451,0.0,0.0,-0.049728006,0.018938994
136,-0.149792,0.071875505,-0.14662717,-0.015567546,0.0,0.003357402,0.0,0.0,0.0145007735,-0.033121422
139,-0.088666074,-0.206597,-0.16622177,-0.02186064,0.0,0.0011253094,0.0,0.0,0.010948824,-0.056659188
141,0.4703264,-0.22894888,-0.080051795,-0.010062878,0.0,0.0011253093,0.0,0.0,0.0075472007,0.02539396
142,-0.4534754,0.046388406,-0.12589267,-0.010845354,0.0,0.004950299,0.0,0.0,0.0128058065,0.055475328
145,0.3147435,0.05947898,-0.0962818,0.009995413,0.0,0.0013138726,0.0,0.0,-0.033484552,0.037460245
147,0.48279455,-0.21754532,-0.083229735,0.013114232,0.0,0.0011253093,0.0,0.0,0.0067954427,0.028320093
152,-0.18067023,-0.20911916,-0.18692726,-0.024202697,0.0,0.0023516451,0.0,0.0,0.013933673,-0.028133
155,-0.06514166,0.031958643,0.44538525,0.04470997,0.0,0.0012700163,0.0,0.0,0.05978424,0.01453893
156,1.0626605,-0.2282666,-0.07095375,0.012856687,0.0,0.0011253093,0.0,0.0,0.006554013,-0.03593476
159,0.19520548,-0.23718916,-0.12405161,0.0155117735,0.0,0.0011253093,0.0,0.0,0.008110118,0.03163808
160,0.5130568,-0.21673365,-0.07805054,-0.008206176,0.0,0.0011253093,0.0,0.0,0.0072357766,-0.052549332
162,-0.4534754,0.046388406,-0.12589267,-0.010845354,0.0,0.004950299,0.0,0.0,0.0128058065,0.055475328
164,-0.08514702,-0.21863149,-0.15996443,-0.021836435,0.0,0.0011253094,0.0,0.0,0.010911798,0.033503346
167,-0.14645578,0.030891662,0.28973567,0.06497018,0.0,0.0012700163,0.0,0.0,-0.23989885,-0.02632278
170,-0.4866179,0.043732088,-0.07690504,-0.014341258,0.0,0.004950299,0.0,0.0,-0.048131928,-0.0659474
172,1.1230942,0.081158124,-0.050094098,0.008124134,0.0,0.0013138726,0.0,0.0,-0.025590748,0.02085584
176,-0.45828238,0.03549392,-0.079602145,0.014853718,0.0,0.004950299,0.0,0.0,-0.04335063,0.055608105
188,-0.04667241,0.065745324,-0.10692999,0.015259667,0.0,0.0013138728,0.0,0.0,-0.04025113,0.039017864
189,0.3020338,0.05803672,-0.099230774,0.008631731,0.0,0.0013138726,0.0,0.0,-0.03358216,-0.07105407
190,0.6729294,0.073693916,-0.06535781,0.0073696696,0.0,0.0013138726,0.0,0.0,0.006644698,0.020329671
193,0.60585344,-0.22826487,-0.07120606,0.012986923,0.0,0.0011253093,0.0,0.0,0.0065298723,0.021541271
196,-0.37851322,-0.13695538,-0.14532742,-0.019749885,0.0,0.003944542,0.0,0.0,0.0122387055,0.051944803
201,-0.18916681,0.07387281,-0.14249907,-0.015543341,0.0,0.003357402,0.0,0.0,0.014431792,0.02233675
205,-0.4534754,0.046388406,-0.12589267,-0.010845354,0.0,0.004950299,0.0,0.0,0.0128058065,0.055475328
206,-0.4534754,0.046388406,-0.12589267,-0.010845354,0.0,0.004950299,0.0,0.0,0.0128058065,0.055475328
208,-0.18067023,-0.20911916,-0.18692726,-0.024202697,0.0,0.0023516451,0.0,0.0,0.013933673,-0.028133
214,0.27661154,0.06943171,-0.07602226,-0.0130643165,0.0,0.0013138726,0.0,0.0,-0.035296652,0.035831034
221,-0.046103776,0.06587724,-0.15651286,0.013738396,0.0,0.0013138728,0.0,0.0,0.010224984,0.038945306
222,-0.4534754,0.046388406,-0.12589267,-0.010845354,0.0,0.004950299,0.0,0.0,0.0128058065,0.055475328
224,-0.04667241,0.065745324,-0.10692999,0.015259667,0.0,0.0013138728,0.0,0.0,-0.04025113,0.039017864
226,-0.42756528,0.026813569,0.3602708,-0.02894922,0.0,-0.013283086,0.0,0.0,0.061357565,0.024332784
228,-0.503783,0.024223074,0.22873658,0.040050086,0.0,0.0016873089,0.0,0.0,-0.18754055,0.02477461
229,-0.36875343,-0.108425885,-0.091175735,0.04301727,0.0,0.003944542,0.0,0.0,-0.04156188,0.052077577
230,-0.4534754,0.046388406,-0.12589267,-0.010845354,0.0,0.004950299,0.0,0.0,0.0128058065,0.055475328
233,0.27838436,0.04587486,0.43027171,0.044110242,0.0,0.00075796375,0.0,0.0,0.01756763,-0.054931868
235,-0.0564144,0.062572055,-0.1153013,0.015244667,0.0,0.0013138728,0.0,0.0,-0.040399678,-0.06652879
239,0.2665465,0.06956363,-0.09138437,-0.011816396,0.0,0.0013138726,0.0,0.0,0.008638107,0.035782985
242,-0.44747752,0.024146482,0.4051767,0.02175643,0.0,0.0016873089,0.0,0.0,0.051795937,-0.03365495
243,-0.14283365,0.06185958,-0.17188059,0.013889315,0.0,0.003357402,0.0,0.0,0.013350464,-0.03311698
245,0.2993227,0.060213104,-0.097022474,-0.008998308,0.0,0.0013138726,0.0,0.0,0.008616323,-0.06877579
247,-0.42278153,0.02736505,0.33996528,-0.02894922,0.0,0.0016873089,0.0,0.0,0.061357565,0.024332784
249,0.50153893,0.06588938,-0.079721645,0.00757976,0.0,0.0013138726,0.0,0.0,0.0072458335,0.029476078
250,-0.42278153,0.02736505,0.33996528,-0.02894922,0.0,0.0016873089,0.0,0.0,0.061357565,0.024332784
254,-0.37851322,-0.13695538,-0.14532742,-0.019749885,0.0,0.003944542,0.0,0.0,0.0122387055,0.051944803
255,0.30978894,0.061655365,-0.094080694,-0.01072802,0.0,0.0013138726,0.0,0.0,0.008592181,0.036523383
258,-0.42756528,0.026813569,0.3602708,-0.02894922,0.0,-0.013283086,0.0,0.0,0.061357565,0.024332784
260,-0.47985446,0.044391084,-0.14348748,-0.010869558,0.0,0.004950299,0.0,0.0,0.012874788,-0.06573683
263,0.51534164,0.06888348,0.19539177,-0.021751804,0.0,0.00075796375,0.0,0.0,0.01845536,0.019942716
266,-0.4104046,-0.12873685,-0.09477272,-0.023245791,0.0,0.003944542,0.0,0.0,-0.046343178,-0.06095897
267,-0.4045628,-0.13043374,-0.16125077,-0.019774089,0.0,0.003944542,0.0,0.0,0.012307685,-0.060748395
277,-0.20272139,0.032767396,0.20477314,-0.10618776,0.0,-0.010031402,0.0,0.0,-0.2796886,-0.028151128
279,-0.503783,0.024223074,0.22873658,0.040050086,0.0,0.0016873089,0.0,0.0,-0.18754055,0.02477461
281,-0.4556995,0.024718273,0.3595432,0.020773154,0.0,0.0016873089,0.0,0.0,0.05118875,0.023563927
286,0.6729294,0.073693916,-0.06535781,0.0073696696,0.0,0.0013138726,0.0,0.0,0.006644698,0.020329671
291,-0.49851292,0.041983157,-0.15214115,-0.010869558,0.0,-0.03897925,0.0,0.0,0.012874788,-0.06573683
292,-0.47985446,0.044391084,-0.14348748,-0.010869558,0.0,0.004950299,0.0,0.0,0.012874788,-0.06573683
298,-0.503783,0.024223074,0.22873658,0.040050086,0.0,0.0016873089,0.0,0.0,-0.18754055,0.02477461
300,-0.05590368,0.062703975,-0.16519737,0.013723396,0.0,0.0013138728,0.0,0.0,0.010262008,-0.06641576
301,-0.4104046,-0.12873685,-0.09477272,-0.023245791,0.0,0.003944542,0.0,0.0,-0.046343178,-0.06095897
302,0.29479772,0.04850334,0.41475412,0.04467596,0.0,0.00075796375,0.0,0.0,0.017461475,0.026922401
306,-0.06514166,0.031958643,0.44538525,0.04470997,0.0,0.0012700163,0.0,0.0,0.05978424,0.01453893
322,-0.046103776,0.06587724,-0.15651286,0.013738396,0.0,0.0013138728,0.0,0.0,0.010224984,0.038945306
325,1.0565045,-0.23190337,-0.06649454,-0.009657555,0.0,0.0011253093,0.0,0.0,0.006946065,0.021184182
331,0.6895057,0.057117585,-0.06535781,0.0073696696,0.0,0.0013138726,0.0,0.0,0.006644698,0.020329671
333,-0.44747752,0.024146482,0.4051767,0.02175643,0.0,0.0016873089,0.0,0.0,0.051795937,-0.03365495
334,-0.4534754,0.046388406,-0.12589267,-0.010845354,0.0,0.004950299,0.0,0.0,0.0128058065,0.055475328
342,-0.4045628,-0.13043374,-0.16125077,-0.019774089,0.0,0.003944542,0.0,0.0,0.012307685,-0.060748395
346,-0.42090288,0.026241783,0.40407202,-0.030563153,0.0,-0.013283086,0.0,0.0,0.06196475,-0.035483304
347,-0.42278153,0.02736505,0.33996528,-0.02894922,0.0,0.0016873089,0.0,0.0,0.061357565,0.024332784
350,-0.10110351,0.034385864,0.3807284,-0.07389221,0.0,0.0012700163,0.0,0.0,0.06995305,0.015307788
351,0.53002495,0.064568214,-0.07682209,0.0074969796,0.0,0.0013138726,0.0,0.0,0.006910268,0.030761365
354,-0.47985446,0.044391084,-0.14348748,-0.010869558,0.0,0.004950299,0.0,0.0,0.012874788,-0.06573683
355,1.0281752,-0.23495677,-0.07095375,0.012856687,0.0,0.0011253093,0.0,0.0,0.006554013,-0.03593476
356,0.29479772,0.04850334,0.41475412,0.04467596,0.0,0.00075796375,0.0,0.0,0.017461475,0.026922401
359,-0.2016435,-0.18972376,-0.20100272,0.041202128,0.0,0.0023516451,0.0,0.0,0.0127143795,0.018801456
363,-0.4534754,0.046388406,-0.12589267,-0.010845354,0.0,0.004950299,0.0,0.0,0.0128058065,0.055475328
365,0.4005203,0.04839543,0.3850957,0.048118718,0.0,0.00075796375,0.0,0.0,-0.06746185,0.027133616
368,-0.48849437,0.02686985,0.17771761,-0.05963083,0.0,0.0016873089,0.0,0.0,-0.22733028,0.025543468
369,-0.47985446,0.044391084,-0.14348748,-0.010869558,0.0,0.004950299,0.0,0.0,0.012874788,-0.06573683
372,-0.03870899,0.031386852,0.45694217,0.04569325,0.0,0.0012700163,0.0,0.0,0.06039143,-0.024469284
373,0.2338111,-0.24925862,-0.10694169,-0.01250805,0.0,0.0011253093,0.0,0.0,0.008477354,0.03205397
375,-0.14283365,0.06185958,-0.17188059,0.013889315,0.0,0.003357402,0.0,0.0,0.013350464,-0.03311698
377,-0.41611916,0.026793264,0.3837664,-0.030563153,0.0,0.0016873089,0.0,0.0,0.06196475,-0.035483304
381,0.715405,0.074581936,-0.06622661,0.0072740656,0.0,0.0013138726,0.0,0.0,0.006668839,-0.033246018
382,-0.14283365,0.06185958,-0.17188059,0.013889315,0.0,0.003357402,0.0,0.0,0.013350464,-0.03311698
387,0.68678993,0.073693916,-0.06535781,0.0073696696,0.0,0.0013138726,0.0,0.0,0.006644698,0.020329671
393,0.53002495,0.064568214,-0.07682209,0.0074969796,0.0,0.0013138726,0.0,0.0,0.006910268,0.030761365
399,-0.06514166,0.031958643,0.44538525,0.04470997,0.0,0.0012700163,0.0,0.0,0.05978424,0.01453893
403,0.21274684,-0.24254198,-0.10707645,-0.013596427,0.0,0.0011253093,0.0,0.0,0.008523281,0.031169321
404,0.29598904,0.07122533,-0.09238636,-0.01072802,0.0,0.0013138726,0.0,0.0,0.008592181,0.03577911
412,-0.026277535,0.034047432,0.37080616,-0.10373544,0.0,0.00075796375,0.0,0.0,0.051392116,-0.05074445
417,-0.38988858,-0.103601135,-0.16066697,0.04082148,0.0,0.003944542,0.0,0.0,0.011157375,-0.06074395
418,0.29269668,0.06918087,-0.10745649,0.009206316,0.0,0.0013138726,0.0,0.0,0.008175987,0.036667917
419,-0.4104046,-0.12873685,-0.09477272,-0.023245791,0.0,0.003944542,0.0,0.0,-0.046343178,-0.06095897
420,-0.45318377,0.036152914,-0.13251868,0.012672941,0.0,0.004950299,0.0,0.0,0.011655496,0.05547057
424,1.0324647,-0.22655055,-0.0700582,0.012952291,0.0,0.0011253093,0.0,0.0,0.0065298723,0.021241128
426,-0.18067023,-0.20911916,-0.18692726,-0.024202697,0.0,0.0023516451,0.0,0.0,0.013933673,-0.028133
430,-0.48402876,0.033496596,-0.09715198,0.01483872,0.0,0.004950299,0.0,0.0,-0.043629758,-0.06594296
432,0.5560098,0.0652626,-0.07217979,-0.0064261444,0.0,-0.0103547955,0.0,0.0,0.007350603,-0.058847804
433,-0.06458758,0.06759803,-0.13102242,-0.017458966,0.0,0.0013138728,0.0,0.0,0.011063648,-0.0664202
440,-0.2203745,-0.2156408,-0.18447068,-0.024178492,0.0,0.0023516451,0.0,0.0,0.013864691,0.018806215
442,-0.4556995,0.024718273,0.3595432,0.020773154,0.0,0.0016873089,0.0,0.0,0.05118875,0.023563927
444,-0.42278153,0.02736505,0.33996528,-0.02894922,0.0,0.0016873089,0.0,0.0,0.061357565,0.024332784
445,-0.41611916,0.026793264,0.3837664,-0.030563153,0.0,0.0016873089,0.0,0.0,0.06196475,-0.035483304
450,-0.18916681,0.07387281,-0.14249907,-0.015543341,0.0,0.003357402,0.0,0.0,0.014431792,0.02233675
452,-0.18916681,0.07387281,-0.14249907,-0.015543341,0.0,0.003357402,0.0,0.0,0.014431792,0.02233675
455,-0.45318377,0.036152914,-0.13251868,0.012672941,0.0,0.004950299,0.0,0.0,0.011655496,0.05547057
456,0.6895057,0.057117585,-0.06535781,0.0073696696,0.0,0.0013138726,0.0,0.0,0.006644698,0.020329671
459,-0.18067023,-0.20911916,-0.18692726,-0.024202697,0.0,0.0023516451,0.0,0.0,0.013933673,-0.028133
461,-0.050985113,0.06714618,-0.13250437,-0.017458966,0.0,-0.0103547955,0.0,0.0,0.011063648,-0.0664202
462,-0.08514702,-0.21863149,-0.15996443,-0.021836435,0.0,0.0011253094,0.0,0.0,0.010911798,0.033503346
466,0.44693667,-0.22359607,-0.08574738,0.013197012,0.0,0.0011253093,0.0,0.0,0.007131008,0.026282772
468,-0.38425025,-0.1352585,-0.07965015,-0.023221584,0.0,0.003944542,0.0,0.0,-0.04606405,0.052082337
470,0.29479772,0.04850334,0.41475412,0.04467596,0.0,0.00075796375,0.0,0.0,0.017461475,0.026922401
472,0.29479772,0.04850334,0.41475412,0.04467596,0.0,0.00075796375,0.0,0.0,0.017461475,0.026922401
477,-0.48402876,0.033496596,-0.09715198,0.01483872,0.0,0.004950299,0.0,0.0,-0.043629758,-0.06594296
480,0.30978894,0.061655365,-0.094080694,-0.01072802,0.0,0.0013138726,0.0,0.0,0.008592181,0.036523383
482,0.2936652,0.05816864,-0.11222152,0.007842635,0.0,0.0013138726,0.0,0.0,0.008200129,-0.070980385
483,0.7223162,0.07711651,-0.061134364,-0.0078230295,0.0,0.0013138726,0.0,0.0,0.0070850328,-0.033103213
487,0.30959156,0.0707735,-0.09386831,-0.01072802,0.0,-0.0103547955,0.0,0.0,0.008592181,0.03577911
488,-0.48402876,0.033496596,-0.09715198,0.01483872,0.0,0.004950299,0.0,0.0,-0.043629758,-0.06594296
490,-0.089991294,-0.20624596,-0.10856601,-0.024294924,0.0,0.0011253094,0.0,0.0,-0.043185487,-0.05677222
497,-0.47985446,0.044391084,-0.14348748,-0.010869558,0.0,0.004950299,0.0,0.0,0.012874788,-0.06573683
506,-0.06514166,0.031958643,0.44538525,0.04470997,0.0,0.0012700163,0.0,0.0,0.05978424,0.01453893
507,0.2576716,0.06464678,-0.11513898,0.009158531,0.0,0.0013138726,0.0,0.0,0.008249085,-0.066668466
515,-0.4104046,-0.12873685,-0.09477272,-0.023245791,0.0,0.003944542,0.0,0.0,-0.046343178,-0.06095897
519,-0.4556995,0.024718273,0.3595432,0.020773154,0.0,0.0016873089,0.0,0.0,0.05118875,0.023563927
522,-0.06458758,0.06759803,-0.13102242,-0.017458966,0.0,0.0013138728,0.0,0.0,0.011063648,-0.0664202
531,-0.49851292,0.041983157,-0.15214115,-0.010869558,0.0,-0.03897925,0.0,0.0,0.012874788,-0.06573683
538,1.0157887,0.09154335,-0.0641798,0.0073350375,0.0,0.0013138726,0.0,0.0,0.006644698,0.020807792
542,-0.4104046,-0.12873685,-0.09477272,-0.023245791,0.0,0.003944542,0.0,0.0,-0.046343178,-0.06095897
547,0.7044617,0.073561996,-0.051499624,0.008158766,0.0,0.0013138726,0.0,0.0,-0.025590748,0.02037772
548,-0.23590375,-0.21394394,-0.10457342,-0.02765019,0.0,0.0023516451,0.0,0.0,-0.054230176,0.018943753
558,-0.022820365,0.033862624,0.37426338,-0.10373544,0.0,-0.0059715733,0.0,0.0,0.051392116,-0.05074445
566,0.28852278,0.069072746,-0.09675201,-0.008998308,0.0,0.0013138726,0.0,0.0,0.008616323,-0.06652013
571,-0.4788255,0.034155592,-0.15086934,0.012657944,0.0,0.004950299,0.0,0.0,0.011724477,-0.06573239
578,0.26503065,0.06751916,-0.10959062,0.009894521,0.0,0.0013138726,0.0,0.0,0.008224944,0.036251742
579,-0.42278153,0.02736505,0.33996528,-0.02894922,0.0,0.0016873089,0.0,0.0,0.061357565,0.024332784
582,0.28286517,0.067028284,-0.11195107,0.007842635,0.0,0.0013138726,0.0,0.0,0.008200129,-0.06872471
584,-0.08514702,-0.21863149,-0.15996443,-0.021836435,0.0,0.0011253094,0.0,0.0,0.010911798,0.033503346
587,0.9022549,-0.25687313,-0.070285715,0.012952291,0.0,0.0011253093,0.0,0.0,0.0065298723,0.021241128
600,-0.08653011,-0.21828045,-0.10262193,-0.024270717,0.0,0.0011253094,0.0,0.0,-0.04303693,0.0335759
601,-0.4556995,0.024718273,0.3595432,0.020773154,0.0,0.0016873089,0.0,0.0,0.05118875,0.023563927
602,0.9022549,-0.25687313,-0.070285715,0.012952291,0.0,0.0011253093,0.0,0.0,0.0065298723,0.021241128
606,-0.37851322,-0.13695538,-0.14532742,-0.019749885,0.0,0.003944542,0.0,0.0,0.0122387055,0.051944803
607,-0.47985446,0.044391084,-0.14348748,-0.010869558,0.0,0.004950299,0.0,0.0,0.012874788,-0.06573683
609,-0.41611916,0.026793264,0.3837664,-0.030563153,0.0,0.0016873089,0.0,0.0,0.06196475,-0.035483304
610,-0.4534754,0.046388406,-0.12589267,-0.010845354,0.0,0.004950299,0.0,0.0,0.0128058065,0.055475328
611,-0.4045628,-0.13043374,-0.16125077,-0.019774089,0.0,0.003944542,0.0,0.0,0.012307685,-0.060748395
612,-0.10110351,0.034385864,0.3807284,-0.07389221,0.0,0.0012700163,0.0,0.0,0.06995305,0.015307788
617,-0.3645764,-0.11012276,-0.14398783,0.040836487,0.0,0.003944542,0.0,0.0,0.011088394,0.051940043
618,0.30094352,0.06904895,-0.09458746,0.009995413,0.0,0.0013138726,0.0,0.0,-0.033484552,0.036715966
620,0.37904972,0.058417678,0.2923669,0.020442637,0.0,0.00075796375,0.0,0.0,0.016784431,0.030838123
637,-0.4556995,0.024718273,0.3595432,0.020773154,0.0,0.0016873089,0.0,0.0,0.05118875,0.023563927
645,-0.503783,0.024223074,0.22873658,0.040050086,0.0,0.0016873089,0.0,0.0,-0.18754055,0.02477461
646,0.26004472,0.06669124,-0.09680379,-0.010966936,0.0,0.0013138726,0.0,0.0,0.008662249,-0.06555177
648,-0.503783,0.024223074,0.22873658,0.040050086,0.0,0.0016873089,0.0,0.0,-0.18754055,0.02477461
649,0.30649662,0.059610896,-0.10915083,0.009206316,0.0,0.0013138726,0.0,0.0,0.008175987,0.037412196
656,-0.4788255,0.034155592,-0.15086934,0.012657944,0.0,0.004950299,0.0,0.0,0.011724477,-0.06573239
663,-0.016102927,0.03579515,0.35001788,-0.10212152,0.0,0.00075796375,0.0,0.0,0.051138133,0.025908588
665,0.60585344,-0.22826487,-0.07120606,0.012986923,0.0,0.0011253093,0.0,0.0,0.0065298723,0.021541271
668,0.27303454,0.06738724,-0.09622955,0.010677729,0.0,0.0013138726,0.0,0.0,-0.03367868,0.036299795
669,-0.47985446,0.044391084,-0.14348748,-0.010869558,0.0,0.004950299,0.0,0.0,0.012874788,-0.06573683
674,-0.48299867,0.026298065,0.2196036,-0.061244756,0.0,0.0016873089,0.0,0.0,-0.22978729,-0.0373368
677,-0.42278153,0.02736505,0.33996528,-0.02894922,0.0,0.0016873089,0.0,0.0,0.061357565,0.024332784
679,-0.15782903,0.061200585,-0.10394307,0.01607009,0.0,0.003357402,0.0,0.0,-0.051795885,-0.033327546
682,0.26503065,0.06751916,-0.10959062,0.009894521,0.0,0.0013138726,0.0,0.0,0.008224944,0.036251742
685,0.26004472,0.06669124,-0.09680379,-0.010966936,0.0,0.0013138726,0.0,0.0,0.008662249,-0.06555177
692,-0.4788255,0.034155592,-0.15086934,0.012657944,0.0,0.004950299,0.0,0.0,0.011724477,-0.06573239
694,0.2936652,0.05816864,-0.11222152,0.007842635,0.0,0.0013138726,0.0,0.0,0.008200129,-0.070980385
695,1.0157887,0.09154335,-0.0641798,0.0073350375,0.0,0.0013138726,0.0,0.0,0.006644698,0.020807792
696,-0.149792,0.071875505,-0.14662717,-0.015567546,0.0,0.003357402,0.0,0.0,0.0145007735,-0.033121422
699,-0.08514702,-0.21863149,-0.15996443,-0.021836435,0.0,0.0011253094,0.0,0.0,0.010911798,0.033503346
701,-0.17172192,0.031463444,0.28009412,0.063986905,0.0,0.0012700163,0.0,0.0,-0.23744187,0.015749611
703,0.6734195,0.073203824,-0.06535781,0.0073696696,0.0,0.0013138726,0.0,0.0,0.006644698,0.020329671
706,1.0157887,0.09154335,-0.0641798,0.0073350375,0.0,0.0013138726,0.0,0.0,0.006644698,0.020807792
708,1.0324647,-0.22655055,-0.0700582,0.012952291,0.0,0.0011253093,0.0,0.0,0.0065298723,0.021241128
710,0.6481649,-0.23223162,-0.07178886,0.012891319,0.0,0.0011253093,0.0,0.0,0.006554013,-0.037379343
713,0.28286517,0.067028284,-0.11195107,0.007842635,0.0,0.0013138726,0.0,0.0,0.008200129,-0.06872471
714,0.23047516,-0.23909132,-0.1110213,-0.010778337,0.0,0.0011253093,0.0,0.0,0.008501496,-0.057925396
718,0.2665465,0.06956363,-0.09138437,-0.011816396,0.0,0.0013138726,0.0,0.0,0.008638107,0.035782985
719,-0.37851322,-0.13695538,-0.14532742,-0.019749885,0.0,0.003944542,0.0,0.0,0.0122387055,0.051944803
729,-0.4534754,0.046388406,-0.12589267,-0.010845354,0.0,0.004950299,0.0,0.0,0.0128058065,0.055475328
730,-0.37851322,-0.13695538,-0.14532742,-0.019749885,0.0,0.003944542,0.0,0.0,0.0122387055,0.051944803
733,-0.06514166,0.031958643,0.44538525,0.04470997,0.0,0.0012700163,0.0,0.0,0.05978424,0.01453893
737,-0.45318377,0.036152914,-0.13251868,0.012672941,0.0,0.004950299,0.0,0.0,0.011655496,0.05547057
740,0.6734195,0.073203824,-0.06535781,0.0073696696,0.0,0.0013138726,0.0,0.0,0.006644698,0.020329671
743,-0.4534754,0.046388406,-0.12589267,-0.010845354,0.0,0.004950299,0.0,0.0,0.0128058065,0.055475328
751,-0.18294589,0.063856915,-0.16699667,0.013904313,0.0,0.003357402,0.0,0.0,0.013281481,0.022331985
752,-0.2203745,-0.2156408,-0.18447068,-0.024178492,0.0,0.0023516451,0.0,0.0,0.013864691,0.018806215
761,0.68678993,0.073693916,-0.06535781,0.0073696696,0.0,0.0013138726,0.0,0.0,0.006644698,0.020329671
767,0.26503065,0.06751916,-0.10959062,0.009894521,0.0,0.0013138726,0.0,0.0,0.008224944,0.036251742
782,0.28286517,0.067028284,-0.11195107,0.007842635,0.0,0.0013138726,0.0,0.0,0.008200129,-0.06872471
787,0.1952648,-0.22445357,-0.12931398,0.014775784,0.0,0.0011253093,0.0,0.0,0.00813426,-0.055674143
790,0.7287754,0.07507203,-0.06622661,0.0072740656,0.0,0.0013138726,0.0,0.0,0.006668839,-0.033246018
791,-0.18294589,0.063856915,-0.16699667,0.013904313,0.0,0.003357402,0.0,0.0,0.013281481,0.022331985
797,0.6895057,0.057117585,-0.06535781,0.0073696696,0.0,0.0013138726,0.0,0.0,0.006644698,0.020329671
799,0.30649662,0.059610896,-0.10915083,0.009206316,0.0,0.0013138726,0.0,0.0,0.008175987,0.037412196
803,-0.05590368,0.062703975,-0.16519737,0.013723396,0.0,0.0013138728,0.0,0.0,0.010262008,-0.06641576
805,-0.46013403,0.045729414,-0.060110983,-0.014317054,0.0,0.004950299,0.0,0.0,-0.047852807,0.055612862
808,-0.3645764,-0.11012276,-0.14398783,0.040836487,0.0,0.003944542,0.0,0.0,0.011088394,0.051940043
810,-0.054050244,0.07077126,-0.123093665,-0.017434763,0.0,0.0013138728,0.0,0.0,0.011026625,0.038950063
813,-0.48299867,0.026298065,0.2196036,-0.061244756,0.0,0.0016873089,0.0,0.0,-0.22978729,-0.0373368
816,-0.41611916,0.026793264,0.3837664,-0.030563153,0.0,0.0016873089,0.0,0.0,0.06196475,-0.035483304
817,-0.4877823,0.025746586,0.23990911,-0.061244756,0.0,-0.013283086,0.0,0.0,-0.22978729,-0.0373368
820,0.2936652,0.05816864,-0.11222152,0.007842635,0.0,0.0013138726,0.0,0.0,0.008200129,-0.070980385
822,0.20879196,-0.23373853,-0.12498932,0.013459886,0.0,0.0011253093,0.0,0.0,0.008085303,-0.06012998
823,-0.026277535,0.034047432,0.37080616,-0.10373544,0.0,0.00075796375,0.0,0.0,0.051392116,-0.05074445
827,-0.45318377,0.036152914,-0.13251868,0.012672941,0.0,0.004950299,0.0,0.0,0.011655496,0.05547057
833,0.28286517,0.067028284,-0.11195107,0.007842635,0.0,0.0013138726,0.0,0.0,0.008200129,-0.06872471
834,0.27303454,0.06738724,-0.09622955,0.010677729,0.0,0.0013138726,0.0,0.0,-0.03367868,0.036299795
846,-0.016102927,0.03579515,0.35001788,-0.10212152,0.0,0.00075796375,0.0,0.0,0.051138133,0.025908588
847,0.057594307,0.032628074,0.47299865,0.06381429,0.0,0.00075796375,0.0,0.0,0.04509417,-0.048916098
849,-0.41956282,-0.123763844,-0.16772169,-0.019774089,0.0,-0.030907197,0.0,0.0,0.012307685,-0.060748395
851,-0.18166503,-0.20244925,-0.19039991,-0.024202697,0.0,-0.018494893,0.0,0.0,0.013933673,-0.028133
855,0.5089029,0.067933835,-0.072794974,-0.008282847,0.0,0.0013138726,0.0,0.0,0.007662027,0.028587269
856,-0.046103776,0.06587724,-0.15651286,0.013738396,0.0,0.0013138728,0.0,0.0,0.010224984,0.038945306
857,-0.45318377,0.036152914,-0.13251868,0.012672941,0.0,0.004950299,0.0,0.0,0.011655496,0.05547057
859,0.7149149,0.07507203,-0.06622661,0.0072740656,0.0,0.0013138726,0.0,0.0,0.006668839,-0.033246018
867,-0.22136924,-0.20897089,-0.18794331,-0.024178492,0.0,-0.018494893,0.0,0.0,0.013864691,0.018806215
872,0.3020338,0.05803672,-0.099230774,0.008631731,0.0,0.0013138726,0.0,0.0,-0.03358216,-0.07105407
874,-0.18294589,0.063856915,-0.16699667,0.013904313,0.0,0.003357402,0.0,0.0,0.013281481,0.022331985
879,0.2876113,-0.20161472,-0.11158499,-0.010778337,0.0,0.0011253093,0.0,0.0,0.008501496,-0.06276463
880,-0.18916681,0.07387281,-0.14249907,-0.015543341,0.0,0.003357402,0.0,0.0,0.014431792,0.02233675
882,-0.14283365,0.06185958,-0.17188059,0.013889315,0.0,0.003357402,0.0,0.0,0.013350464,-0.03311698
888,-0.45318377,0.036152914,-0.13251868,0.012672941,0.0,0.004950299,0.0,0.0,0.011655496,0.05547057
890,-0.06458758,0.06759803,-0.13102242,-0.017458966,0.0,0.0013138728,0.0,0.0,0.011063648,-0.0664202
892,0.28286517,0.067028284,-0.11195107,0.007842635,0.0,0.0013138726,0.0,0.0,0.008200129,-0.06872471
894,-0.45828238,0.03549392,-0.079602145,0.014853718,0.0,0.004950299,0.0,0.0,-0.04335063,0.055608105
895,0.30094352,0.06904895,-0.09458746,0.009995413,0.0,0.0013138726,0.0,0.0,-0.033484552,0.036715966
899,-0.46013403,0.045729414,-0.060110983,-0.014317054,0.0,0.004950299,0.0,0.0,-0.047852807,0.055612862
902,-0.08260815,-0.20551018,-0.18967074,0.027352054,0.0,0.0011253094,0.0,0.0,0.010110157,0.03349858
906,-0.45318377,0.036152914,-0.13251868,0.012672941,0.0,0.004950299,0.0,0.0,0.011655496,0.05547057
907,-0.046103776,0.06587724,-0.15651286,0.013738396,0.0,0.0013138728,0.0,0.0,0.010224984,0.038945306
910,0.53002495,0.064568214,-0.07682209,0.0074969796,0.0,0.0013138726,0.0,0.0,0.006910268,0.030761365
916,-0.149792,0.071875505,-0.14662717,-0.015567546,0.0,0.003357402,0.0,0.0,0.0145007735,-0.033121422
918,-0.17172192,0.031463444,0.28009412,0.063986905,0.0,0.0012700163,0.0,0.0,-0.23744187,0.015749611
919,-0.41956282,-0.123763844,-0.16772169,-0.019774089,0.0,-0.030907197,0.0,0.0,0.012307685,-0.060748395
923,0.52164996,0.066353194,-0.07263729,-0.006553134,0.0,0.0013138726,0.0,0.0,0.0076861684,-0.05349883
926,-0.45318377,0.036152914,-0.13251868,0.012672941,0.0,0.004950299,0.0,0.0,0.011655496,0.05547057
933,-0.06514166,0.031958643,0.44538525,0.04470997,0.0,0.0012700163,0.0,0.0,0.05978424,0.01453893
936,0.48214254,-0.21754532,-0.083229735,0.013114232,0.0,0.0011253093,0.0,0.0,0.0067954427,0.028972097
937,0.2665465,0.06956363,-0.09138437,-0.011816396,0.0,0.0013138726,0.0,0.0,0.008638107,0.035782985
938,-0.048335496,0.03568725,0.20659903,-0.121287815,0.0,0.00075796375,0.0,0.0,-0.20406951,0.026400948
939,-0.42756528,0.026813569,0.3602708,-0.02894922,0.0,-0.013283086,0.0,0.0,0.061357565,0.024332784
950,-0.4556995,0.024718273,0.3595432,0.020773154,0.0,0.0016873089,0.0,0.0,0.05118875,0.023563927
951,0.7149149,0.07507203,-0.06622661,0.0072740656,0.0,0.0013138726,0.0,0.0,0.006668839,-0.033246018
959,-0.14283365,0.06185958,-0.17188059,0.013889315,0.0,0.003357402,0.0,0.0,0.013350464,-0.03311698
961,0.49984407,-0.2203426,-0.0639564,-0.009590249,0.0,0.0011253093,0.0,0.0,-0.03011329,-0.046929974
962,-0.47985446,0.044391084,-0.14348748,-0.010869558,0.0,0.004950299,0.0,0.0,0.012874788,-0.06573683
964,0.7071775,0.056985665,-0.051499624,0.008158766,0.0,0.0013138726,0.0,0.0,-0.025590748,0.02037772
967,-0.4104046,-0.12873685,-0.09477272,-0.023245791,0.0,0.003944542,0.0,0.0,-0.046343178,-0.06095897
968,-0.42278153,0.02736505,0.33996528,-0.02894922,0.0,0.0016873089,0.0,0.0,0.061357565,0.024332784
969,-0.38425025,-0.1352585,-0.07965015,-0.023221584,0.0,0.003944542,0.0,0.0,-0.04606405,0.052082337
975,-0.3645764,-0.11012276,-0.14398783,0.040836487,0.0,0.003944542,0.0,0.0,0.011088394,0.051940043
977,-0.42756528,0.026813569,0.3602708,-0.02894922,0.0,-0.013283086,0.0,0.0,0.061357565,0.024332784
982,-0.42756528,0.026813569,0.3602708,-0.02894922,0.0,-0.013283086,0.0,0.0,0.061357565,0.024332784
986,0.68678993,0.073693916,-0.06535781,0.0073696696,0.0,0.0013138726,0.0,0.0,0.006644698,0.020329671
994,-0.47985446,0.044391084,-0.14348748,-0.010869558,0.0,0.004950299,0.0,0.0,0.012874788,-0.06573683
995,0.29269668,0.06918087,-0.10745649,0.009206316,0.0,0.0013138726,0.0,0.0,0.008175987,0.036667917
998,-0.49851292,0.041983157,-0.15214115,-0.010869558,0.0,-0.03897925,0.0,0.0,0.012874788,-0.06573683
1003,0.19520548,-0.23718916,-0.12405161,0.0155117735,0.0,0.0011253093,0.0,0.0,0.008110118,0.03163808
1004,0.27023154,0.06655932,-0.08131999,-0.012214855,0.0,0.0013138726,0.0,0.0,-0.03539426,-0.06562547
1008,-0.44747752,0.024146482,0.4051767,0.02175643,0.0,0.0016873089,0.0,0.0,0.051795937,-0.03365495
1013,0.506394,-0.22289814,-0.07795367,-0.0099358875,0.0,0.0011253093,0.0,0.0,0.0072116354,0.027431285
1014,-0.1978367,0.06319792,-0.09986002,0.01608509,0.0,0.003357402,0.0,0.0,-0.051516764,0.022469522
1023,-0.10110351,0.034385864,0.3807284,-0.07389221,0.0,0.0012700163,0.0,0.0,0.06995305,0.015307788
1024,-0.18294589,0.063856915,-0.16699667,0.013904313,0.0,0.003357402,0.0,0.0,0.013281481,0.022331985
1025,-0.4788255,0.034155592,-0.15086934,0.012657944,0.0,0.004950299,0.0,0.0,0.011724477,-0.06573239
1027,-0.14283365,0.06185958,-0.17188059,0.013889315,0.0,0.003357402,0.0,0.0,0.013350464,-0.03311698
1030,-0.44747752,0.024146482,0.4051767,0.02175643,0.0,0.0016873089,0.0,0.0,0.051795937,-0.03365495
1034,-0.4788255,0.034155592,-0.15086934,0.012657944,0.0,0.004950299,0.0,0.0,0.011724477,-0.06573239
1036,0.057594307,0.032628074,0.47299865,0.06381429,0.0,0.00075796375,0.0,0.0,0.04509417,-0.048916098
1042,0.5119207,0.06430874,-0.07969289,0.0062160776,0.0,0.0013138726,0.0,0.0,0.007269975,-0.055703413
1043,-0.05590368,0.062703975,-0.16519737,0.013723396,0.0,0.0013138728,0.0,0.0,0.010262008,-0.06641576
1049,-0.46013403,0.045729414,-0.060110983,-0.014317054,0.0,0.004950299,0.0,0.0,-0.047852807,0.055612862
1053,-0.06514166,0.031958643,0.44538525,0.04470997,0.0,0.0012700163,0.0,0.0,0.05978424,0.01453893
1056,0.21274684,-0.24254198,-0.10707645,-0.013596427,0.0,0.0011253093,0.0,0.0,0.008523281,0.031169321
1060,-0.08514702,-0.21863149,-0.15996443,-0.021836435,0.0,0.0011253094,0.0,0.0,0.010911798,0.033503346
1070,-0.47985446,0.044391084,-0.14348748,-0.010869558,0.0,0.004950299,0.0,0.0,0.012874788,-0.06573683
1072,-0.42278153,0.02736505,0.33996528,-0.02894922,0.0,0.0016873089,0.0,0.0,0.061357565,0.024332784
1074,-0.06458758,0.06759803,-0.13102242,-0.017458966,0.0,0.0013138728,0.0,0.0,0.011063648,-0.0664202
1078,-0.22136924,-0.20897089,-0.18794331,-0.024178492,0.0,-0.018494893,0.0,0.0,0.013864691,0.018806215
1080,-0.44747752,0.024146482,0.4051767,0.02175643,0.0,0.0016873089,0.0,0.0,0.051795937,-0.03365495
1084,-0.15444522,0.0694676,-0.15228252,-0.015567546,0.0,-0.026566949,0.0,0.0,0.0145007735,-0.033121422
1086,-0.054050244,0.07077126,-0.123093665,-0.017434763,0.0,0.0013138728,0.0,0.0,0.011026625,0.038950063
1093,-0.18294589,0.063856915,-0.16699667,0.013904313,0.0,0.003357402,0.0,0.0,0.013281481,0.022331985
1101,0.54240745,0.065714434,-0.070697814,-0.0064261444,0.0,0.0013138726,0.0,0.0,0.007350603,-0.058847804
1104,0.6577315,-0.23758446,-0.067927696,-0.009603061,0.0,0.0011253093,0.0,0.0,0.0069702063,-0.037236534
1106,0.28286517,0.067028284,-0.11195107,0.007842635,0.0,0.0013138726,0.0,0.0,0.008200129,-0.06872471
1107,-0.4788255,0.034155592,-0.15086934,0.012657944,0.0,0.004950299,0.0,0.0,0.011724477,-0.06573239
1108,-0.47985446,0.044391084,-0.14348748,-0.010869558,0.0,0.004950299,0.0,0.0,0.012874788,-0.06573683
1109,0.73591864,0.07666467,-0.062616326,-0.0078230295,0.0,-0.0103547955,0.0,0.0,0.0070850328,-0.033103213
1111,0.30701387,-0.20841654,-0.09402863,-0.013765129,0.0,0.0011253093,0.0,0.0,-0.034746427,0.033987533
1120,0.22178876,-0.24355477,-0.10792627,0.015612666,0.0,0.0011253093,0.0,0.0,-0.033116434,0.03299083
1122,-0.20160669,0.033318873,0.19180556,-0.10618776,0.0,0.0012700163,0.0,0.0,-0.2796886,-0.028151128
1124,-0.4534754,0.046388406,-0.12589267,-0.010845354,0.0,0.004950299,0.0,0.0,0.0128058065,0.055475328
1127,-0.4534754,0.046388406,-0.12589267,-0.010845354,0.0,0.004950299,0.0,0.0,0.0128058065,0.055475328
1128,0.37904972,0.058417678,0.2923669,0.020442637,0.0,0.00075796375,0.0,0.0,0.016784431,0.030838123
1129,0.50153893,0.06588938,-0.079721645,0.00757976,0.0,0.0013138726,0.0,0.0,0.0072458335,0.029476078
1130,0.6944313,0.052191928,-0.06535781,0.0073696696,0.0,0.0013138726,0.0,0.0,0.006644698,0.020329671
1131,-0.4556995,0.024718273,0.3595432,0.020773154,0.0,0.0016873089,0.0,0.0,0.05118875,0.023563927
1132,-0.4721338,0.043980483,-0.13454628,-0.010845354,0.0,-0.03897925,0.0,0.0,0.0128058065,0.055475328
1136,0.48279455,-0.21754532,-0.083229735,0.013114232,0.0,0.0011253093,0.0,0.0,0.0067954427,0.028320093
1138,0.5089029,0.067933835,-0.072794974,-0.008282847,0.0,0.0013138726,0.0,0.0,0.007662027,0.028587269
1139,-0.4556995,0.024718273,0.3595432,0.020773154,0.0,0.0016873089,0.0,0.0,0.05118875,0.023563927
1141,0.7149149,0.07507203,-0.06622661,0.0072740656,0.0,0.0013138726,0.0,0.0,0.006668839,-0.033246018
1142,-0.4045628,-0.13043374,-0.16125077,-0.019774089,0.0,0.003944542,0.0,0.0,0.012307685,-0.060748395
1144,0.529373,0.064568214,-0.07682209,0.0074969796,0.0,0.0013138726,0.0,0.0,0.006910268,0.03141337
1146,0.29598904,0.07122533,-0.09238636,-0.01072802,0.0,0.0013138726,0.0,0.0,0.008592181,0.03577911
1150,-0.45318377,0.036152914,-0.13251868,0.012672941,0.0,0.004950299,0.0,0.0,0.011655496,0.05547057
1151,-0.4967275,0.023651285,0.27245477,0.04103336,0.0,0.0016873089,0.0,0.0,-0.18999757,-0.035508446
1154,-0.37851322,-0.13695538,-0.14532742,-0.019749885,0.0,0.003944542,0.0,0.0,0.0122387055,0.051944803
1157,-0.1978367,0.06319792,-0.09986002,0.01608509,0.0,0.003357402,0.0,0.0,-0.051516764,0.022469522
1158,-0.47985446,0.044391084,-0.14348748,-0.010869558,0.0,0.004950299,0.0,0.0,0.012874788,-0.06573683
1159,0.6947197,0.07573839,-0.06039449,-0.007927184,0.0,0.0013138726,0.0,0.0,0.0070608915,0.02027272
1165,0.29479772,0.04850334,0.41475412,0.04467596,0.0,0.00075796375,0.0,0.0,0.017461475,0.026922401
1169,-0.046103776,0.06587724,-0.15651286,0.013738396,0.0,0.0013138728,0.0,0.0,0.010224984,0.038945306
1170,0.30094352,0.06904895,-0.09458746,0.009995413,0.0,0.0013138726,0.0,0.0,-0.033484552,0.036715966
1179,-0.03870899,0.031386852,0.45694217,0.04569325,0.0,0.0012700163,0.0,0.0,0.06039143,-0.024469284
1180,1.0157887,0.09154335,-0.0641798,0.0073350375,0.0,0.0013138726,0.0,0.0,0.006644698,0.020807792
1184,-0.45318377,0.036152914,-0.13251868,0.012672941,0.0,0.004950299,0.0,0.0,0.011655496,0.05547057
1185,0.7071775,0.056985665,-0.051499624,0.008158766,0.0,0.0013138726,0.0,0.0,-0.025590748,0.02037772
1190,0.29479772,0.04850334,0.41475412,0.04467596,0.0,0.00075796375,0.0,0.0,0.017461475,0.026922401
1191,-0.42278153,0.02736505,0.33996528,-0.02894922,0.0,0.0016873089,0.0,0.0,0.061357565,0.024332784
1192,-0.2203745,-0.2156408,-0.18447068,-0.024178492,0.0,0.0023516451,0.0,0.0,0.013864691,0.018806215
1193,-0.14645578,0.030891662,0.28973567,0.06497018,0.0,0.0012700163,0.0,0.0,-0.23989885,-0.02632278
1199,0.5460052,0.0644363,-0.063119,0.008286076,0.0,0.0013138726,0.0,0.0,-0.027016843,0.030809417
1201,-0.18916681,0.07387281,-0.14249907,-0.015543341,0.0,0.003357402,0.0,0.0,0.014431792,0.02233675
1203,-0.06514166,0.031958643,0.44538525,0.04470997,0.0,0.0012700163,0.0,0.0,0.05978424,0.01453893
1204,-0.149792,0.071875505,-0.14662717,-0.015567546,0.0,0.003357402,0.0,0.0,0.0145007735,-0.033121422
1206,0.6481649,-0.23223162,-0.07178886,0.012891319,0.0,0.0011253093,0.0,0.0,0.006554013,-0.037379343
1207,-0.18916681,0.07387281,-0.14249907,-0.015543341,0.0,0.003357402,0.0,0.0,0.014431792,0.02233675
1209,-0.1978367,0.06319792,-0.09986002,0.01608509,0.0,0.003357402,0.0,0.0,-0.051516764,0.022469522
1218,-0.2203745,-0.2156408,-0.18447068,-0.024178492,0.0,0.0023516451,0.0,0.0,0.013864691,0.018806215
1219,-0.08653011,-0.21828045,-0.10262193,-0.024270717,0.0,0.0011253094,0.0,0.0,-0.04303693,0.0335759
1224,0.28014895,0.06911179,-0.09286633,-0.011816396,0.0,-0.0103547955,0.0,0.0,0.008638107,0.035782985
1237,0.46052954,0.06963207,0.20408629,0.015048232,0.0,0.00075796375,0.0,0.0,0.016709372,-0.040608197
1238,0.2659205,0.04937679,0.34315386,-0.06684162,0.0,0.00075796375,0.0,0.0,0.019278247,0.026583962
1239,0.2226317,-0.24129204,-0.10824442,-0.013596427,0.0,-0.0088415565,0.0,0.0,0.008523281,0.031169321
1240,0.5089029,0.067933835,-0.072794974,-0.008282847,0.0,0.0013138726,0.0,0.0,0.007662027,0.028587269
1241,0.29269668,0.06918087,-0.10745649,0.009206316,0.0,0.0013138726,0.0,0.0,0.008175987,0.036667917
1245,-0.23590375,-0.21394394,-0.10457342,-0.02765019,0.0,0.0023516451,0.0,0.0,-0.054230176,0.018943753
1246,-0.06514166,0.031958643,0.44538525,0.04470997,0.0,0.0012700163,0.0,0.0,0.05978424,0.01453893
1254,-0.21561256,-0.1880269,-0.13397053,0.04338291,0.0,0.0023516451,0.0,0.0,-0.049728006,0.018938994
1255,-0.44747752,0.024146482,0.4051767,0.02175643,0.0,0.0016873089,0.0,0.0,0.051795937,-0.03365495
1256,-0.054050244,0.07077126,-0.123093665,-0.017434763,0.0,0.0013138728,0.0,0.0,0.011026625,0.038950063
1260,0.2993227,0.060213104,-0.097022474,-0.008998308,0.0,0.0013138726,0.0,0.0,0.008616323,-0.06877579
1264,0.53544956,0.06366998,-0.077333875,0.006133297,0.0,0.0013138726,0.0,0.0,0.0069344095,-0.05937531
1265,-0.47985446,0.044391084,-0.14348748,-0.010869558,0.0,0.004950299,0.0,0.0,0.012874788,-0.06573683
1271,-0.18067023,-0.20911916,-0.18692726,-0.024202697,0.0,0.0023516451,0.0,0.0,0.013933673,-0.028133
1272,-0.4534754,0.046388406,-0.12589267,-0.010845354,0.0,0.004950299,0.0,0.0,0.0128058065,0.055475328
1277,0.632444,-0.23196281,-0.06747382,-0.009707215,0.0,0.0011253093,0.0,0.0,0.006946065,0.02148432
1282,0.26503065,0.06751916,-0.10959062,0.009894521,0.0,0.0013138726,0.0,0.0,0.008224944,0.036251742
1283,-0.054050244,0.07077126,-0.123093665,-0.017434763,0.0,0.0013138728,0.0,0.0,0.011026625,0.038950063
1284,-0.4045628,-0.13043374,-0.16125077,-0.019774089,0.0,0.003944542,0.0,0.0,0.012307685,-0.060748395
1285,0.50153893,0.06588938,-0.079721645,0.00757976,0.0,0.0013138726,0.0,0.0,0.0072458335,0.029476078
1289,0.6944313,0.052191928,-0.06535781,0.0073696696,0.0,0.0013138726,0.0,0.0,0.006644698,0.020329671
1295,-0.37851322,-0.13695538,-0.14532742,-0.019749885,0.0,0.003944542,0.0,0.0,0.0122387055,0.051944803
1296,-0.19382003,0.071464896,-0.1481544,-0.015543341,0.0,-0.026566949,0.0,0.0,0.014431792,0.02233675
1297,0.29269668,0.06918087,-0.10745649,0.009206316,0.0,0.0013138726,0.0,0.0,0.008175987,0.036667917
1303,0.19520548,-0.23718916,-0.12405161,0.0155117735,0.0,0.0011253093,0.0,0.0,0.008110118,0.03163808
1315,-0.06458758,0.06759803,-0.13102242,-0.017458966,0.0,0.0013138728,0.0,0.0,0.011063648,-0.0664202
1316,-0.3645764,-0.11012276,-0.14398783,0.040836487,0.0,0.003944542,0.0,0.0,0.011088394,0.051940043
1320,1.0324647,-0.22655055,-0.0700582,0.012952291,0.0,0.0011253093,0.0,0.0,0.0065298723,0.021241128
1322,0.032768875,0.03426789,0.32635072,0.07478608,0.0,0.00075796375,0.0,0.0,-0.17924598,0.02563209
1323,-0.4788255,0.034155592,-0.15086934,0.012657944,0.0,0.004950299,0.0,0.0,0.011724477,-0.06573239
1324,-0.42278153,0.02736505,0.33996528,-0.02894922,0.0,0.0016873089,0.0,0.0,0.061357565,0.024332784
1332,-0.23590375,-0.21394394,-0.10457342,-0.02765019,0.0,0.0023516451,0.0,0.0,-0.054230176,0.018943753
1337,-0.503783,0.024223074,0.22873658,0.040050086,0.0,0.0016873089,0.0,0.0,-0.18754055,0.02477461
1341,-0.051359013,0.06701426,-0.07483395,-0.01989325,0.0,-0.0103547955,0.0,0.0,-0.043553606,-0.06653323
1347,-0.18294589,0.063856915,-0.16699667,0.013904313,0.0,0.003357402,0.0,0.0,0.013281481,0.022331985
1352,-0.48849437,0.02686985,0.17771761,-0.05963083,0.0,0.0016873089,0.0,0.0,-0.22733028,0.025543468
1354,-0.4045628,-0.13043374,-0.16125077,-0.019774089,0.0,0.003944542,0.0,0.0,0.012307685,-0.060748395
1355,-0.4534754,0.046388406,-0.12589267,-0.010845354,0.0,0.004950299,0.0,0.0,0.0128058065,0.055475328
1360,-0.42278153,0.02736505,0.33996528,-0.02894922,0.0,0.0016873089,0.0,0.0,0.061357565,0.024332784
1361,-0.4556995,0.024718273,0.3595432,0.020773154,0.0,0.0016873089,0.0,0.0,0.05118875,0.023563927
1362,-0.4045628,-0.13043374,-0.16125077,-0.019774089,0.0,0.003944542,0.0,0.0,0.012307685,-0.060748395
1366,-0.47985446,0.044391084,-0.14348748,-0.010869558,0.0,0.004950299,0.0,0.0,0.012874788,-0.06573683
1367,-0.45318377,0.036152914,-0.13251868,0.012672941,0.0,0.004950299,0.0,0.0,0.011655496,0.05547057
1371,0.50153893,0.06588938,-0.079721645,0.00757976,0.0,0.0013138726,0.0,0.0,0.0072458335,0.029476078
1375,0.6947197,0.07573839,-0.06039449,-0.007927184,0.0,0.0013138726,0.0,0.0,0.0070608915,0.02027272
1376,-0.45318377,0.036152914,-0.13251868,0.012672941,0.0,0.004950299,0.0,0.0,0.011655496,0.05547057
1381,-0.04667241,0.065745324,-0.10692999,0.015259667,0.0,0.0013138728,0.0,0.0,-0.04025113,0.039017864
1383,-0.18294589,0.063856915,-0.16699667,0.013904313,0.0,0.003357402,0.0,0.0,0.013281481,0.022331985
1384,-0.4104046,-0.12873685,-0.09477272,-0.023245791,0.0,0.003944542,0.0,0.0,-0.046343178,-0.06095897
1391,-0.088666074,-0.206597,-0.16622177,-0.02186064,0.0,0.0011253094,0.0,0.0,0.010948824,-0.056659188
1396,-0.41611916,0.026793264,0.3837664,-0.030563153,0.0,0.0016873089,0.0,0.0,0.06196475,-0.035483304
1405,1.1054219,0.081290044,-0.06395228,0.0073350375,0.0,0.0013138726,0.0,0.0,0.006644698,0.020807792
1406,-0.17172192,0.031463444,0.28009412,0.063986905,0.0,0.0012700163,0.0,0.0,-0.23744187,0.015749611
1410,-0.4045628,-0.13043374,-0.16125077,-0.019774089,0.0,0.003944542,0.0,0.0,0.012307685,-0.060748395
1411,-0.4788255,0.034155592,-0.15086934,0.012657944,0.0,0.004950299,0.0,0.0,0.011724477,-0.06573239
1413,0.5119207,0.06430874,-0.07969289,0.0062160776,0.0,0.0013138726,0.0,0.0,0.007269975,-0.055703413
1414,-0.41611916,0.026793264,0.3837664,-0.030563153,0.0,0.0016873089,0.0,0.0,0.06196475,-0.035483304
1415,-0.2203745,-0.2156408,-0.18447068,-0.024178492,0.0,0.0023516451,0.0,0.0,0.013864691,0.018806215
1416,1.0626605,-0.2282666,-0.07095375,0.012856687,0.0,0.0011253093,0.0,0.0,0.006554013,-0.03593476
1422,0.6813492,0.0752483,-0.06039449,-0.007927184,0.0,0.0013138726,0.0,0.0,0.0070608915,0.02027272
1425,-0.16120185,-0.1832021,-0.20421512,0.041187134,0.0,0.0023516451,0.0,0.0,0.012783361,-0.028128553
1440,-0.20561768,0.07321383,-0.06249729,-0.01901504,0.0,0.003357402,0.0,0.0,-0.056018934,0.022474287
1442,1.0565045,-0.23190337,-0.06649454,-0.009657555,0.0,0.0011253093,0.0,0.0,0.006946065,0.021184182
1445,0.30628216,0.07109341,-0.07747115,-0.011985098,0.0,0.0013138726,0.0,0.0,-0.035114545,0.03582716
1446,0.29479772,0.04850334,0.41475412,0.04467596,0.0,0.00075796375,0.0,0.0,0.017461475,0.026922401
1450,0.27838436,0.04587486,0.43027171,0.044110242,0.0,0.00075796375,0.0,0.0,0.01756763,-0.054931868
1451,-0.47985446,0.044391084,-0.14348748,-0.010869558,0.0,0.004950299,0.0,0.0,0.012874788,-0.06573683
1457,0.68678993,0.073693916,-0.06535781,0.0073696696,0.0,0.0013138726,0.0,0.0,0.006644698,0.020329671
1460,0.68678993,0.073693916,-0.06535781,0.0073696696,0.0,0.0013138726,0.0,0.0,0.006644698,0.020329671
1463,-0.37851322,-0.13695538,-0.14532742,-0.019749885,0.0,0.003944542,0.0,0.0,0.0122387055,0.051944803
1465,-0.3645764,-0.11012276,-0.14398783,0.040836487,0.0,0.003944542,0.0,0.0,0.011088394,0.051940043
1471,0.53002495,0.064568214,-0.07682209,0.0074969796,0.0,0.0013138726,0.0,0.0,0.006910268,0.030761365
1474,0.2338111,-0.24925862,-0.10694169,-0.01250805,0.0,0.0011253093,0.0,0.0,0.008477354,0.03205397
1479,-0.4788255,0.034155592,-0.15086934,0.012657944,0.0,0.004950299,0.0,0.0,0.011724477,-0.06573239
1489,-0.2203745,-0.2156408,-0.18447068,-0.024178492,0.0,0.0023516451,0.0,0.0,0.013864691,0.018806215
1491,-0.45318377,0.036152914,-0.13251868,0.012672941,0.0,0.004950299,0.0,0.0,0.011655496,0.05547057
1494,0.529373,0.064568214,-0.07682209,0.0074969796,0.0,0.0013138726,0.0,0.0,0.006910268,0.03141337
1496,-0.06514166,0.031958643,0.44538525,0.04470997,0.0,0.0012700163,0.0,0.0,0.05978424,0.01453893
1498,-0.016102927,0.03579515,0.35001788,-0.10212152,0.0,0.00075796375,0.0,0.0,0.051138133,0.025908588
1499,-0.44747752,0.024146482,0.4051767,0.02175643,0.0,0.0016873089,0.0,0.0,0.051795937,-0.03365495
1500,-0.4866179,0.043732088,-0.07690504,-0.014341258,0.0,0.004950299,0.0,0.0,-0.048131928,-0.0659474
1501,-0.45318377,0.036152914,-0.13251868,0.012672941,0.0,0.004950299,0.0,0.0,0.011655496,0.05547057
1507,0.26503065,0.06751916,-0.10959062,0.009894521,0.0,0.0013138726,0.0,0.0,0.008224944,0.036251742
1508,-0.0564144,0.062572055,-0.1153013,0.015244667,0.0,0.0013138728,0.0,0.0,-0.040399678,-0.06652879
1509,0.24315286,-0.2489076,-0.09204107,-0.013765129,0.0,0.0011253093,0.0,0.0,-0.034746427,0.032102015
1513,-0.38425025,-0.1352585,-0.07965015,-0.023221584,0.0,0.003944542,0.0,0.0,-0.04606405,0.052082337
1514,-0.4556995,0.024718273,0.3595432,0.020773154,0.0,0.0016873089,0.0,0.0,0.05118875,0.023563927
1524,-0.15444522,0.0694676,-0.15228252,-0.015567546,0.0,-0.026566949,0.0,0.0,0.0145007735,-0.033121422
1525,1.1134361,0.083334506,-0.059157547,-0.007877525,0.0,0.0013138726,0.0,0.0,0.0070608915,0.020750843
1528,0.4703264,-0.22894888,-0.080051795,-0.010062878,0.0,0.0011253093,0.0,0.0,0.0075472007,0.02539396
1529,-0.41611916,0.026793264,0.3837664,-0.030563153,0.0,0.0016873089,0.0,0.0,0.06196475,-0.035483304
1531,1.0324647,-0.22655055,-0.0700582,0.012952291,0.0,0.0011253093,0.0,0.0,0.0065298723,0.021241128
1532,0.6734195,0.073203824,-0.06535781,0.0073696696,0.0,0.0013138726,0.0,0.0,0.006644698,0.020329671
1533,0.68678993,0.073693916,-0.06535781,0.0073696696,0.0,0.0013138726,0.0,0.0,0.006644698,0.020329671
1534,-0.47985446,0.044391084,-0.14348748,-0.010869558,0.0,0.004950299,0.0,0.0,0.012874788,-0.06573683
1539,0.30649662,0.059610896,-0.10915083,0.009206316,0.0,0.0013138726,0.0,0.0,0.008175987,0.037412196
1540,-0.0766452,-0.21703051,-0.10378992,-0.024270717,0.0,-0.0088415565,0.0,0.0,-0.04303693,0.0335759
1541,-0.4045628,-0.13043374,-0.16125077,-0.019774089,0.0,0.003944542,0.0,0.0,0.012307685,-0.060748395
1544,-0.45318377,0.036152914,-0.13251868,0.012672941,0.0,0.004950299,0.0,0.0,0.011655496,0.05547057
1546,-0.046103776,0.06587724,-0.15651286,0.013738396,0.0,0.0013138728,0.0,0.0,0.010224984,0.038945306
1547,0.29479772,0.04850334,0.41475412,0.04467596,0.0,0.00075796375,0.0,0.0,0.017461475,0.026922401
1549,-0.48402876,0.033496596,-0.09715198,0.01483872,0.0,0.004950299,0.0,0.0,-0.043629758,-0.06594296
1550,0.53002495,0.064568214,-0.07682209,0.0074969796,0.0,0.0013138726,0.0,0.0,0.006910268,0.030761365
1551,-0.088666074,-0.206597,-0.16622177,-0.02186064,0.0,0.0011253094,0.0,0.0,0.010948824,-0.056659188
1554,0.057594307,0.032628074,0.47299865,0.06381429,0.0,0.00075796375,0.0,0.0,0.04509417,-0.048916098
1555,0.7337145,-0.18246585,-0.05782351,0.013680415,0.0,0.0011253093,0.0,0.0,-0.025320236,-0.037453037
1566,0.6729294,0.073693916,-0.06535781,0.0073696696,0.0,0.0013138726,0.0,0.0,0.006644698,0.020329671
1568,-0.4788255,0.034155592,-0.15086934,0.012657944,0.0,0.004950299,0.0,0.0,0.011724477,-0.06573239
1569,-0.44747752,0.024146482,0.4051767,0.02175643,0.0,0.0016873089,0.0,0.0,0.051795937,-0.03365495
1570,-0.47985446,0.044391084,-0.14348748,-0.010869558,0.0,0.004950299,0.0,0.0,0.012874788,-0.06573683
1571,0.7287754,0.07507203,-0.06622661,0.0072740656,0.0,0.0013138726,0.0,0.0,0.006668839,-0.033246018
1577,-0.4045628,-0.13043374,-0.16125077,-0.019774089,0.0,0.003944542,0.0,0.0,0.012307685,-0.060748395
1580,-0.10110351,0.034385864,0.3807284,-0.07389221,0.0,0.0012700163,0.0,0.0,0.06995305,0.015307788
1581,-0.4967275,0.023651285,0.27245477,0.04103336,0.0,0.0016873089,0.0,0.0,-0.18999757,-0.035508446
1582,-0.19382003,0.071464896,-0.1481544,-0.015543341,0.0,-0.026566949,0.0,0.0,0.014431792,0.02233675
1587,-0.4556995,0.024718273,0.3595432,0.020773154,0.0,0.0016873089,0.0,0.0,0.05118875,0.023563927
1590,0.64366955,-0.2336177,-0.06747382,-0.009707215,0.0,0.0011253093,0.0,0.0,0.006946065,0.02148432
1591,-0.18916681,0.07387281,-0.14249907,-0.015543341,0.0,0.003357402,0.0,0.0,0.014431792,0.02233675
1599,0.68085915,0.07573839,-0.06039449,-0.007927184,0.0,0.0013138726,0.0,0.0,0.0070608915,0.02027272
1601,-0.18294589,0.063856915,-0.16699667,0.013904313,0.0,0.003357402,0.0,0.0,0.013281481,0.022331985
1603,0.529373,0.064568214,-0.07682209,0.0074969796,0.0,0.0013138726,0.0,0.0,0.006910268,0.03141337
1607,0.057594307,0.032628074,0.47299865,0.06381429,0.0,0.00075796375,0.0,0.0,0.04509417,-0.048916098
1608,-0.4556995,0.024718273,0.3595432,0.020773154,0.0,0.0016873089,0.0,0.0,0.05118875,0.023563927
1614,0.6895057,0.057117585,-0.06535781,0.0073696696,0.0,0.0013138726,0.0,0.0,0.006644698,0.020329671
1615,0.6734195,0.073203824,-0.06535781,0.0073696696,0.0,0.0013138726,0.0,0.0,0.006644698,0.020329671
1621,-0.18916681,0.07387281,-0.14249907,-0.015543341,0.0,0.003357402,0.0,0.0,0.014431792,0.02233675
1622,-0.4866179,0.043732088,-0.07690504,-0.014341258,0.0,0.004950299,0.0,0.0,-0.048131928,-0.0659474
1623,0.27838436,0.04587486,0.43027171,0.044110242,0.0,0.00075796375,0.0,0.0,0.01756763,-0.054931868
1625,-0.47985446,0.044391084,-0.14348748,-0.010869558,0.0,0.004950299,0.0,0.0,0.012874788,-0.06573683
1630,-0.18294589,0.063856915,-0.16699667,0.013904313,0.0,0.003357402,0.0,0.0,0.013281481,0.022331985
1635,-0.41956282,-0.123763844,-0.16772169,-0.019774089,0.0,-0.030907197,0.0,0.0,0.012307685,-0.060748395
1637,0.529373,0.064568214,-0.07682209,0.0074969796,0.0,0.0013138726,0.0,0.0,0.006910268,0.03141337
1645,-0.4045628,-0.13043374,-0.16125077,-0.019774089,0.0,0.003944542,0.0,0.0,0.012307685,-0.060748395
1658,-0.45318377,0.036152914,-0.13251868,0.012672941,0.0,0.004950299,0.0,0.0,0.011655496,0.05547057
1660,-0.4534754,0.046388406,-0.12589267,-0.010845354,0.0,0.004950299,0.0,0.0,0.0128058065,0.055475328
1661,-0.10110351,0.034385864,0.3807284,-0.07389221,0.0,0.0012700163,0.0,0.0,0.06995305,0.015307788
1672,0.26592812,-0.1962619,-0.12555301,0.013459886,0.0,0.0011253093,0.0,0.0,0.008085303,-0.06496921
1673,-0.37851322,-0.13695538,-0.14532742,-0.019749885,0.0,0.003944542,0.0,0.0,0.0122387055,0.051944803
1674,-0.08514702,-0.21863149,-0.15996443,-0.021836435,0.0,0.0011253094,0.0,0.0,0.010911798,0.033503346
1675,-0.4045628,-0.13043374,-0.16125077,-0.019774089,0.0,0.003944542,0.0,0.0,0.012307685,-0.060748395
1676,0.21449311,-0.2439058,-0.1207807,0.014823569,0.0,0.0011253093,0.0,0.0,0.008061161,0.03294278
1677,-0.45828238,0.03549392,-0.079602145,0.014853718,0.0,0.004950299,0.0,0.0,-0.04335063,0.055608105
1679,-0.42278153,0.02736505,0.33996528,-0.02894922,0.0,0.0016873089,0.0,0.0,0.061357565,0.024332784
1682,-0.18294589,0.063856915,-0.16699667,0.013904313,0.0,0.003357402,0.0,0.0,0.013281481,0.022331985
1684,-0.06514166,0.031958643,0.44538525,0.04470997,0.0,0.0012700163,0.0,0.0,0.05978424,0.01453893
1687,-0.18067023,-0.20911916,-0.18692726,-0.024202697,0.0,0.0023516451,0.0,0.0,0.013933673,-0.028133
1699,-0.15782903,0.061200585,-0.10394307,0.01607009,0.0,0.003357402,0.0,0.0,-0.051795885,-0.033327546
1704,-0.2016435,-0.18972376,-0.20100272,0.041202128,0.0,0.0023516451,0.0,0.0,0.0127143795,0.018801456
1706,0.29123384,0.066896364,-0.098960325,0.008631731,0.0,0.0013138726,0.0,0.0,-0.03358216,-0.0687984
1709,-0.05590368,0.062703975,-0.16519737,0.013723396,0.0,0.0013138728,0.0,0.0,0.010262008,-0.06641576
1711,-0.45318377,0.036152914,-0.13251868,0.012672941,0.0,0.004950299,0.0,0.0,0.011655496,0.05547057
1715,-0.1978367,0.06319792,-0.09986002,0.01608509,0.0,0.003357402,0.0,0.0,-0.051516764,0.022469522
1730,-0.3645764,-0.11012276,-0.14398783,0.040836487,0.0,0.003944542,0.0,0.0,0.011088394,0.051940043
1731,-0.046103776,0.06587724,-0.15651286,0.013738396,0.0,0.0013138728,0.0,0.0,0.010224984,0.038945306
1734,-0.41611916,0.026793264,0.3837664,-0.030563153,0.0,0.0016873089,0.0,0.0,0.06196475,-0.035483304
1735,-0.45318377,0.036152914,-0.13251868,0.012672941,0.0,0.004950299,0.0,0.0,0.011655496,0.05547057
1737,-0.054050244,0.07077126,-0.123093665,-0.017434763,0.0,0.0013138728,0.0,0.0,0.011026625,0.038950063
1740,-0.05590368,0.062703975,-0.16519737,0.013723396,0.0,0.0013138728,0.0,0.0,0.010262008,-0.06641576
1741,-0.42756528,0.026813569,0.3602708,-0.02894922,0.0,-0.013283086,0.0,0.0,0.061357565,0.024332784
1760,-0.4534754,0.046388406,-0.12589267,-0.010845354,0.0,0.004950299,0.0,0.0,0.0128058065,0.055475328
1770,-0.48402876,0.033496596,-0.09715198,0.01483872,0.0,0.004950299,0.0,0.0,-0.043629758,-0.06594296
1771,-0.42278153,0.02736505,0.33996528,-0.02894922,0.0,0.0016873089,0.0,0.0,0.061357565,0.024332784
1773,0.29269668,0.06918087,-0.10745649,0.009206316,0.0,0.0013138726,0.0,0.0,0.008175987,0.036667917
1775,-0.42278153,0.02736505,0.33996528,-0.02894922,0.0,0.0016873089,0.0,0.0,0.061357565,0.024332784
1779,-0.4556995,0.024718273,0.3595432,0.020773154,0.0,0.0016873089,0.0,0.0,0.05118875,0.023563927
1780,0.29269668,0.06918087,-0.10745649,0.009206316,0.0,0.0013138726,0.0,0.0,0.008175987,0.036667917
1783,-0.42278153,0.02736505,0.33996528,-0.02894922,0.0,0.0016873089,0.0,0.0,0.061357565,0.024332784
1785,-0.48849437,0.02686985,0.17771761,-0.05963083,0.0,0.0016873089,0.0,0.0,-0.22733028,0.025543468
1786,-0.088666074,-0.206597,-0.16622177,-0.02186064,0.0,0.0011253094,0.0,0.0,0.010948824,-0.056659188
1793,-0.4045628,-0.13043374,-0.16125077,-0.019774089,0.0,0.003944542,0.0,0.0,0.012307685,-0.060748395
1795,-0.47985446,0.044391084,-0.14348748,-0.010869558,0.0,0.004950299,0.0,0.0,0.012874788,-0.06573683
1799,-0.18916681,0.07387281,-0.14249907,-0.015543341,0.0,0.003357402,0.0,0.0,0.014431792,0.02233675
1800,-0.054050244,0.07077126,-0.123093665,-0.017434763,0.0,0.0013138728,0.0,0.0,0.011026625,0.038950063
1801,0.22178876,-0.24355477,-0.10792627,0.015612666,0.0,0.0011253093,0.0,0.0,-0.033116434,0.03299083
1806,0.06620926,0.034375794,0.45037803,0.06283101,0.0,0.00075796375,0.0,0.0,0.04484019,0.025139729
1809,0.62980896,-0.2336177,-0.06747382,-0.009707215,0.0,0.0011253093,0.0,0.0,0.006946065,0.02148432
1810,-0.08514702,-0.21863149,-0.15996443,-0.021836435,0.0,0.0011253094,0.0,0.0,0.010911798,0.033503346
1818,-0.06514166,0.031958643,0.44538525,0.04470997,0.0,0.0012700163,0.0,0.0,0.05978424,0.01453893
1820,-0.06514166,0.031958643,0.44538525,0.04470997,0.0,0.0012700163,0.0,0.0,0.05978424,0.01453893
1830,0.6944313,0.052191928,-0.06535781,0.0073696696,0.0,0.0013138726,0.0,0.0,0.006644698,0.020329671
1836,-0.49851292,0.041983157,-0.15214115,-0.010869558,0.0,-0.03897925,0.0,0.0,0.012874788,-0.06573683
1839,-0.48402876,0.033496596,-0.09715198,0.01483872,0.0,0.004950299,0.0,0.0,-0.043629758,-0.06594296
1850,-0.46013403,0.045729414,-0.060110983,-0.014317054,0.0,0.004950299,0.0,0.0,-0.047852807,0.055612862
1851,-0.42278153,0.02736505,0.33996528,-0.02894922,0.0,0.0016873089,0.0,0.0,0.061357565,0.024332784
1853,0.28286517,0.067028284,-0.11195107,0.007842635,0.0,0.0013138726,0.0,0.0,0.008200129,-0.06872471
1855,0.29269668,0.06918087,-0.10745649,0.009206316,0.0,0.0013138726,0.0,0.0,0.008175987,0.036667917
1858,-0.2016435,-0.18972376,-0.20100272,0.041202128,0.0,0.0023516451,0.0,0.0,0.0127143795,0.018801456
1859,0.2665465,0.06956363,-0.09138437,-0.011816396,0.0,0.0013138726,0.0,0.0,0.008638107,0.035782985
1860,-0.5052763,0.04132416,-0.08555861,-0.014341258,0.0,-0.03897925,0.0,0.0,-0.048131928,-0.0659474
1863,-0.37851322,-0.13695538,-0.14532742,-0.019749885,0.0,0.003944542,0.0,0.0,0.0122387055,0.051944803
1865,0.06620926,0.034375794,0.45037803,0.06283101,0.0,0.00075796375,0.0,0.0,0.04484019,0.025139729
1869,0.5453532,0.0644363,-0.063119,0.008286076,0.0,0.0013138726,0.0,0.0,-0.027016843,0.031461418
1874,-0.45318377,0.036152914,-0.13251868,0.012672941,0.0,0.004950299,0.0,0.0,0.011655496,0.05547057
1892,0.74656904,0.07494011,-0.05224666,0.008063162,0.0,0.0013138726,0.0,0.0,-0.025688354,-0.033319715
1893,-0.4045628,-0.13043374,-0.16125077,-0.019774089,0.0,0.003944542,0.0,0.0,0.012307685,-0.060748395
1894,0.68678993,0.073693916,-0.06535781,0.0073696696,0.0,0.0013138726,0.0,0.0,0.006644698,0.020329671
1895,0.2659205,0.04937679,0.34315386,-0.06684162,0.0,0.00075796375,0.0,0.0,0.019278247,0.026583962
1897,-0.38988858,-0.103601135,-0.16066697,0.04082148,0.0,0.003944542,0.0,0.0,0.011157375,-0.06074395
1898,0.29479772,0.04850334,0.41475412,0.04467596,0.0,0.00075796375,0.0,0.0,0.017461475,0.026922401
1900,0.1952648,-0.22445357,-0.12931398,0.014775784,0.0,0.0011253093,0.0,0.0,0.00813426,-0.055674143
1901,0.30649662,0.059610896,-0.10915083,0.009206316,0.0,0.0013138726,0.0,0.0,0.008175987,0.037412196
1902,-0.08260815,-0.20551018,-0.18967074,0.027352054,0.0,0.0011253094,0.0,0.0,0.010110157,0.03349858
1905,-0.48849437,0.02686985,0.17771761,-0.05963083,0.0,0.0016873089,0.0,0.0,-0.22733028,0.025543468
1906,-0.44747752,0.024146482,0.4051767,0.02175643,0.0,0.0016873089,0.0,0.0,0.051795937,-0.03365495
1907,-0.2016435,-0.18972376,-0.20100272,0.041202128,0.0,0.0023516451,0.0,0.0,0.0127143795,0.018801456
1921,-0.4556995,0.024718273,0.3595432,0.020773154,0.0,0.0016873089,0.0,0.0,0.05118875,0.023563927
1929,-0.149792,0.071875505,-0.14662717,-0.015567546,0.0,0.003357402,0.0,0.0,0.0145007735,-0.033121422
1933,0.68678993,0.073693916,-0.06535781,0.0073696696,0.0,0.0013138726,0.0,0.0,0.006644698,0.020329671
1935,-0.03870899,0.031386852,0.45694217,0.04569325,0.0,0.0012700163,0.0,0.0,0.06039143,-0.024469284
1939,-0.149792,0.071875505,-0.14662717,-0.015567546,0.0,0.003357402,0.0,0.0,0.0145007735,-0.033121422
1943,-0.06514166,0.031958643,0.44538525,0.04470997,0.0,0.0012700163,0.0,0.0,0.05978424,0.01453893
1946,-0.16120185,-0.1832021,-0.20421512,0.041187134,0.0,0.0023516451,0.0,0.0,0.012783361,-0.028128553
1957,0.7071775,0.056985665,-0.051499624,0.008158766,0.0,0.0013138726,0.0,0.0,-0.025590748,0.02037772
1959,0.37904972,0.058417678,0.2923669,0.020442637,0.0,0.00075796375,0.0,0.0,0.016784431,0.030838123
1965,0.30649662,0.059610896,-0.10915083,0.009206316,0.0,0.0013138726,0.0,0.0,0.008175987,0.037412196
1971,-0.503783,0.024223074,0.22873658,0.040050086,0.0,0.0016873089,0.0,0.0,-0.18754055,0.02477461
1975,-0.054050244,0.07077126,-0.123093665,-0.017434763,0.0,0.0013138728,0.0,0.0,0.011026625,0.038950063
1977,-0.06514166,0.031958643,0.44538525,0.04470997,0.0,0.0012700163,0.0,0.0,0.05978424,0.01453893
1981,0.30628216,0.07109341,-0.07747115,-0.011985098,0.0,0.0013138726,0.0,0.0,-0.035114545,0.03582716
1982,-0.06514166,0.031958643,0.44538525,0.04470997,0.0,0.0012700163,0.0,0.0,0.05978424,0.01453893
1983,-0.42756528,0.026813569,0.3602708,-0.02894922,0.0,-0.013283086,0.0,0.0,0.061357565,0.024332784
1986,-0.06514166,0.031958643,0.44538525,0.04470997,0.0,0.0012700163,0.0,0.0,0.05978424,0.01453893
1989,-0.4721338,0.043980483,-0.13454628,-0.010845354,0.0,-0.03897925,0.0,0.0,0.0128058065,0.055475328
1991,0.9022549,-0.25687313,-0.070285715,0.012952291,0.0,0.0011253093,0.0,0.0,0.0065298723,0.021241128
1992,0.53002495,0.064568214,-0.07682209,0.0074969796,0.0,0.0013138726,0.0,0.0,0.006910268,0.030761365
1996,-0.18294589,0.063856915,-0.16699667,0.013904313,0.0,0.003357402,0.0,0.0,0.013281481,0.022331985
1998,0.2338111,-0.24925862,-0.10694169,-0.01250805,0.0,0.0011253093,0.0,0.0,0.008477354,0.03205397
2000,-0.5052763,0.04132416,-0.08555861,-0.014341258,0.0,-0.03897925,0.0,0.0,-0.048131928,-0.0659474
2002,-0.18067023,-0.20911916,-0.18692726,-0.024202697,0.0,0.0023516451,0.0,0.0,0.013933673,-0.028133
2007,0.25168872,0.046748314,0.35835886,-0.066263326,0.0,0.00075796375,0.0,0.0,0.019384403,-0.054126292
2008,-0.18294589,0.063856915,-0.16699667,0.013904313,0.0,0.003357402,0.0,0.0,0.013281481,0.022331985
2010,0.74656904,0.07494011,-0.05224666,0.008063162,0.0,0.0013138726,0.0,0.0,-0.025688354,-0.033319715
2011,0.7287754,0.07507203,-0.06622661,0.0072740656,0.0,0.0013138726,0.0,0.0,0.006668839,-0.033246018
2012,0.50153893,0.06588938,-0.079721645,0.00757976,0.0,0.0013138726,0.0,0.0,0.0072458335,0.029476078
2014,0.64366955,-0.2336177,-0.06747382,-0.009707215,0.0,0.0011253093,0.0,0.0,0.006946065,0.02148432
2017,0.28286517,0.067028284,-0.11195107,0.007842635,0.0,0.0013138726,0.0,0.0,0.008200129,-0.06872471
2019,-0.4104046,-0.12873685,-0.09477272,-0.023245791,0.0,0.003944542,0.0,0.0,-0.046343178,-0.06095897
2023,1.0641809,0.09439337,-0.0604377,-0.00777337,0.0,0.0013138726,0.0,0.0,0.0070850328,-0.033703774
2025,-0.4556995,0.024718273,0.3595432,0.020773154,0.0,0.0016873089,0.0,0.0,0.05118875,0.023563927
2026,-0.37851322,-0.13695538,-0.14532742,-0.019749885,0.0,0.003944542,0.0,0.0,0.0122387055,0.051944803
2028,-0.4534754,0.046388406,-0.12589267,-0.010845354,0.0,0.004950299,0.0,0.0,0.0128058065,0.055475328
2029,0.4971717,-0.21719427,-0.06954122,0.013903329,0.0,0.0011253093,0.0,0.0,-0.026648726,0.02902015
2031,-0.47985446,0.044391084,-0.14348748,-0.010869558,0.0,0.004950299,0.0,0.0,0.012874788,-0.06573683
2033,-0.06514166,0.031958643,0.44538525,0.04470997,0.0,0.0012700163,0.0,0.0,0.05978424,0.01453893
2035,0.68085915,0.07573839,-0.06039449,-0.007927184,0.0,0.0013138726,0.0,0.0,0.0070608915,0.02027272
2036,-0.4556995,0.024718273,0.3595432,0.020773154,0.0,0.0016873089,0.0,0.0,0.05118875,0.023563927
2038,0.29269668,0.06918087,-0.10745649,0.009206316,0.0,0.0013138726,0.0,0.0,0.008175987,0.036667917
2040,-0.45318377,0.036152914,-0.13251868,0.012672941,0.0,0.004950299,0.0,0.0,0.011655496,0.05547057
2041,-0.2016435,-0.18972376,-0.20100272,0.041202128,0.0,0.0023516451,0.0,0.0,0.0127143795,0.018801456
2042,-0.44747752,0.024146482,0.4051767,0.02175643,0.0,0.0016873089,0.0,0.0,0.051795937,-0.03365495
2043,-0.48402876,0.033496596,-0.09715198,0.01483872,0.0,0.004950299,0.0,0.0,-0.043629758,-0.06594296
2045,-0.08514702,-0.21863149,-0.15996443,-0.021836435,0.0,0.0011253094,0.0,0.0,0.010911798,0.033503346
2046,0.9022549,-0.25687313,-0.070285715,0.012952291,0.0,0.0011253093,0.0,0.0,0.0065298723,0.021241128
2048,0.53002495,0.064568214,-0.07682209,0.0074969796,0.0,0.0013138726,0.0,0.0,0.006910268,0.030761365
2050,-0.14283365,0.06185958,-0.17188059,0.013889315,0.0,0.003357402,0.0,0.0,0.013350464,-0.03311698
2054,0.68678993,0.073693916,-0.06535781,0.0073696696,0.0,0.0013138726,0.0,0.0,0.006644698,0.020329671
2055,-0.2016435,-0.18972376,-0.20100272,0.041202128,0.0,0.0023516451,0.0,0.0,0.0127143795,0.018801456
2056,-0.18916681,0.07387281,-0.14249907,-0.015543341,0.0,0.003357402,0.0,0.0,0.014431792,0.02233675
2058,0.4978237,-0.21719427,-0.06954122,0.013903329,0.0,0.0011253093,0.0,0.0,-0.026648726,0.028368145
2059,0.30649662,0.059610896,-0.10915083,0.009206316,0.0,0.0013138726,0.0,0.0,0.008175987,0.037412196
2060,0.60848844,-0.22660999,-0.07120606,0.012986923,0.0,0.0011253093,0.0,0.0,0.0065298723,0.021541271
2063,-0.44747752,0.024146482,0.4051767,0.02175643,0.0,0.0016873089,0.0,0.0,0.051795937,-0.03365495
2066,-0.37851322,-0.13695538,-0.14532742,-0.019749885,0.0,0.003944542,0.0,0.0,0.0122387055,0.051944803
2068,-0.06514166,0.031958643,0.44538525,0.04470997,0.0,0.0012700163,0.0,0.0,0.05978424,0.01453893
2080,-0.23590375,-0.21394394,-0.10457342,-0.02765019,0.0,0.0023516451,0.0,0.0,-0.054230176,0.018943753
2082,0.3267309,0.051331494,0.42115563,0.03970339,0.0,0.00075796375,0.0,0.0,0.01706003,0.02925148
2085,-0.45318377,0.036152914,-0.13251868,0.012672941,0.0,0.004950299,0.0,0.0,0.011655496,0.05547057
2086,-0.42756528,0.026813569,0.3602708,-0.02894922,0.0,-0.013283086,0.0,0.0,0.061357565,0.024332784
2087,-0.14283365,0.06185958,-0.17188059,0.013889315,0.0,0.003357402,0.0,0.0,0.013350464,-0.03311698
2094,-0.16120185,-0.1832021,-0.20421512,0.041187134,0.0,0.0023516451,0.0,0.0,0.012783361,-0.028128553
2098,1.0566953,0.092348896,-0.06536136,0.0072394335,0.0,0.0013138726,0.0,0.0,0.006668839,-0.03384658
2103,0.529373,0.064568214,-0.07682209,0.0074969796,0.0,0.0013138726,0.0,0.0,0.006910268,0.03141337
2104,1.0157887,0.09154335,-0.0641798,0.0073350375,0.0,0.0013138726,0.0,0.0,0.006644698,0.020807792
2109,0.30649662,0.059610896,-0.10915083,0.009206316,0.0,0.0013138726,0.0,0.0,0.008175987,0.037412196
2111,-0.42090288,0.026241783,0.40407202,-0.030563153,0.0,-0.013283086,0.0,0.0,0.06196475,-0.035483304
2122,-0.4534754,0.046388406,-0.12589267,-0.010845354,0.0,0.004950299,0.0,0.0,0.0128058065,0.055475328
2129,-0.4045628,-0.13043374,-0.16125077,-0.019774089,0.0,0.003944542,0.0,0.0,0.012307685,-0.060748395
2135,-0.08260815,-0.20551018,-0.18967074,0.027352054,0.0,0.0011253094,0.0,0.0,0.010110157,0.03349858
2140,-0.03870899,0.031386852,0.45694217,0.04569325,0.0,0.0012700163,0.0,0.0,0.06039143,-0.024469284
2142,-0.08412806,-0.20515917,-0.14010254,0.028873328,0.0,0.0011253094,0.0,0.0,-0.03988301,0.033571135
2143,-0.05590368,0.062703975,-0.16519737,0.013723396,0.0,0.0013138728,0.0,0.0,0.010262008,-0.06641576
2144,-0.48402876,0.033496596,-0.09715198,0.01483872,0.0,0.004950299,0.0,0.0,-0.043629758,-0.06594296
2145,-0.42278153,0.02736505,0.33996528,-0.02894922,0.0,0.0016873089,0.0,0.0,0.061357565,0.024332784
2147,-0.37851322,-0.13695538,-0.14532742,-0.019749885,0.0,0.003944542,0.0,0.0,0.0122387055,0.051944803
2148,-0.16120185,-0.1832021,-0.20421512,0.041187134,0.0,0.0023516451,0.0,0.0,0.012783361,-0.028128553
2150,0.30649662,0.059610896,-0.10915083,0.009206316,0.0,0.0013138726,0.0,0.0,0.008175987,0.037412196
2155,0.30649662,0.059610896,-0.10915083,0.009206316,0.0,0.0013138726,0.0,0.0,0.008175987,0.037412196
2159,-0.45828238,0.03549392,-0.079602145,0.014853718,0.0,0.004950299,0.0,0.0,-0.04335063,0.055608105
2164,-0.47985446,0.044391084,-0.14348748,-0.010869558,0.0,0.004950299,0.0,0.0,0.012874788,-0.06573683
2173,0.68678993,0.073693916,-0.06535781,0.0073696696,0.0,0.0013138726,0.0,0.0,0.006644698,0.020329671
2176,-0.088666074,-0.206597,-0.16622177,-0.02186064,0.0,0.0011253094,0.0,0.0,0.010948824,-0.056659188
2178,-0.503783,0.024223074,0.22873658,0.040050086,0.0,0.0016873089,0.0,0.0,-0.18754055,0.02477461
2179,0.38508546,0.05776958,0.25431693,-0.028513273,0.0,-0.0059715733,0.0,0.0,0.01874273,-0.06604612
2181,0.6729294,0.073693916,-0.06535781,0.0073696696,0.0,0.0013138726,0.0,0.0,0.006644698,0.020329671
2184,0.6734195,0.073203824,-0.06535781,0.0073696696,0.0,0.0013138726,0.0,0.0,0.006644698,0.020329671
2185,-0.39351314,-0.13028547,-0.1517983,-0.019749885,0.0,-0.030907197,0.0,0.0,0.0122387055,0.051944803
2189,-0.4556995,0.024718273,0.3595432,0.020773154,0.0,0.0016873089,0.0,0.0,0.05118875,0.023563927
2190,0.53002495,0.064568214,-0.07682209,0.0074969796,0.0,0.0013138726,0.0,0.0,0.006910268,0.030761365
2194,-0.4556995,0.024718273,0.3595432,0.020773154,0.0,0.0016873089,0.0,0.0,0.05118875,0.023563927
2196,-0.088666074,-0.206597,-0.16622177,-0.02186064,0.0,0.0011253094,0.0,0.0,0.010948824,-0.056659188
2201,0.2665465,0.06956363,-0.09138437,-0.011816396,0.0,0.0013138726,0.0,0.0,0.008638107,0.035782985
2210,-0.47985446,0.044391084,-0.14348748,-0.010869558,0.0,0.004950299,0.0,0.0,0.012874788,-0.06573683
2212,-0.45318377,0.036152914,-0.13251868,0.012672941,0.0,0.004950299,0.0,0.0,0.011655496,0.05547057
2214,-0.2203745,-0.2156408,-0.18447068,-0.024178492,0.0,0.0023516451,0.0,0.0,0.013864691,0.018806215
2218,0.52164996,0.066353194,-0.07263729,-0.006553134,0.0,0.0013138726,0.0,0.0,0.0076861684,-0.05349883
2219,-0.08653011,-0.21828045,-0.10262193,-0.024270717,0.0,0.0011253094,0.0,0.0,-0.04303693,0.0335759
2220,0.529373,0.064568214,-0.07682209,0.0074969796,0.0,0.0013138726,0.0,0.0,0.006910268,0.03141337
2232,-0.49851292,0.041983157,-0.15214115,-0.010869558,0.0,-0.03897925,0.0,0.0,0.012874788,-0.06573683
2236,-0.45318377,0.036152914,-0.13251868,0.012672941,0.0,0.004950299,0.0,0.0,0.011655496,0.05547057
2237,-0.08260815,-0.20551018,-0.18967074,0.027352054,0.0,0.0011253094,0.0,0.0,0.010110157,0.03349858
2243,-0.1978367,0.06319792,-0.09986002,0.01608509,0.0,0.003357402,0.0,0.0,-0.051516764,0.022469522
2249,0.54240745,0.065714434,-0.070697814,-0.0064261444,0.0,0.0013138726,0.0,0.0,0.007350603,-0.058847804
2254,-0.4866179,0.043732088,-0.07690504,-0.014341258,0.0,0.004950299,0.0,0.0,-0.048131928,-0.0659474
2255,0.56857574,0.066028915,-0.05604764,-0.009412935,0.0,-0.0103547955,0.0,0.0,-0.028646829,0.030572606
2256,-0.48402876,0.033496596,-0.09715198,0.01483872,0.0,0.004950299,0.0,0.0,-0.043629758,-0.06594296
2261,0.26503065,0.06751916,-0.10959062,0.009894521,0.0,0.0013138726,0.0,0.0,0.008224944,0.036251742
2265,-0.18294589,0.063856915,-0.16699667,0.013904313,0.0,0.003357402,0.0,0.0,0.013281481,0.022331985
2275,0.29598904,0.07122533,-0.09238636,-0.01072802,0.0,0.0013138726,0.0,0.0,0.008592181,0.03577911
2278,0.26004472,0.06669124,-0.09680379,-0.010966936,0.0,0.0013138726,0.0,0.0,0.008662249,-0.06555177
2280,0.2659205,0.04937679,0.34315386,-0.06684162,0.0,0.00075796375,0.0,0.0,0.019278247,0.026583962
2282,-0.45318377,0.036152914,-0.13251868,0.012672941,0.0,0.004950299,0.0,0.0,0.011655496,0.05547057
2285,0.50153893,0.06588938,-0.079721645,0.00757976,0.0,0.0013138726,0.0,0.0,0.0072458335,0.029476078
2288,-0.18916681,0.07387281,-0.14249907,-0.015543341,0.0,0.003357402,0.0,0.0,0.014431792,0.02233675
2289,-0.42278153,0.02736505,0.33996528,-0.02894922,0.0,0.0016873089,0.0,0.0,0.061357565,0.024332784
2290,0.68678993,0.073693916,-0.06535781,0.0073696696,0.0,0.0013138726,0.0,0.0,0.006644698,0.020329671
2292,0.715405,0.074581936,-0.06622661,0.0072740656,0.0,0.0013138726,0.0,0.0,0.006668839,-0.033246018
2294,-0.03870899,0.031386852,0.45694217,0.04569325,0.0,0.0012700163,0.0,0.0,0.06039143,-0.024469284
2296,0.53544956,0.06366998,-0.077333875,0.006133297,0.0,0.0013138726,0.0,0.0,0.0069344095,-0.05937531
2299,0.5089029,0.067933835,-0.072794974,-0.008282847,0.0,0.0013138726,0.0,0.0,0.007662027,0.028587269
2300,1.1054219,0.081290044,-0.06395228,0.0073350375,0.0,0.0013138726,0.0,0.0,0.006644698,0.020807792
2306,-0.4721338,0.043980483,-0.13454628,-0.010845354,0.0,-0.03897925,0.0,0.0,0.0128058065,0.055475328
2307,-0.46013403,0.045729414,-0.060110983,-0.014317054,0.0,0.004950299,0.0,0.0,-0.047852807,0.055612862
2316,0.25168872,0.046748314,0.35835886,-0.066263326,0.0,0.00075796375,0.0,0.0,0.019384403,-0.054126292
2317,0.731491,0.05849571,-0.06622661,0.0072740656,0.0,0.0013138726,0.0,0.0,0.006668839,-0.033246018
2320,-0.4556995,0.024718273,0.3595432,0.020773154,0.0,0.0016873089,0.0,0.0,0.05118875,0.023563927
2325,-0.38988858,-0.103601135,-0.16066697,0.04082148,0.0,0.003944542,0.0,0.0,0.011157375,-0.06074395
2327,0.30628216,0.07109341,-0.07747115,-0.011985098,0.0,0.0013138726,0.0,0.0,-0.035114545,0.03582716
2333,-0.4534754,0.046388406,-0.12589267,-0.010845354,0.0,0.004950299,0.0,0.0,0.0128058065,0.055475328
2334,-0.4556995,0.024718273,0.3595432,0.020773154,0.0,0.0016873089,0.0,0.0,0.05118875,0.023563927
2340,-0.20561768,0.07321383,-0.06249729,-0.01901504,0.0,0.003357402,0.0,0.0,-0.056018934,0.022474287
2346,-0.45828238,0.03549392,-0.079602145,0.014853718,0.0,0.004950299,0.0,0.0,-0.04335063,0.055608105
2349,0.53544956,0.06366998,-0.077333875,0.006133297,0.0,0.0013138726,0.0,0.0,0.0069344095,-0.05937531
2351,0.529373,0.064568214,-0.07682209,0.0074969796,0.0,0.0013138726,0.0,0.0,0.006910268,0.03141337
2355,-0.054050244,0.07077126,-0.123093665,-0.017434763,0.0,0.0013138728,0.0,0.0,0.011026625,0.038950063
2356,-0.45318377,0.036152914,-0.13251868,0.012672941,0.0,0.004950299,0.0,0.0,0.011655496,0.05547057
2360,0.2665465,0.06956363,-0.09138437,-0.011816396,0.0,0.0013138726,0.0,0.0,0.008638107,0.035782985
2366,-0.05590368,0.062703975,-0.16519737,0.013723396,0.0,0.0013138728,0.0,0.0,0.010262008,-0.06641576
2367,0.6197139,-0.22826487,-0.07120606,0.012986923,0.0,0.0011253093,0.0,0.0,0.0065298723,0.021541271
2368,0.529373,0.064568214,-0.07682209,0.0074969796,0.0,0.0013138726,0.0,0.0,0.006910268,0.03141337
2373,-0.45828238,0.03549392,-0.079602145,0.014853718,0.0,0.004950299,0.0,0.0,-0.04335063,0.055608105
2384,-0.4556995,0.024718273,0.3595432,0.020773154,0.0,0.0016873089,0.0,0.0,0.05118875,0.023563927
2386,-0.4556995,0.024718273,0.3595432,0.020773154,0.0,0.0016873089,0.0,0.0,0.05118875,0.023563927
2391,-0.08514702,-0.21863149,-0.15996443,-0.021836435,0.0,0.0011253094,0.0,0.0,0.010911798,0.033503346
2393,-0.48849437,0.02686985,0.17771761,-0.05963083,0.0,0.0016873089,0.0,0.0,-0.22733028,0.025543468
2394,-0.016102927,0.03579515,0.35001788,-0.10212152,0.0,0.00075796375,0.0,0.0,0.051138133,0.025908588
2401,-0.06514166,0.031958643,0.44538525,0.04470997,0.0,0.0012700163,0.0,0.0,0.05978424,0.01453893
2404,0.731491,0.05849571,-0.06622661,0.0072740656,0.0,0.0013138726,0.0,0.0,0.006668839,-0.033246018
2405,0.45896462,-0.21534082,-0.08543263,0.011833331,0.0,0.0011253093,0.0,0.0,0.007155149,-0.04906086
2407,-0.14283365,0.06185958,-0.17188059,0.013889315,0.0,0.003357402,0.0,0.0,0.013350464,-0.03311698
2411,-0.03870899,0.031386852,0.45694217,0.04569325,0.0,0.0012700163,0.0,0.0,0.06039143,-0.024469284
2412,-0.42278153,0.02736505,0.33996528,-0.02894922,0.0,0.0016873089,0.0,0.0,0.061357565,0.024332784
2421,0.27835408,-0.20341474,-0.12276827,0.014823569,0.0,0.0011253093,0.0,0.0,0.008061161,0.03482829
2425,0.06620926,0.034375794,0.45037803,0.06283101,0.0,0.00075796375,0.0,0.0,0.04484019,0.025139729
2426,-0.2203745,-0.2156408,-0.18447068,-0.024178492,0.0,0.0023516451,0.0,0.0,0.013864691,0.018806215
2428,0.2993227,0.060213104,-0.097022474,-0.008998308,0.0,0.0013138726,0.0,0.0,0.008616323,-0.06877579
2431,-0.38425025,-0.1352585,-0.07965015,-0.023221584,0.0,0.003944542,0.0,0.0,-0.04606405,0.052082337
2434,0.26579723,0.06451486,-0.101656176,0.009941739,0.0,0.0013138726,0.0,0.0,-0.033776287,-0.06674216
2436,-0.046103776,0.06587724,-0.15651286,0.013738396,0.0,0.0013138728,0.0,0.0,0.010224984,0.038945306
2439,-0.48299867,0.026298065,0.2196036,-0.061244756,0.0,0.0016873089,0.0,0.0,-0.22978729,-0.0373368
2440,0.29479772,0.04850334,0.41475412,0.04467596,0.0,0.00075796375,0.0,0.0,0.017461475,0.026922401
2443,0.9324506,-0.25858906,-0.07118127,0.012856687,0.0,0.0011253093,0.0,0.0,0.006554013,-0.03593476
2447,-0.18916681,0.07387281,-0.14249907,-0.015543341,0.0,0.003357402,0.0,0.0,0.014431792,0.02233675
2448,-0.18916681,0.07387281,-0.14249907,-0.015543341,0.0,0.003357402,0.0,0.0,0.014431792,0.02233675
2449,-0.37851322,-0.13695538,-0.14532742,-0.019749885,0.0,0.003944542,0.0,0.0,0.0122387055,0.051944803
2465,0.21274684,-0.24254198,-0.10707645,-0.013596427,0.0,0.0011253093,0.0,0.0,0.008523281,0.031169321
2470,-0.4866179,0.043732088,-0.07690504,-0.014341258,0.0,0.004950299,0.0,0.0,-0.048131928,-0.0659474
2471,-0.050985113,0.06714618,-0.13250437,-0.017458966,0.0,-0.0103547955,0.0,0.0,0.011063648,-0.0664202
2474,-0.17100081,0.0688086,-0.07147988,-0.019039243,0.0,-0.026566949,0.0,0.0,-0.056298062,-0.03333199
2482,0.41127557,0.059291124,0.26474172,-0.029971825,0.0,0.00075796375,0.0,0.0,0.018636575,0.030079633
2487,-0.45318377,0.036152914,-0.13251868,0.012672941,0.0,0.004950299,0.0,0.0,0.011655496,0.05547057
2491,0.529373,0.064568214,-0.07682209,0.0074969796,0.0,0.0013138726,0.0,0.0,0.006910268,0.03141337
2492,0.30649662,0.059610896,-0.10915083,0.009206316,0.0,0.0013138726,0.0,0.0,0.008175987,0.037412196
2496,-0.1978367,0.06319792,-0.09986002,0.01608509,0.0,0.003357402,0.0,0.0,-0.051516764,0.022469522
2501,-0.4788255,0.034155592,-0.15086934,0.012657944,0.0,0.004950299,0.0,0.0,0.011724477,-0.06573239
2503,1.0324647,-0.22655055,-0.0700582,0.012952291,0.0,0.0011253093,0.0,0.0,0.0065298723,0.021241128
2507,0.29479772,0.04850334,0.41475412,0.04467596,0.0,0.00075796375,0.0,0.0,0.017461475,0.026922401
2509,0.26937762,0.04919197,0.34661102,-0.06684162,0.0,-0.0059715733,0.0,0.0,0.019278247,0.026583962
2510,-0.18294589,0.063856915,-0.16699667,0.013904313,0.0,0.003357402,0.0,0.0,0.013281481,0.022331985
2515,-0.4556995,0.024718273,0.3595432,0.020773154,0.0,0.0016873089,0.0,0.0,0.05118875,0.023563927
2518,-0.42278153,0.02736505,0.33996528,-0.02894922,0.0,0.0016873089,0.0,0.0,0.061357565,0.024332784
2520,-0.4556995,0.024718273,0.3595432,0.020773154,0.0,0.0016873089,0.0,0.0,0.05118875,0.023563927
2524,-0.10110351,0.034385864,0.3807284,-0.07389221,0.0,0.0012700163,0.0,0.0,0.06995305,0.015307788
2526,-0.18067023,-0.20911916,-0.18692726,-0.024202697,0.0,0.0023516451,0.0,0.0,0.013933673,-0.028133
2528,0.35523063,0.041453764,0.434161,0.03970339,0.0,0.00075796375,0.0,0.0,0.01706003,0.033013485
2529,0.27303454,0.06738724,-0.09622955,0.010677729,0.0,0.0013138726,0.0,0.0,-0.03367868,0.036299795
2539,0.53002495,0.064568214,-0.07682209,0.0074969796,0.0,0.0013138726,0.0,0.0,0.006910268,0.030761365
2541,-0.05590368,0.062703975,-0.16519737,0.013723396,0.0,0.0013138728,0.0,0.0,0.010262008,-0.06641576
2543,1.1463289,0.082095586,-0.06513384,0.0072394335,0.0,0.0013138726,0.0,0.0,0.006668839,-0.03384658
2547,-0.15444522,0.0694676,-0.15228252,-0.015567546,0.0,-0.026566949,0.0,0.0,0.0145007735,-0.033121422
2548,0.7287754,0.07507203,-0.06622661,0.0072740656,0.0,0.0013138726,0.0,0.0,0.006668839,-0.033246018
2553,0.6947197,0.07573839,-0.06039449,-0.007927184,0.0,0.0013138726,0.0,0.0,0.0070608915,0.02027272
2557,0.2136635,-0.22980636,-0.112209834,-0.0127469655,0.0,0.0011253093,0.0,0.0,0.0085474225,-0.054557454
2561,0.6947197,0.07573839,-0.06039449,-0.007927184,0.0,0.0013138726,0.0,0.0,0.0070608915,0.02027272
2563,-0.47985446,0.044391084,-0.14348748,-0.010869558,0.0,0.004950299,0.0,0.0,0.012874788,-0.06573683
2564,0.30649662,0.059610896,-0.10915083,0.009206316,0.0,0.0013138726,0.0,0.0,0.008175987,0.037412196
2565,-0.38988858,-0.103601135,-0.16066697,0.04082148,0.0,0.003944542,0.0,0.0,0.011157375,-0.06074395
2569,-0.18166503,-0.20244925,-0.19039991,-0.024202697,0.0,-0.018494893,0.0,0.0,0.013933673,-0.028133
2571,-0.06514166,0.031958643,0.44538525,0.04470997,0.0,0.0012700163,0.0,0.0,0.05978424,0.01453893
2574,-0.4788255,0.034155592,-0.15086934,0.012657944,0.0,0.004950299,0.0,0.0,0.011724477,-0.06573239
2581,-0.046103776,0.06587724,-0.15651286,0.013738396,0.0,0.0013138728,0.0,0.0,0.010224984,0.038945306
2584,-0.4045628,-0.13043374,-0.16125077,-0.019774089,0.0,0.003944542,0.0,0.0,0.012307685,-0.060748395
2585,0.529373,0.064568214,-0.07682209,0.0074969796,0.0,0.0013138726,0.0,0.0,0.006910268,0.03141337
2587,-0.17172192,0.031463444,0.28009412,0.063986905,0.0,0.0012700163,0.0,0.0,-0.23744187,0.015749611
2590,0.68678993,0.073693916,-0.06535781,0.0073696696,0.0,0.0013138726,0.0,0.0,0.006644698,0.020329671
2602,-0.4556995,0.024718273,0.3595432,0.020773154,0.0,0.0016873089,0.0,0.0,0.05118875,0.023563927
2604,-0.46013403,0.045729414,-0.060110983,-0.014317054,0.0,0.004950299,0.0,0.0,-0.047852807,0.055612862
2607,0.30649662,0.059610896,-0.10915083,0.009206316,0.0,0.0013138726,0.0,0.0,0.008175987,0.037412196
2610,0.92629486,-0.2622259,-0.06672206,-0.009657555,0.0,0.0011253093,0.0,0.0,0.006946065,0.021184182
2611,-0.44747752,0.024146482,0.4051767,0.02175643,0.0,0.0016873089,0.0,0.0,0.051795937,-0.03365495
2613,0.52164996,0.066353194,-0.07263729,-0.006553134,0.0,0.0013138726,0.0,0.0,0.0076861684,-0.05349883
2619,-0.49851292,0.041983157,-0.15214115,-0.010869558,0.0,-0.03897925,0.0,0.0,0.012874788,-0.06573683
2621,-0.39417034,-0.10190428,-0.10705411,0.04300227,0.0,0.003944542,0.0,0.0,-0.041841,-0.060954526
2624,-0.39351314,-0.13028547,-0.1517983,-0.019749885,0.0,-0.030907197,0.0,0.0,0.0122387055,0.051944803
2628,-0.4721338,0.043980483,-0.13454628,-0.010845354,0.0,-0.03897925,0.0,0.0,0.0128058065,0.055475328
2629,-0.054050244,0.07077126,-0.123093665,-0.017434763,0.0,0.0013138728,0.0,0.0,0.011026625,0.038950063
2635,0.6729294,0.073693916,-0.06535781,0.0073696696,0.0,0.0013138726,0.0,0.0,0.006644698,0.020329671
2636,-0.18916681,0.07387281,-0.14249907,-0.015543341,0.0,0.003357402,0.0,0.0,0.014431792,0.02233675
2637,-0.47985446,0.044391084,-0.14348748,-0.010869558,0.0,0.004950299,0.0,0.0,0.012874788,-0.06573683
2644,-0.4556995,0.024718273,0.3595432,0.020773154,0.0,0.0016873089,0.0,0.0,0.05118875,0.023563927
2646,0.19520548,-0.23718916,-0.12405161,0.0155117735,0.0,0.0011253093,0.0,0.0,0.008110118,0.03163808
2647,1.0799046,0.08356751,-0.06395228,0.0073350375,0.0,0.0013138726,0.0,0.0,0.006644698,0.020807792
2648,0.3233914,0.06120353,-0.095562644,-0.01072802,0.0,-0.0103547955,0.0,0.0,0.008592181,0.036523383
2652,-0.2016435,-0.18972376,-0.20100272,0.041202128,0.0,0.0023516451,0.0,0.0,0.0127143795,0.018801456
2654,-0.050985113,0.06714618,-0.13250437,-0.017458966,0.0,-0.0103547955,0.0,0.0,0.011063648,-0.0664202
2658,0.2665465,0.06956363,-0.09138437,-0.011816396,0.0,0.0013138726,0.0,0.0,0.008638107,0.035782985
2659,-0.18916681,0.07387281,-0.14249907,-0.015543341,0.0,0.003357402,0.0,0.0,0.014431792,0.02233675
2661,-0.06514166,0.031958643,0.44538525,0.04470997,0.0,0.0012700163,0.0,0.0,0.05978424,0.01453893
2662,-0.4045628,-0.13043374,-0.16125077,-0.019774089,0.0,0.003944542,0.0,0.0,0.012307685,-0.060748395
2671,0.3854693,0.045766953,0.40032136,0.047553,0.0,0.00075796375,0.0,0.0,-0.06789098,-0.055255942
2681,0.21274684,-0.24254198,-0.10707645,-0.013596427,0.0,0.0011253093,0.0,0.0,0.008523281,0.031169321
2684,-0.05590368,0.062703975,-0.16519737,0.013723396,0.0,0.0013138728,0.0,0.0,0.010262008,-0.06641576
2687,0.5512011,0.066160835,-0.07179692,-0.008155857,0.0,-0.0103547955,0.0,0.0,0.007326462,0.029872553
2697,-0.4045628,-0.13043374,-0.16125077,-0.019774089,0.0,0.003944542,0.0,0.0,0.012307685,-0.060748395
2699,0.529373,0.064568214,-0.07682209,0.0074969796,0.0,0.0013138726,0.0,0.0,0.006910268,0.03141337
2701,0.26503065,0.06751916,-0.10959062,0.009894521,0.0,0.0013138726,0.0,0.0,0.008224944,0.036251742
2705,0.50153893,0.06588938,-0.079721645,0.00757976,0.0,0.0013138726,0.0,0.0,0.0072458335,0.029476078
2708,-0.5052763,0.04132416,-0.08555861,-0.014341258,0.0,-0.03897925,0.0,0.0,-0.048131928,-0.0659474
2709,0.6895057,0.057117585,-0.06535781,0.0073696696,0.0,0.0013138726,0.0,0.0,0.006644698,0.020329671
2710,-0.07623051,0.033814076,0.39045292,-0.075506136,0.0,0.0012700163,0.0,0.0,0.07056024,-0.026297633
2713,0.30094352,0.06904895,-0.09458746,0.009995413,0.0,0.0013138726,0.0,0.0,-0.033484552,0.036715966
2716,-0.45318377,0.036152914,-0.13251868,0.012672941,0.0,0.004950299,0.0,0.0,0.011655496,0.05547057
2722,-0.03870899,0.031386852,0.45694217,0.04569325,0.0,0.0012700163,0.0,0.0,0.06039143,-0.024469284
2723,-0.45318377,0.036152914,-0.13251868,0.012672941,0.0,0.004950299,0.0,0.0,0.011655496,0.05547057
2724,-0.4866179,0.043732088,-0.07690504,-0.014341258,0.0,0.004950299,0.0,0.0,-0.048131928,-0.0659474
2726,-0.46013403,0.045729414,-0.060110983,-0.014317054,0.0,0.004950299,0.0,0.0,-0.047852807,0.055612862
2727,-0.4045628,-0.13043374,-0.16125077,-0.019774089,0.0,0.003944542,0.0,0.0,0.012307685,-0.060748395
2731,-0.4556995,0.024718273,0.3595432,0.020773154,0.0,0.0016873089,0.0,0.0,0.05118875,0.023563927
2735,-0.37851322,-0.13695538,-0.14532742,-0.019749885,0.0,0.003944542,0.0,0.0,0.0122387055,0.051944803
2745,0.2338111,-0.24925862,-0.10694169,-0.01250805,0.0,0.0011253093,0.0,0.0,0.008477354,0.03205397
2748,-0.15444522,0.0694676,-0.15228252,-0.015567546,0.0,-0.026566949,0.0,0.0,0.0145007735,-0.033121422
2749,0.6197139,-0.22826487,-0.07120606,0.012986923,0.0,0.0011253093,0.0,0.0,0.0065298723,0.021541271
2750,-0.4556995,0.024718273,0.3595432,0.020773154,0.0,0.0016873089,0.0,0.0,0.05118875,0.023563927
2752,0.27838436,0.04587486,0.43027171,0.044110242,0.0,0.00075796375,0.0,0.0,0.01756763,-0.054931868
2753,-0.18916681,0.07387281,-0.14249907,-0.015543341,0.0,0.003357402,0.0,0.0,0.014431792,0.02233675
2757,0.4870921,-0.21138084,-0.083455525,0.01175055,0.0,0.0011253093,0.0,0.0,0.0068195835,-0.054753914
2761,-0.41611916,0.026793264,0.3837664,-0.030563153,0.0,0.0016873089,0.0,0.0,0.06196475,-0.035483304
2763,-0.16634758,0.071216516,-0.06582456,-0.019039243,0.0,0.003357402,0.0,0.0,-0.056298062,-0.03333199
2768,-0.03870899,0.031386852,0.45694217,0.04569325,0.0,0.0012700163,0.0,0.0,0.06039143,-0.024469284
2769,-0.18294589,0.063856915,-0.16699667,0.013904313,0.0,0.003357402,0.0,0.0,0.013281481,0.022331985
2780,0.68678993,0.073693916,-0.06535781,0.0073696696,0.0,0.0013138726,0.0,0.0,0.006644698,0.020329671
2782,-0.18916681,0.07387281,-0.14249907,-0.015543341,0.0,0.003357402,0.0,0.0,0.014431792,0.02233675
2784,-0.18916681,0.07387281,-0.14249907,-0.015543341,0.0,0.003357402,0.0,0.0,0.014431792,0.02233675
2786,-0.44747752,0.024146482,0.4051767,0.02175643,0.0,0.0016873089,0.0,0.0,0.051795937,-0.03365495
2789,0.71103793,0.058710225,-0.06187645,-0.007927184,0.0,-0.0103547955,0.0,0.0,0.0070608915,0.02027272
2795,-0.05448209,0.07063934,-0.06573645,-0.019869046,0.0,0.0013138728,0.0,0.0,-0.04340505,0.03902262
2796,0.53002495,0.064568214,-0.07682209,0.0074969796,0.0,0.0013138726,0.0,0.0,0.006910268,0.030761365
2799,-0.07623051,0.033814076,0.39045292,-0.075506136,0.0,0.0012700163,0.0,0.0,0.07056024,-0.026297633
2804,0.63693947,-0.23057674,-0.07178886,0.012891319,0.0,0.0011253093,0.0,0.0,0.006554013,-0.037379343
2812,0.2665465,0.06956363,-0.09138437,-0.011816396,0.0,0.0013138726,0.0,0.0,0.008638107,0.035782985
2815,-0.44747752,0.024146482,0.4051767,0.02175643,0.0,0.0016873089,0.0,0.0,0.051795937,-0.03365495
2816,-0.21561256,-0.1880269,-0.13397053,0.04338291,0.0,0.0023516451,0.0,0.0,-0.049728006,0.018938994
2821,-0.054050244,0.07077126,-0.123093665,-0.017434763,0.0,0.0013138728,0.0,0.0,0.011026625,0.038950063
2823,0.032768875,0.03426789,0.32635072,0.07478608,0.0,0.00075796375,0.0,0.0,-0.17924598,0.02563209
2826,-0.18294589,0.063856915,-0.16699667,0.013904313,0.0,0.003357402,0.0,0.0,0.013281481,0.022331985
2829,-0.18294589,0.063856915,-0.16699667,0.013904313,0.0,0.003357402,0.0,0.0,0.013281481,0.022331985
2838,0.5505491,0.066160835,-0.07179692,-0.008155857,0.0,-0.0103547955,0.0,0.0,0.007326462,0.030524557
2839,0.52164996,0.066353194,-0.07263729,-0.006553134,0.0,0.0013138726,0.0,0.0,0.0076861684,-0.05349883
2845,0.68678993,0.073693916,-0.06535781,0.0073696696,0.0,0.0013138726,0.0,0.0,0.006644698,0.020329671
2846,-0.39417034,-0.10190428,-0.10705411,0.04300227,0.0,0.003944542,0.0,0.0,-0.041841,-0.060954526
2852,-0.15444522,0.0694676,-0.15228252,-0.015567546,0.0,-0.026566949,0.0,0.0,0.0145007735,-0.033121422
2858,0.27303454,0.06738724,-0.09622955,0.010677729,0.0,0.0013138726,0.0,0.0,-0.03367868,0.036299795
2859,-0.42278153,0.02736505,0.33996528,-0.02894922,0.0,0.0016873089,0.0,0.0,0.061357565,0.024332784
2863,-0.20160669,0.033318873,0.19180556,-0.10618776,0.0,0.0012700163,0.0,0.0,-0.2796886,-0.028151128
2865,-0.47985446,0.044391084,-0.14348748,-0.010869558,0.0,0.004950299,0.0,0.0,0.012874788,-0.06573683
2877,0.6947197,0.07573839,-0.06039449,-0.007927184,0.0,0.0013138726,0.0,0.0,0.0070608915,0.02027272
2879,-0.42278153,0.02736505,0.33996528,-0.02894922,0.0,0.0016873089,0.0,0.0,0.061357565,0.024332784
2881,0.529373,0.064568214,-0.07682209,0.0074969796,0.0,0.0013138726,0.0,0.0,0.006910268,0.03141337
2890,-0.2203745,-0.2156408,-0.18447068,-0.024178492,0.0,0.0023516451,0.0,0.0,0.013864691,0.018806215
2891,-0.03870899,0.031386852,0.45694217,0.04569325,0.0,0.0012700163,0.0,0.0,0.06039143,-0.024469284
2892,-0.45318377,0.036152914,-0.13251868,0.012672941,0.0,0.004950299,0.0,0.0,0.011655496,0.05547057
2898,-0.41611916,0.026793264,0.3837664,-0.030563153,0.0,0.0016873089,0.0,0.0,0.06196475,-0.035483304
2906,-0.05448209,0.07063934,-0.06573645,-0.019869046,0.0,0.0013138728,0.0,0.0,-0.04340505,0.03902262
2912,0.66243654,-0.23326668,-0.051584054,-0.010964296,0.0,0.0011253093,0.0,0.0,-0.026852617,0.021532372
2921,-0.4104046,-0.12873685,-0.09477272,-0.023245791,0.0,0.003944542,0.0,0.0,-0.046343178,-0.06095897
2922,-0.06514166,0.031958643,0.44538525,0.04470997,0.0,0.0012700163,0.0,0.0,0.05978424,0.01453893
2924,-0.10110351,0.034385864,0.3807284,-0.07389221,0.0,0.0012700163,0.0,0.0,0.06995305,0.015307788
2929,0.68147683,-0.23633453,-0.06909571,-0.009603061,0.0,-0.0088415565,0.0,0.0,0.0069702063,-0.037236534
2931,-0.47985446,0.044391084,-0.14348748,-0.010869558,0.0,0.004950299,0.0,0.0,0.012874788,-0.06573683
2934,0.29479772,0.04850334,0.41475412,0.04467596,0.0,0.00075796375,0.0,0.0,0.017461475,0.026922401
2935,-0.08514702,-0.21863149,-0.15996443,-0.021836435,0.0,0.0011253094,0.0,0.0,0.010911798,0.033503346
2941,-0.41611916,0.026793264,0.3837664,-0.030563153,0.0,0.0016873089,0.0,0.0,0.06196475,-0.035483304
2945,-0.47985446,0.044391084,-0.14348748,-0.010869558,0.0,0.004950299,0.0,0.0,0.012874788,-0.06573683
2946,0.529373,0.064568214,-0.07682209,0.0074969796,0.0,0.0013138726,0.0,0.0,0.006910268,0.03141337
2947,-0.4045628,-0.13043374,-0.16125077,-0.019774089,0.0,0.003944542,0.0,0.0,0.012307685,-0.060748395
2948,0.6906012,0.073561996,-0.051499624,0.008158766,0.0,0.0013138726,0.0,0.0,-0.025590748,0.02037772
2952,0.7361767,0.07711651,-0.061134364,-0.0078230295,0.0,0.0013138726,0.0,0.0,0.0070850328,-0.033103213
2954,0.5453885,0.065714434,-0.070697814,-0.0064261444,0.0,0.0013138726,0.0,0.0,0.007350603,-0.057170723
2955,-0.4866179,0.043732088,-0.07690504,-0.014341258,0.0,0.004950299,0.0,0.0,-0.048131928,-0.0659474
2958,0.29269668,0.06918087,-0.10745649,0.009206316,0.0,0.0013138726,0.0,0.0,0.008175987,0.036667917
2963,-0.37851322,-0.13695538,-0.14532742,-0.019749885,0.0,0.003944542,0.0,0.0,0.0122387055,0.051944803
2966,-0.18916681,0.07387281,-0.14249907,-0.015543341,0.0,0.003357402,0.0,0.0,0.014431792,0.02233675
2972,0.505742,-0.22289814,-0.07795367,-0.0099358875,0.0,0.0011253093,0.0,0.0,0.0072116354,0.028083285
2975,0.30978894,0.061655365,-0.094080694,-0.01072802,0.0,0.0013138726,0.0,0.0,0.008592181,0.036523383
2978,1.1463289,0.082095586,-0.06513384,0.0072394335,0.0,0.0013138726,0.0,0.0,0.006668839,-0.03384658
2983,-0.41611916,0.026793264,0.3837664,-0.030563153,0.0,0.0016873089,0.0,0.0,0.06196475,-0.035483304
2986,-0.4788255,0.034155592,-0.15086934,0.012657944,0.0,0.004950299,0.0,0.0,0.011724477,-0.06573239
2987,0.506394,-0.22289814,-0.07795367,-0.0099358875,0.0,0.0011253093,0.0,0.0,0.0072116354,0.027431285
2995,-0.45828238,0.03549392,-0.079602145,0.014853718,0.0,0.004950299,0.0,0.0,-0.04335063,0.055608105
2997,0.25168872,0.046748314,0.35835886,-0.066263326,0.0,0.00075796375,0.0,0.0,0.019384403,-0.054126292
3007,-0.4556995,0.024718273,0.3595432,0.020773154,0.0,0.0016873089,0.0,0.0,0.05118875,0.023563927
3008,0.27661154,0.06943171,-0.07602226,-0.0130643165,0.0,0.0013138726,0.0,0.0,-0.035296652,0.035831034
3010,0.21274684,-0.24254198,-0.10707645,-0.013596427,0.0,0.0011253093,0.0,0.0,0.008523281,0.031169321
3012,-0.44747752,0.024146482,0.4051767,0.02175643,0.0,0.0016873089,0.0,0.0,0.051795937,-0.03365495
3015,0.032768875,0.03426789,0.32635072,0.07478608,0.0,0.00075796375,0.0,0.0,-0.17924598,0.02563209
3016,0.53002495,0.064568214,-0.07682209,0.0074969796,0.0,0.0013138726,0.0,0.0,0.006910268,0.030761365
3018,0.2936652,0.05816864,-0.11222152,0.007842635,0.0,0.0013138726,0.0,0.0,0.008200129,-0.070980385
3025,-0.08514702,-0.21863149,-0.15996443,-0.021836435,0.0,0.0011253094,0.0,0.0,0.010911798,0.033503346
3030,0.27023154,0.06655932,-0.08131999,-0.012214855,0.0,0.0013138726,0.0,0.0,-0.03539426,-0.06562547
3033,-0.0853898,-0.1934757,-0.19668385,0.027337056,0.0,0.0011253094,0.0,0.0,0.01014718,-0.056654744
3037,0.27303454,0.06738724,-0.09622955,0.010677729,0.0,0.0013138726,0.0,0.0,-0.03367868,0.036299795
3038,-0.38988858,-0.103601135,-0.16066697,0.04082148,0.0,0.003944542,0.0,0.0,0.011157375,-0.06074395
3041,0.21449311,-0.2439058,-0.1207807,0.014823569,0.0,0.0011253093,0.0,0.0,0.008061161,0.03294278
3042,1.1208116,0.08437305,-0.06513384,0.0072394335,0.0,0.0013138726,0.0,0.0,0.006668839,-0.03384658
3043,-0.4534754,0.046388406,-0.12589267,-0.010845354,0.0,0.004950299,0.0,0.0,0.0128058065,0.055475328
3044,-0.18916681,0.07387281,-0.14249907,-0.015543341,0.0,0.003357402,0.0,0.0,0.014431792,0.02233675
3046,0.43444684,0.05122359,0.39275524,0.043214872,0.0,0.00075796375,0.0,0.0,-0.06587002,0.029462695
3048,0.30628216,0.07109341,-0.07747115,-0.011985098,0.0,0.0013138726,0.0,0.0,-0.035114545,0.03582716
3051,-0.38988858,-0.103601135,-0.16066697,0.04082148,0.0,0.003944542,0.0,0.0,0.011157375,-0.06074395
3056,-0.4556995,0.024718273,0.3595432,0.020773154,0.0,0.0016873089,0.0,0.0,0.05118875,0.023563927
3057,0.29269668,0.06918087,-0.10745649,0.009206316,0.0,0.0013138726,0.0,0.0,0.008175987,0.036667917
3058,-0.4788255,0.034155592,-0.15086934,0.012657944,0.0,0.004950299,0.0,0.0,0.011724477,-0.06573239
3069,0.60848844,-0.22660999,-0.07120606,0.012986923,0.0,0.0011253093,0.0,0.0,0.0065298723,0.021541271
3071,-0.49851292,0.041983157,-0.15214115,-0.010869558,0.0,-0.03897925,0.0,0.0,0.012874788,-0.06573683
3072,0.505742,-0.22289814,-0.07795367,-0.0099358875,0.0,0.0011253093,0.0,0.0,0.0072116354,0.028083285
3076,0.2659205,0.04937679,0.34315386,-0.06684162,0.0,0.00075796375,0.0,0.0,0.019278247,0.026583962
3077,-0.14283365,0.06185958,-0.17188059,0.013889315,0.0,0.003357402,0.0,0.0,0.013350464,-0.03311698
3078,-0.4866179,0.043732088,-0.07690504,-0.014341258,0.0,0.004950299,0.0,0.0,-0.048131928,-0.0659474
3083,-0.149792,0.071875505,-0.14662717,-0.015567546,0.0,0.003357402,0.0,0.0,0.0145007735,-0.033121422
3084,-0.4788255,0.034155592,-0.15086934,0.012657944,0.0,0.004950299,0.0,0.0,0.011724477,-0.06573239
3086,-0.16634758,0.071216516,-0.06582456,-0.019039243,0.0,0.003357402,0.0,0.0,-0.056298062,-0.03333199
3090,-0.016102927,0.03579515,0.35001788,-0.10212152,0.0,0.00075796375,0.0,0.0,0.051138133,0.025908588
3091,-0.5052763,0.04132416,-0.08555861,-0.014341258,0.0,-0.03897925,0.0,0.0,-0.048131928,-0.0659474
3104,-0.42278153,0.02736505,0.33996528,-0.02894922,0.0,0.0016873089,0.0,0.0,0.061357565,0.024332784
3106,0.9022549,-0.25687313,-0.070285715,0.012952291,0.0,0.0011253093,0.0,0.0,0.0065298723,0.021241128
3107,-0.38988858,-0.103601135,-0.16066697,0.04082148,0.0,0.003944542,0.0,0.0,0.011157375,-0.06074395
3110,-0.45318377,0.036152914,-0.13251868,0.012672941,0.0,0.004950299,0.0,0.0,0.011655496,0.05547057
3111,-0.4534754,0.046388406,-0.12589267,-0.010845354,0.0,0.004950299,0.0,0.0,0.0128058065,0.055475328
3112,0.30649662,0.059610896,-0.10915083,0.009206316,0.0,0.0013138726,0.0,0.0,0.008175987,0.037412196
3115,-0.20561768,0.07321383,-0.06249729,-0.01901504,0.0,0.003357402,0.0,0.0,-0.056018934,0.022474287
3127,0.25168872,0.046748314,0.35835886,-0.066263326,0.0,0.00075796375,0.0,0.0,0.019384403,-0.054126292
3141,-0.18067023,-0.20911916,-0.18692726,-0.024202697,0.0,0.0023516451,0.0,0.0,0.013933673,-0.028133
3142,-0.08514702,-0.21863149,-0.15996443,-0.021836435,0.0,0.0011253094,0.0,0.0,0.010911798,0.033503346
3143,-0.47985446,0.044391084,-0.14348748,-0.010869558,0.0,0.004950299,0.0,0.0,0.012874788,-0.06573683
3155,-0.48402876,0.033496596,-0.09715198,0.01483872,0.0,0.004950299,0.0,0.0,-0.043629758,-0.06594296
3161,0.529373,0.064568214,-0.07682209,0.0074969796,0.0,0.0013138726,0.0,0.0,0.006910268,0.03141337
3168,0.31292513,0.059761263,-0.09850445,-0.008998308,0.0,-0.0103547955,0.0,0.0,0.008616323,-0.06877579
3169,0.26503065,0.06751916,-0.10959062,0.009894521,0.0,0.0013138726,0.0,0.0,0.008224944,0.036251742
3175,-0.48299867,0.026298065,0.2196036,-0.061244756,0.0,0.0016873089,0.0,0.0,-0.22978729,-0.0373368
3176,0.64366955,-0.2336177,-0.06747382,-0.009707215,0.0,0.0011253093,0.0,0.0,0.006946065,0.02148432
3178,0.5119207,0.06430874,-0.07969289,0.0062160776,0.0,0.0013138726,0.0,0.0,0.007269975,-0.055703413
3181,-0.15444522,0.0694676,-0.15228252,-0.015567546,0.0,-0.026566949,0.0,0.0,0.0145007735,-0.033121422
3184,-0.10110351,0.034385864,0.3807284,-0.07389221,0.0,0.0012700163,0.0,0.0,0.06995305,0.015307788
3185,-0.47985446,0.044391084,-0.14348748,-0.010869558,0.0,0.004950299,0.0,0.0,0.012874788,-0.06573683
3187,-0.4104046,-0.12873685,-0.09477272,-0.023245791,0.0,0.003944542,0.0,0.0,-0.046343178,-0.06095897
3188,-0.4967275,0.023651285,0.27245477,0.04103336,0.0,0.0016873089,0.0,0.0,-0.18999757,-0.035508446
3190,-0.4787924,0.04332149,-0.06876458,-0.014317054,0.0,-0.03897925,0.0,0.0,-0.047852807,0.055612862
3195,-0.06458758,0.06759803,-0.13102242,-0.017458966,0.0,0.0013138728,0.0,0.0,0.011063648,-0.0664202
3201,0.06620926,0.034375794,0.45037803,0.06283101,0.0,0.00075796375,0.0,0.0,0.04484019,0.025139729
3202,-0.19630413,-0.20742229,-0.10622921,-0.027674396,0.0,0.0023516451,0.0,0.0,-0.054509304,-0.028343568
3204,-0.1978367,0.06319792,-0.09986002,0.01608509,0.0,0.003357402,0.0,0.0,-0.051516764,0.022469522
3206,1.1230942,0.081158124,-0.050094098,0.008124134,0.0,0.0013138726,0.0,0.0,-0.025590748,0.02085584
3213,-0.47985446,0.044391084,-0.14348748,-0.010869558,0.0,0.004950299,0.0,0.0,0.012874788,-0.06573683
3214,-0.18294589,0.063856915,-0.16699667,0.013904313,0.0,0.003357402,0.0,0.0,0.013281481,0.022331985
3215,-0.4045628,-0.13043374,-0.16125077,-0.019774089,0.0,0.003944542,0.0,0.0,0.012307685,-0.060748395
3224,-0.47985446,0.044391084,-0.14348748,-0.010869558,0.0,0.004950299,0.0,0.0,0.012874788,-0.06573683
3225,-0.4534754,0.046388406,-0.12589267,-0.010845354,0.0,0.004950299,0.0,0.0,0.0128058065,0.055475328
3229,0.48411098,-0.21138084,-0.083455525,0.01175055,0.0,0.0011253093,0.0,0.0,0.0068195835,-0.056430995
3231,0.30978894,0.061655365,-0.094080694,-0.01072802,0.0,0.0013138726,0.0,0.0,0.008592181,0.036523383
3232,-0.18294589,0.063856915,-0.16699667,0.013904313,0.0,0.003357402,0.0,0.0,0.013281481,0.022331985
3244,0.6535543,-0.23236777,-0.06864183,-0.009707215,0.0,-0.0088415565,0.0,0.0,0.006946065,0.02148432
3252,0.21449311,-0.2439058,-0.1207807,0.014823569,0.0,0.0011253093,0.0,0.0,0.008061161,0.03294278
3256,-0.47985446,0.044391084,-0.14348748,-0.010869558,0.0,0.004950299,0.0,0.0,0.012874788,-0.06573683
3260,-0.48402876,0.033496596,-0.09715198,0.01483872,0.0,0.004950299,0.0,0.0,-0.043629758,-0.06594296
3261,0.45556626,0.068010025,0.21185699,0.014973561,0.0,0.00075796375,0.0,0.0,0.016603217,0.019869348
3266,-0.2203745,-0.2156408,-0.18447068,-0.024178492,0.0,0.0023516451,0.0,0.0,0.013864691,0.018806215
3268,-0.03870899,0.031386852,0.45694217,0.04569325,0.0,0.0012700163,0.0,0.0,0.06039143,-0.024469284
3271,1.0157887,0.09154335,-0.0641798,0.0073350375,0.0,0.0013138726,0.0,0.0,0.006644698,0.020807792
3273,-0.4788255,0.034155592,-0.15086934,0.012657944,0.0,0.004950299,0.0,0.0,0.011724477,-0.06573239
3277,-0.45318377,0.036152914,-0.13251868,0.012672941,0.0,0.004950299,0.0,0.0,0.011655496,0.05547057
3281,-0.47985446,0.044391084,-0.14348748,-0.010869558,0.0,0.004950299,0.0,0.0,0.012874788,-0.06573683
3283,-0.040447786,0.07031942,-0.124575615,-0.017434763,0.0,-0.0103547955,0.0,0.0,0.011026625,0.038950063
3284,0.29269668,0.06918087,-0.10745649,0.009206316,0.0,0.0013138726,0.0,0.0,0.008175987,0.036667917
3289,-0.44747752,0.024146482,0.4051767,0.02175643,0.0,0.0016873089,0.0,0.0,0.051795937,-0.03365495
3291,0.30628216,0.07109341,-0.07747115,-0.011985098,0.0,0.0013138726,0.0,0.0,-0.035114545,0.03582716
3293,-0.45318377,0.036152914,-0.13251868,0.012672941,0.0,0.004950299,0.0,0.0,0.011655496,0.05547057
3295,-0.05448209,0.07063934,-0.06573645,-0.019869046,0.0,0.0013138728,0.0,0.0,-0.04340505,0.03902262
3296,-0.08514702,-0.21863149,-0.15996443,-0.021836435,0.0,0.0011253094,0.0,0.0,0.010911798,0.033503346
3299,-0.08412806,-0.20515917,-0.14010254,0.028873328,0.0,0.0011253094,0.0,0.0,-0.03988301,0.033571135
3300,-0.4788255,0.034155592,-0.15086934,0.012657944,0.0,0.004950299,0.0,0.0,0.011724477,-0.06573239
3303,-0.10110351,0.034385864,0.3807284,-0.07389221,0.0,0.0012700163,0.0,0.0,0.06995305,0.015307788
3305,-0.45318377,0.036152914,-0.13251868,0.012672941,0.0,0.004950299,0.0,0.0,0.011655496,0.05547057
3310,0.6734195,0.073203824,-0.06535781,0.0073696696,0.0,0.0013138726,0.0,0.0,0.006644698,0.020329671
3311,-0.046103776,0.06587724,-0.15651286,0.013738396,0.0,0.0013138728,0.0,0.0,0.010224984,0.038945306
3314,-0.14283365,0.06185958,-0.17188059,0.013889315,0.0,0.003357402,0.0,0.0,0.013350464,-0.03311698
3318,-0.37851322,-0.13695538,-0.14532742,-0.019749885,0.0,0.003944542,0.0,0.0,0.0122387055,0.051944803
3319,-0.054050244,0.07077126,-0.123093665,-0.017434763,0.0,0.0013138728,0.0,0.0,0.011026625,0.038950063
3321,-0.20561768,0.07321383,-0.06249729,-0.01901504,0.0,0.003357402,0.0,0.0,-0.056018934,0.022474287
3323,0.29479772,0.04850334,0.41475412,0.04467596,0.0,0.00075796375,0.0,0.0,0.017461475,0.026922401
3327,-0.18916681,0.07387281,-0.14249907,-0.015543341,0.0,0.003357402,0.0,0.0,0.014431792,0.02233675
3336,-0.4045628,-0.13043374,-0.16125077,-0.019774089,0.0,0.003944542,0.0,0.0,0.012307685,-0.060748395
3341,-0.054050244,0.07077126,-0.123093665,-0.017434763,0.0,0.0013138728,0.0,0.0,0.011026625,0.038950063
3343,0.4847196,-0.22069362,-0.07960811,-0.008333166,0.0,0.0011253093,0.0,0.0,0.007571342,-0.046856277
3345,-0.08514702,-0.21863149,-0.15996443,-0.021836435,0.0,0.0011253094,0.0,0.0,0.010911798,0.033503346
3349,-0.45318377,0.036152914,-0.13251868,0.012672941,0.0,0.004950299,0.0,0.0,0.011655496,0.05547057
3350,0.28286517,0.067028284,-0.11195107,0.007842635,0.0,0.0013138726,0.0,0.0,0.008200129,-0.06872471
3356,-0.18067023,-0.20911916,-0.18692726,-0.024202697,0.0,0.0023516451,0.0,0.0,0.013933673,-0.028133
3361,-0.503783,0.024223074,0.22873658,0.040050086,0.0,0.0016873089,0.0,0.0,-0.18754055,0.02477461
3363,-0.48402876,0.033496596,-0.09715198,0.01483872,0.0,0.004950299,0.0,0.0,-0.043629758,-0.06594296
3364,-0.4534754,0.046388406,-0.12589267,-0.010845354,0.0,0.004950299,0.0,0.0,0.0128058065,0.055475328
3365,0.30094352,0.06904895,-0.09458746,0.009995413,0.0,0.0013138726,0.0,0.0,-0.033484552,0.036715966
3367,-0.10110351,0.034385864,0.3807284,-0.07389221,0.0,0.0012700163,0.0,0.0,0.06995305,0.015307788
3368,-0.054050244,0.07077126,-0.123093665,-0.017434763,0.0,0.0013138728,0.0,0.0,0.011026625,0.038950063
3376,-0.016102927,0.03579515,0.35001788,-0.10212152,0.0,0.00075796375,0.0,0.0,0.051138133,0.025908588
3381,0.28852278,0.069072746,-0.09675201,-0.008998308,0.0,0.0013138726,0.0,0.0,0.008616323,-0.06652013
3382,0.21274684,-0.24254198,-0.10707645,-0.013596427,0.0,0.0011253093,0.0,0.0,0.008523281,0.031169321
3383,0.29479772,0.04850334,0.41475412,0.04467596,0.0,0.00075796375,0.0,0.0,0.017461475,0.026922401
3390,-0.4534754,0.046388406,-0.12589267,-0.010845354,0.0,0.004950299,0.0,0.0,0.0128058065,0.055475328
3393,0.9022549,-0.25687313,-0.070285715,0.012952291,0.0,0.0011253093,0.0,0.0,0.0065298723,0.021241128
3396,-0.4788255,0.034155592,-0.15086934,0.012657944,0.0,0.004950299,0.0,0.0,0.011724477,-0.06573239
3400,0.6729294,0.073693916,-0.06535781,0.0073696696,0.0,0.0013138726,0.0,0.0,0.006644698,0.020329671
3401,-0.46013403,0.045729414,-0.060110983,-0.014317054,0.0,0.004950299,0.0,0.0,-0.047852807,0.055612862
3402,-0.14283365,0.06185958,-0.17188059,0.013889315,0.0,0.003357402,0.0,0.0,0.013350464,-0.03311698
3414,0.529373,0.064568214,-0.07682209,0.0074969796,0.0,0.0013138726,0.0,0.0,0.006910268,0.03141337
3418,-0.48849437,0.02686985,0.17771761,-0.05963083,0.0,0.0016873089,0.0,0.0,-0.22733028,0.025543468
3420,-0.4788255,0.034155592,-0.15086934,0.012657944,0.0,0.004950299,0.0,0.0,0.011724477,-0.06573239
3424,0.6729294,0.073693916,-0.06535781,0.0073696696,0.0,0.0013138726,0.0,0.0,0.006644698,0.020329671
3425,-0.048335496,0.03568725,0.20659903,-0.121287815,0.0,0.00075796375,0.0,0.0,-0.20406951,0.026400948
3428,0.1952648,-0.22445357,-0.12931398,0.014775784,0.0,0.0011253093,0.0,0.0,0.00813426,-0.055674143
3430,0.7287754,0.07507203,-0.06622661,0.0072740656,0.0,0.0013138726,0.0,0.0,0.006668839,-0.033246018
3431,-0.37851322,-0.13695538,-0.14532742,-0.019749885,0.0,0.003944542,0.0,0.0,0.0122387055,0.051944803
3432,-0.45318377,0.036152914,-0.13251868,0.012672941,0.0,0.004950299,0.0,0.0,0.011655496,0.05547057
3436,-0.48402876,0.033496596,-0.09715198,0.01483872,0.0,0.004950299,0.0,0.0,-0.043629758,-0.06594296
3437,-0.4556995,0.024718273,0.3595432,0.020773154,0.0,0.0016873089,0.0,0.0,0.05118875,0.023563927
3441,-0.14283365,0.06185958,-0.17188059,0.013889315,0.0,0.003357402,0.0,0.0,0.013350464,-0.03311698
3443,0.6944313,0.052191928,-0.06535781,0.0073696696,0.0,0.0013138726,0.0,0.0,0.006644698,0.020329671
3446,-0.05448209,0.07063934,-0.06573645,-0.019869046,0.0,0.0013138728,0.0,0.0,-0.04340505,0.03902262
3451,0.53544956,0.06366998,-0.077333875,0.006133297,0.0,0.0013138726,0.0,0.0,0.0069344095,-0.05937531
3454,-0.38988858,-0.103601135,-0.16066697,0.04082148,0.0,0.003944542,0.0,0.0,0.011157375,-0.06074395
3456,0.2993227,0.060213104,-0.097022474,-0.008998308,0.0,0.0013138726,0.0,0.0,0.008616323,-0.06877579
3457,0.5089029,0.067933835,-0.072794974,-0.008282847,0.0,0.0013138726,0.0,0.0,0.007662027,0.028587269
3460,0.26503065,0.06751916,-0.10959062,0.009894521,0.0,0.0013138726,0.0,0.0,0.008224944,0.036251742
3466,0.06620926,0.034375794,0.45037803,0.06283101,0.0,0.00075796375,0.0,0.0,0.04484019,0.025139729
3469,-0.23590375,-0.21394394,-0.10457342,-0.02765019,0.0,0.0023516451,0.0,0.0,-0.054230176,0.018943753
3470,0.30212525,0.06862091,-0.09823399,-0.008998308,0.0,-0.0103547955,0.0,0.0,0.008616323,-0.06652013
3472,0.7132636,-0.16385859,-0.07120606,0.012986923,0.0,0.0011253093,0.0,0.0,0.0065298723,0.021541271
3473,-0.22136924,-0.20897089,-0.18794331,-0.024178492,0.0,-0.018494893,0.0,0.0,0.013864691,0.018806215
3479,-0.4556995,0.024718273,0.3595432,0.020773154,0.0,0.0016873089,0.0,0.0,0.05118875,0.023563927
3480,-0.06458758,0.06759803,-0.13102242,-0.017458966,0.0,0.0013138728,0.0,0.0,0.011063648,-0.0664202
3490,-0.040447786,0.07031942,-0.124575615,-0.017434763,0.0,-0.0103547955,0.0,0.0,0.011026625,0.038950063
3491,0.19520548,-0.23718916,-0.12405161,0.0155117735,0.0,0.0011253093,0.0,0.0,0.008110118,0.03163808
3497,0.2665465,0.06956363,-0.09138437,-0.011816396,0.0,0.0013138726,0.0,0.0,0.008638107,0.035782985
3508,1.037405,0.09313598,-0.060867023,-0.007877525,0.0,-0.0103547955,0.0,0.0,0.0070608915,0.020750843
3510,-0.4788255,0.034155592,-0.15086934,0.012657944,0.0,0.004950299,0.0,0.0,0.011724477,-0.06573239
3511,0.30978894,0.061655365,-0.094080694,-0.01072802,0.0,0.0013138726,0.0,0.0,0.008592181,0.036523383
3513,-0.4556995,0.024718273,0.3595432,0.020773154,0.0,0.0016873089,0.0,0.0,0.05118875,0.023563927
3518,0.1952648,-0.22445357,-0.12931398,0.014775784,0.0,0.0011253093,0.0,0.0,0.00813426,-0.055674143
3520,-0.14283365,0.06185958,-0.17188059,0.013889315,0.0,0.003357402,0.0,0.0,0.013350464,-0.03311698
3524,-0.18294589,0.063856915,-0.16699667,0.013904313,0.0,0.003357402,0.0,0.0,0.013281481,0.022331985
3529,-0.42278153,0.02736505,0.33996528,-0.02894922,0.0,0.0016873089,0.0,0.0,0.061357565,0.024332784
3534,0.2665465,0.06956363,-0.09138437,-0.011816396,0.0,0.0013138726,0.0,0.0,0.008638107,0.035782985
3537,0.25168872,0.046748314,0.35835886,-0.066263326,0.0,0.00075796375,0.0,0.0,0.019384403,-0.054126292
3539,-0.0649615,0.06746611,-0.073351994,-0.01989325,0.0,0.0013138728,0.0,0.0,-0.043553606,-0.06653323
3545,0.6343044,-0.23223162,-0.07178886,0.012891319,0.0,0.0011253093,0.0,0.0,0.006554013,-0.037379343
3546,-0.47985446,0.044391084,-0.14348748,-0.010869558,0.0,0.004950299,0.0,0.0,0.012874788,-0.06573683
3547,-0.4556995,0.024718273,0.3595432,0.020773154,0.0,0.0016873089,0.0,0.0,0.05118875,0.023563927
3548,0.06620926,0.034375794,0.45037803,0.06283101,0.0,0.00075796375,0.0,0.0,0.04484019,0.025139729
3551,0.52346915,-0.22254711,-0.062218983,-0.011192968,0.0,0.0011253093,0.0,0.0,-0.028278712,0.027479334
3552,0.28014895,0.06911179,-0.09286633,-0.011816396,0.0,-0.0103547955,0.0,0.0,0.008638107,0.035782985
3556,-0.4787924,0.04332149,-0.06876458,-0.014317054,0.0,-0.03897925,0.0,0.0,-0.047852807,0.055612862
3557,0.48279455,-0.21754532,-0.083229735,0.013114232,0.0,0.0011253093,0.0,0.0,0.0067954427,0.028320093
3558,0.5119207,0.06430874,-0.07969289,0.0062160776,0.0,0.0013138726,0.0,0.0,0.007269975,-0.055703413
3560,0.6729294,0.073693916,-0.06535781,0.0073696696,0.0,0.0013138726,0.0,0.0,0.006644698,0.020329671
3561,0.29269668,0.06918087,-0.10745649,0.009206316,0.0,0.0013138726,0.0,0.0,0.008175987,0.036667917
3562,0.53246844,0.06366998,-0.077333875,0.006133297,0.0,0.0013138726,0.0,0.0,0.0069344095,-0.06105239
3571,0.37904972,0.058417678,0.2923669,0.020442637,0.0,0.00075796375,0.0,0.0,0.016784431,0.030838123
3573,-0.4877823,0.025746586,0.23990911,-0.061244756,0.0,-0.013283086,0.0,0.0,-0.22978729,-0.0373368
3574,0.52485704,0.06780192,-0.057250425,-0.0095399255,0.0,0.0013138726,0.0,0.0,-0.0303838,0.028635316
3578,-0.2016435,-0.18972376,-0.20100272,0.041202128,0.0,0.0023516451,0.0,0.0,0.0127143795,0.018801456
3584,-0.0564144,0.062572055,-0.1153013,0.015244667,0.0,0.0013138728,0.0,0.0,-0.040399678,-0.06652879
3585,-0.45318377,0.036152914,-0.13251868,0.012672941,0.0,0.004950299,0.0,0.0,0.011655496,0.05547057
3586,0.31080255,0.052204948,0.3575913,-0.058865495,0.0,0.00075796375,0.0,0.0,0.018912172,0.028492985
3587,0.6197139,-0.22826487,-0.07120606,0.012986923,0.0,0.0011253093,0.0,0.0,0.0065298723,0.021541271
3596,0.27661154,0.06943171,-0.07602226,-0.0130643165,0.0,0.0013138726,0.0,0.0,-0.035296652,0.035831034
3598,-0.49851292,0.041983157,-0.15214115,-0.010869558,0.0,-0.03897925,0.0,0.0,0.012874788,-0.06573683
3602,0.30978894,0.061655365,-0.094080694,-0.01072802,0.0,0.0013138726,0.0,0.0,0.008592181,0.036523383
3607,-0.18294589,0.063856915,-0.16699667,0.013904313,0.0,0.003357402,0.0,0.0,0.013281481,0.022331985
3612,0.29479772,0.04850334,0.41475412,0.04467596,0.0,0.00075796375,0.0,0.0,0.017461475,0.026922401
3614,-0.4045628,-0.13043374,-0.16125077,-0.019774089,0.0,0.003944542,0.0,0.0,0.012307685,-0.060748395
3617,-0.42278153,0.02736505,0.33996528,-0.02894922,0.0,0.0016873089,0.0,0.0,0.061357565,0.024332784
3618,-0.503783,0.024223074,0.22873658,0.040050086,0.0,0.0016873089,0.0,0.0,-0.18754055,0.02477461
3621,0.2338111,-0.24925862,-0.10694169,-0.01250805,0.0,0.0011253093,0.0,0.0,0.008477354,0.03205397
3627,-0.38425025,-0.1352585,-0.07965015,-0.023221584,0.0,0.003944542,0.0,0.0,-0.04606405,0.052082337
3629,-0.48402876,0.033496596,-0.09715198,0.01483872,0.0,0.004950299,0.0,0.0,-0.043629758,-0.06594296
3634,-0.149792,0.071875505,-0.14662717,-0.015567546,0.0,0.003357402,0.0,0.0,0.0145007735,-0.033121422
3636,-0.42278153,0.02736505,0.33996528,-0.02894922,0.0,0.0016873089,0.0,0.0,0.061357565,0.024332784
3637,0.53246844,0.06366998,-0.077333875,0.006133297,0.0,0.0013138726,0.0,0.0,0.0069344095,-0.06105239
3640,0.53544956,0.06366998,-0.077333875,0.006133297,0.0,0.0013138726,0.0,0.0,0.0069344095,-0.05937531
3641,-0.19382003,0.071464896,-0.1481544,-0.015543341,0.0,-0.026566949,0.0,0.0,0.014431792,0.02233675
3646,-0.054050244,0.07077126,-0.123093665,-0.017434763,0.0,0.0013138728,0.0,0.0,0.011026625,0.038950063
3651,-0.2203745,-0.2156408,-0.18447068,-0.024178492,0.0,0.0023516451,0.0,0.0,0.013864691,0.018806215
3665,-0.06514166,0.031958643,0.44538525,0.04470997,0.0,0.0012700163,0.0,0.0,0.05978424,0.01453893
3670,-0.45828238,0.03549392,-0.079602145,0.014853718,0.0,0.004950299,0.0,0.0,-0.04335063,0.055608105
3678,-0.18916681,0.07387281,-0.14249907,-0.015543341,0.0,0.003357402,0.0,0.0,0.014431792,0.02233675
3680,-0.04667241,0.065745324,-0.10692999,0.015259667,0.0,0.0013138728,0.0,0.0,-0.04025113,0.039017864
3685,0.26503065,0.06751916,-0.10959062,0.009894521,0.0,0.0013138726,0.0,0.0,0.008224944,0.036251742
3687,-0.06514166,0.031958643,0.44538525,0.04470997,0.0,0.0012700163,0.0,0.0,0.05978424,0.01453893
3688,-0.4556995,0.024718273,0.3595432,0.020773154,0.0,0.0016873089,0.0,0.0,0.05118875,0.023563927
3690,-0.36875343,-0.108425885,-0.091175735,0.04301727,0.0,0.003944542,0.0,0.0,-0.04156188,0.052077577
3704,-0.046103776,0.06587724,-0.15651286,0.013738396,0.0,0.0013138728,0.0,0.0,0.010224984,0.038945306
3706,-0.38425025,-0.1352585,-0.07965015,-0.023221584,0.0,0.003944542,0.0,0.0,-0.04606405,0.052082337
3710,-0.45318377,0.036152914,-0.13251868,0.012672941,0.0,0.004950299,0.0,0.0,0.011655496,0.05547057
3713,1.1208116,0.08437305,-0.06513384,0.0072394335,0.0,0.0013138726,0.0,0.0,0.006668839,-0.03384658
3715,-0.4866179,0.043732088,-0.07690504,-0.014341258,0.0,0.004950299,0.0,0.0,-0.048131928,-0.0659474
3718,0.06620926,0.034375794,0.45037803,0.06283101,0.0,0.00075796375,0.0,0.0,0.04484019,0.025139729
3721,-0.4788255,0.034155592,-0.15086934,0.012657944,0.0,0.004950299,0.0,0.0,0.011724477,-0.06573239
3727,-0.1978367,0.06319792,-0.09986002,0.01608509,0.0,0.003357402,0.0,0.0,-0.051516764,0.022469522
3728,0.7121032,0.052060008,-0.051499624,0.008158766,0.0,0.0013138726,0.0,0.0,-0.025590748,0.02037772
3729,-0.45318377,0.036152914,-0.13251868,0.012672941,0.0,0.004950299,0.0,0.0,0.011655496,0.05547057
3730,-0.4556995,0.024718273,0.3595432,0.020773154,0.0,0.0016873089,0.0,0.0,0.05118875,0.023563927
3732,-0.42278153,0.02736505,0.33996528,-0.02894922,0.0,0.0016873089,0.0,0.0,0.061357565,0.024332784
3735,0.4005203,0.04839543,0.3850957,0.048118718,0.0,0.00075796375,0.0,0.0,-0.06746185,0.027133616
3739,-0.48849437,0.02686985,0.17771761,-0.05963083,0.0,0.0016873089,0.0,0.0,-0.22733028,0.025543468
3746,0.6947197,0.07573839,-0.06039449,-0.007927184,0.0,0.0013138726,0.0,0.0,0.0070608915,0.02027272
3747,-0.4534754,0.046388406,-0.12589267,-0.010845354,0.0,0.004950299,0.0,0.0,0.0128058065,0.055475328
3748,-0.18067023,-0.20911916,-0.18692726,-0.024202697,0.0,0.0023516451,0.0,0.0,0.013933673,-0.028133
3749,0.529373,0.064568214,-0.07682209,0.0074969796,0.0,0.0013138726,0.0,0.0,0.006910268,0.03141337
3753,-0.4556995,0.024718273,0.3595432,0.020773154,0.0,0.0016873089,0.0,0.0,0.05118875,0.023563927
3754,-0.47985446,0.044391084,-0.14348748,-0.010869558,0.0,0.004950299,0.0,0.0,0.012874788,-0.06573683
3755,0.6729294,0.073693916,-0.06535781,0.0073696696,0.0,0.0013138726,0.0,0.0,0.006644698,0.020329671
3756,0.29893762,0.068940826,-0.08171513,-0.010255386,0.0,0.0013138726,0.0,0.0,-0.03521215,-0.066593826
3759,-0.18916681,0.07387281,-0.14249907,-0.015543341,0.0,0.003357402,0.0,0.0,0.014431792,0.02233675
3763,-0.4534754,0.046388406,-0.12589267,-0.010845354,0.0,0.004950299,0.0,0.0,0.0128058065,0.055475328
3765,-0.20561768,0.07321383,-0.06249729,-0.01901504,0.0,0.003357402,0.0,0.0,-0.056018934,0.022474287
3768,0.26004472,0.06669124,-0.09680379,-0.010966936,0.0,0.0013138726,0.0,0.0,0.008662249,-0.06555177
3770,-0.48402876,0.033496596,-0.09715198,0.01483872,0.0,0.004950299,0.0,0.0,-0.043629758,-0.06594296
3771,-0.4866179,0.043732088,-0.07690504,-0.014341258,0.0,0.004950299,0.0,0.0,-0.048131928,-0.0659474
3772,-0.10110351,0.034385864,0.3807284,-0.07389221,0.0,0.0012700163,0.0,0.0,0.06995305,0.015307788
3773,-0.4556995,0.024718273,0.3595432,0.020773154,0.0,0.0016873089,0.0,0.0,0.05118875,0.023563927
3775,0.057594307,0.032628074,0.47299865,0.06381429,0.0,0.00075796375,0.0,0.0,0.04509417,-0.048916098
3784,-0.4877823,0.025746586,0.23990911,-0.061244756,0.0,-0.013283086,0.0,0.0,-0.22978729,-0.0373368
3787,-0.4866179,0.043732088,-0.07690504,-0.014341258,0.0,0.004950299,0.0,0.0,-0.048131928,-0.0659474
3789,-0.046103776,0.06587724,-0.15651286,0.013738396,0.0,0.0013138728,0.0,0.0,0.010224984,0.038945306
3793,0.21449311,-0.2439058,-0.1207807,0.014823569,0.0,0.0011253093,0.0,0.0,0.008061161,0.03294278
3796,0.68678993,0.073693916,-0.06535781,0.0073696696,0.0,0.0013138726,0.0,0.0,0.006644698,0.020329671
3797,-0.37851322,-0.13695538,-0.14532742,-0.019749885,0.0,0.003944542,0.0,0.0,0.0122387055,0.051944803
3804,-0.4721338,0.043980483,-0.13454628,-0.010845354,0.0,-0.03897925,0.0,0.0,0.0128058065,0.055475328
3808,0.6813492,0.0752483,-0.06039449,-0.007927184,0.0,0.0013138726,0.0,0.0,0.0070608915,0.02027272
3812,-0.18916681,0.07387281,-0.14249907,-0.015543341,0.0,0.003357402,0.0,0.0,0.014431792,0.02233675
3813,-0.16634758,0.071216516,-0.06582456,-0.019039243,0.0,0.003357402,0.0,0.0,-0.056298062,-0.03333199
3814,0.27835408,-0.20341474,-0.12276827,0.014823569,0.0,0.0011253093,0.0,0.0,0.008061161,0.03482829
3816,-0.4556995,0.024718273,0.3595432,0.020773154,0.0,0.0016873089,0.0,0.0,0.05118875,0.023563927
3822,-0.4045628,-0.13043374,-0.16125077,-0.019774089,0.0,0.003944542,0.0,0.0,0.012307685,-0.060748395
3825,-0.4104046,-0.12873685,-0.09477272,-0.023245791,0.0,0.003944542,0.0,0.0,-0.046343178,-0.06095897
3828,0.64232886,-0.23071289,-0.06864183,-0.009707215,0.0,-0.0088415565,0.0,0.0,0.006946065,0.02148432
3832,0.39504242,0.049268886,0.30859753,-0.07232865,0.0,0.00075796375,0.0,0.0,-0.07457487,0.026795177
3834,-0.42278153,0.02736505,0.33996528,-0.02894922,0.0,0.0016873089,0.0,0.0,0.061357565,0.024332784
3835,-0.05448209,0.07063934,-0.06573645,-0.019869046,0.0,0.0013138728,0.0,0.0,-0.04340505,0.03902262
3836,0.53002495,0.064568214,-0.07682209,0.0074969796,0.0,0.0013138726,0.0,0.0,0.006910268,0.030761365
3856,-0.19630413,-0.20742229,-0.10622921,-0.027674396,0.0,0.0023516451,0.0,0.0,-0.054509304,-0.028343568
3861,0.26004472,0.06669124,-0.09680379,-0.010966936,0.0,0.0013138726,0.0,0.0,0.008662249,-0.06555177
3863,-0.45318377,0.036152914,-0.13251868,0.012672941,0.0,0.004950299,0.0,0.0,0.011655496,0.05547057
3867,-0.18294589,0.063856915,-0.16699667,0.013904313,0.0,0.003357402,0.0,0.0,0.013281481,0.022331985
3868,-0.503783,0.024223074,0.22873658,0.040050086,0.0,0.0016873089,0.0,0.0,-0.18754055,0.02477461
3873,-0.42090288,0.026241783,0.40407202,-0.030563153,0.0,-0.013283086,0.0,0.0,0.06196475,-0.035483304
3878,-0.18294589,0.063856915,-0.16699667,0.013904313,0.0,0.003357402,0.0,0.0,0.013281481,0.022331985
3881,-0.18916681,0.07387281,-0.14249907,-0.015543341,0.0,0.003357402,0.0,0.0,0.014431792,0.02233675
3883,-0.4534754,0.046388406,-0.12589267,-0.010845354,0.0,0.004950299,0.0,0.0,0.0128058065,0.055475328
3884,-0.4788255,0.034155592,-0.15086934,0.012657944,0.0,0.004950299,0.0,0.0,0.011724477,-0.06573239
3886,-0.45828238,0.03549392,-0.079602145,0.014853718,0.0,0.004950299,0.0,0.0,-0.04335063,0.055608105
3887,-0.06514166,0.031958643,0.44538525,0.04470997,0.0,0.0012700163,0.0,0.0,0.05978424,0.01453893
3889,-0.08514702,-0.21863149,-0.15996443,-0.021836435,0.0,0.0011253094,0.0,0.0,0.010911798,0.033503346
3891,0.43444684,0.05122359,0.39275524,0.043214872,0.0,0.00075796375,0.0,0.0,-0.06587002,0.029462695
3893,0.06620926,0.034375794,0.45037803,0.06283101,0.0,0.00075796375,0.0,0.0,0.04484019,0.025139729
3895,-0.45318377,0.036152914,-0.13251868,0.012672941,0.0,0.004950299,0.0,0.0,0.011655496,0.05547057
3897,0.21274684,-0.24254198,-0.10707645,-0.013596427,0.0,0.0011253093,0.0,0.0,0.008523281,0.031169321
3898,-0.4556995,0.024718273,0.3595432,0.020773154,0.0,0.0016873089,0.0,0.0,0.05118875,0.023563927
3902,-0.45828238,0.03549392,-0.079602145,0.014853718,0.0,0.004950299,0.0,0.0,-0.04335063,0.055608105
3903,-0.4788255,0.034155592,-0.15086934,0.012657944,0.0,0.004950299,0.0,0.0,0.011724477,-0.06573239
3904,-0.08653011,-0.21828045,-0.10262193,-0.024270717,0.0,0.0011253094,0.0,0.0,-0.04303693,0.0335759
3908,0.30649662,0.059610896,-0.10915083,0.009206316,0.0,0.0013138726,0.0,0.0,0.008175987,0.037412196
3912,-0.149792,0.071875505,-0.14662717,-0.015567546,0.0,0.003357402,0.0,0.0,0.0145007735,-0.033121422
3917,-0.15444522,0.0694676,-0.15228252,-0.015567546,0.0,-0.026566949,0.0,0.0,0.0145007735,-0.033121422
3920,-0.05590368,0.062703975,-0.16519737,0.013723396,0.0,0.0013138728,0.0,0.0,0.010262008,-0.06641576
3927,0.21449311,-0.2439058,-0.1207807,0.014823569,0.0,0.0011253093,0.0,0.0,0.008061161,0.03294278
3928,0.4870921,-0.21138084,-0.083455525,0.01175055,0.0,0.0011253093,0.0,0.0,0.0068195835,-0.054753914
3930,-0.42278153,0.02736505,0.33996528,-0.02894922,0.0,0.0016873089,0.0,0.0,0.061357565,0.024332784
3931,-0.4534754,0.046388406,-0.12589267,-0.010845354,0.0,0.004950299,0.0,0.0,0.0128058065,0.055475328
3932,-0.4788255,0.034155592,-0.15086934,0.012657944,0.0,0.004950299,0.0,0.0,0.011724477,-0.06573239
3934,-0.054050244,0.07077126,-0.123093665,-0.017434763,0.0,0.0013138728,0.0,0.0,0.011026625,0.038950063
3938,0.30978894,0.061655365,-0.094080694,-0.01072802,0.0,0.0013138726,0.0,0.0,0.008592181,0.036523383
3939,1.0566953,0.092348896,-0.06536136,0.0072394335,0.0,0.0013138726,0.0,0.0,0.006668839,-0.03384658
3944,-0.49851292,0.041983157,-0.15214115,-0.010869558,0.0,-0.03897925,0.0,0.0,0.012874788,-0.06573683
3947,-0.42278153,0.02736505,0.33996528,-0.02894922,0.0,0.0016873089,0.0,0.0,0.061357565,0.024332784
3953,-0.2016435,-0.18972376,-0.20100272,0.041202128,0.0,0.0023516451,0.0,0.0,0.0127143795,0.018801456
3957,-0.41611916,0.026793264,0.3837664,-0.030563153,0.0,0.0016873089,0.0,0.0,0.06196475,-0.035483304
3960,0.42145604,0.05018837,0.33369264,-0.06300085,0.0,0.00075796375,0.0,0.0,-0.07355242,-0.05995789
3963,0.2665465,0.06956363,-0.09138437,-0.011816396,0.0,0.0013138726,0.0,0.0,0.008638107,0.035782985
3971,-0.046103776,0.06587724,-0.15651286,0.013738396,0.0,0.0013138728,0.0,0.0,0.010224984,0.038945306
3974,0.23047516,-0.23909132,-0.1110213,-0.010778337,0.0,0.0011253093,0.0,0.0,0.008501496,-0.057925396
3977,-0.37851322,-0.13695538,-0.14532742,-0.019749885,0.0,0.003944542,0.0,0.0,0.0122387055,0.051944803
3986,-0.4788255,0.034155592,-0.15086934,0.012657944,0.0,0.004950299,0.0,0.0,0.011724477,-0.06573239
3987,0.3147435,0.05947898,-0.0962818,0.009995413,0.0,0.0013138726,0.0,0.0,-0.033484552,0.037460245
3994,-0.18916681,0.07387281,-0.14249907,-0.015543341,0.0,0.003357402,0.0,0.0,0.014431792,0.02233675
3995,-0.46013403,0.045729414,-0.060110983,-0.014317054,0.0,0.004950299,0.0,0.0,-0.047852807,0.055612862
3996,-0.2016435,-0.18972376,-0.20100272,0.041202128,0.0,0.0023516451,0.0,0.0,0.0127143795,0.018801456
4002,-0.44747752,0.024146482,0.4051767,0.02175643,0.0,0.0016873089,0.0,0.0,0.051795937,-0.03365495
4003,-0.18067023,-0.20911916,-0.18692726,-0.024202697,0.0,0.0023516451,0.0,0.0,0.013933673,-0.028133
4004,0.21449311,-0.2439058,-0.1207807,0.014823569,0.0,0.0011253093,0.0,0.0,0.008061161,0.03294278
4005,-0.15444522,0.0694676,-0.15228252,-0.015567546,0.0,-0.026566949,0.0,0.0,0.0145007735,-0.033121422
4007,-0.19382003,0.071464896,-0.1481544,-0.015543341,0.0,-0.026566949,0.0,0.0,0.014431792,0.02233675
4010,0.5119207,0.06430874,-0.07969289,0.0062160776,0.0,0.0013138726,0.0,0.0,0.007269975,-0.055703413
4014,-0.42278153,0.02736505,0.33996528,-0.02894922,0.0,0.0016873089,0.0,0.0,0.061357565,0.024332784
4016,-0.18916681,0.07387281,-0.14249907,-0.015543341,0.0,0.003357402,0.0,0.0,0.014431792,0.02233675
4018,0.529373,0.064568214,-0.07682209,0.0074969796,0.0,0.0013138726,0.0,0.0,0.006910268,0.03141337
4025,-0.21027088,0.07080591,-0.06815264,-0.01901504,0.0,-0.026566949,0.0,0.0,-0.056018934,0.022474287
4028,-0.4534754,0.046388406,-0.12589267,-0.010845354,0.0,0.004950299,0.0,0.0,0.0128058065,0.055475328
4032,-0.3645764,-0.11012276,-0.14398783,0.040836487,0.0,0.003944542,0.0,0.0,0.011088394,0.051940043
4034,-0.4534754,0.046388406,-0.12589267,-0.010845354,0.0,0.004950299,0.0,0.0,0.0128058065,0.055475328
4036,-0.18294589,0.063856915,-0.16699667,0.013904313,0.0,0.003357402,0.0,0.0,0.013281481,0.022331985
4038,0.54857033,0.06353806,-0.06350905,0.006922394,0.0,0.0013138726,0.0,0.0,-0.02711445,-0.061126087
4040,0.26503065,0.06751916,-0.10959062,0.009894521,0.0,0.0013138726,0.0,0.0,0.008224944,0.036251742
4044,0.529373,0.064568214,-0.07682209,0.0074969796,0.0,0.0013138726,0.0,0.0,0.006910268,0.03141337
4047,0.29598904,0.07122533,-0.09238636,-0.01072802,0.0,0.0013138726,0.0,0.0,0.008592181,0.03577911
4049,-0.19382003,0.071464896,-0.1481544,-0.015543341,0.0,-0.026566949,0.0,0.0,0.014431792,0.02233675
4055,-0.05590368,0.062703975,-0.16519737,0.013723396,0.0,0.0013138728,0.0,0.0,0.010262008,-0.06641576
4056,0.2936652,0.05816864,-0.11222152,0.007842635,0.0,0.0013138726,0.0,0.0,0.008200129,-0.070980385
4064,0.53002495,0.064568214,-0.07682209,0.0074969796,0.0,0.0013138726,0.0,0.0,0.006910268,0.030761365
4065,0.2993227,0.060213104,-0.097022474,-0.008998308,0.0,0.0013138726,0.0,0.0,0.008616323,-0.06877579
4066,-0.39351314,-0.13028547,-0.1517983,-0.019749885,0.0,-0.030907197,0.0,0.0,0.0122387055,0.051944803
4070,-0.4104046,-0.12873685,-0.09477272,-0.023245791,0.0,0.003944542,0.0,0.0,-0.046343178,-0.06095897
4072,-0.4866179,0.043732088,-0.07690504,-0.014341258,0.0,0.004950299,0.0,0.0,-0.048131928,-0.0659474
4076,-0.47985446,0.044391084,-0.14348748,-0.010869558,0.0,0.004950299,0.0,0.0,0.012874788,-0.06573683
4081,0.26503065,0.06751916,-0.10959062,0.009894521,0.0,0.0013138726,0.0,0.0,0.008224944,0.036251742
4090,1.1054219,0.081290044,-0.06395228,0.0073350375,0.0,0.0013138726,0.0,0.0,0.006644698,0.020807792
4093,0.21274684,-0.24254198,-0.10707645,-0.013596427,0.0,0.0011253093,0.0,0.0,0.008523281,0.031169321
4097,0.057594307,0.032628074,0.47299865,0.06381429,0.0,0.00075796375,0.0,0.0,0.04509417,-0.048916098
4100,0.2659205,0.04937679,0.34315386,-0.06684162,0.0,0.00075796375,0.0,0.0,0.019278247,0.026583962
4105,0.29479772,0.04850334,0.41475412,0.04467596,0.0,0.00075796375,0.0,0.0,0.017461475,0.026922401
4110,1.1054219,0.081290044,-0.06395228,0.0073350375,0.0,0.0013138726,0.0,0.0,0.006644698,0.020807792
4111,0.06620926,0.034375794,0.45037803,0.06283101,0.0,0.00075796375,0.0,0.0,0.04484019,0.025139729
4112,-0.054050244,0.07077126,-0.123093665,-0.017434763,0.0,0.0013138728,0.0,0.0,0.011026625,0.038950063
4115,-0.46013403,0.045729414,-0.060110983,-0.014317054,0.0,0.004950299,0.0,0.0,-0.047852807,0.055612862
4120,-0.06514166,0.031958643,0.44538525,0.04470997,0.0,0.0012700163,0.0,0.0,0.05978424,0.01453893
4125,-0.0649615,0.06746611,-0.073351994,-0.01989325,0.0,0.0013138728,0.0,0.0,-0.043553606,-0.06653323
4130,0.2665465,0.06956363,-0.09138437,-0.011816396,0.0,0.0013138726,0.0,0.0,0.008638107,0.035782985
4132,0.4870921,-0.21138084,-0.083455525,0.01175055,0.0,0.0011253093,0.0,0.0,0.0068195835,-0.054753914
4140,0.06620926,0.034375794,0.45037803,0.06283101,0.0,0.00075796375,0.0,0.0,0.04484019,0.025139729
4141,0.68085915,0.07573839,-0.06039449,-0.007927184,0.0,0.0013138726,0.0,0.0,0.0070608915,0.02027272
4150,0.28852278,0.069072746,-0.09675201,-0.008998308,0.0,0.0013138726,0.0,0.0,0.008616323,-0.06652013
4151,0.65621495,0.07039761,0.14797933,-0.027512725,0.0,0.00075796375,0.0,0.0,-0.071197264,-0.041100577
4155,-0.4534754,0.046388406,-0.12589267,-0.010845354,0.0,0.004950299,0.0,0.0,0.0128058065,0.055475328
4157,-0.050985113,0.06714618,-0.13250437,-0.017458966,0.0,-0.0103547955,0.0,0.0,0.011063648,-0.0664202
4159,-0.06514166,0.031958643,0.44538525,0.04470997,0.0,0.0012700163,0.0,0.0,0.05978424,0.01453893
4161,-0.47985446,0.044391084,-0.14348748,-0.010869558,0.0,0.004950299,0.0,0.0,0.012874788,-0.06573683
4164,-0.45318377,0.036152914,-0.13251868,0.012672941,0.0,0.004950299,0.0,0.0,0.011655496,0.05547057
4168,-0.41611916,0.026793264,0.3837664,-0.030563153,0.0,0.0016873089,0.0,0.0,0.06196475,-0.035483304
4173,0.30649662,0.059610896,-0.10915083,0.009206316,0.0,0.0013138726,0.0,0.0,0.008175987,0.037412196
4182,0.6734195,0.073203824,-0.06535781,0.0073696696,0.0,0.0013138726,0.0,0.0,0.006644698,0.020329671
4183,0.715405,0.074581936,-0.06622661,0.0072740656,0.0,0.0013138726,0.0,0.0,0.006668839,-0.033246018
4191,-0.42278153,0.02736505,0.33996528,-0.02894922,0.0,0.0016873089,0.0,0.0,0.061357565,0.024332784
4193,-0.48299867,0.026298065,0.2196036,-0.061244756,0.0,0.0016873089,0.0,0.0,-0.22978729,-0.0373368
4200,-0.42278153,0.02736505,0.33996528,-0.02894922,0.0,0.0016873089,0.0,0.0,0.061357565,0.024332784
4201,-0.42278153,0.02736505,0.33996528,-0.02894922,0.0,0.0016873089,0.0,0.0,0.061357565,0.024332784
4204,-0.18916681,0.07387281,-0.14249907,-0.015543341,0.0,0.003357402,0.0,0.0,0.014431792,0.02233675
4205,-0.4556995,0.024718273,0.3595432,0.020773154,0.0,0.0016873089,0.0,0.0,0.05118875,0.023563927
4211,-0.149792,0.071875505,-0.14662717,-0.015567546,0.0,0.003357402,0.0,0.0,0.0145007735,-0.033121422
4212,-0.1978367,0.06319792,-0.09986002,0.01608509,0.0,0.003357402,0.0,0.0,-0.051516764,0.022469522
4217,-0.4556995,0.024718273,0.3595432,0.020773154,0.0,0.0016873089,0.0,0.0,0.05118875,0.023563927
4220,-0.06514166,0.031958643,0.44538525,0.04470997,0.0,0.0012700163,0.0,0.0,0.05978424,0.01453893
4222,-0.48402876,0.033496596,-0.09715198,0.01483872,0.0,0.004950299,0.0,0.0,-0.043629758,-0.06594296
4224,0.529373,0.064568214,-0.07682209,0.0074969796,0.0,0.0013138726,0.0,0.0,0.006910268,0.03141337
4227,-0.41611916,0.026793264,0.3837664,-0.030563153,0.0,0.0016873089,0.0,0.0,0.06196475,-0.035483304
4229,0.26503065,0.06751916,-0.10959062,0.009894521,0.0,0.0013138726,0.0,0.0,0.008224944,0.036251742
4237,0.2659205,0.04937679,0.34315386,-0.06684162,0.0,0.00075796375,0.0,0.0,0.019278247,0.026583962
4241,-0.44747752,0.024146482,0.4051767,0.02175643,0.0,0.0016873089,0.0,0.0,0.051795937,-0.03365495
4245,0.5375987,0.06661267,-0.07031495,-0.008155857,0.0,0.0013138726,0.0,0.0,0.007326462,0.029872553
4248,-0.18294589,0.063856915,-0.16699667,0.013904313,0.0,0.003357402,0.0,0.0,0.013281481,0.022331985
4249,-0.16634758,0.071216516,-0.06582456,-0.019039243,0.0,0.003357402,0.0,0.0,-0.056298062,-0.03333199
4253,1.0157887,0.09154335,-0.0641798,0.0073350375,0.0,0.0013138726,0.0,0.0,0.006644698,0.020807792
4254,-0.18294589,0.063856915,-0.16699667,0.013904313,0.0,0.003357402,0.0,0.0,0.013281481,0.022331985
4256,-0.0564144,0.062572055,-0.1153013,0.015244667,0.0,0.0013138728,0.0,0.0,-0.040399678,-0.06652879
4266,-0.47985446,0.044391084,-0.14348748,-0.010869558,0.0,0.004950299,0.0,0.0,0.012874788,-0.06573683
4271,0.7223162,0.07711651,-0.061134364,-0.0078230295,0.0,0.0013138726,0.0,0.0,0.0070850328,-0.033103213
4278,-0.2016435,-0.18972376,-0.20100272,0.041202128,0.0,0.0023516451,0.0,0.0,0.0127143795,0.018801456
4281,-0.42278153,0.02736505,0.33996528,-0.02894922,0.0,0.0016873089,0.0,0.0,0.061357565,0.024332784
4295,-0.4534754,0.046388406,-0.12589267,-0.010845354,0.0,0.004950299,0.0,0.0,0.0128058065,0.055475328
4307,0.29269668,0.06918087,-0.10745649,0.009206316,0.0,0.0013138726,0.0,0.0,0.008175987,0.036667917
4308,-0.4045628,-0.13043374,-0.16125077,-0.019774089,0.0,0.003944542,0.0,0.0,0.012307685,-0.060748395
4309,-0.2016435,-0.18972376,-0.20100272,0.041202128,0.0,0.0023516451,0.0,0.0,0.0127143795,0.018801456
4310,-0.44747752,0.024146482,0.4051767,0.02175643,0.0,0.0016873089,0.0,0.0,0.051795937,-0.03365495
4311,-0.42278153,0.02736505,0.33996528,-0.02894922,0.0,0.0016873089,0.0,0.0,0.061357565,0.024332784
4312,-0.4866179,0.043732088,-0.07690504,-0.014341258,0.0,0.004950299,0.0,0.0,-0.048131928,-0.0659474
4314,-0.088666074,-0.206597,-0.16622177,-0.02186064,0.0,0.0011253094,0.0,0.0,0.010948824,-0.056659188
4317,-0.4866179,0.043732088,-0.07690504,-0.014341258,0.0,0.004950299,0.0,0.0,-0.048131928,-0.0659474
4322,-0.088666074,-0.206597,-0.16622177,-0.02186064,0.0,0.0011253094,0.0,0.0,0.010948824,-0.056659188
4328,0.50153893,0.06588938,-0.079721645,0.00757976,0.0,0.0013138726,0.0,0.0,0.0072458335,0.029476078
4332,-0.41956282,-0.123763844,-0.16772169,-0.019774089,0.0,-0.030907197,0.0,0.0,0.012307685,-0.060748395
4334,0.2659205,0.04937679,0.34315386,-0.06684162,0.0,0.00075796375,0.0,0.0,0.019278247,0.026583962
4338,0.53002495,0.064568214,-0.07682209,0.0074969796,0.0,0.0013138726,0.0,0.0,0.006910268,0.030761365
4342,-0.42756528,0.026813569,0.3602708,-0.02894922,0.0,-0.013283086,0.0,0.0,0.061357565,0.024332784
4348,0.2576716,0.06464678,-0.11513898,0.009158531,0.0,0.0013138726,0.0,0.0,0.008249085,-0.066668466
4355,-0.4556995,0.024718273,0.3595432,0.020773154,0.0,0.0016873089,0.0,0.0,0.05118875,0.023563927
4357,0.5130568,-0.21673365,-0.07805054,-0.008206176,0.0,0.0011253093,0.0,0.0,0.0072357766,-0.052549332
4358,-0.18916681,0.07387281,-0.14249907,-0.015543341,0.0,0.003357402,0.0,0.0,0.014431792,0.02233675
4360,-0.16120185,-0.1832021,-0.20421512,0.041187134,0.0,0.0023516451,0.0,0.0,0.012783361,-0.028128553
4367,-0.149792,0.071875505,-0.14662717,-0.015567546,0.0,0.003357402,0.0,0.0,0.0145007735,-0.033121422
4368,0.48214254,-0.21754532,-0.083229735,0.013114232,0.0,0.0011253093,0.0,0.0,0.0067954427,0.028972097
4373,0.53772575,0.066221274,-0.056971014,-0.007810213,0.0,0.0013138726,0.0,0.0,-0.030481406,-0.053572528
4374,-0.046103776,0.06587724,-0.15651286,0.013738396,0.0,0.0013138728,0.0,0.0,0.010224984,0.038945306
4380,0.53002495,0.064568214,-0.07682209,0.0074969796,0.0,0.0013138726,0.0,0.0,0.006910268,0.030761365
4381,-0.03870899,0.031386852,0.45694217,0.04569325,0.0,0.0012700163,0.0,0.0,0.06039143,-0.024469284
4382,0.30094352,0.06904895,-0.09458746,0.009995413,0.0,0.0013138726,0.0,0.0,-0.033484552,0.036715966
4386,0.7149149,0.07507203,-0.06622661,0.0072740656,0.0,0.0013138726,0.0,0.0,0.006668839,-0.033246018
4388,0.26004472,0.06669124,-0.09680379,-0.010966936,0.0,0.0013138726,0.0,0.0,0.008662249,-0.06555177
4389,0.6813492,0.0752483,-0.06039449,-0.007927184,0.0,0.0013138726,0.0,0.0,0.0070608915,0.02027272
4390,-0.046103776,0.06587724,-0.15651286,0.013738396,0.0,0.0013138728,0.0,0.0,0.010224984,0.038945306
4391,-0.38425025,-0.1352585,-0.07965015,-0.023221584,0.0,0.003944542,0.0,0.0,-0.04606405,0.052082337
4394,0.529373,0.064568214,-0.07682209,0.0074969796,0.0,0.0013138726,0.0,0.0,0.006910268,0.03141337
4395,0.29893762,0.068940826,-0.08171513,-0.010255386,0.0,0.0013138726,0.0,0.0,-0.03521215,-0.066593826
4399,0.28286517,0.067028284,-0.11195107,0.007842635,0.0,0.0013138726,0.0,0.0,0.008200129,-0.06872471
4402,0.06620926,0.034375794,0.45037803,0.06283101,0.0,0.00075796375,0.0,0.0,0.04484019,0.025139729
4404,0.53544956,0.06366998,-0.077333875,0.006133297,0.0,0.0013138726,0.0,0.0,0.0069344095,-0.05937531
4408,-0.44747752,0.024146482,0.4051767,0.02175643,0.0,0.0016873089,0.0,0.0,0.051795937,-0.03365495
4411,0.28014895,0.06911179,-0.09286633,-0.011816396,0.0,-0.0103547955,0.0,0.0,0.008638107,0.035782985
4416,0.2576716,0.06464678,-0.11513898,0.009158531,0.0,0.0013138726,0.0,0.0,0.008249085,-0.066668466
4418,0.5375987,0.06661267,-0.07031495,-0.008155857,0.0,0.0013138726,0.0,0.0,0.007326462,0.029872553
4422,-0.45828238,0.03549392,-0.079602145,0.014853718,0.0,0.004950299,0.0,0.0,-0.04335063,0.055608105
4423,0.032768875,0.03426789,0.32635072,0.07478608,0.0,0.00075796375,0.0,0.0,-0.17924598,0.02563209
4426,-0.18916681,0.07387281,-0.14249907,-0.015543341,0.0,0.003357402,0.0,0.0,0.014431792,0.02233675
4428,1.0238023,0.09358782,-0.05938506,-0.007877525,0.0,0.0013138726,0.0,0.0,0.0070608915,0.020750843
4429,-0.4534754,0.046388406,-0.12589267,-0.010845354,0.0,0.004950299,0.0,0.0,0.0128058065,0.055475328
4435,-0.48299867,0.026298065,0.2196036,-0.061244756,0.0,0.0016873089,0.0,0.0,-0.22978729,-0.0373368
4451,-0.4556995,0.024718273,0.3595432,0.020773154,0.0,0.0016873089,0.0,0.0,0.05118875,0.023563927
4458,-0.47985446,0.044391084,-0.14348748,-0.010869558,0.0,0.004950299,0.0,0.0,0.012874788,-0.06573683
4461,-0.41956282,-0.123763844,-0.16772169,-0.019774089,0.0,-0.030907197,0.0,0.0,0.012307685,-0.060748395
4462,-0.06458758,0.06759803,-0.13102242,-0.017458966,0.0,0.0013138728,0.0,0.0,0.011063648,-0.0664202
4463,-0.054050244,0.07077126,-0.123093665,-0.017434763,0.0,0.0013138728,0.0,0.0,0.011026625,0.038950063
4468,0.29479772,0.04850334,0.41475412,0.04467596,0.0,0.00075796375,0.0,0.0,0.017461475,0.026922401
4472,-0.49851292,0.041983157,-0.15214115,-0.010869558,0.0,-0.03897925,0.0,0.0,0.012874788,-0.06573683
4476,-0.42756528,0.026813569,0.3602708,-0.02894922,0.0,-0.013283086,0.0,0.0,0.061357565,0.024332784
4478,-0.46013403,0.045729414,-0.060110983,-0.014317054,0.0,0.004950299,0.0,0.0,-0.047852807,0.055612862
4481,0.50148106,0.06888348,0.19539177,-0.021751804,0.0,0.00075796375,0.0,0.0,0.01845536,0.019942716
4484,0.6813492,0.0752483,-0.06039449,-0.007927184,0.0,0.0013138726,0.0,0.0,0.0070608915,0.02027272
4485,0.057594307,0.032628074,0.47299865,0.06381429,0.0,0.00075796375,0.0,0.0,0.04509417,-0.048916098
4486,-0.45318377,0.036152914,-0.13251868,0.012672941,0.0,0.004950299,0.0,0.0,0.011655496,0.05547057
4489,0.50153893,0.06588938,-0.079721645,0.00757976,0.0,0.0013138726,0.0,0.0,0.0072458335,0.029476078
4491,0.9022549,-0.25687313,-0.070285715,0.012952291,0.0,0.0011253093,0.0,0.0,0.0065298723,0.021241128
4497,-0.14283365,0.06185958,-0.17188059,0.013889315,0.0,0.003357402,0.0,0.0,0.013350464,-0.03311698
4499,-0.41611916,0.026793264,0.3837664,-0.030563153,0.0,0.0016873089,0.0,0.0,0.06196475,-0.035483304
4502,0.6947197,0.07573839,-0.06039449,-0.007927184,0.0,0.0013138726,0.0,0.0,0.0070608915,0.02027272
4507,0.26579723,0.06451486,-0.101656176,0.009941739,0.0,0.0013138726,0.0,0.0,-0.033776287,-0.06674216
4509,-0.4045628,-0.13043374,-0.16125077,-0.019774089,0.0,0.003944542,0.0,0.0,0.012307685,-0.060748395
4511,0.057594307,0.032628074,0.47299865,0.06381429,0.0,0.00075796375,0.0,0.0,0.04509417,-0.048916098
4533,0.7132636,-0.16385859,-0.07120606,0.012986923,0.0,0.0011253093,0.0,0.0,0.0065298723,0.021541271
4538,0.06620926,0.034375794,0.45037803,0.06283101,0.0,0.00075796375,0.0,0.0,0.04484019,0.025139729
4541,-0.4556995,0.024718273,0.3595432,0.020773154,0.0,0.0016873089,0.0,0.0,0.05118875,0.023563927
4544,-0.45318377,0.036152914,-0.13251868,0.012672941,0.0,0.004950299,0.0,0.0,0.011655496,0.05547057
4549,-0.4967275,0.023651285,0.27245477,0.04103336,0.0,0.0016873089,0.0,0.0,-0.18999757,-0.035508446
4555,-0.19630413,-0.20742229,-0.10622921,-0.027674396,0.0,0.0023516451,0.0,0.0,-0.054509304,-0.028343568
4560,-0.10110351,0.034385864,0.3807284,-0.07389221,0.0,0.0012700163,0.0,0.0,0.06995305,0.015307788
4565,-0.42278153,0.02736505,0.33996528,-0.02894922,0.0,0.0016873089,0.0,0.0,0.061357565,0.024332784
4568,-0.06514166,0.031958643,0.44538525,0.04470997,0.0,0.0012700163,0.0,0.0,0.05978424,0.01453893
4570,-0.47985446,0.044391084,-0.14348748,-0.010869558,0.0,0.004950299,0.0,0.0,0.012874788,-0.06573683
4571,-0.23689856,-0.20727403,-0.108046055,-0.02765019,0.0,-0.018494893,0.0,0.0,-0.054230176,0.018943753
4573,-0.18294589,0.063856915,-0.16699667,0.013904313,0.0,0.003357402,0.0,0.0,0.013281481,0.022331985
4574,1.0157887,0.09154335,-0.0641798,0.0073350375,0.0,0.0013138726,0.0,0.0,0.006644698,0.020807792
4582,0.26004472,0.06669124,-0.09680379,-0.010966936,0.0,0.0013138726,0.0,0.0,0.008662249,-0.06555177
4583,-0.050985113,0.06714618,-0.13250437,-0.017458966,0.0,-0.0103547955,0.0,0.0,0.011063648,-0.0664202
4587,-0.4534754,0.046388406,-0.12589267,-0.010845354,0.0,0.004950299,0.0,0.0,0.0128058065,0.055475328
4589,-0.37851322,-0.13695538,-0.14532742,-0.019749885,0.0,0.003944542,0.0,0.0,0.0122387055,0.051944803
4595,-0.45318377,0.036152914,-0.13251868,0.012672941,0.0,0.004950299,0.0,0.0,0.011655496,0.05547057
4597,-0.18294589,0.063856915,-0.16699667,0.013904313,0.0,0.003357402,0.0,0.0,0.013281481,0.022331985
4602,0.4870921,-0.21138084,-0.083455525,0.01175055,0.0,0.0011253093,0.0,0.0,0.0068195835,-0.054753914
4603,-0.44747752,0.024146482,0.4051767,0.02175643,0.0,0.0016873089,0.0,0.0,0.051795937,-0.03365495
4605,-0.37851322,-0.13695538,-0.14532742,-0.019749885,0.0,0.003944542,0.0,0.0,0.0122387055,0.051944803
4609,1.0566953,0.092348896,-0.06536136,0.0072394335,0.0,0.0013138726,0.0,0.0,0.006668839,-0.03384658
4610,0.506394,-0.22289814,-0.07795367,-0.0099358875,0.0,0.0011253093,0.0,0.0,0.0072116354,0.027431285
4611,-0.08514702,-0.21863149,-0.15996443,-0.021836435,0.0,0.0011253094,0.0,0.0,0.010911798,0.033503346
4615,0.26004472,0.06669124,-0.09680379,-0.010966936,0.0,0.0013138726,0.0,0.0,0.008662249,-0.06555177
4619,-0.17172192,0.031463444,0.28009412,0.063986905,0.0,0.0012700163,0.0,0.0,-0.23744187,0.015749611
4620,-0.4045628,-0.13043374,-0.16125077,-0.019774089,0.0,0.003944542,0.0,0.0,0.012307685,-0.060748395
4622,-0.42756528,0.026813569,0.3602708,-0.02894922,0.0,-0.013283086,0.0,0.0,0.061357565,0.024332784
4623,-0.48299867,0.026298065,0.2196036,-0.061244756,0.0,0.0016873089,0.0,0.0,-0.22978729,-0.0373368
4624,0.2576716,0.06464678,-0.11513898,0.009158531,0.0,0.0013138726,0.0,0.0,0.008249085,-0.066668466
4627,-0.19382003,0.071464896,-0.1481544,-0.015543341,0.0,-0.026566949,0.0,0.0,0.014431792,0.02233675
4628,-0.4045628,-0.13043374,-0.16125077,-0.019774089,0.0,0.003944542,0.0,0.0,0.012307685,-0.060748395
4639,-0.06514166,0.031958643,0.44538525,0.04470997,0.0,0.0012700163,0.0,0.0,0.05978424,0.01453893
4642,-0.46013403,0.045729414,-0.060110983,-0.014317054,0.0,0.004950299,0.0,0.0,-0.047852807,0.055612862
4645,0.6729294,0.073693916,-0.06535781,0.0073696696,0.0,0.0013138726,0.0,0.0,0.006644698,0.020329671
4648,-0.3645764,-0.11012276,-0.14398783,0.040836487,0.0,0.003944542,0.0,0.0,0.011088394,0.051940043
4649,0.52250534,0.067482,-0.074276924,-0.008282847,0.0,-0.0103547955,0.0,0.0,0.007662027,0.028587269
4653,0.30978894,0.061655365,-0.094080694,-0.01072802,0.0,0.0013138726,0.0,0.0,0.008592181,0.036523383
4663,0.382173,0.046640415,0.32351083,-0.07175035,0.0,0.00075796375,0.0,0.0,-0.075004004,-0.054450367
4664,0.53002495,0.064568214,-0.07682209,0.0074969796,0.0,0.0013138726,0.0,0.0,0.006910268,0.030761365
4665,0.45556626,0.068010025,0.21185699,0.014973561,0.0,0.00075796375,0.0,0.0,0.016603217,0.019869348
4667,-0.4104046,-0.12873685,-0.09477272,-0.023245791,0.0,0.003944542,0.0,0.0,-0.046343178,-0.06095897
4669,-0.046103776,0.06587724,-0.15651286,0.013738396,0.0,0.0013138728,0.0,0.0,0.010224984,0.038945306
4670,-0.4534754,0.046388406,-0.12589267,-0.010845354,0.0,0.004950299,0.0,0.0,0.0128058065,0.055475328
4672,0.73641664,0.05357005,-0.06622661,0.0072740656,0.0,0.0013138726,0.0,0.0,0.006668839,-0.033246018
4673,0.2856497,-0.20306373,-0.10991383,0.015612666,0.0,0.0011253093,0.0,0.0,-0.033116434,0.03487634
4685,0.6910913,0.073071904,-0.051499624,0.008158766,0.0,0.0013138726,0.0,0.0,-0.025590748,0.02037772
4690,-0.18067023,-0.20911916,-0.18692726,-0.024202697,0.0,0.0023516451,0.0,0.0,0.013933673,-0.028133
4691,-0.046103776,0.06587724,-0.15651286,0.013738396,0.0,0.0013138728,0.0,0.0,0.010224984,0.038945306
4695,-0.046103776,0.06587724,-0.15651286,0.013738396,0.0,0.0013138728,0.0,0.0,0.010224984,0.038945306
4698,-0.503783,0.024223074,0.22873658,0.040050086,0.0,0.0016873089,0.0,0.0,-0.18754055,0.02477461
4700,0.29269668,0.06918087,-0.10745649,0.009206316,0.0,0.0013138726,0.0,0.0,0.008175987,0.036667917
4703,-0.4045628,-0.13043374,-0.16125077,-0.019774089,0.0,0.003944542,0.0,0.0,0.012307685,-0.060748395
4709,-0.37851322,-0.13695538,-0.14532742,-0.019749885,0.0,0.003944542,0.0,0.0,0.0122387055,0.051944803
4713,0.5505491,0.066160835,-0.07179692,-0.008155857,0.0,-0.0103547955,0.0,0.0,0.007326462,0.030524557
4715,-0.4534754,0.046388406,-0.12589267,-0.010845354,0.0,0.004950299,0.0,0.0,0.0128058065,0.055475328
4720,-0.41956282,-0.123763844,-0.16772169,-0.019774089,0.0,-0.030907197,0.0,0.0,0.012307685,-0.060748395
4723,-0.046103776,0.06587724,-0.15651286,0.013738396,0.0,0.0013138728,0.0,0.0,0.010224984,0.038945306
4727,0.26937762,0.04919197,0.34661102,-0.06684162,0.0,-0.0059715733,0.0,0.0,0.019278247,0.026583962
4728,0.529373,0.064568214,-0.07682209,0.0074969796,0.0,0.0013138726,0.0,0.0,0.006910268,0.03141337
4729,-0.503783,0.024223074,0.22873658,0.040050086,0.0,0.0016873089,0.0,0.0,-0.18754055,0.02477461
4735,-0.20561768,0.07321383,-0.06249729,-0.01901504,0.0,0.003357402,0.0,0.0,-0.056018934,0.022474287
4739,1.0566953,0.092348896,-0.06536136,0.0072394335,0.0,0.0013138726,0.0,0.0,0.006668839,-0.03384658
4743,0.529373,0.064568214,-0.07682209,0.0074969796,0.0,0.0013138726,0.0,0.0,0.006910268,0.03141337
4747,0.6813492,0.0752483,-0.06039449,-0.007927184,0.0,0.0013138726,0.0,0.0,0.0070608915,0.02027272
4753,-0.08514702,-0.21863149,-0.15996443,-0.021836435,0.0,0.0011253094,0.0,0.0,0.010911798,0.033503346
4762,0.529373,0.064568214,-0.07682209,0.0074969796,0.0,0.0013138726,0.0,0.0,0.006910268,0.03141337
4763,-0.4866179,0.043732088,-0.07690504,-0.014341258,0.0,0.004950299,0.0,0.0,-0.048131928,-0.0659474
4770,0.4971717,-0.21719427,-0.06954122,0.013903329,0.0,0.0011253093,0.0,0.0,-0.026648726,0.02902015
4774,-0.4866179,0.043732088,-0.07690504,-0.014341258,0.0,0.004950299,0.0,0.0,-0.048131928,-0.0659474
4776,-0.4556995,0.024718273,0.3595432,0.020773154,0.0,0.0016873089,0.0,0.0,0.05118875,0.023563927
4778,-0.14283365,0.06185958,-0.17188059,0.013889315,0.0,0.003357402,0.0,0.0,0.013350464,-0.03311698
4781,-0.20160669,0.033318873,0.19180556,-0.10618776,0.0,0.0012700163,0.0,0.0,-0.2796886,-0.028151128
4788,0.70832217,0.07528655,-0.06187645,-0.007927184,0.0,-0.0103547955,0.0,0.0,0.0070608915,0.02027272
4791,-0.48402876,0.033496596,-0.09715198,0.01483872,0.0,0.004950299,0.0,0.0,-0.043629758,-0.06594296
4794,-0.39351314,-0.13028547,-0.1517983,-0.019749885,0.0,-0.030907197,0.0,0.0,0.0122387055,0.051944803
4797,0.7144378,0.075606465,-0.044490136,-0.009184263,0.0,0.0013138726,0.0,0.0,-0.027220733,0.020320773
4803,-0.23590375,-0.21394394,-0.10457342,-0.02765019,0.0,0.0023516451,0.0,0.0,-0.054230176,0.018943753
4804,1.0157887,0.09154335,-0.0641798,0.0073350375,0.0,0.0013138726,0.0,0.0,0.006644698,0.020807792
4805,-0.45318377,0.036152914,-0.13251868,0.012672941,0.0,0.004950299,0.0,0.0,0.011655496,0.05547057
4806,0.48279455,-0.21754532,-0.083229735,0.013114232,0.0,0.0011253093,0.0,0.0,0.0067954427,0.028320093
4807,-0.088666074,-0.206597,-0.16622177,-0.02186064,0.0,0.0011253094,0.0,0.0,0.010948824,-0.056659188
4811,-0.05590368,0.062703975,-0.16519737,0.013723396,0.0,0.0013138728,0.0,0.0,0.010262008,-0.06641576
4812,-0.4866179,0.043732088,-0.07690504,-0.014341258,0.0,0.004950299,0.0,0.0,-0.048131928,-0.0659474
4815,-0.089991294,-0.20624596,-0.10856601,-0.024294924,0.0,0.0011253094,0.0,0.0,-0.043185487,-0.05677222
4817,-0.16120185,-0.1832021,-0.20421512,0.041187134,0.0,0.0023516451,0.0,0.0,0.012783361,-0.028128553
4822,-0.4534754,0.046388406,-0.12589267,-0.010845354,0.0,0.004950299,0.0,0.0,0.0128058065,0.055475328
4828,-0.4556995,0.024718273,0.3595432,0.020773154,0.0,0.0016873089,0.0,0.0,0.05118875,0.023563927
4830,-0.046103776,0.06587724,-0.15651286,0.013738396,0.0,0.0013138728,0.0,0.0,0.010224984,0.038945306
4840,-0.18294589,0.063856915,-0.16699667,0.013904313,0.0,0.003357402,0.0,0.0,0.013281481,0.022331985
4844,-0.18916681,0.07387281,-0.14249907,-0.015543341,0.0,0.003357402,0.0,0.0,0.014431792,0.02233675
4845,0.6895057,0.057117585,-0.06535781,0.0073696696,0.0,0.0013138726,0.0,0.0,0.006644698,0.020329671
4847,-0.45318377,0.036152914,-0.13251868,0.012672941,0.0,0.004950299,0.0,0.0,0.011655496,0.05547057
4848,-0.3645764,-0.11012276,-0.14398783,0.040836487,0.0,0.003944542,0.0,0.0,0.011088394,0.051940043
4849,0.50153893,0.06588938,-0.079721645,0.00757976,0.0,0.0013138726,0.0,0.0,0.0072458335,0.029476078
4852,-0.18067023,-0.20911916,-0.18692726,-0.024202697,0.0,0.0023516451,0.0,0.0,0.013933673,-0.028133
4853,0.2338111,-0.24925862,-0.10694169,-0.01250805,0.0,0.0011253093,0.0,0.0,0.008477354,0.03205397
4861,-0.2203745,-0.2156408,-0.18447068,-0.024178492,0.0,0.0023516451,0.0,0.0,0.013864691,0.018806215
4865,-0.18916681,0.07387281,-0.14249907,-0.015543341,0.0,0.003357402,0.0,0.0,0.014431792,0.02233675
4866,-0.012645755,0.03561034,0.353475,-0.10212152,0.0,-0.0059715733,0.0,0.0,0.051138133,0.025908588
4867,0.529373,0.064568214,-0.07682209,0.0074969796,0.0,0.0013138726,0.0,0.0,0.006910268,0.03141337
4872,-0.47985446,0.044391084,-0.14348748,-0.010869558,0.0,0.004950299,0.0,0.0,0.012874788,-0.06573683
4881,1.0157887,0.09154335,-0.0641798,0.0073350375,0.0,0.0013138726,0.0,0.0,0.006644698,0.020807792
4887,0.29269668,0.06918087,-0.10745649,0.009206316,0.0,0.0013138726,0.0,0.0,0.008175987,0.036667917
4890,0.43444684,0.05122359,0.39275524,0.043214872,0.0,0.00075796375,0.0,0.0,-0.06587002,0.029462695
4893,-0.42278153,0.02736505,0.33996528,-0.02894922,0.0,0.0016873089,0.0,0.0,0.061357565,0.024332784
4904,-0.05590368,0.062703975,-0.16519737,0.013723396,0.0,0.0013138728,0.0,0.0,0.010262008,-0.06641576
4905,-0.4788255,0.034155592,-0.15086934,0.012657944,0.0,0.004950299,0.0,0.0,0.011724477,-0.06573239
4908,-0.4866179,0.043732088,-0.07690504,-0.014341258,0.0,0.004950299,0.0,0.0,-0.048131928,-0.0659474
4912,0.30978894,0.061655365,-0.094080694,-0.01072802,0.0,0.0013138726,0.0,0.0,0.008592181,0.036523383
4914,-0.37851322,-0.13695538,-0.14532742,-0.019749885,0.0,0.003944542,0.0,0.0,0.0122387055,0.051944803
4915,-0.18916681,0.07387281,-0.14249907,-0.015543341,0.0,0.003357402,0.0,0.0,0.014431792,0.02233675
4916,0.2665465,0.06956363,-0.09138437,-0.011816396,0.0,0.0013138726,0.0,0.0,0.008638107,0.035782985
4917,-0.49851292,0.041983157,-0.15214115,-0.010869558,0.0,-0.03897925,0.0,0.0,0.012874788,-0.06573683
4919,-0.10110351,0.034385864,0.3807284,-0.07389221,0.0,0.0012700163,0.0,0.0,0.06995305,0.015307788
4920,0.66036654,-0.23592958,-0.067927696,-0.009603061,0.0,0.0011253093,0.0,0.0,0.0069702063,-0.037236534
4926,0.53544956,0.06366998,-0.077333875,0.006133297,0.0,0.0013138726,0.0,0.0,0.0069344095,-0.05937531
4927,-0.06514166,0.031958643,0.44538525,0.04470997,0.0,0.0012700163,0.0,0.0,0.05978424,0.01453893
4928,-0.47985446,0.044391084,-0.14348748,-0.010869558,0.0,0.004950299,0.0,0.0,0.012874788,-0.06573683
4934,-0.10110351,0.034385864,0.3807284,-0.07389221,0.0,0.0012700163,0.0,0.0,0.06995305,0.015307788
4935,-0.4104046,-0.12873685,-0.09477272,-0.023245791,0.0,0.003944542,0.0,0.0,-0.046343178,-0.06095897
4938,-0.14283365,0.06185958,-0.17188059,0.013889315,0.0,0.003357402,0.0,0.0,0.013350464,-0.03311698
4941,-0.37851322,-0.13695538,-0.14532742,-0.019749885,0.0,0.003944542,0.0,0.0,0.0122387055,0.051944803
4943,-0.46013403,0.045729414,-0.060110983,-0.014317054,0.0,0.004950299,0.0,0.0,-0.047852807,0.055612862
4950,0.202258,-0.23683813,-0.11070515,0.01629498,0.0,0.0011253093,0.0,0.0,-0.03331056,0.031686127
4952,-0.22642785,0.033339184,0.19696376,-0.10457383,0.0,-0.010031402,0.0,0.0,-0.27723157,0.01651847
4955,-0.48402876,0.033496596,-0.09715198,0.01483872,0.0,0.004950299,0.0,0.0,-0.043629758,-0.06594296
4963,-0.2203745,-0.2156408,-0.18447068,-0.024178492,0.0,0.0023516451,0.0,0.0,0.013864691,0.018806215
4964,-0.06514166,0.031958643,0.44538525,0.04470997,0.0,0.0012700163,0.0,0.0,0.05978424,0.01453893
4970,-0.2203745,-0.2156408,-0.18447068,-0.024178492,0.0,0.0023516451,0.0,0.0,0.013864691,0.018806215
4971,0.7287754,0.07507203,-0.06622661,0.0072740656,0.0,0.0013138726,0.0,0.0,0.006668839,-0.033246018
4972,1.037405,0.09313598,-0.060867023,-0.007877525,0.0,-0.0103547955,0.0,0.0,0.0070608915,0.020750843
4980,0.06620926,0.034375794,0.45037803,0.06283101,0.0,0.00075796375,0.0,0.0,0.04484019,0.025139729
4987,0.41127557,0.059291124,0.26474172,-0.029971825,0.0,0.00075796375,0.0,0.0,0.018636575,0.030079633
4994,-0.45318377,0.036152914,-0.13251868,0.012672941,0.0,0.004950299,0.0,0.0,0.011655496,0.05547057
4996,-0.47985446,0.044391084,-0.14348748,-0.010869558,0.0,0.004950299,0.0,0.0,0.012874788,-0.06573683
5000,-0.45318377,0.036152914,-0.13251868,0.012672941,0.0,0.004950299,0.0,0.0,0.011655496,0.05547057
5002,-0.45318377,0.036152914,-0.13251868,0.012672941,0.0,0.004950299,0.0,0.0,0.011655496,0.05547057
5004,-0.41611916,0.026793264,0.3837664,-0.030563153,0.0,0.0016873089,0.0,0.0,0.06196475,-0.035483304
5005,-0.4045628,-0.13043374,-0.16125077,-0.019774089,0.0,0.003944542,0.0,0.0,0.012307685,-0.060748395
5008,-0.4045628,-0.13043374,-0.16125077,-0.019774089,0.0,0.003944542,0.0,0.0,0.012307685,-0.060748395
5012,0.5453532,0.0644363,-0.063119,0.008286076,0.0,0.0013138726,0.0,0.0,-0.027016843,0.031461418
5014,-0.37851322,-0.13695538,-0.14532742,-0.019749885,0.0,0.003944542,0.0,0.0,0.0122387055,0.051944803
5016,-0.45318377,0.036152914,-0.13251868,0.012672941,0.0,0.004950299,0.0,0.0,0.011655496,0.05547057
5017,0.057594307,0.032628074,0.47299865,0.06381429,0.0,0.00075796375,0.0,0.0,0.04509417,-0.048916098
5018,-0.19382003,0.071464896,-0.1481544,-0.015543341,0.0,-0.026566949,0.0,0.0,0.014431792,0.02233675
5026,-0.45318377,0.036152914,-0.13251868,0.012672941,0.0,0.004950299,0.0,0.0,0.011655496,0.05547057
5029,0.26579723,0.06451486,-0.101656176,0.009941739,0.0,0.0013138726,0.0,0.0,-0.033776287,-0.06674216
5037,-0.06514166,0.031958643,0.44538525,0.04470997,0.0,0.0012700163,0.0,0.0,0.05978424,0.01453893
5044,-0.49851292,0.041983157,-0.15214115,-0.010869558,0.0,-0.03897925,0.0,0.0,0.012874788,-0.06573683
5045,-0.06514166,0.031958643,0.44538525,0.04470997,0.0,0.0012700163,0.0,0.0,0.05978424,0.01453893
5047,0.6947197,0.07573839,-0.06039449,-0.007927184,0.0,0.0013138726,0.0,0.0,0.0070608915,0.02027272
5048,0.505742,-0.22289814,-0.07795367,-0.0099358875,0.0,0.0011253093,0.0,0.0,0.0072116354,0.028083285
5059,-0.012645755,0.03561034,0.353475,-0.10212152,0.0,-0.0059715733,0.0,0.0,0.051138133,0.025908588
5062,0.30649662,0.059610896,-0.10915083,0.009206316,0.0,0.0013138726,0.0,0.0,0.008175987,0.037412196
5063,-0.18067023,-0.20911916,-0.18692726,-0.024202697,0.0,0.0023516451,0.0,0.0,0.013933673,-0.028133
5068,-0.10110351,0.034385864,0.3807284,-0.07389221,0.0,0.0012700163,0.0,0.0,0.06995305,0.015307788
5069,0.2576716,0.06464678,-0.11513898,0.009158531,0.0,0.0013138726,0.0,0.0,0.008249085,-0.066668466
5070,-0.1978367,0.06319792,-0.09986002,0.01608509,0.0,0.003357402,0.0,0.0,-0.051516764,0.022469522
5071,-0.4556995,0.024718273,0.3595432,0.020773154,0.0,0.0016873089,0.0,0.0,0.05118875,0.023563927
5072,0.26503065,0.06751916,-0.10959062,0.009894521,0.0,0.0013138726,0.0,0.0,0.008224944,0.036251742
5077,-0.37851322,-0.13695538,-0.14532742,-0.019749885,0.0,0.003944542,0.0,0.0,0.0122387055,0.051944803
5087,-0.4866179,0.043732088,-0.07690504,-0.014341258,0.0,0.004950299,0.0,0.0,-0.048131928,-0.0659474
5091,-0.18294589,0.063856915,-0.16699667,0.013904313,0.0,0.003357402,0.0,0.0,0.013281481,0.022331985
5093,-0.15782903,0.061200585,-0.10394307,0.01607009,0.0,0.003357402,0.0,0.0,-0.051795885,-0.033327546
5094,0.51534164,0.06888348,0.19539177,-0.021751804,0.0,0.00075796375,0.0,0.0,0.01845536,0.019942716
5095,-0.42756528,0.026813569,0.3602708,-0.02894922,0.0,-0.013283086,0.0,0.0,0.061357565,0.024332784
5100,-0.088666074,-0.206597,-0.16622177,-0.02186064,0.0,0.0011253094,0.0,0.0,0.010948824,-0.056659188
5104,-0.06514166,0.031958643,0.44538525,0.04470997,0.0,0.0012700163,0.0,0.0,0.05978424,0.01453893
5105,0.29479772,0.04850334,0.41475412,0.04467596,0.0,0.00075796375,0.0,0.0,0.017461475,0.026922401
5111,0.68085915,0.07573839,-0.06039449,-0.007927184,0.0,0.0013138726,0.0,0.0,0.0070608915,0.02027272
5112,0.505742,-0.22289814,-0.07795367,-0.0099358875,0.0,0.0011253093,0.0,0.0,0.0072116354,0.028083285
5114,0.6729294,0.073693916,-0.06535781,0.0073696696,0.0,0.0013138726,0.0,0.0,0.006644698,0.020329671
5119,-0.046103776,0.06587724,-0.15651286,0.013738396,0.0,0.0013138728,0.0,0.0,0.010224984,0.038945306
5120,-0.41611916,0.026793264,0.3837664,-0.030563153,0.0,0.0016873089,0.0,0.0,0.06196475,-0.035483304
5121,-0.46013403,0.045729414,-0.060110983,-0.014317054,0.0,0.004950299,0.0,0.0,-0.047852807,0.055612862
5122,0.30649662,0.059610896,-0.10915083,0.009206316,0.0,0.0013138726,0.0,0.0,0.008175987,0.037412196
5125,-0.03870899,0.031386852,0.45694217,0.04569325,0.0,0.0012700163,0.0,0.0,0.06039143,-0.024469284
5126,-0.4967275,0.023651285,0.27245477,0.04103336,0.0,0.0016873089,0.0,0.0,-0.18999757,-0.035508446
5130,-0.10110351,0.034385864,0.3807284,-0.07389221,0.0,0.0012700163,0.0,0.0,0.06995305,0.015307788
5139,-0.45318377,0.036152914,-0.13251868,0.012672941,0.0,0.004950299,0.0,0.0,0.011655496,0.05547057
5142,-0.49851292,0.041983157,-0.15214115,-0.010869558,0.0,-0.03897925,0.0,0.0,0.012874788,-0.06573683
5144,-0.10110351,0.034385864,0.3807284,-0.07389221,0.0,0.0012700163,0.0,0.0,0.06995305,0.015307788
5147,-0.18916681,0.07387281,-0.14249907,-0.015543341,0.0,0.003357402,0.0,0.0,0.014431792,0.02233675
5150,-0.42540464,-0.122066975,-0.101243615,-0.023245791,0.0,-0.030907197,0.0,0.0,-0.046343178,-0.06095897
5151,0.6906012,0.073561996,-0.051499624,0.008158766,0.0,0.0013138726,0.0,0.0,-0.025590748,0.02037772
5152,-0.4866179,0.043732088,-0.07690504,-0.014341258,0.0,0.004950299,0.0,0.0,-0.048131928,-0.0659474
5153,0.60848844,-0.22660999,-0.07120606,0.012986923,0.0,0.0011253093,0.0,0.0,0.0065298723,0.021541271
5154,0.7287754,0.07507203,-0.06622661,0.0072740656,0.0,0.0013138726,0.0,0.0,0.006668839,-0.033246018
5155,0.3142597,0.05202013,0.36104846,-0.058865495,0.0,-0.0059715733,0.0,0.0,0.018912172,0.028492985
5156,0.4703264,-0.22894888,-0.080051795,-0.010062878,0.0,0.0011253093,0.0,0.0,0.0075472007,0.02539396
5158,-0.15782903,0.061200585,-0.10394307,0.01607009,0.0,0.003357402,0.0,0.0,-0.051795885,-0.033327546
5162,-0.14283365,0.06185958,-0.17188059,0.013889315,0.0,0.003357402,0.0,0.0,0.013350464,-0.03311698
5163,1.0157887,0.09154335,-0.0641798,0.0073350375,0.0,0.0013138726,0.0,0.0,0.006644698,0.020807792
5165,0.3142597,0.05202013,0.36104846,-0.058865495,0.0,-0.0059715733,0.0,0.0,0.018912172,0.028492985
5166,0.4703264,-0.22894888,-0.080051795,-0.010062878,0.0,0.0011253093,0.0,0.0,0.0075472007,0.02539396
5167,-0.4556995,0.024718273,0.3595432,0.020773154,0.0,0.0016873089,0.0,0.0,0.05118875,0.023563927
5173,-0.4534754,0.046388406,-0.12589267,-0.010845354,0.0,0.004950299,0.0,0.0,0.0128058065,0.055475328
5177,-0.44747752,0.024146482,0.4051767,0.02175643,0.0,0.0016873089,0.0,0.0,0.051795937,-0.03365495
5178,-0.48299867,0.026298065,0.2196036,-0.061244756,0.0,0.0016873089,0.0,0.0,-0.22978729,-0.0373368
5189,-0.05590368,0.062703975,-0.16519737,0.013723396,0.0,0.0013138728,0.0,0.0,0.010262008,-0.06641576
5191,-0.18294589,0.063856915,-0.16699667,0.013904313,0.0,0.003357402,0.0,0.0,0.013281481,0.022331985
5195,0.26503065,0.06751916,-0.10959062,0.009894521,0.0,0.0013138726,0.0,0.0,0.008224944,0.036251742
5196,-0.4534754,0.046388406,-0.12589267,-0.010845354,0.0,0.004950299,0.0,0.0,0.0128058065,0.055475328
5198,-0.45318377,0.036152914,-0.13251868,0.012672941,0.0,0.004950299,0.0,0.0,0.011655496,0.05547057
5199,-0.4045628,-0.13043374,-0.16125077,-0.019774089,0.0,0.003944542,0.0,0.0,0.012307685,-0.060748395
5204,-0.39351314,-0.13028547,-0.1517983,-0.019749885,0.0,-0.030907197,0.0,0.0,0.0122387055,0.051944803
5205,-0.45828238,0.03549392,-0.079602145,0.014853718,0.0,0.004950299,0.0,0.0,-0.04335063,0.055608105
5206,-0.4866179,0.043732088,-0.07690504,-0.014341258,0.0,0.004950299,0.0,0.0,-0.048131928,-0.0659474
5212,-0.4045628,-0.13043374,-0.16125077,-0.019774089,0.0,0.003944542,0.0,0.0,0.012307685,-0.060748395
5213,-0.48402876,0.033496596,-0.09715198,0.01483872,0.0,0.004950299,0.0,0.0,-0.043629758,-0.06594296
5218,-0.4534754,0.046388406,-0.12589267,-0.010845354,0.0,0.004950299,0.0,0.0,0.0128058065,0.055475328
5219,0.19520548,-0.23718916,-0.12405161,0.0155117735,0.0,0.0011253093,0.0,0.0,0.008110118,0.03163808
5221,0.29269668,0.06918087,-0.10745649,0.009206316,0.0,0.0013138726,0.0,0.0,0.008175987,0.036667917
5222,0.68678993,0.073693916,-0.06535781,0.0073696696,0.0,0.0013138726,0.0,0.0,0.006644698,0.020329671
5224,0.30094352,0.06904895,-0.09458746,0.009995413,0.0,0.0013138726,0.0,0.0,-0.033484552,0.036715966
5227,-0.18916681,0.07387281,-0.14249907,-0.015543341,0.0,0.003357402,0.0,0.0,0.014431792,0.02233675
5229,-0.44747752,0.024146482,0.4051767,0.02175643,0.0,0.0016873089,0.0,0.0,0.051795937,-0.03365495
5231,0.22186062,-0.24219096,-0.091728926,-0.014844349,0.0,0.0011253093,0.0,0.0,-0.034928534,0.031217368
5233,0.68678993,0.073693916,-0.06535781,0.0073696696,0.0,0.0013138726,0.0,0.0,0.006644698,0.020329671
5235,-0.06514166,0.031958643,0.44538525,0.04470997,0.0,0.0012700163,0.0,0.0,0.05978424,0.01453893
5240,-0.06514166,0.031958643,0.44538525,0.04470997,0.0,0.0012700163,0.0,0.0,0.05978424,0.01453893
5242,-0.4556995,0.024718273,0.3595432,0.020773154,0.0,0.0016873089,0.0,0.0,0.05118875,0.023563927
5243,0.48279455,-0.21754532,-0.083229735,0.013114232,0.0,0.0011253093,0.0,0.0,0.0067954427,0.028320093
5246,-0.48402876,0.033496596,-0.09715198,0.01483872,0.0,0.004950299,0.0,0.0,-0.043629758,-0.06594296
5248,0.53544956,0.06366998,-0.077333875,0.006133297,0.0,0.0013138726,0.0,0.0,0.0069344095,-0.05937531
5251,-0.016102927,0.03579515,0.35001788,-0.10212152,0.0,0.00075796375,0.0,0.0,0.051138133,0.025908588
5252,0.29598904,0.07122533,-0.09238636,-0.01072802,0.0,0.0013138726,0.0,0.0,0.008592181,0.03577911
5253,0.99797934,-0.23324075,-0.0700582,0.012952291,0.0,0.0011253093,0.0,0.0,0.0065298723,0.021241128
5258,0.68678993,0.073693916,-0.06535781,0.0073696696,0.0,0.0013138726,0.0,0.0,0.006644698,0.020329671
5261,-0.4104046,-0.12873685,-0.09477272,-0.023245791,0.0,0.003944542,0.0,0.0,-0.046343178,-0.06095897
5263,0.6197139,-0.22826487,-0.07120606,0.012986923,0.0,0.0011253093,0.0,0.0,0.0065298723,0.021541271
5267,-0.39351314,-0.13028547,-0.1517983,-0.019749885,0.0,-0.030907197,0.0,0.0,0.0122387055,0.051944803
5269,0.30978894,0.061655365,-0.094080694,-0.01072802,0.0,0.0013138726,0.0,0.0,0.008592181,0.036523383
5273,-0.18916681,0.07387281,-0.14249907,-0.015543341,0.0,0.003357402,0.0,0.0,0.014431792,0.02233675
5281,-0.07623051,0.033814076,0.39045292,-0.075506136,0.0,0.0012700163,0.0,0.0,0.07056024,-0.026297633
5285,1.0157887,0.09154335,-0.0641798,0.0073350375,0.0,0.0013138726,0.0,0.0,0.006644698,0.020807792
5286,-0.15782903,0.061200585,-0.10394307,0.01607009,0.0,0.003357402,0.0,0.0,-0.051795885,-0.033327546
5288,-0.149792,0.071875505,-0.14662717,-0.015567546,0.0,0.003357402,0.0,0.0,0.0145007735,-0.033121422
5290,-0.18294589,0.063856915,-0.16699667,0.013904313,0.0,0.003357402,0.0,0.0,0.013281481,0.022331985
5300,-0.046103776,0.06587724,-0.15651286,0.013738396,0.0,0.0013138728,0.0,0.0,0.010224984,0.038945306
5304,1.0157887,0.09154335,-0.0641798,0.0073350375,0.0,0.0013138726,0.0,0.0,0.006644698,0.020807792
5305,-0.46013403,0.045729414,-0.060110983,-0.014317054,0.0,0.004950299,0.0,0.0,-0.047852807,0.055612862
5306,-0.4045628,-0.13043374,-0.16125077,-0.019774089,0.0,0.003944542,0.0,0.0,0.012307685,-0.060748395
5309,0.7149149,0.07507203,-0.06622661,0.0072740656,0.0,0.0013138726,0.0,0.0,0.006668839,-0.033246018
5310,-0.44747752,0.024146482,0.4051767,0.02175643,0.0,0.0016873089,0.0,0.0,0.051795937,-0.03365495
5311,-0.41611916,0.026793264,0.3837664,-0.030563153,0.0,0.0016873089,0.0,0.0,0.06196475,-0.035483304
5313,-0.15444522,0.0694676,-0.15228252,-0.015567546,0.0,-0.026566949,0.0,0.0,0.0145007735,-0.033121422
5315,-0.41611916,0.026793264,0.3837664,-0.030563153,0.0,0.0016873089,0.0,0.0,0.06196475,-0.035483304
5321,1.0157887,0.09154335,-0.0641798,0.0073350375,0.0,0.0013138726,0.0,0.0,0.006644698,0.020807792
5324,-0.41611916,0.026793264,0.3837664,-0.030563153,0.0,0.0016873089,0.0,0.0,0.06196475,-0.035483304
5326,0.53246844,0.06366998,-0.077333875,0.006133297,0.0,0.0013138726,0.0,0.0,0.0069344095,-0.06105239
5328,-0.4534754,0.046388406,-0.12589267,-0.010845354,0.0,0.004950299,0.0,0.0,0.0128058065,0.055475328
5329,-0.012645755,0.03561034,0.353475,-0.10212152,0.0,-0.0059715733,0.0,0.0,0.051138133,0.025908588
5338,0.529373,0.064568214,-0.07682209,0.0074969796,0.0,0.0013138726,0.0,0.0,0.006910268,0.03141337
5342,-0.046103776,0.06587724,-0.15651286,0.013738396,0.0,0.0013138728,0.0,0.0,0.010224984,0.038945306
5343,-0.149792,0.071875505,-0.14662717,-0.015567546,0.0,0.003357402,0.0,0.0,0.0145007735,-0.033121422
5345,0.50153893,0.06588938,-0.079721645,0.00757976,0.0,0.0013138726,0.0,0.0,0.0072458335,0.029476078
5346,-0.41956282,-0.123763844,-0.16772169,-0.019774089,0.0,-0.030907197,0.0,0.0,0.012307685,-0.060748395
5347,0.3233914,0.06120353,-0.095562644,-0.01072802,0.0,-0.0103547955,0.0,0.0,0.008592181,0.036523383
5351,-0.49851292,0.041983157,-0.15214115,-0.010869558,0.0,-0.03897925,0.0,0.0,0.012874788,-0.06573683
5352,0.26503065,0.06751916,-0.10959062,0.009894521,0.0,0.0013138726,0.0,0.0,0.008224944,0.036251742
5355,0.27835408,-0.20341474,-0.12276827,0.014823569,0.0,0.0011253093,0.0,0.0,0.008061161,0.03482829
5362,-0.19382003,0.071464896,-0.1481544,-0.015543341,0.0,-0.026566949,0.0,0.0,0.014431792,0.02233675
5363,-0.0564144,0.062572055,-0.1153013,0.015244667,0.0,0.0013138728,0.0,0.0,-0.040399678,-0.06652879
5367,-0.10110351,0.034385864,0.3807284,-0.07389221,0.0,0.0012700163,0.0,0.0,0.06995305,0.015307788
5370,-0.47985446,0.044391084,-0.14348748,-0.010869558,0.0,0.004950299,0.0,0.0,0.012874788,-0.06573683
5372,0.68678993,0.073693916,-0.06535781,0.0073696696,0.0,0.0013138726,0.0,0.0,0.006644698,0.020329671
5375,0.2936652,0.05816864,-0.11222152,0.007842635,0.0,0.0013138726,0.0,0.0,0.008200129,-0.070980385
5377,-0.36875343,-0.108425885,-0.091175735,0.04301727,0.0,0.003944542,0.0,0.0,-0.04156188,0.052077577
5378,-0.4967275,0.023651285,0.27245477,0.04103336,0.0,0.0016873089,0.0,0.0,-0.18999757,-0.035508446
5379,-0.37851322,-0.13695538,-0.14532742,-0.019749885,0.0,0.003944542,0.0,0.0,0.0122387055,0.051944803
5383,-0.38425025,-0.1352585,-0.07965015,-0.023221584,0.0,0.003944542,0.0,0.0,-0.04606405,0.052082337
5384,-0.41611916,0.026793264,0.3837664,-0.030563153,0.0,0.0016873089,0.0,0.0,0.06196475,-0.035483304
5388,0.3267309,0.051331494,0.42115563,0.03970339,0.0,0.00075796375,0.0,0.0,0.01706003,0.02925148
5389,0.27661154,0.06943171,-0.07602226,-0.0130643165,0.0,0.0013138726,0.0,0.0,-0.035296652,0.035831034
5396,-0.10110351,0.034385864,0.3807284,-0.07389221,0.0,0.0012700163,0.0,0.0,0.06995305,0.015307788
5397,-0.37851322,-0.13695538,-0.14532742,-0.019749885,0.0,0.003944542,0.0,0.0,0.0122387055,0.051944803
5408,-0.46013403,0.045729414,-0.060110983,-0.014317054,0.0,0.004950299,0.0,0.0,-0.047852807,0.055612862
5414,0.74656904,0.07494011,-0.05224666,0.008063162,0.0,0.0013138726,0.0,0.0,-0.025688354,-0.033319715
5416,0.28014895,0.06911179,-0.09286633,-0.011816396,0.0,-0.0103547955,0.0,0.0,0.008638107,0.035782985
5418,0.19520548,-0.23718916,-0.12405161,0.0155117735,0.0,0.0011253093,0.0,0.0,0.008110118,0.03163808
5419,-0.47985446,0.044391084,-0.14348748,-0.010869558,0.0,0.004950299,0.0,0.0,0.012874788,-0.06573683
5420,0.50153893,0.06588938,-0.079721645,0.00757976,0.0,0.0013138726,0.0,0.0,0.0072458335,0.029476078
5427,-0.10110351,0.034385864,0.3807284,-0.07389221,0.0,0.0012700163,0.0,0.0,0.06995305,0.015307788
5438,-0.05590368,0.062703975,-0.16519737,0.013723396,0.0,0.0013138728,0.0,0.0,0.010262008,-0.06641576
5439,-0.48402876,0.033496596,-0.09715198,0.01483872,0.0,0.004950299,0.0,0.0,-0.043629758,-0.06594296
5440,-0.046103776,0.06587724,-0.15651286,0.013738396,0.0,0.0013138728,0.0,0.0,0.010224984,0.038945306
5454,0.3908325,0.056855988,0.2785633,0.019465085,0.0,0.00075796375,0.0,0.0,0.016683625,0.03109311
5479,0.28286517,0.067028284,-0.11195107,0.007842635,0.0,0.0013138726,0.0,0.0,0.008200129,-0.06872471
5483,0.28286517,0.067028284,-0.11195107,0.007842635,0.0,0.0013138726,0.0,0.0,0.008200129,-0.06872471
5485,-0.4045628,-0.13043374,-0.16125077,-0.019774089,0.0,0.003944542,0.0,0.0,0.012307685,-0.060748395
5486,-0.45318377,0.036152914,-0.13251868,0.012672941,0.0,0.004950299,0.0,0.0,0.011655496,0.05547057
5489,0.7149149,0.07507203,-0.06622661,0.0072740656,0.0,0.0013138726,0.0,0.0,0.006668839,-0.033246018
5490,-0.05590368,0.062703975,-0.16519737,0.013723396,0.0,0.0013138728,0.0,0.0,0.010262008,-0.06641576
5491,-0.4045628,-0.13043374,-0.16125077,-0.019774089,0.0,0.003944542,0.0,0.0,0.012307685,-0.060748395
5493,-0.503783,0.024223074,0.22873658,0.040050086,0.0,0.0016873089,0.0,0.0,-0.18754055,0.02477461
5495,-0.046103776,0.06587724,-0.15651286,0.013738396,0.0,0.0013138728,0.0,0.0,0.010224984,0.038945306
5496,1.0861715,-0.23361936,-0.067261174,-0.009553401,0.0,0.0011253093,0.0,0.0,0.0069702063,-0.035791952
5507,-0.04667241,0.065745324,-0.10692999,0.015259667,0.0,0.0013138728,0.0,0.0,-0.04025113,0.039017864
5509,-0.05590368,0.062703975,-0.16519737,0.013723396,0.0,0.0013138728,0.0,0.0,0.010262008,-0.06641576
5520,-0.3645764,-0.11012276,-0.14398783,0.040836487,0.0,0.003944542,0.0,0.0,0.011088394,0.051940043
5541,0.26503065,0.06751916,-0.10959062,0.009894521,0.0,0.0013138726,0.0,0.0,0.008224944,0.036251742
5542,-0.10110351,0.034385864,0.3807284,-0.07389221,0.0,0.0012700163,0.0,0.0,0.06995305,0.015307788
5543,-0.4104046,-0.12873685,-0.09477272,-0.023245791,0.0,0.003944542,0.0,0.0,-0.046343178,-0.06095897
5547,0.68678993,0.073693916,-0.06535781,0.0073696696,0.0,0.0013138726,0.0,0.0,0.006644698,0.020329671
5550,0.30649662,0.059610896,-0.10915083,0.009206316,0.0,0.0013138726,0.0,0.0,0.008175987,0.037412196
5554,-0.026277535,0.034047432,0.37080616,-0.10373544,0.0,0.00075796375,0.0,0.0,0.051392116,-0.05074445
5560,-0.14283365,0.06185958,-0.17188059,0.013889315,0.0,0.003357402,0.0,0.0,0.013350464,-0.03311698
5564,-0.14283365,0.06185958,-0.17188059,0.013889315,0.0,0.003357402,0.0,0.0,0.013350464,-0.03311698
5566,0.29269668,0.06918087,-0.10745649,0.009206316,0.0,0.0013138726,0.0,0.0,0.008175987,0.036667917
5569,0.6895057,0.057117585,-0.06535781,0.0073696696,0.0,0.0013138726,0.0,0.0,0.006644698,0.020329671
5571,0.47706828,0.046508055,0.21185699,0.014973561,0.0,0.00075796375,0.0,0.0,0.016603217,0.019869348
5574,-0.39351314,-0.13028547,-0.1517983,-0.019749885,0.0,-0.030907197,0.0,0.0,0.0122387055,0.051944803
5587,0.6343044,-0.23223162,-0.07178886,0.012891319,0.0,0.0011253093,0.0,0.0,0.006554013,-0.037379343
5589,0.297672,-0.20876758,-0.108929254,-0.01250805,0.0,0.0011253093,0.0,0.0,0.008477354,0.033939477
5590,0.6734195,0.073203824,-0.06535781,0.0073696696,0.0,0.0013138726,0.0,0.0,0.006644698,0.020329671
5591,-0.38425025,-0.1352585,-0.07965015,-0.023221584,0.0,0.003944542,0.0,0.0,-0.04606405,0.052082337
5593,-0.4556995,0.024718273,0.3595432,0.020773154,0.0,0.0016873089,0.0,0.0,0.05118875,0.023563927
5603,-0.46013403,0.045729414,-0.060110983,-0.014317054,0.0,0.004950299,0.0,0.0,-0.047852807,0.055612862
5606,-0.41611916,0.026793264,0.3837664,-0.030563153,0.0,0.0016873089,0.0,0.0,0.06196475,-0.035483304
5607,-0.4556995,0.024718273,0.3595432,0.020773154,0.0,0.0016873089,0.0,0.0,0.05118875,0.023563927
5609,0.68678993,0.073693916,-0.06535781,0.0073696696,0.0,0.0013138726,0.0,0.0,0.006644698,0.020329671
5611,0.032768875,0.03426789,0.32635072,0.07478608,0.0,0.00075796375,0.0,0.0,-0.17924598,0.02563209
5612,-0.42278153,0.02736505,0.33996528,-0.02894922,0.0,0.0016873089,0.0,0.0,0.061357565,0.024332784
5615,-0.4534754,0.046388406,-0.12589267,-0.010845354,0.0,0.004950299,0.0,0.0,0.0128058065,0.055475328
5618,-0.4556995,0.024718273,0.3595432,0.020773154,0.0,0.0016873089,0.0,0.0,0.05118875,0.023563927
5619,-0.37851322,-0.13695538,-0.14532742,-0.019749885,0.0,0.003944542,0.0,0.0,0.0122387055,0.051944803
5620,0.5453532,0.0644363,-0.063119,0.008286076,0.0,0.0013138726,0.0,0.0,-0.027016843,0.031461418
5621,-0.36875343,-0.108425885,-0.091175735,0.04301727,0.0,0.003944542,0.0,0.0,-0.04156188,0.052077577
5622,0.7287754,0.07507203,-0.06622661,0.0072740656,0.0,0.0013138726,0.0,0.0,0.006668839,-0.033246018
5624,-0.08685182,-0.19312468,-0.14680241,0.02885833,0.0,0.0011253094,0.0,0.0,-0.04003156,-0.056767777
5629,-0.42278153,0.02736505,0.33996528,-0.02894922,0.0,0.0016873089,0.0,0.0,0.061357565,0.024332784
5632,-0.1978367,0.06319792,-0.09986002,0.01608509,0.0,0.003357402,0.0,0.0,-0.051516764,0.022469522
5637,-0.45318377,0.036152914,-0.13251868,0.012672941,0.0,0.004950299,0.0,0.0,0.011655496,0.05547057
5638,-0.05448209,0.07063934,-0.06573645,-0.019869046,0.0,0.0013138728,0.0,0.0,-0.04340505,0.03902262
5640,-0.149792,0.071875505,-0.14662717,-0.015567546,0.0,0.003357402,0.0,0.0,0.0145007735,-0.033121422
5641,0.27835408,-0.20341474,-0.12276827,0.014823569,0.0,0.0011253093,0.0,0.0,0.008061161,0.03482829
5649,0.27661154,0.06943171,-0.07602226,-0.0130643165,0.0,0.0013138726,0.0,0.0,-0.035296652,0.035831034
5654,-0.41611916,0.026793264,0.3837664,-0.030563153,0.0,0.0016873089,0.0,0.0,0.06196475,-0.035483304
5656,-0.48849437,0.02686985,0.17771761,-0.05963083,0.0,0.0016873089,0.0,0.0,-0.22733028,0.025543468
5663,0.06620926,0.034375794,0.45037803,0.06283101,0.0,0.00075796375,0.0,0.0,0.04484019,0.025139729
5664,-0.0649615,0.06746611,-0.073351994,-0.01989325,0.0,0.0013138728,0.0,0.0,-0.043553606,-0.06653323
5673,-0.47985446,0.044391084,-0.14348748,-0.010869558,0.0,0.004950299,0.0,0.0,0.012874788,-0.06573683
5679,0.7149149,0.07507203,-0.06622661,0.0072740656,0.0,0.0013138726,0.0,0.0,0.006668839,-0.033246018
5689,-0.47985446,0.044391084,-0.14348748,-0.010869558,0.0,0.004950299,0.0,0.0,0.012874788,-0.06573683
5690,-0.4534754,0.046388406,-0.12589267,-0.010845354,0.0,0.004950299,0.0,0.0,0.0128058065,0.055475328
5692,-0.37851322,-0.13695538,-0.14532742,-0.019749885,0.0,0.003944542,0.0,0.0,0.0122387055,0.051944803
5693,-0.0853898,-0.1934757,-0.19668385,0.027337056,0.0,0.0011253094,0.0,0.0,0.01014718,-0.056654744
5697,-0.4788255,0.034155592,-0.15086934,0.012657944,0.0,0.004950299,0.0,0.0,0.011724477,-0.06573239
5698,0.26004472,0.06669124,-0.09680379,-0.010966936,0.0,0.0013138726,0.0,0.0,0.008662249,-0.06555177
5704,1.0491854,-0.22619954,-0.0562146,0.013741388,0.0,0.0011253093,0.0,0.0,-0.025222631,0.021289177
5711,-0.4967275,0.023651285,0.27245477,0.04103336,0.0,0.0016873089,0.0,0.0,-0.18999757,-0.035508446
5712,0.3267309,0.051331494,0.42115563,0.03970339,0.0,0.00075796375,0.0,0.0,0.01706003,0.02925148
5715,-0.44747752,0.024146482,0.4051767,0.02175643,0.0,0.0016873089,0.0,0.0,0.051795937,-0.03365495
5717,-0.06514166,0.031958643,0.44538525,0.04470997,0.0,0.0012700163,0.0,0.0,0.05978424,0.01453893
5720,-0.4534754,0.046388406,-0.12589267,-0.010845354,0.0,0.004950299,0.0,0.0,0.0128058065,0.055475328
5723,-0.046103776,0.06587724,-0.15651286,0.013738396,0.0,0.0013138728,0.0,0.0,0.010224984,0.038945306
5724,-0.4045628,-0.13043374,-0.16125077,-0.019774089,0.0,0.003944542,0.0,0.0,0.012307685,-0.060748395
5728,-0.06514166,0.031958643,0.44538525,0.04470997,0.0,0.0012700163,0.0,0.0,0.05978424,0.01453893
5732,0.26004472,0.06669124,-0.09680379,-0.010966936,0.0,0.0013138726,0.0,0.0,0.008662249,-0.06555177
5735,-0.4534754,0.046388406,-0.12589267,-0.010845354,0.0,0.004950299,0.0,0.0,0.0128058065,0.055475328
5737,-0.18916681,0.07387281,-0.14249907,-0.015543341,0.0,0.003357402,0.0,0.0,0.014431792,0.02233675
5741,0.21274684,-0.24254198,-0.10707645,-0.013596427,0.0,0.0011253093,0.0,0.0,0.008523281,0.031169321
5744,-0.47985446,0.044391084,-0.14348748,-0.010869558,0.0,0.004950299,0.0,0.0,0.012874788,-0.06573683
5747,-0.5052763,0.04132416,-0.08555861,-0.014341258,0.0,-0.03897925,0.0,0.0,-0.048131928,-0.0659474
5750,-0.4788255,0.034155592,-0.15086934,0.012657944,0.0,0.004950299,0.0,0.0,0.011724477,-0.06573239
5751,-0.046103776,0.06587724,-0.15651286,0.013738396,0.0,0.0013138728,0.0,0.0,0.010224984,0.038945306
5756,0.26004472,0.06669124,-0.09680379,-0.010966936,0.0,0.0013138726,0.0,0.0,0.008662249,-0.06555177
5758,-0.4556995,0.024718273,0.3595432,0.020773154,0.0,0.0016873089,0.0,0.0,0.05118875,0.023563927
5759,-0.10110351,0.034385864,0.3807284,-0.07389221,0.0,0.0012700163,0.0,0.0,0.06995305,0.015307788
5760,-0.18294589,0.063856915,-0.16699667,0.013904313,0.0,0.003357402,0.0,0.0,0.013281481,0.022331985
5761,0.2576716,0.06464678,-0.11513898,0.009158531,0.0,0.0013138726,0.0,0.0,0.008249085,-0.066668466
5763,-0.4045628,-0.13043374,-0.16125077,-0.019774089,0.0,0.003944542,0.0,0.0,0.012307685,-0.060748395
5767,-0.4556995,0.024718273,0.3595432,0.020773154,0.0,0.0016873089,0.0,0.0,0.05118875,0.023563927
5768,-0.08514702,-0.21863149,-0.15996443,-0.021836435,0.0,0.0011253094,0.0,0.0,0.010911798,0.033503346
5769,0.50153893,0.06588938,-0.079721645,0.00757976,0.0,0.0013138726,0.0,0.0,0.0072458335,0.029476078
5770,0.48214254,-0.21754532,-0.083229735,0.013114232,0.0,0.0011253093,0.0,0.0,0.0067954427,0.028972097
5773,-0.45318377,0.036152914,-0.13251868,0.012672941,0.0,0.004950299,0.0,0.0,0.011655496,0.05547057
5775,-0.38988858,-0.103601135,-0.16066697,0.04082148,0.0,0.003944542,0.0,0.0,0.011157375,-0.06074395
5779,-0.41611916,0.026793264,0.3837664,-0.030563153,0.0,0.0016873089,0.0,0.0,0.06196475,-0.035483304
5785,-0.23590375,-0.21394394,-0.10457342,-0.02765019,0.0,0.0023516451,0.0,0.0,-0.054230176,0.018943753
5793,-0.03870899,0.031386852,0.45694217,0.04569325,0.0,0.0012700163,0.0,0.0,0.06039143,-0.024469284
5805,0.29269668,0.06918087,-0.10745649,0.009206316,0.0,0.0013138726,0.0,0.0,0.008175987,0.036667917
5807,-0.46013403,0.045729414,-0.060110983,-0.014317054,0.0,0.004950299,0.0,0.0,-0.047852807,0.055612862
5810,-0.4104046,-0.12873685,-0.09477272,-0.023245791,0.0,0.003944542,0.0,0.0,-0.046343178,-0.06095897
5811,-0.4534754,0.046388406,-0.12589267,-0.010845354,0.0,0.004950299,0.0,0.0,0.0128058065,0.055475328
5812,-0.41611916,0.026793264,0.3837664,-0.030563153,0.0,0.0016873089,0.0,0.0,0.06196475,-0.035483304
5814,-0.4866179,0.043732088,-0.07690504,-0.014341258,0.0,0.004950299,0.0,0.0,-0.048131928,-0.0659474
5816,0.68678993,0.073693916,-0.06535781,0.0073696696,0.0,0.0013138726,0.0,0.0,0.006644698,0.020329671
5817,-0.07623051,0.033814076,0.39045292,-0.075506136,0.0,0.0012700163,0.0,0.0,0.07056024,-0.026297633
5826,-0.088666074,-0.206597,-0.16622177,-0.02186064,0.0,0.0011253094,0.0,0.0,0.010948824,-0.056659188
5829,1.0324647,-0.22655055,-0.0700582,0.012952291,0.0,0.0011253093,0.0,0.0,0.0065298723,0.021241128
5833,-0.16120185,-0.1832021,-0.20421512,0.041187134,0.0,0.0023516451,0.0,0.0,0.012783361,-0.028128553
5836,-0.37851322,-0.13695538,-0.14532742,-0.019749885,0.0,0.003944542,0.0,0.0,0.0122387055,0.051944803
5843,-0.06458758,0.06759803,-0.13102242,-0.017458966,0.0,0.0013138728,0.0,0.0,0.011063648,-0.0664202
5844,1.037405,0.09313598,-0.060867023,-0.007877525,0.0,-0.0103547955,0.0,0.0,0.0070608915,0.020750843
5850,-0.4534754,0.046388406,-0.12589267,-0.010845354,0.0,0.004950299,0.0,0.0,0.0128058065,0.055475328
5853,-0.15444522,0.0694676,-0.15228252,-0.015567546,0.0,-0.026566949,0.0,0.0,0.0145007735,-0.033121422
5855,-0.2203745,-0.2156408,-0.18447068,-0.024178492,0.0,0.0023516451,0.0,0.0,0.013864691,0.018806215
5857,0.20243916,-0.22410254,-0.11584576,0.0155589925,0.0,0.0011253093,0.0,0.0,-0.033408165,-0.05574784
5859,0.3147435,0.05947898,-0.0962818,0.009995413,0.0,0.0013138726,0.0,0.0,-0.033484552,0.037460245
5862,-0.4787924,0.04332149,-0.06876458,-0.014317054,0.0,-0.03897925,0.0,0.0,-0.047852807,0.055612862
5865,-0.47985446,0.044391084,-0.14348748,-0.010869558,0.0,0.004950299,0.0,0.0,0.012874788,-0.06573683
5866,-0.46013403,0.045729414,-0.060110983,-0.014317054,0.0,0.004950299,0.0,0.0,-0.047852807,0.055612862
5867,0.27838436,0.04587486,0.43027171,0.044110242,0.0,0.00075796375,0.0,0.0,0.01756763,-0.054931868
5876,-0.06458758,0.06759803,-0.13102242,-0.017458966,0.0,0.0013138728,0.0,0.0,0.011063648,-0.0664202
5880,0.73075604,0.0585783,-0.0459721,-0.009184263,0.0,-0.0103547955,0.0,0.0,-0.027220733,0.020320773
5885,0.6944313,0.052191928,-0.06535781,0.0073696696,0.0,0.0013138726,0.0,0.0,0.006644698,0.020329671
5886,-0.4534754,0.046388406,-0.12589267,-0.010845354,0.0,0.004950299,0.0,0.0,0.0128058065,0.055475328
5889,-0.18916681,0.07387281,-0.14249907,-0.015543341,0.0,0.003357402,0.0,0.0,0.014431792,0.02233675
5891,-0.18916681,0.07387281,-0.14249907,-0.015543341,0.0,0.003357402,0.0,0.0,0.014431792,0.02233675
5892,0.53544956,0.06366998,-0.077333875,0.006133297,0.0,0.0013138726,0.0,0.0,0.0069344095,-0.05937531
5895,-0.42278153,0.02736505,0.33996528,-0.02894922,0.0,0.0016873089,0.0,0.0,0.061357565,0.024332784
5897,-0.05590368,0.062703975,-0.16519737,0.013723396,0.0,0.0013138728,0.0,0.0,0.010262008,-0.06641576
5898,-0.503783,0.024223074,0.22873658,0.040050086,0.0,0.0016873089,0.0,0.0,-0.18754055,0.02477461
5901,0.26503065,0.06751916,-0.10959062,0.009894521,0.0,0.0013138726,0.0,0.0,0.008224944,0.036251742
5904,0.5375987,0.06661267,-0.07031495,-0.008155857,0.0,0.0013138726,0.0,0.0,0.007326462,0.029872553
5906,0.5460052,0.0644363,-0.063119,0.008286076,0.0,0.0013138726,0.0,0.0,-0.027016843,0.030809417
5907,0.53002495,0.064568214,-0.07682209,0.0074969796,0.0,0.0013138726,0.0,0.0,0.006910268,0.030761365
5908,-0.03870899,0.031386852,0.45694217,0.04569325,0.0,0.0012700163,0.0,0.0,0.06039143,-0.024469284
5915,0.1952648,-0.22445357,-0.12931398,0.014775784,0.0,0.0011253093,0.0,0.0,0.00813426,-0.055674143
5926,-0.18916681,0.07387281,-0.14249907,-0.015543341,0.0,0.003357402,0.0,0.0,0.014431792,0.02233675
5928,0.60585344,-0.22826487,-0.07120606,0.012986923,0.0,0.0011253093,0.0,0.0,0.0065298723,0.021541271
5936,0.53544956,0.06366998,-0.077333875,0.006133297,0.0,0.0013138726,0.0,0.0,0.0069344095,-0.05937531
5939,-0.054050244,0.07077126,-0.123093665,-0.017434763,0.0,0.0013138728,0.0,0.0,0.011026625,0.038950063
5943,-0.18294589,0.063856915,-0.16699667,0.013904313,0.0,0.003357402,0.0,0.0,0.013281481,0.022331985
5952,0.2936652,0.05816864,-0.11222152,0.007842635,0.0,0.0013138726,0.0,0.0,0.008200129,-0.070980385
5956,0.41127557,0.059291124,0.26474172,-0.029971825,0.0,0.00075796375,0.0,0.0,0.018636575,0.030079633
5957,0.5154467,0.06575747,-0.06622328,0.008368856,0.0,0.0013138726,0.0,0.0,-0.028753813,0.029524125
5962,-0.149792,0.071875505,-0.14662717,-0.015567546,0.0,0.003357402,0.0,0.0,0.0145007735,-0.033121422
5963,0.27661154,0.06943171,-0.07602226,-0.0130643165,0.0,0.0013138726,0.0,0.0,-0.035296652,0.035831034
5966,0.52164996,0.066353194,-0.07263729,-0.006553134,0.0,0.0013138726,0.0,0.0,0.0076861684,-0.05349883
5977,-0.149792,0.071875505,-0.14662717,-0.015567546,0.0,0.003357402,0.0,0.0,0.0145007735,-0.033121422
5978,1.0157887,0.09154335,-0.0641798,0.0073350375,0.0,0.0013138726,0.0,0.0,0.006644698,0.020807792
5980,0.46942678,0.068010025,0.21185699,0.014973561,0.0,0.00075796375,0.0,0.0,0.016603217,0.019869348
5984,-0.36875343,-0.108425885,-0.091175735,0.04301727,0.0,0.003944542,0.0,0.0,-0.04156188,0.052077577
5985,0.29269668,0.06918087,-0.10745649,0.009206316,0.0,0.0013138726,0.0,0.0,0.008175987,0.036667917
5988,0.68678993,0.073693916,-0.06535781,0.0073696696,0.0,0.0013138726,0.0,0.0,0.006644698,0.020329671
5993,-0.1978367,0.06319792,-0.09986002,0.01608509,0.0,0.003357402,0.0,0.0,-0.051516764,0.022469522
5996,-0.4556995,0.024718273,0.3595432,0.020773154,0.0,0.0016873089,0.0,0.0,0.05118875,0.023563927
6002,1.0324647,-0.22655055,-0.0700582,0.012952291,0.0,0.0011253093,0.0,0.0,0.0065298723,0.021241128
6004,1.1054219,0.081290044,-0.06395228,0.0073350375,0.0,0.0013138726,0.0,0.0,0.006644698,0.020807792
6005,-0.4788255,0.034155592,-0.15086934,0.012657944,0.0,0.004950299,0.0,0.0,0.011724477,-0.06573239
6007,-0.18916681,0.07387281,-0.14249907,-0.015543341,0.0,0.003357402,0.0,0.0,0.014431792,0.02233675
6010,-0.20272139,0.032767396,0.20477314,-0.10618776,0.0,-0.010031402,0.0,0.0,-0.2796886,-0.028151128
6016,0.3147435,0.05947898,-0.0962818,0.009995413,0.0,0.0013138726,0.0,0.0,-0.033484552,0.037460245
6018,-0.15782903,0.061200585,-0.10394307,0.01607009,0.0,0.003357402,0.0,0.0,-0.051795885,-0.033327546
6023,-0.149792,0.071875505,-0.14662717,-0.015567546,0.0,0.003357402,0.0,0.0,0.0145007735,-0.033121422
6024,-0.45828238,0.03549392,-0.079602145,0.014853718,0.0,0.004950299,0.0,0.0,-0.04335063,0.055608105
6025,-0.4104046,-0.12873685,-0.09477272,-0.023245791,0.0,0.003944542,0.0,0.0,-0.046343178,-0.06095897
6026,-0.06514166,0.031958643,0.44538525,0.04470997,0.0,0.0012700163,0.0,0.0,0.05978424,0.01453893
6028,-0.4534754,0.046388406,-0.12589267,-0.010845354,0.0,0.004950299,0.0,0.0,0.0128058065,0.055475328
6031,-0.42756528,0.026813569,0.3602708,-0.02894922,0.0,-0.013283086,0.0,0.0,0.061357565,0.024332784
6032,0.3267309,0.051331494,0.42115563,0.03970339,0.0,0.00075796375,0.0,0.0,0.01706003,0.02925148
6033,-0.17100081,0.0688086,-0.07147988,-0.019039243,0.0,-0.026566949,0.0,0.0,-0.056298062,-0.03333199
6037,-0.06458758,0.06759803,-0.13102242,-0.017458966,0.0,0.0013138728,0.0,0.0,0.011063648,-0.0664202
6039,-0.37851322,-0.13695538,-0.14532742,-0.019749885,0.0,0.003944542,0.0,0.0,0.0122387055,0.051944803
6045,-0.4534754,0.046388406,-0.12589267,-0.010845354,0.0,0.004950299,0.0,0.0,0.0128058065,0.055475328
6047,0.6650076,-0.23188059,-0.05782351,0.013680415,0.0,0.0011253093,0.0,0.0,-0.025320236,-0.037453037
6054,0.30978894,0.061655365,-0.094080694,-0.01072802,0.0,0.0013138726,0.0,0.0,0.008592181,0.036523383
6059,0.6197139,-0.22826487,-0.07120606,0.012986923,0.0,0.0011253093,0.0,0.0,0.0065298723,0.021541271
6063,0.53002495,0.064568214,-0.07682209,0.0074969796,0.0,0.0013138726,0.0,0.0,0.006910268,0.030761365
6073,-0.4788255,0.034155592,-0.15086934,0.012657944,0.0,0.004950299,0.0,0.0,0.011724477,-0.06573239
6074,-0.42090288,0.026241783,0.40407202,-0.030563153,0.0,-0.013283086,0.0,0.0,0.06196475,-0.035483304
6077,-0.04667241,0.065745324,-0.10692999,0.015259667,0.0,0.0013138728,0.0,0.0,-0.04025113,0.039017864
6081,0.3147435,0.05947898,-0.0962818,0.009995413,0.0,0.0013138726,0.0,0.0,-0.033484552,0.037460245
6083,-0.046103776,0.06587724,-0.15651286,0.013738396,0.0,0.0013138728,0.0,0.0,0.010224984,0.038945306
6084,-0.06514166,0.031958643,0.44538525,0.04470997,0.0,0.0012700163,0.0,0.0,0.05978424,0.01453893
6086,0.21449311,-0.2439058,-0.1207807,0.014823569,0.0,0.0011253093,0.0,0.0,0.008061161,0.03294278
6089,0.52595013,0.06417682,-0.06607278,0.0070051746,0.0,0.0013138726,0.0,0.0,-0.02885142,-0.05577711
6091,-0.054050244,0.07077126,-0.123093665,-0.017434763,0.0,0.0013138728,0.0,0.0,0.011026625,0.038950063
6098,0.68085915,0.07573839,-0.06039449,-0.007927184,0.0,0.0013138726,0.0,0.0,0.0070608915,0.02027272
6099,-0.23689856,-0.20727403,-0.108046055,-0.02765019,0.0,-0.018494893,0.0,0.0,-0.054230176,0.018943753
6102,0.21449311,-0.2439058,-0.1207807,0.014823569,0.0,0.0011253093,0.0,0.0,0.008061161,0.03294278
6104,0.26503065,0.06751916,-0.10959062,0.009894521,0.0,0.0013138726,0.0,0.0,0.008224944,0.036251742
6106,0.2993227,0.060213104,-0.097022474,-0.008998308,0.0,0.0013138726,0.0,0.0,0.008616323,-0.06877579
6110,0.6974354,0.05916206,-0.06039449,-0.007927184,0.0,0.0013138726,0.0,0.0,0.0070608915,0.02027272
6113,0.6729294,0.073693916,-0.06535781,0.0073696696,0.0,0.0013138726,0.0,0.0,0.006644698,0.020329671
6123,0.529373,0.064568214,-0.07682209,0.0074969796,0.0,0.0013138726,0.0,0.0,0.006910268,0.03141337
6124,-0.19382003,0.071464896,-0.1481544,-0.015543341,0.0,-0.026566949,0.0,0.0,0.014431792,0.02233675
6126,-0.47985446,0.044391084,-0.14348748,-0.010869558,0.0,0.004950299,0.0,0.0,0.012874788,-0.06573683
6127,0.5560098,0.0652626,-0.07217979,-0.0064261444,0.0,-0.0103547955,0.0,0.0,0.007350603,-0.058847804
6129,-0.19630413,-0.20742229,-0.10622921,-0.027674396,0.0,0.0023516451,0.0,0.0,-0.054509304,-0.028343568
6130,-0.06458758,0.06759803,-0.13102242,-0.017458966,0.0,0.0013138728,0.0,0.0,0.011063648,-0.0664202
6134,-0.14283365,0.06185958,-0.17188059,0.013889315,0.0,0.003357402,0.0,0.0,0.013350464,-0.03311698
6148,-0.47985446,0.044391084,-0.14348748,-0.010869558,0.0,0.004950299,0.0,0.0,0.012874788,-0.06573683
6149,0.2576716,0.06464678,-0.11513898,0.009158531,0.0,0.0013138726,0.0,0.0,0.008249085,-0.066668466
6150,0.057594307,0.032628074,0.47299865,0.06381429,0.0,0.00075796375,0.0,0.0,0.04509417,-0.048916098
6151,-0.4534754,0.046388406,-0.12589267,-0.010845354,0.0,0.004950299,0.0,0.0,0.0128058065,0.055475328
6157,0.29269668,0.06918087,-0.10745649,0.009206316,0.0,0.0013138726,0.0,0.0,0.008175987,0.036667917
6165,-0.4788255,0.034155592,-0.15086934,0.012657944,0.0,0.004950299,0.0,0.0,0.011724477,-0.06573239
