run,feature_set,model,threshold_name,threshold,comparison,attribute,primary,selection_rate,degenerate,rate_protected,rate_reference,n_protected,n_reference,gap,ci_low,ci_high,z,p_value,p_holm,reject_fairness,hurlin_statistic,hurlin_p
X1+X2_to_X3,age_blind,TabPFN,0.5,0.5,African-American vs Caucasian,race,True,0.39015151515151514,False,0.4827044025157233,0.25,636,420,0.23270440251572327,0.17593171919811124,0.2894770858333353,7.587491545657933,3.261578877103452e-14,1.3046315508413809e-13,True,59.25542041753101,1.3847837091881732e-14
X1+X2_to_X3,age_blind,TabPFN,0.5,0.5,Hispanic vs Caucasian,race,False,0.23709369024856597,False,0.18446601941747573,0.25,103,420,-0.06553398058252427,-0.15112394177387603,0.02005598060882749,-1.4014040223587667,0.16109329013232132,0.32218658026464264,False,2.0513828226466497,0.15206801639033332
X1+X2_to_X3,age_blind,TabPFN,0.5,0.5,Other vs Caucasian,race,False,0.2474437627811861,False,0.2318840579710145,0.25,69,420,-0.018115942028985504,-0.1259636365136319,0.08973175245566088,-0.32318258317090987,0.7465569703826276,0.7465569703826276,False,0.10572301365741321,0.7450669769155354
X1+X2_to_X3,age_blind,TabPFN,0.5,0.5,Female vs Male,sex,False,0.36194331983805667,False,0.21367521367521367,0.3966033966033966,234,1001,-0.18292818292818294,-0.2435635330692463,-0.12229283278711958,-5.242303932362131,1.5858386738708604e-07,4.7575160216125813e-07,True,29.328809120114755,6.108081758604502e-08
X1+X2_to_X3,age_blind,TabPFN,break_even,0.2523364485981308,African-American vs Caucasian,race,True,0.8825757575757576,False,0.9669811320754716,0.7547619047619047,636,420,0.2122192273135669,0.16879340066924328,0.2556450539578905,10.484581315367283,1.0169507921654742e-25,4.067803168661897e-25,True,111.57669964447608,4.423561485396796e-26
X1+X2_to_X3,age_blind,TabPFN,break_even,0.2523364485981308,Hispanic vs Caucasian,race,False,0.7571701720841301,False,0.7669902912621359,0.7547619047619047,103,420,0.01222838650023117,-0.0791953564736945,0.10365212947415683,0.25936645458472135,0.7953525096760272,1.0,False,0.06774784953757229,0.7946445818404473
X1+X2_to_X3,age_blind,TabPFN,break_even,0.2523364485981308,Other vs Caucasian,race,False,0.7586912065439673,False,0.782608695652174,0.7547619047619047,69,420,0.027846790890269202,-0.07781674746091792,0.13351032924145634,0.5010151000823697,0.6163604958486155,1.0,False,0.25603704587031784,0.6128559241626816
X1+X2_to_X3,age_blind,TabPFN,break_even,0.2523364485981308,Female vs Male,sex,False,0.8663967611336032,False,0.6709401709401709,0.9120879120879121,234,1001,-0.24114774114774118,-0.30385450328021213,-0.17844097901527023,-9.761302766361828,1.6502157065639282e-22,4.950647119691785e-22,True,78.71388902333987,7.178906845307059e-19
X1+X2_to_X3,age_blind,COMPAS tool,0.5,0.5,African-American vs Caucasian,race,True,0.5037878787878788,False,0.60062893081761,0.35714285714285715,636,420,0.2434860736747529,0.18391453864698554,0.30305760870252024,7.74529259881554,9.536199065022405e-15,3.814479626008962e-14,True,60.64530736944292,6.834279396425112e-15
X1+X2_to_X3,age_blind,COMPAS tool,0.5,0.5,Hispanic vs Caucasian,race,False,0.3441682600382409,False,0.2912621359223301,0.35714285714285715,103,420,-0.06588072122052707,-0.1648697197690702,0.03310827732801605,-1.261156940623699,0.20725230893608937,0.41450461787217874,False,1.6238966826596943,0.20254930571743998
X1+X2_to_X3,age_blind,COMPAS tool,0.5,0.5,Other vs Caucasian,race,False,0.33537832310838445,False,0.2028985507246377,0.35714285714285715,69,420,-0.15424430641821946,-0.2596198673296006,-0.048868745506838354,-2.5150646760158875,0.011901054931103515,0.035703164793310545,True,6.806004451107071,0.009085183116012353
X1+X2_to_X3,age_blind,COMPAS tool,0.5,0.5,Female vs Male,sex,False,0.46639676113360323,False,0.44871794871794873,0.47052947052947053,234,1001,-0.021811521811521795,-0.09264246182374737,0.04901941820070378,-0.6021302764191608,0.5470874224782923,0.5470874224782923,False,0.36306677167869594,0.5468079426438925
X1+X2_to_X3,age_blind,COMPAS tool,break_even,0.2523364485981308,African-American vs Caucasian,race,True,0.5037878787878788,False,0.60062893081761,0.35714285714285715,636,420,0.2434860736747529,0.18391453864698554,0.30305760870252024,7.74529259881554,9.536199065022405e-15,3.814479626008962e-14,True,60.64530736944292,6.834279396425112e-15
X1+X2_to_X3,age_blind,COMPAS tool,break_even,0.2523364485981308,Hispanic vs Caucasian,race,False,0.3441682600382409,False,0.2912621359223301,0.35714285714285715,103,420,-0.06588072122052707,-0.1648697197690702,0.03310827732801605,-1.261156940623699,0.20725230893608937,0.41450461787217874,False,1.6238966826596943,0.20254930571743998
X1+X2_to_X3,age_blind,COMPAS tool,break_even,0.2523364485981308,Other vs Caucasian,race,False,0.33537832310838445,False,0.2028985507246377,0.35714285714285715,69,420,-0.15424430641821946,-0.2596198673296006,-0.048868745506838354,-2.5150646760158875,0.011901054931103515,0.035703164793310545,True,6.806004451107071,0.009085183116012353
X1+X2_to_X3,age_blind,COMPAS tool,break_even,0.2523364485981308,Female vs Male,sex,False,0.46639676113360323,False,0.44871794871794873,0.47052947052947053,234,1001,-0.021811521811521795,-0.09264246182374737,0.04901941820070378,-0.6021302764191608,0.5470874224782923,0.5470874224782923,False,0.36306677167869594,0.5468079426438925
X1+X2_to_X3,protected_blind,TabPFN,0.5,0.5,African-American vs Caucasian,race,True,0.35511363636363635,False,0.4166666666666667,0.2619047619047619,636,420,0.15476190476190477,0.09787477162447179,0.21164903789933776,5.1435153297677765,2.6964464026611453e-07,1.0785785610644581e-06,True,27.004529173966844,2.029792916854509e-07
X1+X2_to_X3,protected_blind,TabPFN,0.5,0.5,Hispanic vs Caucasian,race,False,0.24665391969407266,False,0.18446601941747573,0.2619047619047619,103,420,-0.07743874248728619,-0.1633386124038571,0.008461127429284732,-1.6338396370285648,0.10229252713733875,0.2045850542746775,False,2.804373836925313,0.09400754107194138
X1+X2_to_X3,protected_blind,TabPFN,0.5,0.5,Other vs Caucasian,race,False,0.25766871165644173,False,0.2318840579710145,0.2619047619047619,69,420,-0.030020703933747422,-0.1381145122698419,0.07807310440234706,-0.5284281032651403,0.5972022361658611,0.5972022361658611,False,0.28464823054970667,0.5936706607885676
X1+X2_to_X3,protected_blind,TabPFN,0.5,0.5,Female vs Male,sex,False,0.3319838056680162,False,0.23931623931623933,0.35364635364635366,234,1001,-0.11433011433011434,-0.17650510164097422,-0.05215512701925445,-3.343491176218668,0.000827313249930449,0.002481939749791347,True,11.684679451178631,0.0006301684207377487
X1+X2_to_X3,protected_blind,TabPFN,break_even,0.2523364485981308,African-American vs Caucasian,race,True,0.8446969696969697,False,0.8789308176100629,0.7928571428571428,636,420,0.08607367475292005,0.03976090099534118,0.1323864485104989,3.7796462588630564,0.00015705132000719095,0.0006282052800287638,True,14.003954565233173,0.00018242655140802183
X1+X2_to_X3,protected_blind,TabPFN,break_even,0.2523364485981308,Hispanic vs Caucasian,race,False,0.7896749521988528,False,0.7766990291262136,0.7928571428571428,103,420,-0.016158113730929236,-0.10543647702822985,0.07312024956637138,-0.3605897639189128,0.7184061424378618,0.7184061424378618,False,0.1285965568671661,0.7198916377039253
X1+X2_to_X3,protected_blind,TabPFN,break_even,0.2523364485981308,Other vs Caucasian,race,False,0.8016359918200409,False,0.855072463768116,0.7928571428571428,69,420,0.06221532091097315,-0.02944371863739355,0.15387436045933983,1.2010803589064238,0.22972003111846917,0.45944006223693834,False,1.538678587225399,0.21481460200757482
X1+X2_to_X3,protected_blind,TabPFN,break_even,0.2523364485981308,Female vs Male,sex,False,0.8388663967611336,False,0.7649572649572649,0.8561438561438561,234,1001,-0.09118659118659123,-0.1497040569492536,-0.03266912542392885,-3.4157258872297707,0.0006361224542568172,0.0019083673627704515,True,10.788096305697067,0.0010215488564388898
X1+X2_to_X3,protected_blind,COMPAS tool,0.5,0.5,African-American vs Caucasian,race,True,0.5037878787878788,False,0.60062893081761,0.35714285714285715,636,420,0.2434860736747529,0.18391453864698554,0.30305760870252024,7.74529259881554,9.536199065022405e-15,3.814479626008962e-14,True,60.64530736944292,6.834279396425112e-15
X1+X2_to_X3,protected_blind,COMPAS tool,0.5,0.5,Hispanic vs Caucasian,race,False,0.3441682600382409,False,0.2912621359223301,0.35714285714285715,103,420,-0.06588072122052707,-0.1648697197690702,0.03310827732801605,-1.261156940623699,0.20725230893608937,0.41450461787217874,False,1.6238966826596943,0.20254930571743998
X1+X2_to_X3,protected_blind,COMPAS tool,0.5,0.5,Other vs Caucasian,race,False,0.33537832310838445,False,0.2028985507246377,0.35714285714285715,69,420,-0.15424430641821946,-0.2596198673296006,-0.048868745506838354,-2.5150646760158875,0.011901054931103515,0.035703164793310545,True,6.806004451107071,0.009085183116012353
X1+X2_to_X3,protected_blind,COMPAS tool,0.5,0.5,Female vs Male,sex,False,0.46639676113360323,False,0.44871794871794873,0.47052947052947053,234,1001,-0.021811521811521795,-0.09264246182374737,0.04901941820070378,-0.6021302764191608,0.5470874224782923,0.5470874224782923,False,0.36306677167869594,0.5468079426438925
X1+X2_to_X3,protected_blind,COMPAS tool,break_even,0.2523364485981308,African-American vs Caucasian,race,True,0.5037878787878788,False,0.60062893081761,0.35714285714285715,636,420,0.2434860736747529,0.18391453864698554,0.30305760870252024,7.74529259881554,9.536199065022405e-15,3.814479626008962e-14,True,60.64530736944292,6.834279396425112e-15
X1+X2_to_X3,protected_blind,COMPAS tool,break_even,0.2523364485981308,Hispanic vs Caucasian,race,False,0.3441682600382409,False,0.2912621359223301,0.35714285714285715,103,420,-0.06588072122052707,-0.1648697197690702,0.03310827732801605,-1.261156940623699,0.20725230893608937,0.41450461787217874,False,1.6238966826596943,0.20254930571743998
X1+X2_to_X3,protected_blind,COMPAS tool,break_even,0.2523364485981308,Other vs Caucasian,race,False,0.33537832310838445,False,0.2028985507246377,0.35714285714285715,69,420,-0.15424430641821946,-0.2596198673296006,-0.048868745506838354,-2.5150646760158875,0.011901054931103515,0.035703164793310545,True,6.806004451107071,0.009085183116012353
X1+X2_to_X3,protected_blind,COMPAS tool,break_even,0.2523364485981308,Female vs Male,sex,False,0.46639676113360323,False,0.44871794871794873,0.47052947052947053,234,1001,-0.021811521811521795,-0.09264246182374737,0.04901941820070378,-0.6021302764191608,0.5470874224782923,0.5470874224782923,False,0.36306677167869594,0.5468079426438925
X1+X2_to_X3,race_aware,TabPFN,0.5,0.5,African-American vs Caucasian,race,True,0.4185606060606061,False,0.5031446540880503,0.2904761904761905,636,420,0.21266846361185981,0.1544017980437248,0.27093512917999485,6.85634931029478,7.064252147155398e-12,2.825700858862159e-11,True,47.96332813426781,4.342660077444348e-12
X1+X2_to_X3,race_aware,TabPFN,0.5,0.5,Hispanic vs Caucasian,race,False,0.28680688336520077,False,0.27184466019417475,0.2904761904761905,103,420,-0.01863153028201575,-0.11489971062351956,0.07763665005948805,-0.37466453298809116,0.7079099725778896,1.0,False,0.1415155528072325,0.7067789722534517
X1+X2_to_X3,race_aware,TabPFN,0.5,0.5,Other vs Caucasian,race,False,0.294478527607362,False,0.3188405797101449,0.2904761904761905,69,420,0.0283643892339544,-0.08985683502085877,0.14658561348876759,0.479055976874838,0.6318988068978088,1.0,False,0.22657695009599044,0.6340736669029179
X1+X2_to_X3,race_aware,TabPFN,0.5,0.5,Female vs Male,sex,False,0.39838056680161943,False,0.23504273504273504,0.43656343656343655,234,1001,-0.2015207015207015,-0.26393551036965074,-0.13910589267175227,-5.668930782631271,1.4369139740408968e-08,4.31074192212269e-08,True,33.979682597752884,5.5690575232986365e-09
X1+X2_to_X3,race_aware,TabPFN,break_even,0.2523364485981308,African-American vs Caucasian,race,True,0.8172348484848485,False,0.9119496855345912,0.6738095238095239,636,420,0.23814016172506736,0.18818745127242495,0.28809287217770974,9.800173264840344,1.123926891031808e-22,4.495707564127232e-22,True,94.90720397353796,1.9952241648561403e-22
X1+X2_to_X3,race_aware,TabPFN,break_even,0.2523364485981308,Hispanic vs Caucasian,race,False,0.6845124282982792,False,0.7281553398058253,0.6738095238095239,103,420,0.054345815996301394,-0.042570540551772396,0.15126217254437518,1.0635960862587501,0.2875117161426426,0.38988238726923874,False,1.1548450567202906,0.28253720156474427
X1+X2_to_X3,race_aware,TabPFN,break_even,0.2523364485981308,Other vs Caucasian,race,False,0.6625766871165644,False,0.5942028985507246,0.6738095238095239,69,420,-0.07960662525879925,-0.2038424814324426,0.04462923091484412,-1.2960995394700974,0.19494119363461937,0.38988238726923874,False,1.640134760897567,0.20030697940391384
X1+X2_to_X3,race_aware,TabPFN,break_even,0.2523364485981308,Female vs Male,sex,False,0.7959514170040486,False,0.6282051282051282,0.8351648351648352,234,1001,-0.206959706959707,-0.27300966118048375,-0.14090975273893025,-7.072406550345646,1.5226952629668779e-12,4.568085788900634e-12,True,44.79793531542761,2.1845292252517588e-11
X1+X2_to_X3,race_aware,COMPAS tool,0.5,0.5,African-American vs Caucasian,race,True,0.5037878787878788,False,0.60062893081761,0.35714285714285715,636,420,0.2434860736747529,0.18391453864698554,0.30305760870252024,7.74529259881554,9.536199065022405e-15,3.814479626008962e-14,True,60.64530736944292,6.834279396425112e-15
X1+X2_to_X3,race_aware,COMPAS tool,0.5,0.5,Hispanic vs Caucasian,race,False,0.3441682600382409,False,0.2912621359223301,0.35714285714285715,103,420,-0.06588072122052707,-0.1648697197690702,0.03310827732801605,-1.261156940623699,0.20725230893608937,0.41450461787217874,False,1.6238966826596943,0.20254930571743998
X1+X2_to_X3,race_aware,COMPAS tool,0.5,0.5,Other vs Caucasian,race,False,0.33537832310838445,False,0.2028985507246377,0.35714285714285715,69,420,-0.15424430641821946,-0.2596198673296006,-0.048868745506838354,-2.5150646760158875,0.011901054931103515,0.035703164793310545,True,6.806004451107071,0.009085183116012353
X1+X2_to_X3,race_aware,COMPAS tool,0.5,0.5,Female vs Male,sex,False,0.46639676113360323,False,0.44871794871794873,0.47052947052947053,234,1001,-0.021811521811521795,-0.09264246182374737,0.04901941820070378,-0.6021302764191608,0.5470874224782923,0.5470874224782923,False,0.36306677167869594,0.5468079426438925
X1+X2_to_X3,race_aware,COMPAS tool,break_even,0.2523364485981308,African-American vs Caucasian,race,True,0.5037878787878788,False,0.60062893081761,0.35714285714285715,636,420,0.2434860736747529,0.18391453864698554,0.30305760870252024,7.74529259881554,9.536199065022405e-15,3.814479626008962e-14,True,60.64530736944292,6.834279396425112e-15
X1+X2_to_X3,race_aware,COMPAS tool,break_even,0.2523364485981308,Hispanic vs Caucasian,race,False,0.3441682600382409,False,0.2912621359223301,0.35714285714285715,103,420,-0.06588072122052707,-0.1648697197690702,0.03310827732801605,-1.261156940623699,0.20725230893608937,0.41450461787217874,False,1.6238966826596943,0.20254930571743998
X1+X2_to_X3,race_aware,COMPAS tool,break_even,0.2523364485981308,Other vs Caucasian,race,False,0.33537832310838445,False,0.2028985507246377,0.35714285714285715,69,420,-0.15424430641821946,-0.2596198673296006,-0.048868745506838354,-2.5150646760158875,0.011901054931103515,0.035703164793310545,True,6.806004451107071,0.009085183116012353
X1+X2_to_X3,race_aware,COMPAS tool,break_even,0.2523364485981308,Female vs Male,sex,False,0.46639676113360323,False,0.44871794871794873,0.47052947052947053,234,1001,-0.021811521811521795,-0.09264246182374737,0.04901941820070378,-0.6021302764191608,0.5470874224782923,0.5470874224782923,False,0.36306677167869594,0.5468079426438925
X1+X2_to_X3,race_blind,TabPFN,0.5,0.5,African-American vs Caucasian,race,True,0.4024621212121212,False,0.4889937106918239,0.2714285714285714,636,420,0.2175651392632525,0.15996297571980167,0.2751673028067033,7.056109739845567,1.7122861859241662e-12,6.849144743696665e-12,True,50.980762894415165,9.327564221910056e-13
X1+X2_to_X3,race_blind,TabPFN,0.5,0.5,Hispanic vs Caucasian,race,False,0.27151051625239003,False,0.27184466019417475,0.2714285714285714,103,420,0.00041608876560333963,-0.09545486317149908,0.09628704070270576,0.008508900240437968,0.9932109617914678,1.0,False,7.238733245544526e-05,0.9932116205776303
X1+X2_to_X3,race_blind,TabPFN,0.5,0.5,Other vs Caucasian,race,False,0.2719836400817996,False,0.2753623188405797,0.2714285714285714,69,420,0.003933747412008304,-0.10972218430611362,0.11758967913013023,0.0680548797371083,0.9457419477927627,1.0,False,0.004621505284552241,0.945800238457993
X1+X2_to_X3,race_blind,TabPFN,0.5,0.5,Female vs Male,sex,False,0.3821862348178138,False,0.23504273504273504,0.4165834165834166,234,1001,-0.18154068154068154,-0.2438652215609197,-0.11921614152044338,-5.145163019198626,2.6728859783286653e-07,8.018657934985996e-07,True,27.968592664141745,1.2330052176470898e-07
X1+X2_to_X3,race_blind,TabPFN,break_even,0.2523364485981308,African-American vs Caucasian,race,True,0.7878787878787878,False,0.8616352201257862,0.6761904761904762,636,420,0.18544474393530996,0.13326482004148016,0.23762466782913977,7.214629253834342,5.408111697311043e-13,2.1632446789244173e-12,True,51.105543769977274,8.753073911993285e-13
X1+X2_to_X3,race_blind,TabPFN,break_even,0.2523364485981308,Hispanic vs Caucasian,race,False,0.6883365200764818,False,0.7378640776699029,0.6761904761904762,103,420,0.06167360147942669,-0.034328561165341276,0.15767576412419465,1.2110117571898815,0.22589089871697643,0.45178179743395286,False,1.5027689399873552,0.22024580634803545
X1+X2_to_X3,race_blind,TabPFN,break_even,0.2523364485981308,Other vs Caucasian,race,False,0.6789366053169734,False,0.6956521739130435,0.6761904761904762,69,420,0.01946169772256723,-0.09796836431154918,0.13689175975668363,0.3208968654744044,0.7482885494114193,0.7482885494114193,False,0.10379298637066459,0.7473245246938289
X1+X2_to_X3,race_blind,TabPFN,break_even,0.2523364485981308,Female vs Male,sex,False,0.7773279352226721,False,0.6410256410256411,0.8091908091908092,234,1001,-0.16816516816516813,-0.23427235705938346,-0.10205797927095281,-5.566632216569845,2.597097394523583e-08,7.791292183570749e-08,True,28.4792162914992,9.470972324330853e-08
X1+X2_to_X3,race_blind,COMPAS tool,0.5,0.5,African-American vs Caucasian,race,True,0.5037878787878788,False,0.60062893081761,0.35714285714285715,636,420,0.2434860736747529,0.18391453864698554,0.30305760870252024,7.74529259881554,9.536199065022405e-15,3.814479626008962e-14,True,60.64530736944292,6.834279396425112e-15
X1+X2_to_X3,race_blind,COMPAS tool,0.5,0.5,Hispanic vs Caucasian,race,False,0.3441682600382409,False,0.2912621359223301,0.35714285714285715,103,420,-0.06588072122052707,-0.1648697197690702,0.03310827732801605,-1.261156940623699,0.20725230893608937,0.41450461787217874,False,1.6238966826596943,0.20254930571743998
X1+X2_to_X3,race_blind,COMPAS tool,0.5,0.5,Other vs Caucasian,race,False,0.33537832310838445,False,0.2028985507246377,0.35714285714285715,69,420,-0.15424430641821946,-0.2596198673296006,-0.048868745506838354,-2.5150646760158875,0.011901054931103515,0.035703164793310545,True,6.806004451107071,0.009085183116012353
X1+X2_to_X3,race_blind,COMPAS tool,0.5,0.5,Female vs Male,sex,False,0.46639676113360323,False,0.44871794871794873,0.47052947052947053,234,1001,-0.021811521811521795,-0.09264246182374737,0.04901941820070378,-0.6021302764191608,0.5470874224782923,0.5470874224782923,False,0.36306677167869594,0.5468079426438925
X1+X2_to_X3,race_blind,COMPAS tool,break_even,0.2523364485981308,African-American vs Caucasian,race,True,0.5037878787878788,False,0.60062893081761,0.35714285714285715,636,420,0.2434860736747529,0.18391453864698554,0.30305760870252024,7.74529259881554,9.536199065022405e-15,3.814479626008962e-14,True,60.64530736944292,6.834279396425112e-15
X1+X2_to_X3,race_blind,COMPAS tool,break_even,0.2523364485981308,Hispanic vs Caucasian,race,False,0.3441682600382409,False,0.2912621359223301,0.35714285714285715,103,420,-0.06588072122052707,-0.1648697197690702,0.03310827732801605,-1.261156940623699,0.20725230893608937,0.41450461787217874,False,1.6238966826596943,0.20254930571743998
X1+X2_to_X3,race_blind,COMPAS tool,break_even,0.2523364485981308,Other vs Caucasian,race,False,0.33537832310838445,False,0.2028985507246377,0.35714285714285715,69,420,-0.15424430641821946,-0.2596198673296006,-0.048868745506838354,-2.5150646760158875,0.011901054931103515,0.035703164793310545,True,6.806004451107071,0.009085183116012353
X1+X2_to_X3,race_blind,COMPAS tool,break_even,0.2523364485981308,Female vs Male,sex,False,0.46639676113360323,False,0.44871794871794873,0.47052947052947053,234,1001,-0.021811521811521795,-0.09264246182374737,0.04901941820070378,-0.6021302764191608,0.5470874224782923,0.5470874224782923,False,0.36306677167869594,0.5468079426438925
X1+X2_to_X3,race_priors_blind,TabPFN,0.5,0.5,African-American vs Caucasian,race,True,0.4668560606060606,False,0.5220125786163522,0.38333333333333336,636,420,0.13867924528301884,0.07810555800703786,0.1992529325589998,4.420984319533043,9.825230427803091e-06,2.9475691283409274e-05,True,19.668362898070647,9.211383738338425e-06
X1+X2_to_X3,race_priors_blind,TabPFN,0.5,0.5,Hispanic vs Caucasian,race,False,0.39579349904397704,False,0.44660194174757284,0.38333333333333336,103,420,0.06326860841423948,-0.04340695976813068,0.16994417659660965,1.1766672616087568,0.2393283397603686,0.4786566795207372,False,1.3714174602784848,0.24156849367016503
X1+X2_to_X3,race_priors_blind,TabPFN,0.5,0.5,Other vs Caucasian,race,False,0.39059304703476483,False,0.43478260869565216,0.38333333333333336,69,420,0.0514492753623188,-0.07442218368339026,0.17732073440802787,0.8118168603406328,0.4168967260016392,0.4786566795207372,False,0.6524849111409932,0.4192256575629446
X1+X2_to_X3,race_priors_blind,TabPFN,0.5,0.5,Female vs Male,sex,False,0.4631578947368421,False,0.0,0.5714285714285714,234,1001,-0.5714285714285714,-0.6020851465777337,-0.5407719962794091,-15.782130092357649,4.130114425102633e-56,1.652045770041053e-55,True,338.18016644804493,1.5892823249940175e-75
X1+X2_to_X3,race_priors_blind,TabPFN,break_even,0.2523364485981308,African-American vs Caucasian,race,True,0.9791666666666666,False,0.9937106918238994,0.9571428571428572,636,420,0.03656783468104219,0.016247034916298267,0.05688863444578611,4.0720471424411535,4.66017441639072e-05,0.0001398052324917216,True,16.73217628394323,4.3044737979545485e-05
X1+X2_to_X3,race_priors_blind,TabPFN,break_even,0.2523364485981308,Hispanic vs Caucasian,race,False,0.9617590822179732,False,0.9805825242718447,0.9571428571428572,103,420,0.023439667128987485,-0.009504421403721632,0.0563837556616966,1.1115949152386324,0.26631235976733836,0.26631235976733836,False,1.4388759592083704,0.2303213212960127
X1+X2_to_X3,race_priors_blind,TabPFN,break_even,0.2523364485981308,Other vs Caucasian,race,False,0.9631901840490797,False,1.0,0.9571428571428572,69,420,0.042857142857142816,0.023487418766423504,0.06222686694786213,1.7521856882414737,0.07974188375778474,0.15948376751556947,False,5.587711919624493,0.01808690721648387
X1+X2_to_X3,race_priors_blind,TabPFN,break_even,0.2523364485981308,Female vs Male,sex,False,0.9805668016194332,False,0.8974358974358975,1.0,234,1001,-0.10256410256410253,-0.14143634307421454,-0.06369186205399054,-10.23236769997988,1.4200435118101791e-24,5.6801740472407164e-24,True,81.92909321167497,1.4105755848576068e-19
X1+X2_to_X3,race_priors_blind,COMPAS tool,0.5,0.5,African-American vs Caucasian,race,True,0.5037878787878788,False,0.60062893081761,0.35714285714285715,636,420,0.2434860736747529,0.18391453864698554,0.30305760870252024,7.74529259881554,9.536199065022405e-15,3.814479626008962e-14,True,60.64530736944292,6.834279396425112e-15
X1+X2_to_X3,race_priors_blind,COMPAS tool,0.5,0.5,Hispanic vs Caucasian,race,False,0.3441682600382409,False,0.2912621359223301,0.35714285714285715,103,420,-0.06588072122052707,-0.1648697197690702,0.03310827732801605,-1.261156940623699,0.20725230893608937,0.41450461787217874,False,1.6238966826596943,0.20254930571743998
X1+X2_to_X3,race_priors_blind,COMPAS tool,0.5,0.5,Other vs Caucasian,race,False,0.33537832310838445,False,0.2028985507246377,0.35714285714285715,69,420,-0.15424430641821946,-0.2596198673296006,-0.048868745506838354,-2.5150646760158875,0.011901054931103515,0.035703164793310545,True,6.806004451107071,0.009085183116012353
X1+X2_to_X3,race_priors_blind,COMPAS tool,0.5,0.5,Female vs Male,sex,False,0.46639676113360323,False,0.44871794871794873,0.47052947052947053,234,1001,-0.021811521811521795,-0.09264246182374737,0.04901941820070378,-0.6021302764191608,0.5470874224782923,0.5470874224782923,False,0.36306677167869594,0.5468079426438925
X1+X2_to_X3,race_priors_blind,COMPAS tool,break_even,0.2523364485981308,African-American vs Caucasian,race,True,0.5037878787878788,False,0.60062893081761,0.35714285714285715,636,420,0.2434860736747529,0.18391453864698554,0.30305760870252024,7.74529259881554,9.536199065022405e-15,3.814479626008962e-14,True,60.64530736944292,6.834279396425112e-15
X1+X2_to_X3,race_priors_blind,COMPAS tool,break_even,0.2523364485981308,Hispanic vs Caucasian,race,False,0.3441682600382409,False,0.2912621359223301,0.35714285714285715,103,420,-0.06588072122052707,-0.1648697197690702,0.03310827732801605,-1.261156940623699,0.20725230893608937,0.41450461787217874,False,1.6238966826596943,0.20254930571743998
X1+X2_to_X3,race_priors_blind,COMPAS tool,break_even,0.2523364485981308,Other vs Caucasian,race,False,0.33537832310838445,False,0.2028985507246377,0.35714285714285715,69,420,-0.15424430641821946,-0.2596198673296006,-0.048868745506838354,-2.5150646760158875,0.011901054931103515,0.035703164793310545,True,6.806004451107071,0.009085183116012353
X1+X2_to_X3,race_priors_blind,COMPAS tool,break_even,0.2523364485981308,Female vs Male,sex,False,0.46639676113360323,False,0.44871794871794873,0.47052947052947053,234,1001,-0.021811521811521795,-0.09264246182374737,0.04901941820070378,-0.6021302764191608,0.5470874224782923,0.5470874224782923,False,0.36306677167869594,0.5468079426438925
X1+X2_to_X3,race_proxy_blind,TabPFN,0.5,0.5,African-American vs Caucasian,race,True,0.17803030303030304,False,0.20911949685534592,0.13095238095238096,636,420,0.07816711590296496,0.03300253570295213,0.1233316961029778,3.249903482069087,0.0011544418252593584,0.0034633254757780755,True,10.898969532251556,0.0009621777173526427
X1+X2_to_X3,race_proxy_blind,TabPFN,0.5,0.5,Hispanic vs Caucasian,race,False,0.14149139579349904,False,0.18446601941747573,0.13095238095238096,103,420,0.05351363846509477,-0.028043655230650277,0.13507093216083982,1.396431226753909,0.1625846771199414,0.3251693542398828,False,1.8435172816072107,0.1745392592486401
X1+X2_to_X3,race_proxy_blind,TabPFN,0.5,0.5,Other vs Caucasian,race,False,0.1390593047034765,False,0.18840579710144928,0.13095238095238096,69,420,0.05745341614906832,-0.0402903392529963,0.15519717155113294,1.2782740502538446,0.20115281426183396,0.3251693542398828,False,1.5197568815869547,0.21765628801579137
X1+X2_to_X3,race_proxy_blind,TabPFN,0.5,0.5,Female vs Male,sex,False,0.17894736842105263,False,0.0,0.22077922077922077,234,1001,-0.22077922077922077,-0.2464737350970428,-0.19508470646139875,-7.932343784914892,2.150481386125742e-15,8.601925544502968e-15,True,103.54948424224565,2.5397089511680326e-24
X1+X2_to_X3,race_proxy_blind,TabPFN,break_even,0.2523364485981308,African-American vs Caucasian,race,True,1.0,True,1.0,1.0,636,420,0.0,,,,1.0,1.0,False,0.0,1.0
X1+X2_to_X3,race_proxy_blind,TabPFN,break_even,0.2523364485981308,Hispanic vs Caucasian,race,False,1.0,True,1.0,1.0,103,420,0.0,,,,1.0,1.0,False,0.0,1.0
X1+X2_to_X3,race_proxy_blind,TabPFN,break_even,0.2523364485981308,Other vs Caucasian,race,False,1.0,True,1.0,1.0,69,420,0.0,,,,1.0,1.0,False,0.0,1.0
X1+X2_to_X3,race_proxy_blind,TabPFN,break_even,0.2523364485981308,Female vs Male,sex,False,1.0,True,1.0,1.0,234,1001,0.0,,,,1.0,1.0,False,0.0,1.0
X1+X2_to_X3,race_proxy_blind,COMPAS tool,0.5,0.5,African-American vs Caucasian,race,True,0.5037878787878788,False,0.60062893081761,0.35714285714285715,636,420,0.2434860736747529,0.18391453864698554,0.30305760870252024,7.74529259881554,9.536199065022405e-15,3.814479626008962e-14,True,60.64530736944292,6.834279396425112e-15
X1+X2_to_X3,race_proxy_blind,COMPAS tool,0.5,0.5,Hispanic vs Caucasian,race,False,0.3441682600382409,False,0.2912621359223301,0.35714285714285715,103,420,-0.06588072122052707,-0.1648697197690702,0.03310827732801605,-1.261156940623699,0.20725230893608937,0.41450461787217874,False,1.6238966826596943,0.20254930571743998
X1+X2_to_X3,race_proxy_blind,COMPAS tool,0.5,0.5,Other vs Caucasian,race,False,0.33537832310838445,False,0.2028985507246377,0.35714285714285715,69,420,-0.15424430641821946,-0.2596198673296006,-0.048868745506838354,-2.5150646760158875,0.011901054931103515,0.035703164793310545,True,6.806004451107071,0.009085183116012353
X1+X2_to_X3,race_proxy_blind,COMPAS tool,0.5,0.5,Female vs Male,sex,False,0.46639676113360323,False,0.44871794871794873,0.47052947052947053,234,1001,-0.021811521811521795,-0.09264246182374737,0.04901941820070378,-0.6021302764191608,0.5470874224782923,0.5470874224782923,False,0.36306677167869594,0.5468079426438925
X1+X2_to_X3,race_proxy_blind,COMPAS tool,break_even,0.2523364485981308,African-American vs Caucasian,race,True,0.5037878787878788,False,0.60062893081761,0.35714285714285715,636,420,0.2434860736747529,0.18391453864698554,0.30305760870252024,7.74529259881554,9.536199065022405e-15,3.814479626008962e-14,True,60.64530736944292,6.834279396425112e-15
X1+X2_to_X3,race_proxy_blind,COMPAS tool,break_even,0.2523364485981308,Hispanic vs Caucasian,race,False,0.3441682600382409,False,0.2912621359223301,0.35714285714285715,103,420,-0.06588072122052707,-0.1648697197690702,0.03310827732801605,-1.261156940623699,0.20725230893608937,0.41450461787217874,False,1.6238966826596943,0.20254930571743998
X1+X2_to_X3,race_proxy_blind,COMPAS tool,break_even,0.2523364485981308,Other vs Caucasian,race,False,0.33537832310838445,False,0.2028985507246377,0.35714285714285715,69,420,-0.15424430641821946,-0.2596198673296006,-0.048868745506838354,-2.5150646760158875,0.011901054931103515,0.035703164793310545,True,6.806004451107071,0.009085183116012353
X1+X2_to_X3,race_proxy_blind,COMPAS tool,break_even,0.2523364485981308,Female vs Male,sex,False,0.46639676113360323,False,0.44871794871794873,0.47052947052947053,234,1001,-0.021811521811521795,-0.09264246182374737,0.04901941820070378,-0.6021302764191608,0.5470874224782923,0.5470874224782923,False,0.36306677167869594,0.5468079426438925
X1+X2_to_X3,sex_blind,TabPFN,0.5,0.5,African-American vs Caucasian,race,True,0.4109848484848485,False,0.5015723270440252,0.27380952380952384,636,420,0.22776280323450138,0.17006852854507454,0.2854570779239282,7.362544019047086,1.8043789671026457e-13,7.217515868410583e-13,True,55.51175699087048,9.290171509494618e-14
X1+X2_to_X3,sex_blind,TabPFN,0.5,0.5,Hispanic vs Caucasian,race,False,0.2734225621414914,False,0.27184466019417475,0.27380952380952384,103,420,-0.0019648636153490884,-0.09788745097133887,0.0939577237406407,-0.040092828433508816,0.968019119287348,1.0,False,0.0016088960418475517,0.9680045951509342
X1+X2_to_X3,sex_blind,TabPFN,0.5,0.5,Other vs Caucasian,race,False,0.2740286298568507,False,0.2753623188405797,0.27380952380952384,69,420,0.0015527950310558758,-0.11214669553269152,0.11525228559480327,0.026801011004113855,0.9786184468441184,1.0,False,0.0007176897937606341,0.9786274421663241
X1+X2_to_X3,sex_blind,TabPFN,0.5,0.5,Female vs Male,sex,False,0.3894736842105263,False,0.2863247863247863,0.41358641358641357,234,1001,-0.12726162726162726,-0.19272415062962772,-0.06179910389362682,-3.5941624887573185,0.0003254367018947117,0.000976310105684135,True,13.342389360246798,0.0002594735296831418
X1+X2_to_X3,sex_blind,TabPFN,break_even,0.2523364485981308,African-American vs Caucasian,race,True,0.7973484848484849,False,0.8726415094339622,0.6833333333333333,636,420,0.1893081761006289,0.13782572323025377,0.240790628971004,7.490168727746684,6.878512883102995e-14,2.751405153241198e-13,True,55.07141734362138,1.162288884603035e-13
X1+X2_to_X3,sex_blind,TabPFN,break_even,0.2523364485981308,Hispanic vs Caucasian,race,False,0.6730401529636711,False,0.6310679611650486,0.6833333333333333,103,420,-0.05226537216828475,-0.15552425763872366,0.05099351330215415,-1.013301679074341,0.3109160857672708,0.44143160621415034,False,1.011351597253812,0.31457925577040935
X1+X2_to_X3,sex_blind,TabPFN,break_even,0.2523364485981308,Other vs Caucasian,race,False,0.6728016359918201,False,0.6086956521739131,0.6833333333333333,69,420,-0.07463768115942027,-0.19808697170678957,0.048811609387949026,-1.224626965611515,0.22071580310707517,0.44143160621415034,False,1.4633373735816804,0.2263998553557324
X1+X2_to_X3,sex_blind,TabPFN,break_even,0.2523364485981308,Female vs Male,sex,False,0.7716599190283401,False,0.7051282051282052,0.7872127872127872,234,1001,-0.08208458208458203,-0.1457728215142905,-0.018396342654873554,-2.6930786266255997,0.007079557126997333,0.021238671380992,True,6.930046862696496,0.008475946788729653
X1+X2_to_X3,sex_blind,COMPAS tool,0.5,0.5,African-American vs Caucasian,race,True,0.5037878787878788,False,0.60062893081761,0.35714285714285715,636,420,0.2434860736747529,0.18391453864698554,0.30305760870252024,7.74529259881554,9.536199065022405e-15,3.814479626008962e-14,True,60.64530736944292,6.834279396425112e-15
X1+X2_to_X3,sex_blind,COMPAS tool,0.5,0.5,Hispanic vs Caucasian,race,False,0.3441682600382409,False,0.2912621359223301,0.35714285714285715,103,420,-0.06588072122052707,-0.1648697197690702,0.03310827732801605,-1.261156940623699,0.20725230893608937,0.41450461787217874,False,1.6238966826596943,0.20254930571743998
X1+X2_to_X3,sex_blind,COMPAS tool,0.5,0.5,Other vs Caucasian,race,False,0.33537832310838445,False,0.2028985507246377,0.35714285714285715,69,420,-0.15424430641821946,-0.2596198673296006,-0.048868745506838354,-2.5150646760158875,0.011901054931103515,0.035703164793310545,True,6.806004451107071,0.009085183116012353
X1+X2_to_X3,sex_blind,COMPAS tool,0.5,0.5,Female vs Male,sex,False,0.46639676113360323,False,0.44871794871794873,0.47052947052947053,234,1001,-0.021811521811521795,-0.09264246182374737,0.04901941820070378,-0.6021302764191608,0.5470874224782923,0.5470874224782923,False,0.36306677167869594,0.5468079426438925
X1+X2_to_X3,sex_blind,COMPAS tool,break_even,0.2523364485981308,African-American vs Caucasian,race,True,0.5037878787878788,False,0.60062893081761,0.35714285714285715,636,420,0.2434860736747529,0.18391453864698554,0.30305760870252024,7.74529259881554,9.536199065022405e-15,3.814479626008962e-14,True,60.64530736944292,6.834279396425112e-15
X1+X2_to_X3,sex_blind,COMPAS tool,break_even,0.2523364485981308,Hispanic vs Caucasian,race,False,0.3441682600382409,False,0.2912621359223301,0.35714285714285715,103,420,-0.06588072122052707,-0.1648697197690702,0.03310827732801605,-1.261156940623699,0.20725230893608937,0.41450461787217874,False,1.6238966826596943,0.20254930571743998
X1+X2_to_X3,sex_blind,COMPAS tool,break_even,0.2523364485981308,Other vs Caucasian,race,False,0.33537832310838445,False,0.2028985507246377,0.35714285714285715,69,420,-0.15424430641821946,-0.2596198673296006,-0.048868745506838354,-2.5150646760158875,0.011901054931103515,0.035703164793310545,True,6.806004451107071,0.009085183116012353
X1+X2_to_X3,sex_blind,COMPAS tool,break_even,0.2523364485981308,Female vs Male,sex,False,0.46639676113360323,False,0.44871794871794873,0.47052947052947053,234,1001,-0.021811521811521795,-0.09264246182374737,0.04901941820070378,-0.6021302764191608,0.5470874224782923,0.5470874224782923,False,0.36306677167869594,0.5468079426438925
X1_to_X3,age_blind,TabPFN,0.5,0.5,African-American vs Caucasian,race,True,0.4185606060606061,False,0.5062893081761006,0.2857142857142857,636,420,0.22057502246181493,0.16246851208025773,0.27868153284337216,7.111253720647945,1.1499351495953787e-12,4.599740598381515e-12,True,51.65745250958328,6.607933834129577e-13
X1_to_X3,age_blind,TabPFN,0.5,0.5,Hispanic vs Caucasian,race,False,0.27151051625239003,False,0.21359223300970873,0.2857142857142857,103,420,-0.07212205270457697,-0.1622951176604831,0.01805101225132917,-1.4748760416758755,0.14024587259208884,0.2804917451841777,False,2.2602082243851918,0.13273621249900497
X1_to_X3,age_blind,TabPFN,0.5,0.5,Other vs Caucasian,race,False,0.278118609406953,False,0.2318840579710145,0.2857142857142857,69,420,-0.0538302277432712,-0.16237877125515035,0.054718315768607945,-0.9248536832137529,0.3550420218757204,0.3550420218757204,False,0.8825674934712691,0.34749942672219936
X1_to_X3,age_blind,TabPFN,0.5,0.5,Female vs Male,sex,False,0.38866396761133604,False,0.23931623931623933,0.42357642357642356,234,1001,-0.18426018426018423,-0.24691411217354278,-0.12160625634682568,-5.205900375911479,1.93058205959737e-07,5.791746178792109e-07,True,28.5833027483354,8.975280038579624e-08
X1_to_X3,age_blind,TabPFN,break_even,0.2523364485981308,African-American vs Caucasian,race,True,0.8257575757575758,False,0.9669811320754716,0.611904761904762,636,420,0.3550763701707097,0.3064461745772563,0.4037065657641631,14.888117227696721,3.9370074447362106e-50,1.5748029778944842e-49,True,231.33155727674674,3.0546096111966902e-52
X1_to_X3,age_blind,TabPFN,break_even,0.2523364485981308,Hispanic vs Caucasian,race,False,0.6424474187380497,False,0.7669902912621359,0.611904761904762,103,420,0.15508552935737396,0.06107811325057359,0.24909294546417432,2.9428961497827633,0.0032515747374793308,0.0065031494749586615,True,9.127777810326275,0.0025175733088394323
X1_to_X3,age_blind,TabPFN,break_even,0.2523364485981308,Other vs Caucasian,race,False,0.6032719836400818,False,0.5507246376811594,0.611904761904762,69,420,-0.06118012422360253,-0.1874620640945489,0.06510181564734385,-0.9627246717861488,0.33568571203147346,0.33568571203147346,False,0.9168615583421564,0.33830037613679526
X1_to_X3,age_blind,TabPFN,break_even,0.2523364485981308,Female vs Male,sex,False,0.8048582995951417,False,0.6709401709401709,0.8361638361638362,234,1001,-0.16522366522366527,-0.22964535811732906,-0.10080197233000149,-5.741547800277357,9.381506833084249e-09,2.8144520499252747e-08,True,29.84669640164558,4.675929491364579e-08
X1_to_X3,age_blind,COMPAS tool,0.5,0.5,African-American vs Caucasian,race,True,0.5037878787878788,False,0.60062893081761,0.35714285714285715,636,420,0.2434860736747529,0.18391453864698554,0.30305760870252024,7.74529259881554,9.536199065022405e-15,3.814479626008962e-14,True,60.64530736944292,6.834279396425112e-15
X1_to_X3,age_blind,COMPAS tool,0.5,0.5,Hispanic vs Caucasian,race,False,0.3441682600382409,False,0.2912621359223301,0.35714285714285715,103,420,-0.06588072122052707,-0.1648697197690702,0.03310827732801605,-1.261156940623699,0.20725230893608937,0.41450461787217874,False,1.6238966826596943,0.20254930571743998
X1_to_X3,age_blind,COMPAS tool,0.5,0.5,Other vs Caucasian,race,False,0.33537832310838445,False,0.2028985507246377,0.35714285714285715,69,420,-0.15424430641821946,-0.2596198673296006,-0.048868745506838354,-2.5150646760158875,0.011901054931103515,0.035703164793310545,True,6.806004451107071,0.009085183116012353
X1_to_X3,age_blind,COMPAS tool,0.5,0.5,Female vs Male,sex,False,0.46639676113360323,False,0.44871794871794873,0.47052947052947053,234,1001,-0.021811521811521795,-0.09264246182374737,0.04901941820070378,-0.6021302764191608,0.5470874224782923,0.5470874224782923,False,0.36306677167869594,0.5468079426438925
X1_to_X3,age_blind,COMPAS tool,break_even,0.2523364485981308,African-American vs Caucasian,race,True,0.5037878787878788,False,0.60062893081761,0.35714285714285715,636,420,0.2434860736747529,0.18391453864698554,0.30305760870252024,7.74529259881554,9.536199065022405e-15,3.814479626008962e-14,True,60.64530736944292,6.834279396425112e-15
X1_to_X3,age_blind,COMPAS tool,break_even,0.2523364485981308,Hispanic vs Caucasian,race,False,0.3441682600382409,False,0.2912621359223301,0.35714285714285715,103,420,-0.06588072122052707,-0.1648697197690702,0.03310827732801605,-1.261156940623699,0.20725230893608937,0.41450461787217874,False,1.6238966826596943,0.20254930571743998
X1_to_X3,age_blind,COMPAS tool,break_even,0.2523364485981308,Other vs Caucasian,race,False,0.33537832310838445,False,0.2028985507246377,0.35714285714285715,69,420,-0.15424430641821946,-0.2596198673296006,-0.048868745506838354,-2.5150646760158875,0.011901054931103515,0.035703164793310545,True,6.806004451107071,0.009085183116012353
X1_to_X3,age_blind,COMPAS tool,break_even,0.2523364485981308,Female vs Male,sex,False,0.46639676113360323,False,0.44871794871794873,0.47052947052947053,234,1001,-0.021811521811521795,-0.09264246182374737,0.04901941820070378,-0.6021302764191608,0.5470874224782923,0.5470874224782923,False,0.36306677167869594,0.5468079426438925
X1_to_X3,protected_blind,TabPFN,0.5,0.5,African-American vs Caucasian,race,True,0.4431818181818182,False,0.49842767295597484,0.3595238095238095,636,420,0.13890386343216532,0.0787699675483308,0.19903775931599985,4.44721266455135,8.699170526814497e-06,3.479668210725799e-05,True,19.943331939686253,7.977167761542554e-06
X1_to_X3,protected_blind,TabPFN,0.5,0.5,Hispanic vs Caucasian,race,False,0.3422562141491396,False,0.27184466019417475,0.3595238095238095,103,420,-0.08767914932963478,-0.18508858864275424,0.009730289983484686,-1.6806786872799055,0.09282534251193662,0.18565068502387325,False,2.9084061438428623,0.08811892030709768
X1_to_X3,protected_blind,TabPFN,0.5,0.5,Other vs Caucasian,race,False,0.3558282208588957,False,0.3333333333333333,0.3595238095238095,69,420,-0.02619047619047621,-0.14651479219558472,0.0941338398146323,-0.4211309052376867,0.6736594951058964,0.6736594951058964,False,0.17882836580452333,0.6723820637799642
X1_to_X3,protected_blind,TabPFN,0.5,0.5,Female vs Male,sex,False,0.42186234817813767,False,0.32905982905982906,0.4435564435564436,234,1001,-0.11449661449661452,-0.18211024502769002,-0.04688298396553901,-3.1928838789223106,0.0014085957848148892,0.004225787354444668,True,10.408177842566772,0.0012545847693545607
X1_to_X3,protected_blind,TabPFN,break_even,0.2523364485981308,African-American vs Caucasian,race,True,0.8446969696969697,False,0.8789308176100629,0.7928571428571428,636,420,0.08607367475292005,0.03976090099534118,0.1323864485104989,3.7796462588630564,0.00015705132000719095,0.0006282052800287638,True,14.003954565233173,0.00018242655140802183
X1_to_X3,protected_blind,TabPFN,break_even,0.2523364485981308,Hispanic vs Caucasian,race,False,0.7896749521988528,False,0.7766990291262136,0.7928571428571428,103,420,-0.016158113730929236,-0.10543647702822985,0.07312024956637138,-0.3605897639189128,0.7184061424378618,0.7184061424378618,False,0.1285965568671661,0.7198916377039253
X1_to_X3,protected_blind,TabPFN,break_even,0.2523364485981308,Other vs Caucasian,race,False,0.8016359918200409,False,0.855072463768116,0.7928571428571428,69,420,0.06221532091097315,-0.02944371863739355,0.15387436045933983,1.2010803589064238,0.22972003111846917,0.45944006223693834,False,1.538678587225399,0.21481460200757482
X1_to_X3,protected_blind,TabPFN,break_even,0.2523364485981308,Female vs Male,sex,False,0.8388663967611336,False,0.7649572649572649,0.8561438561438561,234,1001,-0.09118659118659123,-0.1497040569492536,-0.03266912542392885,-3.4157258872297707,0.0006361224542568172,0.0019083673627704515,True,10.788096305697067,0.0010215488564388898
X1_to_X3,protected_blind,COMPAS tool,0.5,0.5,African-American vs Caucasian,race,True,0.5037878787878788,False,0.60062893081761,0.35714285714285715,636,420,0.2434860736747529,0.18391453864698554,0.30305760870252024,7.74529259881554,9.536199065022405e-15,3.814479626008962e-14,True,60.64530736944292,6.834279396425112e-15
X1_to_X3,protected_blind,COMPAS tool,0.5,0.5,Hispanic vs Caucasian,race,False,0.3441682600382409,False,0.2912621359223301,0.35714285714285715,103,420,-0.06588072122052707,-0.1648697197690702,0.03310827732801605,-1.261156940623699,0.20725230893608937,0.41450461787217874,False,1.6238966826596943,0.20254930571743998
X1_to_X3,protected_blind,COMPAS tool,0.5,0.5,Other vs Caucasian,race,False,0.33537832310838445,False,0.2028985507246377,0.35714285714285715,69,420,-0.15424430641821946,-0.2596198673296006,-0.048868745506838354,-2.5150646760158875,0.011901054931103515,0.035703164793310545,True,6.806004451107071,0.009085183116012353
X1_to_X3,protected_blind,COMPAS tool,0.5,0.5,Female vs Male,sex,False,0.46639676113360323,False,0.44871794871794873,0.47052947052947053,234,1001,-0.021811521811521795,-0.09264246182374737,0.04901941820070378,-0.6021302764191608,0.5470874224782923,0.5470874224782923,False,0.36306677167869594,0.5468079426438925
X1_to_X3,protected_blind,COMPAS tool,break_even,0.2523364485981308,African-American vs Caucasian,race,True,0.5037878787878788,False,0.60062893081761,0.35714285714285715,636,420,0.2434860736747529,0.18391453864698554,0.30305760870252024,7.74529259881554,9.536199065022405e-15,3.814479626008962e-14,True,60.64530736944292,6.834279396425112e-15
X1_to_X3,protected_blind,COMPAS tool,break_even,0.2523364485981308,Hispanic vs Caucasian,race,False,0.3441682600382409,False,0.2912621359223301,0.35714285714285715,103,420,-0.06588072122052707,-0.1648697197690702,0.03310827732801605,-1.261156940623699,0.20725230893608937,0.41450461787217874,False,1.6238966826596943,0.20254930571743998
X1_to_X3,protected_blind,COMPAS tool,break_even,0.2523364485981308,Other vs Caucasian,race,False,0.33537832310838445,False,0.2028985507246377,0.35714285714285715,69,420,-0.15424430641821946,-0.2596198673296006,-0.048868745506838354,-2.5150646760158875,0.011901054931103515,0.035703164793310545,True,6.806004451107071,0.009085183116012353
X1_to_X3,protected_blind,COMPAS tool,break_even,0.2523364485981308,Female vs Male,sex,False,0.46639676113360323,False,0.44871794871794873,0.47052947052947053,234,1001,-0.021811521811521795,-0.09264246182374737,0.04901941820070378,-0.6021302764191608,0.5470874224782923,0.5470874224782923,False,0.36306677167869594,0.5468079426438925
X1_to_X3,race_aware,TabPFN,0.5,0.5,African-American vs Caucasian,race,True,0.4251893939393939,False,0.5141509433962265,0.2904761904761905,636,420,0.22367475292003597,0.16541795473919113,0.2819315511008808,7.195891598583993,6.205391614887758e-13,2.482156645955103e-12,True,52.858874711536316,3.583956306936873e-13
X1_to_X3,race_aware,TabPFN,0.5,0.5,Hispanic vs Caucasian,race,False,0.28680688336520077,False,0.27184466019417475,0.2904761904761905,103,420,-0.01863153028201575,-0.11489971062351956,0.07763665005948805,-0.37466453298809116,0.7079099725778896,1.0,False,0.1415155528072325,0.7067789722534517
X1_to_X3,race_aware,TabPFN,0.5,0.5,Other vs Caucasian,race,False,0.294478527607362,False,0.3188405797101449,0.2904761904761905,69,420,0.0283643892339544,-0.08985683502085877,0.14658561348876759,0.479055976874838,0.6318988068978088,1.0,False,0.22657695009599044,0.6340736669029179
X1_to_X3,race_aware,TabPFN,0.5,0.5,Female vs Male,sex,False,0.4040485829959514,False,0.2606837606837607,0.43756243756243757,234,1001,-0.17687867687867687,-0.24097514821636606,-0.11278220554098765,-4.964148299187961,6.90032043500734e-07,2.0700961305022016e-06,True,25.75399657836784,3.8782308732719704e-07
X1_to_X3,race_aware,TabPFN,break_even,0.2523364485981308,African-American vs Caucasian,race,True,0.7642045454545454,False,0.8616352201257862,0.6166666666666667,636,420,0.2449685534591195,0.19128258655522565,0.2986545203630133,9.178232584466137,4.382246773609777e-20,1.7528987094439107e-19,True,83.05385878999077,7.984791378660173e-20
X1_to_X3,race_aware,TabPFN,break_even,0.2523364485981308,Hispanic vs Caucasian,race,False,0.621414913957935,False,0.6407766990291263,0.6166666666666667,103,420,0.024110032362459566,-0.0795571785922115,0.12777724331713064,0.4520824206363463,0.651209607404807,1.0,False,0.20546266272983793,0.6503472084725404
X1_to_X3,race_aware,TabPFN,break_even,0.2523364485981308,Other vs Caucasian,race,False,0.6155419222903885,False,0.6086956521739131,0.6166666666666667,69,420,-0.007971014492753614,-0.13215899276423543,0.11621696377872821,-0.12614064473839479,0.8996205945593536,1.0,False,0.015882381485497143,0.8997118812605828
X1_to_X3,race_aware,TabPFN,break_even,0.2523364485981308,Female vs Male,sex,False,0.7441295546558705,False,0.6410256410256411,0.7682317682317682,234,1001,-0.12720612720612712,-0.1939962668620317,-0.06041598755022254,-4.014811689355879,5.949327545474691e-05,0.00017847982636424073,True,15.258375117576179,9.376007647067537e-05
X1_to_X3,race_aware,COMPAS tool,0.5,0.5,African-American vs Caucasian,race,True,0.5037878787878788,False,0.60062893081761,0.35714285714285715,636,420,0.2434860736747529,0.18391453864698554,0.30305760870252024,7.74529259881554,9.536199065022405e-15,3.814479626008962e-14,True,60.64530736944292,6.834279396425112e-15
X1_to_X3,race_aware,COMPAS tool,0.5,0.5,Hispanic vs Caucasian,race,False,0.3441682600382409,False,0.2912621359223301,0.35714285714285715,103,420,-0.06588072122052707,-0.1648697197690702,0.03310827732801605,-1.261156940623699,0.20725230893608937,0.41450461787217874,False,1.6238966826596943,0.20254930571743998
X1_to_X3,race_aware,COMPAS tool,0.5,0.5,Other vs Caucasian,race,False,0.33537832310838445,False,0.2028985507246377,0.35714285714285715,69,420,-0.15424430641821946,-0.2596198673296006,-0.048868745506838354,-2.5150646760158875,0.011901054931103515,0.035703164793310545,True,6.806004451107071,0.009085183116012353
X1_to_X3,race_aware,COMPAS tool,0.5,0.5,Female vs Male,sex,False,0.46639676113360323,False,0.44871794871794873,0.47052947052947053,234,1001,-0.021811521811521795,-0.09264246182374737,0.04901941820070378,-0.6021302764191608,0.5470874224782923,0.5470874224782923,False,0.36306677167869594,0.5468079426438925
X1_to_X3,race_aware,COMPAS tool,break_even,0.2523364485981308,African-American vs Caucasian,race,True,0.5037878787878788,False,0.60062893081761,0.35714285714285715,636,420,0.2434860736747529,0.18391453864698554,0.30305760870252024,7.74529259881554,9.536199065022405e-15,3.814479626008962e-14,True,60.64530736944292,6.834279396425112e-15
X1_to_X3,race_aware,COMPAS tool,break_even,0.2523364485981308,Hispanic vs Caucasian,race,False,0.3441682600382409,False,0.2912621359223301,0.35714285714285715,103,420,-0.06588072122052707,-0.1648697197690702,0.03310827732801605,-1.261156940623699,0.20725230893608937,0.41450461787217874,False,1.6238966826596943,0.20254930571743998
X1_to_X3,race_aware,COMPAS tool,break_even,0.2523364485981308,Other vs Caucasian,race,False,0.33537832310838445,False,0.2028985507246377,0.35714285714285715,69,420,-0.15424430641821946,-0.2596198673296006,-0.048868745506838354,-2.5150646760158875,0.011901054931103515,0.035703164793310545,True,6.806004451107071,0.009085183116012353
X1_to_X3,race_aware,COMPAS tool,break_even,0.2523364485981308,Female vs Male,sex,False,0.46639676113360323,False,0.44871794871794873,0.47052947052947053,234,1001,-0.021811521811521795,-0.09264246182374737,0.04901941820070378,-0.6021302764191608,0.5470874224782923,0.5470874224782923,False,0.36306677167869594,0.5468079426438925
X1_to_X3,race_blind,TabPFN,0.5,0.5,African-American vs Caucasian,race,True,0.42329545454545453,False,0.5110062893081762,0.2904761904761905,636,420,0.22053009883198565,0.16226919971581555,0.27879099794815576,7.098892936893876,1.2576018244971593e-12,5.030407297988637e-12,True,51.436045595329134,7.396788256908398e-13
X1_to_X3,race_blind,TabPFN,0.5,0.5,Hispanic vs Caucasian,race,False,0.2944550669216061,False,0.3106796116504854,0.2904761904761905,103,420,0.02020342117429491,-0.07915564954488744,0.11956249189347726,0.4031303318227422,0.6868523479281612,1.0,False,0.16125070945481257,0.6880076199939205
X1_to_X3,race_blind,TabPFN,0.5,0.5,Other vs Caucasian,race,False,0.294478527607362,False,0.3188405797101449,0.2904761904761905,69,420,0.0283643892339544,-0.08985683502085877,0.14658561348876759,0.479055976874838,0.6318988068978088,1.0,False,0.22657695009599044,0.6340736669029179
X1_to_X3,race_blind,TabPFN,0.5,0.5,Female vs Male,sex,False,0.40566801619433196,False,0.27350427350427353,0.43656343656343655,234,1001,-0.16305916305916301,-0.2279121776122142,-0.09820614850611184,-4.573374461096152,4.799312831104211e-06,1.4397938493312633e-05,True,21.74422918419529,3.1152553246253528e-06
X1_to_X3,race_blind,TabPFN,break_even,0.2523364485981308,African-American vs Caucasian,race,True,0.7329545454545454,False,0.8050314465408805,0.6238095238095238,636,420,0.18122192273135673,0.12559460791505256,0.2368492375476609,6.514796606736709,7.278821833929374e-11,2.9115287335717496e-10,True,41.82961288041324,9.958371107163075e-11
X1_to_X3,race_blind,TabPFN,break_even,0.2523364485981308,Hispanic vs Caucasian,race,False,0.6290630975143403,False,0.6504854368932039,0.6238095238095238,103,420,0.026675913083680114,-0.07640519926678571,0.12975702543414594,0.5022437971100363,0.6154960383782982,1.0,False,0.2538416179562617,0.614382972036803
X1_to_X3,race_blind,TabPFN,break_even,0.2523364485981308,Other vs Caucasian,race,False,0.621676891615542,False,0.6086956521739131,0.6238095238095238,69,420,-0.015113871635610732,-0.13923858075282208,0.10901083748160063,-0.2399146086924544,0.8103964554618462,1.0,False,0.05735097238529718,0.8107329141753277
X1_to_X3,race_blind,TabPFN,break_even,0.2523364485981308,Female vs Male,sex,False,0.7182186234817813,False,0.6581196581196581,0.7322677322677322,234,1001,-0.07414807414807412,-0.14082680078227314,-0.0074693475138750964,-2.2699008626782895,0.02321359877044047,0.06964079631132142,False,5.00384407749678,0.025291087099282163
X1_to_X3,race_blind,COMPAS tool,0.5,0.5,African-American vs Caucasian,race,True,0.5037878787878788,False,0.60062893081761,0.35714285714285715,636,420,0.2434860736747529,0.18391453864698554,0.30305760870252024,7.74529259881554,9.536199065022405e-15,3.814479626008962e-14,True,60.64530736944292,6.834279396425112e-15
X1_to_X3,race_blind,COMPAS tool,0.5,0.5,Hispanic vs Caucasian,race,False,0.3441682600382409,False,0.2912621359223301,0.35714285714285715,103,420,-0.06588072122052707,-0.1648697197690702,0.03310827732801605,-1.261156940623699,0.20725230893608937,0.41450461787217874,False,1.6238966826596943,0.20254930571743998
X1_to_X3,race_blind,COMPAS tool,0.5,0.5,Other vs Caucasian,race,False,0.33537832310838445,False,0.2028985507246377,0.35714285714285715,69,420,-0.15424430641821946,-0.2596198673296006,-0.048868745506838354,-2.5150646760158875,0.011901054931103515,0.035703164793310545,True,6.806004451107071,0.009085183116012353
X1_to_X3,race_blind,COMPAS tool,0.5,0.5,Female vs Male,sex,False,0.46639676113360323,False,0.44871794871794873,0.47052947052947053,234,1001,-0.021811521811521795,-0.09264246182374737,0.04901941820070378,-0.6021302764191608,0.5470874224782923,0.5470874224782923,False,0.36306677167869594,0.5468079426438925
X1_to_X3,race_blind,COMPAS tool,break_even,0.2523364485981308,African-American vs Caucasian,race,True,0.5037878787878788,False,0.60062893081761,0.35714285714285715,636,420,0.2434860736747529,0.18391453864698554,0.30305760870252024,7.74529259881554,9.536199065022405e-15,3.814479626008962e-14,True,60.64530736944292,6.834279396425112e-15
X1_to_X3,race_blind,COMPAS tool,break_even,0.2523364485981308,Hispanic vs Caucasian,race,False,0.3441682600382409,False,0.2912621359223301,0.35714285714285715,103,420,-0.06588072122052707,-0.1648697197690702,0.03310827732801605,-1.261156940623699,0.20725230893608937,0.41450461787217874,False,1.6238966826596943,0.20254930571743998
X1_to_X3,race_blind,COMPAS tool,break_even,0.2523364485981308,Other vs Caucasian,race,False,0.33537832310838445,False,0.2028985507246377,0.35714285714285715,69,420,-0.15424430641821946,-0.2596198673296006,-0.048868745506838354,-2.5150646760158875,0.011901054931103515,0.035703164793310545,True,6.806004451107071,0.009085183116012353
X1_to_X3,race_blind,COMPAS tool,break_even,0.2523364485981308,Female vs Male,sex,False,0.46639676113360323,False,0.44871794871794873,0.47052947052947053,234,1001,-0.021811521811521795,-0.09264246182374737,0.04901941820070378,-0.6021302764191608,0.5470874224782923,0.5470874224782923,False,0.36306677167869594,0.5468079426438925
X1_to_X3,race_priors_blind,TabPFN,0.5,0.5,African-American vs Caucasian,race,True,0.4668560606060606,False,0.5220125786163522,0.38333333333333336,636,420,0.13867924528301884,0.07810555800703786,0.1992529325589998,4.420984319533043,9.825230427803091e-06,2.9475691283409274e-05,True,19.668362898070647,9.211383738338425e-06
X1_to_X3,race_priors_blind,TabPFN,0.5,0.5,Hispanic vs Caucasian,race,False,0.39579349904397704,False,0.44660194174757284,0.38333333333333336,103,420,0.06326860841423948,-0.04340695976813068,0.16994417659660965,1.1766672616087568,0.2393283397603686,0.4786566795207372,False,1.3714174602784848,0.24156849367016503
X1_to_X3,race_priors_blind,TabPFN,0.5,0.5,Other vs Caucasian,race,False,0.39059304703476483,False,0.43478260869565216,0.38333333333333336,69,420,0.0514492753623188,-0.07442218368339026,0.17732073440802787,0.8118168603406328,0.4168967260016392,0.4786566795207372,False,0.6524849111409932,0.4192256575629446
X1_to_X3,race_priors_blind,TabPFN,0.5,0.5,Female vs Male,sex,False,0.4631578947368421,False,0.0,0.5714285714285714,234,1001,-0.5714285714285714,-0.6020851465777337,-0.5407719962794091,-15.782130092357649,4.130114425102633e-56,1.652045770041053e-55,True,338.18016644804493,1.5892823249940175e-75
X1_to_X3,race_priors_blind,TabPFN,break_even,0.2523364485981308,African-American vs Caucasian,race,True,0.9791666666666666,False,0.9937106918238994,0.9571428571428572,636,420,0.03656783468104219,0.016247034916298267,0.05688863444578611,4.0720471424411535,4.66017441639072e-05,0.0001398052324917216,True,16.73217628394323,4.3044737979545485e-05
X1_to_X3,race_priors_blind,TabPFN,break_even,0.2523364485981308,Hispanic vs Caucasian,race,False,0.9617590822179732,False,0.9805825242718447,0.9571428571428572,103,420,0.023439667128987485,-0.009504421403721632,0.0563837556616966,1.1115949152386324,0.26631235976733836,0.26631235976733836,False,1.4388759592083704,0.2303213212960127
X1_to_X3,race_priors_blind,TabPFN,break_even,0.2523364485981308,Other vs Caucasian,race,False,0.9631901840490797,False,1.0,0.9571428571428572,69,420,0.042857142857142816,0.023487418766423504,0.06222686694786213,1.7521856882414737,0.07974188375778474,0.15948376751556947,False,5.587711919624493,0.01808690721648387
X1_to_X3,race_priors_blind,TabPFN,break_even,0.2523364485981308,Female vs Male,sex,False,0.9805668016194332,False,0.8974358974358975,1.0,234,1001,-0.10256410256410253,-0.14143634307421454,-0.06369186205399054,-10.23236769997988,1.4200435118101791e-24,5.6801740472407164e-24,True,81.92909321167497,1.4105755848576068e-19
X1_to_X3,race_priors_blind,COMPAS tool,0.5,0.5,African-American vs Caucasian,race,True,0.5037878787878788,False,0.60062893081761,0.35714285714285715,636,420,0.2434860736747529,0.18391453864698554,0.30305760870252024,7.74529259881554,9.536199065022405e-15,3.814479626008962e-14,True,60.64530736944292,6.834279396425112e-15
X1_to_X3,race_priors_blind,COMPAS tool,0.5,0.5,Hispanic vs Caucasian,race,False,0.3441682600382409,False,0.2912621359223301,0.35714285714285715,103,420,-0.06588072122052707,-0.1648697197690702,0.03310827732801605,-1.261156940623699,0.20725230893608937,0.41450461787217874,False,1.6238966826596943,0.20254930571743998
X1_to_X3,race_priors_blind,COMPAS tool,0.5,0.5,Other vs Caucasian,race,False,0.33537832310838445,False,0.2028985507246377,0.35714285714285715,69,420,-0.15424430641821946,-0.2596198673296006,-0.048868745506838354,-2.5150646760158875,0.011901054931103515,0.035703164793310545,True,6.806004451107071,0.009085183116012353
X1_to_X3,race_priors_blind,COMPAS tool,0.5,0.5,Female vs Male,sex,False,0.46639676113360323,False,0.44871794871794873,0.47052947052947053,234,1001,-0.021811521811521795,-0.09264246182374737,0.04901941820070378,-0.6021302764191608,0.5470874224782923,0.5470874224782923,False,0.36306677167869594,0.5468079426438925
X1_to_X3,race_priors_blind,COMPAS tool,break_even,0.2523364485981308,African-American vs Caucasian,race,True,0.5037878787878788,False,0.60062893081761,0.35714285714285715,636,420,0.2434860736747529,0.18391453864698554,0.30305760870252024,7.74529259881554,9.536199065022405e-15,3.814479626008962e-14,True,60.64530736944292,6.834279396425112e-15
X1_to_X3,race_priors_blind,COMPAS tool,break_even,0.2523364485981308,Hispanic vs Caucasian,race,False,0.3441682600382409,False,0.2912621359223301,0.35714285714285715,103,420,-0.06588072122052707,-0.1648697197690702,0.03310827732801605,-1.261156940623699,0.20725230893608937,0.41450461787217874,False,1.6238966826596943,0.20254930571743998
X1_to_X3,race_priors_blind,COMPAS tool,break_even,0.2523364485981308,Other vs Caucasian,race,False,0.33537832310838445,False,0.2028985507246377,0.35714285714285715,69,420,-0.15424430641821946,-0.2596198673296006,-0.048868745506838354,-2.5150646760158875,0.011901054931103515,0.035703164793310545,True,6.806004451107071,0.009085183116012353
X1_to_X3,race_priors_blind,COMPAS tool,break_even,0.2523364485981308,Female vs Male,sex,False,0.46639676113360323,False,0.44871794871794873,0.47052947052947053,234,1001,-0.021811521811521795,-0.09264246182374737,0.04901941820070378,-0.6021302764191608,0.5470874224782923,0.5470874224782923,False,0.36306677167869594,0.5468079426438925
X1_to_X3,race_proxy_blind,TabPFN,0.5,0.5,African-American vs Caucasian,race,True,0.17803030303030304,False,0.20911949685534592,0.13095238095238096,636,420,0.07816711590296496,0.03300253570295213,0.1233316961029778,3.249903482069087,0.0011544418252593584,0.0034633254757780755,True,10.898969532251556,0.0009621777173526427
X1_to_X3,race_proxy_blind,TabPFN,0.5,0.5,Hispanic vs Caucasian,race,False,0.14149139579349904,False,0.18446601941747573,0.13095238095238096,103,420,0.05351363846509477,-0.028043655230650277,0.13507093216083982,1.396431226753909,0.1625846771199414,0.3251693542398828,False,1.8435172816072107,0.1745392592486401
X1_to_X3,race_proxy_blind,TabPFN,0.5,0.5,Other vs Caucasian,race,False,0.1390593047034765,False,0.18840579710144928,0.13095238095238096,69,420,0.05745341614906832,-0.0402903392529963,0.15519717155113294,1.2782740502538446,0.20115281426183396,0.3251693542398828,False,1.5197568815869547,0.21765628801579137
X1_to_X3,race_proxy_blind,TabPFN,0.5,0.5,Female vs Male,sex,False,0.17894736842105263,False,0.0,0.22077922077922077,234,1001,-0.22077922077922077,-0.2464737350970428,-0.19508470646139875,-7.932343784914892,2.150481386125742e-15,8.601925544502968e-15,True,103.54948424224565,2.5397089511680326e-24
X1_to_X3,race_proxy_blind,TabPFN,break_even,0.2523364485981308,African-American vs Caucasian,race,True,1.0,True,1.0,1.0,636,420,0.0,,,,1.0,1.0,False,0.0,1.0
X1_to_X3,race_proxy_blind,TabPFN,break_even,0.2523364485981308,Hispanic vs Caucasian,race,False,1.0,True,1.0,1.0,103,420,0.0,,,,1.0,1.0,False,0.0,1.0
X1_to_X3,race_proxy_blind,TabPFN,break_even,0.2523364485981308,Other vs Caucasian,race,False,1.0,True,1.0,1.0,69,420,0.0,,,,1.0,1.0,False,0.0,1.0
X1_to_X3,race_proxy_blind,TabPFN,break_even,0.2523364485981308,Female vs Male,sex,False,1.0,True,1.0,1.0,234,1001,0.0,,,,1.0,1.0,False,0.0,1.0
X1_to_X3,race_proxy_blind,COMPAS tool,0.5,0.5,African-American vs Caucasian,race,True,0.5037878787878788,False,0.60062893081761,0.35714285714285715,636,420,0.2434860736747529,0.18391453864698554,0.30305760870252024,7.74529259881554,9.536199065022405e-15,3.814479626008962e-14,True,60.64530736944292,6.834279396425112e-15
X1_to_X3,race_proxy_blind,COMPAS tool,0.5,0.5,Hispanic vs Caucasian,race,False,0.3441682600382409,False,0.2912621359223301,0.35714285714285715,103,420,-0.06588072122052707,-0.1648697197690702,0.03310827732801605,-1.261156940623699,0.20725230893608937,0.41450461787217874,False,1.6238966826596943,0.20254930571743998
X1_to_X3,race_proxy_blind,COMPAS tool,0.5,0.5,Other vs Caucasian,race,False,0.33537832310838445,False,0.2028985507246377,0.35714285714285715,69,420,-0.15424430641821946,-0.2596198673296006,-0.048868745506838354,-2.5150646760158875,0.011901054931103515,0.035703164793310545,True,6.806004451107071,0.009085183116012353
X1_to_X3,race_proxy_blind,COMPAS tool,0.5,0.5,Female vs Male,sex,False,0.46639676113360323,False,0.44871794871794873,0.47052947052947053,234,1001,-0.021811521811521795,-0.09264246182374737,0.04901941820070378,-0.6021302764191608,0.5470874224782923,0.5470874224782923,False,0.36306677167869594,0.5468079426438925
X1_to_X3,race_proxy_blind,COMPAS tool,break_even,0.2523364485981308,African-American vs Caucasian,race,True,0.5037878787878788,False,0.60062893081761,0.35714285714285715,636,420,0.2434860736747529,0.18391453864698554,0.30305760870252024,7.74529259881554,9.536199065022405e-15,3.814479626008962e-14,True,60.64530736944292,6.834279396425112e-15
X1_to_X3,race_proxy_blind,COMPAS tool,break_even,0.2523364485981308,Hispanic vs Caucasian,race,False,0.3441682600382409,False,0.2912621359223301,0.35714285714285715,103,420,-0.06588072122052707,-0.1648697197690702,0.03310827732801605,-1.261156940623699,0.20725230893608937,0.41450461787217874,False,1.6238966826596943,0.20254930571743998
X1_to_X3,race_proxy_blind,COMPAS tool,break_even,0.2523364485981308,Other vs Caucasian,race,False,0.33537832310838445,False,0.2028985507246377,0.35714285714285715,69,420,-0.15424430641821946,-0.2596198673296006,-0.048868745506838354,-2.5150646760158875,0.011901054931103515,0.035703164793310545,True,6.806004451107071,0.009085183116012353
X1_to_X3,race_proxy_blind,COMPAS tool,break_even,0.2523364485981308,Female vs Male,sex,False,0.46639676113360323,False,0.44871794871794873,0.47052947052947053,234,1001,-0.021811521811521795,-0.09264246182374737,0.04901941820070378,-0.6021302764191608,0.5470874224782923,0.5470874224782923,False,0.36306677167869594,0.5468079426438925
X1_to_X3,sex_blind,TabPFN,0.5,0.5,African-American vs Caucasian,race,True,0.4289772727272727,False,0.5188679245283019,0.29285714285714287,636,420,0.226010781671159,0.16768422216317613,0.2843373411791419,7.262841431372081,3.7904219422218116e-13,1.5161687768887246e-12,True,53.83073775717368,2.1852704437354183e-13
X1_to_X3,sex_blind,TabPFN,0.5,0.5,Hispanic vs Caucasian,race,False,0.29063097514340347,False,0.2815533980582524,0.29285714285714287,103,420,-0.011303744798890458,-0.10845490701963938,0.08584741742185846,-0.2264163042578162,0.8208776482004019,1.0,False,0.05150737544264228,0.820460783788648
X1_to_X3,sex_blind,TabPFN,0.5,0.5,Other vs Caucasian,race,False,0.2903885480572597,False,0.2753623188405797,0.29285714285714287,69,420,-0.01749482401656316,-0.1315258183832403,0.09653617035011397,-0.2966909428671196,0.7667024724121221,1.0,False,0.08880157865458704,0.7657062643981923
X1_to_X3,sex_blind,TabPFN,0.5,0.5,Female vs Male,sex,False,0.40566801619433196,False,0.3076923076923077,0.42857142857142855,234,1001,-0.12087912087912084,-0.1874886512268386,-0.05426959053140308,-3.3903368196961936,0.0006980679906401229,0.0020942039719203686,True,11.799094046043898,0.0005925955106707952
X1_to_X3,sex_blind,TabPFN,break_even,0.2523364485981308,African-American vs Caucasian,race,True,0.7329545454545454,False,0.8050314465408805,0.6238095238095238,636,420,0.18122192273135673,0.12559460791505256,0.2368492375476609,6.514796606736709,7.278821833929374e-11,2.9115287335717496e-10,True,41.82961288041324,9.958371107163075e-11
X1_to_X3,sex_blind,TabPFN,break_even,0.2523364485981308,Hispanic vs Caucasian,race,False,0.6290630975143403,False,0.6504854368932039,0.6238095238095238,103,420,0.026675913083680114,-0.07640519926678571,0.12975702543414594,0.5022437971100363,0.6154960383782982,1.0,False,0.2538416179562617,0.614382972036803
X1_to_X3,sex_blind,TabPFN,break_even,0.2523364485981308,Other vs Caucasian,race,False,0.621676891615542,False,0.6086956521739131,0.6238095238095238,69,420,-0.015113871635610732,-0.13923858075282208,0.10901083748160063,-0.2399146086924544,0.8103964554618462,1.0,False,0.05735097238529718,0.8107329141753277
X1_to_X3,sex_blind,TabPFN,break_even,0.2523364485981308,Female vs Male,sex,False,0.7182186234817813,False,0.6581196581196581,0.7322677322677322,234,1001,-0.07414807414807412,-0.14082680078227314,-0.0074693475138750964,-2.2699008626782895,0.02321359877044047,0.06964079631132142,False,5.00384407749678,0.025291087099282163
X1_to_X3,sex_blind,COMPAS tool,0.5,0.5,African-American vs Caucasian,race,True,0.5037878787878788,False,0.60062893081761,0.35714285714285715,636,420,0.2434860736747529,0.18391453864698554,0.30305760870252024,7.74529259881554,9.536199065022405e-15,3.814479626008962e-14,True,60.64530736944292,6.834279396425112e-15
X1_to_X3,sex_blind,COMPAS tool,0.5,0.5,Hispanic vs Caucasian,race,False,0.3441682600382409,False,0.2912621359223301,0.35714285714285715,103,420,-0.06588072122052707,-0.1648697197690702,0.03310827732801605,-1.261156940623699,0.20725230893608937,0.41450461787217874,False,1.6238966826596943,0.20254930571743998
X1_to_X3,sex_blind,COMPAS tool,0.5,0.5,Other vs Caucasian,race,False,0.33537832310838445,False,0.2028985507246377,0.35714285714285715,69,420,-0.15424430641821946,-0.2596198673296006,-0.048868745506838354,-2.5150646760158875,0.011901054931103515,0.035703164793310545,True,6.806004451107071,0.009085183116012353
X1_to_X3,sex_blind,COMPAS tool,0.5,0.5,Female vs Male,sex,False,0.46639676113360323,False,0.44871794871794873,0.47052947052947053,234,1001,-0.021811521811521795,-0.09264246182374737,0.04901941820070378,-0.6021302764191608,0.5470874224782923,0.5470874224782923,False,0.36306677167869594,0.5468079426438925
X1_to_X3,sex_blind,COMPAS tool,break_even,0.2523364485981308,African-American vs Caucasian,race,True,0.5037878787878788,False,0.60062893081761,0.35714285714285715,636,420,0.2434860736747529,0.18391453864698554,0.30305760870252024,7.74529259881554,9.536199065022405e-15,3.814479626008962e-14,True,60.64530736944292,6.834279396425112e-15
X1_to_X3,sex_blind,COMPAS tool,break_even,0.2523364485981308,Hispanic vs Caucasian,race,False,0.3441682600382409,False,0.2912621359223301,0.35714285714285715,103,420,-0.06588072122052707,-0.1648697197690702,0.03310827732801605,-1.261156940623699,0.20725230893608937,0.41450461787217874,False,1.6238966826596943,0.20254930571743998
X1_to_X3,sex_blind,COMPAS tool,break_even,0.2523364485981308,Other vs Caucasian,race,False,0.33537832310838445,False,0.2028985507246377,0.35714285714285715,69,420,-0.15424430641821946,-0.2596198673296006,-0.048868745506838354,-2.5150646760158875,0.011901054931103515,0.035703164793310545,True,6.806004451107071,0.009085183116012353
X1_to_X3,sex_blind,COMPAS tool,break_even,0.2523364485981308,Female vs Male,sex,False,0.46639676113360323,False,0.44871794871794873,0.47052947052947053,234,1001,-0.021811521811521795,-0.09264246182374737,0.04901941820070378,-0.6021302764191608,0.5470874224782923,0.5470874224782923,False,0.36306677167869594,0.5468079426438925
X2_to_X3,age_blind,TabPFN,0.5,0.5,African-American vs Caucasian,race,True,0.3446969696969697,False,0.45125786163522014,0.18333333333333332,636,420,0.26792452830188684,0.21439821280136714,0.32145084380240657,8.96590014743799,3.0775672765583176e-19,1.231026910623327e-18,True,84.52880353878248,3.786580267511511e-20
X2_to_X3,age_blind,TabPFN,0.5,0.5,Hispanic vs Caucasian,race,False,0.1739961759082218,False,0.13592233009708737,0.18333333333333332,103,420,-0.04741100323624595,-0.12323775158296517,0.028415745110473276,-1.1373933315346527,0.25537389373555786,0.5107477874711157,False,1.357944697448847,0.24389400126254251
X2_to_X3,age_blind,TabPFN,0.5,0.5,Other vs Caucasian,race,False,0.18404907975460122,False,0.18840579710144928,0.18333333333333332,69,420,0.005072463768115959,-0.09433761107235836,0.10448253860859028,0.1007661976829247,0.9197360605640965,0.9197360605640965,False,0.010102639055246554,0.9199379476406818
X2_to_X3,age_blind,TabPFN,0.5,0.5,Female vs Male,sex,False,0.31659919028340083,False,0.17094017094017094,0.35064935064935066,234,1001,-0.1797091797091797,-0.23628076057114705,-0.12313759884721237,-5.320704086074968,1.0336641800631572e-07,3.1009925401894717e-07,True,30.92808489563565,2.6776867692587136e-08
X2_to_X3,age_blind,TabPFN,break_even,0.2523364485981308,African-American vs Caucasian,race,True,0.9403409090909091,False,0.9669811320754716,0.9,636,420,0.06698113207547163,0.03510607018161772,0.09885619396932555,4.497723429279108,6.868496476946932e-06,2.0605489430840796e-05,True,19.75518378013174,8.802262486521637e-06
X2_to_X3,age_blind,TabPFN,break_even,0.2523364485981308,Hispanic vs Caucasian,race,False,0.8738049713193117,False,0.7669902912621359,0.9,103,420,-0.1330097087378641,-0.21954593196465272,-0.04647348551107548,-3.6429010643985937,0.0002695824746026647,0.0005391649492053294,True,11.622641509487433,0.0006515380421857719
X2_to_X3,age_blind,TabPFN,break_even,0.2523364485981308,Other vs Caucasian,race,False,0.8834355828220859,False,0.782608695652174,0.9,69,420,-0.11739130434782608,-0.21885558618082857,-0.0159270225148236,-2.8161789439582123,0.004859858962973959,0.004859858962973959,True,6.778349709144445,0.009227016141460952
X2_to_X3,age_blind,TabPFN,break_even,0.2523364485981308,Female vs Male,sex,False,0.9157894736842105,False,0.6709401709401709,0.973026973026973,234,1001,-0.30208680208680216,-0.3631207609666378,-0.24105284320696652,-14.981049046770533,9.766322552866756e-51,3.9065290211467026e-50,True,168.8221951155141,1.3378762347657212e-38
X2_to_X3,age_blind,COMPAS tool,0.5,0.5,African-American vs Caucasian,race,True,0.5037878787878788,False,0.60062893081761,0.35714285714285715,636,420,0.2434860736747529,0.18391453864698554,0.30305760870252024,7.74529259881554,9.536199065022405e-15,3.814479626008962e-14,True,60.64530736944292,6.834279396425112e-15
X2_to_X3,age_blind,COMPAS tool,0.5,0.5,Hispanic vs Caucasian,race,False,0.3441682600382409,False,0.2912621359223301,0.35714285714285715,103,420,-0.06588072122052707,-0.1648697197690702,0.03310827732801605,-1.261156940623699,0.20725230893608937,0.41450461787217874,False,1.6238966826596943,0.20254930571743998
X2_to_X3,age_blind,COMPAS tool,0.5,0.5,Other vs Caucasian,race,False,0.33537832310838445,False,0.2028985507246377,0.35714285714285715,69,420,-0.15424430641821946,-0.2596198673296006,-0.048868745506838354,-2.5150646760158875,0.011901054931103515,0.035703164793310545,True,6.806004451107071,0.009085183116012353
X2_to_X3,age_blind,COMPAS tool,0.5,0.5,Female vs Male,sex,False,0.46639676113360323,False,0.44871794871794873,0.47052947052947053,234,1001,-0.021811521811521795,-0.09264246182374737,0.04901941820070378,-0.6021302764191608,0.5470874224782923,0.5470874224782923,False,0.36306677167869594,0.5468079426438925
X2_to_X3,age_blind,COMPAS tool,break_even,0.2523364485981308,African-American vs Caucasian,race,True,0.5037878787878788,False,0.60062893081761,0.35714285714285715,636,420,0.2434860736747529,0.18391453864698554,0.30305760870252024,7.74529259881554,9.536199065022405e-15,3.814479626008962e-14,True,60.64530736944292,6.834279396425112e-15
X2_to_X3,age_blind,COMPAS tool,break_even,0.2523364485981308,Hispanic vs Caucasian,race,False,0.3441682600382409,False,0.2912621359223301,0.35714285714285715,103,420,-0.06588072122052707,-0.1648697197690702,0.03310827732801605,-1.261156940623699,0.20725230893608937,0.41450461787217874,False,1.6238966826596943,0.20254930571743998
X2_to_X3,age_blind,COMPAS tool,break_even,0.2523364485981308,Other vs Caucasian,race,False,0.33537832310838445,False,0.2028985507246377,0.35714285714285715,69,420,-0.15424430641821946,-0.2596198673296006,-0.048868745506838354,-2.5150646760158875,0.011901054931103515,0.035703164793310545,True,6.806004451107071,0.009085183116012353
X2_to_X3,age_blind,COMPAS tool,break_even,0.2523364485981308,Female vs Male,sex,False,0.46639676113360323,False,0.44871794871794873,0.47052947052947053,234,1001,-0.021811521811521795,-0.09264246182374737,0.04901941820070378,-0.6021302764191608,0.5470874224782923,0.5470874224782923,False,0.36306677167869594,0.5468079426438925
X2_to_X3,protected_blind,TabPFN,0.5,0.5,African-American vs Caucasian,race,True,0.35511363636363635,False,0.4166666666666667,0.2619047619047619,636,420,0.15476190476190477,0.09787477162447179,0.21164903789933776,5.1435153297677765,2.6964464026611453e-07,1.0785785610644581e-06,True,27.004529173966844,2.029792916854509e-07
X2_to_X3,protected_blind,TabPFN,0.5,0.5,Hispanic vs Caucasian,race,False,0.24665391969407266,False,0.18446601941747573,0.2619047619047619,103,420,-0.07743874248728619,-0.1633386124038571,0.008461127429284732,-1.6338396370285648,0.10229252713733875,0.2045850542746775,False,2.804373836925313,0.09400754107194138
X2_to_X3,protected_blind,TabPFN,0.5,0.5,Other vs Caucasian,race,False,0.25766871165644173,False,0.2318840579710145,0.2619047619047619,69,420,-0.030020703933747422,-0.1381145122698419,0.07807310440234706,-0.5284281032651403,0.5972022361658611,0.5972022361658611,False,0.28464823054970667,0.5936706607885676
X2_to_X3,protected_blind,TabPFN,0.5,0.5,Female vs Male,sex,False,0.3319838056680162,False,0.23931623931623933,0.35364635364635366,234,1001,-0.11433011433011434,-0.17650510164097422,-0.05215512701925445,-3.343491176218668,0.000827313249930449,0.002481939749791347,True,11.684679451178631,0.0006301684207377487
X2_to_X3,protected_blind,TabPFN,break_even,0.2523364485981308,African-American vs Caucasian,race,True,0.8446969696969697,False,0.8789308176100629,0.7928571428571428,636,420,0.08607367475292005,0.03976090099534118,0.1323864485104989,3.7796462588630564,0.00015705132000719095,0.0006282052800287638,True,14.003954565233173,0.00018242655140802183
X2_to_X3,protected_blind,TabPFN,break_even,0.2523364485981308,Hispanic vs Caucasian,race,False,0.7896749521988528,False,0.7766990291262136,0.7928571428571428,103,420,-0.016158113730929236,-0.10543647702822985,0.07312024956637138,-0.3605897639189128,0.7184061424378618,0.7184061424378618,False,0.1285965568671661,0.7198916377039253
X2_to_X3,protected_blind,TabPFN,break_even,0.2523364485981308,Other vs Caucasian,race,False,0.8016359918200409,False,0.855072463768116,0.7928571428571428,69,420,0.06221532091097315,-0.02944371863739355,0.15387436045933983,1.2010803589064238,0.22972003111846917,0.45944006223693834,False,1.538678587225399,0.21481460200757482
X2_to_X3,protected_blind,TabPFN,break_even,0.2523364485981308,Female vs Male,sex,False,0.8388663967611336,False,0.7649572649572649,0.8561438561438561,234,1001,-0.09118659118659123,-0.1497040569492536,-0.03266912542392885,-3.4157258872297707,0.0006361224542568172,0.0019083673627704515,True,10.788096305697067,0.0010215488564388898
X2_to_X3,protected_blind,COMPAS tool,0.5,0.5,African-American vs Caucasian,race,True,0.5037878787878788,False,0.60062893081761,0.35714285714285715,636,420,0.2434860736747529,0.18391453864698554,0.30305760870252024,7.74529259881554,9.536199065022405e-15,3.814479626008962e-14,True,60.64530736944292,6.834279396425112e-15
X2_to_X3,protected_blind,COMPAS tool,0.5,0.5,Hispanic vs Caucasian,race,False,0.3441682600382409,False,0.2912621359223301,0.35714285714285715,103,420,-0.06588072122052707,-0.1648697197690702,0.03310827732801605,-1.261156940623699,0.20725230893608937,0.41450461787217874,False,1.6238966826596943,0.20254930571743998
X2_to_X3,protected_blind,COMPAS tool,0.5,0.5,Other vs Caucasian,race,False,0.33537832310838445,False,0.2028985507246377,0.35714285714285715,69,420,-0.15424430641821946,-0.2596198673296006,-0.048868745506838354,-2.5150646760158875,0.011901054931103515,0.035703164793310545,True,6.806004451107071,0.009085183116012353
X2_to_X3,protected_blind,COMPAS tool,0.5,0.5,Female vs Male,sex,False,0.46639676113360323,False,0.44871794871794873,0.47052947052947053,234,1001,-0.021811521811521795,-0.09264246182374737,0.04901941820070378,-0.6021302764191608,0.5470874224782923,0.5470874224782923,False,0.36306677167869594,0.5468079426438925
X2_to_X3,protected_blind,COMPAS tool,break_even,0.2523364485981308,African-American vs Caucasian,race,True,0.5037878787878788,False,0.60062893081761,0.35714285714285715,636,420,0.2434860736747529,0.18391453864698554,0.30305760870252024,7.74529259881554,9.536199065022405e-15,3.814479626008962e-14,True,60.64530736944292,6.834279396425112e-15
X2_to_X3,protected_blind,COMPAS tool,break_even,0.2523364485981308,Hispanic vs Caucasian,race,False,0.3441682600382409,False,0.2912621359223301,0.35714285714285715,103,420,-0.06588072122052707,-0.1648697197690702,0.03310827732801605,-1.261156940623699,0.20725230893608937,0.41450461787217874,False,1.6238966826596943,0.20254930571743998
X2_to_X3,protected_blind,COMPAS tool,break_even,0.2523364485981308,Other vs Caucasian,race,False,0.33537832310838445,False,0.2028985507246377,0.35714285714285715,69,420,-0.15424430641821946,-0.2596198673296006,-0.048868745506838354,-2.5150646760158875,0.011901054931103515,0.035703164793310545,True,6.806004451107071,0.009085183116012353
X2_to_X3,protected_blind,COMPAS tool,break_even,0.2523364485981308,Female vs Male,sex,False,0.46639676113360323,False,0.44871794871794873,0.47052947052947053,234,1001,-0.021811521811521795,-0.09264246182374737,0.04901941820070378,-0.6021302764191608,0.5470874224782923,0.5470874224782923,False,0.36306677167869594,0.5468079426438925
X2_to_X3,race_aware,TabPFN,0.5,0.5,African-American vs Caucasian,race,True,0.39488636363636365,False,0.4937106918238994,0.24523809523809523,636,420,0.24847259658580415,0.19188000803749167,0.3050651851341166,8.084351798900432,6.249569123800335e-16,2.499827649520134e-15,True,67.40775150835864,2.2077921417193786e-16
X2_to_X3,race_aware,TabPFN,0.5,0.5,Hispanic vs Caucasian,race,False,0.24091778202676864,False,0.22330097087378642,0.24523809523809523,103,420,-0.021937124364308808,-0.11227777941722525,0.06840353068860763,-0.46654471419182963,0.6408256494348371,1.0,False,0.2205266402379018,0.6386389376144201
X2_to_X3,race_aware,TabPFN,0.5,0.5,Other vs Caucasian,race,False,0.2474437627811861,False,0.2608695652173913,0.24523809523809523,69,420,0.01563146997929607,-0.09584809811416894,0.12711103807276108,0.27886040033604237,0.7803519594089184,1.0,False,0.07699910787481445,0.7814060859712533
X2_to_X3,race_aware,TabPFN,0.5,0.5,Female vs Male,sex,False,0.3708502024291498,False,0.2264957264957265,0.4045954045954046,234,1001,-0.1780996780996781,-0.23974843304256344,-0.11645092315679278,-5.077832049159245,3.8176592901499943e-07,1.1452977870449982e-06,True,27.339275539885428,1.707085869655388e-07
X2_to_X3,race_aware,TabPFN,break_even,0.2523364485981308,African-American vs Caucasian,race,True,0.8125,False,0.8616352201257862,0.7380952380952381,636,420,0.12353998203054806,0.07365836918019691,0.1734215948808992,5.034037621581412,4.802553558648885e-07,1.4407660675946655e-06,True,24.846786366806256,6.207243997369942e-07
X2_to_X3,race_aware,TabPFN,break_even,0.2523364485981308,Hispanic vs Caucasian,race,False,0.734225621414914,False,0.7184466019417476,0.7380952380952381,103,420,-0.01964863615349055,-0.11614890092728573,0.07685162862030463,-0.4045325762580052,0.6858211277107997,0.9212832648167337,False,0.1621454107333835,0.6871889216813422
X2_to_X3,race_aware,TabPFN,break_even,0.2523364485981308,Other vs Caucasian,race,False,0.7321063394683026,False,0.6956521739130435,0.7380952380952381,69,420,-0.04244306418219468,-0.15887008128871885,0.0739839529243295,-0.7377907216221821,0.46064163240836686,0.9212832648167337,False,0.5322870003439251,0.4656469409455527
X2_to_X3,race_aware,TabPFN,break_even,0.2523364485981308,Female vs Male,sex,False,0.7967611336032389,False,0.6410256410256411,0.8331668331668332,234,1001,-0.19214119214119207,-0.2577998284357089,-0.1264825558466752,-6.57573824454662,4.8412357349625316e-11,1.9364942939850126e-10,True,38.92140308000489,4.4121650590214866e-10
X2_to_X3,race_aware,COMPAS tool,0.5,0.5,African-American vs Caucasian,race,True,0.5037878787878788,False,0.60062893081761,0.35714285714285715,636,420,0.2434860736747529,0.18391453864698554,0.30305760870252024,7.74529259881554,9.536199065022405e-15,3.814479626008962e-14,True,60.64530736944292,6.834279396425112e-15
X2_to_X3,race_aware,COMPAS tool,0.5,0.5,Hispanic vs Caucasian,race,False,0.3441682600382409,False,0.2912621359223301,0.35714285714285715,103,420,-0.06588072122052707,-0.1648697197690702,0.03310827732801605,-1.261156940623699,0.20725230893608937,0.41450461787217874,False,1.6238966826596943,0.20254930571743998
X2_to_X3,race_aware,COMPAS tool,0.5,0.5,Other vs Caucasian,race,False,0.33537832310838445,False,0.2028985507246377,0.35714285714285715,69,420,-0.15424430641821946,-0.2596198673296006,-0.048868745506838354,-2.5150646760158875,0.011901054931103515,0.035703164793310545,True,6.806004451107071,0.009085183116012353
X2_to_X3,race_aware,COMPAS tool,0.5,0.5,Female vs Male,sex,False,0.46639676113360323,False,0.44871794871794873,0.47052947052947053,234,1001,-0.021811521811521795,-0.09264246182374737,0.04901941820070378,-0.6021302764191608,0.5470874224782923,0.5470874224782923,False,0.36306677167869594,0.5468079426438925
X2_to_X3,race_aware,COMPAS tool,break_even,0.2523364485981308,African-American vs Caucasian,race,True,0.5037878787878788,False,0.60062893081761,0.35714285714285715,636,420,0.2434860736747529,0.18391453864698554,0.30305760870252024,7.74529259881554,9.536199065022405e-15,3.814479626008962e-14,True,60.64530736944292,6.834279396425112e-15
X2_to_X3,race_aware,COMPAS tool,break_even,0.2523364485981308,Hispanic vs Caucasian,race,False,0.3441682600382409,False,0.2912621359223301,0.35714285714285715,103,420,-0.06588072122052707,-0.1648697197690702,0.03310827732801605,-1.261156940623699,0.20725230893608937,0.41450461787217874,False,1.6238966826596943,0.20254930571743998
X2_to_X3,race_aware,COMPAS tool,break_even,0.2523364485981308,Other vs Caucasian,race,False,0.33537832310838445,False,0.2028985507246377,0.35714285714285715,69,420,-0.15424430641821946,-0.2596198673296006,-0.048868745506838354,-2.5150646760158875,0.011901054931103515,0.035703164793310545,True,6.806004451107071,0.009085183116012353
X2_to_X3,race_aware,COMPAS tool,break_even,0.2523364485981308,Female vs Male,sex,False,0.46639676113360323,False,0.44871794871794873,0.47052947052947053,234,1001,-0.021811521811521795,-0.09264246182374737,0.04901941820070378,-0.6021302764191608,0.5470874224782923,0.5470874224782923,False,0.36306677167869594,0.5468079426438925
X2_to_X3,race_blind,TabPFN,0.5,0.5,African-American vs Caucasian,race,True,0.39204545454545453,False,0.47955974842767296,0.25952380952380955,636,420,0.22003593890386342,0.1628944900290485,0.27717738777867834,7.168216245293688,7.598122126900817e-13,3.039248850760327e-12,True,52.74083615486879,3.8059497489625895e-13
X2_to_X3,race_blind,TabPFN,0.5,0.5,Hispanic vs Caucasian,race,False,0.26195028680688337,False,0.27184466019417475,0.25952380952380955,103,420,0.012320850670365202,-0.08328337114138888,0.10792507248211929,0.2548477830680621,0.7988406678600858,1.0,False,0.06455876151592088,0.7994305386358026
X2_to_X3,race_blind,TabPFN,0.5,0.5,Other vs Caucasian,race,False,0.261758691206544,False,0.2753623188405797,0.25952380952380955,69,420,0.015838509316770166,-0.09759252090697094,0.1292695395405113,0.2773699056287972,0.7814960872385768,1.0,False,0.07623757178962132,0.7824624123737678
X2_to_X3,race_blind,TabPFN,0.5,0.5,Female vs Male,sex,False,0.37327935222672065,False,0.18803418803418803,0.4165834165834166,234,1001,-0.22854922854922854,-0.28719330651592234,-0.16990515058253472,-6.507546242876289,7.638824101876581e-11,2.2916472305629743e-10,True,45.97332117640964,1.1987437924657638e-11
X2_to_X3,race_blind,TabPFN,break_even,0.2523364485981308,African-American vs Caucasian,race,True,0.8399621212121212,False,0.9072327044025157,0.7380952380952381,636,420,0.16913746630727755,0.12142560963860996,0.21684932297594514,7.337021985339834,2.1839874551248989e-13,6.551962365374697e-13,True,52.76880107002499,3.7521434807717167e-13
X2_to_X3,race_blind,TabPFN,break_even,0.2523364485981308,Hispanic vs Caucasian,race,False,0.7476099426386233,False,0.7864077669902912,0.7380952380952381,103,420,0.04831252889505311,-0.04131261682640211,0.13793767461650833,1.0115294435005362,0.3117630962584991,0.5928738501680557,False,1.0521988083502825,0.3050012245362487
X2_to_X3,race_blind,TabPFN,break_even,0.2523364485981308,Other vs Caucasian,race,False,0.7464212678936605,False,0.7971014492753623,0.7380952380952381,69,420,0.05900621118012417,-0.04478284980963329,0.16279527216988163,1.04410475733671,0.29643692508402786,0.5928738501680557,False,1.1357237299368785,0.28655774166196357
X2_to_X3,race_blind,TabPFN,break_even,0.2523364485981308,Female vs Male,sex,False,0.8323886639676114,False,0.6410256410256411,0.8771228771228772,234,1001,-0.2360972360972361,-0.3008370239486422,-0.17135744824583,-8.704976823455006,3.176396592385864e-18,1.2705586369543457e-17,True,65.12884786735899,7.015747556154296e-16
X2_to_X3,race_blind,COMPAS tool,0.5,0.5,African-American vs Caucasian,race,True,0.5037878787878788,False,0.60062893081761,0.35714285714285715,636,420,0.2434860736747529,0.18391453864698554,0.30305760870252024,7.74529259881554,9.536199065022405e-15,3.814479626008962e-14,True,60.64530736944292,6.834279396425112e-15
X2_to_X3,race_blind,COMPAS tool,0.5,0.5,Hispanic vs Caucasian,race,False,0.3441682600382409,False,0.2912621359223301,0.35714285714285715,103,420,-0.06588072122052707,-0.1648697197690702,0.03310827732801605,-1.261156940623699,0.20725230893608937,0.41450461787217874,False,1.6238966826596943,0.20254930571743998
X2_to_X3,race_blind,COMPAS tool,0.5,0.5,Other vs Caucasian,race,False,0.33537832310838445,False,0.2028985507246377,0.35714285714285715,69,420,-0.15424430641821946,-0.2596198673296006,-0.048868745506838354,-2.5150646760158875,0.011901054931103515,0.035703164793310545,True,6.806004451107071,0.009085183116012353
X2_to_X3,race_blind,COMPAS tool,0.5,0.5,Female vs Male,sex,False,0.46639676113360323,False,0.44871794871794873,0.47052947052947053,234,1001,-0.021811521811521795,-0.09264246182374737,0.04901941820070378,-0.6021302764191608,0.5470874224782923,0.5470874224782923,False,0.36306677167869594,0.5468079426438925
X2_to_X3,race_blind,COMPAS tool,break_even,0.2523364485981308,African-American vs Caucasian,race,True,0.5037878787878788,False,0.60062893081761,0.35714285714285715,636,420,0.2434860736747529,0.18391453864698554,0.30305760870252024,7.74529259881554,9.536199065022405e-15,3.814479626008962e-14,True,60.64530736944292,6.834279396425112e-15
X2_to_X3,race_blind,COMPAS tool,break_even,0.2523364485981308,Hispanic vs Caucasian,race,False,0.3441682600382409,False,0.2912621359223301,0.35714285714285715,103,420,-0.06588072122052707,-0.1648697197690702,0.03310827732801605,-1.261156940623699,0.20725230893608937,0.41450461787217874,False,1.6238966826596943,0.20254930571743998
X2_to_X3,race_blind,COMPAS tool,break_even,0.2523364485981308,Other vs Caucasian,race,False,0.33537832310838445,False,0.2028985507246377,0.35714285714285715,69,420,-0.15424430641821946,-0.2596198673296006,-0.048868745506838354,-2.5150646760158875,0.011901054931103515,0.035703164793310545,True,6.806004451107071,0.009085183116012353
X2_to_X3,race_blind,COMPAS tool,break_even,0.2523364485981308,Female vs Male,sex,False,0.46639676113360323,False,0.44871794871794873,0.47052947052947053,234,1001,-0.021811521811521795,-0.09264246182374737,0.04901941820070378,-0.6021302764191608,0.5470874224782923,0.5470874224782923,False,0.36306677167869594,0.5468079426438925
X2_to_X3,race_priors_blind,TabPFN,0.5,0.5,African-American vs Caucasian,race,True,0.4668560606060606,False,0.5220125786163522,0.38333333333333336,636,420,0.13867924528301884,0.07810555800703786,0.1992529325589998,4.420984319533043,9.825230427803091e-06,2.9475691283409274e-05,True,19.668362898070647,9.211383738338425e-06
X2_to_X3,race_priors_blind,TabPFN,0.5,0.5,Hispanic vs Caucasian,race,False,0.39579349904397704,False,0.44660194174757284,0.38333333333333336,103,420,0.06326860841423948,-0.04340695976813068,0.16994417659660965,1.1766672616087568,0.2393283397603686,0.4786566795207372,False,1.3714174602784848,0.24156849367016503
X2_to_X3,race_priors_blind,TabPFN,0.5,0.5,Other vs Caucasian,race,False,0.39059304703476483,False,0.43478260869565216,0.38333333333333336,69,420,0.0514492753623188,-0.07442218368339026,0.17732073440802787,0.8118168603406328,0.4168967260016392,0.4786566795207372,False,0.6524849111409932,0.4192256575629446
X2_to_X3,race_priors_blind,TabPFN,0.5,0.5,Female vs Male,sex,False,0.4631578947368421,False,0.0,0.5714285714285714,234,1001,-0.5714285714285714,-0.6020851465777337,-0.5407719962794091,-15.782130092357649,4.130114425102633e-56,1.652045770041053e-55,True,338.18016644804493,1.5892823249940175e-75
X2_to_X3,race_priors_blind,TabPFN,break_even,0.2523364485981308,African-American vs Caucasian,race,True,0.9791666666666666,False,0.9937106918238994,0.9571428571428572,636,420,0.03656783468104219,0.016247034916298267,0.05688863444578611,4.0720471424411535,4.66017441639072e-05,0.0001398052324917216,True,16.73217628394323,4.3044737979545485e-05
X2_to_X3,race_priors_blind,TabPFN,break_even,0.2523364485981308,Hispanic vs Caucasian,race,False,0.9617590822179732,False,0.9805825242718447,0.9571428571428572,103,420,0.023439667128987485,-0.009504421403721632,0.0563837556616966,1.1115949152386324,0.26631235976733836,0.26631235976733836,False,1.4388759592083704,0.2303213212960127
X2_to_X3,race_priors_blind,TabPFN,break_even,0.2523364485981308,Other vs Caucasian,race,False,0.9631901840490797,False,1.0,0.9571428571428572,69,420,0.042857142857142816,0.023487418766423504,0.06222686694786213,1.7521856882414737,0.07974188375778474,0.15948376751556947,False,5.587711919624493,0.01808690721648387
X2_to_X3,race_priors_blind,TabPFN,break_even,0.2523364485981308,Female vs Male,sex,False,0.9805668016194332,False,0.8974358974358975,1.0,234,1001,-0.10256410256410253,-0.14143634307421454,-0.06369186205399054,-10.23236769997988,1.4200435118101791e-24,5.6801740472407164e-24,True,81.92909321167497,1.4105755848576068e-19
X2_to_X3,race_priors_blind,COMPAS tool,0.5,0.5,African-American vs Caucasian,race,True,0.5037878787878788,False,0.60062893081761,0.35714285714285715,636,420,0.2434860736747529,0.18391453864698554,0.30305760870252024,7.74529259881554,9.536199065022405e-15,3.814479626008962e-14,True,60.64530736944292,6.834279396425112e-15
X2_to_X3,race_priors_blind,COMPAS tool,0.5,0.5,Hispanic vs Caucasian,race,False,0.3441682600382409,False,0.2912621359223301,0.35714285714285715,103,420,-0.06588072122052707,-0.1648697197690702,0.03310827732801605,-1.261156940623699,0.20725230893608937,0.41450461787217874,False,1.6238966826596943,0.20254930571743998
X2_to_X3,race_priors_blind,COMPAS tool,0.5,0.5,Other vs Caucasian,race,False,0.33537832310838445,False,0.2028985507246377,0.35714285714285715,69,420,-0.15424430641821946,-0.2596198673296006,-0.048868745506838354,-2.5150646760158875,0.011901054931103515,0.035703164793310545,True,6.806004451107071,0.009085183116012353
X2_to_X3,race_priors_blind,COMPAS tool,0.5,0.5,Female vs Male,sex,False,0.46639676113360323,False,0.44871794871794873,0.47052947052947053,234,1001,-0.021811521811521795,-0.09264246182374737,0.04901941820070378,-0.6021302764191608,0.5470874224782923,0.5470874224782923,False,0.36306677167869594,0.5468079426438925
X2_to_X3,race_priors_blind,COMPAS tool,break_even,0.2523364485981308,African-American vs Caucasian,race,True,0.5037878787878788,False,0.60062893081761,0.35714285714285715,636,420,0.2434860736747529,0.18391453864698554,0.30305760870252024,7.74529259881554,9.536199065022405e-15,3.814479626008962e-14,True,60.64530736944292,6.834279396425112e-15
X2_to_X3,race_priors_blind,COMPAS tool,break_even,0.2523364485981308,Hispanic vs Caucasian,race,False,0.3441682600382409,False,0.2912621359223301,0.35714285714285715,103,420,-0.06588072122052707,-0.1648697197690702,0.03310827732801605,-1.261156940623699,0.20725230893608937,0.41450461787217874,False,1.6238966826596943,0.20254930571743998
X2_to_X3,race_priors_blind,COMPAS tool,break_even,0.2523364485981308,Other vs Caucasian,race,False,0.33537832310838445,False,0.2028985507246377,0.35714285714285715,69,420,-0.15424430641821946,-0.2596198673296006,-0.048868745506838354,-2.5150646760158875,0.011901054931103515,0.035703164793310545,True,6.806004451107071,0.009085183116012353
X2_to_X3,race_priors_blind,COMPAS tool,break_even,0.2523364485981308,Female vs Male,sex,False,0.46639676113360323,False,0.44871794871794873,0.47052947052947053,234,1001,-0.021811521811521795,-0.09264246182374737,0.04901941820070378,-0.6021302764191608,0.5470874224782923,0.5470874224782923,False,0.36306677167869594,0.5468079426438925
X2_to_X3,race_proxy_blind,TabPFN,0.5,0.5,African-American vs Caucasian,race,True,0.17803030303030304,False,0.20911949685534592,0.13095238095238096,636,420,0.07816711590296496,0.03300253570295213,0.1233316961029778,3.249903482069087,0.0011544418252593584,0.0034633254757780755,True,10.898969532251556,0.0009621777173526427
X2_to_X3,race_proxy_blind,TabPFN,0.5,0.5,Hispanic vs Caucasian,race,False,0.14149139579349904,False,0.18446601941747573,0.13095238095238096,103,420,0.05351363846509477,-0.028043655230650277,0.13507093216083982,1.396431226753909,0.1625846771199414,0.3251693542398828,False,1.8435172816072107,0.1745392592486401
X2_to_X3,race_proxy_blind,TabPFN,0.5,0.5,Other vs Caucasian,race,False,0.1390593047034765,False,0.18840579710144928,0.13095238095238096,69,420,0.05745341614906832,-0.0402903392529963,0.15519717155113294,1.2782740502538446,0.20115281426183396,0.3251693542398828,False,1.5197568815869547,0.21765628801579137
X2_to_X3,race_proxy_blind,TabPFN,0.5,0.5,Female vs Male,sex,False,0.17894736842105263,False,0.0,0.22077922077922077,234,1001,-0.22077922077922077,-0.2464737350970428,-0.19508470646139875,-7.932343784914892,2.150481386125742e-15,8.601925544502968e-15,True,103.54948424224565,2.5397089511680326e-24
X2_to_X3,race_proxy_blind,TabPFN,break_even,0.2523364485981308,African-American vs Caucasian,race,True,1.0,True,1.0,1.0,636,420,0.0,,,,1.0,1.0,False,0.0,1.0
X2_to_X3,race_proxy_blind,TabPFN,break_even,0.2523364485981308,Hispanic vs Caucasian,race,False,1.0,True,1.0,1.0,103,420,0.0,,,,1.0,1.0,False,0.0,1.0
X2_to_X3,race_proxy_blind,TabPFN,break_even,0.2523364485981308,Other vs Caucasian,race,False,1.0,True,1.0,1.0,69,420,0.0,,,,1.0,1.0,False,0.0,1.0
X2_to_X3,race_proxy_blind,TabPFN,break_even,0.2523364485981308,Female vs Male,sex,False,1.0,True,1.0,1.0,234,1001,0.0,,,,1.0,1.0,False,0.0,1.0
X2_to_X3,race_proxy_blind,COMPAS tool,0.5,0.5,African-American vs Caucasian,race,True,0.5037878787878788,False,0.60062893081761,0.35714285714285715,636,420,0.2434860736747529,0.18391453864698554,0.30305760870252024,7.74529259881554,9.536199065022405e-15,3.814479626008962e-14,True,60.64530736944292,6.834279396425112e-15
X2_to_X3,race_proxy_blind,COMPAS tool,0.5,0.5,Hispanic vs Caucasian,race,False,0.3441682600382409,False,0.2912621359223301,0.35714285714285715,103,420,-0.06588072122052707,-0.1648697197690702,0.03310827732801605,-1.261156940623699,0.20725230893608937,0.41450461787217874,False,1.6238966826596943,0.20254930571743998
X2_to_X3,race_proxy_blind,COMPAS tool,0.5,0.5,Other vs Caucasian,race,False,0.33537832310838445,False,0.2028985507246377,0.35714285714285715,69,420,-0.15424430641821946,-0.2596198673296006,-0.048868745506838354,-2.5150646760158875,0.011901054931103515,0.035703164793310545,True,6.806004451107071,0.009085183116012353
X2_to_X3,race_proxy_blind,COMPAS tool,0.5,0.5,Female vs Male,sex,False,0.46639676113360323,False,0.44871794871794873,0.47052947052947053,234,1001,-0.021811521811521795,-0.09264246182374737,0.04901941820070378,-0.6021302764191608,0.5470874224782923,0.5470874224782923,False,0.36306677167869594,0.5468079426438925
X2_to_X3,race_proxy_blind,COMPAS tool,break_even,0.2523364485981308,African-American vs Caucasian,race,True,0.5037878787878788,False,0.60062893081761,0.35714285714285715,636,420,0.2434860736747529,0.18391453864698554,0.30305760870252024,7.74529259881554,9.536199065022405e-15,3.814479626008962e-14,True,60.64530736944292,6.834279396425112e-15
X2_to_X3,race_proxy_blind,COMPAS tool,break_even,0.2523364485981308,Hispanic vs Caucasian,race,False,0.3441682600382409,False,0.2912621359223301,0.35714285714285715,103,420,-0.06588072122052707,-0.1648697197690702,0.03310827732801605,-1.261156940623699,0.20725230893608937,0.41450461787217874,False,1.6238966826596943,0.20254930571743998
X2_to_X3,race_proxy_blind,COMPAS tool,break_even,0.2523364485981308,Other vs Caucasian,race,False,0.33537832310838445,False,0.2028985507246377,0.35714285714285715,69,420,-0.15424430641821946,-0.2596198673296006,-0.048868745506838354,-2.5150646760158875,0.011901054931103515,0.035703164793310545,True,6.806004451107071,0.009085183116012353
X2_to_X3,race_proxy_blind,COMPAS tool,break_even,0.2523364485981308,Female vs Male,sex,False,0.46639676113360323,False,0.44871794871794873,0.47052947052947053,234,1001,-0.021811521811521795,-0.09264246182374737,0.04901941820070378,-0.6021302764191608,0.5470874224782923,0.5470874224782923,False,0.36306677167869594,0.5468079426438925
X2_to_X3,sex_blind,TabPFN,0.5,0.5,African-American vs Caucasian,race,True,0.4005681818181818,False,0.5015723270440252,0.24761904761904763,636,420,0.2539532794249776,0.19726122441995045,0.31064533443000475,8.242651702371917,1.6843535281426173e-16,6.737414112570469e-16,True,70.05728280414812,5.760705343356355e-17
X2_to_X3,sex_blind,TabPFN,0.5,0.5,Hispanic vs Caucasian,race,False,0.24665391969407266,False,0.24271844660194175,0.24761904761904763,103,420,-0.004900601017105877,-0.09741644119539886,0.0876152391611871,-0.10339522479106152,0.9176493019005085,1.0,False,0.010719726813679942,0.9175374890083464
X2_to_X3,sex_blind,TabPFN,0.5,0.5,Other vs Caucasian,race,False,0.24948875255623723,False,0.2608695652173913,0.24761904761904763,69,420,0.01325051759834367,-0.09827857340873467,0.124779608605422,0.23573470043050296,0.8136385415493328,1.0,False,0.05511204248324164,0.8143953711457594
X2_to_X3,sex_blind,TabPFN,0.5,0.5,Female vs Male,sex,False,0.37732793522267205,False,0.2692307692307692,0.4025974025974026,234,1001,-0.1333666333666334,-0.19780938668448547,-0.06892388004878133,-3.7892172543801075,0.00015112270791146275,0.00045336812373438824,True,14.913885405298117,0.00011253165457555036
X2_to_X3,sex_blind,TabPFN,break_even,0.2523364485981308,African-American vs Caucasian,race,True,0.7537878787878788,False,0.800314465408805,0.6833333333333333,636,420,0.11698113207547167,0.06271854082637332,0.17124372332457002,4.318747110657871,1.5691746019592248e-05,6.276698407836899e-05,True,18.38657525815674,1.803239870324429e-05
X2_to_X3,sex_blind,TabPFN,break_even,0.2523364485981308,Hispanic vs Caucasian,race,False,0.6921606118546845,False,0.7281553398058253,0.6833333333333333,103,420,0.044822006472491904,-0.051933717899659254,0.14157773084464306,0.8831168529090302,0.3771731394650487,0.3771731394650487,False,0.7937970299882728,0.3729544508767647
X2_to_X3,sex_blind,TabPFN,break_even,0.2523364485981308,Other vs Caucasian,race,False,0.6687116564417178,False,0.5797101449275363,0.6833333333333333,69,420,-0.1036231884057971,-0.22829781056204712,0.021051433750452944,-1.6948418823275477,0.09010541995069739,0.18021083990139478,False,2.7838696382185386,0.0952178559549526
X2_to_X3,sex_blind,TabPFN,break_even,0.2523364485981308,Female vs Male,sex,False,0.7408906882591093,False,0.6794871794871795,0.7552447552447552,234,1001,-0.07575757575757569,-0.14121473359865022,-0.010300417916501159,-2.3812170243155504,0.017255542593308616,0.05176662777992585,False,5.476845531487761,0.019270003343928893
X2_to_X3,sex_blind,COMPAS tool,0.5,0.5,African-American vs Caucasian,race,True,0.5037878787878788,False,0.60062893081761,0.35714285714285715,636,420,0.2434860736747529,0.18391453864698554,0.30305760870252024,7.74529259881554,9.536199065022405e-15,3.814479626008962e-14,True,60.64530736944292,6.834279396425112e-15
X2_to_X3,sex_blind,COMPAS tool,0.5,0.5,Hispanic vs Caucasian,race,False,0.3441682600382409,False,0.2912621359223301,0.35714285714285715,103,420,-0.06588072122052707,-0.1648697197690702,0.03310827732801605,-1.261156940623699,0.20725230893608937,0.41450461787217874,False,1.6238966826596943,0.20254930571743998
X2_to_X3,sex_blind,COMPAS tool,0.5,0.5,Other vs Caucasian,race,False,0.33537832310838445,False,0.2028985507246377,0.35714285714285715,69,420,-0.15424430641821946,-0.2596198673296006,-0.048868745506838354,-2.5150646760158875,0.011901054931103515,0.035703164793310545,True,6.806004451107071,0.009085183116012353
X2_to_X3,sex_blind,COMPAS tool,0.5,0.5,Female vs Male,sex,False,0.46639676113360323,False,0.44871794871794873,0.47052947052947053,234,1001,-0.021811521811521795,-0.09264246182374737,0.04901941820070378,-0.6021302764191608,0.5470874224782923,0.5470874224782923,False,0.36306677167869594,0.5468079426438925
X2_to_X3,sex_blind,COMPAS tool,break_even,0.2523364485981308,African-American vs Caucasian,race,True,0.5037878787878788,False,0.60062893081761,0.35714285714285715,636,420,0.2434860736747529,0.18391453864698554,0.30305760870252024,7.74529259881554,9.536199065022405e-15,3.814479626008962e-14,True,60.64530736944292,6.834279396425112e-15
X2_to_X3,sex_blind,COMPAS tool,break_even,0.2523364485981308,Hispanic vs Caucasian,race,False,0.3441682600382409,False,0.2912621359223301,0.35714285714285715,103,420,-0.06588072122052707,-0.1648697197690702,0.03310827732801605,-1.261156940623699,0.20725230893608937,0.41450461787217874,False,1.6238966826596943,0.20254930571743998
X2_to_X3,sex_blind,COMPAS tool,break_even,0.2523364485981308,Other vs Caucasian,race,False,0.33537832310838445,False,0.2028985507246377,0.35714285714285715,69,420,-0.15424430641821946,-0.2596198673296006,-0.048868745506838354,-2.5150646760158875,0.011901054931103515,0.035703164793310545,True,6.806004451107071,0.009085183116012353
X2_to_X3,sex_blind,COMPAS tool,break_even,0.2523364485981308,Female vs Male,sex,False,0.46639676113360323,False,0.44871794871794873,0.47052947052947053,234,1001,-0.021811521811521795,-0.09264246182374737,0.04901941820070378,-0.6021302764191608,0.5470874224782923,0.5470874224782923,False,0.36306677167869594,0.5468079426438925
holdout,age_blind,TabPFN,0.5,0.5,African-American vs Caucasian,race,True,0.37289194253591507,False,0.48221757322175735,0.21085271317829457,956,645,0.2713648600434628,0.22670732845897523,0.3160223916279503,11.012959855771038,3.309491343730486e-28,1.3237965374921945e-27,True,126.3003886530771,2.642918387581818e-29
holdout,age_blind,TabPFN,0.5,0.5,Hispanic vs Caucasian,race,False,0.21374045801526717,False,0.22695035460992907,0.21085271317829457,141,645,0.016097641431634502,-0.059868546788378635,0.09206382965164764,0.42239041809499217,0.6727400706626057,0.6727400706626057,False,0.17639532209591868,0.6744895219752449
holdout,age_blind,TabPFN,0.5,0.5,Other vs Caucasian,race,False,0.19946091644204852,False,0.12371134020618557,0.21085271317829457,97,645,-0.087141372972109,-0.15983387925266387,-0.014448866691554124,-2.0024791144880396,0.045233227157338414,0.09046645431467683,False,4.4226568940937,0.03546477411045275
holdout,age_blind,TabPFN,0.5,0.5,Female vs Male,sex,False,0.3461123110151188,False,0.17222222222222222,0.38806970509383376,360,1492,-0.21584748287161154,-0.26202816400621054,-0.1696668017370125,-7.7268424171890215,1.1024698088878486e-14,3.307409426663546e-14,True,65.39802352133944,6.12002422786215e-16
holdout,age_blind,TabPFN,break_even,0.2523364485981308,African-American vs Caucasian,race,True,0.8713304184884447,False,0.9675732217573222,0.7286821705426356,956,645,0.23889105121468657,0.20278630769828895,0.2749957947310842,14.0017924877414,1.519883485172765e-44,4.559650455518296e-44,True,201.4304270517509,1.0178554840036741e-45
holdout,age_blind,TabPFN,break_even,0.2523364485981308,Hispanic vs Caucasian,race,False,0.7290076335877863,False,0.7304964539007093,0.7286821705426356,141,645,0.001814283358073654,-0.07906290092547463,0.08269146764162194,0.04390749806739237,0.9649781384732119,0.9649781384732119,False,0.0019296078143257733,0.9649623528755075
holdout,age_blind,TabPFN,break_even,0.2523364485981308,Other vs Caucasian,race,False,0.7088948787061995,False,0.5773195876288659,0.7286821705426356,97,645,-0.1513625829137697,-0.25548456946094844,-0.04724059636659095,-3.059612732361357,0.0022162336226423268,0.0044324672452846535,True,8.826413171737642,0.0029690138000132843
holdout,age_blind,TabPFN,break_even,0.2523364485981308,Female vs Male,sex,False,0.8434125269978402,False,0.5972222222222222,0.9028150134048257,360,1492,-0.3055927911826035,-0.35843901253666266,-0.2527465698285444,-14.320551537648969,1.62825835536161e-46,6.51303342144644e-46,True,170.5896339316735,5.500293061390468e-39
holdout,age_blind,COMPAS tool,0.5,0.5,African-American vs Caucasian,race,True,0.47095565271705186,False,0.5669456066945606,0.32868217054263565,956,645,0.23826343615192497,0.19029788238572098,0.28622898991812895,9.367732743576031,7.410726117167058e-21,2.964290446866823e-20,True,89.06276769710291,3.82482232144925e-21
holdout,age_blind,COMPAS tool,0.5,0.5,Hispanic vs Caucasian,race,False,0.32061068702290074,False,0.28368794326241137,0.32868217054263565,141,645,-0.044994227280224286,-0.12776164253593297,0.037773187975484415,-1.0370186943914437,0.2997271448387754,0.2997271448387754,False,1.0940174724160556,0.2955827780413967
holdout,age_blind,COMPAS tool,0.5,0.5,Other vs Caucasian,race,False,0.3140161725067385,False,0.21649484536082475,0.32868217054263565,97,645,-0.1121873251818109,-0.20180726282774816,-0.022567387535873645,-2.2195995031133258,0.02644596604306916,0.05289193208613832,False,5.224301173136791,0.022273394548677657
holdout,age_blind,COMPAS tool,0.5,0.5,Female vs Male,sex,False,0.44168466522678185,False,0.38333333333333336,0.45576407506702415,360,1492,-0.0724307417336908,-0.12865419988009558,-0.016207283587286,-2.483946082068815,0.012993548000704895,0.038980644002114685,True,6.225757505634824,0.012590503335432907
holdout,age_blind,COMPAS tool,break_even,0.2523364485981308,African-American vs Caucasian,race,True,0.47095565271705186,False,0.5669456066945606,0.32868217054263565,956,645,0.23826343615192497,0.19029788238572098,0.28622898991812895,9.367732743576031,7.410726117167058e-21,2.964290446866823e-20,True,89.06276769710291,3.82482232144925e-21
holdout,age_blind,COMPAS tool,break_even,0.2523364485981308,Hispanic vs Caucasian,race,False,0.32061068702290074,False,0.28368794326241137,0.32868217054263565,141,645,-0.044994227280224286,-0.12776164253593297,0.037773187975484415,-1.0370186943914437,0.2997271448387754,0.2997271448387754,False,1.0940174724160556,0.2955827780413967
holdout,age_blind,COMPAS tool,break_even,0.2523364485981308,Other vs Caucasian,race,False,0.3140161725067385,False,0.21649484536082475,0.32868217054263565,97,645,-0.1121873251818109,-0.20180726282774816,-0.022567387535873645,-2.2195995031133258,0.02644596604306916,0.05289193208613832,False,5.224301173136791,0.022273394548677657
holdout,age_blind,COMPAS tool,break_even,0.2523364485981308,Female vs Male,sex,False,0.44168466522678185,False,0.38333333333333336,0.45576407506702415,360,1492,-0.0724307417336908,-0.12865419988009558,-0.016207283587286,-2.483946082068815,0.012993548000704895,0.038980644002114685,True,6.225757505634824,0.012590503335432907
holdout,protected_blind,TabPFN,0.5,0.5,African-American vs Caucasian,race,True,0.3466583385384135,False,0.4309623430962343,0.22170542635658916,956,645,0.20925691673964517,0.1643894326817419,0.25412440079754844,8.629228269925308,6.176730912925124e-18,2.4706923651700497e-17,True,76.92378464899281,1.7768430236302925e-18
holdout,protected_blind,TabPFN,0.5,0.5,Hispanic vs Caucasian,race,False,0.22264631043256997,False,0.22695035460992907,0.22170542635658916,141,645,0.005244928253339914,-0.0709622823755704,0.08145213888225022,0.13561277689415427,0.8921274042706472,0.8921274042706472,False,0.0183254945688458,0.892318005840896
holdout,protected_blind,TabPFN,0.5,0.5,Other vs Caucasian,race,False,0.21024258760107817,False,0.13402061855670103,0.22170542635658916,97,645,-0.08768480779988813,-0.16267765480163615,-0.012691960798140098,-1.9759726280303784,0.04815787740437813,0.09631575480875626,False,4.275560642581652,0.03866420687620294
holdout,protected_blind,TabPFN,0.5,0.5,Female vs Male,sex,False,0.32397408207343414,False,0.2222222222222222,0.3485254691689008,360,1492,-0.1263032469466786,-0.17558734661316275,-0.07701914728019446,-4.596136082852083,4.30397662309515e-06,1.291192986928545e-05,True,22.254673096535626,2.387769582097537e-06
holdout,protected_blind,TabPFN,break_even,0.2523364485981308,African-American vs Caucasian,race,True,0.8550905683947533,False,0.899581589958159,0.7891472868217054,956,645,0.11043430313645353,0.07363772579437301,0.14723088047853405,6.156909187564642,7.417835480905424e-10,2.9671341923621695e-09,True,37.138752537968344,1.1001547890210158e-09
holdout,protected_blind,TabPFN,break_even,0.2523364485981308,Hispanic vs Caucasian,race,False,0.7824427480916031,False,0.75177304964539,0.7891472868217054,141,645,-0.037374237176315384,-0.11531706618744075,0.040568591834809986,-0.9744003042035038,0.3298578184992583,0.3298578184992583,False,0.9262162442515827,0.33584806560431724
holdout,protected_blind,TabPFN,break_even,0.2523364485981308,Other vs Caucasian,race,False,0.7762803234501348,False,0.6907216494845361,0.7891472868217054,97,645,-0.09842563733716936,-0.19564256061690055,-0.001208714057438165,-2.168755667340031,0.030101238619458175,0.06020247723891635,False,4.4063311749077805,0.035805769618921866
holdout,protected_blind,TabPFN,break_even,0.2523364485981308,Female vs Male,sex,False,0.8369330453563715,False,0.7444444444444445,0.8592493297587132,360,1492,-0.11480488531426869,-0.16319347772310389,-0.0664162929054335,-5.29233347431516,1.2076542042437814e-07,3.6229626127313445e-07,True,25.558653387324426,4.291371393417243e-07
holdout,protected_blind,COMPAS tool,0.5,0.5,African-American vs Caucasian,race,True,0.47095565271705186,False,0.5669456066945606,0.32868217054263565,956,645,0.23826343615192497,0.19029788238572098,0.28622898991812895,9.367732743576031,7.410726117167058e-21,2.964290446866823e-20,True,89.06276769710291,3.82482232144925e-21
holdout,protected_blind,COMPAS tool,0.5,0.5,Hispanic vs Caucasian,race,False,0.32061068702290074,False,0.28368794326241137,0.32868217054263565,141,645,-0.044994227280224286,-0.12776164253593297,0.037773187975484415,-1.0370186943914437,0.2997271448387754,0.2997271448387754,False,1.0940174724160556,0.2955827780413967
holdout,protected_blind,COMPAS tool,0.5,0.5,Other vs Caucasian,race,False,0.3140161725067385,False,0.21649484536082475,0.32868217054263565,97,645,-0.1121873251818109,-0.20180726282774816,-0.022567387535873645,-2.2195995031133258,0.02644596604306916,0.05289193208613832,False,5.224301173136791,0.022273394548677657
holdout,protected_blind,COMPAS tool,0.5,0.5,Female vs Male,sex,False,0.44168466522678185,False,0.38333333333333336,0.45576407506702415,360,1492,-0.0724307417336908,-0.12865419988009558,-0.016207283587286,-2.483946082068815,0.012993548000704895,0.038980644002114685,True,6.225757505634824,0.012590503335432907
holdout,protected_blind,COMPAS tool,break_even,0.2523364485981308,African-American vs Caucasian,race,True,0.47095565271705186,False,0.5669456066945606,0.32868217054263565,956,645,0.23826343615192497,0.19029788238572098,0.28622898991812895,9.367732743576031,7.410726117167058e-21,2.964290446866823e-20,True,89.06276769710291,3.82482232144925e-21
holdout,protected_blind,COMPAS tool,break_even,0.2523364485981308,Hispanic vs Caucasian,race,False,0.32061068702290074,False,0.28368794326241137,0.32868217054263565,141,645,-0.044994227280224286,-0.12776164253593297,0.037773187975484415,-1.0370186943914437,0.2997271448387754,0.2997271448387754,False,1.0940174724160556,0.2955827780413967
holdout,protected_blind,COMPAS tool,break_even,0.2523364485981308,Other vs Caucasian,race,False,0.3140161725067385,False,0.21649484536082475,0.32868217054263565,97,645,-0.1121873251818109,-0.20180726282774816,-0.022567387535873645,-2.2195995031133258,0.02644596604306916,0.05289193208613832,False,5.224301173136791,0.022273394548677657
holdout,protected_blind,COMPAS tool,break_even,0.2523364485981308,Female vs Male,sex,False,0.44168466522678185,False,0.38333333333333336,0.45576407506702415,360,1492,-0.0724307417336908,-0.12865419988009558,-0.016207283587286,-2.483946082068815,0.012993548000704895,0.038980644002114685,True,6.225757505634824,0.012590503335432907
holdout,race_aware,TabPFN,0.5,0.5,African-American vs Caucasian,race,True,0.40037476577139286,False,0.5,0.2527131782945736,956,645,0.24728682170542637,0.20114243526006834,0.2934312081507844,9.904688255027882,3.972068745412086e-23,1.5888274981648345e-22,True,100.93935258698951,9.484338597999951e-24
holdout,race_aware,TabPFN,0.5,0.5,Hispanic vs Caucasian,race,False,0.25190839694656486,False,0.24822695035460993,0.2527131782945736,141,645,-0.0044862279399636995,-0.08328231435178904,0.07430985847186164,-0.11116312940292182,0.9114869888487515,0.9114869888487515,False,0.012388725501864206,0.911374766763355
holdout,race_aware,TabPFN,0.5,0.5,Other vs Caucasian,race,False,0.24258760107816713,False,0.17525773195876287,0.2527131782945736,97,645,-0.07745544633581075,-0.16021416717820994,0.005303274506588435,-1.659262995089043,0.09706280854798995,0.1941256170959799,False,2.929099416720913,0.08699600906898498
holdout,race_aware,TabPFN,0.5,0.5,Female vs Male,sex,False,0.3747300215982721,False,0.19444444444444445,0.41823056300268097,360,1492,-0.22378611855823652,-0.27172230121717045,-0.17584993589930262,-7.873272481822266,3.4548307365972824e-15,1.0364492209791848e-14,True,66.97629765216482,2.74791209485845e-16
holdout,race_aware,TabPFN,break_even,0.2523364485981308,African-American vs Caucasian,race,True,0.7863835103060587,False,0.8765690376569037,0.6527131782945736,956,645,0.2238558593623301,0.1816089594284902,0.26610275929617,10.718820982586918,8.305528248444551e-27,3.3222112993778206e-26,True,113.36235169365784,1.7973544668256089e-26
holdout,race_aware,TabPFN,break_even,0.2523364485981308,Hispanic vs Caucasian,race,False,0.6475826972010178,False,0.624113475177305,0.6527131782945736,141,645,-0.02859970311726867,-0.11658528161486992,0.059385875380332576,-0.6439667379918338,0.5195970032113935,1.0,False,0.4116000456173312,0.5211585006328157
holdout,race_aware,TabPFN,break_even,0.2523364485981308,Other vs Caucasian,race,False,0.6563342318059299,False,0.6804123711340206,0.6527131782945736,97,645,0.027699192839446996,-0.07210910502622445,0.12750749070511844,0.5355502422296999,0.592269425261669,1.0,False,0.28968426814017967,0.5904229297181317
holdout,race_aware,TabPFN,break_even,0.2523364485981308,Female vs Male,sex,False,0.765658747300216,False,0.5611111111111111,0.8150134048257373,360,1492,-0.25390229371462614,-0.3088204920603128,-0.19898409536893943,-10.207979687409074,1.8262777056205874e-24,5.478833116861762e-24,True,94.08642269418513,3.0204401863387838e-22
holdout,race_aware,COMPAS tool,0.5,0.5,African-American vs Caucasian,race,True,0.47095565271705186,False,0.5669456066945606,0.32868217054263565,956,645,0.23826343615192497,0.19029788238572098,0.28622898991812895,9.367732743576031,7.410726117167058e-21,2.964290446866823e-20,True,89.06276769710291,3.82482232144925e-21
holdout,race_aware,COMPAS tool,0.5,0.5,Hispanic vs Caucasian,race,False,0.32061068702290074,False,0.28368794326241137,0.32868217054263565,141,645,-0.044994227280224286,-0.12776164253593297,0.037773187975484415,-1.0370186943914437,0.2997271448387754,0.2997271448387754,False,1.0940174724160556,0.2955827780413967
holdout,race_aware,COMPAS tool,0.5,0.5,Other vs Caucasian,race,False,0.3140161725067385,False,0.21649484536082475,0.32868217054263565,97,645,-0.1121873251818109,-0.20180726282774816,-0.022567387535873645,-2.2195995031133258,0.02644596604306916,0.05289193208613832,False,5.224301173136791,0.022273394548677657
holdout,race_aware,COMPAS tool,0.5,0.5,Female vs Male,sex,False,0.44168466522678185,False,0.38333333333333336,0.45576407506702415,360,1492,-0.0724307417336908,-0.12865419988009558,-0.016207283587286,-2.483946082068815,0.012993548000704895,0.038980644002114685,True,6.225757505634824,0.012590503335432907
holdout,race_aware,COMPAS tool,break_even,0.2523364485981308,African-American vs Caucasian,race,True,0.47095565271705186,False,0.5669456066945606,0.32868217054263565,956,645,0.23826343615192497,0.19029788238572098,0.28622898991812895,9.367732743576031,7.410726117167058e-21,2.964290446866823e-20,True,89.06276769710291,3.82482232144925e-21
holdout,race_aware,COMPAS tool,break_even,0.2523364485981308,Hispanic vs Caucasian,race,False,0.32061068702290074,False,0.28368794326241137,0.32868217054263565,141,645,-0.044994227280224286,-0.12776164253593297,0.037773187975484415,-1.0370186943914437,0.2997271448387754,0.2997271448387754,False,1.0940174724160556,0.2955827780413967
holdout,race_aware,COMPAS tool,break_even,0.2523364485981308,Other vs Caucasian,race,False,0.3140161725067385,False,0.21649484536082475,0.32868217054263565,97,645,-0.1121873251818109,-0.20180726282774816,-0.022567387535873645,-2.2195995031133258,0.02644596604306916,0.05289193208613832,False,5.224301173136791,0.022273394548677657
holdout,race_aware,COMPAS tool,break_even,0.2523364485981308,Female vs Male,sex,False,0.44168466522678185,False,0.38333333333333336,0.45576407506702415,360,1492,-0.0724307417336908,-0.12865419988009558,-0.016207283587286,-2.483946082068815,0.012993548000704895,0.038980644002114685,True,6.225757505634824,0.012590503335432907
holdout,race_blind,TabPFN,0.5,0.5,African-American vs Caucasian,race,True,0.40037476577139286,False,0.5031380753138075,0.24806201550387597,956,645,0.25507605980993153,0.20908219366853545,0.30106992595132764,10.216674048032292,1.6697174782691787e-24,6.678869913076715e-24,True,107.55636341437696,3.362067479266026e-25
holdout,race_blind,TabPFN,0.5,0.5,Hispanic vs Caucasian,race,False,0.24936386768447838,False,0.2553191489361702,0.24806201550387597,141,645,0.007257133432294227,-0.0720581882096069,0.08657245507419535,0.18043124815498476,0.8568140243927992,0.8568140243927992,False,0.03242217154018778,0.8571042265818194
holdout,race_blind,TabPFN,0.5,0.5,Other vs Caucasian,race,False,0.2371967654986523,False,0.16494845360824742,0.24806201550387597,97,645,-0.08311356189562855,-0.1641431829849847,-0.0020839408062724024,-1.7942172275244674,0.0727785034662063,0.1455570069324126,False,3.4522228375486055,0.06316676586017339
holdout,race_blind,TabPFN,0.5,0.5,Female vs Male,sex,False,0.3741900647948164,False,0.18611111111111112,0.4195710455764075,360,1492,-0.2334599344652964,-0.28082400063689816,-0.18609586829369462,-8.21599520473809,2.104118683663492e-16,6.312356050990476e-16,True,73.33057787157628,1.0965588151587667e-17
holdout,race_blind,TabPFN,break_even,0.2523364485981308,African-American vs Caucasian,race,True,0.7888819487820112,False,0.8755230125523012,0.6604651162790698,956,645,0.21505789627323146,0.17294492030760464,0.25717087223885826,10.341888166537174,4.554735295889714e-25,1.8218941183558855e-24,True,105.4470322318501,9.74687789227877e-25
holdout,race_blind,TabPFN,break_even,0.2523364485981308,Hispanic vs Caucasian,race,False,0.6628498727735369,False,0.6737588652482269,0.6604651162790698,141,645,0.013293748969157138,-0.07228728461484296,0.09887478255315724,0.30248675408238584,0.7622810295304153,1.0,False,0.09188722804715077,0.7617915074048104
holdout,race_blind,TabPFN,break_even,0.2523364485981308,Other vs Caucasian,race,False,0.6630727762803235,False,0.6804123711340206,0.6604651162790698,97,645,0.019947254854950858,-0.07978858282493735,0.11968309253483907,0.38752369087571464,0.6983685496270633,1.0,False,0.15129571133365438,0.6973001926901677
holdout,race_blind,TabPFN,break_even,0.2523364485981308,Female vs Male,sex,False,0.7721382289416847,False,0.5833333333333334,0.8176943699731903,360,1492,-0.23436103663985697,-0.28892649670277304,-0.1797955765769409,-9.515186812506188,1.813866930944599e-21,5.441600792833796e-21,True,81.82559917762859,1.4864077296415463e-19
holdout,race_blind,COMPAS tool,0.5,0.5,African-American vs Caucasian,race,True,0.47095565271705186,False,0.5669456066945606,0.32868217054263565,956,645,0.23826343615192497,0.19029788238572098,0.28622898991812895,9.367732743576031,7.410726117167058e-21,2.964290446866823e-20,True,89.06276769710291,3.82482232144925e-21
holdout,race_blind,COMPAS tool,0.5,0.5,Hispanic vs Caucasian,race,False,0.32061068702290074,False,0.28368794326241137,0.32868217054263565,141,645,-0.044994227280224286,-0.12776164253593297,0.037773187975484415,-1.0370186943914437,0.2997271448387754,0.2997271448387754,False,1.0940174724160556,0.2955827780413967
holdout,race_blind,COMPAS tool,0.5,0.5,Other vs Caucasian,race,False,0.3140161725067385,False,0.21649484536082475,0.32868217054263565,97,645,-0.1121873251818109,-0.20180726282774816,-0.022567387535873645,-2.2195995031133258,0.02644596604306916,0.05289193208613832,False,5.224301173136791,0.022273394548677657
holdout,race_blind,COMPAS tool,0.5,0.5,Female vs Male,sex,False,0.44168466522678185,False,0.38333333333333336,0.45576407506702415,360,1492,-0.0724307417336908,-0.12865419988009558,-0.016207283587286,-2.483946082068815,0.012993548000704895,0.038980644002114685,True,6.225757505634824,0.012590503335432907
holdout,race_blind,COMPAS tool,break_even,0.2523364485981308,African-American vs Caucasian,race,True,0.47095565271705186,False,0.5669456066945606,0.32868217054263565,956,645,0.23826343615192497,0.19029788238572098,0.28622898991812895,9.367732743576031,7.410726117167058e-21,2.964290446866823e-20,True,89.06276769710291,3.82482232144925e-21
holdout,race_blind,COMPAS tool,break_even,0.2523364485981308,Hispanic vs Caucasian,race,False,0.32061068702290074,False,0.28368794326241137,0.32868217054263565,141,645,-0.044994227280224286,-0.12776164253593297,0.037773187975484415,-1.0370186943914437,0.2997271448387754,0.2997271448387754,False,1.0940174724160556,0.2955827780413967
holdout,race_blind,COMPAS tool,break_even,0.2523364485981308,Other vs Caucasian,race,False,0.3140161725067385,False,0.21649484536082475,0.32868217054263565,97,645,-0.1121873251818109,-0.20180726282774816,-0.022567387535873645,-2.2195995031133258,0.02644596604306916,0.05289193208613832,False,5.224301173136791,0.022273394548677657
holdout,race_blind,COMPAS tool,break_even,0.2523364485981308,Female vs Male,sex,False,0.44168466522678185,False,0.38333333333333336,0.45576407506702415,360,1492,-0.0724307417336908,-0.12865419988009558,-0.016207283587286,-2.483946082068815,0.012993548000704895,0.038980644002114685,True,6.225757505634824,0.012590503335432907
holdout,race_priors_blind,TabPFN,0.5,0.5,African-American vs Caucasian,race,True,0.4778263585259213,False,0.5397489539748954,0.386046511627907,956,645,0.15370244234698843,0.10461255984149898,0.2027923248524779,6.038810223952513,1.5525470801068591e-09,4.657641240320577e-09,True,36.69708317520927,1.379857436090826e-09
holdout,race_priors_blind,TabPFN,0.5,0.5,Hispanic vs Caucasian,race,False,0.3905852417302799,False,0.41134751773049644,0.386046511627907,141,645,0.02530100610258945,-0.06418964222596606,0.11479165443114496,0.557829571966667,0.5769607672669828,0.5769607672669828,False,0.309718477919807,0.5778529899168985
holdout,race_priors_blind,TabPFN,0.5,0.5,Other vs Caucasian,race,False,0.3935309973045822,False,0.44329896907216493,0.386046511627907,97,645,0.05725245744425794,-0.04850643795638611,0.16301135284490198,1.0761284845440882,0.28186979806242807,0.5637395961248561,False,1.1454780831452727,0.2844977497036588
holdout,race_priors_blind,TabPFN,0.5,0.5,Female vs Male,sex,False,0.4703023758099352,False,0.0,0.5837801608579088,360,1492,-0.5837801608579088,-0.608792236528414,-0.5587680851874037,-19.918741881245587,2.799363085744531e-88,1.1197452342978125e-87,True,534.6169822187251,2.7958086803414713e-118
holdout,race_priors_blind,TabPFN,break_even,0.2523364485981308,African-American vs Caucasian,race,True,0.9800124921923797,False,0.9926778242677824,0.9612403100775194,956,645,0.03143751419026297,0.015591296649251938,0.04728373173127401,4.408249905696608,1.042092619696242e-05,3.126277859088726e-05,True,19.44410259957365,1.0358719213036169e-05
holdout,race_priors_blind,TabPFN,break_even,0.2523364485981308,Hispanic vs Caucasian,race,False,0.9669211195928753,False,0.9929078014184397,0.9612403100775194,141,645,0.031667491340920284,0.011326698195754402,0.052008284486086166,1.9046749804904748,0.056822333213578796,0.11364466642715759,False,4.96366372477849,0.025885308411291913
holdout,race_priors_blind,TabPFN,break_even,0.2523364485981308,Other vs Caucasian,race,False,0.9649595687331537,False,0.9896907216494846,0.9612403100775194,97,645,0.02845041157196515,0.0034311882847584026,0.0534696348591719,1.4207348883214208,0.15539384590630181,0.15539384590630181,False,2.6672160731929933,0.10243506134707495
holdout,race_priors_blind,TabPFN,break_even,0.2523364485981308,Female vs Male,sex,False,0.9816414686825053,False,0.9055555555555556,1.0,360,1492,-0.09444444444444444,-0.12465387913721453,-0.06423500975167436,-11.981085611037894,4.464388556958012e-33,1.7857554227832047e-32,True,114.06760098519305,1.259408947147995e-26
holdout,race_priors_blind,COMPAS tool,0.5,0.5,African-American vs Caucasian,race,True,0.47095565271705186,False,0.5669456066945606,0.32868217054263565,956,645,0.23826343615192497,0.19029788238572098,0.28622898991812895,9.367732743576031,7.410726117167058e-21,2.964290446866823e-20,True,89.06276769710291,3.82482232144925e-21
holdout,race_priors_blind,COMPAS tool,0.5,0.5,Hispanic vs Caucasian,race,False,0.32061068702290074,False,0.28368794326241137,0.32868217054263565,141,645,-0.044994227280224286,-0.12776164253593297,0.037773187975484415,-1.0370186943914437,0.2997271448387754,0.2997271448387754,False,1.0940174724160556,0.2955827780413967
holdout,race_priors_blind,COMPAS tool,0.5,0.5,Other vs Caucasian,race,False,0.3140161725067385,False,0.21649484536082475,0.32868217054263565,97,645,-0.1121873251818109,-0.20180726282774816,-0.022567387535873645,-2.2195995031133258,0.02644596604306916,0.05289193208613832,False,5.224301173136791,0.022273394548677657
holdout,race_priors_blind,COMPAS tool,0.5,0.5,Female vs Male,sex,False,0.44168466522678185,False,0.38333333333333336,0.45576407506702415,360,1492,-0.0724307417336908,-0.12865419988009558,-0.016207283587286,-2.483946082068815,0.012993548000704895,0.038980644002114685,True,6.225757505634824,0.012590503335432907
holdout,race_priors_blind,COMPAS tool,break_even,0.2523364485981308,African-American vs Caucasian,race,True,0.47095565271705186,False,0.5669456066945606,0.32868217054263565,956,645,0.23826343615192497,0.19029788238572098,0.28622898991812895,9.367732743576031,7.410726117167058e-21,2.964290446866823e-20,True,89.06276769710291,3.82482232144925e-21
holdout,race_priors_blind,COMPAS tool,break_even,0.2523364485981308,Hispanic vs Caucasian,race,False,0.32061068702290074,False,0.28368794326241137,0.32868217054263565,141,645,-0.044994227280224286,-0.12776164253593297,0.037773187975484415,-1.0370186943914437,0.2997271448387754,0.2997271448387754,False,1.0940174724160556,0.2955827780413967
holdout,race_priors_blind,COMPAS tool,break_even,0.2523364485981308,Other vs Caucasian,race,False,0.3140161725067385,False,0.21649484536082475,0.32868217054263565,97,645,-0.1121873251818109,-0.20180726282774816,-0.022567387535873645,-2.2195995031133258,0.02644596604306916,0.05289193208613832,False,5.224301173136791,0.022273394548677657
holdout,race_priors_blind,COMPAS tool,break_even,0.2523364485981308,Female vs Male,sex,False,0.44168466522678185,False,0.38333333333333336,0.45576407506702415,360,1492,-0.0724307417336908,-0.12865419988009558,-0.016207283587286,-2.483946082068815,0.012993548000704895,0.038980644002114685,True,6.225757505634824,0.012590503335432907
holdout,race_proxy_blind,TabPFN,0.5,0.5,African-American vs Caucasian,race,True,0.18738288569643974,False,0.20920502092050208,0.15503875968992248,956,645,0.054166261230579604,0.016153262688898343,0.09217925977226087,2.724169044884519,0.006446350212820662,0.019339050638461988,True,7.5533654946182835,0.005989810233480141
holdout,race_proxy_blind,TabPFN,0.5,0.5,Hispanic vs Caucasian,race,False,0.16030534351145037,False,0.18439716312056736,0.15503875968992248,141,645,0.029358403430644886,-0.040481623720998755,0.09919843058228853,0.8607477188429054,0.38937700512041407,0.38937700512041407,False,0.7192200479472302,0.39639986677260985
holdout,race_proxy_blind,TabPFN,0.5,0.5,Other vs Caucasian,race,False,0.16307277628032346,False,0.21649484536082475,0.15503875968992248,97,645,0.06145608567090227,-0.025133806385690696,0.14804597772749523,1.527545260564475,0.126625481563535,0.25325096312707,False,2.184886056858252,0.13937137795649981
holdout,race_proxy_blind,TabPFN,0.5,0.5,Female vs Male,sex,False,0.18844492440604751,False,0.0,0.2339142091152815,360,1492,-0.2339142091152815,-0.25539403145565504,-0.21243438677490795,-10.186395944733082,2.280628558487664e-24,9.122514233950656e-24,True,169.40352796208222,9.987188327362435e-39
holdout,race_proxy_blind,TabPFN,break_even,0.2523364485981308,African-American vs Caucasian,race,True,1.0,True,1.0,1.0,956,645,0.0,,,,1.0,1.0,False,0.0,1.0
holdout,race_proxy_blind,TabPFN,break_even,0.2523364485981308,Hispanic vs Caucasian,race,False,1.0,True,1.0,1.0,141,645,0.0,,,,1.0,1.0,False,0.0,1.0
holdout,race_proxy_blind,TabPFN,break_even,0.2523364485981308,Other vs Caucasian,race,False,1.0,True,1.0,1.0,97,645,0.0,,,,1.0,1.0,False,0.0,1.0
holdout,race_proxy_blind,TabPFN,break_even,0.2523364485981308,Female vs Male,sex,False,1.0,True,1.0,1.0,360,1492,0.0,,,,1.0,1.0,False,0.0,1.0
holdout,race_proxy_blind,COMPAS tool,0.5,0.5,African-American vs Caucasian,race,True,0.47095565271705186,False,0.5669456066945606,0.32868217054263565,956,645,0.23826343615192497,0.19029788238572098,0.28622898991812895,9.367732743576031,7.410726117167058e-21,2.964290446866823e-20,True,89.06276769710291,3.82482232144925e-21
holdout,race_proxy_blind,COMPAS tool,0.5,0.5,Hispanic vs Caucasian,race,False,0.32061068702290074,False,0.28368794326241137,0.32868217054263565,141,645,-0.044994227280224286,-0.12776164253593297,0.037773187975484415,-1.0370186943914437,0.2997271448387754,0.2997271448387754,False,1.0940174724160556,0.2955827780413967
holdout,race_proxy_blind,COMPAS tool,0.5,0.5,Other vs Caucasian,race,False,0.3140161725067385,False,0.21649484536082475,0.32868217054263565,97,645,-0.1121873251818109,-0.20180726282774816,-0.022567387535873645,-2.2195995031133258,0.02644596604306916,0.05289193208613832,False,5.224301173136791,0.022273394548677657
holdout,race_proxy_blind,COMPAS tool,0.5,0.5,Female vs Male,sex,False,0.44168466522678185,False,0.38333333333333336,0.45576407506702415,360,1492,-0.0724307417336908,-0.12865419988009558,-0.016207283587286,-2.483946082068815,0.012993548000704895,0.038980644002114685,True,6.225757505634824,0.012590503335432907
holdout,race_proxy_blind,COMPAS tool,break_even,0.2523364485981308,African-American vs Caucasian,race,True,0.47095565271705186,False,0.5669456066945606,0.32868217054263565,956,645,0.23826343615192497,0.19029788238572098,0.28622898991812895,9.367732743576031,7.410726117167058e-21,2.964290446866823e-20,True,89.06276769710291,3.82482232144925e-21
holdout,race_proxy_blind,COMPAS tool,break_even,0.2523364485981308,Hispanic vs Caucasian,race,False,0.32061068702290074,False,0.28368794326241137,0.32868217054263565,141,645,-0.044994227280224286,-0.12776164253593297,0.037773187975484415,-1.0370186943914437,0.2997271448387754,0.2997271448387754,False,1.0940174724160556,0.2955827780413967
holdout,race_proxy_blind,COMPAS tool,break_even,0.2523364485981308,Other vs Caucasian,race,False,0.3140161725067385,False,0.21649484536082475,0.32868217054263565,97,645,-0.1121873251818109,-0.20180726282774816,-0.022567387535873645,-2.2195995031133258,0.02644596604306916,0.05289193208613832,False,5.224301173136791,0.022273394548677657
holdout,race_proxy_blind,COMPAS tool,break_even,0.2523364485981308,Female vs Male,sex,False,0.44168466522678185,False,0.38333333333333336,0.45576407506702415,360,1492,-0.0724307417336908,-0.12865419988009558,-0.016207283587286,-2.483946082068815,0.012993548000704895,0.038980644002114685,True,6.225757505634824,0.012590503335432907
holdout,sex_blind,TabPFN,0.5,0.5,African-American vs Caucasian,race,True,0.40974391005621486,False,0.5209205020920502,0.24496124031007752,956,645,0.2759592617819727,0.23008602267304157,0.32183250089090387,11.012390927698977,3.330461115632327e-28,1.3321844462529308e-27,True,125.19527822094753,4.612481003748083e-29
holdout,sex_blind,TabPFN,0.5,0.5,Hispanic vs Caucasian,race,False,0.2455470737913486,False,0.24822695035460993,0.24496124031007752,141,645,0.0032657100445324105,-0.07538307610134172,0.08191449619040654,0.08161543646636645,0.9349525257226552,0.9349525257226552,False,0.006648391915627272,0.9350143668723321
holdout,sex_blind,TabPFN,0.5,0.5,Other vs Caucasian,race,False,0.2358490566037736,False,0.17525773195876287,0.24496124031007752,97,645,-0.06970350835131464,-0.15232199419963888,0.012914977497009608,-1.507688981992568,0.1316341467491604,0.2632682934983208,False,2.4076986283853223,0.12073975115290095
holdout,sex_blind,TabPFN,0.5,0.5,Female vs Male,sex,False,0.38228941684665224,False,0.2611111111111111,0.41152815013404825,360,1492,-0.15041703902293713,-0.20220745682726288,-0.09862662121861138,-5.271370567027935,1.3540876333725112e-07,4.0622629001175337e-07,True,28.97708893861524,7.323941572346989e-08
holdout,sex_blind,TabPFN,break_even,0.2523364485981308,African-American vs Caucasian,race,True,0.8126171143035603,False,0.8943514644351465,0.6914728682170542,956,645,0.20287859621809223,0.16225518056026167,0.2435020118759228,10.203318064251755,1.9161215854192645e-24,7.664486341677058e-24,True,102.59498643743486,4.111725977774815e-24
holdout,sex_blind,TabPFN,break_even,0.2523364485981308,Hispanic vs Caucasian,race,False,0.683206106870229,False,0.6453900709219859,0.6914728682170542,141,645,-0.04608279729506837,-0.13271873980327825,0.0405531452131415,-1.065498159360336,0.28665055809063744,0.28665055809063744,False,1.1179401747039446,0.29036242028488146
holdout,sex_blind,TabPFN,break_even,0.2523364485981308,Other vs Caucasian,race,False,0.6778975741239892,False,0.5876288659793815,0.6914728682170542,97,645,-0.10384400223767276,-0.2080896449803129,0.000401640504967396,-2.040638856536366,0.041286736958930675,0.08257347391786135,False,4.0221757250889,0.04490574742227906
holdout,sex_blind,TabPFN,break_even,0.2523364485981308,Female vs Male,sex,False,0.7856371490280778,False,0.6861111111111111,0.8096514745308311,360,1492,-0.12354036341971997,-0.1754525719295288,-0.07162815490991115,-5.126704404980803,2.948579041314648e-07,8.845737123943944e-07,True,24.53130500468548,7.311226800985922e-07
holdout,sex_blind,COMPAS tool,0.5,0.5,African-American vs Caucasian,race,True,0.47095565271705186,False,0.5669456066945606,0.32868217054263565,956,645,0.23826343615192497,0.19029788238572098,0.28622898991812895,9.367732743576031,7.410726117167058e-21,2.964290446866823e-20,True,89.06276769710291,3.82482232144925e-21
holdout,sex_blind,COMPAS tool,0.5,0.5,Hispanic vs Caucasian,race,False,0.32061068702290074,False,0.28368794326241137,0.32868217054263565,141,645,-0.044994227280224286,-0.12776164253593297,0.037773187975484415,-1.0370186943914437,0.2997271448387754,0.2997271448387754,False,1.0940174724160556,0.2955827780413967
holdout,sex_blind,COMPAS tool,0.5,0.5,Other vs Caucasian,race,False,0.3140161725067385,False,0.21649484536082475,0.32868217054263565,97,645,-0.1121873251818109,-0.20180726282774816,-0.022567387535873645,-2.2195995031133258,0.02644596604306916,0.05289193208613832,False,5.224301173136791,0.022273394548677657
holdout,sex_blind,COMPAS tool,0.5,0.5,Female vs Male,sex,False,0.44168466522678185,False,0.38333333333333336,0.45576407506702415,360,1492,-0.0724307417336908,-0.12865419988009558,-0.016207283587286,-2.483946082068815,0.012993548000704895,0.038980644002114685,True,6.225757505634824,0.012590503335432907
holdout,sex_blind,COMPAS tool,break_even,0.2523364485981308,African-American vs Caucasian,race,True,0.47095565271705186,False,0.5669456066945606,0.32868217054263565,956,645,0.23826343615192497,0.19029788238572098,0.28622898991812895,9.367732743576031,7.410726117167058e-21,2.964290446866823e-20,True,89.06276769710291,3.82482232144925e-21
holdout,sex_blind,COMPAS tool,break_even,0.2523364485981308,Hispanic vs Caucasian,race,False,0.32061068702290074,False,0.28368794326241137,0.32868217054263565,141,645,-0.044994227280224286,-0.12776164253593297,0.037773187975484415,-1.0370186943914437,0.2997271448387754,0.2997271448387754,False,1.0940174724160556,0.2955827780413967
holdout,sex_blind,COMPAS tool,break_even,0.2523364485981308,Other vs Caucasian,race,False,0.3140161725067385,False,0.21649484536082475,0.32868217054263565,97,645,-0.1121873251818109,-0.20180726282774816,-0.022567387535873645,-2.2195995031133258,0.02644596604306916,0.05289193208613832,False,5.224301173136791,0.022273394548677657
holdout,sex_blind,COMPAS tool,break_even,0.2523364485981308,Female vs Male,sex,False,0.44168466522678185,False,0.38333333333333336,0.45576407506702415,360,1492,-0.0724307417336908,-0.12865419988009558,-0.016207283587286,-2.483946082068815,0.012993548000704895,0.038980644002114685,True,6.225757505634824,0.012590503335432907
temporal_1,age_blind,TabPFN,0.5,0.5,African-American vs Caucasian,race,True,0.18076109936575052,False,0.26607142857142857,0.05699481865284974,560,386,0.20907660991857882,0.16578184898056825,0.2523713708565894,8.212772206480889,2.1613935066630566e-16,8.645574026652226e-16,True,76.45416689597316,2.253836406759111e-18
temporal_1,age_blind,TabPFN,0.5,0.5,Hispanic vs Caucasian,race,False,0.060240963855421686,False,0.07142857142857142,0.05699481865284974,112,386,0.014433752775721682,-0.03857378276141825,0.06744128831286161,0.565214173067142,0.5719280976381059,1.0,False,0.30756771655298953,0.5791765809825675
temporal_1,age_blind,TabPFN,0.5,0.5,Other vs Caucasian,race,False,0.054466230936819175,False,0.0410958904109589,0.05699481865284974,73,386,-0.01589892824189084,-0.06697325697848,0.03517540049469831,-0.5489267628650829,0.5830557108975265,1.0,False,0.3230095647365461,0.5698045954718054
temporal_1,age_blind,TabPFN,0.5,0.5,Female vs Male,sex,False,0.15992970123022848,False,0.030434782608695653,0.19273127753303965,230,908,-0.162296494924344,-0.19622414521723847,-0.12836884463144954,-5.99822114879711,1.9949072290347526e-09,5.984721687104258e-09,True,47.61905552816196,5.176288173557653e-12
temporal_1,age_blind,TabPFN,break_even,0.2523364485981308,African-American vs Caucasian,race,True,0.6596194503171248,False,0.7660714285714286,0.5051813471502591,560,386,0.26089008142116954,0.1999226127493458,0.32185755009299327,8.322821332546201,8.589387002766219e-17,2.5768161008298657e-16,True,68.9904510595753,9.894133620084661e-17
temporal_1,age_blind,TabPFN,break_even,0.2523364485981308,Hispanic vs Caucasian,race,False,0.5040160642570282,False,0.5,0.5051813471502591,112,386,-0.005181347150259086,-0.11035933514090213,0.09999664084038395,-0.09655498232242012,0.9230798082842748,0.9230798082842748,False,0.009322659574765857,0.9230806515114003
temporal_1,age_blind,TabPFN,break_even,0.2523364485981308,Other vs Caucasian,race,False,0.49455337690631807,False,0.4383561643835616,0.5051813471502591,73,386,-0.06682518276669747,-0.19109682397382705,0.0574464584404321,-1.0472362318549089,0.2949906385222677,0.5899812770445354,False,1.0994014139508934,0.2943975064451162
temporal_1,age_blind,TabPFN,break_even,0.2523364485981308,Female vs Male,sex,False,0.6265377855887522,False,0.36086956521739133,0.6938325991189427,230,908,-0.33296303390155135,-0.4018898986450572,-0.2640361691580455,-9.324697748431168,1.1130036509735808e-20,4.452014603894323e-20,True,84.46131132981255,3.918072640558449e-20
temporal_1,age_blind,COMPAS tool,0.5,0.5,African-American vs Caucasian,race,True,0.4587737843551797,False,0.5660714285714286,0.30310880829015546,560,386,0.2629626202812731,0.20142252483191775,0.32450271573062844,7.977143551477882,1.4975861633311368e-15,5.990344653324547e-15,True,64.87523107316542,7.979379433084914e-16
temporal_1,age_blind,COMPAS tool,0.5,0.5,Hispanic vs Caucasian,race,False,0.2931726907630522,False,0.25892857142857145,0.30310880829015546,112,386,-0.04418023686158401,-0.1373660238555261,0.04900555013235808,-0.9042689430330384,0.36585281063635655,0.36585281063635655,False,0.8321211616242143,0.36165988931191606
temporal_1,age_blind,COMPAS tool,0.5,0.5,Other vs Caucasian,race,False,0.28104575163398693,False,0.1643835616438356,0.30310880829015546,73,386,-0.13872524664631986,-0.23531993587261196,-0.04213055742002776,-2.418049046998864,0.015603973391698712,0.04681192017509614,True,6.389606924327694,0.011479044485975406
temporal_1,age_blind,COMPAS tool,0.5,0.5,Female vs Male,sex,False,0.4200351493848858,False,0.3695652173913043,0.43281938325991187,230,908,-0.06325416586860755,-0.13346755572438104,0.006959223987165947,-1.7361257970326966,0.082541593923617,0.165083187847234,False,3.0438964107003805,0.08104118013685795
temporal_1,age_blind,COMPAS tool,break_even,0.2523364485981308,African-American vs Caucasian,race,True,0.4587737843551797,False,0.5660714285714286,0.30310880829015546,560,386,0.2629626202812731,0.20142252483191775,0.32450271573062844,7.977143551477882,1.4975861633311368e-15,5.990344653324547e-15,True,64.87523107316542,7.979379433084914e-16
temporal_1,age_blind,COMPAS tool,break_even,0.2523364485981308,Hispanic vs Caucasian,race,False,0.2931726907630522,False,0.25892857142857145,0.30310880829015546,112,386,-0.04418023686158401,-0.1373660238555261,0.04900555013235808,-0.9042689430330384,0.36585281063635655,0.36585281063635655,False,0.8321211616242143,0.36165988931191606
temporal_1,age_blind,COMPAS tool,break_even,0.2523364485981308,Other vs Caucasian,race,False,0.28104575163398693,False,0.1643835616438356,0.30310880829015546,73,386,-0.13872524664631986,-0.23531993587261196,-0.04213055742002776,-2.418049046998864,0.015603973391698712,0.04681192017509614,True,6.389606924327694,0.011479044485975406
temporal_1,age_blind,COMPAS tool,break_even,0.2523364485981308,Female vs Male,sex,False,0.4200351493848858,False,0.3695652173913043,0.43281938325991187,230,908,-0.06325416586860755,-0.13346755572438104,0.006959223987165947,-1.7361257970326966,0.082541593923617,0.165083187847234,False,3.0438964107003805,0.08104118013685795
temporal_1,protected_blind,TabPFN,0.5,0.5,African-American vs Caucasian,race,True,0.19661733615221988,False,0.26964285714285713,0.09067357512953368,560,386,0.17896928201332346,0.13237006796322615,0.22556849606342078,6.806885755186608,9.973406747176483e-12,3.989362698870593e-11,True,50.20931397353823,1.381903514184914e-12
temporal_1,protected_blind,TabPFN,0.5,0.5,Hispanic vs Caucasian,race,False,0.08634538152610442,False,0.07142857142857142,0.09067357512953368,112,386,-0.019245003700962257,-0.07488199379892858,0.03639198639700407,-0.6384037183574909,0.5232109110843606,0.5232109110843606,False,0.4242839901720896,0.5148071200199451
temporal_1,protected_blind,TabPFN,0.5,0.5,Other vs Caucasian,race,False,0.08278867102396514,False,0.0410958904109589,0.09067357512953368,73,386,-0.04957768471857478,-0.10337603877641958,0.004220669339270025,-1.4096614402723413,0.15863967567316484,0.3172793513463297,False,2.328471897511154,0.12702652046532117
temporal_1,protected_blind,TabPFN,0.5,0.5,Female vs Male,sex,False,0.17311072056239016,False,0.05217391304347826,0.20374449339207049,230,908,-0.15157058034859222,-0.19045886161571468,-0.11268229908146978,-5.427064235606715,5.728851500637823e-08,1.718655450191347e-07,True,36.428317050403024,1.5838532958337352e-09
temporal_1,protected_blind,TabPFN,break_even,0.2523364485981308,African-American vs Caucasian,race,True,0.7145877378435518,False,0.775,0.6269430051813472,560,386,0.14805699481865287,0.08869548552983508,0.20741850410747065,4.955721979228447,7.206219734921876e-07,2.161865920476563e-06,True,24.30418286204435,8.22602367519199e-07
temporal_1,protected_blind,TabPFN,break_even,0.2523364485981308,Hispanic vs Caucasian,race,False,0.606425702811245,False,0.5357142857142857,0.6269430051813472,112,386,-0.09122871946706146,-0.19543311822955312,0.012975679295430198,-1.739872431923375,0.08188142039550535,0.1637628407910107,False,2.991399343664666,0.08370780395000903
temporal_1,protected_blind,TabPFN,break_even,0.2523364485981308,Other vs Caucasian,race,False,0.616557734204793,False,0.5616438356164384,0.6269430051813472,73,386,-0.06529916956490878,-0.1889249628452263,0.05832662371540877,-1.0522514471787872,0.2926842012066547,0.2926842012066547,False,1.0933518682240866,0.29572973476267006
temporal_1,protected_blind,TabPFN,break_even,0.2523364485981308,Female vs Male,sex,False,0.6836555360281195,False,0.5304347826086957,0.7224669603524229,230,908,-0.19203217774372716,-0.2628016306310457,-0.12126272485640859,-5.593851480881093,2.2208695189351343e-08,8.883478075740537e-08,True,29.87389828980507,4.610783986708227e-08
temporal_1,protected_blind,COMPAS tool,0.5,0.5,African-American vs Caucasian,race,True,0.4587737843551797,False,0.5660714285714286,0.30310880829015546,560,386,0.2629626202812731,0.20142252483191775,0.32450271573062844,7.977143551477882,1.4975861633311368e-15,5.990344653324547e-15,True,64.87523107316542,7.979379433084914e-16
temporal_1,protected_blind,COMPAS tool,0.5,0.5,Hispanic vs Caucasian,race,False,0.2931726907630522,False,0.25892857142857145,0.30310880829015546,112,386,-0.04418023686158401,-0.1373660238555261,0.04900555013235808,-0.9042689430330384,0.36585281063635655,0.36585281063635655,False,0.8321211616242143,0.36165988931191606
temporal_1,protected_blind,COMPAS tool,0.5,0.5,Other vs Caucasian,race,False,0.28104575163398693,False,0.1643835616438356,0.30310880829015546,73,386,-0.13872524664631986,-0.23531993587261196,-0.04213055742002776,-2.418049046998864,0.015603973391698712,0.04681192017509614,True,6.389606924327694,0.011479044485975406
temporal_1,protected_blind,COMPAS tool,0.5,0.5,Female vs Male,sex,False,0.4200351493848858,False,0.3695652173913043,0.43281938325991187,230,908,-0.06325416586860755,-0.13346755572438104,0.006959223987165947,-1.7361257970326966,0.082541593923617,0.165083187847234,False,3.0438964107003805,0.08104118013685795
temporal_1,protected_blind,COMPAS tool,break_even,0.2523364485981308,African-American vs Caucasian,race,True,0.4587737843551797,False,0.5660714285714286,0.30310880829015546,560,386,0.2629626202812731,0.20142252483191775,0.32450271573062844,7.977143551477882,1.4975861633311368e-15,5.990344653324547e-15,True,64.87523107316542,7.979379433084914e-16
temporal_1,protected_blind,COMPAS tool,break_even,0.2523364485981308,Hispanic vs Caucasian,race,False,0.2931726907630522,False,0.25892857142857145,0.30310880829015546,112,386,-0.04418023686158401,-0.1373660238555261,0.04900555013235808,-0.9042689430330384,0.36585281063635655,0.36585281063635655,False,0.8321211616242143,0.36165988931191606
temporal_1,protected_blind,COMPAS tool,break_even,0.2523364485981308,Other vs Caucasian,race,False,0.28104575163398693,False,0.1643835616438356,0.30310880829015546,73,386,-0.13872524664631986,-0.23531993587261196,-0.04213055742002776,-2.418049046998864,0.015603973391698712,0.04681192017509614,True,6.389606924327694,0.011479044485975406
temporal_1,protected_blind,COMPAS tool,break_even,0.2523364485981308,Female vs Male,sex,False,0.4200351493848858,False,0.3695652173913043,0.43281938325991187,230,908,-0.06325416586860755,-0.13346755572438104,0.006959223987165947,-1.7361257970326966,0.082541593923617,0.165083187847234,False,3.0438964107003805,0.08104118013685795
temporal_1,race_aware,TabPFN,0.5,0.5,African-American vs Caucasian,race,True,0.2040169133192389,False,0.29285714285714287,0.07512953367875648,560,386,0.2177276091783864,0.17176990032788264,0.26368531802889017,8.167151186818247,3.1575708661439167e-16,1.2630283464575667e-15,True,74.04939762844388,7.618648372371959e-18
temporal_1,race_aware,TabPFN,0.5,0.5,Hispanic vs Caucasian,race,False,0.07630522088353414,False,0.08035714285714286,0.07512953367875648,112,386,0.005227609178386383,-0.05157191268484539,0.06202713104161816,0.18346352461243318,0.8544343361355848,0.8544343361355848,False,0.03328215314367233,0.8552421694669062
temporal_1,race_aware,TabPFN,0.5,0.5,Other vs Caucasian,race,False,0.06971677559912855,False,0.0410958904109589,0.07512953367875648,73,386,-0.03403364326779758,-0.0866189818849891,0.018551695349393937,-1.0470825955433571,0.2950614857208129,0.5901229714416258,False,1.2414340734347529,0.2651948518070821
temporal_1,race_aware,TabPFN,0.5,0.5,Female vs Male,sex,False,0.18014059753954306,False,0.043478260869565216,0.21475770925110133,230,908,-0.1712794483815361,-0.20880343624138872,-0.1337554605216835,-6.037615841792997,1.564078751765865e-09,4.6922362552975955e-09,True,46.4385367590226,9.453780817528277e-12
temporal_1,race_aware,TabPFN,break_even,0.2523364485981308,African-American vs Caucasian,race,True,0.6215644820295984,False,0.7553571428571428,0.4274611398963731,560,386,0.32789600296076976,0.26704161207738625,0.3887503938441533,10.219724310840938,1.6180038429028744e-24,6.4720153716114975e-24,True,104.85634225901502,1.313197001147853e-24
temporal_1,race_aware,TabPFN,break_even,0.2523364485981308,Hispanic vs Caucasian,race,False,0.45180722891566266,False,0.5357142857142857,0.4274611398963731,112,386,0.10825314581791262,0.003531792562882871,0.21297449907294236,2.026680450153388,0.04269510306978378,0.04269510306978378,True,4.091313813785494,0.043104124551448166
temporal_1,race_aware,TabPFN,break_even,0.2523364485981308,Other vs Caucasian,race,False,0.40305010893246185,False,0.273972602739726,0.4274611398963731,73,386,-0.15348853715664706,-0.2670794536929319,-0.039897620620362215,-2.451750240433699,0.014216329896845476,0.028432659793690952,True,6.258861858146226,0.012357356721803894
temporal_1,race_aware,TabPFN,break_even,0.2523364485981308,Female vs Male,sex,False,0.5878734622144113,False,0.3521739130434783,0.6475770925110133,230,908,-0.29540317946753497,-0.3645121360630664,-0.22629422287200351,-8.130058272613306,4.290841138568384e-16,1.2872523415705153e-15,True,65.36719839264775,6.216503649646373e-16
temporal_1,race_aware,COMPAS tool,0.5,0.5,African-American vs Caucasian,race,True,0.4587737843551797,False,0.5660714285714286,0.30310880829015546,560,386,0.2629626202812731,0.20142252483191775,0.32450271573062844,7.977143551477882,1.4975861633311368e-15,5.990344653324547e-15,True,64.87523107316542,7.979379433084914e-16
temporal_1,race_aware,COMPAS tool,0.5,0.5,Hispanic vs Caucasian,race,False,0.2931726907630522,False,0.25892857142857145,0.30310880829015546,112,386,-0.04418023686158401,-0.1373660238555261,0.04900555013235808,-0.9042689430330384,0.36585281063635655,0.36585281063635655,False,0.8321211616242143,0.36165988931191606
temporal_1,race_aware,COMPAS tool,0.5,0.5,Other vs Caucasian,race,False,0.28104575163398693,False,0.1643835616438356,0.30310880829015546,73,386,-0.13872524664631986,-0.23531993587261196,-0.04213055742002776,-2.418049046998864,0.015603973391698712,0.04681192017509614,True,6.389606924327694,0.011479044485975406
temporal_1,race_aware,COMPAS tool,0.5,0.5,Female vs Male,sex,False,0.4200351493848858,False,0.3695652173913043,0.43281938325991187,230,908,-0.06325416586860755,-0.13346755572438104,0.006959223987165947,-1.7361257970326966,0.082541593923617,0.165083187847234,False,3.0438964107003805,0.08104118013685795
temporal_1,race_aware,COMPAS tool,break_even,0.2523364485981308,African-American vs Caucasian,race,True,0.4587737843551797,False,0.5660714285714286,0.30310880829015546,560,386,0.2629626202812731,0.20142252483191775,0.32450271573062844,7.977143551477882,1.4975861633311368e-15,5.990344653324547e-15,True,64.87523107316542,7.979379433084914e-16
temporal_1,race_aware,COMPAS tool,break_even,0.2523364485981308,Hispanic vs Caucasian,race,False,0.2931726907630522,False,0.25892857142857145,0.30310880829015546,112,386,-0.04418023686158401,-0.1373660238555261,0.04900555013235808,-0.9042689430330384,0.36585281063635655,0.36585281063635655,False,0.8321211616242143,0.36165988931191606
temporal_1,race_aware,COMPAS tool,break_even,0.2523364485981308,Other vs Caucasian,race,False,0.28104575163398693,False,0.1643835616438356,0.30310880829015546,73,386,-0.13872524664631986,-0.23531993587261196,-0.04213055742002776,-2.418049046998864,0.015603973391698712,0.04681192017509614,True,6.389606924327694,0.011479044485975406
temporal_1,race_aware,COMPAS tool,break_even,0.2523364485981308,Female vs Male,sex,False,0.4200351493848858,False,0.3695652173913043,0.43281938325991187,230,908,-0.06325416586860755,-0.13346755572438104,0.006959223987165947,-1.7361257970326966,0.082541593923617,0.165083187847234,False,3.0438964107003805,0.08104118013685795
temporal_1,race_blind,TabPFN,0.5,0.5,African-American vs Caucasian,race,True,0.2135306553911205,False,0.3053571428571429,0.08031088082901554,560,386,0.22504626202812733,0.17824762710862185,0.2718448969476328,8.3012383802053,1.0303172628815753e-16,4.121269051526301e-16,True,76.2145869255638,2.544551596561057e-18
temporal_1,race_blind,TabPFN,0.5,0.5,Hispanic vs Caucasian,race,False,0.08433734939759036,False,0.09821428571428571,0.08031088082901554,112,386,0.017903404885270174,-0.04352005612662745,0.07932686589716781,0.6002689812279268,0.548326987641268,0.548326987641268,False,0.34866771580362865,0.5548682744067932
temporal_1,race_blind,TabPFN,0.5,0.5,Other vs Caucasian,race,False,0.07407407407407407,False,0.0410958904109589,0.08031088082901554,73,386,-0.039214990418056636,-0.09221279420446894,0.01378281336835567,-1.1732204241632465,0.24070742367245568,0.48141484734491136,False,1.578100765955857,0.20903447504736516
temporal_1,race_blind,TabPFN,0.5,0.5,Female vs Male,sex,False,0.18980667838312829,False,0.04782608695652174,0.22577092511013216,230,908,-0.17794483815361042,-0.21667601978365914,-0.1392136565235617,-6.147110664381951,7.890707884450315e-10,2.3672123653350944e-09,True,47.70190801716166,4.962084610634045e-12
temporal_1,race_blind,TabPFN,break_even,0.2523364485981308,African-American vs Caucasian,race,True,0.6035940803382663,False,0.7035714285714286,0.4585492227979275,560,386,0.24502220577350114,0.18255979910615183,0.30748461244085046,7.571902119117231,3.6779855599321065e-14,1.4711942239728426e-13,True,57.331481651204896,3.6821394788454045e-14
temporal_1,race_blind,TabPFN,break_even,0.2523364485981308,Hispanic vs Caucasian,race,False,0.45180722891566266,False,0.42857142857142855,0.4585492227979275,112,386,-0.029977794226498933,-0.1342398852492861,0.07428429679628824,-0.5612345861963239,0.5746376280997784,0.5746376280997784,False,0.31575352624864905,0.574170866077472
temporal_1,race_blind,TabPFN,break_even,0.2523364485981308,Other vs Caucasian,race,False,0.4422657952069717,False,0.3561643835616438,0.4585492227979275,73,386,-0.10238483923628366,-0.22295796347998242,0.01818828500741508,-1.6152103032138838,0.10626516007999036,0.21253032015998072,False,2.649703326853361,0.10356922340319603
temporal_1,race_blind,TabPFN,break_even,0.2523364485981308,Female vs Male,sex,False,0.5694200351493849,False,0.3826086956521739,0.6167400881057269,230,908,-0.23413139245355297,-0.30445455246219894,-0.163808232444907,-6.405485882705182,1.4989125517562406e-10,4.4967376552687215e-10,True,40.74723903287418,1.7324804597568778e-10
temporal_1,race_blind,COMPAS tool,0.5,0.5,African-American vs Caucasian,race,True,0.4587737843551797,False,0.5660714285714286,0.30310880829015546,560,386,0.2629626202812731,0.20142252483191775,0.32450271573062844,7.977143551477882,1.4975861633311368e-15,5.990344653324547e-15,True,64.87523107316542,7.979379433084914e-16
temporal_1,race_blind,COMPAS tool,0.5,0.5,Hispanic vs Caucasian,race,False,0.2931726907630522,False,0.25892857142857145,0.30310880829015546,112,386,-0.04418023686158401,-0.1373660238555261,0.04900555013235808,-0.9042689430330384,0.36585281063635655,0.36585281063635655,False,0.8321211616242143,0.36165988931191606
temporal_1,race_blind,COMPAS tool,0.5,0.5,Other vs Caucasian,race,False,0.28104575163398693,False,0.1643835616438356,0.30310880829015546,73,386,-0.13872524664631986,-0.23531993587261196,-0.04213055742002776,-2.418049046998864,0.015603973391698712,0.04681192017509614,True,6.389606924327694,0.011479044485975406
temporal_1,race_blind,COMPAS tool,0.5,0.5,Female vs Male,sex,False,0.4200351493848858,False,0.3695652173913043,0.43281938325991187,230,908,-0.06325416586860755,-0.13346755572438104,0.006959223987165947,-1.7361257970326966,0.082541593923617,0.165083187847234,False,3.0438964107003805,0.08104118013685795
temporal_1,race_blind,COMPAS tool,break_even,0.2523364485981308,African-American vs Caucasian,race,True,0.4587737843551797,False,0.5660714285714286,0.30310880829015546,560,386,0.2629626202812731,0.20142252483191775,0.32450271573062844,7.977143551477882,1.4975861633311368e-15,5.990344653324547e-15,True,64.87523107316542,7.979379433084914e-16
temporal_1,race_blind,COMPAS tool,break_even,0.2523364485981308,Hispanic vs Caucasian,race,False,0.2931726907630522,False,0.25892857142857145,0.30310880829015546,112,386,-0.04418023686158401,-0.1373660238555261,0.04900555013235808,-0.9042689430330384,0.36585281063635655,0.36585281063635655,False,0.8321211616242143,0.36165988931191606
temporal_1,race_blind,COMPAS tool,break_even,0.2523364485981308,Other vs Caucasian,race,False,0.28104575163398693,False,0.1643835616438356,0.30310880829015546,73,386,-0.13872524664631986,-0.23531993587261196,-0.04213055742002776,-2.418049046998864,0.015603973391698712,0.04681192017509614,True,6.389606924327694,0.011479044485975406
temporal_1,race_blind,COMPAS tool,break_even,0.2523364485981308,Female vs Male,sex,False,0.4200351493848858,False,0.3695652173913043,0.43281938325991187,230,908,-0.06325416586860755,-0.13346755572438104,0.006959223987165947,-1.7361257970326966,0.082541593923617,0.165083187847234,False,3.0438964107003805,0.08104118013685795
temporal_1,race_priors_blind,TabPFN,0.5,0.5,African-American vs Caucasian,race,True,0.0,True,0.0,0.0,560,386,0.0,,,,1.0,1.0,False,0.0,1.0
temporal_1,race_priors_blind,TabPFN,0.5,0.5,Hispanic vs Caucasian,race,False,0.0,True,0.0,0.0,112,386,0.0,,,,1.0,1.0,False,0.0,1.0
temporal_1,race_priors_blind,TabPFN,0.5,0.5,Other vs Caucasian,race,False,0.0,True,0.0,0.0,73,386,0.0,,,,1.0,1.0,False,0.0,1.0
temporal_1,race_priors_blind,TabPFN,0.5,0.5,Female vs Male,sex,False,0.0,True,0.0,0.0,230,908,0.0,,,,1.0,1.0,False,0.0,1.0
temporal_1,race_priors_blind,TabPFN,break_even,0.2523364485981308,African-American vs Caucasian,race,True,0.8731501057082452,False,0.9303571428571429,0.7901554404145078,560,386,0.14020170244263508,0.09443495182956585,0.1859684530557043,6.36804134712164,1.914573118081876e-10,5.743719354245628e-10,True,39.97500821083616,2.5723304188703855e-10
temporal_1,race_priors_blind,TabPFN,break_even,0.2523364485981308,Hispanic vs Caucasian,race,False,0.8052208835341366,False,0.8571428571428571,0.7901554404145078,112,386,0.06698741672834929,-0.009497740790972237,0.14347257424767082,1.5759865682777918,0.11502889871551335,0.2300577974310267,False,2.6251244510327396,0.1051842577828693
temporal_1,race_priors_blind,TabPFN,break_even,0.2523364485981308,Other vs Caucasian,race,False,0.7952069716775599,False,0.821917808219178,0.7901554404145078,73,386,0.03176236780467023,-0.06494577630897796,0.12847051191831843,0.6166857834138929,0.5374420001344864,0.5374420001344864,False,0.3910555671945355,0.5317450721283639
temporal_1,race_priors_blind,TabPFN,break_even,0.2523364485981308,Female vs Male,sex,False,0.867311072056239,False,0.7130434782608696,0.9063876651982379,230,908,-0.19334418693736832,-0.25479665560196285,-0.1318917182727738,-7.720795375366264,1.1560601765945022e-14,4.624240706378009e-14,True,50.80864301318239,1.0182433915091445e-12
temporal_1,race_priors_blind,COMPAS tool,0.5,0.5,African-American vs Caucasian,race,True,0.4587737843551797,False,0.5660714285714286,0.30310880829015546,560,386,0.2629626202812731,0.20142252483191775,0.32450271573062844,7.977143551477882,1.4975861633311368e-15,5.990344653324547e-15,True,64.87523107316542,7.979379433084914e-16
temporal_1,race_priors_blind,COMPAS tool,0.5,0.5,Hispanic vs Caucasian,race,False,0.2931726907630522,False,0.25892857142857145,0.30310880829015546,112,386,-0.04418023686158401,-0.1373660238555261,0.04900555013235808,-0.9042689430330384,0.36585281063635655,0.36585281063635655,False,0.8321211616242143,0.36165988931191606
temporal_1,race_priors_blind,COMPAS tool,0.5,0.5,Other vs Caucasian,race,False,0.28104575163398693,False,0.1643835616438356,0.30310880829015546,73,386,-0.13872524664631986,-0.23531993587261196,-0.04213055742002776,-2.418049046998864,0.015603973391698712,0.04681192017509614,True,6.389606924327694,0.011479044485975406
temporal_1,race_priors_blind,COMPAS tool,0.5,0.5,Female vs Male,sex,False,0.4200351493848858,False,0.3695652173913043,0.43281938325991187,230,908,-0.06325416586860755,-0.13346755572438104,0.006959223987165947,-1.7361257970326966,0.082541593923617,0.165083187847234,False,3.0438964107003805,0.08104118013685795
temporal_1,race_priors_blind,COMPAS tool,break_even,0.2523364485981308,African-American vs Caucasian,race,True,0.4587737843551797,False,0.5660714285714286,0.30310880829015546,560,386,0.2629626202812731,0.20142252483191775,0.32450271573062844,7.977143551477882,1.4975861633311368e-15,5.990344653324547e-15,True,64.87523107316542,7.979379433084914e-16
temporal_1,race_priors_blind,COMPAS tool,break_even,0.2523364485981308,Hispanic vs Caucasian,race,False,0.2931726907630522,False,0.25892857142857145,0.30310880829015546,112,386,-0.04418023686158401,-0.1373660238555261,0.04900555013235808,-0.9042689430330384,0.36585281063635655,0.36585281063635655,False,0.8321211616242143,0.36165988931191606
temporal_1,race_priors_blind,COMPAS tool,break_even,0.2523364485981308,Other vs Caucasian,race,False,0.28104575163398693,False,0.1643835616438356,0.30310880829015546,73,386,-0.13872524664631986,-0.23531993587261196,-0.04213055742002776,-2.418049046998864,0.015603973391698712,0.04681192017509614,True,6.389606924327694,0.011479044485975406
temporal_1,race_priors_blind,COMPAS tool,break_even,0.2523364485981308,Female vs Male,sex,False,0.4200351493848858,False,0.3695652173913043,0.43281938325991187,230,908,-0.06325416586860755,-0.13346755572438104,0.006959223987165947,-1.7361257970326966,0.082541593923617,0.165083187847234,False,3.0438964107003805,0.08104118013685795
temporal_1,race_proxy_blind,TabPFN,0.5,0.5,African-American vs Caucasian,race,True,0.0,True,0.0,0.0,560,386,0.0,,,,1.0,1.0,False,0.0,1.0
temporal_1,race_proxy_blind,TabPFN,0.5,0.5,Hispanic vs Caucasian,race,False,0.0,True,0.0,0.0,112,386,0.0,,,,1.0,1.0,False,0.0,1.0
temporal_1,race_proxy_blind,TabPFN,0.5,0.5,Other vs Caucasian,race,False,0.0,True,0.0,0.0,73,386,0.0,,,,1.0,1.0,False,0.0,1.0
temporal_1,race_proxy_blind,TabPFN,0.5,0.5,Female vs Male,sex,False,0.0,True,0.0,0.0,230,908,0.0,,,,1.0,1.0,False,0.0,1.0
temporal_1,race_proxy_blind,TabPFN,break_even,0.2523364485981308,African-American vs Caucasian,race,True,1.0,True,1.0,1.0,560,386,0.0,,,,1.0,1.0,False,0.0,1.0
temporal_1,race_proxy_blind,TabPFN,break_even,0.2523364485981308,Hispanic vs Caucasian,race,False,1.0,True,1.0,1.0,112,386,0.0,,,,1.0,1.0,False,0.0,1.0
temporal_1,race_proxy_blind,TabPFN,break_even,0.2523364485981308,Other vs Caucasian,race,False,1.0,True,1.0,1.0,73,386,0.0,,,,1.0,1.0,False,0.0,1.0
temporal_1,race_proxy_blind,TabPFN,break_even,0.2523364485981308,Female vs Male,sex,False,1.0,True,1.0,1.0,230,908,0.0,,,,1.0,1.0,False,0.0,1.0
temporal_1,race_proxy_blind,COMPAS tool,0.5,0.5,African-American vs Caucasian,race,True,0.4587737843551797,False,0.5660714285714286,0.30310880829015546,560,386,0.2629626202812731,0.20142252483191775,0.32450271573062844,7.977143551477882,1.4975861633311368e-15,5.990344653324547e-15,True,64.87523107316542,7.979379433084914e-16
temporal_1,race_proxy_blind,COMPAS tool,0.5,0.5,Hispanic vs Caucasian,race,False,0.2931726907630522,False,0.25892857142857145,0.30310880829015546,112,386,-0.04418023686158401,-0.1373660238555261,0.04900555013235808,-0.9042689430330384,0.36585281063635655,0.36585281063635655,False,0.8321211616242143,0.36165988931191606
temporal_1,race_proxy_blind,COMPAS tool,0.5,0.5,Other vs Caucasian,race,False,0.28104575163398693,False,0.1643835616438356,0.30310880829015546,73,386,-0.13872524664631986,-0.23531993587261196,-0.04213055742002776,-2.418049046998864,0.015603973391698712,0.04681192017509614,True,6.389606924327694,0.011479044485975406
temporal_1,race_proxy_blind,COMPAS tool,0.5,0.5,Female vs Male,sex,False,0.4200351493848858,False,0.3695652173913043,0.43281938325991187,230,908,-0.06325416586860755,-0.13346755572438104,0.006959223987165947,-1.7361257970326966,0.082541593923617,0.165083187847234,False,3.0438964107003805,0.08104118013685795
temporal_1,race_proxy_blind,COMPAS tool,break_even,0.2523364485981308,African-American vs Caucasian,race,True,0.4587737843551797,False,0.5660714285714286,0.30310880829015546,560,386,0.2629626202812731,0.20142252483191775,0.32450271573062844,7.977143551477882,1.4975861633311368e-15,5.990344653324547e-15,True,64.87523107316542,7.979379433084914e-16
temporal_1,race_proxy_blind,COMPAS tool,break_even,0.2523364485981308,Hispanic vs Caucasian,race,False,0.2931726907630522,False,0.25892857142857145,0.30310880829015546,112,386,-0.04418023686158401,-0.1373660238555261,0.04900555013235808,-0.9042689430330384,0.36585281063635655,0.36585281063635655,False,0.8321211616242143,0.36165988931191606
temporal_1,race_proxy_blind,COMPAS tool,break_even,0.2523364485981308,Other vs Caucasian,race,False,0.28104575163398693,False,0.1643835616438356,0.30310880829015546,73,386,-0.13872524664631986,-0.23531993587261196,-0.04213055742002776,-2.418049046998864,0.015603973391698712,0.04681192017509614,True,6.389606924327694,0.011479044485975406
temporal_1,race_proxy_blind,COMPAS tool,break_even,0.2523364485981308,Female vs Male,sex,False,0.4200351493848858,False,0.3695652173913043,0.43281938325991187,230,908,-0.06325416586860755,-0.13346755572438104,0.006959223987165947,-1.7361257970326966,0.082541593923617,0.165083187847234,False,3.0438964107003805,0.08104118013685795
temporal_1,sex_blind,TabPFN,0.5,0.5,African-American vs Caucasian,race,True,0.19238900634249473,False,0.275,0.07253886010362694,560,386,0.2024611398963731,0.157325783651321,0.2475964961414252,7.76412535154645,8.22105610224577e-15,3.288422440898308e-14,True,66.86251567292678,2.911180947980521e-16
temporal_1,sex_blind,TabPFN,0.5,0.5,Hispanic vs Caucasian,race,False,0.07429718875502007,False,0.08035714285714286,0.07253886010362694,112,386,0.007818282753515926,-0.04878746447246582,0.06442402997949767,0.27776491175825235,0.7811928279763509,0.7811928279763509,False,0.07584394109104897,0.7830106440877247
temporal_1,sex_blind,TabPFN,0.5,0.5,Other vs Caucasian,race,False,0.06753812636165578,False,0.0410958904109589,0.07253886010362694,73,386,-0.031442969692668035,-0.0838189448397208,0.020933005454384736,-0.9817078208216904,0.3262438113575371,0.6524876227150742,False,1.0839815566006097,0.2978085590758924
temporal_1,sex_blind,TabPFN,0.5,0.5,Female vs Male,sex,False,0.1704745166959578,False,0.05217391304347826,0.20044052863436124,230,908,-0.14826661559088297,-0.1870476690146415,-0.10948556216712443,-5.3411464412435175,9.236060634517436e-08,2.7708181903552305e-07,True,35.23007257458181,2.9296451328956356e-09
temporal_1,sex_blind,TabPFN,break_even,0.2523364485981308,African-American vs Caucasian,race,True,0.5961945031712473,False,0.6982142857142857,0.4481865284974093,560,386,0.25002775721687637,0.18752416481164524,0.3125313496221075,7.702828450586252,1.3308697713992988e-14,5.323479085597195e-14,True,59.38918481837351,1.2937816929562617e-14
temporal_1,sex_blind,TabPFN,break_even,0.2523364485981308,Hispanic vs Caucasian,race,False,0.46184738955823296,False,0.5089285714285714,0.4481865284974093,112,386,0.06074204293116209,-0.04429711478242662,0.1657812006447508,1.1352079253292726,0.25628820964236376,0.25628820964236376,False,1.285825858271794,0.2568186191610959
temporal_1,sex_blind,TabPFN,break_even,0.2523364485981308,Other vs Caucasian,race,False,0.420479302832244,False,0.273972602739726,0.4481865284974093,73,386,-0.1742139257576833,-0.28791768571089804,-0.06051016580446855,-2.7651889941095984,0.005688982455952863,0.011377964911905725,True,7.9657040790473665,0.004767194406536305
temporal_1,sex_blind,TabPFN,break_even,0.2523364485981308,Female vs Male,sex,False,0.5641476274165202,False,0.4260869565217391,0.5991189427312775,230,908,-0.1730319862095384,-0.244448785288677,-0.10161518713039983,-4.727113325968555,2.27734178395804e-06,6.8320253518741195e-06,True,22.182005733354778,2.479871516215864e-06
temporal_1,sex_blind,COMPAS tool,0.5,0.5,African-American vs Caucasian,race,True,0.4587737843551797,False,0.5660714285714286,0.30310880829015546,560,386,0.2629626202812731,0.20142252483191775,0.32450271573062844,7.977143551477882,1.4975861633311368e-15,5.990344653324547e-15,True,64.87523107316542,7.979379433084914e-16
temporal_1,sex_blind,COMPAS tool,0.5,0.5,Hispanic vs Caucasian,race,False,0.2931726907630522,False,0.25892857142857145,0.30310880829015546,112,386,-0.04418023686158401,-0.1373660238555261,0.04900555013235808,-0.9042689430330384,0.36585281063635655,0.36585281063635655,False,0.8321211616242143,0.36165988931191606
temporal_1,sex_blind,COMPAS tool,0.5,0.5,Other vs Caucasian,race,False,0.28104575163398693,False,0.1643835616438356,0.30310880829015546,73,386,-0.13872524664631986,-0.23531993587261196,-0.04213055742002776,-2.418049046998864,0.015603973391698712,0.04681192017509614,True,6.389606924327694,0.011479044485975406
temporal_1,sex_blind,COMPAS tool,0.5,0.5,Female vs Male,sex,False,0.4200351493848858,False,0.3695652173913043,0.43281938325991187,230,908,-0.06325416586860755,-0.13346755572438104,0.006959223987165947,-1.7361257970326966,0.082541593923617,0.165083187847234,False,3.0438964107003805,0.08104118013685795
temporal_1,sex_blind,COMPAS tool,break_even,0.2523364485981308,African-American vs Caucasian,race,True,0.4587737843551797,False,0.5660714285714286,0.30310880829015546,560,386,0.2629626202812731,0.20142252483191775,0.32450271573062844,7.977143551477882,1.4975861633311368e-15,5.990344653324547e-15,True,64.87523107316542,7.979379433084914e-16
temporal_1,sex_blind,COMPAS tool,break_even,0.2523364485981308,Hispanic vs Caucasian,race,False,0.2931726907630522,False,0.25892857142857145,0.30310880829015546,112,386,-0.04418023686158401,-0.1373660238555261,0.04900555013235808,-0.9042689430330384,0.36585281063635655,0.36585281063635655,False,0.8321211616242143,0.36165988931191606
temporal_1,sex_blind,COMPAS tool,break_even,0.2523364485981308,Other vs Caucasian,race,False,0.28104575163398693,False,0.1643835616438356,0.30310880829015546,73,386,-0.13872524664631986,-0.23531993587261196,-0.04213055742002776,-2.418049046998864,0.015603973391698712,0.04681192017509614,True,6.389606924327694,0.011479044485975406
temporal_1,sex_blind,COMPAS tool,break_even,0.2523364485981308,Female vs Male,sex,False,0.4200351493848858,False,0.3695652173913043,0.43281938325991187,230,908,-0.06325416586860755,-0.13346755572438104,0.006959223987165947,-1.7361257970326966,0.082541593923617,0.165083187847234,False,3.0438964107003805,0.08104118013685795
temporal_2,age_blind,TabPFN,0.5,0.5,African-American vs Caucasian,race,True,0.1448087431693989,False,0.2147093712930012,0.0499194847020934,843,621,0.1647898865909078,0.1322058867770372,0.19737388640477838,8.855041190580595,8.3652914758334145e-19,3.3461165903333658e-18,True,87.81366638667797,7.192029655400494e-21
temporal_2,age_blind,TabPFN,0.5,0.5,Hispanic vs Caucasian,race,False,0.04900662251655629,False,0.04477611940298507,0.0499194847020934,134,621,-0.005143365299108325,-0.04412453273342931,0.03383780213521266,-0.2501243432967066,0.8024911909522293,0.8024911909522293,False,0.06396594284029411,0.8003339809909007
temporal_2,age_blind,TabPFN,0.5,0.5,Other vs Caucasian,race,False,0.04456824512534819,False,0.010309278350515464,0.0499194847020934,97,621,-0.039610206351577935,-0.06601946621188103,-0.013200946491274849,-1.7581824765752478,0.0787164658630789,0.1574329317261578,False,4.238617524742413,0.03951433070551818
temporal_2,age_blind,TabPFN,0.5,0.5,Female vs Male,sex,False,0.1283704572098476,False,0.0521978021978022,0.14903129657228018,364,1342,-0.09683349437447797,-0.12658474242084977,-0.06708224632810617,-4.89851594163061,9.65632055669783e-07,2.896896167009349e-06,True,28.516892617999467,9.288455034924848e-08
temporal_2,age_blind,TabPFN,break_even,0.2523364485981308,African-American vs Caucasian,race,True,0.5273224043715847,False,0.6476868327402135,0.3639291465378422,843,621,0.28375768620237135,0.23404071319711045,0.33347465920763225,10.747713043390434,6.07491588471233e-27,2.429966353884932e-26,True,116.8600726978215,3.08052400421177e-27
temporal_2,age_blind,TabPFN,break_even,0.2523364485981308,Hispanic vs Caucasian,race,False,0.35496688741721855,False,0.31343283582089554,0.3639291465378422,134,621,-0.05049631071694666,-0.1376800571234765,0.03668743568958319,-1.107897154635102,0.2679062345826796,0.4275064179381376,False,1.2461738373266726,0.26428451380633555
temporal_2,age_blind,TabPFN,break_even,0.2523364485981308,Other vs Caucasian,race,False,0.3551532033426184,False,0.29896907216494845,0.3639291465378422,97,621,-0.06496007437289375,-0.16361165395935784,0.03369150521357034,-1.2433111175351232,0.2137532089690688,0.4275064179381376,False,1.581287433688436,0.20857534650235948
temporal_2,age_blind,TabPFN,break_even,0.2523364485981308,Female vs Male,sex,False,0.4958968347010551,False,0.3598901098901099,0.5327868852459017,364,1342,-0.1728967753557918,-0.22896581147994644,-0.11682773923163714,-5.8515234454929255,4.870906026763657e-09,1.461271808029097e-08,True,34.628494304618314,3.990225107953967e-09
temporal_2,age_blind,COMPAS tool,0.5,0.5,African-American vs Caucasian,race,True,0.4180327868852459,False,0.5077105575326216,0.2962962962962963,843,621,0.21141426123632534,0.1621319459223999,0.2606965765502508,8.105296327930786,5.261711676356602e-16,2.104684670542641e-15,True,66.81163761664018,2.9872936493625835e-16
temporal_2,age_blind,COMPAS tool,0.5,0.5,Hispanic vs Caucasian,race,False,0.28874172185430463,False,0.2537313432835821,0.2962962962962963,134,621,-0.04256495301271418,-0.12452869893052576,0.0393987929050974,-0.9860715839854286,0.32409798667732304,0.32409798667732304,False,0.99225452440864,0.3191919726415705
temporal_2,age_blind,COMPAS tool,0.5,0.5,Other vs Caucasian,race,False,0.2827298050139276,False,0.1958762886597938,0.2962962962962963,97,621,-0.10042000763650247,-0.1871815334014795,-0.013658481871525435,-2.042502072746009,0.041101754030330534,0.10147565904000043,False,4.442861873152673,0.0350474505694803
temporal_2,age_blind,COMPAS tool,0.5,0.5,Female vs Male,sex,False,0.39155920281359907,False,0.3434065934065934,0.4046199701937407,364,1342,-0.06121337678714728,-0.11661336713823718,-0.0058133864360573745,-2.122149095668446,0.03382521968000014,0.10147565904000043,False,4.558861009516384,0.03274884586371702
temporal_2,age_blind,COMPAS tool,break_even,0.2523364485981308,African-American vs Caucasian,race,True,0.4180327868852459,False,0.5077105575326216,0.2962962962962963,843,621,0.21141426123632534,0.1621319459223999,0.2606965765502508,8.105296327930786,5.261711676356602e-16,2.104684670542641e-15,True,66.81163761664018,2.9872936493625835e-16
temporal_2,age_blind,COMPAS tool,break_even,0.2523364485981308,Hispanic vs Caucasian,race,False,0.28874172185430463,False,0.2537313432835821,0.2962962962962963,134,621,-0.04256495301271418,-0.12452869893052576,0.0393987929050974,-0.9860715839854286,0.32409798667732304,0.32409798667732304,False,0.99225452440864,0.3191919726415705
temporal_2,age_blind,COMPAS tool,break_even,0.2523364485981308,Other vs Caucasian,race,False,0.2827298050139276,False,0.1958762886597938,0.2962962962962963,97,621,-0.10042000763650247,-0.1871815334014795,-0.013658481871525435,-2.042502072746009,0.041101754030330534,0.10147565904000043,False,4.442861873152673,0.0350474505694803
temporal_2,age_blind,COMPAS tool,break_even,0.2523364485981308,Female vs Male,sex,False,0.39155920281359907,False,0.3434065934065934,0.4046199701937407,364,1342,-0.06121337678714728,-0.11661336713823718,-0.0058133864360573745,-2.122149095668446,0.03382521968000014,0.10147565904000043,False,4.558861009516384,0.03274884586371702
temporal_2,protected_blind,TabPFN,0.5,0.5,African-American vs Caucasian,race,True,0.14617486338797814,False,0.1981020166073547,0.07568438003220612,843,621,0.12241763657514856,0.08840821400056954,0.1564270591497276,6.552578360087416,5.655202600041216e-11,2.2620810400164865e-10,True,45.891378128403055,1.2499487008427169e-11
temporal_2,protected_blind,TabPFN,0.5,0.5,Hispanic vs Caucasian,race,False,0.0847682119205298,False,0.12686567164179105,0.07568438003220612,134,621,0.05118129160958493,-0.008887640762467577,0.11125022398163743,1.9290962905953453,0.05371890942341986,0.10743781884683971,False,3.3736360770386558,0.06624739265793292
temporal_2,protected_blind,TabPFN,0.5,0.5,Other vs Caucasian,race,False,0.06963788300835655,False,0.030927835051546393,0.07568438003220612,97,621,-0.04475654498065973,-0.08500188867086073,-0.00451120129045874,-1.610561114909942,0.10727541488420156,0.10743781884683971,False,3.1353815088167813,0.07661046065692567
temporal_2,protected_blind,TabPFN,0.5,0.5,Female vs Male,sex,False,0.13716295427901523,False,0.08516483516483517,0.1512667660208644,364,1342,-0.06610193085602922,-0.10059453406074144,-0.03160932765131701,-3.251387823701153,0.0011484308467260543,0.0034452925401781626,True,11.618810352714423,0.0006528814716402247
temporal_2,protected_blind,TabPFN,break_even,0.2523364485981308,African-American vs Caucasian,race,True,0.5710382513661202,False,0.6215895610913404,0.5024154589371981,843,621,0.11917410215414237,0.06800479094284831,0.17034341336543643,4.553329236308191,5.28035358216571e-06,2.112141432866284e-05,True,20.717411505159163,5.322978147724855e-06
temporal_2,protected_blind,TabPFN,break_even,0.2523364485981308,Hispanic vs Caucasian,race,False,0.4900662251655629,False,0.43283582089552236,0.5024154589371981,134,621,-0.06957963804167572,-0.1622296535284114,0.023070377445059964,-1.4612435712187428,0.14394860959089395,0.14394860959089395,False,2.141694906719305,0.1433434444250511
temporal_2,protected_blind,TabPFN,break_even,0.2523364485981308,Other vs Caucasian,race,False,0.4860724233983287,False,0.38144329896907214,0.5024154589371981,97,621,-0.12097215996812594,-0.2253295703277097,-0.016614749608542173,-2.2169373888585615,0.02662737034898614,0.05325474069797228,False,4.9632138812581985,0.025892042567075273
temporal_2,protected_blind,TabPFN,break_even,0.2523364485981308,Female vs Male,sex,False,0.5480656506447831,False,0.44505494505494503,0.5760059612518629,364,1342,-0.13095101619691785,-0.18844527484813312,-0.07345675754570258,-4.45238121393398,8.492322201417845e-06,2.5476966604253535e-05,True,19.745567930507505,8.846661251084868e-06
temporal_2,protected_blind,COMPAS tool,0.5,0.5,African-American vs Caucasian,race,True,0.4180327868852459,False,0.5077105575326216,0.2962962962962963,843,621,0.21141426123632534,0.1621319459223999,0.2606965765502508,8.105296327930786,5.261711676356602e-16,2.104684670542641e-15,True,66.81163761664018,2.9872936493625835e-16
temporal_2,protected_blind,COMPAS tool,0.5,0.5,Hispanic vs Caucasian,race,False,0.28874172185430463,False,0.2537313432835821,0.2962962962962963,134,621,-0.04256495301271418,-0.12452869893052576,0.0393987929050974,-0.9860715839854286,0.32409798667732304,0.32409798667732304,False,0.99225452440864,0.3191919726415705
temporal_2,protected_blind,COMPAS tool,0.5,0.5,Other vs Caucasian,race,False,0.2827298050139276,False,0.1958762886597938,0.2962962962962963,97,621,-0.10042000763650247,-0.1871815334014795,-0.013658481871525435,-2.042502072746009,0.041101754030330534,0.10147565904000043,False,4.442861873152673,0.0350474505694803
temporal_2,protected_blind,COMPAS tool,0.5,0.5,Female vs Male,sex,False,0.39155920281359907,False,0.3434065934065934,0.4046199701937407,364,1342,-0.06121337678714728,-0.11661336713823718,-0.0058133864360573745,-2.122149095668446,0.03382521968000014,0.10147565904000043,False,4.558861009516384,0.03274884586371702
temporal_2,protected_blind,COMPAS tool,break_even,0.2523364485981308,African-American vs Caucasian,race,True,0.4180327868852459,False,0.5077105575326216,0.2962962962962963,843,621,0.21141426123632534,0.1621319459223999,0.2606965765502508,8.105296327930786,5.261711676356602e-16,2.104684670542641e-15,True,66.81163761664018,2.9872936493625835e-16
temporal_2,protected_blind,COMPAS tool,break_even,0.2523364485981308,Hispanic vs Caucasian,race,False,0.28874172185430463,False,0.2537313432835821,0.2962962962962963,134,621,-0.04256495301271418,-0.12452869893052576,0.0393987929050974,-0.9860715839854286,0.32409798667732304,0.32409798667732304,False,0.99225452440864,0.3191919726415705
temporal_2,protected_blind,COMPAS tool,break_even,0.2523364485981308,Other vs Caucasian,race,False,0.2827298050139276,False,0.1958762886597938,0.2962962962962963,97,621,-0.10042000763650247,-0.1871815334014795,-0.013658481871525435,-2.042502072746009,0.041101754030330534,0.10147565904000043,False,4.442861873152673,0.0350474505694803
temporal_2,protected_blind,COMPAS tool,break_even,0.2523364485981308,Female vs Male,sex,False,0.39155920281359907,False,0.3434065934065934,0.4046199701937407,364,1342,-0.06121337678714728,-0.11661336713823718,-0.0058133864360573745,-2.122149095668446,0.03382521968000014,0.10147565904000043,False,4.558861009516384,0.03274884586371702
temporal_2,race_aware,TabPFN,0.5,0.5,African-American vs Caucasian,race,True,0.17691256830601093,False,0.2431791221826809,0.08695652173913043,843,621,0.15622260044355046,0.11975623295047252,0.1926889679366284,7.741597413746975,9.817543296752468e-15,3.927017318700987e-14,True,64.24934841762186,1.0962818801489081e-15
temporal_2,race_aware,TabPFN,0.5,0.5,Hispanic vs Caucasian,race,False,0.08874172185430464,False,0.09701492537313433,0.08695652173913043,134,621,0.010058403634003898,-0.044736676907233375,0.06485348417524117,0.37133776064550544,0.7103859763791593,0.8121791118186474,False,0.13500200775574367,0.7133011361920509
temporal_2,race_aware,TabPFN,0.5,0.5,Other vs Caucasian,race,False,0.08356545961002786,False,0.061855670103092786,0.08695652173913043,97,621,-0.025100851636037647,-0.07791426688846553,0.027712563616390247,-0.8307948085560743,0.4060895559093237,0.8121791118186474,False,0.7434017444593808,0.388573352391579
temporal_2,race_aware,TabPFN,0.5,0.5,Female vs Male,sex,False,0.16295427901524032,False,0.07692307692307693,0.18628912071535023,364,1342,-0.1093660437922733,-0.14376472991170924,-0.07496735767283735,-5.01086224625832,5.418669397049203e-07,1.625600819114761e-06,True,28.872813250658268,7.729017331601668e-08
temporal_2,race_aware,TabPFN,break_even,0.2523364485981308,African-American vs Caucasian,race,True,0.5717213114754098,False,0.6809015421115066,0.42351046698872785,843,621,0.2573910751227787,0.20738721448550893,0.30739493576004845,9.836194555144141,7.862886320575776e-23,3.1451545282303104e-22,True,97.25624704172421,6.091152697230409e-23
temporal_2,race_aware,TabPFN,break_even,0.2523364485981308,Hispanic vs Caucasian,race,False,0.4198675496688742,False,0.40298507462686567,0.42351046698872785,134,621,-0.020525392361862183,-0.11221712389456225,0.07116633917083788,-0.43661279290371663,0.662392183348165,1.0,False,0.19121885500801383,0.6619041053638903
temporal_2,race_aware,TabPFN,break_even,0.2523364485981308,Other vs Caucasian,race,False,0.4206128133704735,False,0.4020618556701031,0.42351046698872785,97,621,-0.021448611318624744,-0.12647761853149597,0.08358039589424648,-0.39796321596402395,0.6906573004987429,1.0,False,0.15894934032328978,0.6901256811646888
temporal_2,race_aware,TabPFN,break_even,0.2523364485981308,Female vs Male,sex,False,0.5474794841735052,False,0.33791208791208793,0.6043219076005961,364,1342,-0.2664098196885082,-0.321596487377959,-0.21122315199905736,-9.057004916029822,1.3408156122313346e-19,4.0224468366940037e-19,True,82.39773606622515,1.1128118885865342e-19
temporal_2,race_aware,COMPAS tool,0.5,0.5,African-American vs Caucasian,race,True,0.4180327868852459,False,0.5077105575326216,0.2962962962962963,843,621,0.21141426123632534,0.1621319459223999,0.2606965765502508,8.105296327930786,5.261711676356602e-16,2.104684670542641e-15,True,66.81163761664018,2.9872936493625835e-16
temporal_2,race_aware,COMPAS tool,0.5,0.5,Hispanic vs Caucasian,race,False,0.28874172185430463,False,0.2537313432835821,0.2962962962962963,134,621,-0.04256495301271418,-0.12452869893052576,0.0393987929050974,-0.9860715839854286,0.32409798667732304,0.32409798667732304,False,0.99225452440864,0.3191919726415705
temporal_2,race_aware,COMPAS tool,0.5,0.5,Other vs Caucasian,race,False,0.2827298050139276,False,0.1958762886597938,0.2962962962962963,97,621,-0.10042000763650247,-0.1871815334014795,-0.013658481871525435,-2.042502072746009,0.041101754030330534,0.10147565904000043,False,4.442861873152673,0.0350474505694803
temporal_2,race_aware,COMPAS tool,0.5,0.5,Female vs Male,sex,False,0.39155920281359907,False,0.3434065934065934,0.4046199701937407,364,1342,-0.06121337678714728,-0.11661336713823718,-0.0058133864360573745,-2.122149095668446,0.03382521968000014,0.10147565904000043,False,4.558861009516384,0.03274884586371702
temporal_2,race_aware,COMPAS tool,break_even,0.2523364485981308,African-American vs Caucasian,race,True,0.4180327868852459,False,0.5077105575326216,0.2962962962962963,843,621,0.21141426123632534,0.1621319459223999,0.2606965765502508,8.105296327930786,5.261711676356602e-16,2.104684670542641e-15,True,66.81163761664018,2.9872936493625835e-16
temporal_2,race_aware,COMPAS tool,break_even,0.2523364485981308,Hispanic vs Caucasian,race,False,0.28874172185430463,False,0.2537313432835821,0.2962962962962963,134,621,-0.04256495301271418,-0.12452869893052576,0.0393987929050974,-0.9860715839854286,0.32409798667732304,0.32409798667732304,False,0.99225452440864,0.3191919726415705
temporal_2,race_aware,COMPAS tool,break_even,0.2523364485981308,Other vs Caucasian,race,False,0.2827298050139276,False,0.1958762886597938,0.2962962962962963,97,621,-0.10042000763650247,-0.1871815334014795,-0.013658481871525435,-2.042502072746009,0.041101754030330534,0.10147565904000043,False,4.442861873152673,0.0350474505694803
temporal_2,race_aware,COMPAS tool,break_even,0.2523364485981308,Female vs Male,sex,False,0.39155920281359907,False,0.3434065934065934,0.4046199701937407,364,1342,-0.06121337678714728,-0.11661336713823718,-0.0058133864360573745,-2.122149095668446,0.03382521968000014,0.10147565904000043,False,4.558861009516384,0.03274884586371702
temporal_2,race_blind,TabPFN,0.5,0.5,African-American vs Caucasian,race,True,0.17486338797814208,False,0.23487544483985764,0.09339774557165861,843,621,0.14147769926819903,0.10483476255650143,0.17812063597989664,7.043113134826191,1.8799146368007865e-12,7.519658547203146e-12,True,52.701995919112875,3.881964075005266e-13
temporal_2,race_blind,TabPFN,0.5,0.5,Hispanic vs Caucasian,race,False,0.10066225165562914,False,0.13432835820895522,0.09339774557165861,134,621,0.04093061263729661,-0.021177208332088283,0.1030384336066815,1.4281645108842873,0.15324451282525076,0.3064890256505015,False,1.9051303991853388,0.1675051865714908
temporal_2,race_blind,TabPFN,0.5,0.5,Other vs Caucasian,race,False,0.0905292479108635,False,0.07216494845360824,0.09339774557165861,97,621,-0.021232797118050373,-0.07758413447618553,0.035118540240084796,-0.6777785656647033,0.4979121033681795,0.4979121033681795,False,0.48582489565934805,0.4857956577495145
temporal_2,race_blind,TabPFN,0.5,0.5,Female vs Male,sex,False,0.16471277842907386,False,0.08241758241758242,0.1870342771982116,364,1342,-0.1046166947806292,-0.13973581792549522,-0.06949757163576317,-4.772620100616284,1.8184460327122352e-06,5.455338098136706e-06,True,25.92087658938449,3.5570143315583696e-07
temporal_2,race_blind,TabPFN,break_even,0.2523364485981308,African-American vs Caucasian,race,True,0.5532786885245902,False,0.6465005931198102,0.42673107890499196,843,621,0.21976951421481827,0.16922553692294964,0.27031349150668693,8.359228374992007,6.312979845791485e-17,2.525191938316594e-16,True,70.17261995951088,5.433539713749062e-17
temporal_2,race_blind,TabPFN,break_even,0.2523364485981308,Hispanic vs Caucasian,race,False,0.42251655629139073,False,0.40298507462686567,0.42673107890499196,134,621,-0.023746004278126287,-0.11545400386579202,0.06796199530953945,-0.5046887577101977,0.6137774584555253,1.0,False,0.25559815681990106,0.6131605379539203
temporal_2,race_blind,TabPFN,break_even,0.2523364485981308,Other vs Caucasian,race,False,0.4233983286908078,False,0.4020618556701031,0.42673107890499196,97,621,-0.02466922323488885,-0.1297124329774891,0.08037398650771141,-0.45731179404975647,0.6474469537096332,1.0,False,0.2099845407104901,0.6467795211056808
temporal_2,race_blind,TabPFN,break_even,0.2523364485981308,Female vs Male,sex,False,0.5316529894490035,False,0.34615384615384615,0.5819672131147541,364,1342,-0.23581336696090793,-0.2913558604691865,-0.18027087345262938,-7.9966456011196785,1.2785455953523357e-15,3.835636786057007e-15,True,64.41426963979248,1.0082528645952761e-15
temporal_2,race_blind,COMPAS tool,0.5,0.5,African-American vs Caucasian,race,True,0.4180327868852459,False,0.5077105575326216,0.2962962962962963,843,621,0.21141426123632534,0.1621319459223999,0.2606965765502508,8.105296327930786,5.261711676356602e-16,2.104684670542641e-15,True,66.81163761664018,2.9872936493625835e-16
temporal_2,race_blind,COMPAS tool,0.5,0.5,Hispanic vs Caucasian,race,False,0.28874172185430463,False,0.2537313432835821,0.2962962962962963,134,621,-0.04256495301271418,-0.12452869893052576,0.0393987929050974,-0.9860715839854286,0.32409798667732304,0.32409798667732304,False,0.99225452440864,0.3191919726415705
temporal_2,race_blind,COMPAS tool,0.5,0.5,Other vs Caucasian,race,False,0.2827298050139276,False,0.1958762886597938,0.2962962962962963,97,621,-0.10042000763650247,-0.1871815334014795,-0.013658481871525435,-2.042502072746009,0.041101754030330534,0.10147565904000043,False,4.442861873152673,0.0350474505694803
temporal_2,race_blind,COMPAS tool,0.5,0.5,Female vs Male,sex,False,0.39155920281359907,False,0.3434065934065934,0.4046199701937407,364,1342,-0.06121337678714728,-0.11661336713823718,-0.0058133864360573745,-2.122149095668446,0.03382521968000014,0.10147565904000043,False,4.558861009516384,0.03274884586371702
temporal_2,race_blind,COMPAS tool,break_even,0.2523364485981308,African-American vs Caucasian,race,True,0.4180327868852459,False,0.5077105575326216,0.2962962962962963,843,621,0.21141426123632534,0.1621319459223999,0.2606965765502508,8.105296327930786,5.261711676356602e-16,2.104684670542641e-15,True,66.81163761664018,2.9872936493625835e-16
temporal_2,race_blind,COMPAS tool,break_even,0.2523364485981308,Hispanic vs Caucasian,race,False,0.28874172185430463,False,0.2537313432835821,0.2962962962962963,134,621,-0.04256495301271418,-0.12452869893052576,0.0393987929050974,-0.9860715839854286,0.32409798667732304,0.32409798667732304,False,0.99225452440864,0.3191919726415705
temporal_2,race_blind,COMPAS tool,break_even,0.2523364485981308,Other vs Caucasian,race,False,0.2827298050139276,False,0.1958762886597938,0.2962962962962963,97,621,-0.10042000763650247,-0.1871815334014795,-0.013658481871525435,-2.042502072746009,0.041101754030330534,0.10147565904000043,False,4.442861873152673,0.0350474505694803
temporal_2,race_blind,COMPAS tool,break_even,0.2523364485981308,Female vs Male,sex,False,0.39155920281359907,False,0.3434065934065934,0.4046199701937407,364,1342,-0.06121337678714728,-0.11661336713823718,-0.0058133864360573745,-2.122149095668446,0.03382521968000014,0.10147565904000043,False,4.558861009516384,0.03274884586371702
temporal_2,race_priors_blind,TabPFN,0.5,0.5,African-American vs Caucasian,race,True,0.0,True,0.0,0.0,843,621,0.0,,,,1.0,1.0,False,0.0,1.0
temporal_2,race_priors_blind,TabPFN,0.5,0.5,Hispanic vs Caucasian,race,False,0.0,True,0.0,0.0,134,621,0.0,,,,1.0,1.0,False,0.0,1.0
temporal_2,race_priors_blind,TabPFN,0.5,0.5,Other vs Caucasian,race,False,0.0,True,0.0,0.0,97,621,0.0,,,,1.0,1.0,False,0.0,1.0
temporal_2,race_priors_blind,TabPFN,0.5,0.5,Female vs Male,sex,False,0.0,True,0.0,0.0,364,1342,0.0,,,,1.0,1.0,False,0.0,1.0
temporal_2,race_priors_blind,TabPFN,break_even,0.2523364485981308,African-American vs Caucasian,race,True,0.7213114754098361,False,0.7852906287069988,0.6344605475040258,843,621,0.15083008120297303,0.10389421344160535,0.19776594896434072,6.361449003013967,1.9985926706756894e-10,5.995778012027068e-10,True,40.167929603862916,2.330427567814494e-10
temporal_2,race_priors_blind,TabPFN,break_even,0.2523364485981308,Hispanic vs Caucasian,race,False,0.6423841059602649,False,0.6791044776119403,0.6344605475040258,134,621,0.044643930107914453,-0.04300269721043623,0.13229055742626514,0.9778704967426032,0.3281383786945201,0.3281383786945201,False,0.9687137483631449,0.32500117594393724
temporal_2,race_priors_blind,TabPFN,break_even,0.2523364485981308,Other vs Caucasian,race,False,0.6448467966573816,False,0.711340206185567,0.6344605475040258,97,621,0.07687965868154123,-0.0209286650155331,0.17468798237861555,1.4714474278827379,0.1411701551177906,0.2823403102355812,False,2.22548211512483,0.1357502765654239
temporal_2,race_priors_blind,TabPFN,break_even,0.2523364485981308,Female vs Male,sex,False,0.7174677608440797,False,0.4725274725274725,0.7839046199701938,364,1342,-0.31137714744272127,-0.36719201705713683,-0.2555622778283057,-11.702778114124438,1.2334801062530896e-31,4.933920425012358e-31,True,126.91397038147295,1.9400360699868437e-29
temporal_2,race_priors_blind,COMPAS tool,0.5,0.5,African-American vs Caucasian,race,True,0.4180327868852459,False,0.5077105575326216,0.2962962962962963,843,621,0.21141426123632534,0.1621319459223999,0.2606965765502508,8.105296327930786,5.261711676356602e-16,2.104684670542641e-15,True,66.81163761664018,2.9872936493625835e-16
temporal_2,race_priors_blind,COMPAS tool,0.5,0.5,Hispanic vs Caucasian,race,False,0.28874172185430463,False,0.2537313432835821,0.2962962962962963,134,621,-0.04256495301271418,-0.12452869893052576,0.0393987929050974,-0.9860715839854286,0.32409798667732304,0.32409798667732304,False,0.99225452440864,0.3191919726415705
temporal_2,race_priors_blind,COMPAS tool,0.5,0.5,Other vs Caucasian,race,False,0.2827298050139276,False,0.1958762886597938,0.2962962962962963,97,621,-0.10042000763650247,-0.1871815334014795,-0.013658481871525435,-2.042502072746009,0.041101754030330534,0.10147565904000043,False,4.442861873152673,0.0350474505694803
temporal_2,race_priors_blind,COMPAS tool,0.5,0.5,Female vs Male,sex,False,0.39155920281359907,False,0.3434065934065934,0.4046199701937407,364,1342,-0.06121337678714728,-0.11661336713823718,-0.0058133864360573745,-2.122149095668446,0.03382521968000014,0.10147565904000043,False,4.558861009516384,0.03274884586371702
temporal_2,race_priors_blind,COMPAS tool,break_even,0.2523364485981308,African-American vs Caucasian,race,True,0.4180327868852459,False,0.5077105575326216,0.2962962962962963,843,621,0.21141426123632534,0.1621319459223999,0.2606965765502508,8.105296327930786,5.261711676356602e-16,2.104684670542641e-15,True,66.81163761664018,2.9872936493625835e-16
temporal_2,race_priors_blind,COMPAS tool,break_even,0.2523364485981308,Hispanic vs Caucasian,race,False,0.28874172185430463,False,0.2537313432835821,0.2962962962962963,134,621,-0.04256495301271418,-0.12452869893052576,0.0393987929050974,-0.9860715839854286,0.32409798667732304,0.32409798667732304,False,0.99225452440864,0.3191919726415705
temporal_2,race_priors_blind,COMPAS tool,break_even,0.2523364485981308,Other vs Caucasian,race,False,0.2827298050139276,False,0.1958762886597938,0.2962962962962963,97,621,-0.10042000763650247,-0.1871815334014795,-0.013658481871525435,-2.042502072746009,0.041101754030330534,0.10147565904000043,False,4.442861873152673,0.0350474505694803
temporal_2,race_priors_blind,COMPAS tool,break_even,0.2523364485981308,Female vs Male,sex,False,0.39155920281359907,False,0.3434065934065934,0.4046199701937407,364,1342,-0.06121337678714728,-0.11661336713823718,-0.0058133864360573745,-2.122149095668446,0.03382521968000014,0.10147565904000043,False,4.558861009516384,0.03274884586371702
temporal_2,race_proxy_blind,TabPFN,0.5,0.5,African-American vs Caucasian,race,True,0.0,True,0.0,0.0,843,621,0.0,,,,1.0,1.0,False,0.0,1.0
temporal_2,race_proxy_blind,TabPFN,0.5,0.5,Hispanic vs Caucasian,race,False,0.0,True,0.0,0.0,134,621,0.0,,,,1.0,1.0,False,0.0,1.0
temporal_2,race_proxy_blind,TabPFN,0.5,0.5,Other vs Caucasian,race,False,0.0,True,0.0,0.0,97,621,0.0,,,,1.0,1.0,False,0.0,1.0
temporal_2,race_proxy_blind,TabPFN,0.5,0.5,Female vs Male,sex,False,0.0,True,0.0,0.0,364,1342,0.0,,,,1.0,1.0,False,0.0,1.0
temporal_2,race_proxy_blind,TabPFN,break_even,0.2523364485981308,African-American vs Caucasian,race,True,0.7868852459016393,False,0.7983392645314353,0.7713365539452496,843,621,0.027002710586185752,-0.01571358702641209,0.0697190081987836,1.2469066780893792,0.21243171780972625,0.6372951534291788,False,1.5483901364744135,0.2133732577557647
temporal_2,race_proxy_blind,TabPFN,break_even,0.2523364485981308,Hispanic vs Caucasian,race,False,0.7735099337748345,False,0.7835820895522388,0.7713365539452496,134,621,0.012245535606989266,-0.06490715695418672,0.08939822816816526,0.3071460834360865,0.7587321823084776,1.0,False,0.09513530123378278,0.7577474655814488
temporal_2,race_proxy_blind,TabPFN,break_even,0.2523364485981308,Other vs Caucasian,race,False,0.7743732590529248,False,0.7938144329896907,0.7713365539452496,97,621,0.022477879044441096,-0.06454477386775906,0.10950053195664125,0.4925545283860586,0.6223273841727671,1.0,False,0.24699432631481066,0.6191994616352101
temporal_2,race_proxy_blind,TabPFN,break_even,0.2523364485981308,Female vs Male,sex,False,0.7866354044548651,False,0.0,1.0,364,1342,-1.0,,,,,,False,1768.7143442177085,0.0
temporal_2,race_proxy_blind,COMPAS tool,0.5,0.5,African-American vs Caucasian,race,True,0.4180327868852459,False,0.5077105575326216,0.2962962962962963,843,621,0.21141426123632534,0.1621319459223999,0.2606965765502508,8.105296327930786,5.261711676356602e-16,2.104684670542641e-15,True,66.81163761664018,2.9872936493625835e-16
temporal_2,race_proxy_blind,COMPAS tool,0.5,0.5,Hispanic vs Caucasian,race,False,0.28874172185430463,False,0.2537313432835821,0.2962962962962963,134,621,-0.04256495301271418,-0.12452869893052576,0.0393987929050974,-0.9860715839854286,0.32409798667732304,0.32409798667732304,False,0.99225452440864,0.3191919726415705
temporal_2,race_proxy_blind,COMPAS tool,0.5,0.5,Other vs Caucasian,race,False,0.2827298050139276,False,0.1958762886597938,0.2962962962962963,97,621,-0.10042000763650247,-0.1871815334014795,-0.013658481871525435,-2.042502072746009,0.041101754030330534,0.10147565904000043,False,4.442861873152673,0.0350474505694803
temporal_2,race_proxy_blind,COMPAS tool,0.5,0.5,Female vs Male,sex,False,0.39155920281359907,False,0.3434065934065934,0.4046199701937407,364,1342,-0.06121337678714728,-0.11661336713823718,-0.0058133864360573745,-2.122149095668446,0.03382521968000014,0.10147565904000043,False,4.558861009516384,0.03274884586371702
temporal_2,race_proxy_blind,COMPAS tool,break_even,0.2523364485981308,African-American vs Caucasian,race,True,0.4180327868852459,False,0.5077105575326216,0.2962962962962963,843,621,0.21141426123632534,0.1621319459223999,0.2606965765502508,8.105296327930786,5.261711676356602e-16,2.104684670542641e-15,True,66.81163761664018,2.9872936493625835e-16
temporal_2,race_proxy_blind,COMPAS tool,break_even,0.2523364485981308,Hispanic vs Caucasian,race,False,0.28874172185430463,False,0.2537313432835821,0.2962962962962963,134,621,-0.04256495301271418,-0.12452869893052576,0.0393987929050974,-0.9860715839854286,0.32409798667732304,0.32409798667732304,False,0.99225452440864,0.3191919726415705
temporal_2,race_proxy_blind,COMPAS tool,break_even,0.2523364485981308,Other vs Caucasian,race,False,0.2827298050139276,False,0.1958762886597938,0.2962962962962963,97,621,-0.10042000763650247,-0.1871815334014795,-0.013658481871525435,-2.042502072746009,0.041101754030330534,0.10147565904000043,False,4.442861873152673,0.0350474505694803
temporal_2,race_proxy_blind,COMPAS tool,break_even,0.2523364485981308,Female vs Male,sex,False,0.39155920281359907,False,0.3434065934065934,0.4046199701937407,364,1342,-0.06121337678714728,-0.11661336713823718,-0.0058133864360573745,-2.122149095668446,0.03382521968000014,0.10147565904000043,False,4.558861009516384,0.03274884586371702
temporal_2,sex_blind,TabPFN,0.5,0.5,African-American vs Caucasian,race,True,0.18032786885245902,False,0.2514827995255042,0.08373590982286634,843,621,0.16774688970263785,0.13124489560826183,0.20424888379701386,8.250723167725036,1.5743887360331867e-16,6.297554944132747e-16,True,73.4131220380337,1.051646171743007e-17
temporal_2,sex_blind,TabPFN,0.5,0.5,Hispanic vs Caucasian,race,False,0.08874172185430464,False,0.11194029850746269,0.08373590982286634,134,621,0.02820438868459635,-0.029453629228076435,0.08586240659726913,1.0412541508184003,0.29775760968595555,0.550887438937083,False,1.025457384975308,0.31122799052291383
temporal_2,sex_blind,TabPFN,0.5,0.5,Other vs Caucasian,race,False,0.07938718662952646,False,0.05154639175257732,0.08373590982286634,97,621,-0.032189518070289025,-0.08128900148608631,0.016909965345508267,-1.0906118354685135,0.2754437194685415,0.550887438937083,False,1.3215048147425872,0.25032216198668505
temporal_2,sex_blind,TabPFN,0.5,0.5,Female vs Male,sex,False,0.16647127784290738,False,0.1043956043956044,0.18330849478390462,364,1342,-0.07891289038830022,-0.11653271795748543,-0.041293062819115024,-3.5847217076070557,0.0003374378161139727,0.001012313448341918,True,14.040810315712811,0.00017888584532038722
temporal_2,sex_blind,TabPFN,break_even,0.2523364485981308,African-American vs Caucasian,race,True,0.5846994535519126,False,0.6844602609727165,0.4492753623188406,843,621,0.23518489865387593,0.1850377504497918,0.28533204685796004,9.02507637468189,1.7957006818384703e-19,7.182802727353881e-19,True,81.67798440956435,1.6016777131268627e-19
temporal_2,sex_blind,TabPFN,break_even,0.2523364485981308,Hispanic vs Caucasian,race,False,0.4423841059602649,False,0.41044776119402987,0.4492753623188406,134,621,-0.03882760112481071,-0.13084696141478913,0.05319175916516772,-0.8207255492185158,0.41180261440964006,0.8236052288192801,False,0.6766314213065794,0.41074910103924256
temporal_2,sex_blind,TabPFN,break_even,0.2523364485981308,Other vs Caucasian,race,False,0.45264623955431754,False,0.4742268041237113,0.4492753623188406,97,621,0.024951441804870744,-0.08184240344063619,0.1317452870503777,0.45914681896553017,0.6461287373932538,0.8236052288192801,False,0.21038554066626425,0.6464653889140145
temporal_2,sex_blind,TabPFN,break_even,0.2523364485981308,Female vs Male,sex,False,0.5638921453692849,False,0.49725274725274726,0.5819672131147541,364,1342,-0.08471446586200682,-0.1424611101732056,-0.026967821550808048,-2.890680123683258,0.0038440917025802813,0.011532275107740844,True,8.306578609491972,0.003950173334190027
temporal_2,sex_blind,COMPAS tool,0.5,0.5,African-American vs Caucasian,race,True,0.4180327868852459,False,0.5077105575326216,0.2962962962962963,843,621,0.21141426123632534,0.1621319459223999,0.2606965765502508,8.105296327930786,5.261711676356602e-16,2.104684670542641e-15,True,66.81163761664018,2.9872936493625835e-16
temporal_2,sex_blind,COMPAS tool,0.5,0.5,Hispanic vs Caucasian,race,False,0.28874172185430463,False,0.2537313432835821,0.2962962962962963,134,621,-0.04256495301271418,-0.12452869893052576,0.0393987929050974,-0.9860715839854286,0.32409798667732304,0.32409798667732304,False,0.99225452440864,0.3191919726415705
temporal_2,sex_blind,COMPAS tool,0.5,0.5,Other vs Caucasian,race,False,0.2827298050139276,False,0.1958762886597938,0.2962962962962963,97,621,-0.10042000763650247,-0.1871815334014795,-0.013658481871525435,-2.042502072746009,0.041101754030330534,0.10147565904000043,False,4.442861873152673,0.0350474505694803
temporal_2,sex_blind,COMPAS tool,0.5,0.5,Female vs Male,sex,False,0.39155920281359907,False,0.3434065934065934,0.4046199701937407,364,1342,-0.06121337678714728,-0.11661336713823718,-0.0058133864360573745,-2.122149095668446,0.03382521968000014,0.10147565904000043,False,4.558861009516384,0.03274884586371702
temporal_2,sex_blind,COMPAS tool,break_even,0.2523364485981308,African-American vs Caucasian,race,True,0.4180327868852459,False,0.5077105575326216,0.2962962962962963,843,621,0.21141426123632534,0.1621319459223999,0.2606965765502508,8.105296327930786,5.261711676356602e-16,2.104684670542641e-15,True,66.81163761664018,2.9872936493625835e-16
temporal_2,sex_blind,COMPAS tool,break_even,0.2523364485981308,Hispanic vs Caucasian,race,False,0.28874172185430463,False,0.2537313432835821,0.2962962962962963,134,621,-0.04256495301271418,-0.12452869893052576,0.0393987929050974,-0.9860715839854286,0.32409798667732304,0.32409798667732304,False,0.99225452440864,0.3191919726415705
temporal_2,sex_blind,COMPAS tool,break_even,0.2523364485981308,Other vs Caucasian,race,False,0.2827298050139276,False,0.1958762886597938,0.2962962962962963,97,621,-0.10042000763650247,-0.1871815334014795,-0.013658481871525435,-2.042502072746009,0.041101754030330534,0.10147565904000043,False,4.442861873152673,0.0350474505694803
temporal_2,sex_blind,COMPAS tool,break_even,0.2523364485981308,Female vs Male,sex,False,0.39155920281359907,False,0.3434065934065934,0.4046199701937407,364,1342,-0.06121337678714728,-0.11661336713823718,-0.0058133864360573745,-2.122149095668446,0.03382521968000014,0.10147565904000043,False,4.558861009516384,0.03274884586371702
